<?xml version="1.0" encoding="UTF-8"?>
<gpx version="1.1" creator="Diary FIT converter" xmlns="http://www.topografix.com/GPX/1/1">
  <trk><name>Cycling</name><trkseg>
    <trkpt lat="50.9550952" lon="6.9094865">
      <time>2020-06-15T09:54:02Z</time>
    </trkpt>
    <trkpt lat="50.9550207" lon="6.9095645">
      <time>2020-06-15T09:54:04Z</time>
    </trkpt>
    <trkpt lat="50.9549976" lon="6.9097351">
      <time>2020-06-15T09:54:06Z</time>
    </trkpt>
    <trkpt lat="50.9549718" lon="6.9099236">
      <time>2020-06-15T09:54:09Z</time>
    </trkpt>
    <trkpt lat="50.9549677" lon="6.9099432">
      <time>2020-06-15T09:54:10Z</time>
    </trkpt>
    <trkpt lat="50.9549465" lon="6.9099411">
      <time>2020-06-15T09:54:12Z</time>
    </trkpt>
    <trkpt lat="50.9549198" lon="6.9099427">
      <time>2020-06-15T09:54:15Z</time>
    </trkpt>
    <trkpt lat="50.9549036" lon="6.9099545">
      <time>2020-06-15T09:54:16Z</time>
    </trkpt>
    <trkpt lat="50.9548201" lon="6.9100864">
      <time>2020-06-15T09:54:20Z</time>
    </trkpt>
    <trkpt lat="50.9547131" lon="6.9103214">
      <time>2020-06-15T09:54:24Z</time>
    </trkpt>
    <trkpt lat="50.9545607" lon="6.9105867">
      <time>2020-06-15T09:54:29Z</time>
    </trkpt>
    <trkpt lat="50.9545197" lon="6.9106419">
      <time>2020-06-15T09:54:30Z</time>
    </trkpt>
    <trkpt lat="50.9544950" lon="6.9107093">
      <time>2020-06-15T09:54:31Z</time>
    </trkpt>
    <trkpt lat="50.9543914" lon="6.9109016">
      <time>2020-06-15T09:54:34Z</time>
    </trkpt>
    <trkpt lat="50.9543624" lon="6.9109580">
      <time>2020-06-15T09:54:35Z</time>
    </trkpt>
    <trkpt lat="50.9542747" lon="6.9110664">
      <time>2020-06-15T09:54:37Z</time>
    </trkpt>
    <trkpt lat="50.9541700" lon="6.9111660">
      <time>2020-06-15T09:54:39Z</time>
    </trkpt>
    <trkpt lat="50.9540710" lon="6.9113098">
      <time>2020-06-15T09:54:41Z</time>
    </trkpt>
    <trkpt lat="50.9538389" lon="6.9116333">
      <time>2020-06-15T09:54:45Z</time>
    </trkpt>
    <trkpt lat="50.9537288" lon="6.9117841">
      <time>2020-06-15T09:54:47Z</time>
    </trkpt>
    <trkpt lat="50.9535200" lon="6.9120984">
      <time>2020-06-15T09:54:51Z</time>
    </trkpt>
    <trkpt lat="50.9533114" lon="6.9123970">
      <time>2020-06-15T09:54:55Z</time>
    </trkpt>
    <trkpt lat="50.9532231" lon="6.9125550">
      <time>2020-06-15T09:54:57Z</time>
    </trkpt>
    <trkpt lat="50.9529071" lon="6.9129574">
      <time>2020-06-15T09:55:03Z</time>
    </trkpt>
    <trkpt lat="50.9528021" lon="6.9130710">
      <time>2020-06-15T09:55:05Z</time>
    </trkpt>
    <trkpt lat="50.9525090" lon="6.9134484">
      <time>2020-06-15T09:55:11Z</time>
    </trkpt>
    <trkpt lat="50.9523677" lon="6.9136217">
      <time>2020-06-15T09:55:14Z</time>
    </trkpt>
    <trkpt lat="50.9522975" lon="6.9137620">
      <time>2020-06-15T09:55:16Z</time>
    </trkpt>
    <trkpt lat="50.9520293" lon="6.9141608">
      <time>2020-06-15T09:55:22Z</time>
    </trkpt>
    <trkpt lat="50.9516806" lon="6.9145863">
      <time>2020-06-15T09:55:29Z</time>
    </trkpt>
    <trkpt lat="50.9516407" lon="6.9146494">
      <time>2020-06-15T09:55:30Z</time>
    </trkpt>
    <trkpt lat="50.9513745" lon="6.9151336">
      <time>2020-06-15T09:55:37Z</time>
    </trkpt>
    <trkpt lat="50.9513440" lon="6.9151953">
      <time>2020-06-15T09:55:38Z</time>
    </trkpt>
    <trkpt lat="50.9513036" lon="6.9152704">
      <time>2020-06-15T09:55:39Z</time>
    </trkpt>
    <trkpt lat="50.9510738" lon="6.9157212">
      <time>2020-06-15T09:55:45Z</time>
    </trkpt>
    <trkpt lat="50.9509768" lon="6.9158494">
      <time>2020-06-15T09:55:47Z</time>
    </trkpt>
    <trkpt lat="50.9508366" lon="6.9160614">
      <time>2020-06-15T09:55:50Z</time>
    </trkpt>
    <trkpt lat="50.9507588" lon="6.9162101">
      <time>2020-06-15T09:55:52Z</time>
    </trkpt>
    <trkpt lat="50.9506585" lon="6.9163308">
      <time>2020-06-15T09:55:54Z</time>
    </trkpt>
    <trkpt lat="50.9506184" lon="6.9163986">
      <time>2020-06-15T09:55:55Z</time>
    </trkpt>
    <trkpt lat="50.9505786" lon="6.9164728">
      <time>2020-06-15T09:55:56Z</time>
    </trkpt>
    <trkpt lat="50.9504640" lon="6.9165725">
      <time>2020-06-15T09:55:58Z</time>
    </trkpt>
    <trkpt lat="50.9503158" lon="6.9165729">
      <time>2020-06-15T09:56:00Z</time>
    </trkpt>
    <trkpt lat="50.9501988" lon="6.9164841">
      <time>2020-06-15T09:56:02Z</time>
    </trkpt>
    <trkpt lat="50.9501479" lon="6.9164359">
      <time>2020-06-15T09:56:03Z</time>
    </trkpt>
    <trkpt lat="50.9500245" lon="6.9162943">
      <time>2020-06-15T09:56:06Z</time>
    </trkpt>
    <trkpt lat="50.9499240" lon="6.9161231">
      <time>2020-06-15T09:56:08Z</time>
    </trkpt>
    <trkpt lat="50.9497169" lon="6.9159198">
      <time>2020-06-15T09:56:12Z</time>
    </trkpt>
    <trkpt lat="50.9495436" lon="6.9157566">
      <time>2020-06-15T09:56:15Z</time>
    </trkpt>
    <trkpt lat="50.9494489" lon="6.9156392">
      <time>2020-06-15T09:56:17Z</time>
    </trkpt>
    <trkpt lat="50.9492367" lon="6.9153518">
      <time>2020-06-15T09:56:22Z</time>
    </trkpt>
    <trkpt lat="50.9490771" lon="6.9151497">
      <time>2020-06-15T09:56:25Z</time>
    </trkpt>
    <trkpt lat="50.9489269" lon="6.9149349">
      <time>2020-06-15T09:56:29Z</time>
    </trkpt>
    <trkpt lat="50.9488263" lon="6.9148086">
      <time>2020-06-15T09:56:33Z</time>
    </trkpt>
    <trkpt lat="50.9488155" lon="6.9147939">
      <time>2020-06-15T09:56:34Z</time>
    </trkpt>
    <trkpt lat="50.9487552" lon="6.9147349">
      <time>2020-06-15T09:56:39Z</time>
    </trkpt>
    <trkpt lat="50.9485731" lon="6.9146089">
      <time>2020-06-15T09:56:43Z</time>
    </trkpt>
    <trkpt lat="50.9482648" lon="6.9143981">
      <time>2020-06-15T09:56:49Z</time>
    </trkpt>
    <trkpt lat="50.9480552" lon="6.9142340">
      <time>2020-06-15T09:56:52Z</time>
    </trkpt>
    <trkpt lat="50.9479301" lon="6.9141380">
      <time>2020-06-15T09:56:54Z</time>
    </trkpt>
    <trkpt lat="50.9478686" lon="6.9140992">
      <time>2020-06-15T09:56:55Z</time>
    </trkpt>
    <trkpt lat="50.9477621" lon="6.9140444">
      <time>2020-06-15T09:56:57Z</time>
    </trkpt>
    <trkpt lat="50.9477088" lon="6.9140225">
      <time>2020-06-15T09:56:58Z</time>
    </trkpt>
    <trkpt lat="50.9474594" lon="6.9137494">
      <time>2020-06-15T09:57:02Z</time>
    </trkpt>
    <trkpt lat="50.9473219" lon="6.9136714">
      <time>2020-06-15T09:57:05Z</time>
    </trkpt>
    <trkpt lat="50.9472557" lon="6.9136215">
      <time>2020-06-15T09:57:06Z</time>
    </trkpt>
    <trkpt lat="50.9471353" lon="6.9135373">
      <time>2020-06-15T09:57:08Z</time>
    </trkpt>
    <trkpt lat="50.9470407" lon="6.9134854">
      <time>2020-06-15T09:57:10Z</time>
    </trkpt>
    <trkpt lat="50.9469280" lon="6.9134027">
      <time>2020-06-15T09:57:12Z</time>
    </trkpt>
    <trkpt lat="50.9467007" lon="6.9132408">
      <time>2020-06-15T09:57:15Z</time>
    </trkpt>
    <trkpt lat="50.9466412" lon="6.9132085">
      <time>2020-06-15T09:57:16Z</time>
    </trkpt>
    <trkpt lat="50.9465151" lon="6.9131538">
      <time>2020-06-15T09:57:18Z</time>
    </trkpt>
    <trkpt lat="50.9460986" lon="6.9129969">
      <time>2020-06-15T09:57:25Z</time>
    </trkpt>
    <trkpt lat="50.9459279" lon="6.9129472">
      <time>2020-06-15T09:57:28Z</time>
    </trkpt>
    <trkpt lat="50.9457752" lon="6.9128824">
      <time>2020-06-15T09:57:30Z</time>
    </trkpt>
    <trkpt lat="50.9457130" lon="6.9128671">
      <time>2020-06-15T09:57:31Z</time>
    </trkpt>
    <trkpt lat="50.9454982" lon="6.9128098">
      <time>2020-06-15T09:57:34Z</time>
    </trkpt>
    <trkpt lat="50.9454350" lon="6.9128249">
      <time>2020-06-15T09:57:35Z</time>
    </trkpt>
    <trkpt lat="50.9453727" lon="6.9128495">
      <time>2020-06-15T09:57:36Z</time>
    </trkpt>
    <trkpt lat="50.9452997" lon="6.9128517">
      <time>2020-06-15T09:57:37Z</time>
    </trkpt>
    <trkpt lat="50.9451559" lon="6.9128501">
      <time>2020-06-15T09:57:39Z</time>
    </trkpt>
    <trkpt lat="50.9450065" lon="6.9127966">
      <time>2020-06-15T09:57:41Z</time>
    </trkpt>
    <trkpt lat="50.9447621" lon="6.9127167">
      <time>2020-06-15T09:57:44Z</time>
    </trkpt>
    <trkpt lat="50.9444444" lon="6.9126933">
      <time>2020-06-15T09:57:48Z</time>
    </trkpt>
    <trkpt lat="50.9442804" lon="6.9126716">
      <time>2020-06-15T09:57:50Z</time>
    </trkpt>
    <trkpt lat="50.9441493" lon="6.9126736">
      <time>2020-06-15T09:57:52Z</time>
    </trkpt>
    <trkpt lat="50.9440843" lon="6.9126825">
      <time>2020-06-15T09:57:53Z</time>
    </trkpt>
    <trkpt lat="50.9439402" lon="6.9126882">
      <time>2020-06-15T09:57:55Z</time>
    </trkpt>
    <trkpt lat="50.9437180" lon="6.9126933">
      <time>2020-06-15T09:57:58Z</time>
    </trkpt>
    <trkpt lat="50.9436461" lon="6.9127111">
      <time>2020-06-15T09:57:59Z</time>
    </trkpt>
    <trkpt lat="50.9435727" lon="6.9127249">
      <time>2020-06-15T09:58:00Z</time>
    </trkpt>
    <trkpt lat="50.9434125" lon="6.9127522">
      <time>2020-06-15T09:58:02Z</time>
    </trkpt>
    <trkpt lat="50.9433353" lon="6.9127825">
      <time>2020-06-15T09:58:03Z</time>
    </trkpt>
    <trkpt lat="50.9432119" lon="6.9128223">
      <time>2020-06-15T09:58:05Z</time>
    </trkpt>
    <trkpt lat="50.9430578" lon="6.9127876">
      <time>2020-06-15T09:58:07Z</time>
    </trkpt>
    <trkpt lat="50.9427586" lon="6.9127126">
      <time>2020-06-15T09:58:11Z</time>
    </trkpt>
    <trkpt lat="50.9426160" lon="6.9127078">
      <time>2020-06-15T09:58:13Z</time>
    </trkpt>
    <trkpt lat="50.9424821" lon="6.9126899">
      <time>2020-06-15T09:58:15Z</time>
    </trkpt>
    <trkpt lat="50.9422396" lon="6.9126660">
      <time>2020-06-15T09:58:19Z</time>
    </trkpt>
    <trkpt lat="50.9421757" lon="6.9126620">
      <time>2020-06-15T09:58:20Z</time>
    </trkpt>
    <trkpt lat="50.9418390" lon="6.9124942">
      <time>2020-06-15T09:58:25Z</time>
    </trkpt>
    <trkpt lat="50.9415396" lon="6.9122888">
      <time>2020-06-15T09:58:30Z</time>
    </trkpt>
    <trkpt lat="50.9414212" lon="6.9121800">
      <time>2020-06-15T09:58:32Z</time>
    </trkpt>
    <trkpt lat="50.9412982" lon="6.9120693">
      <time>2020-06-15T09:58:34Z</time>
    </trkpt>
    <trkpt lat="50.9411289" lon="6.9119218">
      <time>2020-06-15T09:58:37Z</time>
    </trkpt>
    <trkpt lat="50.9408708" lon="6.9116691">
      <time>2020-06-15T09:58:42Z</time>
    </trkpt>
    <trkpt lat="50.9408154" lon="6.9116148">
      <time>2020-06-15T09:58:43Z</time>
    </trkpt>
    <trkpt lat="50.9404843" lon="6.9113079">
      <time>2020-06-15T09:58:49Z</time>
    </trkpt>
    <trkpt lat="50.9403767" lon="6.9112162">
      <time>2020-06-15T09:58:51Z</time>
    </trkpt>
    <trkpt lat="50.9401011" lon="6.9109779">
      <time>2020-06-15T09:58:56Z</time>
    </trkpt>
    <trkpt lat="50.9399611" lon="6.9108518">
      <time>2020-06-15T09:59:00Z</time>
    </trkpt>
    <trkpt lat="50.9398726" lon="6.9107705">
      <time>2020-06-15T09:59:04Z</time>
    </trkpt>
    <trkpt lat="50.9398733" lon="6.9107618">
      <time>2020-06-15T09:59:05Z</time>
    </trkpt>
    <trkpt lat="50.9398704" lon="6.9107564">
      <time>2020-06-15T09:59:07Z</time>
    </trkpt>
    <trkpt lat="50.9398704" lon="6.9107564">
      <time>2020-06-15T09:59:09Z</time>
    </trkpt>
    <trkpt lat="50.9398722" lon="6.9107574">
      <time>2020-06-15T09:59:11Z</time>
    </trkpt>
    <trkpt lat="50.9398704" lon="6.9107534">
      <time>2020-06-15T09:59:17Z</time>
    </trkpt>
    <trkpt lat="50.9398704" lon="6.9107534">
      <time>2020-06-15T09:59:19Z</time>
    </trkpt>
    <trkpt lat="50.9398656" lon="6.9107522">
      <time>2020-06-15T09:59:25Z</time>
    </trkpt>
    <trkpt lat="50.9398653" lon="6.9107524">
      <time>2020-06-15T09:59:27Z</time>
    </trkpt>
    <trkpt lat="50.9398763" lon="6.9107627">
      <time>2020-06-15T09:59:28Z</time>
    </trkpt>
    <trkpt lat="50.9398778" lon="6.9107674">
      <time>2020-06-15T09:59:31Z</time>
    </trkpt>
    <trkpt lat="50.9398415" lon="6.9107144">
      <time>2020-06-15T09:59:38Z</time>
    </trkpt>
    <trkpt lat="50.9397012" lon="6.9106091">
      <time>2020-06-15T09:59:41Z</time>
    </trkpt>
    <trkpt lat="50.9396517" lon="6.9105690">
      <time>2020-06-15T09:59:42Z</time>
    </trkpt>
    <trkpt lat="50.9394473" lon="6.9103597">
      <time>2020-06-15T09:59:46Z</time>
    </trkpt>
    <trkpt lat="50.9391882" lon="6.9100645">
      <time>2020-06-15T09:59:51Z</time>
    </trkpt>
    <trkpt lat="50.9391438" lon="6.9100208">
      <time>2020-06-15T09:59:52Z</time>
    </trkpt>
    <trkpt lat="50.9390989" lon="6.9099796">
      <time>2020-06-15T09:59:53Z</time>
    </trkpt>
    <trkpt lat="50.9387758" lon="6.9096633">
      <time>2020-06-15T09:59:59Z</time>
    </trkpt>
    <trkpt lat="50.9385123" lon="6.9094112">
      <time>2020-06-15T10:00:04Z</time>
    </trkpt>
    <trkpt lat="50.9383870" lon="6.9093105">
      <time>2020-06-15T10:00:07Z</time>
    </trkpt>
    <trkpt lat="50.9383522" lon="6.9093088">
      <time>2020-06-15T10:00:08Z</time>
    </trkpt>
    <trkpt lat="50.9381253" lon="6.9089118">
      <time>2020-06-15T10:00:13Z</time>
    </trkpt>
    <trkpt lat="50.9380519" lon="6.9087430">
      <time>2020-06-15T10:00:15Z</time>
    </trkpt>
    <trkpt lat="50.9378813" lon="6.9085718">
      <time>2020-06-15T10:00:18Z</time>
    </trkpt>
    <trkpt lat="50.9377156" lon="6.9084579">
      <time>2020-06-15T10:00:21Z</time>
    </trkpt>
    <trkpt lat="50.9376612" lon="6.9084363">
      <time>2020-06-15T10:00:22Z</time>
    </trkpt>
    <trkpt lat="50.9374225" lon="6.9083571">
      <time>2020-06-15T10:00:27Z</time>
    </trkpt>
    <trkpt lat="50.9372940" lon="6.9083156">
      <time>2020-06-15T10:00:30Z</time>
    </trkpt>
    <trkpt lat="50.9372639" lon="6.9083049">
      <time>2020-06-15T10:00:31Z</time>
    </trkpt>
    <trkpt lat="50.9372169" lon="6.9083005">
      <time>2020-06-15T10:00:33Z</time>
    </trkpt>
    <trkpt lat="50.9372026" lon="6.9083205">
      <time>2020-06-15T10:00:34Z</time>
    </trkpt>
    <trkpt lat="50.9371836" lon="6.9083298">
      <time>2020-06-15T10:00:35Z</time>
    </trkpt>
    <trkpt lat="50.9371196" lon="6.9083156">
      <time>2020-06-15T10:00:39Z</time>
    </trkpt>
    <trkpt lat="50.9370807" lon="6.9083201">
      <time>2020-06-15T10:00:43Z</time>
    </trkpt>
    <trkpt lat="50.9370634" lon="6.9082951">
      <time>2020-06-15T10:00:44Z</time>
    </trkpt>
    <trkpt lat="50.9369050" lon="6.9082198">
      <time>2020-06-15T10:00:48Z</time>
    </trkpt>
    <trkpt lat="50.9368589" lon="6.9082001">
      <time>2020-06-15T10:00:49Z</time>
    </trkpt>
    <trkpt lat="50.9366892" lon="6.9081354">
      <time>2020-06-15T10:00:52Z</time>
    </trkpt>
    <trkpt lat="50.9363804" lon="6.9080340">
      <time>2020-06-15T10:00:57Z</time>
    </trkpt>
    <trkpt lat="50.9361874" lon="6.9079814">
      <time>2020-06-15T10:01:00Z</time>
    </trkpt>
    <trkpt lat="50.9357832" lon="6.9078345">
      <time>2020-06-15T10:01:07Z</time>
    </trkpt>
    <trkpt lat="50.9355572" lon="6.9077986">
      <time>2020-06-15T10:01:11Z</time>
    </trkpt>
    <trkpt lat="50.9354379" lon="6.9077834">
      <time>2020-06-15T10:01:13Z</time>
    </trkpt>
    <trkpt lat="50.9351585" lon="6.9077430">
      <time>2020-06-15T10:01:18Z</time>
    </trkpt>
    <trkpt lat="50.9349830" lon="6.9077238">
      <time>2020-06-15T10:01:21Z</time>
    </trkpt>
    <trkpt lat="50.9346686" lon="6.9076976">
      <time>2020-06-15T10:01:26Z</time>
    </trkpt>
    <trkpt lat="50.9344991" lon="6.9077100">
      <time>2020-06-15T10:01:29Z</time>
    </trkpt>
    <trkpt lat="50.9341267" lon="6.9076518">
      <time>2020-06-15T10:01:35Z</time>
    </trkpt>
    <trkpt lat="50.9337354" lon="6.9076686">
      <time>2020-06-15T10:01:42Z</time>
    </trkpt>
    <trkpt lat="50.9332995" lon="6.9076089">
      <time>2020-06-15T10:01:49Z</time>
    </trkpt>
    <trkpt lat="50.9329935" lon="6.9075896">
      <time>2020-06-15T10:01:54Z</time>
    </trkpt>
    <trkpt lat="50.9329329" lon="6.9075965">
      <time>2020-06-15T10:01:55Z</time>
    </trkpt>
    <trkpt lat="50.9327769" lon="6.9076168">
      <time>2020-06-15T10:01:58Z</time>
    </trkpt>
    <trkpt lat="50.9325845" lon="6.9076028">
      <time>2020-06-15T10:02:01Z</time>
    </trkpt>
    <trkpt lat="50.9324694" lon="6.9075676">
      <time>2020-06-15T10:02:03Z</time>
    </trkpt>
    <trkpt lat="50.9321280" lon="6.9075811">
      <time>2020-06-15T10:02:09Z</time>
    </trkpt>
    <trkpt lat="50.9318085" lon="6.9075909">
      <time>2020-06-15T10:02:14Z</time>
    </trkpt>
    <trkpt lat="50.9316357" lon="6.9076118">
      <time>2020-06-15T10:02:17Z</time>
    </trkpt>
    <trkpt lat="50.9315161" lon="6.9076142">
      <time>2020-06-15T10:02:19Z</time>
    </trkpt>
    <trkpt lat="50.9313560" lon="6.9076570">
      <time>2020-06-15T10:02:22Z</time>
    </trkpt>
    <trkpt lat="50.9312488" lon="6.9076974">
      <time>2020-06-15T10:02:24Z</time>
    </trkpt>
    <trkpt lat="50.9311385" lon="6.9077199">
      <time>2020-06-15T10:02:26Z</time>
    </trkpt>
    <trkpt lat="50.9308584" lon="6.9077479">
      <time>2020-06-15T10:02:31Z</time>
    </trkpt>
    <trkpt lat="50.9307412" lon="6.9077697">
      <time>2020-06-15T10:02:33Z</time>
    </trkpt>
    <trkpt lat="50.9304616" lon="6.9078600">
      <time>2020-06-15T10:02:38Z</time>
    </trkpt>
    <trkpt lat="50.9302951" lon="6.9078890">
      <time>2020-06-15T10:02:41Z</time>
    </trkpt>
    <trkpt lat="50.9301268" lon="6.9079328">
      <time>2020-06-15T10:02:44Z</time>
    </trkpt>
    <trkpt lat="50.9299679" lon="6.9079574">
      <time>2020-06-15T10:02:47Z</time>
    </trkpt>
    <trkpt lat="50.9298553" lon="6.9079779">
      <time>2020-06-15T10:02:49Z</time>
    </trkpt>
    <trkpt lat="50.9298020" lon="6.9080001">
      <time>2020-06-15T10:02:50Z</time>
    </trkpt>
    <trkpt lat="50.9295700" lon="6.9080696">
      <time>2020-06-15T10:02:54Z</time>
    </trkpt>
    <trkpt lat="50.9293115" lon="6.9081459">
      <time>2020-06-15T10:02:58Z</time>
    </trkpt>
    <trkpt lat="50.9292443" lon="6.9081609">
      <time>2020-06-15T10:02:59Z</time>
    </trkpt>
    <trkpt lat="50.9291156" lon="6.9081951">
      <time>2020-06-15T10:03:01Z</time>
    </trkpt>
    <trkpt lat="50.9289947" lon="6.9082343">
      <time>2020-06-15T10:03:03Z</time>
    </trkpt>
    <trkpt lat="50.9289275" lon="6.9082525">
      <time>2020-06-15T10:03:04Z</time>
    </trkpt>
    <trkpt lat="50.9286159" lon="6.9083306">
      <time>2020-06-15T10:03:09Z</time>
    </trkpt>
    <trkpt lat="50.9285497" lon="6.9083443">
      <time>2020-06-15T10:03:10Z</time>
    </trkpt>
    <trkpt lat="50.9283303" lon="6.9084306">
      <time>2020-06-15T10:03:14Z</time>
    </trkpt>
    <trkpt lat="50.9282314" lon="6.9084431">
      <time>2020-06-15T10:03:16Z</time>
    </trkpt>
    <trkpt lat="50.9281484" lon="6.9084710">
      <time>2020-06-15T10:03:19Z</time>
    </trkpt>
    <trkpt lat="50.9280865" lon="6.9084720">
      <time>2020-06-15T10:03:22Z</time>
    </trkpt>
    <trkpt lat="50.9280837" lon="6.9084721">
      <time>2020-06-15T10:03:24Z</time>
    </trkpt>
    <trkpt lat="50.9280824" lon="6.9084776">
      <time>2020-06-15T10:03:25Z</time>
    </trkpt>
    <trkpt lat="50.9280211" lon="6.9085356">
      <time>2020-06-15T10:03:30Z</time>
    </trkpt>
    <trkpt lat="50.9279710" lon="6.9085674">
      <time>2020-06-15T10:03:36Z</time>
    </trkpt>
    <trkpt lat="50.9279710" lon="6.9085674">
      <time>2020-06-15T10:03:38Z</time>
    </trkpt>
    <trkpt lat="50.9279710" lon="6.9085674">
      <time>2020-06-15T10:03:39Z</time>
    </trkpt>
    <trkpt lat="50.9279192" lon="6.9085988">
      <time>2020-06-15T10:04:40Z</time>
    </trkpt>
    <trkpt lat="50.9278599" lon="6.9086668">
      <time>2020-06-15T10:04:42Z</time>
    </trkpt>
    <trkpt lat="50.9277293" lon="6.9088061">
      <time>2020-06-15T10:04:45Z</time>
    </trkpt>
    <trkpt lat="50.9276748" lon="6.9088489">
      <time>2020-06-15T10:04:46Z</time>
    </trkpt>
    <trkpt lat="50.9275572" lon="6.9089278">
      <time>2020-06-15T10:04:48Z</time>
    </trkpt>
    <trkpt lat="50.9273820" lon="6.9090732">
      <time>2020-06-15T10:04:51Z</time>
    </trkpt>
    <trkpt lat="50.9272666" lon="6.9091771">
      <time>2020-06-15T10:04:53Z</time>
    </trkpt>
    <trkpt lat="50.9271497" lon="6.9092971">
      <time>2020-06-15T10:04:55Z</time>
    </trkpt>
    <trkpt lat="50.9270310" lon="6.9094151">
      <time>2020-06-15T10:04:57Z</time>
    </trkpt>
    <trkpt lat="50.9267621" lon="6.9096299">
      <time>2020-06-15T10:05:02Z</time>
    </trkpt>
    <trkpt lat="50.9265837" lon="6.9097621">
      <time>2020-06-15T10:05:05Z</time>
    </trkpt>
    <trkpt lat="50.9264267" lon="6.9098919">
      <time>2020-06-15T10:05:08Z</time>
    </trkpt>
    <trkpt lat="50.9262043" lon="6.9100911">
      <time>2020-06-15T10:05:13Z</time>
    </trkpt>
    <trkpt lat="50.9261548" lon="6.9101257">
      <time>2020-06-15T10:05:14Z</time>
    </trkpt>
    <trkpt lat="50.9259860" lon="6.9102605">
      <time>2020-06-15T10:05:18Z</time>
    </trkpt>
    <trkpt lat="50.9257806" lon="6.9104814">
      <time>2020-06-15T10:05:23Z</time>
    </trkpt>
    <trkpt lat="50.9257320" lon="6.9105217">
      <time>2020-06-15T10:05:24Z</time>
    </trkpt>
    <trkpt lat="50.9256847" lon="6.9105528">
      <time>2020-06-15T10:05:25Z</time>
    </trkpt>
    <trkpt lat="50.9255901" lon="6.9106210">
      <time>2020-06-15T10:05:27Z</time>
    </trkpt>
    <trkpt lat="50.9255481" lon="6.9106732">
      <time>2020-06-15T10:05:28Z</time>
    </trkpt>
    <trkpt lat="50.9254407" lon="6.9107881">
      <time>2020-06-15T10:05:30Z</time>
    </trkpt>
    <trkpt lat="50.9253078" lon="6.9108953">
      <time>2020-06-15T10:05:32Z</time>
    </trkpt>
    <trkpt lat="50.9251629" lon="6.9110055">
      <time>2020-06-15T10:05:34Z</time>
    </trkpt>
    <trkpt lat="50.9250083" lon="6.9111392">
      <time>2020-06-15T10:05:36Z</time>
    </trkpt>
    <trkpt lat="50.9249192" lon="6.9112059">
      <time>2020-06-15T10:05:37Z</time>
    </trkpt>
    <trkpt lat="50.9245568" lon="6.9114483">
      <time>2020-06-15T10:05:41Z</time>
    </trkpt>
    <trkpt lat="50.9242230" lon="6.9115942">
      <time>2020-06-15T10:05:45Z</time>
    </trkpt>
    <trkpt lat="50.9237874" lon="6.9118355">
      <time>2020-06-15T10:05:50Z</time>
    </trkpt>
    <trkpt lat="50.9237001" lon="6.9118743">
      <time>2020-06-15T10:05:51Z</time>
    </trkpt>
    <trkpt lat="50.9235222" lon="6.9119614">
      <time>2020-06-15T10:05:53Z</time>
    </trkpt>
    <trkpt lat="50.9232642" lon="6.9120270">
      <time>2020-06-15T10:05:56Z</time>
    </trkpt>
    <trkpt lat="50.9231808" lon="6.9120518">
      <time>2020-06-15T10:05:57Z</time>
    </trkpt>
    <trkpt lat="50.9231042" lon="6.9120936">
      <time>2020-06-15T10:05:58Z</time>
    </trkpt>
    <trkpt lat="50.9229450" lon="6.9121931">
      <time>2020-06-15T10:06:00Z</time>
    </trkpt>
    <trkpt lat="50.9227852" lon="6.9122708">
      <time>2020-06-15T10:06:02Z</time>
    </trkpt>
    <trkpt lat="50.9225618" lon="6.9124045">
      <time>2020-06-15T10:06:05Z</time>
    </trkpt>
    <trkpt lat="50.9224924" lon="6.9124501">
      <time>2020-06-15T10:06:06Z</time>
    </trkpt>
    <trkpt lat="50.9224333" lon="6.9125143">
      <time>2020-06-15T10:06:07Z</time>
    </trkpt>
    <trkpt lat="50.9223300" lon="6.9126477">
      <time>2020-06-15T10:06:09Z</time>
    </trkpt>
    <trkpt lat="50.9222823" lon="6.9128091">
      <time>2020-06-15T10:06:11Z</time>
    </trkpt>
    <trkpt lat="50.9222805" lon="6.9128895">
      <time>2020-06-15T10:06:12Z</time>
    </trkpt>
    <trkpt lat="50.9223219" lon="6.9130781">
      <time>2020-06-15T10:06:14Z</time>
    </trkpt>
    <trkpt lat="50.9223314" lon="6.9132515">
      <time>2020-06-15T10:06:16Z</time>
    </trkpt>
    <trkpt lat="50.9223136" lon="6.9133164">
      <time>2020-06-15T10:06:17Z</time>
    </trkpt>
    <trkpt lat="50.9222773" lon="6.9133605">
      <time>2020-06-15T10:06:18Z</time>
    </trkpt>
    <trkpt lat="50.9221363" lon="6.9134384">
      <time>2020-06-15T10:06:20Z</time>
    </trkpt>
    <trkpt lat="50.9220367" lon="6.9135131">
      <time>2020-06-15T10:06:22Z</time>
    </trkpt>
    <trkpt lat="50.9218736" lon="6.9136480">
      <time>2020-06-15T10:06:25Z</time>
    </trkpt>
    <trkpt lat="50.9218161" lon="6.9136955">
      <time>2020-06-15T10:06:26Z</time>
    </trkpt>
    <trkpt lat="50.9215573" lon="6.9139291">
      <time>2020-06-15T10:06:31Z</time>
    </trkpt>
    <trkpt lat="50.9215117" lon="6.9139670">
      <time>2020-06-15T10:06:32Z</time>
    </trkpt>
    <trkpt lat="50.9214150" lon="6.9140562">
      <time>2020-06-15T10:06:34Z</time>
    </trkpt>
    <trkpt lat="50.9211737" lon="6.9142633">
      <time>2020-06-15T10:06:39Z</time>
    </trkpt>
    <trkpt lat="50.9208715" lon="6.9145306">
      <time>2020-06-15T10:06:45Z</time>
    </trkpt>
    <trkpt lat="50.9206269" lon="6.9147333">
      <time>2020-06-15T10:06:51Z</time>
    </trkpt>
    <trkpt lat="50.9204807" lon="6.9148468">
      <time>2020-06-15T10:06:55Z</time>
    </trkpt>
    <trkpt lat="50.9204597" lon="6.9148720">
      <time>2020-06-15T10:06:56Z</time>
    </trkpt>
    <trkpt lat="50.9204389" lon="6.9148995">
      <time>2020-06-15T10:06:58Z</time>
    </trkpt>
    <trkpt lat="50.9204356" lon="6.9149014">
      <time>2020-06-15T10:07:01Z</time>
    </trkpt>
    <trkpt lat="50.9204356" lon="6.9149014">
      <time>2020-06-15T10:07:02Z</time>
    </trkpt>
    <trkpt lat="50.9204016" lon="6.9149368">
      <time>2020-06-15T10:07:14Z</time>
    </trkpt>
    <trkpt lat="50.9203533" lon="6.9149858">
      <time>2020-06-15T10:07:16Z</time>
    </trkpt>
    <trkpt lat="50.9202767" lon="6.9150150">
      <time>2020-06-15T10:07:18Z</time>
    </trkpt>
    <trkpt lat="50.9201966" lon="6.9150465">
      <time>2020-06-15T10:07:20Z</time>
    </trkpt>
    <trkpt lat="50.9200644" lon="6.9151099">
      <time>2020-06-15T10:07:23Z</time>
    </trkpt>
    <trkpt lat="50.9200163" lon="6.9151297">
      <time>2020-06-15T10:07:24Z</time>
    </trkpt>
    <trkpt lat="50.9198515" lon="6.9152124">
      <time>2020-06-15T10:07:27Z</time>
    </trkpt>
    <trkpt lat="50.9197222" lon="6.9152891">
      <time>2020-06-15T10:07:29Z</time>
    </trkpt>
    <trkpt lat="50.9195820" lon="6.9153711">
      <time>2020-06-15T10:07:31Z</time>
    </trkpt>
    <trkpt lat="50.9194282" lon="6.9154694">
      <time>2020-06-15T10:07:33Z</time>
    </trkpt>
    <trkpt lat="50.9192617" lon="6.9155644">
      <time>2020-06-15T10:07:35Z</time>
    </trkpt>
    <trkpt lat="50.9190718" lon="6.9156568">
      <time>2020-06-15T10:07:37Z</time>
    </trkpt>
    <trkpt lat="50.9187823" lon="6.9158972">
      <time>2020-06-15T10:07:40Z</time>
    </trkpt>
    <trkpt lat="50.9186790" lon="6.9160001">
      <time>2020-06-15T10:07:41Z</time>
    </trkpt>
    <trkpt lat="50.9183845" lon="6.9161861">
      <time>2020-06-15T10:07:44Z</time>
    </trkpt>
    <trkpt lat="50.9182864" lon="6.9162329">
      <time>2020-06-15T10:07:45Z</time>
    </trkpt>
    <trkpt lat="50.9181032" lon="6.9163106">
      <time>2020-06-15T10:07:47Z</time>
    </trkpt>
    <trkpt lat="50.9180147" lon="6.9163776">
      <time>2020-06-15T10:07:48Z</time>
    </trkpt>
    <trkpt lat="50.9175910" lon="6.9165364">
      <time>2020-06-15T10:07:53Z</time>
    </trkpt>
    <trkpt lat="50.9171629" lon="6.9167035">
      <time>2020-06-15T10:07:58Z</time>
    </trkpt>
    <trkpt lat="50.9170217" lon="6.9166981">
      <time>2020-06-15T10:08:00Z</time>
    </trkpt>
    <trkpt lat="50.9169523" lon="6.9167293">
      <time>2020-06-15T10:08:01Z</time>
    </trkpt>
    <trkpt lat="50.9168888" lon="6.9167858">
      <time>2020-06-15T10:08:02Z</time>
    </trkpt>
    <trkpt lat="50.9167836" lon="6.9169440">
      <time>2020-06-15T10:08:04Z</time>
    </trkpt>
    <trkpt lat="50.9166663" lon="6.9171104">
      <time>2020-06-15T10:08:06Z</time>
    </trkpt>
    <trkpt lat="50.9166069" lon="6.9171994">
      <time>2020-06-15T10:08:07Z</time>
    </trkpt>
    <trkpt lat="50.9163654" lon="6.9175521">
      <time>2020-06-15T10:08:11Z</time>
    </trkpt>
    <trkpt lat="50.9162005" lon="6.9178000">
      <time>2020-06-15T10:08:14Z</time>
    </trkpt>
    <trkpt lat="50.9160906" lon="6.9179692">
      <time>2020-06-15T10:08:16Z</time>
    </trkpt>
    <trkpt lat="50.9159497" lon="6.9182073">
      <time>2020-06-15T10:08:19Z</time>
    </trkpt>
    <trkpt lat="50.9158972" lon="6.9182821">
      <time>2020-06-15T10:08:20Z</time>
    </trkpt>
    <trkpt lat="50.9156523" lon="6.9185775">
      <time>2020-06-15T10:08:24Z</time>
    </trkpt>
    <trkpt lat="50.9155280" lon="6.9187200">
      <time>2020-06-15T10:08:26Z</time>
    </trkpt>
    <trkpt lat="50.9152493" lon="6.9190946">
      <time>2020-06-15T10:08:31Z</time>
    </trkpt>
    <trkpt lat="50.9151332" lon="6.9192564">
      <time>2020-06-15T10:08:33Z</time>
    </trkpt>
    <trkpt lat="50.9147434" lon="6.9197750">
      <time>2020-06-15T10:08:40Z</time>
    </trkpt>
    <trkpt lat="50.9145910" lon="6.9200020">
      <time>2020-06-15T10:08:43Z</time>
    </trkpt>
    <trkpt lat="50.9144943" lon="6.9201426">
      <time>2020-06-15T10:08:45Z</time>
    </trkpt>
    <trkpt lat="50.9143216" lon="6.9204370">
      <time>2020-06-15T10:08:49Z</time>
    </trkpt>
    <trkpt lat="50.9142856" lon="6.9205163">
      <time>2020-06-15T10:08:50Z</time>
    </trkpt>
    <trkpt lat="50.9142113" lon="6.9206634">
      <time>2020-06-15T10:08:52Z</time>
    </trkpt>
    <trkpt lat="50.9140296" lon="6.9209334">
      <time>2020-06-15T10:08:56Z</time>
    </trkpt>
    <trkpt lat="50.9139135" lon="6.9210845">
      <time>2020-06-15T10:08:58Z</time>
    </trkpt>
    <trkpt lat="50.9137897" lon="6.9212858">
      <time>2020-06-15T10:09:01Z</time>
    </trkpt>
    <trkpt lat="50.9136903" lon="6.9214627">
      <time>2020-06-15T10:09:04Z</time>
    </trkpt>
    <trkpt lat="50.9136080" lon="6.9215955">
      <time>2020-06-15T10:09:06Z</time>
    </trkpt>
    <trkpt lat="50.9135141" lon="6.9218523">
      <time>2020-06-15T10:09:09Z</time>
    </trkpt>
    <trkpt lat="50.9134618" lon="6.9219356">
      <time>2020-06-15T10:09:10Z</time>
    </trkpt>
    <trkpt lat="50.9132584" lon="6.9221552">
      <time>2020-06-15T10:09:13Z</time>
    </trkpt>
    <trkpt lat="50.9130705" lon="6.9223686">
      <time>2020-06-15T10:09:16Z</time>
    </trkpt>
    <trkpt lat="50.9129590" lon="6.9225285">
      <time>2020-06-15T10:09:18Z</time>
    </trkpt>
    <trkpt lat="50.9127303" lon="6.9229118">
      <time>2020-06-15T10:09:23Z</time>
    </trkpt>
    <trkpt lat="50.9126863" lon="6.9229837">
      <time>2020-06-15T10:09:24Z</time>
    </trkpt>
    <trkpt lat="50.9125842" lon="6.9232054">
      <time>2020-06-15T10:09:27Z</time>
    </trkpt>
    <trkpt lat="50.9125673" lon="6.9233445">
      <time>2020-06-15T10:09:29Z</time>
    </trkpt>
    <trkpt lat="50.9124890" lon="6.9234442">
      <time>2020-06-15T10:09:31Z</time>
    </trkpt>
    <trkpt lat="50.9124470" lon="6.9234806">
      <time>2020-06-15T10:09:32Z</time>
    </trkpt>
    <trkpt lat="50.9123619" lon="6.9235529">
      <time>2020-06-15T10:09:35Z</time>
    </trkpt>
    <trkpt lat="50.9123530" lon="6.9235638">
      <time>2020-06-15T10:09:38Z</time>
    </trkpt>
    <trkpt lat="50.9123236" lon="6.9235783">
      <time>2020-06-15T10:10:11Z</time>
    </trkpt>
    <trkpt lat="50.9122621" lon="6.9236645">
      <time>2020-06-15T10:10:13Z</time>
    </trkpt>
    <trkpt lat="50.9122103" lon="6.9237809">
      <time>2020-06-15T10:10:15Z</time>
    </trkpt>
    <trkpt lat="50.9121459" lon="6.9239084">
      <time>2020-06-15T10:10:17Z</time>
    </trkpt>
    <trkpt lat="50.9121138" lon="6.9239854">
      <time>2020-06-15T10:10:18Z</time>
    </trkpt>
    <trkpt lat="50.9119068" lon="6.9243743">
      <time>2020-06-15T10:10:23Z</time>
    </trkpt>
    <trkpt lat="50.9118656" lon="6.9244530">
      <time>2020-06-15T10:10:24Z</time>
    </trkpt>
    <trkpt lat="50.9116670" lon="6.9248790">
      <time>2020-06-15T10:10:29Z</time>
    </trkpt>
    <trkpt lat="50.9116359" lon="6.9249694">
      <time>2020-06-15T10:10:30Z</time>
    </trkpt>
    <trkpt lat="50.9113875" lon="6.9254527">
      <time>2020-06-15T10:10:36Z</time>
    </trkpt>
    <trkpt lat="50.9112106" lon="6.9257814">
      <time>2020-06-15T10:10:40Z</time>
    </trkpt>
    <trkpt lat="50.9111723" lon="6.9258654">
      <time>2020-06-15T10:10:41Z</time>
    </trkpt>
    <trkpt lat="50.9108781" lon="6.9264300">
      <time>2020-06-15T10:10:48Z</time>
    </trkpt>
    <trkpt lat="50.9105806" lon="6.9270457">
      <time>2020-06-15T10:10:55Z</time>
    </trkpt>
    <trkpt lat="50.9104563" lon="6.9273049">
      <time>2020-06-15T10:10:58Z</time>
    </trkpt>
    <trkpt lat="50.9103217" lon="6.9275848">
      <time>2020-06-15T10:11:01Z</time>
    </trkpt>
    <trkpt lat="50.9101597" lon="6.9278648">
      <time>2020-06-15T10:11:04Z</time>
    </trkpt>
    <trkpt lat="50.9099041" lon="6.9283634">
      <time>2020-06-15T10:11:09Z</time>
    </trkpt>
    <trkpt lat="50.9095674" lon="6.9290648">
      <time>2020-06-15T10:11:16Z</time>
    </trkpt>
    <trkpt lat="50.9094666" lon="6.9292675">
      <time>2020-06-15T10:11:18Z</time>
    </trkpt>
    <trkpt lat="50.9092564" lon="6.9296686">
      <time>2020-06-15T10:11:22Z</time>
    </trkpt>
    <trkpt lat="50.9090567" lon="6.9300762">
      <time>2020-06-15T10:11:26Z</time>
    </trkpt>
    <trkpt lat="50.9087791" lon="6.9308475">
      <time>2020-06-15T10:11:33Z</time>
    </trkpt>
    <trkpt lat="50.9076242" lon="6.9340628">
      <time>2020-06-15T10:12:04Z</time>
    </trkpt>
    <trkpt lat="50.9076052" lon="6.9341562">
      <time>2020-06-15T10:12:05Z</time>
    </trkpt>
    <trkpt lat="50.9075406" lon="6.9342514">
      <time>2020-06-15T10:12:06Z</time>
    </trkpt>
    <trkpt lat="50.9073109" lon="6.9348341">
      <time>2020-06-15T10:12:12Z</time>
    </trkpt>
    <trkpt lat="50.9071646" lon="6.9352127">
      <time>2020-06-15T10:12:17Z</time>
    </trkpt>
    <trkpt lat="50.9071485" lon="6.9352461">
      <time>2020-06-15T10:12:18Z</time>
    </trkpt>
    <trkpt lat="50.9071329" lon="6.9352664">
      <time>2020-06-15T10:12:19Z</time>
    </trkpt>
    <trkpt lat="50.9071155" lon="6.9352898">
      <time>2020-06-15T10:12:21Z</time>
    </trkpt>
    <trkpt lat="50.9071002" lon="6.9353012">
      <time>2020-06-15T10:12:27Z</time>
    </trkpt>
    <trkpt lat="50.9071002" lon="6.9353012">
      <time>2020-06-15T10:12:30Z</time>
    </trkpt>
    <trkpt lat="50.9070607" lon="6.9354096">
      <time>2020-06-15T10:12:42Z</time>
    </trkpt>
    <trkpt lat="50.9070408" lon="6.9354609">
      <time>2020-06-15T10:12:43Z</time>
    </trkpt>
    <trkpt lat="50.9069974" lon="6.9355925">
      <time>2020-06-15T10:12:45Z</time>
    </trkpt>
    <trkpt lat="50.9069362" lon="6.9358418">
      <time>2020-06-15T10:12:48Z</time>
    </trkpt>
    <trkpt lat="50.9067978" lon="6.9362543">
      <time>2020-06-15T10:12:52Z</time>
    </trkpt>
    <trkpt lat="50.9066434" lon="6.9366746">
      <time>2020-06-15T10:12:56Z</time>
    </trkpt>
    <trkpt lat="50.9065577" lon="6.9369233">
      <time>2020-06-15T10:12:58Z</time>
    </trkpt>
    <trkpt lat="50.9063925" lon="6.9373325">
      <time>2020-06-15T10:13:02Z</time>
    </trkpt>
    <trkpt lat="50.9062745" lon="6.9376467">
      <time>2020-06-15T10:13:05Z</time>
    </trkpt>
    <trkpt lat="50.9061605" lon="6.9379582">
      <time>2020-06-15T10:13:08Z</time>
    </trkpt>
    <trkpt lat="50.9059999" lon="6.9383633">
      <time>2020-06-15T10:13:12Z</time>
    </trkpt>
    <trkpt lat="50.9058803" lon="6.9386475">
      <time>2020-06-15T10:13:15Z</time>
    </trkpt>
    <trkpt lat="50.9058028" lon="6.9388189">
      <time>2020-06-15T10:13:17Z</time>
    </trkpt>
    <trkpt lat="50.9057161" lon="6.9389683">
      <time>2020-06-15T10:13:19Z</time>
    </trkpt>
    <trkpt lat="50.9056239" lon="6.9391056">
      <time>2020-06-15T10:13:22Z</time>
    </trkpt>
    <trkpt lat="50.9056024" lon="6.9391380">
      <time>2020-06-15T10:13:23Z</time>
    </trkpt>
    <trkpt lat="50.9055370" lon="6.9392175">
      <time>2020-06-15T10:13:26Z</time>
    </trkpt>
    <trkpt lat="50.9054878" lon="6.9392656">
      <time>2020-06-15T10:13:28Z</time>
    </trkpt>
    <trkpt lat="50.9054456" lon="6.9393895">
      <time>2020-06-15T10:13:33Z</time>
    </trkpt>
    <trkpt lat="50.9054350" lon="6.9394187">
      <time>2020-06-15T10:13:34Z</time>
    </trkpt>
    <trkpt lat="50.9053825" lon="6.9395573">
      <time>2020-06-15T10:13:37Z</time>
    </trkpt>
    <trkpt lat="50.9053654" lon="6.9396230">
      <time>2020-06-15T10:13:38Z</time>
    </trkpt>
    <trkpt lat="50.9052979" lon="6.9398588">
      <time>2020-06-15T10:13:41Z</time>
    </trkpt>
    <trkpt lat="50.9052505" lon="6.9400455">
      <time>2020-06-15T10:13:43Z</time>
    </trkpt>
    <trkpt lat="50.9051942" lon="6.9403367">
      <time>2020-06-15T10:13:46Z</time>
    </trkpt>
    <trkpt lat="50.9051719" lon="6.9404352">
      <time>2020-06-15T10:13:47Z</time>
    </trkpt>
    <trkpt lat="50.9051606" lon="6.9405361">
      <time>2020-06-15T10:13:48Z</time>
    </trkpt>
    <trkpt lat="50.9051028" lon="6.9408439">
      <time>2020-06-15T10:13:51Z</time>
    </trkpt>
    <trkpt lat="50.9050867" lon="6.9409494">
      <time>2020-06-15T10:13:52Z</time>
    </trkpt>
    <trkpt lat="50.9050313" lon="6.9412687">
      <time>2020-06-15T10:13:55Z</time>
    </trkpt>
    <trkpt lat="50.9049762" lon="6.9418059">
      <time>2020-06-15T10:14:00Z</time>
    </trkpt>
    <trkpt lat="50.9049645" lon="6.9420084">
      <time>2020-06-15T10:14:02Z</time>
    </trkpt>
    <trkpt lat="50.9049842" lon="6.9422463">
      <time>2020-06-15T10:14:04Z</time>
    </trkpt>
    <trkpt lat="50.9048652" lon="6.9426476">
      <time>2020-06-15T10:14:08Z</time>
    </trkpt>
    <trkpt lat="50.9048348" lon="6.9433970">
      <time>2020-06-15T10:14:15Z</time>
    </trkpt>
    <trkpt lat="50.9046218" lon="6.9440397">
      <time>2020-06-15T10:14:21Z</time>
    </trkpt>
    <trkpt lat="50.9045882" lon="6.9442560">
      <time>2020-06-15T10:14:23Z</time>
    </trkpt>
    <trkpt lat="50.9045552" lon="6.9447887">
      <time>2020-06-15T10:14:28Z</time>
    </trkpt>
    <trkpt lat="50.9044769" lon="6.9452202">
      <time>2020-06-15T10:14:32Z</time>
    </trkpt>
    <trkpt lat="50.9044178" lon="6.9456256">
      <time>2020-06-15T10:14:36Z</time>
    </trkpt>
    <trkpt lat="50.9043637" lon="6.9461712">
      <time>2020-06-15T10:14:41Z</time>
    </trkpt>
    <trkpt lat="50.9043039" lon="6.9467328">
      <time>2020-06-15T10:14:46Z</time>
    </trkpt>
    <trkpt lat="50.9042894" lon="6.9468465">
      <time>2020-06-15T10:14:47Z</time>
    </trkpt>
    <trkpt lat="50.9042196" lon="6.9471738">
      <time>2020-06-15T10:14:50Z</time>
    </trkpt>
    <trkpt lat="50.9041831" lon="6.9474019">
      <time>2020-06-15T10:14:52Z</time>
    </trkpt>
    <trkpt lat="50.9041515" lon="6.9480358">
      <time>2020-06-15T10:14:57Z</time>
    </trkpt>
    <trkpt lat="50.9041209" lon="6.9484490">
      <time>2020-06-15T10:15:00Z</time>
    </trkpt>
    <trkpt lat="50.9041072" lon="6.9485971">
      <time>2020-06-15T10:15:01Z</time>
    </trkpt>
    <trkpt lat="50.9040517" lon="6.9491198">
      <time>2020-06-15T10:15:05Z</time>
    </trkpt>
    <trkpt lat="50.9039960" lon="6.9497549">
      <time>2020-06-15T10:15:10Z</time>
    </trkpt>
    <trkpt lat="50.9039505" lon="6.9504860">
      <time>2020-06-15T10:15:15Z</time>
    </trkpt>
    <trkpt lat="50.9039370" lon="6.9506396">
      <time>2020-06-15T10:15:16Z</time>
    </trkpt>
    <trkpt lat="50.9039131" lon="6.9509354">
      <time>2020-06-15T10:15:18Z</time>
    </trkpt>
    <trkpt lat="50.9038942" lon="6.9512221">
      <time>2020-06-15T10:15:20Z</time>
    </trkpt>
    <trkpt lat="50.9038588" lon="6.9514870">
      <time>2020-06-15T10:15:22Z</time>
    </trkpt>
    <trkpt lat="50.9038155" lon="6.9521284">
      <time>2020-06-15T10:15:27Z</time>
    </trkpt>
    <trkpt lat="50.9038130" lon="6.9526057">
      <time>2020-06-15T10:15:31Z</time>
    </trkpt>
    <trkpt lat="50.9038090" lon="6.9527204">
      <time>2020-06-15T10:15:32Z</time>
    </trkpt>
    <trkpt lat="50.9037719" lon="6.9533585">
      <time>2020-06-15T10:15:38Z</time>
    </trkpt>
    <trkpt lat="50.9037412" lon="6.9540003">
      <time>2020-06-15T10:15:44Z</time>
    </trkpt>
    <trkpt lat="50.9037396" lon="6.9541114">
      <time>2020-06-15T10:15:45Z</time>
    </trkpt>
    <trkpt lat="50.9037135" lon="6.9547397">
      <time>2020-06-15T10:15:51Z</time>
    </trkpt>
    <trkpt lat="50.9036973" lon="6.9549473">
      <time>2020-06-15T10:15:53Z</time>
    </trkpt>
    <trkpt lat="50.9036608" lon="6.9555552">
      <time>2020-06-15T10:15:59Z</time>
    </trkpt>
    <trkpt lat="50.9036501" lon="6.9560106">
      <time>2020-06-15T10:16:04Z</time>
    </trkpt>
    <trkpt lat="50.9036165" lon="6.9562270">
      <time>2020-06-15T10:16:07Z</time>
    </trkpt>
    <trkpt lat="50.9036112" lon="6.9563072">
      <time>2020-06-15T10:16:08Z</time>
    </trkpt>
    <trkpt lat="50.9036424" lon="6.9564962">
      <time>2020-06-15T10:16:11Z</time>
    </trkpt>
    <trkpt lat="50.9036536" lon="6.9568080">
      <time>2020-06-15T10:16:15Z</time>
    </trkpt>
    <trkpt lat="50.9036351" lon="6.9568747">
      <time>2020-06-15T10:16:16Z</time>
    </trkpt>
    <trkpt lat="50.9035865" lon="6.9569870">
      <time>2020-06-15T10:16:18Z</time>
    </trkpt>
    <trkpt lat="50.9035771" lon="6.9571042">
      <time>2020-06-15T10:16:20Z</time>
    </trkpt>
    <trkpt lat="50.9035982" lon="6.9572518">
      <time>2020-06-15T10:16:22Z</time>
    </trkpt>
    <trkpt lat="50.9036042" lon="6.9574214">
      <time>2020-06-15T10:16:24Z</time>
    </trkpt>
    <trkpt lat="50.9036084" lon="6.9575163">
      <time>2020-06-15T10:16:25Z</time>
    </trkpt>
    <trkpt lat="50.9036058" lon="6.9577878">
      <time>2020-06-15T10:16:28Z</time>
    </trkpt>
    <trkpt lat="50.9035814" lon="6.9582150">
      <time>2020-06-15T10:16:33Z</time>
    </trkpt>
    <trkpt lat="50.9035730" lon="6.9583086">
      <time>2020-06-15T10:16:34Z</time>
    </trkpt>
    <trkpt lat="50.9035706" lon="6.9584192">
      <time>2020-06-15T10:16:35Z</time>
    </trkpt>
    <trkpt lat="50.9035904" lon="6.9587978">
      <time>2020-06-15T10:16:39Z</time>
    </trkpt>
    <trkpt lat="50.9036022" lon="6.9593486">
      <time>2020-06-15T10:16:44Z</time>
    </trkpt>
    <trkpt lat="50.9035989" lon="6.9598082">
      <time>2020-06-15T10:16:48Z</time>
    </trkpt>
    <trkpt lat="50.9035983" lon="6.9602710">
      <time>2020-06-15T10:16:52Z</time>
    </trkpt>
    <trkpt lat="50.9036000" lon="6.9610956">
      <time>2020-06-15T10:16:59Z</time>
    </trkpt>
    <trkpt lat="50.9035945" lon="6.9615634">
      <time>2020-06-15T10:17:03Z</time>
    </trkpt>
    <trkpt lat="50.9035770" lon="6.9620343">
      <time>2020-06-15T10:17:07Z</time>
    </trkpt>
    <trkpt lat="50.9035794" lon="6.9623902">
      <time>2020-06-15T10:17:10Z</time>
    </trkpt>
    <trkpt lat="50.9035958" lon="6.9627325">
      <time>2020-06-15T10:17:13Z</time>
    </trkpt>
    <trkpt lat="50.9036026" lon="6.9631659">
      <time>2020-06-15T10:17:17Z</time>
    </trkpt>
    <trkpt lat="50.9036042" lon="6.9633775">
      <time>2020-06-15T10:17:19Z</time>
    </trkpt>
    <trkpt lat="50.9036075" lon="6.9638768">
      <time>2020-06-15T10:17:24Z</time>
    </trkpt>
    <trkpt lat="50.9036081" lon="6.9639640">
      <time>2020-06-15T10:17:25Z</time>
    </trkpt>
    <trkpt lat="50.9036000" lon="6.9641214">
      <time>2020-06-15T10:17:28Z</time>
    </trkpt>
    <trkpt lat="50.9036016" lon="6.9643614">
      <time>2020-06-15T10:17:33Z</time>
    </trkpt>
    <trkpt lat="50.9035866" lon="6.9643912">
      <time>2020-06-15T10:17:34Z</time>
    </trkpt>
    <trkpt lat="50.9035753" lon="6.9644419">
      <time>2020-06-15T10:17:36Z</time>
    </trkpt>
    <trkpt lat="50.9035863" lon="6.9644642">
      <time>2020-06-15T10:17:37Z</time>
    </trkpt>
    <trkpt lat="50.9036391" lon="6.9645601">
      <time>2020-06-15T10:17:42Z</time>
    </trkpt>
    <trkpt lat="50.9036391" lon="6.9645601">
      <time>2020-06-15T10:17:44Z</time>
    </trkpt>
    <trkpt lat="50.9036461" lon="6.9646160">
      <time>2020-06-15T10:18:14Z</time>
    </trkpt>
    <trkpt lat="50.9036514" lon="6.9646559">
      <time>2020-06-15T10:18:15Z</time>
    </trkpt>
    <trkpt lat="50.9036785" lon="6.9649816">
      <time>2020-06-15T10:18:20Z</time>
    </trkpt>
    <trkpt lat="50.9036988" lon="6.9651351">
      <time>2020-06-15T10:18:22Z</time>
    </trkpt>
    <trkpt lat="50.9036941" lon="6.9654152">
      <time>2020-06-15T10:18:25Z</time>
    </trkpt>
    <trkpt lat="50.9037411" lon="6.9661989">
      <time>2020-06-15T10:18:33Z</time>
    </trkpt>
    <trkpt lat="50.9037524" lon="6.9663030">
      <time>2020-06-15T10:18:34Z</time>
    </trkpt>
    <trkpt lat="50.9037778" lon="6.9668067">
      <time>2020-06-15T10:18:39Z</time>
    </trkpt>
    <trkpt lat="50.9038000" lon="6.9670178">
      <time>2020-06-15T10:18:41Z</time>
    </trkpt>
    <trkpt lat="50.9038492" lon="6.9674430">
      <time>2020-06-15T10:18:45Z</time>
    </trkpt>
    <trkpt lat="50.9038779" lon="6.9676706">
      <time>2020-06-15T10:18:47Z</time>
    </trkpt>
    <trkpt lat="50.9039532" lon="6.9683521">
      <time>2020-06-15T10:18:53Z</time>
    </trkpt>
    <trkpt lat="50.9040357" lon="6.9687987">
      <time>2020-06-15T10:18:57Z</time>
    </trkpt>
    <trkpt lat="50.9040713" lon="6.9689730">
      <time>2020-06-15T10:18:59Z</time>
    </trkpt>
    <trkpt lat="50.9040814" lon="6.9690347">
      <time>2020-06-15T10:19:00Z</time>
    </trkpt>
    <trkpt lat="50.9040869" lon="6.9691058">
      <time>2020-06-15T10:19:02Z</time>
    </trkpt>
    <trkpt lat="50.9040866" lon="6.9691365">
      <time>2020-06-15T10:19:05Z</time>
    </trkpt>
    <trkpt lat="50.9040866" lon="6.9691365">
      <time>2020-06-15T10:19:06Z</time>
    </trkpt>
    <trkpt lat="50.9040866" lon="6.9691365">
      <time>2020-06-15T10:19:07Z</time>
    </trkpt>
    <trkpt lat="50.9041046" lon="6.9692401">
      <time>2020-06-15T10:19:15Z</time>
    </trkpt>
    <trkpt lat="50.9041199" lon="6.9693393">
      <time>2020-06-15T10:19:17Z</time>
    </trkpt>
    <trkpt lat="50.9041547" lon="6.9694772">
      <time>2020-06-15T10:19:19Z</time>
    </trkpt>
    <trkpt lat="50.9041915" lon="6.9696909">
      <time>2020-06-15T10:19:22Z</time>
    </trkpt>
    <trkpt lat="50.9042016" lon="6.9697594">
      <time>2020-06-15T10:19:23Z</time>
    </trkpt>
    <trkpt lat="50.9042330" lon="6.9699867">
      <time>2020-06-15T10:19:26Z</time>
    </trkpt>
    <trkpt lat="50.9042824" lon="6.9703034">
      <time>2020-06-15T10:19:30Z</time>
    </trkpt>
    <trkpt lat="50.9044197" lon="6.9709795">
      <time>2020-06-15T10:19:38Z</time>
    </trkpt>
    <trkpt lat="50.9044889" lon="6.9713390">
      <time>2020-06-15T10:19:44Z</time>
    </trkpt>
    <trkpt lat="50.9045117" lon="6.9714017">
      <time>2020-06-15T10:19:47Z</time>
    </trkpt>
    <trkpt lat="50.9045121" lon="6.9714171">
      <time>2020-06-15T10:19:48Z</time>
    </trkpt>
    <trkpt lat="50.9045255" lon="6.9714726">
      <time>2020-06-15T10:19:53Z</time>
    </trkpt>
    <trkpt lat="50.9045255" lon="6.9714726">
      <time>2020-06-15T10:19:54Z</time>
    </trkpt>
    <trkpt lat="50.9045532" lon="6.9715465">
      <time>2020-06-15T10:20:04Z</time>
    </trkpt>
    <trkpt lat="50.9046300" lon="6.9718482">
      <time>2020-06-15T10:20:09Z</time>
    </trkpt>
    <trkpt lat="50.9046829" lon="6.9721464">
      <time>2020-06-15T10:20:13Z</time>
    </trkpt>
    <trkpt lat="50.9046947" lon="6.9723778">
      <time>2020-06-15T10:20:16Z</time>
    </trkpt>
    <trkpt lat="50.9047173" lon="6.9724552">
      <time>2020-06-15T10:20:17Z</time>
    </trkpt>
    <trkpt lat="50.9048399" lon="6.9727364">
      <time>2020-06-15T10:20:22Z</time>
    </trkpt>
    <trkpt lat="50.9049408" lon="6.9730930">
      <time>2020-06-15T10:20:27Z</time>
    </trkpt>
    <trkpt lat="50.9049642" lon="6.9731576">
      <time>2020-06-15T10:20:28Z</time>
    </trkpt>
    <trkpt lat="50.9052204" lon="6.9738833">
      <time>2020-06-15T10:20:37Z</time>
    </trkpt>
    <trkpt lat="50.9053913" lon="6.9743815">
      <time>2020-06-15T10:20:43Z</time>
    </trkpt>
    <trkpt lat="50.9054217" lon="6.9744662">
      <time>2020-06-15T10:20:44Z</time>
    </trkpt>
    <trkpt lat="50.9054854" lon="6.9746432">
      <time>2020-06-15T10:20:46Z</time>
    </trkpt>
    <trkpt lat="50.9056658" lon="6.9751496">
      <time>2020-06-15T10:20:52Z</time>
    </trkpt>
    <trkpt lat="50.9057632" lon="6.9754285">
      <time>2020-06-15T10:20:55Z</time>
    </trkpt>
    <trkpt lat="50.9058807" lon="6.9757542">
      <time>2020-06-15T10:20:59Z</time>
    </trkpt>
    <trkpt lat="50.9060117" lon="6.9761109">
      <time>2020-06-15T10:21:03Z</time>
    </trkpt>
    <trkpt lat="50.9060766" lon="6.9762494">
      <time>2020-06-15T10:21:05Z</time>
    </trkpt>
    <trkpt lat="50.9061792" lon="6.9765014">
      <time>2020-06-15T10:21:08Z</time>
    </trkpt>
    <trkpt lat="50.9062324" lon="6.9766150">
      <time>2020-06-15T10:21:10Z</time>
    </trkpt>
    <trkpt lat="50.9062507" lon="6.9766639">
      <time>2020-06-15T10:21:11Z</time>
    </trkpt>
    <trkpt lat="50.9062776" lon="6.9767697">
      <time>2020-06-15T10:21:14Z</time>
    </trkpt>
    <trkpt lat="50.9062172" lon="6.9770014">
      <time>2020-06-15T10:21:18Z</time>
    </trkpt>
    <trkpt lat="50.9062136" lon="6.9770651">
      <time>2020-06-15T10:21:19Z</time>
    </trkpt>
    <trkpt lat="50.9062268" lon="6.9774073">
      <time>2020-06-15T10:21:23Z</time>
    </trkpt>
    <trkpt lat="50.9062527" lon="6.9776262">
      <time>2020-06-15T10:21:26Z</time>
    </trkpt>
    <trkpt lat="50.9062541" lon="6.9776559">
      <time>2020-06-15T10:21:27Z</time>
    </trkpt>
    <trkpt lat="50.9062679" lon="6.9777358">
      <time>2020-06-15T10:21:31Z</time>
    </trkpt>
    <trkpt lat="50.9062771" lon="6.9778186">
      <time>2020-06-15T10:21:33Z</time>
    </trkpt>
    <trkpt lat="50.9063087" lon="6.9778816">
      <time>2020-06-15T10:21:35Z</time>
    </trkpt>
    <trkpt lat="50.9063429" lon="6.9778442">
      <time>2020-06-15T10:21:38Z</time>
    </trkpt>
    <trkpt lat="50.9064600" lon="6.9777386">
      <time>2020-06-15T10:21:43Z</time>
    </trkpt>
    <trkpt lat="50.9065638" lon="6.9776369">
      <time>2020-06-15T10:21:47Z</time>
    </trkpt>
    <trkpt lat="50.9065879" lon="6.9776092">
      <time>2020-06-15T10:21:48Z</time>
    </trkpt>
    <trkpt lat="50.9066445" lon="6.9775663">
      <time>2020-06-15T10:21:51Z</time>
    </trkpt>
    <trkpt lat="50.9066641" lon="6.9775719">
      <time>2020-06-15T10:21:52Z</time>
    </trkpt>
    <trkpt lat="50.9066834" lon="6.9775835">
      <time>2020-06-15T10:21:56Z</time>
    </trkpt>
    <trkpt lat="50.9067243" lon="6.9776556">
      <time>2020-06-15T10:22:09Z</time>
    </trkpt>
    <trkpt lat="50.9067539" lon="6.9777253">
      <time>2020-06-15T10:22:11Z</time>
    </trkpt>
    <trkpt lat="50.9068022" lon="6.9777871">
      <time>2020-06-15T10:22:14Z</time>
    </trkpt>
    <trkpt lat="50.9068154" lon="6.9778054">
      <time>2020-06-15T10:22:15Z</time>
    </trkpt>
    <trkpt lat="50.9068163" lon="6.9779244">
      <time>2020-06-15T10:22:18Z</time>
    </trkpt>
    <trkpt lat="50.9068162" lon="6.9780176">
      <time>2020-06-15T10:22:20Z</time>
    </trkpt>
    <trkpt lat="50.9067241" lon="6.9780985">
      <time>2020-06-15T10:22:24Z</time>
    </trkpt>
    <trkpt lat="50.9065713" lon="6.9782146">
      <time>2020-06-15T10:22:29Z</time>
    </trkpt>
    <trkpt lat="50.9064572" lon="6.9783254">
      <time>2020-06-15T10:22:32Z</time>
    </trkpt>
    <trkpt lat="50.9063833" lon="6.9783765">
      <time>2020-06-15T10:22:34Z</time>
    </trkpt>
    <trkpt lat="50.9060902" lon="6.9786534">
      <time>2020-06-15T10:22:40Z</time>
    </trkpt>
    <trkpt lat="50.9059557" lon="6.9787997">
      <time>2020-06-15T10:22:43Z</time>
    </trkpt>
    <trkpt lat="50.9058387" lon="6.9789240">
      <time>2020-06-15T10:22:46Z</time>
    </trkpt>
    <trkpt lat="50.9056931" lon="6.9790680">
      <time>2020-06-15T10:22:49Z</time>
    </trkpt>
    <trkpt lat="50.9054583" lon="6.9792816">
      <time>2020-06-15T10:22:54Z</time>
    </trkpt>
    <trkpt lat="50.9051167" lon="6.9796398">
      <time>2020-06-15T10:23:01Z</time>
    </trkpt>
    <trkpt lat="50.9049543" lon="6.9797931">
      <time>2020-06-15T10:23:04Z</time>
    </trkpt>
    <trkpt lat="50.9048132" lon="6.9799450">
      <time>2020-06-15T10:23:07Z</time>
    </trkpt>
    <trkpt lat="50.9046065" lon="6.9801025">
      <time>2020-06-15T10:23:10Z</time>
    </trkpt>
    <trkpt lat="50.9045400" lon="6.9801543">
      <time>2020-06-15T10:23:11Z</time>
    </trkpt>
    <trkpt lat="50.9044396" lon="6.9802320">
      <time>2020-06-15T10:23:13Z</time>
    </trkpt>
    <trkpt lat="50.9042725" lon="6.9803701">
      <time>2020-06-15T10:23:16Z</time>
    </trkpt>
    <trkpt lat="50.9041412" lon="6.9806063">
      <time>2020-06-15T10:23:19Z</time>
    </trkpt>
    <trkpt lat="50.9039706" lon="6.9808239">
      <time>2020-06-15T10:23:23Z</time>
    </trkpt>
    <trkpt lat="50.9038005" lon="6.9810372">
      <time>2020-06-15T10:23:27Z</time>
    </trkpt>
    <trkpt lat="50.9037003" lon="6.9811412">
      <time>2020-06-15T10:23:29Z</time>
    </trkpt>
    <trkpt lat="50.9033757" lon="6.9814939">
      <time>2020-06-15T10:23:35Z</time>
    </trkpt>
    <trkpt lat="50.9033282" lon="6.9815515">
      <time>2020-06-15T10:23:36Z</time>
    </trkpt>
    <trkpt lat="50.9032239" lon="6.9816620">
      <time>2020-06-15T10:23:38Z</time>
    </trkpt>
    <trkpt lat="50.9030261" lon="6.9819110">
      <time>2020-06-15T10:23:42Z</time>
    </trkpt>
    <trkpt lat="50.9028125" lon="6.9821809">
      <time>2020-06-15T10:23:46Z</time>
    </trkpt>
    <trkpt lat="50.9027600" lon="6.9822351">
      <time>2020-06-15T10:23:47Z</time>
    </trkpt>
    <trkpt lat="50.9025851" lon="6.9824736">
      <time>2020-06-15T10:23:51Z</time>
    </trkpt>
    <trkpt lat="50.9024943" lon="6.9826141">
      <time>2020-06-15T10:23:53Z</time>
    </trkpt>
    <trkpt lat="50.9023804" lon="6.9826796">
      <time>2020-06-15T10:23:55Z</time>
    </trkpt>
    <trkpt lat="50.9023320" lon="6.9827242">
      <time>2020-06-15T10:23:56Z</time>
    </trkpt>
    <trkpt lat="50.9021023" lon="6.9830263">
      <time>2020-06-15T10:24:01Z</time>
    </trkpt>
    <trkpt lat="50.9019412" lon="6.9832205">
      <time>2020-06-15T10:24:04Z</time>
    </trkpt>
    <trkpt lat="50.9018802" lon="6.9832911">
      <time>2020-06-15T10:24:05Z</time>
    </trkpt>
    <trkpt lat="50.9017854" lon="6.9834096">
      <time>2020-06-15T10:24:07Z</time>
    </trkpt>
    <trkpt lat="50.9014462" lon="6.9837933">
      <time>2020-06-15T10:24:13Z</time>
    </trkpt>
    <trkpt lat="50.9012652" lon="6.9841156">
      <time>2020-06-15T10:24:17Z</time>
    </trkpt>
    <trkpt lat="50.9011819" lon="6.9842376">
      <time>2020-06-15T10:24:19Z</time>
    </trkpt>
    <trkpt lat="50.9010322" lon="6.9844002">
      <time>2020-06-15T10:24:22Z</time>
    </trkpt>
    <trkpt lat="50.9008795" lon="6.9846005">
      <time>2020-06-15T10:24:25Z</time>
    </trkpt>
    <trkpt lat="50.9005638" lon="6.9849260">
      <time>2020-06-15T10:24:31Z</time>
    </trkpt>
    <trkpt lat="50.9005049" lon="6.9849672">
      <time>2020-06-15T10:24:32Z</time>
    </trkpt>
    <trkpt lat="50.9003830" lon="6.9850270">
      <time>2020-06-15T10:24:34Z</time>
    </trkpt>
    <trkpt lat="50.9001643" lon="6.9851902">
      <time>2020-06-15T10:24:38Z</time>
    </trkpt>
    <trkpt lat="50.9000698" lon="6.9853077">
      <time>2020-06-15T10:24:40Z</time>
    </trkpt>
    <trkpt lat="50.8997425" lon="6.9857560">
      <time>2020-06-15T10:24:47Z</time>
    </trkpt>
    <trkpt lat="50.8996483" lon="6.9858917">
      <time>2020-06-15T10:24:49Z</time>
    </trkpt>
    <trkpt lat="50.8993399" lon="6.9863405">
      <time>2020-06-15T10:24:56Z</time>
    </trkpt>
    <trkpt lat="50.8992610" lon="6.9864642">
      <time>2020-06-15T10:24:58Z</time>
    </trkpt>
    <trkpt lat="50.8989422" lon="6.9869611">
      <time>2020-06-15T10:25:06Z</time>
    </trkpt>
    <trkpt lat="50.8987981" lon="6.9872074">
      <time>2020-06-15T10:25:10Z</time>
    </trkpt>
    <trkpt lat="50.8986687" lon="6.9874028">
      <time>2020-06-15T10:25:13Z</time>
    </trkpt>
    <trkpt lat="50.8986431" lon="6.9874491">
      <time>2020-06-15T10:25:14Z</time>
    </trkpt>
    <trkpt lat="50.8984685" lon="6.9877503">
      <time>2020-06-15T10:25:19Z</time>
    </trkpt>
    <trkpt lat="50.8983036" lon="6.9880613">
      <time>2020-06-15T10:25:24Z</time>
    </trkpt>
    <trkpt lat="50.8982783" lon="6.9880980">
      <time>2020-06-15T10:25:25Z</time>
    </trkpt>
    <trkpt lat="50.8981647" lon="6.9883166">
      <time>2020-06-15T10:25:30Z</time>
    </trkpt>
    <trkpt lat="50.8981678" lon="6.9883198">
      <time>2020-06-15T10:25:32Z</time>
    </trkpt>
    <trkpt lat="50.8981764" lon="6.9883399">
      <time>2020-06-15T10:25:33Z</time>
    </trkpt>
    <trkpt lat="50.8981853" lon="6.9883751">
      <time>2020-06-15T10:25:38Z</time>
    </trkpt>
    <trkpt lat="50.8981853" lon="6.9883751">
      <time>2020-06-15T10:25:39Z</time>
    </trkpt>
    <trkpt lat="50.8981501" lon="6.9883265">
      <time>2020-06-15T10:25:44Z</time>
    </trkpt>
    <trkpt lat="50.8981313" lon="6.9882768">
      <time>2020-06-15T10:25:45Z</time>
    </trkpt>
    <trkpt lat="50.8980206" lon="6.9880845">
      <time>2020-06-15T10:25:49Z</time>
    </trkpt>
    <trkpt lat="50.8978932" lon="6.9879072">
      <time>2020-06-15T10:25:53Z</time>
    </trkpt>
    <trkpt lat="50.8978452" lon="6.9878580">
      <time>2020-06-15T10:25:54Z</time>
    </trkpt>
    <trkpt lat="50.8977291" lon="6.9877017">
      <time>2020-06-15T10:25:57Z</time>
    </trkpt>
    <trkpt lat="50.8976582" lon="6.9876091">
      <time>2020-06-15T10:25:59Z</time>
    </trkpt>
    <trkpt lat="50.8976229" lon="6.9875144">
      <time>2020-06-15T10:26:02Z</time>
    </trkpt>
    <trkpt lat="50.8976300" lon="6.9874983">
      <time>2020-06-15T10:26:03Z</time>
    </trkpt>
    <trkpt lat="50.8976489" lon="6.9875199">
      <time>2020-06-15T10:26:04Z</time>
    </trkpt>
    <trkpt lat="50.8976186" lon="6.9874738">
      <time>2020-06-15T10:26:06Z</time>
    </trkpt>
    <trkpt lat="50.8976152" lon="6.9874713">
      <time>2020-06-15T10:26:07Z</time>
    </trkpt>
    <trkpt lat="50.8974895" lon="6.9873145">
      <time>2020-06-15T10:26:11Z</time>
    </trkpt>
    <trkpt lat="50.8974590" lon="6.9872747">
      <time>2020-06-15T10:26:12Z</time>
    </trkpt>
    <trkpt lat="50.8972997" lon="6.9870400">
      <time>2020-06-15T10:26:18Z</time>
    </trkpt>
    <trkpt lat="50.8970593" lon="6.9868253">
      <time>2020-06-15T10:26:25Z</time>
    </trkpt>
    <trkpt lat="50.8970318" lon="6.9868232">
      <time>2020-06-15T10:26:26Z</time>
    </trkpt>
    <trkpt lat="50.8969815" lon="6.9868618">
      <time>2020-06-15T10:26:28Z</time>
    </trkpt>
    <trkpt lat="50.8969712" lon="6.9869513">
      <time>2020-06-15T10:26:30Z</time>
    </trkpt>
    <trkpt lat="50.8969879" lon="6.9869922">
      <time>2020-06-15T10:26:31Z</time>
    </trkpt>
    <trkpt lat="50.8971622" lon="6.9871501">
      <time>2020-06-15T10:26:37Z</time>
    </trkpt>
    <trkpt lat="50.8972162" lon="6.9872079">
      <time>2020-06-15T10:26:39Z</time>
    </trkpt>
    <trkpt lat="50.8972820" lon="6.9873147">
      <time>2020-06-15T10:26:42Z</time>
    </trkpt>
    <trkpt lat="50.8973851" lon="6.9874452">
      <time>2020-06-15T10:26:45Z</time>
    </trkpt>
    <trkpt lat="50.8974508" lon="6.9875250">
      <time>2020-06-15T10:26:47Z</time>
    </trkpt>
    <trkpt lat="50.8975204" lon="6.9875993">
      <time>2020-06-15T10:26:49Z</time>
    </trkpt>
    <trkpt lat="50.8976320" lon="6.9877533">
      <time>2020-06-15T10:26:52Z</time>
    </trkpt>
    <trkpt lat="50.8979319" lon="6.9880833">
      <time>2020-06-15T10:27:00Z</time>
    </trkpt>
    <trkpt lat="50.8979974" lon="6.9881674">
      <time>2020-06-15T10:27:02Z</time>
    </trkpt>
    <trkpt lat="50.8980629" lon="6.9882508">
      <time>2020-06-15T10:27:04Z</time>
    </trkpt>
    <trkpt lat="50.8981407" lon="6.9883373">
      <time>2020-06-15T10:27:06Z</time>
    </trkpt>
    <trkpt lat="50.8982483" lon="6.9884682">
      <time>2020-06-15T10:27:09Z</time>
    </trkpt>
    <trkpt lat="50.8982788" lon="6.9884958">
      <time>2020-06-15T10:27:10Z</time>
    </trkpt>
    <trkpt lat="50.8983934" lon="6.9886280">
      <time>2020-06-15T10:27:13Z</time>
    </trkpt>
    <trkpt lat="50.8984242" lon="6.9886801">
      <time>2020-06-15T10:27:14Z</time>
    </trkpt>
    <trkpt lat="50.8984939" lon="6.9887675">
      <time>2020-06-15T10:27:16Z</time>
    </trkpt>
    <trkpt lat="50.8989384" lon="6.9892598">
      <time>2020-06-15T10:27:27Z</time>
    </trkpt>
    <trkpt lat="50.8991369" lon="6.9894808">
      <time>2020-06-15T10:27:32Z</time>
    </trkpt>
    <trkpt lat="50.8992593" lon="6.9896272">
      <time>2020-06-15T10:27:35Z</time>
    </trkpt>
    <trkpt lat="50.8993413" lon="6.9897276">
      <time>2020-06-15T10:27:37Z</time>
    </trkpt>
    <trkpt lat="50.8995969" lon="6.9900183">
      <time>2020-06-15T10:27:43Z</time>
    </trkpt>
    <trkpt lat="50.8997335" lon="6.9901807">
      <time>2020-06-15T10:27:46Z</time>
    </trkpt>
    <trkpt lat="50.9001324" lon="6.9906503">
      <time>2020-06-15T10:27:54Z</time>
    </trkpt>
    <trkpt lat="50.9005085" lon="6.9910896">
      <time>2020-06-15T10:28:02Z</time>
    </trkpt>
    <trkpt lat="50.9009130" lon="6.9915424">
      <time>2020-06-15T10:28:10Z</time>
    </trkpt>
    <trkpt lat="50.9011075" lon="6.9917675">
      <time>2020-06-15T10:28:14Z</time>
    </trkpt>
    <trkpt lat="50.9012415" lon="6.9919555">
      <time>2020-06-15T10:28:17Z</time>
    </trkpt>
    <trkpt lat="50.9013459" lon="6.9920580">
      <time>2020-06-15T10:28:19Z</time>
    </trkpt>
    <trkpt lat="50.9014463" lon="6.9921820">
      <time>2020-06-15T10:28:21Z</time>
    </trkpt>
    <trkpt lat="50.9018737" lon="6.9926768">
      <time>2020-06-15T10:28:29Z</time>
    </trkpt>
    <trkpt lat="50.9023278" lon="6.9931574">
      <time>2020-06-15T10:28:37Z</time>
    </trkpt>
    <trkpt lat="50.9024881" lon="6.9933058">
      <time>2020-06-15T10:28:40Z</time>
    </trkpt>
    <trkpt lat="50.9027093" lon="6.9935540">
      <time>2020-06-15T10:28:44Z</time>
    </trkpt>
    <trkpt lat="50.9028644" lon="6.9937267">
      <time>2020-06-15T10:28:47Z</time>
    </trkpt>
    <trkpt lat="50.9029991" lon="6.9938746">
      <time>2020-06-15T10:28:50Z</time>
    </trkpt>
    <trkpt lat="50.9031134" lon="6.9940082">
      <time>2020-06-15T10:28:53Z</time>
    </trkpt>
    <trkpt lat="50.9031799" lon="6.9940864">
      <time>2020-06-15T10:28:55Z</time>
    </trkpt>
    <trkpt lat="50.9033388" lon="6.9942865">
      <time>2020-06-15T10:29:01Z</time>
    </trkpt>
    <trkpt lat="50.9033551" lon="6.9942902">
      <time>2020-06-15T10:29:02Z</time>
    </trkpt>
    <trkpt lat="50.9033705" lon="6.9942366">
      <time>2020-06-15T10:29:04Z</time>
    </trkpt>
    <trkpt lat="50.9033610" lon="6.9942030">
      <time>2020-06-15T10:29:05Z</time>
    </trkpt>
    <trkpt lat="50.9033010" lon="6.9940975">
      <time>2020-06-15T10:29:07Z</time>
    </trkpt>
    <trkpt lat="50.9031130" lon="6.9937985">
      <time>2020-06-15T10:29:11Z</time>
    </trkpt>
    <trkpt lat="50.9028593" lon="6.9933703">
      <time>2020-06-15T10:29:17Z</time>
    </trkpt>
    <trkpt lat="50.9028124" lon="6.9932353">
      <time>2020-06-15T10:29:19Z</time>
    </trkpt>
    <trkpt lat="50.9027781" lon="6.9931765">
      <time>2020-06-15T10:29:20Z</time>
    </trkpt>
    <trkpt lat="50.9026796" lon="6.9930686">
      <time>2020-06-15T10:29:22Z</time>
    </trkpt>
    <trkpt lat="50.9025349" lon="6.9929330">
      <time>2020-06-15T10:29:25Z</time>
    </trkpt>
    <trkpt lat="50.9024420" lon="6.9928419">
      <time>2020-06-15T10:29:27Z</time>
    </trkpt>
    <trkpt lat="50.9022660" lon="6.9926544">
      <time>2020-06-15T10:29:31Z</time>
    </trkpt>
    <trkpt lat="50.9020811" lon="6.9924724">
      <time>2020-06-15T10:29:35Z</time>
    </trkpt>
    <trkpt lat="50.9019837" lon="6.9924023">
      <time>2020-06-15T10:29:37Z</time>
    </trkpt>
    <trkpt lat="50.9019351" lon="6.9923853">
      <time>2020-06-15T10:29:38Z</time>
    </trkpt>
    <trkpt lat="50.9018392" lon="6.9924305">
      <time>2020-06-15T10:29:40Z</time>
    </trkpt>
    <trkpt lat="50.9017652" lon="6.9925424">
      <time>2020-06-15T10:29:42Z</time>
    </trkpt>
    <trkpt lat="50.9016311" lon="6.9928856">
      <time>2020-06-15T10:29:48Z</time>
    </trkpt>
    <trkpt lat="50.9016024" lon="6.9930125">
      <time>2020-06-15T10:29:50Z</time>
    </trkpt>
    <trkpt lat="50.9015093" lon="6.9931782">
      <time>2020-06-15T10:29:52Z</time>
    </trkpt>
    <trkpt lat="50.9014712" lon="6.9932649">
      <time>2020-06-15T10:29:53Z</time>
    </trkpt>
    <trkpt lat="50.9013235" lon="6.9934814">
      <time>2020-06-15T10:29:56Z</time>
    </trkpt>
    <trkpt lat="50.9011030" lon="6.9938802">
      <time>2020-06-15T10:30:01Z</time>
    </trkpt>
    <trkpt lat="50.9010623" lon="6.9939621">
      <time>2020-06-15T10:30:02Z</time>
    </trkpt>
    <trkpt lat="50.9007739" lon="6.9945290">
      <time>2020-06-15T10:30:09Z</time>
    </trkpt>
    <trkpt lat="50.9006071" lon="6.9948819">
      <time>2020-06-15T10:30:13Z</time>
    </trkpt>
    <trkpt lat="50.9005175" lon="6.9950334">
      <time>2020-06-15T10:30:15Z</time>
    </trkpt>
    <trkpt lat="50.9004175" lon="6.9952206">
      <time>2020-06-15T10:30:17Z</time>
    </trkpt>
    <trkpt lat="50.9002143" lon="6.9956800">
      <time>2020-06-15T10:30:22Z</time>
    </trkpt>
    <trkpt lat="50.9000410" lon="6.9960410">
      <time>2020-06-15T10:30:26Z</time>
    </trkpt>
    <trkpt lat="50.8999621" lon="6.9962305">
      <time>2020-06-15T10:30:28Z</time>
    </trkpt>
    <trkpt lat="50.8998894" lon="6.9964125">
      <time>2020-06-15T10:30:30Z</time>
    </trkpt>
    <trkpt lat="50.8997771" lon="6.9966862">
      <time>2020-06-15T10:30:33Z</time>
    </trkpt>
    <trkpt lat="50.8997101" lon="6.9968720">
      <time>2020-06-15T10:30:35Z</time>
    </trkpt>
    <trkpt lat="50.8996010" lon="6.9971409">
      <time>2020-06-15T10:30:38Z</time>
    </trkpt>
    <trkpt lat="50.8994941" lon="6.9974043">
      <time>2020-06-15T10:30:41Z</time>
    </trkpt>
    <trkpt lat="50.8993216" lon="6.9978481">
      <time>2020-06-15T10:30:46Z</time>
    </trkpt>
    <trkpt lat="50.8991261" lon="6.9983672">
      <time>2020-06-15T10:30:52Z</time>
    </trkpt>
    <trkpt lat="50.8989098" lon="6.9989411">
      <time>2020-06-15T10:30:59Z</time>
    </trkpt>
    <trkpt lat="50.8988760" lon="6.9990192">
      <time>2020-06-15T10:31:00Z</time>
    </trkpt>
    <trkpt lat="50.8987495" lon="6.9993451">
      <time>2020-06-15T10:31:04Z</time>
    </trkpt>
    <trkpt lat="50.8986674" lon="6.9996002">
      <time>2020-06-15T10:31:07Z</time>
    </trkpt>
    <trkpt lat="50.8986425" lon="6.9996894">
      <time>2020-06-15T10:31:08Z</time>
    </trkpt>
    <trkpt lat="50.8985895" lon="6.9998879">
      <time>2020-06-15T10:31:10Z</time>
    </trkpt>
    <trkpt lat="50.8985352" lon="7.0000907">
      <time>2020-06-15T10:31:12Z</time>
    </trkpt>
    <trkpt lat="50.8984367" lon="7.0005750">
      <time>2020-06-15T10:31:17Z</time>
    </trkpt>
    <trkpt lat="50.8983738" lon="7.0006767">
      <time>2020-06-15T10:31:19Z</time>
    </trkpt>
    <trkpt lat="50.8983366" lon="7.0006923">
      <time>2020-06-15T10:31:20Z</time>
    </trkpt>
    <trkpt lat="50.8982909" lon="7.0006769">
      <time>2020-06-15T10:31:21Z</time>
    </trkpt>
    <trkpt lat="50.8981862" lon="7.0005968">
      <time>2020-06-15T10:31:23Z</time>
    </trkpt>
    <trkpt lat="50.8980837" lon="7.0005333">
      <time>2020-06-15T10:31:25Z</time>
    </trkpt>
    <trkpt lat="50.8980384" lon="7.0005560">
      <time>2020-06-15T10:31:26Z</time>
    </trkpt>
    <trkpt lat="50.8980052" lon="7.0006194">
      <time>2020-06-15T10:31:27Z</time>
    </trkpt>
    <trkpt lat="50.8979568" lon="7.0007716">
      <time>2020-06-15T10:31:29Z</time>
    </trkpt>
    <trkpt lat="50.8979375" lon="7.0008596">
      <time>2020-06-15T10:31:30Z</time>
    </trkpt>
    <trkpt lat="50.8978937" lon="7.0011333">
      <time>2020-06-15T10:31:33Z</time>
    </trkpt>
    <trkpt lat="50.8978620" lon="7.0013381">
      <time>2020-06-15T10:31:35Z</time>
    </trkpt>
    <trkpt lat="50.8978258" lon="7.0015432">
      <time>2020-06-15T10:31:37Z</time>
    </trkpt>
    <trkpt lat="50.8977388" lon="7.0017050">
      <time>2020-06-15T10:31:39Z</time>
    </trkpt>
    <trkpt lat="50.8976827" lon="7.0017755">
      <time>2020-06-15T10:31:40Z</time>
    </trkpt>
    <trkpt lat="50.8976305" lon="7.0018574">
      <time>2020-06-15T10:31:41Z</time>
    </trkpt>
    <trkpt lat="50.8975676" lon="7.0020775">
      <time>2020-06-15T10:31:43Z</time>
    </trkpt>
    <trkpt lat="50.8974724" lon="7.0026287">
      <time>2020-06-15T10:31:48Z</time>
    </trkpt>
    <trkpt lat="50.8974485" lon="7.0027307">
      <time>2020-06-15T10:31:49Z</time>
    </trkpt>
    <trkpt lat="50.8973702" lon="7.0030284">
      <time>2020-06-15T10:31:52Z</time>
    </trkpt>
    <trkpt lat="50.8973388" lon="7.0032519">
      <time>2020-06-15T10:31:54Z</time>
    </trkpt>
    <trkpt lat="50.8972899" lon="7.0035904">
      <time>2020-06-15T10:31:57Z</time>
    </trkpt>
    <trkpt lat="50.8972362" lon="7.0040139">
      <time>2020-06-15T10:32:01Z</time>
    </trkpt>
    <trkpt lat="50.8972488" lon="7.0041094">
      <time>2020-06-15T10:32:02Z</time>
    </trkpt>
    <trkpt lat="50.8972775" lon="7.0041804">
      <time>2020-06-15T10:32:03Z</time>
    </trkpt>
    <trkpt lat="50.8973213" lon="7.0042177">
      <time>2020-06-15T10:32:04Z</time>
    </trkpt>
    <trkpt lat="50.8973734" lon="7.0042408">
      <time>2020-06-15T10:32:05Z</time>
    </trkpt>
    <trkpt lat="50.8976074" lon="7.0043086">
      <time>2020-06-15T10:32:09Z</time>
    </trkpt>
    <trkpt lat="50.8976626" lon="7.0043215">
      <time>2020-06-15T10:32:10Z</time>
    </trkpt>
    <trkpt lat="50.8977529" lon="7.0043713">
      <time>2020-06-15T10:32:12Z</time>
    </trkpt>
    <trkpt lat="50.8977768" lon="7.0044312">
      <time>2020-06-15T10:32:13Z</time>
    </trkpt>
    <trkpt lat="50.8977817" lon="7.0045067">
      <time>2020-06-15T10:32:14Z</time>
    </trkpt>
    <trkpt lat="50.8977706" lon="7.0046582">
      <time>2020-06-15T10:32:16Z</time>
    </trkpt>
    <trkpt lat="50.8977299" lon="7.0051858">
      <time>2020-06-15T10:32:22Z</time>
    </trkpt>
    <trkpt lat="50.8976842" lon="7.0057113">
      <time>2020-06-15T10:32:28Z</time>
    </trkpt>
    <trkpt lat="50.8976798" lon="7.0058015">
      <time>2020-06-15T10:32:29Z</time>
    </trkpt>
    <trkpt lat="50.8975904" lon="7.0065423">
      <time>2020-06-15T10:32:37Z</time>
    </trkpt>
    <trkpt lat="50.8974963" lon="7.0071543">
      <time>2020-06-15T10:32:43Z</time>
    </trkpt>
    <trkpt lat="50.8974453" lon="7.0074589">
      <time>2020-06-15T10:32:46Z</time>
    </trkpt>
    <trkpt lat="50.8973152" lon="7.0083414">
      <time>2020-06-15T10:32:55Z</time>
    </trkpt>
    <trkpt lat="50.8972619" lon="7.0087334">
      <time>2020-06-15T10:32:59Z</time>
    </trkpt>
    <trkpt lat="50.8971901" lon="7.0092250">
      <time>2020-06-15T10:33:04Z</time>
    </trkpt>
    <trkpt lat="50.8971167" lon="7.0097133">
      <time>2020-06-15T10:33:09Z</time>
    </trkpt>
    <trkpt lat="50.8970584" lon="7.0101681">
      <time>2020-06-15T10:33:14Z</time>
    </trkpt>
    <trkpt lat="50.8970189" lon="7.0104480">
      <time>2020-06-15T10:33:17Z</time>
    </trkpt>
    <trkpt lat="50.8969932" lon="7.0106400">
      <time>2020-06-15T10:33:19Z</time>
    </trkpt>
    <trkpt lat="50.8969836" lon="7.0107350">
      <time>2020-06-15T10:33:20Z</time>
    </trkpt>
    <trkpt lat="50.8969213" lon="7.0111137">
      <time>2020-06-15T10:33:24Z</time>
    </trkpt>
    <trkpt lat="50.8969078" lon="7.0112095">
      <time>2020-06-15T10:33:25Z</time>
    </trkpt>
    <trkpt lat="50.8968068" lon="7.0118440">
      <time>2020-06-15T10:33:32Z</time>
    </trkpt>
    <trkpt lat="50.8967523" lon="7.0122061">
      <time>2020-06-15T10:33:36Z</time>
    </trkpt>
    <trkpt lat="50.8966782" lon="7.0126597">
      <time>2020-06-15T10:33:41Z</time>
    </trkpt>
    <trkpt lat="50.8966349" lon="7.0129303">
      <time>2020-06-15T10:33:44Z</time>
    </trkpt>
    <trkpt lat="50.8965827" lon="7.0133748">
      <time>2020-06-15T10:33:49Z</time>
    </trkpt>
    <trkpt lat="50.8965694" lon="7.0134632">
      <time>2020-06-15T10:33:50Z</time>
    </trkpt>
    <trkpt lat="50.8964876" lon="7.0139539">
      <time>2020-06-15T10:33:56Z</time>
    </trkpt>
    <trkpt lat="50.8964625" lon="7.0141185">
      <time>2020-06-15T10:33:58Z</time>
    </trkpt>
    <trkpt lat="50.8964530" lon="7.0142779">
      <time>2020-06-15T10:34:00Z</time>
    </trkpt>
    <trkpt lat="50.8964466" lon="7.0144317">
      <time>2020-06-15T10:34:02Z</time>
    </trkpt>
    <trkpt lat="50.8964527" lon="7.0145947">
      <time>2020-06-15T10:34:04Z</time>
    </trkpt>
    <trkpt lat="50.8964214" lon="7.0147752">
      <time>2020-06-15T10:34:06Z</time>
    </trkpt>
    <trkpt lat="50.8964004" lon="7.0148560">
      <time>2020-06-15T10:34:07Z</time>
    </trkpt>
    <trkpt lat="50.8963457" lon="7.0150284">
      <time>2020-06-15T10:34:09Z</time>
    </trkpt>
    <trkpt lat="50.8963094" lon="7.0152216">
      <time>2020-06-15T10:34:11Z</time>
    </trkpt>
    <trkpt lat="50.8962344" lon="7.0158482">
      <time>2020-06-15T10:34:17Z</time>
    </trkpt>
    <trkpt lat="50.8962070" lon="7.0164426">
      <time>2020-06-15T10:34:23Z</time>
    </trkpt>
    <trkpt lat="50.8962001" lon="7.0168928">
      <time>2020-06-15T10:34:28Z</time>
    </trkpt>
    <trkpt lat="50.8962068" lon="7.0171606">
      <time>2020-06-15T10:34:31Z</time>
    </trkpt>
    <trkpt lat="50.8961977" lon="7.0176944">
      <time>2020-06-15T10:34:37Z</time>
    </trkpt>
    <trkpt lat="50.8962009" lon="7.0178780">
      <time>2020-06-15T10:34:39Z</time>
    </trkpt>
    <trkpt lat="50.8961890" lon="7.0186086">
      <time>2020-06-15T10:34:46Z</time>
    </trkpt>
    <trkpt lat="50.8962252" lon="7.0193938">
      <time>2020-06-15T10:34:54Z</time>
    </trkpt>
    <trkpt lat="50.8962460" lon="7.0199591">
      <time>2020-06-15T10:35:00Z</time>
    </trkpt>
    <trkpt lat="50.8962507" lon="7.0205680">
      <time>2020-06-15T10:35:06Z</time>
    </trkpt>
    <trkpt lat="50.8962651" lon="7.0212664">
      <time>2020-06-15T10:35:13Z</time>
    </trkpt>
    <trkpt lat="50.8962814" lon="7.0221830">
      <time>2020-06-15T10:35:22Z</time>
    </trkpt>
    <trkpt lat="50.8963285" lon="7.0230978">
      <time>2020-06-15T10:35:31Z</time>
    </trkpt>
    <trkpt lat="50.8963559" lon="7.0240276">
      <time>2020-06-15T10:35:40Z</time>
    </trkpt>
    <trkpt lat="50.8963724" lon="7.0247660">
      <time>2020-06-15T10:35:47Z</time>
    </trkpt>
    <trkpt lat="50.8964007" lon="7.0254941">
      <time>2020-06-15T10:35:53Z</time>
    </trkpt>
    <trkpt lat="50.8964129" lon="7.0258886">
      <time>2020-06-15T10:35:56Z</time>
    </trkpt>
    <trkpt lat="50.8964294" lon="7.0263047">
      <time>2020-06-15T10:35:59Z</time>
    </trkpt>
    <trkpt lat="50.8964276" lon="7.0265775">
      <time>2020-06-15T10:36:01Z</time>
    </trkpt>
    <trkpt lat="50.8964410" lon="7.0271072">
      <time>2020-06-15T10:36:05Z</time>
    </trkpt>
    <trkpt lat="50.8964517" lon="7.0275919">
      <time>2020-06-15T10:36:09Z</time>
    </trkpt>
    <trkpt lat="50.8964634" lon="7.0278080">
      <time>2020-06-15T10:36:11Z</time>
    </trkpt>
    <trkpt lat="50.8964750" lon="7.0280244">
      <time>2020-06-15T10:36:13Z</time>
    </trkpt>
    <trkpt lat="50.8964681" lon="7.0282622">
      <time>2020-06-15T10:36:15Z</time>
    </trkpt>
    <trkpt lat="50.8964652" lon="7.0283773">
      <time>2020-06-15T10:36:16Z</time>
    </trkpt>
    <trkpt lat="50.8964597" lon="7.0287185">
      <time>2020-06-15T10:36:19Z</time>
    </trkpt>
    <trkpt lat="50.8964406" lon="7.0294004">
      <time>2020-06-15T10:36:25Z</time>
    </trkpt>
    <trkpt lat="50.8964292" lon="7.0299641">
      <time>2020-06-15T10:36:30Z</time>
    </trkpt>
    <trkpt lat="50.8964217" lon="7.0301908">
      <time>2020-06-15T10:36:32Z</time>
    </trkpt>
    <trkpt lat="50.8963806" lon="7.0310643">
      <time>2020-06-15T10:36:40Z</time>
    </trkpt>
    <trkpt lat="50.8963629" lon="7.0312727">
      <time>2020-06-15T10:36:42Z</time>
    </trkpt>
    <trkpt lat="50.8962940" lon="7.0320014">
      <time>2020-06-15T10:36:49Z</time>
    </trkpt>
    <trkpt lat="50.8962586" lon="7.0323272">
      <time>2020-06-15T10:36:52Z</time>
    </trkpt>
    <trkpt lat="50.8961743" lon="7.0331957">
      <time>2020-06-15T10:37:00Z</time>
    </trkpt>
    <trkpt lat="50.8960713" lon="7.0340361">
      <time>2020-06-15T10:37:08Z</time>
    </trkpt>
    <trkpt lat="50.8960249" lon="7.0344718">
      <time>2020-06-15T10:37:12Z</time>
    </trkpt>
    <trkpt lat="50.8959233" lon="7.0353627">
      <time>2020-06-15T10:37:20Z</time>
    </trkpt>
    <trkpt lat="50.8958208" lon="7.0362555">
      <time>2020-06-15T10:37:28Z</time>
    </trkpt>
    <trkpt lat="50.8958071" lon="7.0363649">
      <time>2020-06-15T10:37:29Z</time>
    </trkpt>
    <trkpt lat="50.8957700" lon="7.0366949">
      <time>2020-06-15T10:37:32Z</time>
    </trkpt>
    <trkpt lat="50.8956838" lon="7.0373577">
      <time>2020-06-15T10:37:38Z</time>
    </trkpt>
    <trkpt lat="50.8956317" lon="7.0376955">
      <time>2020-06-15T10:37:41Z</time>
    </trkpt>
    <trkpt lat="50.8955809" lon="7.0380256">
      <time>2020-06-15T10:37:44Z</time>
    </trkpt>
    <trkpt lat="50.8955273" lon="7.0383391">
      <time>2020-06-15T10:37:47Z</time>
    </trkpt>
    <trkpt lat="50.8954217" lon="7.0388383">
      <time>2020-06-15T10:37:52Z</time>
    </trkpt>
    <trkpt lat="50.8953425" lon="7.0392488">
      <time>2020-06-15T10:37:56Z</time>
    </trkpt>
    <trkpt lat="50.8951720" lon="7.0400040">
      <time>2020-06-15T10:38:03Z</time>
    </trkpt>
    <trkpt lat="50.8949840" lon="7.0408234">
      <time>2020-06-15T10:38:11Z</time>
    </trkpt>
    <trkpt lat="50.8949103" lon="7.0411350">
      <time>2020-06-15T10:38:14Z</time>
    </trkpt>
    <trkpt lat="50.8946894" lon="7.0420185">
      <time>2020-06-15T10:38:23Z</time>
    </trkpt>
    <trkpt lat="50.8946639" lon="7.0421181">
      <time>2020-06-15T10:38:24Z</time>
    </trkpt>
    <trkpt lat="50.8946117" lon="7.0423148">
      <time>2020-06-15T10:38:26Z</time>
    </trkpt>
    <trkpt lat="50.8945319" lon="7.0426196">
      <time>2020-06-15T10:38:29Z</time>
    </trkpt>
    <trkpt lat="50.8944261" lon="7.0430204">
      <time>2020-06-15T10:38:33Z</time>
    </trkpt>
    <trkpt lat="50.8941601" lon="7.0437626">
      <time>2020-06-15T10:38:41Z</time>
    </trkpt>
    <trkpt lat="50.8938635" lon="7.0445333">
      <time>2020-06-15T10:38:49Z</time>
    </trkpt>
    <trkpt lat="50.8937925" lon="7.0447236">
      <time>2020-06-15T10:38:51Z</time>
    </trkpt>
    <trkpt lat="50.8934967" lon="7.0454589">
      <time>2020-06-15T10:38:59Z</time>
    </trkpt>
    <trkpt lat="50.8934253" lon="7.0456386">
      <time>2020-06-15T10:39:01Z</time>
    </trkpt>
    <trkpt lat="50.8930794" lon="7.0463961">
      <time>2020-06-15T10:39:10Z</time>
    </trkpt>
    <trkpt lat="50.8930376" lon="7.0464803">
      <time>2020-06-15T10:39:11Z</time>
    </trkpt>
    <trkpt lat="50.8927290" lon="7.0470402">
      <time>2020-06-15T10:39:18Z</time>
    </trkpt>
    <trkpt lat="50.8925129" lon="7.0474304">
      <time>2020-06-15T10:39:23Z</time>
    </trkpt>
    <trkpt lat="50.8923425" lon="7.0477437">
      <time>2020-06-15T10:39:27Z</time>
    </trkpt>
    <trkpt lat="50.8920242" lon="7.0482674">
      <time>2020-06-15T10:39:34Z</time>
    </trkpt>
    <trkpt lat="50.8919029" lon="7.0484644">
      <time>2020-06-15T10:39:37Z</time>
    </trkpt>
    <trkpt lat="50.8917309" lon="7.0487062">
      <time>2020-06-15T10:39:41Z</time>
    </trkpt>
    <trkpt lat="50.8916310" lon="7.0488158">
      <time>2020-06-15T10:39:43Z</time>
    </trkpt>
    <trkpt lat="50.8912771" lon="7.0492440">
      <time>2020-06-15T10:39:50Z</time>
    </trkpt>
    <trkpt lat="50.8909191" lon="7.0497048">
      <time>2020-06-15T10:39:57Z</time>
    </trkpt>
    <trkpt lat="50.8906718" lon="7.0500318">
      <time>2020-06-15T10:40:02Z</time>
    </trkpt>
    <trkpt lat="50.8903478" lon="7.0504987">
      <time>2020-06-15T10:40:09Z</time>
    </trkpt>
    <trkpt lat="50.8899762" lon="7.0509255">
      <time>2020-06-15T10:40:16Z</time>
    </trkpt>
    <trkpt lat="50.8895785" lon="7.0513311">
      <time>2020-06-15T10:40:23Z</time>
    </trkpt>
    <trkpt lat="50.8894640" lon="7.0514391">
      <time>2020-06-15T10:40:25Z</time>
    </trkpt>
    <trkpt lat="50.8892967" lon="7.0516268">
      <time>2020-06-15T10:40:28Z</time>
    </trkpt>
    <trkpt lat="50.8891698" lon="7.0518378">
      <time>2020-06-15T10:40:31Z</time>
    </trkpt>
    <trkpt lat="50.8890729" lon="7.0519363">
      <time>2020-06-15T10:40:33Z</time>
    </trkpt>
    <trkpt lat="50.8889623" lon="7.0520168">
      <time>2020-06-15T10:40:35Z</time>
    </trkpt>
    <trkpt lat="50.8889087" lon="7.0520666">
      <time>2020-06-15T10:40:36Z</time>
    </trkpt>
    <trkpt lat="50.8886895" lon="7.0522746">
      <time>2020-06-15T10:40:40Z</time>
    </trkpt>
    <trkpt lat="50.8883309" lon="7.0525092">
      <time>2020-06-15T10:40:45Z</time>
    </trkpt>
    <trkpt lat="50.8878052" lon="7.0528121">
      <time>2020-06-15T10:40:52Z</time>
    </trkpt>
    <trkpt lat="50.8876545" lon="7.0528888">
      <time>2020-06-15T10:40:54Z</time>
    </trkpt>
    <trkpt lat="50.8875018" lon="7.0529817">
      <time>2020-06-15T10:40:56Z</time>
    </trkpt>
    <trkpt lat="50.8871315" lon="7.0532468">
      <time>2020-06-15T10:41:01Z</time>
    </trkpt>
    <trkpt lat="50.8870578" lon="7.0533070">
      <time>2020-06-15T10:41:02Z</time>
    </trkpt>
    <trkpt lat="50.8868319" lon="7.0534419">
      <time>2020-06-15T10:41:05Z</time>
    </trkpt>
    <trkpt lat="50.8865864" lon="7.0536479">
      <time>2020-06-15T10:41:09Z</time>
    </trkpt>
    <trkpt lat="50.8865415" lon="7.0537060">
      <time>2020-06-15T10:41:10Z</time>
    </trkpt>
    <trkpt lat="50.8865062" lon="7.0537453">
      <time>2020-06-15T10:41:11Z</time>
    </trkpt>
    <trkpt lat="50.8864402" lon="7.0537991">
      <time>2020-06-15T10:41:13Z</time>
    </trkpt>
    <trkpt lat="50.8861919" lon="7.0539079">
      <time>2020-06-15T10:41:18Z</time>
    </trkpt>
    <trkpt lat="50.8861322" lon="7.0539375">
      <time>2020-06-15T10:41:19Z</time>
    </trkpt>
    <trkpt lat="50.8860731" lon="7.0539635">
      <time>2020-06-15T10:41:20Z</time>
    </trkpt>
    <trkpt lat="50.8859766" lon="7.0540064">
      <time>2020-06-15T10:41:22Z</time>
    </trkpt>
    <trkpt lat="50.8858632" lon="7.0540339">
      <time>2020-06-15T10:41:24Z</time>
    </trkpt>
    <trkpt lat="50.8856054" lon="7.0540718">
      <time>2020-06-15T10:41:29Z</time>
    </trkpt>
    <trkpt lat="50.8855094" lon="7.0541030">
      <time>2020-06-15T10:41:31Z</time>
    </trkpt>
    <trkpt lat="50.8853842" lon="7.0541375">
      <time>2020-06-15T10:41:33Z</time>
    </trkpt>
    <trkpt lat="50.8852350" lon="7.0541690">
      <time>2020-06-15T10:41:36Z</time>
    </trkpt>
    <trkpt lat="50.8851837" lon="7.0541796">
      <time>2020-06-15T10:41:37Z</time>
    </trkpt>
    <trkpt lat="50.8849822" lon="7.0542152">
      <time>2020-06-15T10:41:41Z</time>
    </trkpt>
    <trkpt lat="50.8848859" lon="7.0542490">
      <time>2020-06-15T10:41:43Z</time>
    </trkpt>
    <trkpt lat="50.8848419" lon="7.0542567">
      <time>2020-06-15T10:41:44Z</time>
    </trkpt>
    <trkpt lat="50.8848015" lon="7.0542699">
      <time>2020-06-15T10:41:45Z</time>
    </trkpt>
    <trkpt lat="50.8847210" lon="7.0543130">
      <time>2020-06-15T10:41:47Z</time>
    </trkpt>
    <trkpt lat="50.8846791" lon="7.0543292">
      <time>2020-06-15T10:41:48Z</time>
    </trkpt>
    <trkpt lat="50.8844582" lon="7.0544142">
      <time>2020-06-15T10:41:53Z</time>
    </trkpt>
    <trkpt lat="50.8843603" lon="7.0544301">
      <time>2020-06-15T10:41:55Z</time>
    </trkpt>
    <trkpt lat="50.8841891" lon="7.0544606">
      <time>2020-06-15T10:41:59Z</time>
    </trkpt>
    <trkpt lat="50.8841311" lon="7.0544644">
      <time>2020-06-15T10:42:01Z</time>
    </trkpt>
    <trkpt lat="50.8839291" lon="7.0545287">
      <time>2020-06-15T10:42:06Z</time>
    </trkpt>
    <trkpt lat="50.8836409" lon="7.0545687">
      <time>2020-06-15T10:42:13Z</time>
    </trkpt>
    <trkpt lat="50.8834345" lon="7.0545641">
      <time>2020-06-15T10:42:17Z</time>
    </trkpt>
    <trkpt lat="50.8831075" lon="7.0545762">
      <time>2020-06-15T10:42:23Z</time>
    </trkpt>
    <trkpt lat="50.8830159" lon="7.0545559">
      <time>2020-06-15T10:42:25Z</time>
    </trkpt>
    <trkpt lat="50.8826830" lon="7.0545345">
      <time>2020-06-15T10:42:31Z</time>
    </trkpt>
    <trkpt lat="50.8825837" lon="7.0545173">
      <time>2020-06-15T10:42:33Z</time>
    </trkpt>
    <trkpt lat="50.8824699" lon="7.0545062">
      <time>2020-06-15T10:42:35Z</time>
    </trkpt>
    <trkpt lat="50.8823050" lon="7.0545123">
      <time>2020-06-15T10:42:38Z</time>
    </trkpt>
    <trkpt lat="50.8819229" lon="7.0544726">
      <time>2020-06-15T10:42:45Z</time>
    </trkpt>
    <trkpt lat="50.8815743" lon="7.0543987">
      <time>2020-06-15T10:42:52Z</time>
    </trkpt>
    <trkpt lat="50.8815226" lon="7.0544076">
      <time>2020-06-15T10:42:53Z</time>
    </trkpt>
    <trkpt lat="50.8814421" lon="7.0545211">
      <time>2020-06-15T10:42:56Z</time>
    </trkpt>
    <trkpt lat="50.8813446" lon="7.0548994">
      <time>2020-06-15T10:43:02Z</time>
    </trkpt>
    <trkpt lat="50.8813289" lon="7.0549666">
      <time>2020-06-15T10:43:03Z</time>
    </trkpt>
    <trkpt lat="50.8812261" lon="7.0554066">
      <time>2020-06-15T10:43:11Z</time>
    </trkpt>
    <trkpt lat="50.8811617" lon="7.0554881">
      <time>2020-06-15T10:43:14Z</time>
    </trkpt>
    <trkpt lat="50.8809821" lon="7.0554874">
      <time>2020-06-15T10:43:19Z</time>
    </trkpt>
    <trkpt lat="50.8809424" lon="7.0554850">
      <time>2020-06-15T10:43:20Z</time>
    </trkpt>
    <trkpt lat="50.8807637" lon="7.0555440">
      <time>2020-06-15T10:43:24Z</time>
    </trkpt>
    <trkpt lat="50.8807097" lon="7.0555491">
      <time>2020-06-15T10:43:25Z</time>
    </trkpt>
    <trkpt lat="50.8806200" lon="7.0555202">
      <time>2020-06-15T10:43:27Z</time>
    </trkpt>
    <trkpt lat="50.8805754" lon="7.0555087">
      <time>2020-06-15T10:43:28Z</time>
    </trkpt>
    <trkpt lat="50.8804893" lon="7.0555430">
      <time>2020-06-15T10:43:30Z</time>
    </trkpt>
    <trkpt lat="50.8801987" lon="7.0557983">
      <time>2020-06-15T10:43:37Z</time>
    </trkpt>
    <trkpt lat="50.8800059" lon="7.0559218">
      <time>2020-06-15T10:43:41Z</time>
    </trkpt>
    <trkpt lat="50.8798517" lon="7.0560619">
      <time>2020-06-15T10:43:44Z</time>
    </trkpt>
    <trkpt lat="50.8795523" lon="7.0563914">
      <time>2020-06-15T10:43:50Z</time>
    </trkpt>
    <trkpt lat="50.8792477" lon="7.0567303">
      <time>2020-06-15T10:43:56Z</time>
    </trkpt>
    <trkpt lat="50.8791590" lon="7.0568122">
      <time>2020-06-15T10:43:58Z</time>
    </trkpt>
    <trkpt lat="50.8790763" lon="7.0568898">
      <time>2020-06-15T10:44:00Z</time>
    </trkpt>
    <trkpt lat="50.8788936" lon="7.0570860">
      <time>2020-06-15T10:44:06Z</time>
    </trkpt>
    <trkpt lat="50.8788096" lon="7.0571555">
      <time>2020-06-15T10:44:09Z</time>
    </trkpt>
    <trkpt lat="50.8787866" lon="7.0571792">
      <time>2020-06-15T10:44:11Z</time>
    </trkpt>
    <trkpt lat="50.8787802" lon="7.0571767">
      <time>2020-06-15T10:44:13Z</time>
    </trkpt>
    <trkpt lat="50.8785046" lon="7.0573460">
      <time>2020-06-15T10:48:40Z</time>
    </trkpt>
    <trkpt lat="50.8785046" lon="7.0573460">
      <time>2020-06-15T10:48:41Z</time>
    </trkpt>
    <trkpt lat="50.8785046" lon="7.0573460">
      <time>2020-06-15T10:48:42Z</time>
    </trkpt>
    <trkpt lat="50.8785583" lon="7.0573335">
      <time>2020-06-15T10:57:45Z</time>
    </trkpt>
    <trkpt lat="50.8785774" lon="7.0573125">
      <time>2020-06-15T10:57:46Z</time>
    </trkpt>
    <trkpt lat="50.8785977" lon="7.0572858">
      <time>2020-06-15T10:57:47Z</time>
    </trkpt>
    <trkpt lat="50.8787518" lon="7.0570730">
      <time>2020-06-15T10:57:54Z</time>
    </trkpt>
    <trkpt lat="50.8789145" lon="7.0569078">
      <time>2020-06-15T10:58:01Z</time>
    </trkpt>
    <trkpt lat="50.8789673" lon="7.0568482">
      <time>2020-06-15T10:58:03Z</time>
    </trkpt>
    <trkpt lat="50.8790757" lon="7.0567817">
      <time>2020-06-15T10:58:07Z</time>
    </trkpt>
    <trkpt lat="50.8791063" lon="7.0567686">
      <time>2020-06-15T10:58:08Z</time>
    </trkpt>
    <trkpt lat="50.8792221" lon="7.0566427">
      <time>2020-06-15T10:58:11Z</time>
    </trkpt>
    <trkpt lat="50.8794343" lon="7.0564044">
      <time>2020-06-15T10:58:16Z</time>
    </trkpt>
    <trkpt lat="50.8795131" lon="7.0563150">
      <time>2020-06-15T10:58:18Z</time>
    </trkpt>
    <trkpt lat="50.8796255" lon="7.0561984">
      <time>2020-06-15T10:58:21Z</time>
    </trkpt>
    <trkpt lat="50.8796909" lon="7.0561510">
      <time>2020-06-15T10:58:23Z</time>
    </trkpt>
    <trkpt lat="50.8797286" lon="7.0561130">
      <time>2020-06-15T10:58:25Z</time>
    </trkpt>
    <trkpt lat="50.8797425" lon="7.0560951">
      <time>2020-06-15T10:58:26Z</time>
    </trkpt>
    <trkpt lat="50.8797562" lon="7.0560687">
      <time>2020-06-15T10:58:27Z</time>
    </trkpt>
    <trkpt lat="50.8798512" lon="7.0560019">
      <time>2020-06-15T10:58:30Z</time>
    </trkpt>
    <trkpt lat="50.8799934" lon="7.0558868">
      <time>2020-06-15T10:58:34Z</time>
    </trkpt>
    <trkpt lat="50.8800412" lon="7.0558586">
      <time>2020-06-15T10:58:35Z</time>
    </trkpt>
    <trkpt lat="50.8800735" lon="7.0558363">
      <time>2020-06-15T10:58:36Z</time>
    </trkpt>
    <trkpt lat="50.8802476" lon="7.0557134">
      <time>2020-06-15T10:58:40Z</time>
    </trkpt>
    <trkpt lat="50.8803300" lon="7.0556779">
      <time>2020-06-15T10:58:42Z</time>
    </trkpt>
    <trkpt lat="50.8805006" lon="7.0556406">
      <time>2020-06-15T10:58:46Z</time>
    </trkpt>
    <trkpt lat="50.8805821" lon="7.0556485">
      <time>2020-06-15T10:58:48Z</time>
    </trkpt>
    <trkpt lat="50.8806658" lon="7.0556327">
      <time>2020-06-15T10:58:50Z</time>
    </trkpt>
    <trkpt lat="50.8807257" lon="7.0556300">
      <time>2020-06-15T10:58:53Z</time>
    </trkpt>
    <trkpt lat="50.8807377" lon="7.0556237">
      <time>2020-06-15T10:58:54Z</time>
    </trkpt>
    <trkpt lat="50.8808045" lon="7.0556217">
      <time>2020-06-15T10:58:58Z</time>
    </trkpt>
    <trkpt lat="50.8809195" lon="7.0556262">
      <time>2020-06-15T10:59:01Z</time>
    </trkpt>
    <trkpt lat="50.8809621" lon="7.0556212">
      <time>2020-06-15T10:59:02Z</time>
    </trkpt>
    <trkpt lat="50.8810564" lon="7.0555985">
      <time>2020-06-15T10:59:04Z</time>
    </trkpt>
    <trkpt lat="50.8811503" lon="7.0555668">
      <time>2020-06-15T10:59:07Z</time>
    </trkpt>
    <trkpt lat="50.8811743" lon="7.0555642">
      <time>2020-06-15T10:59:11Z</time>
    </trkpt>
    <trkpt lat="50.8812217" lon="7.0555360">
      <time>2020-06-15T10:59:17Z</time>
    </trkpt>
    <trkpt lat="50.8812438" lon="7.0554785">
      <time>2020-06-15T10:59:19Z</time>
    </trkpt>
    <trkpt lat="50.8813356" lon="7.0551810">
      <time>2020-06-15T10:59:25Z</time>
    </trkpt>
    <trkpt lat="50.8814335" lon="7.0547324">
      <time>2020-06-15T10:59:31Z</time>
    </trkpt>
    <trkpt lat="50.8814478" lon="7.0546804">
      <time>2020-06-15T10:59:32Z</time>
    </trkpt>
    <trkpt lat="50.8815235" lon="7.0544507">
      <time>2020-06-15T10:59:36Z</time>
    </trkpt>
    <trkpt lat="50.8815840" lon="7.0544094">
      <time>2020-06-15T10:59:38Z</time>
    </trkpt>
    <trkpt lat="50.8816385" lon="7.0544309">
      <time>2020-06-15T10:59:39Z</time>
    </trkpt>
    <trkpt lat="50.8819644" lon="7.0544922">
      <time>2020-06-15T10:59:45Z</time>
    </trkpt>
    <trkpt lat="50.8821331" lon="7.0544957">
      <time>2020-06-15T10:59:48Z</time>
    </trkpt>
    <trkpt lat="50.8823100" lon="7.0545193">
      <time>2020-06-15T10:59:51Z</time>
    </trkpt>
    <trkpt lat="50.8824921" lon="7.0545303">
      <time>2020-06-15T10:59:54Z</time>
    </trkpt>
    <trkpt lat="50.8826864" lon="7.0545451">
      <time>2020-06-15T10:59:57Z</time>
    </trkpt>
    <trkpt lat="50.8827365" lon="7.0545514">
      <time>2020-06-15T10:59:58Z</time>
    </trkpt>
    <trkpt lat="50.8827986" lon="7.0545514">
      <time>2020-06-15T10:59:59Z</time>
    </trkpt>
    <trkpt lat="50.8829853" lon="7.0545493">
      <time>2020-06-15T11:00:02Z</time>
    </trkpt>
    <trkpt lat="50.8830483" lon="7.0545440">
      <time>2020-06-15T11:00:03Z</time>
    </trkpt>
    <trkpt lat="50.8831861" lon="7.0545308">
      <time>2020-06-15T11:00:05Z</time>
    </trkpt>
    <trkpt lat="50.8833178" lon="7.0545369">
      <time>2020-06-15T11:00:07Z</time>
    </trkpt>
    <trkpt lat="50.8833688" lon="7.0545331">
      <time>2020-06-15T11:00:08Z</time>
    </trkpt>
    <trkpt lat="50.8837624" lon="7.0544952">
      <time>2020-06-15T11:00:14Z</time>
    </trkpt>
    <trkpt lat="50.8838262" lon="7.0544956">
      <time>2020-06-15T11:00:15Z</time>
    </trkpt>
    <trkpt lat="50.8840835" lon="7.0544493">
      <time>2020-06-15T11:00:20Z</time>
    </trkpt>
    <trkpt lat="50.8841278" lon="7.0544314">
      <time>2020-06-15T11:00:21Z</time>
    </trkpt>
    <trkpt lat="50.8842297" lon="7.0544085">
      <time>2020-06-15T11:00:23Z</time>
    </trkpt>
    <trkpt lat="50.8842880" lon="7.0543986">
      <time>2020-06-15T11:00:24Z</time>
    </trkpt>
    <trkpt lat="50.8845286" lon="7.0543479">
      <time>2020-06-15T11:00:28Z</time>
    </trkpt>
    <trkpt lat="50.8849305" lon="7.0542508">
      <time>2020-06-15T11:00:34Z</time>
    </trkpt>
    <trkpt lat="50.8850805" lon="7.0541863">
      <time>2020-06-15T11:00:36Z</time>
    </trkpt>
    <trkpt lat="50.8852399" lon="7.0541468">
      <time>2020-06-15T11:00:38Z</time>
    </trkpt>
    <trkpt lat="50.8857465" lon="7.0540559">
      <time>2020-06-15T11:00:44Z</time>
    </trkpt>
    <trkpt lat="50.8861401" lon="7.0539807">
      <time>2020-06-15T11:00:49Z</time>
    </trkpt>
    <trkpt lat="50.8862115" lon="7.0539487">
      <time>2020-06-15T11:00:50Z</time>
    </trkpt>
    <trkpt lat="50.8864948" lon="7.0537966">
      <time>2020-06-15T11:00:54Z</time>
    </trkpt>
    <trkpt lat="50.8866183" lon="7.0536404">
      <time>2020-06-15T11:00:56Z</time>
    </trkpt>
    <trkpt lat="50.8867396" lon="7.0534819">
      <time>2020-06-15T11:00:58Z</time>
    </trkpt>
    <trkpt lat="50.8868323" lon="7.0533895">
      <time>2020-06-15T11:00:59Z</time>
    </trkpt>
    <trkpt lat="50.8869152" lon="7.0533335">
      <time>2020-06-15T11:01:00Z</time>
    </trkpt>
    <trkpt lat="50.8870667" lon="7.0532531">
      <time>2020-06-15T11:01:02Z</time>
    </trkpt>
    <trkpt lat="50.8872473" lon="7.0531422">
      <time>2020-06-15T11:01:04Z</time>
    </trkpt>
    <trkpt lat="50.8874225" lon="7.0530300">
      <time>2020-06-15T11:01:06Z</time>
    </trkpt>
    <trkpt lat="50.8878546" lon="7.0527676">
      <time>2020-06-15T11:01:11Z</time>
    </trkpt>
    <trkpt lat="50.8881809" lon="7.0525848">
      <time>2020-06-15T11:01:15Z</time>
    </trkpt>
    <trkpt lat="50.8884117" lon="7.0524626">
      <time>2020-06-15T11:01:18Z</time>
    </trkpt>
    <trkpt lat="50.8886177" lon="7.0523245">
      <time>2020-06-15T11:01:21Z</time>
    </trkpt>
    <trkpt lat="50.8888217" lon="7.0521913">
      <time>2020-06-15T11:01:24Z</time>
    </trkpt>
    <trkpt lat="50.8889010" lon="7.0521346">
      <time>2020-06-15T11:01:25Z</time>
    </trkpt>
    <trkpt lat="50.8890678" lon="7.0519712">
      <time>2020-06-15T11:01:28Z</time>
    </trkpt>
    <trkpt lat="50.8891858" lon="7.0518888">
      <time>2020-06-15T11:01:30Z</time>
    </trkpt>
    <trkpt lat="50.8892796" lon="7.0517492">
      <time>2020-06-15T11:01:32Z</time>
    </trkpt>
    <trkpt lat="50.8893698" lon="7.0516079">
      <time>2020-06-15T11:01:34Z</time>
    </trkpt>
    <trkpt lat="50.8894769" lon="7.0514707">
      <time>2020-06-15T11:01:36Z</time>
    </trkpt>
    <trkpt lat="50.8895408" lon="7.0514093">
      <time>2020-06-15T11:01:37Z</time>
    </trkpt>
    <trkpt lat="50.8899012" lon="7.0510470">
      <time>2020-06-15T11:01:43Z</time>
    </trkpt>
    <trkpt lat="50.8903042" lon="7.0506215">
      <time>2020-06-15T11:01:50Z</time>
    </trkpt>
    <trkpt lat="50.8906092" lon="7.0502543">
      <time>2020-06-15T11:01:56Z</time>
    </trkpt>
    <trkpt lat="50.8907597" lon="7.0500393">
      <time>2020-06-15T11:01:59Z</time>
    </trkpt>
    <trkpt lat="50.8908620" lon="7.0498994">
      <time>2020-06-15T11:02:01Z</time>
    </trkpt>
    <trkpt lat="50.8911598" lon="7.0494747">
      <time>2020-06-15T11:02:07Z</time>
    </trkpt>
    <trkpt lat="50.8913246" lon="7.0492910">
      <time>2020-06-15T11:02:10Z</time>
    </trkpt>
    <trkpt lat="50.8916455" lon="7.0488931">
      <time>2020-06-15T11:02:16Z</time>
    </trkpt>
    <trkpt lat="50.8919894" lon="7.0484169">
      <time>2020-06-15T11:02:23Z</time>
    </trkpt>
    <trkpt lat="50.8920380" lon="7.0483384">
      <time>2020-06-15T11:02:24Z</time>
    </trkpt>
    <trkpt lat="50.8921812" lon="7.0480639">
      <time>2020-06-15T11:02:27Z</time>
    </trkpt>
    <trkpt lat="50.8922675" lon="7.0478957">
      <time>2020-06-15T11:02:29Z</time>
    </trkpt>
    <trkpt lat="50.8925039" lon="7.0474950">
      <time>2020-06-15T11:02:34Z</time>
    </trkpt>
    <trkpt lat="50.8925472" lon="7.0474131">
      <time>2020-06-15T11:02:35Z</time>
    </trkpt>
    <trkpt lat="50.8928071" lon="7.0469251">
      <time>2020-06-15T11:02:41Z</time>
    </trkpt>
    <trkpt lat="50.8930384" lon="7.0465233">
      <time>2020-06-15T11:02:46Z</time>
    </trkpt>
    <trkpt lat="50.8931206" lon="7.0463536">
      <time>2020-06-15T11:02:48Z</time>
    </trkpt>
    <trkpt lat="50.8933647" lon="7.0458358">
      <time>2020-06-15T11:02:54Z</time>
    </trkpt>
    <trkpt lat="50.8936301" lon="7.0451973">
      <time>2020-06-15T11:03:01Z</time>
    </trkpt>
    <trkpt lat="50.8936674" lon="7.0451088">
      <time>2020-06-15T11:03:02Z</time>
    </trkpt>
    <trkpt lat="50.8937744" lon="7.0448466">
      <time>2020-06-15T11:03:05Z</time>
    </trkpt>
    <trkpt lat="50.8938490" lon="7.0446351">
      <time>2020-06-15T11:03:07Z</time>
    </trkpt>
    <trkpt lat="50.8939531" lon="7.0443454">
      <time>2020-06-15T11:03:10Z</time>
    </trkpt>
    <trkpt lat="50.8942111" lon="7.0436929">
      <time>2020-06-15T11:03:17Z</time>
    </trkpt>
    <trkpt lat="50.8944389" lon="7.0430222">
      <time>2020-06-15T11:03:24Z</time>
    </trkpt>
    <trkpt lat="50.8945285" lon="7.0427235">
      <time>2020-06-15T11:03:27Z</time>
    </trkpt>
    <trkpt lat="50.8947195" lon="7.0420119">
      <time>2020-06-15T11:03:34Z</time>
    </trkpt>
    <trkpt lat="50.8947452" lon="7.0419055">
      <time>2020-06-15T11:03:35Z</time>
    </trkpt>
    <trkpt lat="50.8948513" lon="7.0414866">
      <time>2020-06-15T11:03:39Z</time>
    </trkpt>
    <trkpt lat="50.8950200" lon="7.0407546">
      <time>2020-06-15T11:03:46Z</time>
    </trkpt>
    <trkpt lat="50.8952007" lon="7.0400128">
      <time>2020-06-15T11:03:53Z</time>
    </trkpt>
    <trkpt lat="50.8953942" lon="7.0391901">
      <time>2020-06-15T11:04:01Z</time>
    </trkpt>
    <trkpt lat="50.8954764" lon="7.0387951">
      <time>2020-06-15T11:04:05Z</time>
    </trkpt>
    <trkpt lat="50.8955752" lon="7.0382159">
      <time>2020-06-15T11:04:11Z</time>
    </trkpt>
    <trkpt lat="50.8957118" lon="7.0373151">
      <time>2020-06-15T11:04:20Z</time>
    </trkpt>
    <trkpt lat="50.8958030" lon="7.0366220">
      <time>2020-06-15T11:04:27Z</time>
    </trkpt>
    <trkpt lat="50.8958910" lon="7.0358460">
      <time>2020-06-15T11:04:35Z</time>
    </trkpt>
    <trkpt lat="50.8959923" lon="7.0349575">
      <time>2020-06-15T11:04:44Z</time>
    </trkpt>
    <trkpt lat="50.8960738" lon="7.0342822">
      <time>2020-06-15T11:04:51Z</time>
    </trkpt>
    <trkpt lat="50.8960980" lon="7.0340960">
      <time>2020-06-15T11:04:53Z</time>
    </trkpt>
    <trkpt lat="50.8961787" lon="7.0334352">
      <time>2020-06-15T11:05:00Z</time>
    </trkpt>
    <trkpt lat="50.8962702" lon="7.0326120">
      <time>2020-06-15T11:05:08Z</time>
    </trkpt>
    <trkpt lat="50.8963112" lon="7.0322129">
      <time>2020-06-15T11:05:12Z</time>
    </trkpt>
    <trkpt lat="50.8964019" lon="7.0313157">
      <time>2020-06-15T11:05:21Z</time>
    </trkpt>
    <trkpt lat="50.8964464" lon="7.0303944">
      <time>2020-06-15T11:05:30Z</time>
    </trkpt>
    <trkpt lat="50.8964494" lon="7.0302894">
      <time>2020-06-15T11:05:31Z</time>
    </trkpt>
    <trkpt lat="50.8964643" lon="7.0293996">
      <time>2020-06-15T11:05:40Z</time>
    </trkpt>
    <trkpt lat="50.8964697" lon="7.0292974">
      <time>2020-06-15T11:05:41Z</time>
    </trkpt>
    <trkpt lat="50.8964898" lon="7.0287866">
      <time>2020-06-15T11:05:46Z</time>
    </trkpt>
    <trkpt lat="50.8964841" lon="7.0283720">
      <time>2020-06-15T11:05:50Z</time>
    </trkpt>
    <trkpt lat="50.8964947" lon="7.0279490">
      <time>2020-06-15T11:05:54Z</time>
    </trkpt>
    <trkpt lat="50.8964854" lon="7.0272120">
      <time>2020-06-15T11:06:01Z</time>
    </trkpt>
    <trkpt lat="50.8964761" lon="7.0267755">
      <time>2020-06-15T11:06:05Z</time>
    </trkpt>
    <trkpt lat="50.8964520" lon="7.0261174">
      <time>2020-06-15T11:06:11Z</time>
    </trkpt>
    <trkpt lat="50.8964384" lon="7.0254781">
      <time>2020-06-15T11:06:17Z</time>
    </trkpt>
    <trkpt lat="50.8964055" lon="7.0247042">
      <time>2020-06-15T11:06:25Z</time>
    </trkpt>
    <trkpt lat="50.8964014" lon="7.0243931">
      <time>2020-06-15T11:06:28Z</time>
    </trkpt>
    <trkpt lat="50.8963880" lon="7.0242014">
      <time>2020-06-15T11:06:30Z</time>
    </trkpt>
    <trkpt lat="50.8963794" lon="7.0239156">
      <time>2020-06-15T11:06:33Z</time>
    </trkpt>
    <trkpt lat="50.8963715" lon="7.0235350">
      <time>2020-06-15T11:06:37Z</time>
    </trkpt>
    <trkpt lat="50.8963554" lon="7.0229352">
      <time>2020-06-15T11:06:43Z</time>
    </trkpt>
    <trkpt lat="50.8963110" lon="7.0221224">
      <time>2020-06-15T11:06:51Z</time>
    </trkpt>
    <trkpt lat="50.8962984" lon="7.0216195">
      <time>2020-06-15T11:06:56Z</time>
    </trkpt>
    <trkpt lat="50.8962888" lon="7.0212389">
      <time>2020-06-15T11:07:00Z</time>
    </trkpt>
    <trkpt lat="50.8962645" lon="7.0206471">
      <time>2020-06-15T11:07:06Z</time>
    </trkpt>
    <trkpt lat="50.8962525" lon="7.0204494">
      <time>2020-06-15T11:07:08Z</time>
    </trkpt>
    <trkpt lat="50.8962535" lon="7.0202544">
      <time>2020-06-15T11:07:10Z</time>
    </trkpt>
    <trkpt lat="50.8962718" lon="7.0200199">
      <time>2020-06-15T11:07:12Z</time>
    </trkpt>
    <trkpt lat="50.8962407" lon="7.0194460">
      <time>2020-06-15T11:07:17Z</time>
    </trkpt>
    <trkpt lat="50.8962315" lon="7.0187306">
      <time>2020-06-15T11:07:23Z</time>
    </trkpt>
    <trkpt lat="50.8962283" lon="7.0183750">
      <time>2020-06-15T11:07:26Z</time>
    </trkpt>
    <trkpt lat="50.8962314" lon="7.0180384">
      <time>2020-06-15T11:07:29Z</time>
    </trkpt>
    <trkpt lat="50.8962419" lon="7.0176244">
      <time>2020-06-15T11:07:33Z</time>
    </trkpt>
    <trkpt lat="50.8962456" lon="7.0173254">
      <time>2020-06-15T11:07:36Z</time>
    </trkpt>
    <trkpt lat="50.8962467" lon="7.0165427">
      <time>2020-06-15T11:07:44Z</time>
    </trkpt>
    <trkpt lat="50.8962940" lon="7.0157570">
      <time>2020-06-15T11:07:52Z</time>
    </trkpt>
    <trkpt lat="50.8963303" lon="7.0154520">
      <time>2020-06-15T11:07:55Z</time>
    </trkpt>
    <trkpt lat="50.8963803" lon="7.0152134">
      <time>2020-06-15T11:07:57Z</time>
    </trkpt>
    <trkpt lat="50.8964670" lon="7.0148215">
      <time>2020-06-15T11:08:01Z</time>
    </trkpt>
    <trkpt lat="50.8964924" lon="7.0147132">
      <time>2020-06-15T11:08:02Z</time>
    </trkpt>
    <trkpt lat="50.8965077" lon="7.0146218">
      <time>2020-06-15T11:08:03Z</time>
    </trkpt>
    <trkpt lat="50.8965126" lon="7.0145287">
      <time>2020-06-15T11:08:04Z</time>
    </trkpt>
    <trkpt lat="50.8965126" lon="7.0143518">
      <time>2020-06-15T11:08:06Z</time>
    </trkpt>
    <trkpt lat="50.8965197" lon="7.0142596">
      <time>2020-06-15T11:08:07Z</time>
    </trkpt>
    <trkpt lat="50.8965924" lon="7.0137006">
      <time>2020-06-15T11:08:13Z</time>
    </trkpt>
    <trkpt lat="50.8966421" lon="7.0134253">
      <time>2020-06-15T11:08:16Z</time>
    </trkpt>
    <trkpt lat="50.8966685" lon="7.0132371">
      <time>2020-06-15T11:08:18Z</time>
    </trkpt>
    <trkpt lat="50.8967550" lon="7.0125933">
      <time>2020-06-15T11:08:25Z</time>
    </trkpt>
    <trkpt lat="50.8967901" lon="7.0123229">
      <time>2020-06-15T11:08:28Z</time>
    </trkpt>
    <trkpt lat="50.8968483" lon="7.0119761">
      <time>2020-06-15T11:08:32Z</time>
    </trkpt>
    <trkpt lat="50.8968606" lon="7.0118953">
      <time>2020-06-15T11:08:33Z</time>
    </trkpt>
    <trkpt lat="50.8969711" lon="7.0111015">
      <time>2020-06-15T11:08:42Z</time>
    </trkpt>
    <trkpt lat="50.8970830" lon="7.0102645">
      <time>2020-06-15T11:08:51Z</time>
    </trkpt>
    <trkpt lat="50.8971772" lon="7.0096213">
      <time>2020-06-15T11:08:58Z</time>
    </trkpt>
    <trkpt lat="50.8972129" lon="7.0093252">
      <time>2020-06-15T11:09:01Z</time>
    </trkpt>
    <trkpt lat="50.8972584" lon="7.0090297">
      <time>2020-06-15T11:09:04Z</time>
    </trkpt>
    <trkpt lat="50.8973228" lon="7.0086218">
      <time>2020-06-15T11:09:08Z</time>
    </trkpt>
    <trkpt lat="50.8973709" lon="7.0082062">
      <time>2020-06-15T11:09:12Z</time>
    </trkpt>
    <trkpt lat="50.8974579" lon="7.0073999">
      <time>2020-06-15T11:09:20Z</time>
    </trkpt>
    <trkpt lat="50.8975504" lon="7.0067184">
      <time>2020-06-15T11:09:27Z</time>
    </trkpt>
    <trkpt lat="50.8976009" lon="7.0062394">
      <time>2020-06-15T11:09:32Z</time>
    </trkpt>
    <trkpt lat="50.8976134" lon="7.0061432">
      <time>2020-06-15T11:09:33Z</time>
    </trkpt>
    <trkpt lat="50.8976285" lon="7.0060519">
      <time>2020-06-15T11:09:34Z</time>
    </trkpt>
    <trkpt lat="50.8976645" lon="7.0057660">
      <time>2020-06-15T11:09:37Z</time>
    </trkpt>
    <trkpt lat="50.8977137" lon="7.0052629">
      <time>2020-06-15T11:09:42Z</time>
    </trkpt>
    <trkpt lat="50.8977462" lon="7.0046417">
      <time>2020-06-15T11:09:48Z</time>
    </trkpt>
    <trkpt lat="50.8977512" lon="7.0045371">
      <time>2020-06-15T11:09:49Z</time>
    </trkpt>
    <trkpt lat="50.8977426" lon="7.0043432">
      <time>2020-06-15T11:09:51Z</time>
    </trkpt>
    <trkpt lat="50.8977134" lon="7.0042744">
      <time>2020-06-15T11:09:52Z</time>
    </trkpt>
    <trkpt lat="50.8976708" lon="7.0042319">
      <time>2020-06-15T11:09:53Z</time>
    </trkpt>
    <trkpt lat="50.8975631" lon="7.0042002">
      <time>2020-06-15T11:09:55Z</time>
    </trkpt>
    <trkpt lat="50.8973974" lon="7.0041659">
      <time>2020-06-15T11:09:58Z</time>
    </trkpt>
    <trkpt lat="50.8973443" lon="7.0041532">
      <time>2020-06-15T11:09:59Z</time>
    </trkpt>
    <trkpt lat="50.8972904" lon="7.0041286">
      <time>2020-06-15T11:10:00Z</time>
    </trkpt>
    <trkpt lat="50.8972486" lon="7.0040769">
      <time>2020-06-15T11:10:01Z</time>
    </trkpt>
    <trkpt lat="50.8972221" lon="7.0040019">
      <time>2020-06-15T11:10:02Z</time>
    </trkpt>
    <trkpt lat="50.8972151" lon="7.0039242">
      <time>2020-06-15T11:10:03Z</time>
    </trkpt>
    <trkpt lat="50.8972481" lon="7.0037643">
      <time>2020-06-15T11:10:05Z</time>
    </trkpt>
    <trkpt lat="50.8973475" lon="7.0032616">
      <time>2020-06-15T11:10:10Z</time>
    </trkpt>
    <trkpt lat="50.8973809" lon="7.0029837">
      <time>2020-06-15T11:10:13Z</time>
    </trkpt>
    <trkpt lat="50.8974064" lon="7.0028886">
      <time>2020-06-15T11:10:14Z</time>
    </trkpt>
    <trkpt lat="50.8975464" lon="7.0022190">
      <time>2020-06-15T11:10:21Z</time>
    </trkpt>
    <trkpt lat="50.8976058" lon="7.0019407">
      <time>2020-06-15T11:10:24Z</time>
    </trkpt>
    <trkpt lat="50.8976381" lon="7.0018552">
      <time>2020-06-15T11:10:25Z</time>
    </trkpt>
    <trkpt lat="50.8976721" lon="7.0017677">
      <time>2020-06-15T11:10:26Z</time>
    </trkpt>
    <trkpt lat="50.8978024" lon="7.0015263">
      <time>2020-06-15T11:10:29Z</time>
    </trkpt>
    <trkpt lat="50.8978418" lon="7.0014486">
      <time>2020-06-15T11:10:30Z</time>
    </trkpt>
    <trkpt lat="50.8978852" lon="7.0012504">
      <time>2020-06-15T11:10:32Z</time>
    </trkpt>
    <trkpt lat="50.8979667" lon="7.0007447">
      <time>2020-06-15T11:10:37Z</time>
    </trkpt>
    <trkpt lat="50.8979855" lon="7.0006580">
      <time>2020-06-15T11:10:38Z</time>
    </trkpt>
    <trkpt lat="50.8980485" lon="7.0005152">
      <time>2020-06-15T11:10:40Z</time>
    </trkpt>
    <trkpt lat="50.8980901" lon="7.0004811">
      <time>2020-06-15T11:10:41Z</time>
    </trkpt>
    <trkpt lat="50.8981398" lon="7.0004816">
      <time>2020-06-15T11:10:42Z</time>
    </trkpt>
    <trkpt lat="50.8982189" lon="7.0005204">
      <time>2020-06-15T11:10:44Z</time>
    </trkpt>
    <trkpt lat="50.8984092" lon="7.0006262">
      <time>2020-06-15T11:10:48Z</time>
    </trkpt>
    <trkpt lat="50.8984590" lon="7.0006058">
      <time>2020-06-15T11:10:49Z</time>
    </trkpt>
    <trkpt lat="50.8985062" lon="7.0005504">
      <time>2020-06-15T11:10:50Z</time>
    </trkpt>
    <trkpt lat="50.8985573" lon="7.0003867">
      <time>2020-06-15T11:10:52Z</time>
    </trkpt>
    <trkpt lat="50.8986859" lon="6.9998179">
      <time>2020-06-15T11:10:58Z</time>
    </trkpt>
    <trkpt lat="50.8987665" lon="6.9995401">
      <time>2020-06-15T11:11:01Z</time>
    </trkpt>
    <trkpt lat="50.8988953" lon="6.9991735">
      <time>2020-06-15T11:11:05Z</time>
    </trkpt>
    <trkpt lat="50.8991574" lon="6.9984405">
      <time>2020-06-15T11:11:13Z</time>
    </trkpt>
    <trkpt lat="50.8993410" lon="6.9979989">
      <time>2020-06-15T11:11:18Z</time>
    </trkpt>
    <trkpt lat="50.8995533" lon="6.9974554">
      <time>2020-06-15T11:11:24Z</time>
    </trkpt>
    <trkpt lat="50.8996906" lon="6.9970992">
      <time>2020-06-15T11:11:28Z</time>
    </trkpt>
    <trkpt lat="50.8997667" lon="6.9969176">
      <time>2020-06-15T11:11:30Z</time>
    </trkpt>
    <trkpt lat="50.8999783" lon="6.9963348">
      <time>2020-06-15T11:11:36Z</time>
    </trkpt>
    <trkpt lat="50.9000534" lon="6.9961626">
      <time>2020-06-15T11:11:38Z</time>
    </trkpt>
    <trkpt lat="50.9001658" lon="6.9959191">
      <time>2020-06-15T11:11:41Z</time>
    </trkpt>
    <trkpt lat="50.9003032" lon="6.9955838">
      <time>2020-06-15T11:11:45Z</time>
    </trkpt>
    <trkpt lat="50.9003399" lon="6.9955098">
      <time>2020-06-15T11:11:46Z</time>
    </trkpt>
    <trkpt lat="50.9004978" lon="6.9951542">
      <time>2020-06-15T11:11:51Z</time>
    </trkpt>
    <trkpt lat="50.9006681" lon="6.9947842">
      <time>2020-06-15T11:11:57Z</time>
    </trkpt>
    <trkpt lat="50.9007766" lon="6.9945420">
      <time>2020-06-15T11:12:01Z</time>
    </trkpt>
    <trkpt lat="50.9008370" lon="6.9943968">
      <time>2020-06-15T11:12:03Z</time>
    </trkpt>
    <trkpt lat="50.9010009" lon="6.9940949">
      <time>2020-06-15T11:12:07Z</time>
    </trkpt>
    <trkpt lat="50.9010442" lon="6.9940136">
      <time>2020-06-15T11:12:08Z</time>
    </trkpt>
    <trkpt lat="50.9010918" lon="6.9939350">
      <time>2020-06-15T11:12:09Z</time>
    </trkpt>
    <trkpt lat="50.9012212" lon="6.9936665">
      <time>2020-06-15T11:12:12Z</time>
    </trkpt>
    <trkpt lat="50.9013912" lon="6.9933449">
      <time>2020-06-15T11:12:16Z</time>
    </trkpt>
    <trkpt lat="50.9014332" lon="6.9932783">
      <time>2020-06-15T11:12:17Z</time>
    </trkpt>
    <trkpt lat="50.9014918" lon="6.9931522">
      <time>2020-06-15T11:12:20Z</time>
    </trkpt>
    <trkpt lat="50.9019340" lon="6.9926159">
      <time>2020-06-15T11:12:25Z</time>
    </trkpt>
    <trkpt lat="50.9020321" lon="6.9922676">
      <time>2020-06-15T11:12:27Z</time>
    </trkpt>
    <trkpt lat="50.9019978" lon="6.9923061">
      <time>2020-06-15T11:12:28Z</time>
    </trkpt>
    <trkpt lat="50.9020385" lon="6.9922595">
      <time>2020-06-15T11:12:29Z</time>
    </trkpt>
    <trkpt lat="50.9022047" lon="6.9920541">
      <time>2020-06-15T11:12:33Z</time>
    </trkpt>
    <trkpt lat="50.9022529" lon="6.9919865">
      <time>2020-06-15T11:12:34Z</time>
    </trkpt>
    <trkpt lat="50.9024392" lon="6.9917183">
      <time>2020-06-15T11:12:38Z</time>
    </trkpt>
    <trkpt lat="50.9027785" lon="6.9912604">
      <time>2020-06-15T11:12:45Z</time>
    </trkpt>
    <trkpt lat="50.9031355" lon="6.9908305">
      <time>2020-06-15T11:12:52Z</time>
    </trkpt>
    <trkpt lat="50.9031841" lon="6.9907735">
      <time>2020-06-15T11:12:53Z</time>
    </trkpt>
    <trkpt lat="50.9033381" lon="6.9905859">
      <time>2020-06-15T11:12:56Z</time>
    </trkpt>
    <trkpt lat="50.9035128" lon="6.9904043">
      <time>2020-06-15T11:12:59Z</time>
    </trkpt>
    <trkpt lat="50.9035684" lon="6.9903563">
      <time>2020-06-15T11:13:00Z</time>
    </trkpt>
    <trkpt lat="50.9039547" lon="6.9900566">
      <time>2020-06-15T11:13:07Z</time>
    </trkpt>
    <trkpt lat="50.9043093" lon="6.9897632">
      <time>2020-06-15T11:13:13Z</time>
    </trkpt>
    <trkpt lat="50.9048272" lon="6.9893205">
      <time>2020-06-15T11:13:22Z</time>
    </trkpt>
    <trkpt lat="50.9051001" lon="6.9890720">
      <time>2020-06-15T11:13:27Z</time>
    </trkpt>
    <trkpt lat="50.9052686" lon="6.9889243">
      <time>2020-06-15T11:13:30Z</time>
    </trkpt>
    <trkpt lat="50.9057596" lon="6.9885008">
      <time>2020-06-15T11:13:39Z</time>
    </trkpt>
    <trkpt lat="50.9058140" lon="6.9884639">
      <time>2020-06-15T11:13:40Z</time>
    </trkpt>
    <trkpt lat="50.9060749" lon="6.9883670">
      <time>2020-06-15T11:13:44Z</time>
    </trkpt>
    <trkpt lat="50.9064268" lon="6.9882759">
      <time>2020-06-15T11:13:49Z</time>
    </trkpt>
    <trkpt lat="50.9069949" lon="6.9881373">
      <time>2020-06-15T11:13:57Z</time>
    </trkpt>
    <trkpt lat="50.9074720" lon="6.9878926">
      <time>2020-06-15T11:14:04Z</time>
    </trkpt>
    <trkpt lat="50.9077364" lon="6.9877207">
      <time>2020-06-15T11:14:08Z</time>
    </trkpt>
    <trkpt lat="50.9080716" lon="6.9875201">
      <time>2020-06-15T11:14:13Z</time>
    </trkpt>
    <trkpt lat="50.9086056" lon="6.9871868">
      <time>2020-06-15T11:14:21Z</time>
    </trkpt>
    <trkpt lat="50.9086775" lon="6.9871398">
      <time>2020-06-15T11:14:22Z</time>
    </trkpt>
    <trkpt lat="50.9087408" lon="6.9870980">
      <time>2020-06-15T11:14:23Z</time>
    </trkpt>
    <trkpt lat="50.9091004" lon="6.9867992">
      <time>2020-06-15T11:14:29Z</time>
    </trkpt>
    <trkpt lat="50.9092231" lon="6.9867301">
      <time>2020-06-15T11:14:31Z</time>
    </trkpt>
    <trkpt lat="50.9092972" lon="6.9867283">
      <time>2020-06-15T11:14:32Z</time>
    </trkpt>
    <trkpt lat="50.9093431" lon="6.9867493">
      <time>2020-06-15T11:14:33Z</time>
    </trkpt>
    <trkpt lat="50.9094740" lon="6.9868332">
      <time>2020-06-15T11:14:35Z</time>
    </trkpt>
    <trkpt lat="50.9095848" lon="6.9868356">
      <time>2020-06-15T11:14:37Z</time>
    </trkpt>
    <trkpt lat="50.9096450" lon="6.9867978">
      <time>2020-06-15T11:14:38Z</time>
    </trkpt>
    <trkpt lat="50.9097639" lon="6.9867079">
      <time>2020-06-15T11:14:40Z</time>
    </trkpt>
    <trkpt lat="50.9099786" lon="6.9864782">
      <time>2020-06-15T11:14:44Z</time>
    </trkpt>
    <trkpt lat="50.9101750" lon="6.9862678">
      <time>2020-06-15T11:14:48Z</time>
    </trkpt>
    <trkpt lat="50.9102237" lon="6.9862384">
      <time>2020-06-15T11:14:49Z</time>
    </trkpt>
    <trkpt lat="50.9102652" lon="6.9862395">
      <time>2020-06-15T11:14:50Z</time>
    </trkpt>
    <trkpt lat="50.9103300" lon="6.9862932">
      <time>2020-06-15T11:14:52Z</time>
    </trkpt>
    <trkpt lat="50.9103614" lon="6.9863152">
      <time>2020-06-15T11:14:53Z</time>
    </trkpt>
    <trkpt lat="50.9104462" lon="6.9862969">
      <time>2020-06-15T11:14:55Z</time>
    </trkpt>
    <trkpt lat="50.9106063" lon="6.9861201">
      <time>2020-06-15T11:14:59Z</time>
    </trkpt>
    <trkpt lat="50.9109701" lon="6.9856603">
      <time>2020-06-15T11:15:07Z</time>
    </trkpt>
    <trkpt lat="50.9112485" lon="6.9853328">
      <time>2020-06-15T11:15:13Z</time>
    </trkpt>
    <trkpt lat="50.9113448" lon="6.9852183">
      <time>2020-06-15T11:15:15Z</time>
    </trkpt>
    <trkpt lat="50.9117248" lon="6.9847972">
      <time>2020-06-15T11:15:23Z</time>
    </trkpt>
    <trkpt lat="50.9118203" lon="6.9846961">
      <time>2020-06-15T11:15:25Z</time>
    </trkpt>
    <trkpt lat="50.9120159" lon="6.9844854">
      <time>2020-06-15T11:15:29Z</time>
    </trkpt>
    <trkpt lat="50.9121002" lon="6.9844025">
      <time>2020-06-15T11:15:31Z</time>
    </trkpt>
    <trkpt lat="50.9125114" lon="6.9839262">
      <time>2020-06-15T11:15:40Z</time>
    </trkpt>
    <trkpt lat="50.9129133" lon="6.9834882">
      <time>2020-06-15T11:15:48Z</time>
    </trkpt>
    <trkpt lat="50.9131307" lon="6.9832796">
      <time>2020-06-15T11:15:52Z</time>
    </trkpt>
    <trkpt lat="50.9133521" lon="6.9830770">
      <time>2020-06-15T11:15:56Z</time>
    </trkpt>
    <trkpt lat="50.9137007" lon="6.9827888">
      <time>2020-06-15T11:16:02Z</time>
    </trkpt>
    <trkpt lat="50.9138063" lon="6.9826855">
      <time>2020-06-15T11:16:04Z</time>
    </trkpt>
    <trkpt lat="50.9141790" lon="6.9823133">
      <time>2020-06-15T11:16:11Z</time>
    </trkpt>
    <trkpt lat="50.9145341" lon="6.9819523">
      <time>2020-06-15T11:16:18Z</time>
    </trkpt>
    <trkpt lat="50.9150016" lon="6.9814635">
      <time>2020-06-15T11:16:27Z</time>
    </trkpt>
    <trkpt lat="50.9150541" lon="6.9814084">
      <time>2020-06-15T11:16:28Z</time>
    </trkpt>
    <trkpt lat="50.9154866" lon="6.9810165">
      <time>2020-06-15T11:16:36Z</time>
    </trkpt>
    <trkpt lat="50.9159958" lon="6.9805527">
      <time>2020-06-15T11:16:45Z</time>
    </trkpt>
    <trkpt lat="50.9161110" lon="6.9804380">
      <time>2020-06-15T11:16:47Z</time>
    </trkpt>
    <trkpt lat="50.9165255" lon="6.9800709">
      <time>2020-06-15T11:16:54Z</time>
    </trkpt>
    <trkpt lat="50.9170527" lon="6.9796423">
      <time>2020-06-15T11:17:03Z</time>
    </trkpt>
    <trkpt lat="50.9172245" lon="6.9794887">
      <time>2020-06-15T11:17:06Z</time>
    </trkpt>
    <trkpt lat="50.9174573" lon="6.9792871">
      <time>2020-06-15T11:17:10Z</time>
    </trkpt>
    <trkpt lat="50.9177929" lon="6.9790049">
      <time>2020-06-15T11:17:16Z</time>
    </trkpt>
    <trkpt lat="50.9181102" lon="6.9787199">
      <time>2020-06-15T11:17:22Z</time>
    </trkpt>
    <trkpt lat="50.9181509" lon="6.9786610">
      <time>2020-06-15T11:17:23Z</time>
    </trkpt>
    <trkpt lat="50.9182630" lon="6.9784790">
      <time>2020-06-15T11:17:26Z</time>
    </trkpt>
    <trkpt lat="50.9183099" lon="6.9784344">
      <time>2020-06-15T11:17:27Z</time>
    </trkpt>
    <trkpt lat="50.9184938" lon="6.9783035">
      <time>2020-06-15T11:17:31Z</time>
    </trkpt>
    <trkpt lat="50.9185380" lon="6.9782504">
      <time>2020-06-15T11:17:32Z</time>
    </trkpt>
    <trkpt lat="50.9186372" lon="6.9781960">
      <time>2020-06-15T11:17:34Z</time>
    </trkpt>
    <trkpt lat="50.9188133" lon="6.9781343">
      <time>2020-06-15T11:17:37Z</time>
    </trkpt>
    <trkpt lat="50.9189699" lon="6.9780232">
      <time>2020-06-15T11:17:40Z</time>
    </trkpt>
    <trkpt lat="50.9191226" lon="6.9778873">
      <time>2020-06-15T11:17:43Z</time>
    </trkpt>
    <trkpt lat="50.9193512" lon="6.9777104">
      <time>2020-06-15T11:17:47Z</time>
    </trkpt>
    <trkpt lat="50.9194698" lon="6.9776255">
      <time>2020-06-15T11:17:49Z</time>
    </trkpt>
    <trkpt lat="50.9199345" lon="6.9772580">
      <time>2020-06-15T11:17:57Z</time>
    </trkpt>
    <trkpt lat="50.9200997" lon="6.9771255">
      <time>2020-06-15T11:18:00Z</time>
    </trkpt>
    <trkpt lat="50.9202688" lon="6.9769931">
      <time>2020-06-15T11:18:03Z</time>
    </trkpt>
    <trkpt lat="50.9203776" lon="6.9769086">
      <time>2020-06-15T11:18:05Z</time>
    </trkpt>
    <trkpt lat="50.9207148" lon="6.9766723">
      <time>2020-06-15T11:18:11Z</time>
    </trkpt>
    <trkpt lat="50.9208895" lon="6.9765463">
      <time>2020-06-15T11:18:14Z</time>
    </trkpt>
    <trkpt lat="50.9212996" lon="6.9762410">
      <time>2020-06-15T11:18:21Z</time>
    </trkpt>
    <trkpt lat="50.9214191" lon="6.9761562">
      <time>2020-06-15T11:18:23Z</time>
    </trkpt>
    <trkpt lat="50.9219268" lon="6.9757787">
      <time>2020-06-15T11:18:32Z</time>
    </trkpt>
    <trkpt lat="50.9220950" lon="6.9756593">
      <time>2020-06-15T11:18:35Z</time>
    </trkpt>
    <trkpt lat="50.9222670" lon="6.9755435">
      <time>2020-06-15T11:18:38Z</time>
    </trkpt>
    <trkpt lat="50.9224969" lon="6.9753808">
      <time>2020-06-15T11:18:42Z</time>
    </trkpt>
    <trkpt lat="50.9226077" lon="6.9753022">
      <time>2020-06-15T11:18:44Z</time>
    </trkpt>
    <trkpt lat="50.9228327" lon="6.9751650">
      <time>2020-06-15T11:18:48Z</time>
    </trkpt>
    <trkpt lat="50.9232246" lon="6.9749125">
      <time>2020-06-15T11:18:55Z</time>
    </trkpt>
    <trkpt lat="50.9233871" lon="6.9748152">
      <time>2020-06-15T11:18:58Z</time>
    </trkpt>
    <trkpt lat="50.9235543" lon="6.9747228">
      <time>2020-06-15T11:19:01Z</time>
    </trkpt>
    <trkpt lat="50.9238602" lon="6.9745100">
      <time>2020-06-15T11:19:07Z</time>
    </trkpt>
    <trkpt lat="50.9239681" lon="6.9744426">
      <time>2020-06-15T11:19:09Z</time>
    </trkpt>
    <trkpt lat="50.9241333" lon="6.9743790">
      <time>2020-06-15T11:19:12Z</time>
    </trkpt>
    <trkpt lat="50.9244390" lon="6.9742006">
      <time>2020-06-15T11:19:18Z</time>
    </trkpt>
    <trkpt lat="50.9245943" lon="6.9740753">
      <time>2020-06-15T11:19:21Z</time>
    </trkpt>
    <trkpt lat="50.9247635" lon="6.9739825">
      <time>2020-06-15T11:19:24Z</time>
    </trkpt>
    <trkpt lat="50.9252550" lon="6.9737108">
      <time>2020-06-15T11:19:32Z</time>
    </trkpt>
    <trkpt lat="50.9254427" lon="6.9736057">
      <time>2020-06-15T11:19:35Z</time>
    </trkpt>
    <trkpt lat="50.9256662" lon="6.9734586">
      <time>2020-06-15T11:19:39Z</time>
    </trkpt>
    <trkpt lat="50.9257778" lon="6.9733972">
      <time>2020-06-15T11:19:41Z</time>
    </trkpt>
    <trkpt lat="50.9259921" lon="6.9732684">
      <time>2020-06-15T11:19:45Z</time>
    </trkpt>
    <trkpt lat="50.9263614" lon="6.9730549">
      <time>2020-06-15T11:19:52Z</time>
    </trkpt>
    <trkpt lat="50.9265655" lon="6.9729342">
      <time>2020-06-15T11:19:56Z</time>
    </trkpt>
    <trkpt lat="50.9266690" lon="6.9729046">
      <time>2020-06-15T11:19:58Z</time>
    </trkpt>
    <trkpt lat="50.9268200" lon="6.9728348">
      <time>2020-06-15T11:20:01Z</time>
    </trkpt>
    <trkpt lat="50.9269212" lon="6.9727846">
      <time>2020-06-15T11:20:03Z</time>
    </trkpt>
    <trkpt lat="50.9270241" lon="6.9727332">
      <time>2020-06-15T11:20:05Z</time>
    </trkpt>
    <trkpt lat="50.9273953" lon="6.9725596">
      <time>2020-06-15T11:20:12Z</time>
    </trkpt>
    <trkpt lat="50.9274544" lon="6.9725436">
      <time>2020-06-15T11:20:13Z</time>
    </trkpt>
    <trkpt lat="50.9275544" lon="6.9725841">
      <time>2020-06-15T11:20:15Z</time>
    </trkpt>
    <trkpt lat="50.9276782" lon="6.9728079">
      <time>2020-06-15T11:20:18Z</time>
    </trkpt>
    <trkpt lat="50.9277502" lon="6.9730020">
      <time>2020-06-15T11:20:20Z</time>
    </trkpt>
    <trkpt lat="50.9278517" lon="6.9732655">
      <time>2020-06-15T11:20:23Z</time>
    </trkpt>
    <trkpt lat="50.9280108" lon="6.9736725">
      <time>2020-06-15T11:20:28Z</time>
    </trkpt>
    <trkpt lat="50.9280467" lon="6.9737358">
      <time>2020-06-15T11:20:29Z</time>
    </trkpt>
    <trkpt lat="50.9280930" lon="6.9737880">
      <time>2020-06-15T11:20:30Z</time>
    </trkpt>
    <trkpt lat="50.9281875" lon="6.9738089">
      <time>2020-06-15T11:20:32Z</time>
    </trkpt>
    <trkpt lat="50.9283158" lon="6.9736933">
      <time>2020-06-15T11:20:35Z</time>
    </trkpt>
    <trkpt lat="50.9283615" lon="6.9736548">
      <time>2020-06-15T11:20:36Z</time>
    </trkpt>
    <trkpt lat="50.9284965" lon="6.9735305">
      <time>2020-06-15T11:20:39Z</time>
    </trkpt>
    <trkpt lat="50.9286355" lon="6.9734129">
      <time>2020-06-15T11:20:42Z</time>
    </trkpt>
    <trkpt lat="50.9289173" lon="6.9731565">
      <time>2020-06-15T11:20:48Z</time>
    </trkpt>
    <trkpt lat="50.9293990" lon="6.9727754">
      <time>2020-06-15T11:20:57Z</time>
    </trkpt>
    <trkpt lat="50.9295140" lon="6.9726918">
      <time>2020-06-15T11:20:59Z</time>
    </trkpt>
    <trkpt lat="50.9296228" lon="6.9725974">
      <time>2020-06-15T11:21:01Z</time>
    </trkpt>
    <trkpt lat="50.9297822" lon="6.9724605">
      <time>2020-06-15T11:21:04Z</time>
    </trkpt>
    <trkpt lat="50.9298865" lon="6.9723755">
      <time>2020-06-15T11:21:06Z</time>
    </trkpt>
    <trkpt lat="50.9300536" lon="6.9722519">
      <time>2020-06-15T11:21:09Z</time>
    </trkpt>
    <trkpt lat="50.9302661" lon="6.9720583">
      <time>2020-06-15T11:21:13Z</time>
    </trkpt>
    <trkpt lat="50.9307196" lon="6.9717233">
      <time>2020-06-15T11:21:21Z</time>
    </trkpt>
    <trkpt lat="50.9308932" lon="6.9715889">
      <time>2020-06-15T11:21:24Z</time>
    </trkpt>
    <trkpt lat="50.9310622" lon="6.9714434">
      <time>2020-06-15T11:21:27Z</time>
    </trkpt>
    <trkpt lat="50.9311171" lon="6.9714005">
      <time>2020-06-15T11:21:28Z</time>
    </trkpt>
    <trkpt lat="50.9313251" lon="6.9712775">
      <time>2020-06-15T11:21:32Z</time>
    </trkpt>
    <trkpt lat="50.9313827" lon="6.9712428">
      <time>2020-06-15T11:21:33Z</time>
    </trkpt>
    <trkpt lat="50.9316115" lon="6.9710839">
      <time>2020-06-15T11:21:37Z</time>
    </trkpt>
    <trkpt lat="50.9316656" lon="6.9710548">
      <time>2020-06-15T11:21:38Z</time>
    </trkpt>
    <trkpt lat="50.9317217" lon="6.9710337">
      <time>2020-06-15T11:21:39Z</time>
    </trkpt>
    <trkpt lat="50.9318357" lon="6.9710040">
      <time>2020-06-15T11:21:41Z</time>
    </trkpt>
    <trkpt lat="50.9320016" lon="6.9709217">
      <time>2020-06-15T11:21:44Z</time>
    </trkpt>
    <trkpt lat="50.9321654" lon="6.9708343">
      <time>2020-06-15T11:21:47Z</time>
    </trkpt>
    <trkpt lat="50.9322791" lon="6.9708149">
      <time>2020-06-15T11:21:49Z</time>
    </trkpt>
    <trkpt lat="50.9324375" lon="6.9707671">
      <time>2020-06-15T11:21:52Z</time>
    </trkpt>
    <trkpt lat="50.9325341" lon="6.9707116">
      <time>2020-06-15T11:21:54Z</time>
    </trkpt>
    <trkpt lat="50.9329410" lon="6.9704719">
      <time>2020-06-15T11:22:02Z</time>
    </trkpt>
    <trkpt lat="50.9331529" lon="6.9703366">
      <time>2020-06-15T11:22:06Z</time>
    </trkpt>
    <trkpt lat="50.9334849" lon="6.9701496">
      <time>2020-06-15T11:22:12Z</time>
    </trkpt>
    <trkpt lat="50.9339057" lon="6.9699844">
      <time>2020-06-15T11:22:19Z</time>
    </trkpt>
    <trkpt lat="50.9340210" lon="6.9699228">
      <time>2020-06-15T11:22:21Z</time>
    </trkpt>
    <trkpt lat="50.9342076" lon="6.9698364">
      <time>2020-06-15T11:22:24Z</time>
    </trkpt>
    <trkpt lat="50.9344095" lon="6.9697466">
      <time>2020-06-15T11:22:27Z</time>
    </trkpt>
    <trkpt lat="50.9347423" lon="6.9696033">
      <time>2020-06-15T11:22:32Z</time>
    </trkpt>
    <trkpt lat="50.9349380" lon="6.9695161">
      <time>2020-06-15T11:22:35Z</time>
    </trkpt>
    <trkpt lat="50.9350603" lon="6.9694336">
      <time>2020-06-15T11:22:37Z</time>
    </trkpt>
    <trkpt lat="50.9351836" lon="6.9694546">
      <time>2020-06-15T11:22:39Z</time>
    </trkpt>
    <trkpt lat="50.9352613" lon="6.9696275">
      <time>2020-06-15T11:22:41Z</time>
    </trkpt>
    <trkpt lat="50.9353601" lon="6.9699649">
      <time>2020-06-15T11:22:45Z</time>
    </trkpt>
    <trkpt lat="50.9353740" lon="6.9700420">
      <time>2020-06-15T11:22:46Z</time>
    </trkpt>
    <trkpt lat="50.9353753" lon="6.9701219">
      <time>2020-06-15T11:22:47Z</time>
    </trkpt>
    <trkpt lat="50.9353539" lon="6.9703463">
      <time>2020-06-15T11:22:50Z</time>
    </trkpt>
    <trkpt lat="50.9353514" lon="6.9704809">
      <time>2020-06-15T11:22:53Z</time>
    </trkpt>
    <trkpt lat="50.9353684" lon="6.9705067">
      <time>2020-06-15T11:22:54Z</time>
    </trkpt>
    <trkpt lat="50.9354748" lon="6.9706197">
      <time>2020-06-15T11:23:02Z</time>
    </trkpt>
    <trkpt lat="50.9354852" lon="6.9706453">
      <time>2020-06-15T11:23:06Z</time>
    </trkpt>
    <trkpt lat="50.9354776" lon="6.9708012">
      <time>2020-06-15T11:23:11Z</time>
    </trkpt>
    <trkpt lat="50.9354957" lon="6.9710423">
      <time>2020-06-15T11:23:16Z</time>
    </trkpt>
    <trkpt lat="50.9355368" lon="6.9710692">
      <time>2020-06-15T11:23:18Z</time>
    </trkpt>
    <trkpt lat="50.9355713" lon="6.9710684">
      <time>2020-06-15T11:23:19Z</time>
    </trkpt>
    <trkpt lat="50.9357850" lon="6.9711122">
      <time>2020-06-15T11:23:24Z</time>
    </trkpt>
    <trkpt lat="50.9359243" lon="6.9711570">
      <time>2020-06-15T11:23:27Z</time>
    </trkpt>
    <trkpt lat="50.9360705" lon="6.9712116">
      <time>2020-06-15T11:23:30Z</time>
    </trkpt>
    <trkpt lat="50.9361205" lon="6.9712561">
      <time>2020-06-15T11:23:31Z</time>
    </trkpt>
    <trkpt lat="50.9361675" lon="6.9712771">
      <time>2020-06-15T11:23:32Z</time>
    </trkpt>
    <trkpt lat="50.9362552" lon="6.9712735">
      <time>2020-06-15T11:23:34Z</time>
    </trkpt>
    <trkpt lat="50.9363048" lon="6.9713039">
      <time>2020-06-15T11:23:35Z</time>
    </trkpt>
    <trkpt lat="50.9364481" lon="6.9713787">
      <time>2020-06-15T11:23:38Z</time>
    </trkpt>
    <trkpt lat="50.9365460" lon="6.9714145">
      <time>2020-06-15T11:23:40Z</time>
    </trkpt>
    <trkpt lat="50.9366402" lon="6.9714437">
      <time>2020-06-15T11:23:42Z</time>
    </trkpt>
    <trkpt lat="50.9366843" lon="6.9714553">
      <time>2020-06-15T11:23:43Z</time>
    </trkpt>
    <trkpt lat="50.9367749" lon="6.9714866">
      <time>2020-06-15T11:23:45Z</time>
    </trkpt>
    <trkpt lat="50.9368491" lon="6.9715302">
      <time>2020-06-15T11:23:47Z</time>
    </trkpt>
    <trkpt lat="50.9368832" lon="6.9715589">
      <time>2020-06-15T11:23:48Z</time>
    </trkpt>
    <trkpt lat="50.9369697" lon="6.9715831">
      <time>2020-06-15T11:23:50Z</time>
    </trkpt>
    <trkpt lat="50.9370220" lon="6.9715750">
      <time>2020-06-15T11:23:51Z</time>
    </trkpt>
    <trkpt lat="50.9370766" lon="6.9715732">
      <time>2020-06-15T11:23:52Z</time>
    </trkpt>
    <trkpt lat="50.9373457" lon="6.9715733">
      <time>2020-06-15T11:23:57Z</time>
    </trkpt>
    <trkpt lat="50.9376739" lon="6.9715246">
      <time>2020-06-15T11:24:03Z</time>
    </trkpt>
    <trkpt lat="50.9379282" lon="6.9715440">
      <time>2020-06-15T11:24:07Z</time>
    </trkpt>
    <trkpt lat="50.9383088" lon="6.9715972">
      <time>2020-06-15T11:24:13Z</time>
    </trkpt>
    <trkpt lat="50.9385220" lon="6.9717166">
      <time>2020-06-15T11:24:17Z</time>
    </trkpt>
    <trkpt lat="50.9385705" lon="6.9717327">
      <time>2020-06-15T11:24:18Z</time>
    </trkpt>
    <trkpt lat="50.9386286" lon="6.9717742">
      <time>2020-06-15T11:24:19Z</time>
    </trkpt>
    <trkpt lat="50.9387860" lon="6.9719030">
      <time>2020-06-15T11:24:22Z</time>
    </trkpt>
    <trkpt lat="50.9388301" lon="6.9719510">
      <time>2020-06-15T11:24:23Z</time>
    </trkpt>
    <trkpt lat="50.9389056" lon="6.9720490">
      <time>2020-06-15T11:24:25Z</time>
    </trkpt>
    <trkpt lat="50.9390763" lon="6.9722393">
      <time>2020-06-15T11:24:29Z</time>
    </trkpt>
    <trkpt lat="50.9392485" lon="6.9724814">
      <time>2020-06-15T11:24:33Z</time>
    </trkpt>
    <trkpt lat="50.9393287" lon="6.9726173">
      <time>2020-06-15T11:24:35Z</time>
    </trkpt>
    <trkpt lat="50.9393549" lon="6.9726871">
      <time>2020-06-15T11:24:36Z</time>
    </trkpt>
    <trkpt lat="50.9394870" lon="6.9730067">
      <time>2020-06-15T11:24:41Z</time>
    </trkpt>
    <trkpt lat="50.9396043" lon="6.9732865">
      <time>2020-06-15T11:24:46Z</time>
    </trkpt>
    <trkpt lat="50.9396639" lon="6.9733882">
      <time>2020-06-15T11:24:48Z</time>
    </trkpt>
    <trkpt lat="50.9397513" lon="6.9734797">
      <time>2020-06-15T11:24:50Z</time>
    </trkpt>
    <trkpt lat="50.9398581" lon="6.9735400">
      <time>2020-06-15T11:24:52Z</time>
    </trkpt>
    <trkpt lat="50.9399459" lon="6.9735635">
      <time>2020-06-15T11:24:54Z</time>
    </trkpt>
    <trkpt lat="50.9399714" lon="6.9735676">
      <time>2020-06-15T11:24:55Z</time>
    </trkpt>
    <trkpt lat="50.9399817" lon="6.9735502">
      <time>2020-06-15T11:24:57Z</time>
    </trkpt>
    <trkpt lat="50.9399817" lon="6.9735502">
      <time>2020-06-15T11:24:59Z</time>
    </trkpt>
    <trkpt lat="50.9399824" lon="6.9734355">
      <time>2020-06-15T11:25:06Z</time>
    </trkpt>
    <trkpt lat="50.9399840" lon="6.9733791">
      <time>2020-06-15T11:25:07Z</time>
    </trkpt>
    <trkpt lat="50.9400084" lon="6.9731806">
      <time>2020-06-15T11:25:10Z</time>
    </trkpt>
    <trkpt lat="50.9400374" lon="6.9731209">
      <time>2020-06-15T11:25:11Z</time>
    </trkpt>
    <trkpt lat="50.9400791" lon="6.9730703">
      <time>2020-06-15T11:25:12Z</time>
    </trkpt>
    <trkpt lat="50.9401711" lon="6.9729776">
      <time>2020-06-15T11:25:14Z</time>
    </trkpt>
    <trkpt lat="50.9402119" lon="6.9729132">
      <time>2020-06-15T11:25:15Z</time>
    </trkpt>
    <trkpt lat="50.9402876" lon="6.9727622">
      <time>2020-06-15T11:25:17Z</time>
    </trkpt>
    <trkpt lat="50.9403571" lon="6.9725982">
      <time>2020-06-15T11:25:19Z</time>
    </trkpt>
    <trkpt lat="50.9403818" lon="6.9724946">
      <time>2020-06-15T11:25:20Z</time>
    </trkpt>
    <trkpt lat="50.9404175" lon="6.9724079">
      <time>2020-06-15T11:25:21Z</time>
    </trkpt>
    <trkpt lat="50.9404864" lon="6.9722552">
      <time>2020-06-15T11:25:23Z</time>
    </trkpt>
    <trkpt lat="50.9405633" lon="6.9720867">
      <time>2020-06-15T11:25:25Z</time>
    </trkpt>
    <trkpt lat="50.9406909" lon="6.9718034">
      <time>2020-06-15T11:25:28Z</time>
    </trkpt>
    <trkpt lat="50.9407069" lon="6.9716931">
      <time>2020-06-15T11:25:29Z</time>
    </trkpt>
    <trkpt lat="50.9407482" lon="6.9714685">
      <time>2020-06-15T11:25:31Z</time>
    </trkpt>
    <trkpt lat="50.9407846" lon="6.9710902">
      <time>2020-06-15T11:25:35Z</time>
    </trkpt>
    <trkpt lat="50.9409415" lon="6.9708676">
      <time>2020-06-15T11:25:37Z</time>
    </trkpt>
    <trkpt lat="50.9410063" lon="6.9707145">
      <time>2020-06-15T11:25:39Z</time>
    </trkpt>
    <trkpt lat="50.9410497" lon="6.9705303">
      <time>2020-06-15T11:25:41Z</time>
    </trkpt>
    <trkpt lat="50.9410670" lon="6.9704486">
      <time>2020-06-15T11:25:42Z</time>
    </trkpt>
    <trkpt lat="50.9410849" lon="6.9703531">
      <time>2020-06-15T11:25:43Z</time>
    </trkpt>
    <trkpt lat="50.9411622" lon="6.9699892">
      <time>2020-06-15T11:25:47Z</time>
    </trkpt>
    <trkpt lat="50.9412001" lon="6.9697463">
      <time>2020-06-15T11:25:50Z</time>
    </trkpt>
    <trkpt lat="50.9412206" lon="6.9696765">
      <time>2020-06-15T11:25:51Z</time>
    </trkpt>
    <trkpt lat="50.9412555" lon="6.9695310">
      <time>2020-06-15T11:25:53Z</time>
    </trkpt>
    <trkpt lat="50.9412728" lon="6.9693752">
      <time>2020-06-15T11:25:55Z</time>
    </trkpt>
    <trkpt lat="50.9412775" lon="6.9692965">
      <time>2020-06-15T11:25:56Z</time>
    </trkpt>
    <trkpt lat="50.9412822" lon="6.9691402">
      <time>2020-06-15T11:25:58Z</time>
    </trkpt>
    <trkpt lat="50.9412906" lon="6.9689075">
      <time>2020-06-15T11:26:01Z</time>
    </trkpt>
    <trkpt lat="50.9412957" lon="6.9687362">
      <time>2020-06-15T11:26:03Z</time>
    </trkpt>
    <trkpt lat="50.9412963" lon="6.9686494">
      <time>2020-06-15T11:26:04Z</time>
    </trkpt>
    <trkpt lat="50.9413069" lon="6.9684752">
      <time>2020-06-15T11:26:06Z</time>
    </trkpt>
    <trkpt lat="50.9413073" lon="6.9683861">
      <time>2020-06-15T11:26:07Z</time>
    </trkpt>
    <trkpt lat="50.9413157" lon="6.9677926">
      <time>2020-06-15T11:26:14Z</time>
    </trkpt>
    <trkpt lat="50.9413199" lon="6.9677210">
      <time>2020-06-15T11:26:15Z</time>
    </trkpt>
    <trkpt lat="50.9413182" lon="6.9675101">
      <time>2020-06-15T11:26:18Z</time>
    </trkpt>
    <trkpt lat="50.9412924" lon="6.9670757">
      <time>2020-06-15T11:26:24Z</time>
    </trkpt>
    <trkpt lat="50.9413096" lon="6.9668528">
      <time>2020-06-15T11:26:28Z</time>
    </trkpt>
    <trkpt lat="50.9413113" lon="6.9667860">
      <time>2020-06-15T11:26:29Z</time>
    </trkpt>
    <trkpt lat="50.9413086" lon="6.9664665">
      <time>2020-06-15T11:26:33Z</time>
    </trkpt>
    <trkpt lat="50.9413054" lon="6.9659580">
      <time>2020-06-15T11:26:39Z</time>
    </trkpt>
    <trkpt lat="50.9413035" lon="6.9658766">
      <time>2020-06-15T11:26:40Z</time>
    </trkpt>
    <trkpt lat="50.9413063" lon="6.9653851">
      <time>2020-06-15T11:26:46Z</time>
    </trkpt>
    <trkpt lat="50.9413005" lon="6.9653038">
      <time>2020-06-15T11:26:47Z</time>
    </trkpt>
    <trkpt lat="50.9412997" lon="6.9649911">
      <time>2020-06-15T11:26:51Z</time>
    </trkpt>
    <trkpt lat="50.9412995" lon="6.9647541">
      <time>2020-06-15T11:26:54Z</time>
    </trkpt>
    <trkpt lat="50.9412938" lon="6.9642831">
      <time>2020-06-15T11:27:00Z</time>
    </trkpt>
    <trkpt lat="50.9412980" lon="6.9641173">
      <time>2020-06-15T11:27:02Z</time>
    </trkpt>
    <trkpt lat="50.9413003" lon="6.9634999">
      <time>2020-06-15T11:27:09Z</time>
    </trkpt>
    <trkpt lat="50.9412920" lon="6.9634070">
      <time>2020-06-15T11:27:10Z</time>
    </trkpt>
    <trkpt lat="50.9412935" lon="6.9628775">
      <time>2020-06-15T11:27:16Z</time>
    </trkpt>
    <trkpt lat="50.9412915" lon="6.9627990">
      <time>2020-06-15T11:27:17Z</time>
    </trkpt>
    <trkpt lat="50.9412636" lon="6.9626405">
      <time>2020-06-15T11:27:19Z</time>
    </trkpt>
    <trkpt lat="50.9412498" lon="6.9624672">
      <time>2020-06-15T11:27:21Z</time>
    </trkpt>
    <trkpt lat="50.9412512" lon="6.9622197">
      <time>2020-06-15T11:27:24Z</time>
    </trkpt>
    <trkpt lat="50.9412500" lon="6.9618626">
      <time>2020-06-15T11:27:28Z</time>
    </trkpt>
    <trkpt lat="50.9412619" lon="6.9616892">
      <time>2020-06-15T11:27:30Z</time>
    </trkpt>
    <trkpt lat="50.9412609" lon="6.9616069">
      <time>2020-06-15T11:27:31Z</time>
    </trkpt>
    <trkpt lat="50.9412418" lon="6.9612919">
      <time>2020-06-15T11:27:35Z</time>
    </trkpt>
    <trkpt lat="50.9412055" lon="6.9611682">
      <time>2020-06-15T11:27:37Z</time>
    </trkpt>
    <trkpt lat="50.9411668" lon="6.9610320">
      <time>2020-06-15T11:27:39Z</time>
    </trkpt>
    <trkpt lat="50.9411571" lon="6.9608016">
      <time>2020-06-15T11:27:42Z</time>
    </trkpt>
    <trkpt lat="50.9411575" lon="6.9606268">
      <time>2020-06-15T11:27:44Z</time>
    </trkpt>
    <trkpt lat="50.9411591" lon="6.9599966">
      <time>2020-06-15T11:27:51Z</time>
    </trkpt>
    <trkpt lat="50.9411467" lon="6.9598348">
      <time>2020-06-15T11:27:53Z</time>
    </trkpt>
    <trkpt lat="50.9411092" lon="6.9596609">
      <time>2020-06-15T11:27:55Z</time>
    </trkpt>
    <trkpt lat="50.9410812" lon="6.9595768">
      <time>2020-06-15T11:27:56Z</time>
    </trkpt>
    <trkpt lat="50.9410432" lon="6.9594858">
      <time>2020-06-15T11:27:57Z</time>
    </trkpt>
    <trkpt lat="50.9409444" lon="6.9593947">
      <time>2020-06-15T11:27:59Z</time>
    </trkpt>
    <trkpt lat="50.9408621" lon="6.9593588">
      <time>2020-06-15T11:28:01Z</time>
    </trkpt>
    <trkpt lat="50.9408434" lon="6.9593229">
      <time>2020-06-15T11:28:03Z</time>
    </trkpt>
    <trkpt lat="50.9409140" lon="6.9590986">
      <time>2020-06-15T11:28:06Z</time>
    </trkpt>
    <trkpt lat="50.9409529" lon="6.9589169">
      <time>2020-06-15T11:28:08Z</time>
    </trkpt>
    <trkpt lat="50.9409548" lon="6.9587011">
      <time>2020-06-15T11:28:10Z</time>
    </trkpt>
    <trkpt lat="50.9409001" lon="6.9581467">
      <time>2020-06-15T11:28:15Z</time>
    </trkpt>
    <trkpt lat="50.9409129" lon="6.9580331">
      <time>2020-06-15T11:28:16Z</time>
    </trkpt>
    <trkpt lat="50.9409305" lon="6.9578363">
      <time>2020-06-15T11:28:18Z</time>
    </trkpt>
    <trkpt lat="50.9409256" lon="6.9576696">
      <time>2020-06-15T11:28:20Z</time>
    </trkpt>
    <trkpt lat="50.9409268" lon="6.9575895">
      <time>2020-06-15T11:28:21Z</time>
    </trkpt>
    <trkpt lat="50.9409108" lon="6.9570961">
      <time>2020-06-15T11:28:27Z</time>
    </trkpt>
    <trkpt lat="50.9408974" lon="6.9569419">
      <time>2020-06-15T11:28:29Z</time>
    </trkpt>
    <trkpt lat="50.9408843" lon="6.9566504">
      <time>2020-06-15T11:28:34Z</time>
    </trkpt>
    <trkpt lat="50.9408523" lon="6.9565760">
      <time>2020-06-15T11:28:39Z</time>
    </trkpt>
    <trkpt lat="50.9409295" lon="6.9565452">
      <time>2020-06-15T11:28:41Z</time>
    </trkpt>
    <trkpt lat="50.9410824" lon="6.9564913">
      <time>2020-06-15T11:28:44Z</time>
    </trkpt>
    <trkpt lat="50.9409439" lon="6.9563407">
      <time>2020-06-15T11:28:49Z</time>
    </trkpt>
    <trkpt lat="50.9407999" lon="6.9562959">
      <time>2020-06-15T11:28:51Z</time>
    </trkpt>
    <trkpt lat="50.9409989" lon="6.9561468">
      <time>2020-06-15T11:28:56Z</time>
    </trkpt>
    <trkpt lat="50.9412396" lon="6.9561880">
      <time>2020-06-15T11:29:01Z</time>
    </trkpt>
    <trkpt lat="50.9414142" lon="6.9563414">
      <time>2020-06-15T11:29:06Z</time>
    </trkpt>
    <trkpt lat="50.9414541" lon="6.9563538">
      <time>2020-06-15T11:29:07Z</time>
    </trkpt>
    <trkpt lat="50.9415653" lon="6.9563756">
      <time>2020-06-15T11:29:10Z</time>
    </trkpt>
    <trkpt lat="50.9416215" lon="6.9563453">
      <time>2020-06-15T11:29:12Z</time>
    </trkpt>
    <trkpt lat="50.9416338" lon="6.9563085">
      <time>2020-06-15T11:29:13Z</time>
    </trkpt>
    <trkpt lat="50.9417109" lon="6.9560963">
      <time>2020-06-15T11:29:17Z</time>
    </trkpt>
    <trkpt lat="50.9417196" lon="6.9559241">
      <time>2020-06-15T11:29:19Z</time>
    </trkpt>
    <trkpt lat="50.9417222" lon="6.9557383">
      <time>2020-06-15T11:29:21Z</time>
    </trkpt>
    <trkpt lat="50.9416748" lon="6.9551235">
      <time>2020-06-15T11:29:27Z</time>
    </trkpt>
    <trkpt lat="50.9416272" lon="6.9546884">
      <time>2020-06-15T11:29:31Z</time>
    </trkpt>
    <trkpt lat="50.9416007" lon="6.9543594">
      <time>2020-06-15T11:29:34Z</time>
    </trkpt>
    <trkpt lat="50.9415665" lon="6.9537826">
      <time>2020-06-15T11:29:40Z</time>
    </trkpt>
    <trkpt lat="50.9415321" lon="6.9531701">
      <time>2020-06-15T11:29:48Z</time>
    </trkpt>
    <trkpt lat="50.9415375" lon="6.9531042">
      <time>2020-06-15T11:29:51Z</time>
    </trkpt>
    <trkpt lat="50.9415375" lon="6.9531042">
      <time>2020-06-15T11:29:52Z</time>
    </trkpt>
    <trkpt lat="50.9415375" lon="6.9531042">
      <time>2020-06-15T11:29:53Z</time>
    </trkpt>
    <trkpt lat="50.9415498" lon="6.9530561">
      <time>2020-06-15T11:30:37Z</time>
    </trkpt>
    <trkpt lat="50.9415561" lon="6.9530170">
      <time>2020-06-15T11:30:38Z</time>
    </trkpt>
    <trkpt lat="50.9415598" lon="6.9529690">
      <time>2020-06-15T11:30:39Z</time>
    </trkpt>
    <trkpt lat="50.9415645" lon="6.9527901">
      <time>2020-06-15T11:30:42Z</time>
    </trkpt>
    <trkpt lat="50.9415597" lon="6.9526378">
      <time>2020-06-15T11:30:44Z</time>
    </trkpt>
    <trkpt lat="50.9415582" lon="6.9522405">
      <time>2020-06-15T11:30:49Z</time>
    </trkpt>
    <trkpt lat="50.9415541" lon="6.9519806">
      <time>2020-06-15T11:30:52Z</time>
    </trkpt>
    <trkpt lat="50.9415551" lon="6.9517924">
      <time>2020-06-15T11:30:54Z</time>
    </trkpt>
    <trkpt lat="50.9415577" lon="6.9516919">
      <time>2020-06-15T11:30:55Z</time>
    </trkpt>
    <trkpt lat="50.9415562" lon="6.9515012">
      <time>2020-06-15T11:30:57Z</time>
    </trkpt>
    <trkpt lat="50.9415472" lon="6.9513154">
      <time>2020-06-15T11:30:59Z</time>
    </trkpt>
    <trkpt lat="50.9415339" lon="6.9510321">
      <time>2020-06-15T11:31:02Z</time>
    </trkpt>
    <trkpt lat="50.9415337" lon="6.9508372">
      <time>2020-06-15T11:31:04Z</time>
    </trkpt>
    <trkpt lat="50.9415033" lon="6.9505402">
      <time>2020-06-15T11:31:07Z</time>
    </trkpt>
    <trkpt lat="50.9414870" lon="6.9502551">
      <time>2020-06-15T11:31:10Z</time>
    </trkpt>
    <trkpt lat="50.9414741" lon="6.9499615">
      <time>2020-06-15T11:31:13Z</time>
    </trkpt>
    <trkpt lat="50.9414657" lon="6.9498720">
      <time>2020-06-15T11:31:14Z</time>
    </trkpt>
    <trkpt lat="50.9414021" lon="6.9493157">
      <time>2020-06-15T11:31:20Z</time>
    </trkpt>
    <trkpt lat="50.9413624" lon="6.9490264">
      <time>2020-06-15T11:31:23Z</time>
    </trkpt>
    <trkpt lat="50.9412779" lon="6.9482832">
      <time>2020-06-15T11:31:31Z</time>
    </trkpt>
    <trkpt lat="50.9412704" lon="6.9482227">
      <time>2020-06-15T11:31:32Z</time>
    </trkpt>
    <trkpt lat="50.9412500" lon="6.9480832">
      <time>2020-06-15T11:31:35Z</time>
    </trkpt>
    <trkpt lat="50.9412226" lon="6.9480123">
      <time>2020-06-15T11:31:39Z</time>
    </trkpt>
    <trkpt lat="50.9412183" lon="6.9480128">
      <time>2020-06-15T11:31:42Z</time>
    </trkpt>
    <trkpt lat="50.9411995" lon="6.9479412">
      <time>2020-06-15T11:32:49Z</time>
    </trkpt>
    <trkpt lat="50.9411873" lon="6.9478973">
      <time>2020-06-15T11:32:50Z</time>
    </trkpt>
    <trkpt lat="50.9411139" lon="6.9475916">
      <time>2020-06-15T11:32:55Z</time>
    </trkpt>
    <trkpt lat="50.9411064" lon="6.9474883">
      <time>2020-06-15T11:32:56Z</time>
    </trkpt>
    <trkpt lat="50.9411229" lon="6.9473213">
      <time>2020-06-15T11:32:58Z</time>
    </trkpt>
    <trkpt lat="50.9411340" lon="6.9472073">
      <time>2020-06-15T11:32:59Z</time>
    </trkpt>
    <trkpt lat="50.9411450" lon="6.9467483">
      <time>2020-06-15T11:33:03Z</time>
    </trkpt>
    <trkpt lat="50.9411192" lon="6.9464892">
      <time>2020-06-15T11:33:05Z</time>
    </trkpt>
    <trkpt lat="50.9410940" lon="6.9463733">
      <time>2020-06-15T11:33:06Z</time>
    </trkpt>
    <trkpt lat="50.9410639" lon="6.9462858">
      <time>2020-06-15T11:33:07Z</time>
    </trkpt>
    <trkpt lat="50.9409225" lon="6.9459213">
      <time>2020-06-15T11:33:10Z</time>
    </trkpt>
    <trkpt lat="50.9408300" lon="6.9457299">
      <time>2020-06-15T11:33:12Z</time>
    </trkpt>
    <trkpt lat="50.9407689" lon="6.9456274">
      <time>2020-06-15T11:33:13Z</time>
    </trkpt>
    <trkpt lat="50.9406127" lon="6.9454136">
      <time>2020-06-15T11:33:15Z</time>
    </trkpt>
    <trkpt lat="50.9405441" lon="6.9453102">
      <time>2020-06-15T11:33:16Z</time>
    </trkpt>
    <trkpt lat="50.9404920" lon="6.9452218">
      <time>2020-06-15T11:33:17Z</time>
    </trkpt>
    <trkpt lat="50.9403770" lon="6.9449332">
      <time>2020-06-15T11:33:19Z</time>
    </trkpt>
    <trkpt lat="50.9402751" lon="6.9445315">
      <time>2020-06-15T11:33:22Z</time>
    </trkpt>
    <trkpt lat="50.9402101" lon="6.9442391">
      <time>2020-06-15T11:33:24Z</time>
    </trkpt>
    <trkpt lat="50.9401487" lon="6.9439388">
      <time>2020-06-15T11:33:26Z</time>
    </trkpt>
    <trkpt lat="50.9401118" lon="6.9436595">
      <time>2020-06-15T11:33:28Z</time>
    </trkpt>
    <trkpt lat="50.9400933" lon="6.9434751">
      <time>2020-06-15T11:33:29Z</time>
    </trkpt>
    <trkpt lat="50.9400647" lon="6.9430192">
      <time>2020-06-15T11:33:32Z</time>
    </trkpt>
    <trkpt lat="50.9400607" lon="6.9428642">
      <time>2020-06-15T11:33:33Z</time>
    </trkpt>
    <trkpt lat="50.9400612" lon="6.9427023">
      <time>2020-06-15T11:33:34Z</time>
    </trkpt>
    <trkpt lat="50.9400675" lon="6.9423746">
      <time>2020-06-15T11:33:36Z</time>
    </trkpt>
    <trkpt lat="50.9401140" lon="6.9420807">
      <time>2020-06-15T11:33:38Z</time>
    </trkpt>
    <trkpt lat="50.9401648" lon="6.9417484">
      <time>2020-06-15T11:33:40Z</time>
    </trkpt>
    <trkpt lat="50.9401942" lon="6.9416061">
      <time>2020-06-15T11:33:41Z</time>
    </trkpt>
    <trkpt lat="50.9402264" lon="6.9414878">
      <time>2020-06-15T11:33:42Z</time>
    </trkpt>
    <trkpt lat="50.9404145" lon="6.9408992">
      <time>2020-06-15T11:33:46Z</time>
    </trkpt>
    <trkpt lat="50.9405022" lon="6.9406143">
      <time>2020-06-15T11:33:48Z</time>
    </trkpt>
    <trkpt lat="50.9405755" lon="6.9401173">
      <time>2020-06-15T11:33:51Z</time>
    </trkpt>
    <trkpt lat="50.9405912" lon="6.9398514">
      <time>2020-06-15T11:33:53Z</time>
    </trkpt>
    <trkpt lat="50.9406206" lon="6.9394256">
      <time>2020-06-15T11:33:56Z</time>
    </trkpt>
    <trkpt lat="50.9406205" lon="6.9391709">
      <time>2020-06-15T11:33:58Z</time>
    </trkpt>
    <trkpt lat="50.9406352" lon="6.9390173">
      <time>2020-06-15T11:33:59Z</time>
    </trkpt>
    <trkpt lat="50.9406784" lon="6.9387808">
      <time>2020-06-15T11:34:01Z</time>
    </trkpt>
    <trkpt lat="50.9407847" lon="6.9383615">
      <time>2020-06-15T11:34:05Z</time>
    </trkpt>
    <trkpt lat="50.9408196" lon="6.9382705">
      <time>2020-06-15T11:34:06Z</time>
    </trkpt>
    <trkpt lat="50.9410764" lon="6.9377244">
      <time>2020-06-15T11:34:12Z</time>
    </trkpt>
    <trkpt lat="50.9414581" lon="6.9370069">
      <time>2020-06-15T11:34:19Z</time>
    </trkpt>
    <trkpt lat="50.9415857" lon="6.9368038">
      <time>2020-06-15T11:34:21Z</time>
    </trkpt>
    <trkpt lat="50.9419212" lon="6.9361991">
      <time>2020-06-15T11:34:27Z</time>
    </trkpt>
    <trkpt lat="50.9420202" lon="6.9360202">
      <time>2020-06-15T11:34:29Z</time>
    </trkpt>
    <trkpt lat="50.9421168" lon="6.9358490">
      <time>2020-06-15T11:34:31Z</time>
    </trkpt>
    <trkpt lat="50.9421436" lon="6.9358020">
      <time>2020-06-15T11:34:32Z</time>
    </trkpt>
    <trkpt lat="50.9421788" lon="6.9357366">
      <time>2020-06-15T11:34:34Z</time>
    </trkpt>
    <trkpt lat="50.9421952" lon="6.9356944">
      <time>2020-06-15T11:34:36Z</time>
    </trkpt>
    <trkpt lat="50.9421934" lon="6.9356891">
      <time>2020-06-15T11:34:38Z</time>
    </trkpt>
    <trkpt lat="50.9422337" lon="6.9355820">
      <time>2020-06-15T11:35:08Z</time>
    </trkpt>
    <trkpt lat="50.9422593" lon="6.9355350">
      <time>2020-06-15T11:35:09Z</time>
    </trkpt>
    <trkpt lat="50.9424036" lon="6.9353566">
      <time>2020-06-15T11:35:13Z</time>
    </trkpt>
    <trkpt lat="50.9425347" lon="6.9351148">
      <time>2020-06-15T11:35:16Z</time>
    </trkpt>
    <trkpt lat="50.9426118" lon="6.9349657">
      <time>2020-06-15T11:35:18Z</time>
    </trkpt>
    <trkpt lat="50.9427475" lon="6.9347004">
      <time>2020-06-15T11:35:21Z</time>
    </trkpt>
    <trkpt lat="50.9428729" lon="6.9344475">
      <time>2020-06-15T11:35:24Z</time>
    </trkpt>
    <trkpt lat="50.9429282" lon="6.9343430">
      <time>2020-06-15T11:35:25Z</time>
    </trkpt>
    <trkpt lat="50.9430305" lon="6.9341584">
      <time>2020-06-15T11:35:27Z</time>
    </trkpt>
    <trkpt lat="50.9435179" lon="6.9331245">
      <time>2020-06-15T11:35:38Z</time>
    </trkpt>
    <trkpt lat="50.9437057" lon="6.9326758">
      <time>2020-06-15T11:35:43Z</time>
    </trkpt>
    <trkpt lat="50.9437955" lon="6.9324730">
      <time>2020-06-15T11:35:45Z</time>
    </trkpt>
    <trkpt lat="50.9438663" lon="6.9323078">
      <time>2020-06-15T11:35:47Z</time>
    </trkpt>
    <trkpt lat="50.9439085" lon="6.9322209">
      <time>2020-06-15T11:35:48Z</time>
    </trkpt>
    <trkpt lat="50.9439858" lon="6.9320324">
      <time>2020-06-15T11:35:50Z</time>
    </trkpt>
    <trkpt lat="50.9440534" lon="6.9318542">
      <time>2020-06-15T11:35:52Z</time>
    </trkpt>
    <trkpt lat="50.9440918" lon="6.9317959">
      <time>2020-06-15T11:35:53Z</time>
    </trkpt>
    <trkpt lat="50.9441501" lon="6.9317108">
      <time>2020-06-15T11:35:54Z</time>
    </trkpt>
    <trkpt lat="50.9442239" lon="6.9315384">
      <time>2020-06-15T11:35:56Z</time>
    </trkpt>
    <trkpt lat="50.9442483" lon="6.9314548">
      <time>2020-06-15T11:35:57Z</time>
    </trkpt>
    <trkpt lat="50.9444767" lon="6.9307712">
      <time>2020-06-15T11:36:04Z</time>
    </trkpt>
    <trkpt lat="50.9445546" lon="6.9305968">
      <time>2020-06-15T11:36:06Z</time>
    </trkpt>
    <trkpt lat="50.9447187" lon="6.9301031">
      <time>2020-06-15T11:36:11Z</time>
    </trkpt>
    <trkpt lat="50.9449076" lon="6.9293870">
      <time>2020-06-15T11:36:18Z</time>
    </trkpt>
    <trkpt lat="50.9449386" lon="6.9292841">
      <time>2020-06-15T11:36:19Z</time>
    </trkpt>
    <trkpt lat="50.9450416" lon="6.9289723">
      <time>2020-06-15T11:36:22Z</time>
    </trkpt>
    <trkpt lat="50.9451025" lon="6.9287446">
      <time>2020-06-15T11:36:25Z</time>
    </trkpt>
    <trkpt lat="50.9451093" lon="6.9287111">
      <time>2020-06-15T11:36:26Z</time>
    </trkpt>
    <trkpt lat="50.9451196" lon="6.9286828">
      <time>2020-06-15T11:36:28Z</time>
    </trkpt>
    <trkpt lat="50.9451132" lon="6.9286739">
      <time>2020-06-15T11:36:30Z</time>
    </trkpt>
    <trkpt lat="50.9451132" lon="6.9286739">
      <time>2020-06-15T11:36:32Z</time>
    </trkpt>
    <trkpt lat="50.9451138" lon="6.9286347">
      <time>2020-06-15T11:37:30Z</time>
    </trkpt>
    <trkpt lat="50.9451109" lon="6.9285833">
      <time>2020-06-15T11:37:31Z</time>
    </trkpt>
    <trkpt lat="50.9451799" lon="6.9282846">
      <time>2020-06-15T11:37:35Z</time>
    </trkpt>
    <trkpt lat="50.9452087" lon="6.9281957">
      <time>2020-06-15T11:37:36Z</time>
    </trkpt>
    <trkpt lat="50.9453104" lon="6.9279002">
      <time>2020-06-15T11:37:39Z</time>
    </trkpt>
    <trkpt lat="50.9453726" lon="6.9277151">
      <time>2020-06-15T11:37:41Z</time>
    </trkpt>
    <trkpt lat="50.9454441" lon="6.9274789">
      <time>2020-06-15T11:37:43Z</time>
    </trkpt>
    <trkpt lat="50.9454978" lon="6.9272820">
      <time>2020-06-15T11:37:45Z</time>
    </trkpt>
    <trkpt lat="50.9456950" lon="6.9267466">
      <time>2020-06-15T11:37:50Z</time>
    </trkpt>
    <trkpt lat="50.9457701" lon="6.9265801">
      <time>2020-06-15T11:37:52Z</time>
    </trkpt>
    <trkpt lat="50.9458563" lon="6.9263900">
      <time>2020-06-15T11:37:54Z</time>
    </trkpt>
    <trkpt lat="50.9459940" lon="6.9260387">
      <time>2020-06-15T11:37:58Z</time>
    </trkpt>
    <trkpt lat="50.9460608" lon="6.9258694">
      <time>2020-06-15T11:38:00Z</time>
    </trkpt>
    <trkpt lat="50.9461645" lon="6.9256199">
      <time>2020-06-15T11:38:03Z</time>
    </trkpt>
    <trkpt lat="50.9463057" lon="6.9253407">
      <time>2020-06-15T11:38:06Z</time>
    </trkpt>
    <trkpt lat="50.9463871" lon="6.9251266">
      <time>2020-06-15T11:38:08Z</time>
    </trkpt>
    <trkpt lat="50.9465004" lon="6.9248037">
      <time>2020-06-15T11:38:11Z</time>
    </trkpt>
    <trkpt lat="50.9466344" lon="6.9244506">
      <time>2020-06-15T11:38:14Z</time>
    </trkpt>
    <trkpt lat="50.9469010" lon="6.9238430">
      <time>2020-06-15T11:38:20Z</time>
    </trkpt>
    <trkpt lat="50.9470858" lon="6.9233574">
      <time>2020-06-15T11:38:25Z</time>
    </trkpt>
    <trkpt lat="50.9473350" lon="6.9227205">
      <time>2020-06-15T11:38:32Z</time>
    </trkpt>
    <trkpt lat="50.9475333" lon="6.9222485">
      <time>2020-06-15T11:38:37Z</time>
    </trkpt>
    <trkpt lat="50.9476721" lon="6.9219017">
      <time>2020-06-15T11:38:41Z</time>
    </trkpt>
    <trkpt lat="50.9478198" lon="6.9215558">
      <time>2020-06-15T11:38:45Z</time>
    </trkpt>
    <trkpt lat="50.9480271" lon="6.9210742">
      <time>2020-06-15T11:38:51Z</time>
    </trkpt>
    <trkpt lat="50.9480910" lon="6.9209148">
      <time>2020-06-15T11:38:53Z</time>
    </trkpt>
    <trkpt lat="50.9481534" lon="6.9208131">
      <time>2020-06-15T11:38:55Z</time>
    </trkpt>
    <trkpt lat="50.9482300" lon="6.9206435">
      <time>2020-06-15T11:38:58Z</time>
    </trkpt>
    <trkpt lat="50.9482735" lon="6.9205420">
      <time>2020-06-15T11:39:00Z</time>
    </trkpt>
    <trkpt lat="50.9484039" lon="6.9201337">
      <time>2020-06-15T11:39:05Z</time>
    </trkpt>
    <trkpt lat="50.9485866" lon="6.9197139">
      <time>2020-06-15T11:39:10Z</time>
    </trkpt>
    <trkpt lat="50.9486284" lon="6.9196344">
      <time>2020-06-15T11:39:11Z</time>
    </trkpt>
    <trkpt lat="50.9487898" lon="6.9192314">
      <time>2020-06-15T11:39:15Z</time>
    </trkpt>
    <trkpt lat="50.9488628" lon="6.9190689">
      <time>2020-06-15T11:39:17Z</time>
    </trkpt>
    <trkpt lat="50.9490114" lon="6.9186869">
      <time>2020-06-15T11:39:21Z</time>
    </trkpt>
    <trkpt lat="50.9491402" lon="6.9183846">
      <time>2020-06-15T11:39:24Z</time>
    </trkpt>
    <trkpt lat="50.9493680" lon="6.9179687">
      <time>2020-06-15T11:39:29Z</time>
    </trkpt>
    <trkpt lat="50.9494040" lon="6.9179035">
      <time>2020-06-15T11:39:30Z</time>
    </trkpt>
    <trkpt lat="50.9495989" lon="6.9175694">
      <time>2020-06-15T11:39:34Z</time>
    </trkpt>
    <trkpt lat="50.9496371" lon="6.9174882">
      <time>2020-06-15T11:39:35Z</time>
    </trkpt>
    <trkpt lat="50.9498482" lon="6.9171535">
      <time>2020-06-15T11:39:40Z</time>
    </trkpt>
    <trkpt lat="50.9499455" lon="6.9170249">
      <time>2020-06-15T11:39:42Z</time>
    </trkpt>
    <trkpt lat="50.9500000" lon="6.9169386">
      <time>2020-06-15T11:39:44Z</time>
    </trkpt>
    <trkpt lat="50.9500120" lon="6.9169151">
      <time>2020-06-15T11:39:45Z</time>
    </trkpt>
    <trkpt lat="50.9500474" lon="6.9168649">
      <time>2020-06-15T11:39:47Z</time>
    </trkpt>
    <trkpt lat="50.9500776" lon="6.9168773">
      <time>2020-06-15T11:39:49Z</time>
    </trkpt>
    <trkpt lat="50.9501051" lon="6.9168923">
      <time>2020-06-15T11:39:53Z</time>
    </trkpt>
    <trkpt lat="50.9501220" lon="6.9168210">
      <time>2020-06-15T11:40:41Z</time>
    </trkpt>
    <trkpt lat="50.9501510" lon="6.9167837">
      <time>2020-06-15T11:40:42Z</time>
    </trkpt>
    <trkpt lat="50.9502707" lon="6.9166660">
      <time>2020-06-15T11:40:45Z</time>
    </trkpt>
    <trkpt lat="50.9503485" lon="6.9165456">
      <time>2020-06-15T11:40:47Z</time>
    </trkpt>
    <trkpt lat="50.9504815" lon="6.9163515">
      <time>2020-06-15T11:40:50Z</time>
    </trkpt>
    <trkpt lat="50.9506934" lon="6.9160076">
      <time>2020-06-15T11:40:55Z</time>
    </trkpt>
    <trkpt lat="50.9507708" lon="6.9158576">
      <time>2020-06-15T11:40:57Z</time>
    </trkpt>
    <trkpt lat="50.9508182" lon="6.9157720">
      <time>2020-06-15T11:40:58Z</time>
    </trkpt>
    <trkpt lat="50.9510046" lon="6.9155470">
      <time>2020-06-15T11:41:02Z</time>
    </trkpt>
    <trkpt lat="50.9511768" lon="6.9152595">
      <time>2020-06-15T11:41:07Z</time>
    </trkpt>
    <trkpt lat="50.9512168" lon="6.9151849">
      <time>2020-06-15T11:41:09Z</time>
    </trkpt>
    <trkpt lat="50.9512217" lon="6.9151629">
      <time>2020-06-15T11:41:10Z</time>
    </trkpt>
    <trkpt lat="50.9516139" lon="6.9145122">
      <time>2020-06-15T11:41:18Z</time>
    </trkpt>
    <trkpt lat="50.9516537" lon="6.9144506">
      <time>2020-06-15T11:41:19Z</time>
    </trkpt>
    <trkpt lat="50.9516859" lon="6.9143789">
      <time>2020-06-15T11:41:20Z</time>
    </trkpt>
    <trkpt lat="50.9518770" lon="6.9141225">
      <time>2020-06-15T11:41:24Z</time>
    </trkpt>
    <trkpt lat="50.9519270" lon="6.9140704">
      <time>2020-06-15T11:41:25Z</time>
    </trkpt>
    <trkpt lat="50.9520935" lon="6.9138403">
      <time>2020-06-15T11:41:29Z</time>
    </trkpt>
    <trkpt lat="50.9521862" lon="6.9137160">
      <time>2020-06-15T11:41:31Z</time>
    </trkpt>
    <trkpt lat="50.9523359" lon="6.9134538">
      <time>2020-06-15T11:41:35Z</time>
    </trkpt>
    <trkpt lat="50.9523786" lon="6.9133859">
      <time>2020-06-15T11:41:36Z</time>
    </trkpt>
    <trkpt lat="50.9524689" lon="6.9133297">
      <time>2020-06-15T11:41:38Z</time>
    </trkpt>
    <trkpt lat="50.9525053" lon="6.9132854">
      <time>2020-06-15T11:41:39Z</time>
    </trkpt>
    <trkpt lat="50.9525442" lon="6.9132249">
      <time>2020-06-15T11:41:40Z</time>
    </trkpt>
    <trkpt lat="50.9526854" lon="6.9129445">
      <time>2020-06-15T11:41:44Z</time>
    </trkpt>
    <trkpt lat="50.9528573" lon="6.9126882">
      <time>2020-06-15T11:41:48Z</time>
    </trkpt>
    <trkpt lat="50.9529886" lon="6.9125042">
      <time>2020-06-15T11:41:51Z</time>
    </trkpt>
    <trkpt lat="50.9531125" lon="6.9122924">
      <time>2020-06-15T11:41:54Z</time>
    </trkpt>
    <trkpt lat="50.9531497" lon="6.9122240">
      <time>2020-06-15T11:41:55Z</time>
    </trkpt>
    <trkpt lat="50.9532341" lon="6.9120921">
      <time>2020-06-15T11:41:57Z</time>
    </trkpt>
    <trkpt lat="50.9533508" lon="6.9118925">
      <time>2020-06-15T11:42:00Z</time>
    </trkpt>
    <trkpt lat="50.9534054" lon="6.9118220">
      <time>2020-06-15T11:42:01Z</time>
    </trkpt>
    <trkpt lat="50.9537047" lon="6.9113839">
      <time>2020-06-15T11:42:08Z</time>
    </trkpt>
    <trkpt lat="50.9538173" lon="6.9111587">
      <time>2020-06-15T11:42:11Z</time>
    </trkpt>
    <trkpt lat="50.9539971" lon="6.9108796">
      <time>2020-06-15T11:42:15Z</time>
    </trkpt>
    <trkpt lat="50.9540440" lon="6.9108092">
      <time>2020-06-15T11:42:16Z</time>
    </trkpt>
    <trkpt lat="50.9541573" lon="6.9106107">
      <time>2020-06-15T11:42:19Z</time>
    </trkpt>
    <trkpt lat="50.9542424" lon="6.9104622">
      <time>2020-06-15T11:42:21Z</time>
    </trkpt>
    <trkpt lat="50.9542745" lon="6.9103934">
      <time>2020-06-15T11:42:22Z</time>
    </trkpt>
    <trkpt lat="50.9543524" lon="6.9101659">
      <time>2020-06-15T11:42:26Z</time>
    </trkpt>
    <trkpt lat="50.9544136" lon="6.9100312">
      <time>2020-06-15T11:42:31Z</time>
    </trkpt>
    <trkpt lat="50.9544320" lon="6.9100065">
      <time>2020-06-15T11:42:33Z</time>
    </trkpt>
    <trkpt lat="50.9544549" lon="6.9099406">
      <time>2020-06-15T11:42:36Z</time>
    </trkpt>
    <trkpt lat="50.9545588" lon="6.9097427">
      <time>2020-06-15T11:42:40Z</time>
    </trkpt>
    <trkpt lat="50.9545888" lon="6.9096690">
      <time>2020-06-15T11:42:41Z</time>
    </trkpt>
    <trkpt lat="50.9546483" lon="6.9095025">
      <time>2020-06-15T11:42:43Z</time>
    </trkpt>
    <trkpt lat="50.9546850" lon="6.9094192">
      <time>2020-06-15T11:42:44Z</time>
    </trkpt>
    <trkpt lat="50.9547977" lon="6.9091263">
      <time>2020-06-15T11:42:47Z</time>
    </trkpt>
    <trkpt lat="50.9548682" lon="6.9089016">
      <time>2020-06-15T11:42:49Z</time>
    </trkpt>
    <trkpt lat="50.9549925" lon="6.9085382">
      <time>2020-06-15T11:42:52Z</time>
    </trkpt>
    <trkpt lat="50.9551197" lon="6.9081378">
      <time>2020-06-15T11:42:55Z</time>
    </trkpt>
    <trkpt lat="50.9553765" lon="6.9072989">
      <time>2020-06-15T11:43:01Z</time>
    </trkpt>
    <trkpt lat="50.9555294" lon="6.9068180">
      <time>2020-06-15T11:43:05Z</time>
    </trkpt>
    <trkpt lat="50.9555665" lon="6.9067196">
      <time>2020-06-15T11:43:06Z</time>
    </trkpt>
    <trkpt lat="50.9557376" lon="6.9062322">
      <time>2020-06-15T11:43:11Z</time>
    </trkpt>
    <trkpt lat="50.9558822" lon="6.9058447">
      <time>2020-06-15T11:43:15Z</time>
    </trkpt>
    <trkpt lat="50.9559550" lon="6.9056940">
      <time>2020-06-15T11:43:17Z</time>
    </trkpt>
    <trkpt lat="50.9559963" lon="6.9055826">
      <time>2020-06-15T11:43:18Z</time>
    </trkpt>
    <trkpt lat="50.9560756" lon="6.9052930">
      <time>2020-06-15T11:43:21Z</time>
    </trkpt>
    <trkpt lat="50.9562457" lon="6.9047284">
      <time>2020-06-15T11:43:27Z</time>
    </trkpt>
    <trkpt lat="50.9563663" lon="6.9043750">
      <time>2020-06-15T11:43:31Z</time>
    </trkpt>
    <trkpt lat="50.9564175" lon="6.9042321">
      <time>2020-06-15T11:43:33Z</time>
    </trkpt>
    <trkpt lat="50.9565406" lon="6.9039098">
      <time>2020-06-15T11:43:37Z</time>
    </trkpt>
    <trkpt lat="50.9565987" lon="6.9037576">
      <time>2020-06-15T11:43:39Z</time>
    </trkpt>
    <trkpt lat="50.9566846" lon="6.9034865">
      <time>2020-06-15T11:43:43Z</time>
    </trkpt>
    <trkpt lat="50.9567007" lon="6.9034384">
      <time>2020-06-15T11:43:44Z</time>
    </trkpt>
    <trkpt lat="50.9567223" lon="6.9033379">
      <time>2020-06-15T11:43:47Z</time>
    </trkpt>
    <trkpt lat="50.9567201" lon="6.9033210">
      <time>2020-06-15T11:43:48Z</time>
    </trkpt>
    <trkpt lat="50.9567365" lon="6.9032710">
      <time>2020-06-15T11:43:53Z</time>
    </trkpt>
    <trkpt lat="50.9567525" lon="6.9032533">
      <time>2020-06-15T11:43:54Z</time>
    </trkpt>
    <trkpt lat="50.9568131" lon="6.9030945">
      <time>2020-06-15T11:43:58Z</time>
    </trkpt>
    <trkpt lat="50.9568318" lon="6.9030415">
      <time>2020-06-15T11:43:59Z</time>
    </trkpt>
    <trkpt lat="50.9568829" lon="6.9029223">
      <time>2020-06-15T11:44:01Z</time>
    </trkpt>
    <trkpt lat="50.9569703" lon="6.9026611">
      <time>2020-06-15T11:44:04Z</time>
    </trkpt>
    <trkpt lat="50.9569927" lon="6.9025872">
      <time>2020-06-15T11:44:05Z</time>
    </trkpt>
    <trkpt lat="50.9570701" lon="6.9022744">
      <time>2020-06-15T11:44:08Z</time>
    </trkpt>
    <trkpt lat="50.9572599" lon="6.9015877">
      <time>2020-06-15T11:44:14Z</time>
    </trkpt>
    <trkpt lat="50.9573066" lon="6.9014835">
      <time>2020-06-15T11:44:15Z</time>
    </trkpt>
    <trkpt lat="50.9574846" lon="6.9010762">
      <time>2020-06-15T11:44:19Z</time>
    </trkpt>
    <trkpt lat="50.9576357" lon="6.9006326">
      <time>2020-06-15T11:44:23Z</time>
    </trkpt>
    <trkpt lat="50.9576786" lon="6.9005368">
      <time>2020-06-15T11:44:24Z</time>
    </trkpt>
    <trkpt lat="50.9577207" lon="6.9004433">
      <time>2020-06-15T11:44:25Z</time>
    </trkpt>
    <trkpt lat="50.9578349" lon="6.9001456">
      <time>2020-06-15T11:44:28Z</time>
    </trkpt>
    <trkpt lat="50.9579226" lon="6.8999647">
      <time>2020-06-15T11:44:30Z</time>
    </trkpt>
    <trkpt lat="50.9579699" lon="6.8998819">
      <time>2020-06-15T11:44:31Z</time>
    </trkpt>
    <trkpt lat="50.9580110" lon="6.8997967">
      <time>2020-06-15T11:44:32Z</time>
    </trkpt>
    <trkpt lat="50.9581157" lon="6.8995383">
      <time>2020-06-15T11:44:35Z</time>
    </trkpt>
    <trkpt lat="50.9581815" lon="6.8993561">
      <time>2020-06-15T11:44:37Z</time>
    </trkpt>
    <trkpt lat="50.9582942" lon="6.8990808">
      <time>2020-06-15T11:44:40Z</time>
    </trkpt>
    <trkpt lat="50.9584555" lon="6.8987730">
      <time>2020-06-15T11:44:44Z</time>
    </trkpt>
    <trkpt lat="50.9585319" lon="6.8986219">
      <time>2020-06-15T11:44:46Z</time>
    </trkpt>
    <trkpt lat="50.9585703" lon="6.8985508">
      <time>2020-06-15T11:44:47Z</time>
    </trkpt>
    <trkpt lat="50.9586790" lon="6.8983428">
      <time>2020-06-15T11:44:50Z</time>
    </trkpt>
    <trkpt lat="50.9589163" lon="6.8977980">
      <time>2020-06-15T11:44:57Z</time>
    </trkpt>
    <trkpt lat="50.9589574" lon="6.8977323">
      <time>2020-06-15T11:44:58Z</time>
    </trkpt>
    <trkpt lat="50.9590661" lon="6.8975152">
      <time>2020-06-15T11:45:01Z</time>
    </trkpt>
    <trkpt lat="50.9591390" lon="6.8973589">
      <time>2020-06-15T11:45:03Z</time>
    </trkpt>
    <trkpt lat="50.9593475" lon="6.8968974">
      <time>2020-06-15T11:45:09Z</time>
    </trkpt>
    <trkpt lat="50.9593861" lon="6.8968266">
      <time>2020-06-15T11:45:10Z</time>
    </trkpt>
    <trkpt lat="50.9594203" lon="6.8967511">
      <time>2020-06-15T11:45:11Z</time>
    </trkpt>
    <trkpt lat="50.9594769" lon="6.8965881">
      <time>2020-06-15T11:45:13Z</time>
    </trkpt>
    <trkpt lat="50.9595083" lon="6.8965119">
      <time>2020-06-15T11:45:14Z</time>
    </trkpt>
    <trkpt lat="50.9595392" lon="6.8964418">
      <time>2020-06-15T11:45:15Z</time>
    </trkpt>
    <trkpt lat="50.9596026" lon="6.8962865">
      <time>2020-06-15T11:45:17Z</time>
    </trkpt>
    <trkpt lat="50.9597078" lon="6.8960636">
      <time>2020-06-15T11:45:20Z</time>
    </trkpt>
    <trkpt lat="50.9597809" lon="6.8959149">
      <time>2020-06-15T11:45:22Z</time>
    </trkpt>
    <trkpt lat="50.9600887" lon="6.8953032">
      <time>2020-06-15T11:45:30Z</time>
    </trkpt>
    <trkpt lat="50.9601267" lon="6.8952271">
      <time>2020-06-15T11:45:31Z</time>
    </trkpt>
    <trkpt lat="50.9602332" lon="6.8949993">
      <time>2020-06-15T11:45:34Z</time>
    </trkpt>
    <trkpt lat="50.9602731" lon="6.8949247">
      <time>2020-06-15T11:45:35Z</time>
    </trkpt>
    <trkpt lat="50.9603441" lon="6.8947748">
      <time>2020-06-15T11:45:37Z</time>
    </trkpt>
    <trkpt lat="50.9604615" lon="6.8945747">
      <time>2020-06-15T11:45:40Z</time>
    </trkpt>
    <trkpt lat="50.9605005" lon="6.8945057">
      <time>2020-06-15T11:45:41Z</time>
    </trkpt>
    <trkpt lat="50.9606782" lon="6.8941606">
      <time>2020-06-15T11:45:46Z</time>
    </trkpt>
    <trkpt lat="50.9607065" lon="6.8940942">
      <time>2020-06-15T11:45:47Z</time>
    </trkpt>
    <trkpt lat="50.9607682" lon="6.8939705">
      <time>2020-06-15T11:45:49Z</time>
    </trkpt>
    <trkpt lat="50.9608180" lon="6.8938195">
      <time>2020-06-15T11:45:51Z</time>
    </trkpt>
    <trkpt lat="50.9609300" lon="6.8936390">
      <time>2020-06-15T11:45:54Z</time>
    </trkpt>
    <trkpt lat="50.9609764" lon="6.8935925">
      <time>2020-06-15T11:45:55Z</time>
    </trkpt>
    <trkpt lat="50.9610623" lon="6.8934857">
      <time>2020-06-15T11:45:57Z</time>
    </trkpt>
    <trkpt lat="50.9611419" lon="6.8933446">
      <time>2020-06-15T11:45:59Z</time>
    </trkpt>
    <trkpt lat="50.9611820" lon="6.8932691">
      <time>2020-06-15T11:46:00Z</time>
    </trkpt>
    <trkpt lat="50.9613671" lon="6.8928416">
      <time>2020-06-15T11:46:05Z</time>
    </trkpt>
    <trkpt lat="50.9614404" lon="6.8926637">
      <time>2020-06-15T11:46:07Z</time>
    </trkpt>
    <trkpt lat="50.9615049" lon="6.8924872">
      <time>2020-06-15T11:46:09Z</time>
    </trkpt>
    <trkpt lat="50.9615373" lon="6.8924011">
      <time>2020-06-15T11:46:10Z</time>
    </trkpt>
    <trkpt lat="50.9616911" lon="6.8920822">
      <time>2020-06-15T11:46:14Z</time>
    </trkpt>
    <trkpt lat="50.9617685" lon="6.8919330">
      <time>2020-06-15T11:46:16Z</time>
    </trkpt>
    <trkpt lat="50.9618720" lon="6.8917137">
      <time>2020-06-15T11:46:19Z</time>
    </trkpt>
    <trkpt lat="50.9619061" lon="6.8916428">
      <time>2020-06-15T11:46:20Z</time>
    </trkpt>
    <trkpt lat="50.9619778" lon="6.8915107">
      <time>2020-06-15T11:46:22Z</time>
    </trkpt>
    <trkpt lat="50.9620148" lon="6.8914373">
      <time>2020-06-15T11:46:23Z</time>
    </trkpt>
    <trkpt lat="50.9622416" lon="6.8909663">
      <time>2020-06-15T11:46:29Z</time>
    </trkpt>
    <trkpt lat="50.9624575" lon="6.8904526">
      <time>2020-06-15T11:46:35Z</time>
    </trkpt>
    <trkpt lat="50.9625329" lon="6.8902780">
      <time>2020-06-15T11:46:37Z</time>
    </trkpt>
    <trkpt lat="50.9625685" lon="6.8901853">
      <time>2020-06-15T11:46:38Z</time>
    </trkpt>
    <trkpt lat="50.9628812" lon="6.8894859">
      <time>2020-06-15T11:46:46Z</time>
    </trkpt>
    <trkpt lat="50.9629498" lon="6.8893265">
      <time>2020-06-15T11:46:48Z</time>
    </trkpt>
    <trkpt lat="50.9630278" lon="6.8892005">
      <time>2020-06-15T11:46:50Z</time>
    </trkpt>
    <trkpt lat="50.9631496" lon="6.8890216">
      <time>2020-06-15T11:46:53Z</time>
    </trkpt>
    <trkpt lat="50.9632530" lon="6.8888259">
      <time>2020-06-15T11:46:56Z</time>
    </trkpt>
    <trkpt lat="50.9635196" lon="6.8882736">
      <time>2020-06-15T11:47:05Z</time>
    </trkpt>
    <trkpt lat="50.9635616" lon="6.8880766">
      <time>2020-06-15T11:47:09Z</time>
    </trkpt>
    <trkpt lat="50.9635516" lon="6.8880443">
      <time>2020-06-15T11:47:10Z</time>
    </trkpt>
    <trkpt lat="50.9635106" lon="6.8880288">
      <time>2020-06-15T11:47:12Z</time>
    </trkpt>
    <trkpt lat="50.9634101" lon="6.8879945">
      <time>2020-06-15T11:47:17Z</time>
    </trkpt>
    <trkpt lat="50.9634075" lon="6.8879910">
      <time>2020-06-15T11:47:19Z</time>
    </trkpt>
    <trkpt lat="50.9633911" lon="6.8879547">
      <time>2020-06-15T11:47:38Z</time>
    </trkpt>
    <trkpt lat="50.9633896" lon="6.8879192">
      <time>2020-06-15T11:47:39Z</time>
    </trkpt>
    <trkpt lat="50.9634300" lon="6.8877536">
      <time>2020-06-15T11:47:43Z</time>
    </trkpt>
    <trkpt lat="50.9634554" lon="6.8877047">
      <time>2020-06-15T11:47:44Z</time>
    </trkpt>
    <trkpt lat="50.9635547" lon="6.8874949">
      <time>2020-06-15T11:47:48Z</time>
    </trkpt>
    <trkpt lat="50.9635856" lon="6.8874403">
      <time>2020-06-15T11:47:49Z</time>
    </trkpt>
    <trkpt lat="50.9636508" lon="6.8873323">
      <time>2020-06-15T11:47:51Z</time>
    </trkpt>
    <trkpt lat="50.9637068" lon="6.8872074">
      <time>2020-06-15T11:47:53Z</time>
    </trkpt>
    <trkpt lat="50.9637317" lon="6.8871604">
      <time>2020-06-15T11:47:54Z</time>
    </trkpt>
    <trkpt lat="50.9637986" lon="6.8870183">
      <time>2020-06-15T11:47:56Z</time>
    </trkpt>
    <trkpt lat="50.9638777" lon="6.8868443">
      <time>2020-06-15T11:47:59Z</time>
    </trkpt>
    <trkpt lat="50.9639057" lon="6.8867725">
      <time>2020-06-15T11:48:00Z</time>
    </trkpt>
    <trkpt lat="50.9640234" lon="6.8865064">
      <time>2020-06-15T11:48:04Z</time>
    </trkpt>
    <trkpt lat="50.9641140" lon="6.8863214">
      <time>2020-06-15T11:48:07Z</time>
    </trkpt>
    <trkpt lat="50.9641730" lon="6.8862174">
      <time>2020-06-15T11:48:09Z</time>
    </trkpt>
    <trkpt lat="50.9643186" lon="6.8859038">
      <time>2020-06-15T11:48:14Z</time>
    </trkpt>
    <trkpt lat="50.9643838" lon="6.8857665">
      <time>2020-06-15T11:48:16Z</time>
    </trkpt>
    <trkpt lat="50.9645297" lon="6.8854550">
      <time>2020-06-15T11:48:21Z</time>
    </trkpt>
    <trkpt lat="50.9645921" lon="6.8853428">
      <time>2020-06-15T11:48:23Z</time>
    </trkpt>
    <trkpt lat="50.9646929" lon="6.8851753">
      <time>2020-06-15T11:48:26Z</time>
    </trkpt>
    <trkpt lat="50.9647774" lon="6.8849980">
      <time>2020-06-15T11:48:29Z</time>
    </trkpt>
    <trkpt lat="50.9648483" lon="6.8848569">
      <time>2020-06-15T11:48:31Z</time>
    </trkpt>
    <trkpt lat="50.9648786" lon="6.8847886">
      <time>2020-06-15T11:48:32Z</time>
    </trkpt>
    <trkpt lat="50.9650433" lon="6.8844550">
      <time>2020-06-15T11:48:37Z</time>
    </trkpt>
    <trkpt lat="50.9650955" lon="6.8843126">
      <time>2020-06-15T11:48:39Z</time>
    </trkpt>
    <trkpt lat="50.9652210" lon="6.8840142">
      <time>2020-06-15T11:48:43Z</time>
    </trkpt>
    <trkpt lat="50.9652812" lon="6.8838719">
      <time>2020-06-15T11:48:45Z</time>
    </trkpt>
    <trkpt lat="50.9653785" lon="6.8836625">
      <time>2020-06-15T11:48:48Z</time>
    </trkpt>
    <trkpt lat="50.9654398" lon="6.8835288">
      <time>2020-06-15T11:48:50Z</time>
    </trkpt>
    <trkpt lat="50.9654671" lon="6.8834548">
      <time>2020-06-15T11:48:51Z</time>
    </trkpt>
    <trkpt lat="50.9655649" lon="6.8832126">
      <time>2020-06-15T11:48:54Z</time>
    </trkpt>
    <trkpt lat="50.9655978" lon="6.8831347">
      <time>2020-06-15T11:48:55Z</time>
    </trkpt>
    <trkpt lat="50.9656608" lon="6.8829832">
      <time>2020-06-15T11:48:57Z</time>
    </trkpt>
    <trkpt lat="50.9657517" lon="6.8828135">
      <time>2020-06-15T11:48:59Z</time>
    </trkpt>
    <trkpt lat="50.9659373" lon="6.8824321">
      <time>2020-06-15T11:49:04Z</time>
    </trkpt>
    <trkpt lat="50.9660726" lon="6.8821007">
      <time>2020-06-15T11:49:08Z</time>
    </trkpt>
    <trkpt lat="50.9660978" lon="6.8820203">
      <time>2020-06-15T11:49:09Z</time>
    </trkpt>
    <trkpt lat="50.9661922" lon="6.8817309">
      <time>2020-06-15T11:49:13Z</time>
    </trkpt>
    <trkpt lat="50.9662214" lon="6.8816399">
      <time>2020-06-15T11:49:14Z</time>
    </trkpt>
    <trkpt lat="50.9663021" lon="6.8814318">
      <time>2020-06-15T11:49:17Z</time>
    </trkpt>
    <trkpt lat="50.9663103" lon="6.8813694">
      <time>2020-06-15T11:49:18Z</time>
    </trkpt>
    <trkpt lat="50.9663104" lon="6.8812739">
      <time>2020-06-15T11:49:19Z</time>
    </trkpt>
    <trkpt lat="50.9662646" lon="6.8811247">
      <time>2020-06-15T11:49:21Z</time>
    </trkpt>
    <trkpt lat="50.9661816" lon="6.8810121">
      <time>2020-06-15T11:49:23Z</time>
    </trkpt>
    <trkpt lat="50.9660766" lon="6.8809175">
      <time>2020-06-15T11:49:25Z</time>
    </trkpt>
    <trkpt lat="50.9657250" lon="6.8805719">
      <time>2020-06-15T11:49:32Z</time>
    </trkpt>
    <trkpt lat="50.9653322" lon="6.8802271">
      <time>2020-06-15T11:49:39Z</time>
    </trkpt>
    <trkpt lat="50.9650593" lon="6.8799204">
      <time>2020-06-15T11:49:45Z</time>
    </trkpt>
    <trkpt lat="50.9649184" lon="6.8797527">
      <time>2020-06-15T11:49:48Z</time>
    </trkpt>
    <trkpt lat="50.9648356" lon="6.8796500">
      <time>2020-06-15T11:49:50Z</time>
    </trkpt>
    <trkpt lat="50.9646672" lon="6.8795101">
      <time>2020-06-15T11:49:54Z</time>
    </trkpt>
    <trkpt lat="50.9645874" lon="6.8794161">
      <time>2020-06-15T11:49:56Z</time>
    </trkpt>
    <trkpt lat="50.9644856" lon="6.8792630">
      <time>2020-06-15T11:49:59Z</time>
    </trkpt>
    <trkpt lat="50.9644429" lon="6.8791895">
      <time>2020-06-15T11:50:01Z</time>
    </trkpt>
    <trkpt lat="50.9643517" lon="6.8790748">
      <time>2020-06-15T11:50:03Z</time>
    </trkpt>
    <trkpt lat="50.9642585" lon="6.8789512">
      <time>2020-06-15T11:50:05Z</time>
    </trkpt>
    <trkpt lat="50.9641504" lon="6.8787813">
      <time>2020-06-15T11:50:08Z</time>
    </trkpt>
    <trkpt lat="50.9641119" lon="6.8787377">
      <time>2020-06-15T11:50:09Z</time>
    </trkpt>
    <trkpt lat="50.9640766" lon="6.8786902">
      <time>2020-06-15T11:50:10Z</time>
    </trkpt>
    <trkpt lat="50.9639918" lon="6.8785588">
      <time>2020-06-15T11:50:12Z</time>
    </trkpt>
    <trkpt lat="50.9639037" lon="6.8783891">
      <time>2020-06-15T11:50:14Z</time>
    </trkpt>
    <trkpt lat="50.9638430" lon="6.8782628">
      <time>2020-06-15T11:50:16Z</time>
    </trkpt>
    <trkpt lat="50.9637936" lon="6.8781600">
      <time>2020-06-15T11:50:18Z</time>
    </trkpt>
    <trkpt lat="50.9637566" lon="6.8781006">
      <time>2020-06-15T11:50:19Z</time>
    </trkpt>
    <trkpt lat="50.9637031" lon="6.8780415">
      <time>2020-06-15T11:50:20Z</time>
    </trkpt>
    <trkpt lat="50.9635613" lon="6.8779244">
      <time>2020-06-15T11:50:23Z</time>
    </trkpt>
    <trkpt lat="50.9634768" lon="6.8777704">
      <time>2020-06-15T11:50:26Z</time>
    </trkpt>
    <trkpt lat="50.9634641" lon="6.8777032">
      <time>2020-06-15T11:50:27Z</time>
    </trkpt>
    <trkpt lat="50.9634207" lon="6.8774853">
      <time>2020-06-15T11:50:30Z</time>
    </trkpt>
    <trkpt lat="50.9633669" lon="6.8773612">
      <time>2020-06-15T11:50:32Z</time>
    </trkpt>
    <trkpt lat="50.9631417" lon="6.8770145">
      <time>2020-06-15T11:50:39Z</time>
    </trkpt>
    <trkpt lat="50.9631194" lon="6.8769825">
      <time>2020-06-15T11:50:40Z</time>
    </trkpt>
    <trkpt lat="50.9630838" lon="6.8767925">
      <time>2020-06-15T11:50:43Z</time>
    </trkpt>
    <trkpt lat="50.9631062" lon="6.8767105">
      <time>2020-06-15T11:50:46Z</time>
    </trkpt>
    <trkpt lat="50.9631216" lon="6.8766430">
      <time>2020-06-15T11:50:48Z</time>
    </trkpt>
    <trkpt lat="50.9631446" lon="6.8765052">
      <time>2020-06-15T11:50:51Z</time>
    </trkpt>
    <trkpt lat="50.9632157" lon="6.8762498">
      <time>2020-06-15T11:50:55Z</time>
    </trkpt>
    <trkpt lat="50.9632831" lon="6.8761183">
      <time>2020-06-15T11:50:58Z</time>
    </trkpt>
    <trkpt lat="50.9633764" lon="6.8760319">
      <time>2020-06-15T11:51:03Z</time>
    </trkpt>
    <trkpt lat="50.9633837" lon="6.8760292">
      <time>2020-06-15T11:51:06Z</time>
    </trkpt>
    <trkpt lat="50.9633996" lon="6.8760130">
      <time>2020-06-15T11:51:10Z</time>
    </trkpt>
    <trkpt lat="50.9634214" lon="6.8759806">
      <time>2020-06-15T11:51:20Z</time>
    </trkpt>
    <trkpt lat="50.9634214" lon="6.8759806">
      <time>2020-06-15T11:51:23Z</time>
    </trkpt>
  </trkseg></trk>
</gpx>
