<?xml version="1.0" encoding="UTF-8"?>
<gpx version="1.1" creator="Diary FIT converter" xmlns="http://www.topografix.com/GPX/1/1">
  <trk><name>Cycling</name><trkseg>
    <trkpt lat="51.3662912" lon="6.1707015">
      <ele>15.0</ele>
      <time>2019-08-10T07:08:38Z</time>
    </trkpt>
    <trkpt lat="51.3663108" lon="6.1706053">
      <ele>14.4</ele>
      <time>2019-08-10T07:08:39Z</time>
    </trkpt>
    <trkpt lat="51.3665148" lon="6.1697029">
      <ele>10.2</ele>
      <time>2019-08-10T07:08:48Z</time>
    </trkpt>
    <trkpt lat="51.3665998" lon="6.1695030">
      <ele>10.6</ele>
      <time>2019-08-10T07:08:50Z</time>
    </trkpt>
    <trkpt lat="51.3666324" lon="6.1694008">
      <ele>10.4</ele>
      <time>2019-08-10T07:08:51Z</time>
    </trkpt>
    <trkpt lat="51.3666717" lon="6.1692958">
      <ele>10.4</ele>
      <time>2019-08-10T07:08:52Z</time>
    </trkpt>
    <trkpt lat="51.3667056" lon="6.1691893">
      <ele>10.0</ele>
      <time>2019-08-10T07:08:53Z</time>
    </trkpt>
    <trkpt lat="51.3667393" lon="6.1690878">
      <ele>9.8</ele>
      <time>2019-08-10T07:08:54Z</time>
    </trkpt>
    <trkpt lat="51.3669760" lon="6.1682416">
      <ele>15.2</ele>
      <time>2019-08-10T07:09:03Z</time>
    </trkpt>
    <trkpt lat="51.3670183" lon="6.1680816">
      <ele>16.6</ele>
      <time>2019-08-10T07:09:05Z</time>
    </trkpt>
    <trkpt lat="51.3671324" lon="6.1677447">
      <ele>19.8</ele>
      <time>2019-08-10T07:09:10Z</time>
    </trkpt>
    <trkpt lat="51.3671905" lon="6.1675717">
      <ele>21.6</ele>
      <time>2019-08-10T07:09:13Z</time>
    </trkpt>
    <trkpt lat="51.3672092" lon="6.1675081">
      <ele>22.4</ele>
      <time>2019-08-10T07:09:14Z</time>
    </trkpt>
    <trkpt lat="51.3672627" lon="6.1673743">
      <ele>23.0</ele>
      <time>2019-08-10T07:09:16Z</time>
    </trkpt>
    <trkpt lat="51.3674576" lon="6.1670651">
      <ele>25.4</ele>
      <time>2019-08-10T07:09:21Z</time>
    </trkpt>
    <trkpt lat="51.3674861" lon="6.1670053">
      <ele>25.8</ele>
      <time>2019-08-10T07:09:22Z</time>
    </trkpt>
    <trkpt lat="51.3674928" lon="6.1661802">
      <ele>27.8</ele>
      <time>2019-08-10T07:09:36Z</time>
    </trkpt>
    <trkpt lat="51.3674789" lon="6.1661331">
      <ele>27.6</ele>
      <time>2019-08-10T07:09:38Z</time>
    </trkpt>
    <trkpt lat="51.3674848" lon="6.1661100">
      <ele>27.4</ele>
      <time>2019-08-10T07:09:40Z</time>
    </trkpt>
    <trkpt lat="51.3676642" lon="6.1656924">
      <ele>27.6</ele>
      <time>2019-08-10T07:09:51Z</time>
    </trkpt>
    <trkpt lat="51.3679172" lon="6.1650589">
      <ele>27.0</ele>
      <time>2019-08-10T07:10:01Z</time>
    </trkpt>
    <trkpt lat="51.3682462" lon="6.1643066">
      <ele>26.8</ele>
      <time>2019-08-10T07:10:12Z</time>
    </trkpt>
    <trkpt lat="51.3682959" lon="6.1641855">
      <ele>27.0</ele>
      <time>2019-08-10T07:10:14Z</time>
    </trkpt>
    <trkpt lat="51.3684321" lon="6.1638312">
      <ele>27.4</ele>
      <time>2019-08-10T07:10:20Z</time>
    </trkpt>
    <trkpt lat="51.3684490" lon="6.1637724">
      <ele>27.4</ele>
      <time>2019-08-10T07:10:21Z</time>
    </trkpt>
    <trkpt lat="51.3685482" lon="6.1633502">
      <ele>27.6</ele>
      <time>2019-08-10T07:10:28Z</time>
    </trkpt>
    <trkpt lat="51.3686210" lon="6.1631554">
      <ele>27.4</ele>
      <time>2019-08-10T07:10:31Z</time>
    </trkpt>
    <trkpt lat="51.3688846" lon="6.1625428">
      <ele>26.6</ele>
      <time>2019-08-10T07:10:41Z</time>
    </trkpt>
    <trkpt lat="51.3691926" lon="6.1618280">
      <ele>26.8</ele>
      <time>2019-08-10T07:10:52Z</time>
    </trkpt>
    <trkpt lat="51.3695130" lon="6.1610957">
      <ele>27.2</ele>
      <time>2019-08-10T07:11:03Z</time>
    </trkpt>
    <trkpt lat="51.3696607" lon="6.1607583">
      <ele>27.0</ele>
      <time>2019-08-10T07:11:08Z</time>
    </trkpt>
    <trkpt lat="51.3699846" lon="6.1601222">
      <ele>27.6</ele>
      <time>2019-08-10T07:11:18Z</time>
    </trkpt>
    <trkpt lat="51.3703463" lon="6.1597689">
      <ele>29.8</ele>
      <time>2019-08-10T07:11:30Z</time>
    </trkpt>
    <trkpt lat="51.3706737" lon="6.1592379">
      <ele>17.8</ele>
      <time>2019-08-10T07:14:14Z</time>
    </trkpt>
    <trkpt lat="51.3707434" lon="6.1590287">
      <ele>17.0</ele>
      <time>2019-08-10T07:14:17Z</time>
    </trkpt>
    <trkpt lat="51.3707266" lon="6.1588328">
      <ele>15.2</ele>
      <time>2019-08-10T07:14:19Z</time>
    </trkpt>
    <trkpt lat="51.3706746" lon="6.1586440">
      <ele>14.2</ele>
      <time>2019-08-10T07:14:21Z</time>
    </trkpt>
    <trkpt lat="51.3706448" lon="6.1585475">
      <ele>14.0</ele>
      <time>2019-08-10T07:14:22Z</time>
    </trkpt>
    <trkpt lat="51.3705609" lon="6.1582940">
      <ele>13.8</ele>
      <time>2019-08-10T07:14:25Z</time>
    </trkpt>
    <trkpt lat="51.3705373" lon="6.1581381">
      <ele>13.0</ele>
      <time>2019-08-10T07:14:27Z</time>
    </trkpt>
    <trkpt lat="51.3705252" lon="6.1579990">
      <ele>12.4</ele>
      <time>2019-08-10T07:14:29Z</time>
    </trkpt>
    <trkpt lat="51.3705653" lon="6.1578961">
      <ele>12.6</ele>
      <time>2019-08-10T07:14:31Z</time>
    </trkpt>
    <trkpt lat="51.3706415" lon="6.1577477">
      <ele>13.0</ele>
      <time>2019-08-10T07:14:34Z</time>
    </trkpt>
    <trkpt lat="51.3706722" lon="6.1576964">
      <ele>13.4</ele>
      <time>2019-08-10T07:14:35Z</time>
    </trkpt>
    <trkpt lat="51.3709006" lon="6.1573078">
      <ele>16.8</ele>
      <time>2019-08-10T07:14:42Z</time>
    </trkpt>
    <trkpt lat="51.3709764" lon="6.1571815">
      <ele>16.4</ele>
      <time>2019-08-10T07:14:44Z</time>
    </trkpt>
    <trkpt lat="51.3710533" lon="6.1570566">
      <ele>17.2</ele>
      <time>2019-08-10T07:14:46Z</time>
    </trkpt>
    <trkpt lat="51.3714588" lon="6.1563901">
      <ele>21.4</ele>
      <time>2019-08-10T07:14:56Z</time>
    </trkpt>
    <trkpt lat="51.3718721" lon="6.1556838">
      <ele>23.0</ele>
      <time>2019-08-10T07:15:05Z</time>
    </trkpt>
    <trkpt lat="51.3722549" lon="6.1550715">
      <ele>21.6</ele>
      <time>2019-08-10T07:15:13Z</time>
    </trkpt>
    <trkpt lat="51.3726708" lon="6.1544624">
      <ele>22.8</ele>
      <time>2019-08-10T07:15:22Z</time>
    </trkpt>
    <trkpt lat="51.3730844" lon="6.1538574">
      <ele>18.8</ele>
      <time>2019-08-10T07:15:31Z</time>
    </trkpt>
    <trkpt lat="51.3735223" lon="6.1531901">
      <ele>15.2</ele>
      <time>2019-08-10T07:15:40Z</time>
    </trkpt>
    <trkpt lat="51.3739569" lon="6.1525173">
      <ele>12.4</ele>
      <time>2019-08-10T07:15:49Z</time>
    </trkpt>
    <trkpt lat="51.3743896" lon="6.1518867">
      <ele>11.6</ele>
      <time>2019-08-10T07:15:58Z</time>
    </trkpt>
    <trkpt lat="51.3746214" lon="6.1515269">
      <ele>11.0</ele>
      <time>2019-08-10T07:16:03Z</time>
    </trkpt>
    <trkpt lat="51.3750235" lon="6.1508154">
      <ele>10.4</ele>
      <time>2019-08-10T07:16:12Z</time>
    </trkpt>
    <trkpt lat="51.3753716" lon="6.1501414">
      <ele>11.6</ele>
      <time>2019-08-10T07:16:20Z</time>
    </trkpt>
    <trkpt lat="51.3756962" lon="6.1493896">
      <ele>11.2</ele>
      <time>2019-08-10T07:16:28Z</time>
    </trkpt>
    <trkpt lat="51.3759940" lon="6.1486469">
      <ele>11.6</ele>
      <time>2019-08-10T07:16:36Z</time>
    </trkpt>
    <trkpt lat="51.3762971" lon="6.1478889">
      <ele>11.0</ele>
      <time>2019-08-10T07:16:44Z</time>
    </trkpt>
    <trkpt lat="51.3765965" lon="6.1471132">
      <ele>10.4</ele>
      <time>2019-08-10T07:16:52Z</time>
    </trkpt>
    <trkpt lat="51.3769044" lon="6.1463553">
      <ele>11.2</ele>
      <time>2019-08-10T07:17:00Z</time>
    </trkpt>
    <trkpt lat="51.3769828" lon="6.1461575">
      <ele>11.4</ele>
      <time>2019-08-10T07:17:02Z</time>
    </trkpt>
    <trkpt lat="51.3770603" lon="6.1459631">
      <ele>11.8</ele>
      <time>2019-08-10T07:17:04Z</time>
    </trkpt>
    <trkpt lat="51.3771357" lon="6.1457728">
      <ele>12.0</ele>
      <time>2019-08-10T07:17:06Z</time>
    </trkpt>
    <trkpt lat="51.3771739" lon="6.1456767">
      <ele>12.0</ele>
      <time>2019-08-10T07:17:07Z</time>
    </trkpt>
    <trkpt lat="51.3772119" lon="6.1455796">
      <ele>12.2</ele>
      <time>2019-08-10T07:17:08Z</time>
    </trkpt>
    <trkpt lat="51.3772485" lon="6.1454829">
      <ele>12.4</ele>
      <time>2019-08-10T07:17:09Z</time>
    </trkpt>
    <trkpt lat="51.3772863" lon="6.1453874">
      <ele>12.4</ele>
      <time>2019-08-10T07:17:10Z</time>
    </trkpt>
    <trkpt lat="51.3775867" lon="6.1446384">
      <ele>12.2</ele>
      <time>2019-08-10T07:17:18Z</time>
    </trkpt>
    <trkpt lat="51.3779000" lon="6.1438577">
      <ele>13.0</ele>
      <time>2019-08-10T07:17:27Z</time>
    </trkpt>
    <trkpt lat="51.3781987" lon="6.1431014">
      <ele>13.0</ele>
      <time>2019-08-10T07:17:36Z</time>
    </trkpt>
    <trkpt lat="51.3783360" lon="6.1427561">
      <ele>13.4</ele>
      <time>2019-08-10T07:17:40Z</time>
    </trkpt>
    <trkpt lat="51.3784753" lon="6.1424077">
      <ele>14.2</ele>
      <time>2019-08-10T07:17:44Z</time>
    </trkpt>
    <trkpt lat="51.3785084" lon="6.1423201">
      <ele>14.0</ele>
      <time>2019-08-10T07:17:45Z</time>
    </trkpt>
    <trkpt lat="51.3785721" lon="6.1421458">
      <ele>13.8</ele>
      <time>2019-08-10T07:17:47Z</time>
    </trkpt>
    <trkpt lat="51.3786048" lon="6.1420598">
      <ele>13.8</ele>
      <time>2019-08-10T07:17:48Z</time>
    </trkpt>
    <trkpt lat="51.3786367" lon="6.1419762">
      <ele>14.2</ele>
      <time>2019-08-10T07:17:49Z</time>
    </trkpt>
    <trkpt lat="51.3786923" lon="6.1417986">
      <ele>14.2</ele>
      <time>2019-08-10T07:17:51Z</time>
    </trkpt>
    <trkpt lat="51.3788099" lon="6.1413551">
      <ele>14.6</ele>
      <time>2019-08-10T07:17:56Z</time>
    </trkpt>
    <trkpt lat="51.3789898" lon="6.1408702">
      <ele>11.6</ele>
      <time>2019-08-10T07:18:02Z</time>
    </trkpt>
    <trkpt lat="51.3792409" lon="6.1404936">
      <ele>9.2</ele>
      <time>2019-08-10T07:18:08Z</time>
    </trkpt>
    <trkpt lat="51.3792868" lon="6.1403690">
      <ele>8.8</ele>
      <time>2019-08-10T07:18:10Z</time>
    </trkpt>
    <trkpt lat="51.3794051" lon="6.1402086">
      <ele>16.2</ele>
      <time>2019-08-10T07:21:53Z</time>
    </trkpt>
    <trkpt lat="51.3794233" lon="6.1401599">
      <ele>16.0</ele>
      <time>2019-08-10T07:21:54Z</time>
    </trkpt>
    <trkpt lat="51.3797165" lon="6.1393681">
      <ele>15.8</ele>
      <time>2019-08-10T07:22:04Z</time>
    </trkpt>
    <trkpt lat="51.3798803" lon="6.1388774">
      <ele>14.8</ele>
      <time>2019-08-10T07:22:09Z</time>
    </trkpt>
    <trkpt lat="51.3799448" lon="6.1386885">
      <ele>14.4</ele>
      <time>2019-08-10T07:22:11Z</time>
    </trkpt>
    <trkpt lat="51.3800003" lon="6.1385212">
      <ele>14.0</ele>
      <time>2019-08-10T07:22:13Z</time>
    </trkpt>
    <trkpt lat="51.3800436" lon="6.1383798">
      <ele>13.6</ele>
      <time>2019-08-10T07:22:15Z</time>
    </trkpt>
    <trkpt lat="51.3800657" lon="6.1382013">
      <ele>12.6</ele>
      <time>2019-08-10T07:22:18Z</time>
    </trkpt>
    <trkpt lat="51.3800063" lon="6.1381023">
      <ele>12.8</ele>
      <time>2019-08-10T07:22:20Z</time>
    </trkpt>
    <trkpt lat="51.3797294" lon="6.1378766">
      <ele>13.8</ele>
      <time>2019-08-10T07:22:29Z</time>
    </trkpt>
    <trkpt lat="51.3796994" lon="6.1378747">
      <ele>15.2</ele>
      <time>2019-08-10T07:22:33Z</time>
    </trkpt>
    <trkpt lat="51.3796623" lon="6.1378583">
      <ele>16.0</ele>
      <time>2019-08-10T07:22:35Z</time>
    </trkpt>
    <trkpt lat="51.3792601" lon="6.1375107">
      <ele>16.2</ele>
      <time>2019-08-10T07:22:48Z</time>
    </trkpt>
    <trkpt lat="51.3792054" lon="6.1374860">
      <ele>16.0</ele>
      <time>2019-08-10T07:22:51Z</time>
    </trkpt>
    <trkpt lat="51.3805423" lon="6.1384280">
      <ele>14.2</ele>
      <time>2019-08-10T07:25:51Z</time>
    </trkpt>
    <trkpt lat="51.3805602" lon="6.1383778">
      <ele>14.4</ele>
      <time>2019-08-10T07:25:52Z</time>
    </trkpt>
    <trkpt lat="51.3806608" lon="6.1379750">
      <ele>14.0</ele>
      <time>2019-08-10T07:25:59Z</time>
    </trkpt>
    <trkpt lat="51.3806719" lon="6.1378393">
      <ele>13.2</ele>
      <time>2019-08-10T07:26:01Z</time>
    </trkpt>
    <trkpt lat="51.3807038" lon="6.1377561">
      <ele>13.4</ele>
      <time>2019-08-10T07:26:02Z</time>
    </trkpt>
    <trkpt lat="51.3808235" lon="6.1374601">
      <ele>13.8</ele>
      <time>2019-08-10T07:26:05Z</time>
    </trkpt>
    <trkpt lat="51.3810048" lon="6.1370006">
      <ele>14.4</ele>
      <time>2019-08-10T07:26:09Z</time>
    </trkpt>
    <trkpt lat="51.3810929" lon="6.1367605">
      <ele>15.6</ele>
      <time>2019-08-10T07:26:11Z</time>
    </trkpt>
    <trkpt lat="51.3811388" lon="6.1366431">
      <ele>15.6</ele>
      <time>2019-08-10T07:26:12Z</time>
    </trkpt>
    <trkpt lat="51.3811847" lon="6.1365248">
      <ele>15.8</ele>
      <time>2019-08-10T07:26:13Z</time>
    </trkpt>
    <trkpt lat="51.3812316" lon="6.1364096">
      <ele>15.8</ele>
      <time>2019-08-10T07:26:14Z</time>
    </trkpt>
    <trkpt lat="51.3812800" lon="6.1362923">
      <ele>15.8</ele>
      <time>2019-08-10T07:26:15Z</time>
    </trkpt>
    <trkpt lat="51.3813755" lon="6.1360596">
      <ele>15.8</ele>
      <time>2019-08-10T07:26:17Z</time>
    </trkpt>
    <trkpt lat="51.3814227" lon="6.1359468">
      <ele>16.2</ele>
      <time>2019-08-10T07:26:18Z</time>
    </trkpt>
    <trkpt lat="51.3814676" lon="6.1358336">
      <ele>16.2</ele>
      <time>2019-08-10T07:26:19Z</time>
    </trkpt>
    <trkpt lat="51.3815116" lon="6.1357199">
      <ele>16.0</ele>
      <time>2019-08-10T07:26:20Z</time>
    </trkpt>
    <trkpt lat="51.3815559" lon="6.1356023">
      <ele>15.8</ele>
      <time>2019-08-10T07:26:21Z</time>
    </trkpt>
    <trkpt lat="51.3815999" lon="6.1354851">
      <ele>15.6</ele>
      <time>2019-08-10T07:26:22Z</time>
    </trkpt>
    <trkpt lat="51.3816882" lon="6.1352529">
      <ele>15.0</ele>
      <time>2019-08-10T07:26:24Z</time>
    </trkpt>
    <trkpt lat="51.3817321" lon="6.1351391">
      <ele>15.2</ele>
      <time>2019-08-10T07:26:25Z</time>
    </trkpt>
    <trkpt lat="51.3819072" lon="6.1347107">
      <ele>15.0</ele>
      <time>2019-08-10T07:26:29Z</time>
    </trkpt>
    <trkpt lat="51.3819526" lon="6.1346061">
      <ele>14.6</ele>
      <time>2019-08-10T07:26:30Z</time>
    </trkpt>
    <trkpt lat="51.3822693" lon="6.1339269">
      <ele>14.4</ele>
      <time>2019-08-10T07:26:37Z</time>
    </trkpt>
    <trkpt lat="51.3824772" lon="6.1334942">
      <ele>13.8</ele>
      <time>2019-08-10T07:26:42Z</time>
    </trkpt>
    <trkpt lat="51.3825172" lon="6.1334093">
      <ele>13.6</ele>
      <time>2019-08-10T07:26:43Z</time>
    </trkpt>
    <trkpt lat="51.3826402" lon="6.1331643">
      <ele>12.6</ele>
      <time>2019-08-10T07:26:46Z</time>
    </trkpt>
    <trkpt lat="51.3826791" lon="6.1330851">
      <ele>12.4</ele>
      <time>2019-08-10T07:26:47Z</time>
    </trkpt>
    <trkpt lat="51.3827566" lon="6.1329214">
      <ele>12.0</ele>
      <time>2019-08-10T07:26:49Z</time>
    </trkpt>
    <trkpt lat="51.3829417" lon="6.1324978">
      <ele>11.8</ele>
      <time>2019-08-10T07:26:54Z</time>
    </trkpt>
    <trkpt lat="51.3830620" lon="6.1322370">
      <ele>11.8</ele>
      <time>2019-08-10T07:26:57Z</time>
    </trkpt>
    <trkpt lat="51.3834168" lon="6.1314748">
      <ele>12.2</ele>
      <time>2019-08-10T07:27:06Z</time>
    </trkpt>
    <trkpt lat="51.3836912" lon="6.1308727">
      <ele>11.6</ele>
      <time>2019-08-10T07:27:13Z</time>
    </trkpt>
    <trkpt lat="51.3840393" lon="6.1301118">
      <ele>12.8</ele>
      <time>2019-08-10T07:27:22Z</time>
    </trkpt>
    <trkpt lat="51.3844108" lon="6.1293611">
      <ele>13.8</ele>
      <time>2019-08-10T07:27:31Z</time>
    </trkpt>
    <trkpt lat="51.3845909" lon="6.1290535">
      <ele>14.4</ele>
      <time>2019-08-10T07:27:35Z</time>
    </trkpt>
    <trkpt lat="51.3849565" lon="6.1285722">
      <ele>9.6</ele>
      <time>2019-08-10T07:27:43Z</time>
    </trkpt>
    <trkpt lat="51.3852637" lon="6.1278358">
      <ele>7.8</ele>
      <time>2019-08-10T07:27:52Z</time>
    </trkpt>
    <trkpt lat="51.3853355" lon="6.1273116">
      <ele>11.0</ele>
      <time>2019-08-10T07:27:58Z</time>
    </trkpt>
    <trkpt lat="51.3854229" lon="6.1270455">
      <ele>11.4</ele>
      <time>2019-08-10T07:28:01Z</time>
    </trkpt>
    <trkpt lat="51.3855806" lon="6.1267230">
      <ele>11.2</ele>
      <time>2019-08-10T07:28:05Z</time>
    </trkpt>
    <trkpt lat="51.3859249" lon="6.1260542">
      <ele>11.4</ele>
      <time>2019-08-10T07:28:14Z</time>
    </trkpt>
    <trkpt lat="51.3860006" lon="6.1258974">
      <ele>11.4</ele>
      <time>2019-08-10T07:28:16Z</time>
    </trkpt>
    <trkpt lat="51.3863655" lon="6.1252277">
      <ele>13.6</ele>
      <time>2019-08-10T07:28:25Z</time>
    </trkpt>
    <trkpt lat="51.3866294" lon="6.1247276">
      <ele>15.0</ele>
      <time>2019-08-10T07:28:32Z</time>
    </trkpt>
    <trkpt lat="51.3868661" lon="6.1240997">
      <ele>14.6</ele>
      <time>2019-08-10T07:28:39Z</time>
    </trkpt>
    <trkpt lat="51.3869811" lon="6.1238319">
      <ele>14.0</ele>
      <time>2019-08-10T07:28:42Z</time>
    </trkpt>
    <trkpt lat="51.3871544" lon="6.1234854">
      <ele>14.0</ele>
      <time>2019-08-10T07:28:46Z</time>
    </trkpt>
    <trkpt lat="51.3874022" lon="6.1231062">
      <ele>12.2</ele>
      <time>2019-08-10T07:28:51Z</time>
    </trkpt>
    <trkpt lat="51.3877643" lon="6.1227797">
      <ele>14.0</ele>
      <time>2019-08-10T07:28:57Z</time>
    </trkpt>
    <trkpt lat="51.3879906" lon="6.1225451">
      <ele>13.4</ele>
      <time>2019-08-10T07:29:01Z</time>
    </trkpt>
    <trkpt lat="51.3883957" lon="6.1218670">
      <ele>11.8</ele>
      <time>2019-08-10T07:29:10Z</time>
    </trkpt>
    <trkpt lat="51.3887674" lon="6.1211025">
      <ele>8.2</ele>
      <time>2019-08-10T07:29:19Z</time>
    </trkpt>
    <trkpt lat="51.3890169" lon="6.1205778">
      <ele>7.6</ele>
      <time>2019-08-10T07:29:25Z</time>
    </trkpt>
    <trkpt lat="51.3893721" lon="6.1199005">
      <ele>8.8</ele>
      <time>2019-08-10T07:29:33Z</time>
    </trkpt>
    <trkpt lat="51.3897059" lon="6.1191982">
      <ele>9.4</ele>
      <time>2019-08-10T07:29:41Z</time>
    </trkpt>
    <trkpt lat="51.3899529" lon="6.1186695">
      <ele>11.6</ele>
      <time>2019-08-10T07:29:47Z</time>
    </trkpt>
    <trkpt lat="51.3902798" lon="6.1179790">
      <ele>11.6</ele>
      <time>2019-08-10T07:29:55Z</time>
    </trkpt>
    <trkpt lat="51.3904382" lon="6.1176599">
      <ele>12.0</ele>
      <time>2019-08-10T07:29:59Z</time>
    </trkpt>
    <trkpt lat="51.3906896" lon="6.1171196">
      <ele>13.6</ele>
      <time>2019-08-10T07:30:06Z</time>
    </trkpt>
    <trkpt lat="51.3907123" lon="6.1170266">
      <ele>14.2</ele>
      <time>2019-08-10T07:30:07Z</time>
    </trkpt>
    <trkpt lat="51.3907276" lon="6.1168321">
      <ele>15.0</ele>
      <time>2019-08-10T07:30:09Z</time>
    </trkpt>
    <trkpt lat="51.3907129" lon="6.1166725">
      <ele>15.6</ele>
      <time>2019-08-10T07:30:11Z</time>
    </trkpt>
    <trkpt lat="51.3907133" lon="6.1163345">
      <ele>17.2</ele>
      <time>2019-08-10T07:30:17Z</time>
    </trkpt>
    <trkpt lat="51.3908405" lon="6.1159525">
      <ele>18.6</ele>
      <time>2019-08-10T07:30:22Z</time>
    </trkpt>
    <trkpt lat="51.3909955" lon="6.1156437">
      <ele>17.6</ele>
      <time>2019-08-10T07:30:26Z</time>
    </trkpt>
    <trkpt lat="51.3910718" lon="6.1154983">
      <ele>17.6</ele>
      <time>2019-08-10T07:30:28Z</time>
    </trkpt>
    <trkpt lat="51.3911522" lon="6.1153624">
      <ele>17.0</ele>
      <time>2019-08-10T07:30:30Z</time>
    </trkpt>
    <trkpt lat="51.3913132" lon="6.1151053">
      <ele>15.0</ele>
      <time>2019-08-10T07:30:34Z</time>
    </trkpt>
    <trkpt lat="51.3913523" lon="6.1150351">
      <ele>14.8</ele>
      <time>2019-08-10T07:30:35Z</time>
    </trkpt>
    <trkpt lat="51.3913903" lon="6.1149653">
      <ele>14.2</ele>
      <time>2019-08-10T07:30:36Z</time>
    </trkpt>
    <trkpt lat="51.3914612" lon="6.1148156">
      <ele>13.6</ele>
      <time>2019-08-10T07:30:38Z</time>
    </trkpt>
    <trkpt lat="51.3914968" lon="6.1147395">
      <ele>13.2</ele>
      <time>2019-08-10T07:30:39Z</time>
    </trkpt>
    <trkpt lat="51.3915346" lon="6.1146668">
      <ele>13.4</ele>
      <time>2019-08-10T07:30:40Z</time>
    </trkpt>
    <trkpt lat="51.3917604" lon="6.1142004">
      <ele>15.2</ele>
      <time>2019-08-10T07:30:46Z</time>
    </trkpt>
    <trkpt lat="51.3917985" lon="6.1141258">
      <ele>15.2</ele>
      <time>2019-08-10T07:30:47Z</time>
    </trkpt>
    <trkpt lat="51.3918781" lon="6.1139667">
      <ele>15.2</ele>
      <time>2019-08-10T07:30:49Z</time>
    </trkpt>
    <trkpt lat="51.3921986" lon="6.1132471">
      <ele>13.4</ele>
      <time>2019-08-10T07:30:57Z</time>
    </trkpt>
    <trkpt lat="51.3925725" lon="6.1125533">
      <ele>10.2</ele>
      <time>2019-08-10T07:31:06Z</time>
    </trkpt>
    <trkpt lat="51.3929393" lon="6.1118081">
      <ele>12.4</ele>
      <time>2019-08-10T07:31:15Z</time>
    </trkpt>
    <trkpt lat="51.3930613" lon="6.1115729">
      <ele>14.4</ele>
      <time>2019-08-10T07:31:18Z</time>
    </trkpt>
    <trkpt lat="51.3931756" lon="6.1113289">
      <ele>14.6</ele>
      <time>2019-08-10T07:31:21Z</time>
    </trkpt>
    <trkpt lat="51.3935195" lon="6.1105331">
      <ele>11.2</ele>
      <time>2019-08-10T07:31:30Z</time>
    </trkpt>
    <trkpt lat="51.3937912" lon="6.1100611">
      <ele>7.6</ele>
      <time>2019-08-10T07:31:36Z</time>
    </trkpt>
    <trkpt lat="51.3938372" lon="6.1099903">
      <ele>5.4</ele>
      <time>2019-08-10T07:31:37Z</time>
    </trkpt>
    <trkpt lat="51.3939804" lon="6.1098164">
      <ele>3.0</ele>
      <time>2019-08-10T07:31:40Z</time>
    </trkpt>
    <trkpt lat="51.3940684" lon="6.1096181">
      <ele>4.4</ele>
      <time>2019-08-10T07:31:42Z</time>
    </trkpt>
    <trkpt lat="51.3944093" lon="6.1089091">
      <ele>6.4</ele>
      <time>2019-08-10T07:31:50Z</time>
    </trkpt>
    <trkpt lat="51.3944964" lon="6.1087347">
      <ele>7.0</ele>
      <time>2019-08-10T07:31:52Z</time>
    </trkpt>
    <trkpt lat="51.3945383" lon="6.1086404">
      <ele>7.2</ele>
      <time>2019-08-10T07:31:53Z</time>
    </trkpt>
    <trkpt lat="51.3948823" lon="6.1079322">
      <ele>8.4</ele>
      <time>2019-08-10T07:32:01Z</time>
    </trkpt>
    <trkpt lat="51.3950933" lon="6.1074883">
      <ele>10.4</ele>
      <time>2019-08-10T07:32:06Z</time>
    </trkpt>
    <trkpt lat="51.3954277" lon="6.1067811">
      <ele>13.0</ele>
      <time>2019-08-10T07:32:14Z</time>
    </trkpt>
    <trkpt lat="51.3956736" lon="6.1062612">
      <ele>14.4</ele>
      <time>2019-08-10T07:32:20Z</time>
    </trkpt>
    <trkpt lat="51.3960421" lon="6.1055023">
      <ele>13.2</ele>
      <time>2019-08-10T07:32:29Z</time>
    </trkpt>
    <trkpt lat="51.3961581" lon="6.1052724">
      <ele>12.4</ele>
      <time>2019-08-10T07:32:32Z</time>
    </trkpt>
    <trkpt lat="51.3964248" lon="6.1047584">
      <ele>14.2</ele>
      <time>2019-08-10T07:32:39Z</time>
    </trkpt>
    <trkpt lat="51.3967709" lon="6.1040497">
      <ele>14.8</ele>
      <time>2019-08-10T07:32:48Z</time>
    </trkpt>
    <trkpt lat="51.3971371" lon="6.1033493">
      <ele>16.8</ele>
      <time>2019-08-10T07:32:57Z</time>
    </trkpt>
    <trkpt lat="51.3974916" lon="6.1025995">
      <ele>18.2</ele>
      <time>2019-08-10T07:33:06Z</time>
    </trkpt>
    <trkpt lat="51.3975337" lon="6.1025096">
      <ele>19.2</ele>
      <time>2019-08-10T07:33:07Z</time>
    </trkpt>
    <trkpt lat="51.3978464" lon="6.1017870">
      <ele>18.6</ele>
      <time>2019-08-10T07:33:15Z</time>
    </trkpt>
    <trkpt lat="51.3981779" lon="6.1011089">
      <ele>19.4</ele>
      <time>2019-08-10T07:33:23Z</time>
    </trkpt>
    <trkpt lat="51.3982855" lon="6.1009883">
      <ele>18.8</ele>
      <time>2019-08-10T07:33:25Z</time>
    </trkpt>
    <trkpt lat="51.3984058" lon="6.1009067">
      <ele>19.8</ele>
      <time>2019-08-10T07:33:27Z</time>
    </trkpt>
    <trkpt lat="51.3985123" lon="6.1007663">
      <ele>18.6</ele>
      <time>2019-08-10T07:33:29Z</time>
    </trkpt>
    <trkpt lat="51.3986910" lon="6.1003798">
      <ele>17.2</ele>
      <time>2019-08-10T07:33:33Z</time>
    </trkpt>
    <trkpt lat="51.3990264" lon="6.0996260">
      <ele>15.8</ele>
      <time>2019-08-10T07:33:41Z</time>
    </trkpt>
    <trkpt lat="51.3993380" lon="6.0988878">
      <ele>14.6</ele>
      <time>2019-08-10T07:33:49Z</time>
    </trkpt>
    <trkpt lat="51.3995412" lon="6.0984653">
      <ele>13.8</ele>
      <time>2019-08-10T07:33:54Z</time>
    </trkpt>
    <trkpt lat="51.3995801" lon="6.0983861">
      <ele>13.6</ele>
      <time>2019-08-10T07:33:55Z</time>
    </trkpt>
    <trkpt lat="51.3996187" lon="6.0983069">
      <ele>13.8</ele>
      <time>2019-08-10T07:33:56Z</time>
    </trkpt>
    <trkpt lat="51.3996583" lon="6.0982241">
      <ele>14.0</ele>
      <time>2019-08-10T07:33:57Z</time>
    </trkpt>
    <trkpt lat="51.3997003" lon="6.0981409">
      <ele>14.2</ele>
      <time>2019-08-10T07:33:58Z</time>
    </trkpt>
    <trkpt lat="51.3997414" lon="6.0980572">
      <ele>14.2</ele>
      <time>2019-08-10T07:33:59Z</time>
    </trkpt>
    <trkpt lat="51.4000785" lon="6.0973645">
      <ele>15.6</ele>
      <time>2019-08-10T07:34:07Z</time>
    </trkpt>
    <trkpt lat="51.4001601" lon="6.0971811">
      <ele>15.4</ele>
      <time>2019-08-10T07:34:09Z</time>
    </trkpt>
    <trkpt lat="51.4004197" lon="6.0966398">
      <ele>15.4</ele>
      <time>2019-08-10T07:34:15Z</time>
    </trkpt>
    <trkpt lat="51.4004641" lon="6.0965493">
      <ele>15.6</ele>
      <time>2019-08-10T07:34:16Z</time>
    </trkpt>
    <trkpt lat="51.4005602" lon="6.0963794">
      <ele>17.2</ele>
      <time>2019-08-10T07:34:18Z</time>
    </trkpt>
    <trkpt lat="51.4006478" lon="6.0962029">
      <ele>17.8</ele>
      <time>2019-08-10T07:34:20Z</time>
    </trkpt>
    <trkpt lat="51.4008616" lon="6.0957743">
      <ele>19.6</ele>
      <time>2019-08-10T07:34:25Z</time>
    </trkpt>
    <trkpt lat="51.4009507" lon="6.0956056">
      <ele>20.6</ele>
      <time>2019-08-10T07:34:27Z</time>
    </trkpt>
    <trkpt lat="51.4012799" lon="6.0949308">
      <ele>20.4</ele>
      <time>2019-08-10T07:34:35Z</time>
    </trkpt>
    <trkpt lat="51.4015210" lon="6.0944325">
      <ele>18.6</ele>
      <time>2019-08-10T07:34:41Z</time>
    </trkpt>
    <trkpt lat="51.4016946" lon="6.0940942">
      <ele>17.8</ele>
      <time>2019-08-10T07:34:45Z</time>
    </trkpt>
    <trkpt lat="51.4019427" lon="6.0935770">
      <ele>16.8</ele>
      <time>2019-08-10T07:34:51Z</time>
    </trkpt>
    <trkpt lat="51.4019821" lon="6.0934897">
      <ele>16.8</ele>
      <time>2019-08-10T07:34:52Z</time>
    </trkpt>
    <trkpt lat="51.4020368" lon="6.0933089">
      <ele>16.4</ele>
      <time>2019-08-10T07:34:54Z</time>
    </trkpt>
    <trkpt lat="51.4020815" lon="6.0931236">
      <ele>15.2</ele>
      <time>2019-08-10T07:34:56Z</time>
    </trkpt>
    <trkpt lat="51.4021902" lon="6.0928643">
      <ele>15.2</ele>
      <time>2019-08-10T07:34:59Z</time>
    </trkpt>
    <trkpt lat="51.4025456" lon="6.0921429">
      <ele>14.4</ele>
      <time>2019-08-10T07:35:08Z</time>
    </trkpt>
    <trkpt lat="51.4027425" lon="6.0917489">
      <ele>13.2</ele>
      <time>2019-08-10T07:35:13Z</time>
    </trkpt>
    <trkpt lat="51.4028917" lon="6.0914053">
      <ele>11.2</ele>
      <time>2019-08-10T07:35:17Z</time>
    </trkpt>
    <trkpt lat="51.4030120" lon="6.0911562">
      <ele>10.6</ele>
      <time>2019-08-10T07:35:20Z</time>
    </trkpt>
    <trkpt lat="51.4033688" lon="6.0904387">
      <ele>10.6</ele>
      <time>2019-08-10T07:35:29Z</time>
    </trkpt>
    <trkpt lat="51.4037190" lon="6.0897034">
      <ele>11.0</ele>
      <time>2019-08-10T07:35:38Z</time>
    </trkpt>
    <trkpt lat="51.4038291" lon="6.0894565">
      <ele>10.8</ele>
      <time>2019-08-10T07:35:41Z</time>
    </trkpt>
    <trkpt lat="51.4038668" lon="6.0893765">
      <ele>10.6</ele>
      <time>2019-08-10T07:35:42Z</time>
    </trkpt>
    <trkpt lat="51.4039039" lon="6.0892939">
      <ele>10.6</ele>
      <time>2019-08-10T07:35:43Z</time>
    </trkpt>
    <trkpt lat="51.4042532" lon="6.0885775">
      <ele>11.4</ele>
      <time>2019-08-10T07:35:52Z</time>
    </trkpt>
    <trkpt lat="51.4044079" lon="6.0882824">
      <ele>12.6</ele>
      <time>2019-08-10T07:35:56Z</time>
    </trkpt>
    <trkpt lat="51.4044455" lon="6.0882068">
      <ele>12.8</ele>
      <time>2019-08-10T07:35:57Z</time>
    </trkpt>
    <trkpt lat="51.4044861" lon="6.0881343">
      <ele>13.2</ele>
      <time>2019-08-10T07:35:58Z</time>
    </trkpt>
    <trkpt lat="51.4046042" lon="6.0879302">
      <ele>13.8</ele>
      <time>2019-08-10T07:36:01Z</time>
    </trkpt>
    <trkpt lat="51.4046971" lon="6.0878437">
      <ele>12.8</ele>
      <time>2019-08-10T07:36:03Z</time>
    </trkpt>
    <trkpt lat="51.4047545" lon="6.0878492">
      <ele>12.8</ele>
      <time>2019-08-10T07:36:04Z</time>
    </trkpt>
    <trkpt lat="51.4048125" lon="6.0878904">
      <ele>12.0</ele>
      <time>2019-08-10T07:36:05Z</time>
    </trkpt>
    <trkpt lat="51.4049219" lon="6.0880200">
      <ele>12.4</ele>
      <time>2019-08-10T07:36:07Z</time>
    </trkpt>
    <trkpt lat="51.4051813" lon="6.0883600">
      <ele>12.8</ele>
      <time>2019-08-10T07:36:12Z</time>
    </trkpt>
    <trkpt lat="51.4052307" lon="6.0883954">
      <ele>13.0</ele>
      <time>2019-08-10T07:36:13Z</time>
    </trkpt>
    <trkpt lat="51.4053326" lon="6.0883915">
      <ele>12.8</ele>
      <time>2019-08-10T07:36:15Z</time>
    </trkpt>
    <trkpt lat="51.4054546" lon="6.0883034">
      <ele>12.8</ele>
      <time>2019-08-10T07:36:19Z</time>
    </trkpt>
    <trkpt lat="51.4054580" lon="6.0882974">
      <ele>13.6</ele>
      <time>2019-08-10T07:36:21Z</time>
    </trkpt>
    <trkpt lat="51.4055474" lon="6.0878890">
      <ele>19.8</ele>
      <time>2019-08-10T07:41:37Z</time>
    </trkpt>
    <trkpt lat="51.4055542" lon="6.0878473">
      <ele>19.8</ele>
      <time>2019-08-10T07:41:38Z</time>
    </trkpt>
    <trkpt lat="51.4055589" lon="6.0876704">
      <ele>19.8</ele>
      <time>2019-08-10T07:41:41Z</time>
    </trkpt>
    <trkpt lat="51.4055673" lon="6.0874719">
      <ele>19.8</ele>
      <time>2019-08-10T07:41:44Z</time>
    </trkpt>
    <trkpt lat="51.4055724" lon="6.0873254">
      <ele>20.0</ele>
      <time>2019-08-10T07:41:46Z</time>
    </trkpt>
    <trkpt lat="51.4055807" lon="6.0871028">
      <ele>20.0</ele>
      <time>2019-08-10T07:41:49Z</time>
    </trkpt>
    <trkpt lat="51.4055905" lon="6.0868321">
      <ele>20.2</ele>
      <time>2019-08-10T07:41:53Z</time>
    </trkpt>
    <trkpt lat="51.4055921" lon="6.0867730">
      <ele>20.2</ele>
      <time>2019-08-10T07:41:54Z</time>
    </trkpt>
    <trkpt lat="51.4055981" lon="6.0866634">
      <ele>20.2</ele>
      <time>2019-08-10T07:41:56Z</time>
    </trkpt>
    <trkpt lat="51.4056101" lon="6.0866186">
      <ele>20.2</ele>
      <time>2019-08-10T07:41:57Z</time>
    </trkpt>
    <trkpt lat="51.4056321" lon="6.0865795">
      <ele>20.0</ele>
      <time>2019-08-10T07:41:58Z</time>
    </trkpt>
    <trkpt lat="51.4056576" lon="6.0865391">
      <ele>20.0</ele>
      <time>2019-08-10T07:41:59Z</time>
    </trkpt>
    <trkpt lat="51.4056844" lon="6.0864931">
      <ele>20.0</ele>
      <time>2019-08-10T07:42:00Z</time>
    </trkpt>
    <trkpt lat="51.4057125" lon="6.0864442">
      <ele>20.0</ele>
      <time>2019-08-10T07:42:01Z</time>
    </trkpt>
    <trkpt lat="51.4057943" lon="6.0862757">
      <ele>20.0</ele>
      <time>2019-08-10T07:42:04Z</time>
    </trkpt>
    <trkpt lat="51.4058579" lon="6.0861553">
      <ele>20.0</ele>
      <time>2019-08-10T07:42:06Z</time>
    </trkpt>
    <trkpt lat="51.4060680" lon="6.0857412">
      <ele>19.6</ele>
      <time>2019-08-10T07:42:12Z</time>
    </trkpt>
    <trkpt lat="51.4061049" lon="6.0856662">
      <ele>19.6</ele>
      <time>2019-08-10T07:42:13Z</time>
    </trkpt>
    <trkpt lat="51.4064530" lon="6.0849988">
      <ele>18.2</ele>
      <time>2019-08-10T07:42:22Z</time>
    </trkpt>
    <trkpt lat="51.4065722" lon="6.0847674">
      <ele>17.8</ele>
      <time>2019-08-10T07:42:25Z</time>
    </trkpt>
    <trkpt lat="51.4066957" lon="6.0845288">
      <ele>17.4</ele>
      <time>2019-08-10T07:42:28Z</time>
    </trkpt>
    <trkpt lat="51.4070411" lon="6.0838390">
      <ele>16.4</ele>
      <time>2019-08-10T07:42:37Z</time>
    </trkpt>
    <trkpt lat="51.4073968" lon="6.0831218">
      <ele>16.4</ele>
      <time>2019-08-10T07:42:46Z</time>
    </trkpt>
    <trkpt lat="51.4076093" lon="6.0827015">
      <ele>16.2</ele>
      <time>2019-08-10T07:42:51Z</time>
    </trkpt>
    <trkpt lat="51.4077346" lon="6.0824427">
      <ele>15.6</ele>
      <time>2019-08-10T07:42:54Z</time>
    </trkpt>
    <trkpt lat="51.4080810" lon="6.0817072">
      <ele>15.0</ele>
      <time>2019-08-10T07:43:02Z</time>
    </trkpt>
    <trkpt lat="51.4084168" lon="6.0809910">
      <ele>14.4</ele>
      <time>2019-08-10T07:43:10Z</time>
    </trkpt>
    <trkpt lat="51.4087494" lon="6.0802977">
      <ele>13.2</ele>
      <time>2019-08-10T07:43:18Z</time>
    </trkpt>
    <trkpt lat="51.4088306" lon="6.0801191">
      <ele>12.8</ele>
      <time>2019-08-10T07:43:20Z</time>
    </trkpt>
    <trkpt lat="51.4089935" lon="6.0797824">
      <ele>12.0</ele>
      <time>2019-08-10T07:43:24Z</time>
    </trkpt>
    <trkpt lat="51.4093118" lon="6.0790806">
      <ele>10.8</ele>
      <time>2019-08-10T07:43:32Z</time>
    </trkpt>
    <trkpt lat="51.4095570" lon="6.0784584">
      <ele>10.8</ele>
      <time>2019-08-10T07:43:39Z</time>
    </trkpt>
    <trkpt lat="51.4095615" lon="6.0782589">
      <ele>10.6</ele>
      <time>2019-08-10T07:43:41Z</time>
    </trkpt>
    <trkpt lat="51.4095652" lon="6.0778579">
      <ele>11.4</ele>
      <time>2019-08-10T07:43:45Z</time>
    </trkpt>
    <trkpt lat="51.4096170" lon="6.0776807">
      <ele>11.4</ele>
      <time>2019-08-10T07:43:47Z</time>
    </trkpt>
    <trkpt lat="51.4097971" lon="6.0772690">
      <ele>12.0</ele>
      <time>2019-08-10T07:43:52Z</time>
    </trkpt>
    <trkpt lat="51.4098352" lon="6.0771883">
      <ele>12.2</ele>
      <time>2019-08-10T07:43:53Z</time>
    </trkpt>
    <trkpt lat="51.4098736" lon="6.0771077">
      <ele>12.2</ele>
      <time>2019-08-10T07:43:54Z</time>
    </trkpt>
    <trkpt lat="51.4099947" lon="6.0768565">
      <ele>12.8</ele>
      <time>2019-08-10T07:43:57Z</time>
    </trkpt>
    <trkpt lat="51.4101953" lon="6.0764243">
      <ele>13.2</ele>
      <time>2019-08-10T07:44:02Z</time>
    </trkpt>
    <trkpt lat="51.4102348" lon="6.0763379">
      <ele>13.0</ele>
      <time>2019-08-10T07:44:03Z</time>
    </trkpt>
    <trkpt lat="51.4105163" lon="6.0757373">
      <ele>13.0</ele>
      <time>2019-08-10T07:44:10Z</time>
    </trkpt>
    <trkpt lat="51.4108369" lon="6.0750370">
      <ele>12.8</ele>
      <time>2019-08-10T07:44:18Z</time>
    </trkpt>
    <trkpt lat="51.4111631" lon="6.0743884">
      <ele>12.8</ele>
      <time>2019-08-10T07:44:26Z</time>
    </trkpt>
    <trkpt lat="51.4112270" lon="6.0741071">
      <ele>13.2</ele>
      <time>2019-08-10T07:44:29Z</time>
    </trkpt>
    <trkpt lat="51.4112937" lon="6.0739313">
      <ele>13.0</ele>
      <time>2019-08-10T07:44:31Z</time>
    </trkpt>
    <trkpt lat="51.4116436" lon="6.0731938">
      <ele>12.2</ele>
      <time>2019-08-10T07:44:40Z</time>
    </trkpt>
    <trkpt lat="51.4118758" lon="6.0728026">
      <ele>12.8</ele>
      <time>2019-08-10T07:44:45Z</time>
    </trkpt>
    <trkpt lat="51.4120418" lon="6.0725940">
      <ele>13.0</ele>
      <time>2019-08-10T07:44:48Z</time>
    </trkpt>
    <trkpt lat="51.4123978" lon="6.0718877">
      <ele>13.6</ele>
      <time>2019-08-10T07:44:56Z</time>
    </trkpt>
    <trkpt lat="51.4127380" lon="6.0711911">
      <ele>14.0</ele>
      <time>2019-08-10T07:45:04Z</time>
    </trkpt>
    <trkpt lat="51.4130597" lon="6.0704963">
      <ele>14.0</ele>
      <time>2019-08-10T07:45:12Z</time>
    </trkpt>
    <trkpt lat="51.4131479" lon="6.0703350">
      <ele>14.0</ele>
      <time>2019-08-10T07:45:14Z</time>
    </trkpt>
    <trkpt lat="51.4132907" lon="6.0701140">
      <ele>13.6</ele>
      <time>2019-08-10T07:45:17Z</time>
    </trkpt>
    <trkpt lat="51.4133678" lon="6.0699487">
      <ele>13.2</ele>
      <time>2019-08-10T07:45:19Z</time>
    </trkpt>
    <trkpt lat="51.4137318" lon="6.0691688">
      <ele>12.4</ele>
      <time>2019-08-10T07:45:28Z</time>
    </trkpt>
    <trkpt lat="51.4140639" lon="6.0684884">
      <ele>12.0</ele>
      <time>2019-08-10T07:45:36Z</time>
    </trkpt>
    <trkpt lat="51.4144063" lon="6.0677967">
      <ele>11.0</ele>
      <time>2019-08-10T07:45:44Z</time>
    </trkpt>
    <trkpt lat="51.4144902" lon="6.0676217">
      <ele>10.8</ele>
      <time>2019-08-10T07:45:46Z</time>
    </trkpt>
    <trkpt lat="51.4148321" lon="6.0669122">
      <ele>11.4</ele>
      <time>2019-08-10T07:45:54Z</time>
    </trkpt>
    <trkpt lat="51.4151661" lon="6.0662336">
      <ele>11.4</ele>
      <time>2019-08-10T07:46:02Z</time>
    </trkpt>
    <trkpt lat="51.4154036" lon="6.0657195">
      <ele>11.0</ele>
      <time>2019-08-10T07:46:08Z</time>
    </trkpt>
    <trkpt lat="51.4154672" lon="6.0655298">
      <ele>11.2</ele>
      <time>2019-08-10T07:46:10Z</time>
    </trkpt>
    <trkpt lat="51.4157005" lon="6.0650351">
      <ele>11.8</ele>
      <time>2019-08-10T07:46:16Z</time>
    </trkpt>
    <trkpt lat="51.4160621" lon="6.0642599">
      <ele>12.8</ele>
      <time>2019-08-10T07:46:25Z</time>
    </trkpt>
    <trkpt lat="51.4164288" lon="6.0635087">
      <ele>13.8</ele>
      <time>2019-08-10T07:46:34Z</time>
    </trkpt>
    <trkpt lat="51.4166264" lon="6.0630993">
      <ele>13.8</ele>
      <time>2019-08-10T07:46:39Z</time>
    </trkpt>
    <trkpt lat="51.4168227" lon="6.0626931">
      <ele>14.8</ele>
      <time>2019-08-10T07:46:44Z</time>
    </trkpt>
    <trkpt lat="51.4171672" lon="6.0620152">
      <ele>13.4</ele>
      <time>2019-08-10T07:46:53Z</time>
    </trkpt>
    <trkpt lat="51.4173212" lon="6.0617184">
      <ele>13.0</ele>
      <time>2019-08-10T07:46:57Z</time>
    </trkpt>
    <trkpt lat="51.4173591" lon="6.0616443">
      <ele>13.0</ele>
      <time>2019-08-10T07:46:58Z</time>
    </trkpt>
    <trkpt lat="51.4173972" lon="6.0615725">
      <ele>13.0</ele>
      <time>2019-08-10T07:46:59Z</time>
    </trkpt>
    <trkpt lat="51.4175023" lon="6.0613816">
      <ele>14.0</ele>
      <time>2019-08-10T07:47:02Z</time>
    </trkpt>
    <trkpt lat="51.4175897" lon="6.0612315">
      <ele>19.4</ele>
      <time>2019-08-10T07:47:06Z</time>
    </trkpt>
    <trkpt lat="51.4175996" lon="6.0610036">
      <ele>21.6</ele>
      <time>2019-08-10T07:47:10Z</time>
    </trkpt>
    <trkpt lat="51.4174589" lon="6.0601422">
      <ele>24.8</ele>
      <time>2019-08-10T07:47:23Z</time>
    </trkpt>
    <trkpt lat="51.4173232" lon="6.0592408">
      <ele>24.6</ele>
      <time>2019-08-10T07:47:35Z</time>
    </trkpt>
    <trkpt lat="51.4172517" lon="6.0587155">
      <ele>24.8</ele>
      <time>2019-08-10T07:47:41Z</time>
    </trkpt>
    <trkpt lat="51.4171929" lon="6.0583141">
      <ele>25.2</ele>
      <time>2019-08-10T07:47:45Z</time>
    </trkpt>
    <trkpt lat="51.4171754" lon="6.0582091">
      <ele>25.2</ele>
      <time>2019-08-10T07:47:46Z</time>
    </trkpt>
    <trkpt lat="51.4171587" lon="6.0581053">
      <ele>25.4</ele>
      <time>2019-08-10T07:47:47Z</time>
    </trkpt>
    <trkpt lat="51.4170888" lon="6.0577013">
      <ele>25.4</ele>
      <time>2019-08-10T07:47:51Z</time>
    </trkpt>
    <trkpt lat="51.4169708" lon="6.0569411">
      <ele>25.4</ele>
      <time>2019-08-10T07:48:00Z</time>
    </trkpt>
    <trkpt lat="51.4169632" lon="6.0567643">
      <ele>25.0</ele>
      <time>2019-08-10T07:48:02Z</time>
    </trkpt>
    <trkpt lat="51.4170223" lon="6.0565922">
      <ele>23.2</ele>
      <time>2019-08-10T07:48:04Z</time>
    </trkpt>
    <trkpt lat="51.4172504" lon="6.0560573">
      <ele>21.4</ele>
      <time>2019-08-10T07:48:10Z</time>
    </trkpt>
    <trkpt lat="51.4172869" lon="6.0559711">
      <ele>21.0</ele>
      <time>2019-08-10T07:48:11Z</time>
    </trkpt>
    <trkpt lat="51.4173220" lon="6.0558819">
      <ele>21.0</ele>
      <time>2019-08-10T07:48:12Z</time>
    </trkpt>
    <trkpt lat="51.4173550" lon="6.0557948">
      <ele>20.8</ele>
      <time>2019-08-10T07:48:13Z</time>
    </trkpt>
    <trkpt lat="51.4173885" lon="6.0557088">
      <ele>20.4</ele>
      <time>2019-08-10T07:48:14Z</time>
    </trkpt>
    <trkpt lat="51.4174223" lon="6.0556240">
      <ele>20.0</ele>
      <time>2019-08-10T07:48:15Z</time>
    </trkpt>
    <trkpt lat="51.4174561" lon="6.0555412">
      <ele>19.8</ele>
      <time>2019-08-10T07:48:16Z</time>
    </trkpt>
    <trkpt lat="51.4175247" lon="6.0553801">
      <ele>19.0</ele>
      <time>2019-08-10T07:48:18Z</time>
    </trkpt>
    <trkpt lat="51.4175586" lon="6.0553032">
      <ele>18.8</ele>
      <time>2019-08-10T07:48:19Z</time>
    </trkpt>
    <trkpt lat="51.4175908" lon="6.0552278">
      <ele>18.6</ele>
      <time>2019-08-10T07:48:20Z</time>
    </trkpt>
    <trkpt lat="51.4178850" lon="6.0545041">
      <ele>16.8</ele>
      <time>2019-08-10T07:48:29Z</time>
    </trkpt>
    <trkpt lat="51.4179891" lon="6.0542580">
      <ele>16.0</ele>
      <time>2019-08-10T07:48:32Z</time>
    </trkpt>
    <trkpt lat="51.4182713" lon="6.0535665">
      <ele>14.0</ele>
      <time>2019-08-10T07:48:40Z</time>
    </trkpt>
    <trkpt lat="51.4183450" lon="6.0533757">
      <ele>14.6</ele>
      <time>2019-08-10T07:48:42Z</time>
    </trkpt>
    <trkpt lat="51.4186245" lon="6.0526114">
      <ele>13.8</ele>
      <time>2019-08-10T07:48:50Z</time>
    </trkpt>
    <trkpt lat="51.4187252" lon="6.0523487">
      <ele>13.2</ele>
      <time>2019-08-10T07:48:53Z</time>
    </trkpt>
    <trkpt lat="51.4189818" lon="6.0516644">
      <ele>12.6</ele>
      <time>2019-08-10T07:49:01Z</time>
    </trkpt>
    <trkpt lat="51.4190586" lon="6.0514644">
      <ele>13.6</ele>
      <time>2019-08-10T07:49:03Z</time>
    </trkpt>
    <trkpt lat="51.4192452" lon="6.0509658">
      <ele>15.0</ele>
      <time>2019-08-10T07:49:08Z</time>
    </trkpt>
    <trkpt lat="51.4193041" lon="6.0507641">
      <ele>15.6</ele>
      <time>2019-08-10T07:49:10Z</time>
    </trkpt>
    <trkpt lat="51.4193531" lon="6.0506822">
      <ele>16.2</ele>
      <time>2019-08-10T07:49:11Z</time>
    </trkpt>
    <trkpt lat="51.4194763" lon="6.0505676">
      <ele>15.8</ele>
      <time>2019-08-10T07:49:13Z</time>
    </trkpt>
    <trkpt lat="51.4195452" lon="6.0505303">
      <ele>16.2</ele>
      <time>2019-08-10T07:49:14Z</time>
    </trkpt>
    <trkpt lat="51.4197474" lon="6.0504003">
      <ele>15.0</ele>
      <time>2019-08-10T07:49:17Z</time>
    </trkpt>
    <trkpt lat="51.4199907" lon="6.0501529">
      <ele>16.2</ele>
      <time>2019-08-10T07:49:21Z</time>
    </trkpt>
    <trkpt lat="51.4200980" lon="6.0500225">
      <ele>16.2</ele>
      <time>2019-08-10T07:49:23Z</time>
    </trkpt>
    <trkpt lat="51.4201504" lon="6.0499555">
      <ele>16.2</ele>
      <time>2019-08-10T07:49:24Z</time>
    </trkpt>
    <trkpt lat="51.4202468" lon="6.0498223">
      <ele>15.6</ele>
      <time>2019-08-10T07:49:26Z</time>
    </trkpt>
    <trkpt lat="51.4203447" lon="6.0496899">
      <ele>15.0</ele>
      <time>2019-08-10T07:49:28Z</time>
    </trkpt>
    <trkpt lat="51.4207485" lon="6.0491472">
      <ele>14.0</ele>
      <time>2019-08-10T07:49:36Z</time>
    </trkpt>
    <trkpt lat="51.4207997" lon="6.0490850">
      <ele>13.8</ele>
      <time>2019-08-10T07:49:37Z</time>
    </trkpt>
    <trkpt lat="51.4209988" lon="6.0488276">
      <ele>13.0</ele>
      <time>2019-08-10T07:49:41Z</time>
    </trkpt>
    <trkpt lat="51.4211040" lon="6.0486921">
      <ele>12.4</ele>
      <time>2019-08-10T07:49:43Z</time>
    </trkpt>
    <trkpt lat="51.4215747" lon="6.0480858">
      <ele>10.8</ele>
      <time>2019-08-10T07:49:52Z</time>
    </trkpt>
    <trkpt lat="51.4216344" lon="6.0480297">
      <ele>10.8</ele>
      <time>2019-08-10T07:49:53Z</time>
    </trkpt>
    <trkpt lat="51.4217687" lon="6.0479654">
      <ele>10.4</ele>
      <time>2019-08-10T07:49:55Z</time>
    </trkpt>
    <trkpt lat="51.4218453" lon="6.0479573">
      <ele>10.4</ele>
      <time>2019-08-10T07:49:56Z</time>
    </trkpt>
    <trkpt lat="51.4219206" lon="6.0479598">
      <ele>10.4</ele>
      <time>2019-08-10T07:49:57Z</time>
    </trkpt>
    <trkpt lat="51.4219962" lon="6.0479662">
      <ele>10.6</ele>
      <time>2019-08-10T07:49:58Z</time>
    </trkpt>
    <trkpt lat="51.4225683" lon="6.0480183">
      <ele>12.2</ele>
      <time>2019-08-10T07:50:06Z</time>
    </trkpt>
    <trkpt lat="51.4227775" lon="6.0480493">
      <ele>12.2</ele>
      <time>2019-08-10T07:50:09Z</time>
    </trkpt>
    <trkpt lat="51.4229884" lon="6.0480872">
      <ele>12.0</ele>
      <time>2019-08-10T07:50:12Z</time>
    </trkpt>
    <trkpt lat="51.4234458" lon="6.0481068">
      <ele>12.0</ele>
      <time>2019-08-10T07:50:19Z</time>
    </trkpt>
    <trkpt lat="51.4235665" lon="6.0480231">
      <ele>12.4</ele>
      <time>2019-08-10T07:50:21Z</time>
    </trkpt>
    <trkpt lat="51.4236659" lon="6.0478627">
      <ele>13.2</ele>
      <time>2019-08-10T07:50:23Z</time>
    </trkpt>
    <trkpt lat="51.4239444" lon="6.0473015">
      <ele>15.8</ele>
      <time>2019-08-10T07:50:29Z</time>
    </trkpt>
    <trkpt lat="51.4242617" lon="6.0465148">
      <ele>17.8</ele>
      <time>2019-08-10T07:50:37Z</time>
    </trkpt>
    <trkpt lat="51.4245383" lon="6.0457141">
      <ele>18.4</ele>
      <time>2019-08-10T07:50:45Z</time>
    </trkpt>
    <trkpt lat="51.4248156" lon="6.0449529">
      <ele>18.6</ele>
      <time>2019-08-10T07:50:53Z</time>
    </trkpt>
    <trkpt lat="51.4248590" lon="6.0448716">
      <ele>18.6</ele>
      <time>2019-08-10T07:50:54Z</time>
    </trkpt>
    <trkpt lat="51.4249055" lon="6.0447950">
      <ele>18.4</ele>
      <time>2019-08-10T07:50:55Z</time>
    </trkpt>
    <trkpt lat="51.4249569" lon="6.0447249">
      <ele>18.6</ele>
      <time>2019-08-10T07:50:56Z</time>
    </trkpt>
    <trkpt lat="51.4250693" lon="6.0445944">
      <ele>18.6</ele>
      <time>2019-08-10T07:50:58Z</time>
    </trkpt>
    <trkpt lat="51.4254431" lon="6.0439440">
      <ele>18.8</ele>
      <time>2019-08-10T07:51:06Z</time>
    </trkpt>
    <trkpt lat="51.4255538" lon="6.0436304">
      <ele>18.8</ele>
      <time>2019-08-10T07:51:09Z</time>
    </trkpt>
    <trkpt lat="51.4257207" lon="6.0429198">
      <ele>19.0</ele>
      <time>2019-08-10T07:51:16Z</time>
    </trkpt>
    <trkpt lat="51.4259805" lon="6.0420976">
      <ele>20.2</ele>
      <time>2019-08-10T07:51:25Z</time>
    </trkpt>
    <trkpt lat="51.4260636" lon="6.0419358">
      <ele>19.8</ele>
      <time>2019-08-10T07:51:27Z</time>
    </trkpt>
    <trkpt lat="51.4261056" lon="6.0418540">
      <ele>19.6</ele>
      <time>2019-08-10T07:51:28Z</time>
    </trkpt>
    <trkpt lat="51.4264171" lon="6.0411965">
      <ele>18.4</ele>
      <time>2019-08-10T07:51:36Z</time>
    </trkpt>
    <trkpt lat="51.4265544" lon="6.0409312">
      <ele>19.8</ele>
      <time>2019-08-10T07:51:40Z</time>
    </trkpt>
    <trkpt lat="51.4266654" lon="6.0406889">
      <ele>20.2</ele>
      <time>2019-08-10T07:51:45Z</time>
    </trkpt>
    <trkpt lat="51.4268315" lon="6.0403965">
      <ele>22.6</ele>
      <time>2019-08-10T07:51:50Z</time>
    </trkpt>
    <trkpt lat="51.4271851" lon="6.0397405">
      <ele>23.4</ele>
      <time>2019-08-10T07:52:00Z</time>
    </trkpt>
    <trkpt lat="51.4273578" lon="6.0395505">
      <ele>24.0</ele>
      <time>2019-08-10T07:52:04Z</time>
    </trkpt>
    <trkpt lat="51.4275231" lon="6.0394203">
      <ele>23.2</ele>
      <time>2019-08-10T07:52:08Z</time>
    </trkpt>
    <trkpt lat="51.4276194" lon="6.0392828">
      <ele>23.4</ele>
      <time>2019-08-10T07:52:11Z</time>
    </trkpt>
    <trkpt lat="51.4277357" lon="6.0391019">
      <ele>24.8</ele>
      <time>2019-08-10T07:52:16Z</time>
    </trkpt>
    <trkpt lat="51.4281034" lon="6.0397611">
      <ele>21.6</ele>
      <time>2019-08-10T07:52:28Z</time>
    </trkpt>
    <trkpt lat="51.4281683" lon="6.0398600">
      <ele>21.2</ele>
      <time>2019-08-10T07:52:30Z</time>
    </trkpt>
    <trkpt lat="51.4282449" lon="6.0399171">
      <ele>22.0</ele>
      <time>2019-08-10T07:52:33Z</time>
    </trkpt>
    <trkpt lat="51.4283486" lon="6.0397037">
      <ele>25.4</ele>
      <time>2019-08-10T07:52:42Z</time>
    </trkpt>
    <trkpt lat="51.4283624" lon="6.0396005">
      <ele>27.0</ele>
      <time>2019-08-10T07:52:44Z</time>
    </trkpt>
    <trkpt lat="51.4283572" lon="6.0394559">
      <ele>28.8</ele>
      <time>2019-08-10T07:52:46Z</time>
    </trkpt>
    <trkpt lat="51.4283685" lon="6.0392978">
      <ele>29.4</ele>
      <time>2019-08-10T07:52:48Z</time>
    </trkpt>
    <trkpt lat="51.4284806" lon="6.0387269">
      <ele>30.0</ele>
      <time>2019-08-10T07:52:55Z</time>
    </trkpt>
    <trkpt lat="51.4285006" lon="6.0386593">
      <ele>29.6</ele>
      <time>2019-08-10T07:52:56Z</time>
    </trkpt>
    <trkpt lat="51.4288223" lon="6.0379190">
      <ele>26.6</ele>
      <time>2019-08-10T07:53:07Z</time>
    </trkpt>
    <trkpt lat="51.4289531" lon="6.0376174">
      <ele>25.2</ele>
      <time>2019-08-10T07:53:11Z</time>
    </trkpt>
    <trkpt lat="51.4292373" lon="6.0368409">
      <ele>23.2</ele>
      <time>2019-08-10T07:53:20Z</time>
    </trkpt>
    <trkpt lat="51.4294544" lon="6.0362146">
      <ele>22.4</ele>
      <time>2019-08-10T07:53:27Z</time>
    </trkpt>
    <trkpt lat="51.4295738" lon="6.0358591">
      <ele>23.4</ele>
      <time>2019-08-10T07:53:31Z</time>
    </trkpt>
    <trkpt lat="51.4298233" lon="6.0350249">
      <ele>25.0</ele>
      <time>2019-08-10T07:53:40Z</time>
    </trkpt>
    <trkpt lat="51.4299488" lon="6.0345677">
      <ele>25.0</ele>
      <time>2019-08-10T07:53:45Z</time>
    </trkpt>
    <trkpt lat="51.4299706" lon="6.0344774">
      <ele>24.8</ele>
      <time>2019-08-10T07:53:46Z</time>
    </trkpt>
    <trkpt lat="51.4299950" lon="6.0343882">
      <ele>24.6</ele>
      <time>2019-08-10T07:53:47Z</time>
    </trkpt>
    <trkpt lat="51.4300401" lon="6.0342009">
      <ele>24.2</ele>
      <time>2019-08-10T07:53:49Z</time>
    </trkpt>
    <trkpt lat="51.4300856" lon="6.0340087">
      <ele>23.6</ele>
      <time>2019-08-10T07:53:51Z</time>
    </trkpt>
    <trkpt lat="51.4301074" lon="6.0339106">
      <ele>23.2</ele>
      <time>2019-08-10T07:53:52Z</time>
    </trkpt>
    <trkpt lat="51.4301275" lon="6.0338119">
      <ele>23.2</ele>
      <time>2019-08-10T07:53:53Z</time>
    </trkpt>
    <trkpt lat="51.4301494" lon="6.0337144">
      <ele>23.2</ele>
      <time>2019-08-10T07:53:54Z</time>
    </trkpt>
    <trkpt lat="51.4301703" lon="6.0336148">
      <ele>23.2</ele>
      <time>2019-08-10T07:53:55Z</time>
    </trkpt>
    <trkpt lat="51.4301915" lon="6.0335143">
      <ele>23.2</ele>
      <time>2019-08-10T07:53:56Z</time>
    </trkpt>
    <trkpt lat="51.4302137" lon="6.0334123">
      <ele>23.0</ele>
      <time>2019-08-10T07:53:57Z</time>
    </trkpt>
    <trkpt lat="51.4302739" lon="6.0331125">
      <ele>23.0</ele>
      <time>2019-08-10T07:54:00Z</time>
    </trkpt>
    <trkpt lat="51.4303738" lon="6.0326200">
      <ele>22.6</ele>
      <time>2019-08-10T07:54:05Z</time>
    </trkpt>
    <trkpt lat="51.4305269" lon="6.0317294">
      <ele>24.0</ele>
      <time>2019-08-10T07:54:14Z</time>
    </trkpt>
    <trkpt lat="51.4306472" lon="6.0308222">
      <ele>26.6</ele>
      <time>2019-08-10T07:54:23Z</time>
    </trkpt>
    <trkpt lat="51.4307283" lon="6.0299054">
      <ele>27.0</ele>
      <time>2019-08-10T07:54:32Z</time>
    </trkpt>
    <trkpt lat="51.4308003" lon="6.0292223">
      <ele>26.8</ele>
      <time>2019-08-10T07:54:39Z</time>
    </trkpt>
    <trkpt lat="51.4308735" lon="6.0287974">
      <ele>28.0</ele>
      <time>2019-08-10T07:54:44Z</time>
    </trkpt>
    <trkpt lat="51.4309289" lon="6.0286160">
      <ele>29.6</ele>
      <time>2019-08-10T07:54:47Z</time>
    </trkpt>
    <trkpt lat="51.4309300" lon="6.0285697">
      <ele>29.8</ele>
      <time>2019-08-10T07:54:48Z</time>
    </trkpt>
    <trkpt lat="51.4309047" lon="6.0284622">
      <ele>29.0</ele>
      <time>2019-08-10T07:54:50Z</time>
    </trkpt>
    <trkpt lat="51.4309016" lon="6.0283152">
      <ele>29.0</ele>
      <time>2019-08-10T07:54:52Z</time>
    </trkpt>
    <trkpt lat="51.4309465" lon="6.0274433">
      <ele>28.4</ele>
      <time>2019-08-10T07:55:02Z</time>
    </trkpt>
    <trkpt lat="51.4310390" lon="6.0265730">
      <ele>27.6</ele>
      <time>2019-08-10T07:55:11Z</time>
    </trkpt>
    <trkpt lat="51.4311422" lon="6.0256641">
      <ele>26.2</ele>
      <time>2019-08-10T07:55:20Z</time>
    </trkpt>
    <trkpt lat="51.4311746" lon="6.0253519">
      <ele>26.4</ele>
      <time>2019-08-10T07:55:23Z</time>
    </trkpt>
    <trkpt lat="51.4312064" lon="6.0250413">
      <ele>26.4</ele>
      <time>2019-08-10T07:55:26Z</time>
    </trkpt>
    <trkpt lat="51.4312275" lon="6.0248331">
      <ele>26.6</ele>
      <time>2019-08-10T07:55:28Z</time>
    </trkpt>
    <trkpt lat="51.4312460" lon="6.0246259">
      <ele>26.8</ele>
      <time>2019-08-10T07:55:30Z</time>
    </trkpt>
    <trkpt lat="51.4313342" lon="6.0239065">
      <ele>25.8</ele>
      <time>2019-08-10T07:55:37Z</time>
    </trkpt>
    <trkpt lat="51.4314155" lon="6.0230505">
      <ele>25.6</ele>
      <time>2019-08-10T07:55:45Z</time>
    </trkpt>
    <trkpt lat="51.4315039" lon="6.0221951">
      <ele>24.8</ele>
      <time>2019-08-10T07:55:53Z</time>
    </trkpt>
    <trkpt lat="51.4316018" lon="6.0212480">
      <ele>26.0</ele>
      <time>2019-08-10T07:56:02Z</time>
    </trkpt>
    <trkpt lat="51.4316910" lon="6.0202925">
      <ele>26.6</ele>
      <time>2019-08-10T07:56:11Z</time>
    </trkpt>
    <trkpt lat="51.4317382" lon="6.0198515">
      <ele>26.6</ele>
      <time>2019-08-10T07:56:15Z</time>
    </trkpt>
    <trkpt lat="51.4317610" lon="6.0196358">
      <ele>26.4</ele>
      <time>2019-08-10T07:56:17Z</time>
    </trkpt>
    <trkpt lat="51.4317730" lon="6.0195303">
      <ele>26.0</ele>
      <time>2019-08-10T07:56:18Z</time>
    </trkpt>
    <trkpt lat="51.4317835" lon="6.0194250">
      <ele>25.8</ele>
      <time>2019-08-10T07:56:19Z</time>
    </trkpt>
    <trkpt lat="51.4318058" lon="6.0192162">
      <ele>26.0</ele>
      <time>2019-08-10T07:56:21Z</time>
    </trkpt>
    <trkpt lat="51.4318280" lon="6.0190064">
      <ele>25.8</ele>
      <time>2019-08-10T07:56:23Z</time>
    </trkpt>
    <trkpt lat="51.4318663" lon="6.0185852">
      <ele>25.6</ele>
      <time>2019-08-10T07:56:27Z</time>
    </trkpt>
    <trkpt lat="51.4319522" lon="6.0177279">
      <ele>26.0</ele>
      <time>2019-08-10T07:56:35Z</time>
    </trkpt>
    <trkpt lat="51.4319881" lon="6.0174027">
      <ele>26.0</ele>
      <time>2019-08-10T07:56:38Z</time>
    </trkpt>
    <trkpt lat="51.4320760" lon="6.0164486">
      <ele>26.8</ele>
      <time>2019-08-10T07:56:47Z</time>
    </trkpt>
    <trkpt lat="51.4321749" lon="6.0154962">
      <ele>26.6</ele>
      <time>2019-08-10T07:56:56Z</time>
    </trkpt>
    <trkpt lat="51.4322746" lon="6.0145406">
      <ele>25.4</ele>
      <time>2019-08-10T07:57:05Z</time>
    </trkpt>
    <trkpt lat="51.4323654" lon="6.0136689">
      <ele>24.0</ele>
      <time>2019-08-10T07:57:13Z</time>
    </trkpt>
    <trkpt lat="51.4324407" lon="6.0129163">
      <ele>23.8</ele>
      <time>2019-08-10T07:57:20Z</time>
    </trkpt>
    <trkpt lat="51.4324857" lon="6.0124810">
      <ele>24.6</ele>
      <time>2019-08-10T07:57:24Z</time>
    </trkpt>
    <trkpt lat="51.4325072" lon="6.0122661">
      <ele>25.0</ele>
      <time>2019-08-10T07:57:26Z</time>
    </trkpt>
    <trkpt lat="51.4325976" lon="6.0114024">
      <ele>26.0</ele>
      <time>2019-08-10T07:57:34Z</time>
    </trkpt>
    <trkpt lat="51.4326902" lon="6.0105413">
      <ele>26.4</ele>
      <time>2019-08-10T07:57:42Z</time>
    </trkpt>
    <trkpt lat="51.4327441" lon="6.0100138">
      <ele>26.2</ele>
      <time>2019-08-10T07:57:47Z</time>
    </trkpt>
    <trkpt lat="51.4328387" lon="6.0090679">
      <ele>25.6</ele>
      <time>2019-08-10T07:57:56Z</time>
    </trkpt>
    <trkpt lat="51.4329490" lon="6.0081313">
      <ele>25.0</ele>
      <time>2019-08-10T07:58:05Z</time>
    </trkpt>
    <trkpt lat="51.4329669" lon="6.0079286">
      <ele>24.6</ele>
      <time>2019-08-10T07:58:07Z</time>
    </trkpt>
    <trkpt lat="51.4330553" lon="6.0070369">
      <ele>23.8</ele>
      <time>2019-08-10T07:58:16Z</time>
    </trkpt>
    <trkpt lat="51.4330865" lon="6.0067385">
      <ele>24.4</ele>
      <time>2019-08-10T07:58:19Z</time>
    </trkpt>
    <trkpt lat="51.4331168" lon="6.0064401">
      <ele>25.0</ele>
      <time>2019-08-10T07:58:22Z</time>
    </trkpt>
    <trkpt lat="51.4331262" lon="6.0063409">
      <ele>25.2</ele>
      <time>2019-08-10T07:58:23Z</time>
    </trkpt>
    <trkpt lat="51.4331448" lon="6.0061385">
      <ele>25.4</ele>
      <time>2019-08-10T07:58:25Z</time>
    </trkpt>
    <trkpt lat="51.4331549" lon="6.0060383">
      <ele>25.6</ele>
      <time>2019-08-10T07:58:26Z</time>
    </trkpt>
    <trkpt lat="51.4331655" lon="6.0059391">
      <ele>25.6</ele>
      <time>2019-08-10T07:58:27Z</time>
    </trkpt>
    <trkpt lat="51.4331862" lon="6.0057403">
      <ele>26.0</ele>
      <time>2019-08-10T07:58:29Z</time>
    </trkpt>
    <trkpt lat="51.4332313" lon="6.0053556">
      <ele>26.8</ele>
      <time>2019-08-10T07:58:33Z</time>
    </trkpt>
    <trkpt lat="51.4333697" lon="6.0044716">
      <ele>27.0</ele>
      <time>2019-08-10T07:58:42Z</time>
    </trkpt>
    <trkpt lat="51.4334158" lon="6.0041773">
      <ele>27.0</ele>
      <time>2019-08-10T07:58:45Z</time>
    </trkpt>
    <trkpt lat="51.4334616" lon="6.0038808">
      <ele>26.8</ele>
      <time>2019-08-10T07:58:48Z</time>
    </trkpt>
    <trkpt lat="51.4335102" lon="6.0035822">
      <ele>26.6</ele>
      <time>2019-08-10T07:58:51Z</time>
    </trkpt>
    <trkpt lat="51.4335586" lon="6.0032910">
      <ele>26.6</ele>
      <time>2019-08-10T07:58:54Z</time>
    </trkpt>
    <trkpt lat="51.4336045" lon="6.0030184">
      <ele>26.4</ele>
      <time>2019-08-10T07:58:57Z</time>
    </trkpt>
    <trkpt lat="51.4336184" lon="6.0029331">
      <ele>26.4</ele>
      <time>2019-08-10T07:58:58Z</time>
    </trkpt>
    <trkpt lat="51.4336457" lon="6.0027624">
      <ele>26.4</ele>
      <time>2019-08-10T07:59:00Z</time>
    </trkpt>
    <trkpt lat="51.4336741" lon="6.0025799">
      <ele>26.2</ele>
      <time>2019-08-10T07:59:02Z</time>
    </trkpt>
    <trkpt lat="51.4336885" lon="6.0024874">
      <ele>26.0</ele>
      <time>2019-08-10T07:59:03Z</time>
    </trkpt>
    <trkpt lat="51.4337029" lon="6.0023941">
      <ele>25.8</ele>
      <time>2019-08-10T07:59:04Z</time>
    </trkpt>
    <trkpt lat="51.4338293" lon="6.0016199">
      <ele>25.2</ele>
      <time>2019-08-10T07:59:12Z</time>
    </trkpt>
    <trkpt lat="51.4339691" lon="6.0007378">
      <ele>25.4</ele>
      <time>2019-08-10T07:59:21Z</time>
    </trkpt>
    <trkpt lat="51.4341040" lon="5.9998975">
      <ele>25.6</ele>
      <time>2019-08-10T07:59:29Z</time>
    </trkpt>
    <trkpt lat="51.4341210" lon="5.9997911">
      <ele>26.0</ele>
      <time>2019-08-10T07:59:30Z</time>
    </trkpt>
    <trkpt lat="51.4341371" lon="5.9996836">
      <ele>26.2</ele>
      <time>2019-08-10T07:59:31Z</time>
    </trkpt>
    <trkpt lat="51.4342033" lon="5.9992627">
      <ele>26.6</ele>
      <time>2019-08-10T07:59:35Z</time>
    </trkpt>
    <trkpt lat="51.4343474" lon="5.9983381">
      <ele>25.6</ele>
      <time>2019-08-10T07:59:44Z</time>
    </trkpt>
    <trkpt lat="51.4344283" lon="5.9978208">
      <ele>25.4</ele>
      <time>2019-08-10T07:59:49Z</time>
    </trkpt>
    <trkpt lat="51.4345628" lon="5.9969641">
      <ele>24.8</ele>
      <time>2019-08-10T07:59:58Z</time>
    </trkpt>
    <trkpt lat="51.4347070" lon="5.9961124">
      <ele>25.2</ele>
      <time>2019-08-10T08:00:07Z</time>
    </trkpt>
    <trkpt lat="51.4348222" lon="5.9953710">
      <ele>25.2</ele>
      <time>2019-08-10T08:00:15Z</time>
    </trkpt>
    <trkpt lat="51.4349571" lon="5.9945377">
      <ele>25.4</ele>
      <time>2019-08-10T08:00:24Z</time>
    </trkpt>
    <trkpt lat="51.4350866" lon="5.9936348">
      <ele>25.0</ele>
      <time>2019-08-10T08:00:33Z</time>
    </trkpt>
    <trkpt lat="51.4352337" lon="5.9926910">
      <ele>25.0</ele>
      <time>2019-08-10T08:00:42Z</time>
    </trkpt>
    <trkpt lat="51.4353184" lon="5.9921604">
      <ele>24.8</ele>
      <time>2019-08-10T08:00:47Z</time>
    </trkpt>
    <trkpt lat="51.4353702" lon="5.9918571">
      <ele>24.6</ele>
      <time>2019-08-10T08:00:50Z</time>
    </trkpt>
    <trkpt lat="51.4354336" lon="5.9914405">
      <ele>24.4</ele>
      <time>2019-08-10T08:00:54Z</time>
    </trkpt>
    <trkpt lat="51.4354630" lon="5.9912268">
      <ele>24.4</ele>
      <time>2019-08-10T08:00:56Z</time>
    </trkpt>
    <trkpt lat="51.4354787" lon="5.9911201">
      <ele>24.4</ele>
      <time>2019-08-10T08:00:57Z</time>
    </trkpt>
    <trkpt lat="51.4354958" lon="5.9910165">
      <ele>24.6</ele>
      <time>2019-08-10T08:00:58Z</time>
    </trkpt>
    <trkpt lat="51.4355150" lon="5.9909114">
      <ele>24.4</ele>
      <time>2019-08-10T08:00:59Z</time>
    </trkpt>
    <trkpt lat="51.4355342" lon="5.9908087">
      <ele>24.2</ele>
      <time>2019-08-10T08:01:00Z</time>
    </trkpt>
    <trkpt lat="51.4355513" lon="5.9907056">
      <ele>24.0</ele>
      <time>2019-08-10T08:01:01Z</time>
    </trkpt>
    <trkpt lat="51.4355795" lon="5.9904998">
      <ele>23.8</ele>
      <time>2019-08-10T08:01:03Z</time>
    </trkpt>
    <trkpt lat="51.4357180" lon="5.9896651">
      <ele>23.4</ele>
      <time>2019-08-10T08:01:11Z</time>
    </trkpt>
    <trkpt lat="51.4358786" lon="5.9887366">
      <ele>24.6</ele>
      <time>2019-08-10T08:01:20Z</time>
    </trkpt>
    <trkpt lat="51.4360144" lon="5.9878380">
      <ele>23.8</ele>
      <time>2019-08-10T08:01:29Z</time>
    </trkpt>
    <trkpt lat="51.4361541" lon="5.9869796">
      <ele>26.0</ele>
      <time>2019-08-10T08:01:39Z</time>
    </trkpt>
    <trkpt lat="51.4362910" lon="5.9862169">
      <ele>26.2</ele>
      <time>2019-08-10T08:01:48Z</time>
    </trkpt>
    <trkpt lat="51.4363038" lon="5.9861263">
      <ele>26.4</ele>
      <time>2019-08-10T08:01:49Z</time>
    </trkpt>
    <trkpt lat="51.4363158" lon="5.9860363">
      <ele>26.4</ele>
      <time>2019-08-10T08:01:50Z</time>
    </trkpt>
    <trkpt lat="51.4363292" lon="5.9859468">
      <ele>26.6</ele>
      <time>2019-08-10T08:01:51Z</time>
    </trkpt>
    <trkpt lat="51.4363438" lon="5.9858567">
      <ele>26.8</ele>
      <time>2019-08-10T08:01:52Z</time>
    </trkpt>
    <trkpt lat="51.4363583" lon="5.9857683">
      <ele>27.0</ele>
      <time>2019-08-10T08:01:53Z</time>
    </trkpt>
    <trkpt lat="51.4365333" lon="5.9850268">
      <ele>26.8</ele>
      <time>2019-08-10T08:02:01Z</time>
    </trkpt>
    <trkpt lat="51.4365529" lon="5.9849407">
      <ele>27.0</ele>
      <time>2019-08-10T08:02:02Z</time>
    </trkpt>
    <trkpt lat="51.4365743" lon="5.9848556">
      <ele>27.0</ele>
      <time>2019-08-10T08:02:03Z</time>
    </trkpt>
    <trkpt lat="51.4365954" lon="5.9847713">
      <ele>27.0</ele>
      <time>2019-08-10T08:02:04Z</time>
    </trkpt>
    <trkpt lat="51.4366183" lon="5.9846842">
      <ele>26.8</ele>
      <time>2019-08-10T08:02:05Z</time>
    </trkpt>
    <trkpt lat="51.4366629" lon="5.9845094">
      <ele>26.8</ele>
      <time>2019-08-10T08:02:07Z</time>
    </trkpt>
    <trkpt lat="51.4368238" lon="5.9838188">
      <ele>27.6</ele>
      <time>2019-08-10T08:02:16Z</time>
    </trkpt>
    <trkpt lat="51.4368773" lon="5.9836920">
      <ele>28.8</ele>
      <time>2019-08-10T08:02:19Z</time>
    </trkpt>
    <trkpt lat="51.4370214" lon="5.9839202">
      <ele>28.4</ele>
      <time>2019-08-10T08:02:25Z</time>
    </trkpt>
    <trkpt lat="51.4370639" lon="5.9840463">
      <ele>28.0</ele>
      <time>2019-08-10T08:02:27Z</time>
    </trkpt>
    <trkpt lat="51.4373305" lon="5.9848478">
      <ele>27.6</ele>
      <time>2019-08-10T08:02:39Z</time>
    </trkpt>
    <trkpt lat="51.4374794" lon="5.9852429">
      <ele>26.2</ele>
      <time>2019-08-10T08:02:50Z</time>
    </trkpt>
    <trkpt lat="51.4374912" lon="5.9852101">
      <ele>27.6</ele>
      <time>2019-08-10T08:02:52Z</time>
    </trkpt>
    <trkpt lat="51.4373476" lon="5.9848707">
      <ele>27.6</ele>
      <time>2019-08-10T08:03:01Z</time>
    </trkpt>
    <trkpt lat="51.4370796" lon="5.9840421">
      <ele>29.4</ele>
      <time>2019-08-10T08:03:15Z</time>
    </trkpt>
    <trkpt lat="51.4370140" lon="5.9838297">
      <ele>28.2</ele>
      <time>2019-08-10T08:03:18Z</time>
    </trkpt>
    <trkpt lat="51.4368894" lon="5.9834430">
      <ele>27.2</ele>
      <time>2019-08-10T08:03:25Z</time>
    </trkpt>
    <trkpt lat="51.4369063" lon="5.9831109">
      <ele>27.6</ele>
      <time>2019-08-10T08:03:29Z</time>
    </trkpt>
    <trkpt lat="51.4368515" lon="5.9822487">
      <ele>27.2</ele>
      <time>2019-08-10T08:03:39Z</time>
    </trkpt>
    <trkpt lat="51.4369029" lon="5.9821444">
      <ele>26.4</ele>
      <time>2019-08-10T08:03:41Z</time>
    </trkpt>
    <trkpt lat="51.4369978" lon="5.9821302">
      <ele>25.8</ele>
      <time>2019-08-10T08:03:43Z</time>
    </trkpt>
    <trkpt lat="51.4371954" lon="5.9821539">
      <ele>25.2</ele>
      <time>2019-08-10T08:03:47Z</time>
    </trkpt>
    <trkpt lat="51.4372431" lon="5.9821363">
      <ele>24.8</ele>
      <time>2019-08-10T08:03:48Z</time>
    </trkpt>
    <trkpt lat="51.4372875" lon="5.9820936">
      <ele>24.4</ele>
      <time>2019-08-10T08:03:49Z</time>
    </trkpt>
    <trkpt lat="51.4373647" lon="5.9819536">
      <ele>24.8</ele>
      <time>2019-08-10T08:03:51Z</time>
    </trkpt>
    <trkpt lat="51.4375563" lon="5.9813951">
      <ele>24.6</ele>
      <time>2019-08-10T08:03:57Z</time>
    </trkpt>
    <trkpt lat="51.4378184" lon="5.9805387">
      <ele>25.0</ele>
      <time>2019-08-10T08:04:06Z</time>
    </trkpt>
    <trkpt lat="51.4380554" lon="5.9797604">
      <ele>24.6</ele>
      <time>2019-08-10T08:04:14Z</time>
    </trkpt>
    <trkpt lat="51.4383146" lon="5.9790049">
      <ele>25.0</ele>
      <time>2019-08-10T08:04:22Z</time>
    </trkpt>
    <trkpt lat="51.4385838" lon="5.9781852">
      <ele>25.0</ele>
      <time>2019-08-10T08:04:32Z</time>
    </trkpt>
    <trkpt lat="51.4389362" lon="5.9774368">
      <ele>25.4</ele>
      <time>2019-08-10T08:04:42Z</time>
    </trkpt>
    <trkpt lat="51.4389822" lon="5.9773705">
      <ele>25.0</ele>
      <time>2019-08-10T08:04:43Z</time>
    </trkpt>
    <trkpt lat="51.4391249" lon="5.9771673">
      <ele>24.2</ele>
      <time>2019-08-10T08:04:46Z</time>
    </trkpt>
    <trkpt lat="51.4392705" lon="5.9769735">
      <ele>24.0</ele>
      <time>2019-08-10T08:04:49Z</time>
    </trkpt>
    <trkpt lat="51.4393721" lon="5.9768658">
      <ele>24.6</ele>
      <time>2019-08-10T08:04:51Z</time>
    </trkpt>
    <trkpt lat="51.4398221" lon="5.9763644">
      <ele>26.6</ele>
      <time>2019-08-10T08:05:00Z</time>
    </trkpt>
    <trkpt lat="51.4399258" lon="5.9762615">
      <ele>26.6</ele>
      <time>2019-08-10T08:05:02Z</time>
    </trkpt>
    <trkpt lat="51.4399819" lon="5.9762219">
      <ele>26.8</ele>
      <time>2019-08-10T08:05:03Z</time>
    </trkpt>
    <trkpt lat="51.4400407" lon="5.9761938">
      <ele>26.8</ele>
      <time>2019-08-10T08:05:04Z</time>
    </trkpt>
    <trkpt lat="51.4401008" lon="5.9761685">
      <ele>27.0</ele>
      <time>2019-08-10T08:05:05Z</time>
    </trkpt>
    <trkpt lat="51.4403453" lon="5.9760868">
      <ele>26.0</ele>
      <time>2019-08-10T08:05:09Z</time>
    </trkpt>
    <trkpt lat="51.4409054" lon="5.9759929">
      <ele>25.6</ele>
      <time>2019-08-10T08:05:18Z</time>
    </trkpt>
    <trkpt lat="51.4413296" lon="5.9759054">
      <ele>22.6</ele>
      <time>2019-08-10T08:05:25Z</time>
    </trkpt>
    <trkpt lat="51.4418872" lon="5.9757566">
      <ele>24.0</ele>
      <time>2019-08-10T08:05:34Z</time>
    </trkpt>
    <trkpt lat="51.4424242" lon="5.9756291">
      <ele>24.4</ele>
      <time>2019-08-10T08:05:42Z</time>
    </trkpt>
    <trkpt lat="51.4429644" lon="5.9755090">
      <ele>24.8</ele>
      <time>2019-08-10T08:05:50Z</time>
    </trkpt>
    <trkpt lat="51.4433087" lon="5.9753966">
      <ele>24.2</ele>
      <time>2019-08-10T08:05:55Z</time>
    </trkpt>
    <trkpt lat="51.4438751" lon="5.9752237">
      <ele>24.2</ele>
      <time>2019-08-10T08:06:03Z</time>
    </trkpt>
    <trkpt lat="51.4444448" lon="5.9750590">
      <ele>25.2</ele>
      <time>2019-08-10T08:06:11Z</time>
    </trkpt>
    <trkpt lat="51.4449737" lon="5.9748884">
      <ele>26.0</ele>
      <time>2019-08-10T08:06:19Z</time>
    </trkpt>
    <trkpt lat="51.4455372" lon="5.9747868">
      <ele>25.0</ele>
      <time>2019-08-10T08:06:28Z</time>
    </trkpt>
    <trkpt lat="51.4456675" lon="5.9747950">
      <ele>25.0</ele>
      <time>2019-08-10T08:06:30Z</time>
    </trkpt>
    <trkpt lat="51.4462561" lon="5.9749257">
      <ele>24.0</ele>
      <time>2019-08-10T08:06:39Z</time>
    </trkpt>
    <trkpt lat="51.4467928" lon="5.9750279">
      <ele>22.4</ele>
      <time>2019-08-10T08:06:47Z</time>
    </trkpt>
    <trkpt lat="51.4473864" lon="5.9751046">
      <ele>22.4</ele>
      <time>2019-08-10T08:06:56Z</time>
    </trkpt>
    <trkpt lat="51.4479587" lon="5.9749916">
      <ele>23.0</ele>
      <time>2019-08-10T08:07:05Z</time>
    </trkpt>
    <trkpt lat="51.4485371" lon="5.9747477">
      <ele>23.2</ele>
      <time>2019-08-10T08:07:14Z</time>
    </trkpt>
    <trkpt lat="51.4488056" lon="5.9746207">
      <ele>24.8</ele>
      <time>2019-08-10T08:07:18Z</time>
    </trkpt>
    <trkpt lat="51.4491502" lon="5.9744778">
      <ele>26.0</ele>
      <time>2019-08-10T08:07:23Z</time>
    </trkpt>
    <trkpt lat="51.4493666" lon="5.9744152">
      <ele>25.4</ele>
      <time>2019-08-10T08:07:27Z</time>
    </trkpt>
    <trkpt lat="51.4497017" lon="5.9743286">
      <ele>26.2</ele>
      <time>2019-08-10T08:07:34Z</time>
    </trkpt>
    <trkpt lat="51.4498546" lon="5.9742017">
      <ele>26.4</ele>
      <time>2019-08-10T08:07:39Z</time>
    </trkpt>
    <trkpt lat="51.4500821" lon="5.9740836">
      <ele>26.4</ele>
      <time>2019-08-10T08:07:49Z</time>
    </trkpt>
    <trkpt lat="51.4503123" lon="5.9739934">
      <ele>25.6</ele>
      <time>2019-08-10T08:07:54Z</time>
    </trkpt>
    <trkpt lat="51.4508504" lon="5.9738017">
      <ele>25.2</ele>
      <time>2019-08-10T08:08:05Z</time>
    </trkpt>
    <trkpt lat="51.4508969" lon="5.9737588">
      <ele>26.4</ele>
      <time>2019-08-10T08:08:08Z</time>
    </trkpt>
    <trkpt lat="51.4508376" lon="5.9737722">
      <ele>27.6</ele>
      <time>2019-08-10T08:08:12Z</time>
    </trkpt>
    <trkpt lat="51.4508154" lon="5.9737845">
      <ele>26.6</ele>
      <time>2019-08-10T08:08:22Z</time>
    </trkpt>
    <trkpt lat="51.4508133" lon="5.9737864">
      <ele>26.2</ele>
      <time>2019-08-10T08:08:25Z</time>
    </trkpt>
    <trkpt lat="51.4508159" lon="5.9737892">
      <ele>23.6</ele>
      <time>2019-08-10T08:08:47Z</time>
    </trkpt>
    <trkpt lat="51.4508147" lon="5.9737850">
      <ele>22.0</ele>
      <time>2019-08-10T08:08:59Z</time>
    </trkpt>
    <trkpt lat="51.4507652" lon="5.9738071">
      <ele>23.0</ele>
      <time>2019-08-10T08:09:03Z</time>
    </trkpt>
    <trkpt lat="51.4507035" lon="5.9738416">
      <ele>24.0</ele>
      <time>2019-08-10T08:09:06Z</time>
    </trkpt>
    <trkpt lat="51.4506476" lon="5.9738629">
      <ele>24.8</ele>
      <time>2019-08-10T08:09:08Z</time>
    </trkpt>
    <trkpt lat="51.4504751" lon="5.9739222">
      <ele>27.2</ele>
      <time>2019-08-10T08:09:13Z</time>
    </trkpt>
    <trkpt lat="51.4502114" lon="5.9739987">
      <ele>27.8</ele>
      <time>2019-08-10T08:09:19Z</time>
    </trkpt>
    <trkpt lat="51.4499661" lon="5.9740532">
      <ele>27.0</ele>
      <time>2019-08-10T08:09:24Z</time>
    </trkpt>
    <trkpt lat="51.4498669" lon="5.9740181">
      <ele>27.0</ele>
      <time>2019-08-10T08:09:26Z</time>
    </trkpt>
    <trkpt lat="51.4497762" lon="5.9739760">
      <ele>27.0</ele>
      <time>2019-08-10T08:09:28Z</time>
    </trkpt>
    <trkpt lat="51.4497150" lon="5.9739239">
      <ele>26.4</ele>
      <time>2019-08-10T08:09:30Z</time>
    </trkpt>
    <trkpt lat="51.4497202" lon="5.9738070">
      <ele>25.2</ele>
      <time>2019-08-10T08:09:32Z</time>
    </trkpt>
    <trkpt lat="51.4497333" lon="5.9737404">
      <ele>25.2</ele>
      <time>2019-08-10T08:09:33Z</time>
    </trkpt>
    <trkpt lat="51.4497621" lon="5.9735224">
      <ele>25.2</ele>
      <time>2019-08-10T08:09:36Z</time>
    </trkpt>
    <trkpt lat="51.4497703" lon="5.9731796">
      <ele>24.8</ele>
      <time>2019-08-10T08:09:40Z</time>
    </trkpt>
    <trkpt lat="51.4497750" lon="5.9730836">
      <ele>24.6</ele>
      <time>2019-08-10T08:09:41Z</time>
    </trkpt>
    <trkpt lat="51.4497765" lon="5.9729885">
      <ele>24.4</ele>
      <time>2019-08-10T08:09:42Z</time>
    </trkpt>
    <trkpt lat="51.4497789" lon="5.9728931">
      <ele>24.4</ele>
      <time>2019-08-10T08:09:43Z</time>
    </trkpt>
    <trkpt lat="51.4497802" lon="5.9727957">
      <ele>24.2</ele>
      <time>2019-08-10T08:09:44Z</time>
    </trkpt>
    <trkpt lat="51.4497768" lon="5.9725092">
      <ele>23.8</ele>
      <time>2019-08-10T08:09:47Z</time>
    </trkpt>
    <trkpt lat="51.4497858" lon="5.9721015">
      <ele>25.6</ele>
      <time>2019-08-10T08:09:51Z</time>
    </trkpt>
    <trkpt lat="51.4497981" lon="5.9715881">
      <ele>27.2</ele>
      <time>2019-08-10T08:09:56Z</time>
    </trkpt>
    <trkpt lat="51.4498024" lon="5.9712825">
      <ele>28.2</ele>
      <time>2019-08-10T08:09:59Z</time>
    </trkpt>
    <trkpt lat="51.4498045" lon="5.9711782">
      <ele>28.2</ele>
      <time>2019-08-10T08:10:00Z</time>
    </trkpt>
    <trkpt lat="51.4498057" lon="5.9708674">
      <ele>29.4</ele>
      <time>2019-08-10T08:10:03Z</time>
    </trkpt>
    <trkpt lat="51.4498080" lon="5.9706625">
      <ele>29.6</ele>
      <time>2019-08-10T08:10:05Z</time>
    </trkpt>
    <trkpt lat="51.4498107" lon="5.9704483">
      <ele>29.4</ele>
      <time>2019-08-10T08:10:07Z</time>
    </trkpt>
    <trkpt lat="51.4498212" lon="5.9701282">
      <ele>28.8</ele>
      <time>2019-08-10T08:10:10Z</time>
    </trkpt>
    <trkpt lat="51.4498254" lon="5.9698005">
      <ele>27.8</ele>
      <time>2019-08-10T08:10:13Z</time>
    </trkpt>
    <trkpt lat="51.4498322" lon="5.9689100">
      <ele>26.8</ele>
      <time>2019-08-10T08:10:21Z</time>
    </trkpt>
    <trkpt lat="51.4498322" lon="5.9688024">
      <ele>27.0</ele>
      <time>2019-08-10T08:10:22Z</time>
    </trkpt>
    <trkpt lat="51.4498316" lon="5.9686942">
      <ele>27.0</ele>
      <time>2019-08-10T08:10:23Z</time>
    </trkpt>
    <trkpt lat="51.4498300" lon="5.9683740">
      <ele>26.8</ele>
      <time>2019-08-10T08:10:26Z</time>
    </trkpt>
    <trkpt lat="51.4498312" lon="5.9682706">
      <ele>27.0</ele>
      <time>2019-08-10T08:10:27Z</time>
    </trkpt>
    <trkpt lat="51.4498340" lon="5.9680577">
      <ele>27.0</ele>
      <time>2019-08-10T08:10:29Z</time>
    </trkpt>
    <trkpt lat="51.4498426" lon="5.9673924">
      <ele>29.2</ele>
      <time>2019-08-10T08:10:35Z</time>
    </trkpt>
    <trkpt lat="51.4498717" lon="5.9669345">
      <ele>30.0</ele>
      <time>2019-08-10T08:10:39Z</time>
    </trkpt>
    <trkpt lat="51.4498888" lon="5.9667085">
      <ele>30.4</ele>
      <time>2019-08-10T08:10:41Z</time>
    </trkpt>
    <trkpt lat="51.4499103" lon="5.9664866">
      <ele>30.4</ele>
      <time>2019-08-10T08:10:43Z</time>
    </trkpt>
    <trkpt lat="51.4499997" lon="5.9656302">
      <ele>29.2</ele>
      <time>2019-08-10T08:10:51Z</time>
    </trkpt>
    <trkpt lat="51.4500403" lon="5.9652246">
      <ele>28.6</ele>
      <time>2019-08-10T08:10:55Z</time>
    </trkpt>
    <trkpt lat="51.4501128" lon="5.9643897">
      <ele>27.8</ele>
      <time>2019-08-10T08:11:03Z</time>
    </trkpt>
    <trkpt lat="51.4501881" lon="5.9634477">
      <ele>29.0</ele>
      <time>2019-08-10T08:11:12Z</time>
    </trkpt>
    <trkpt lat="51.4502657" lon="5.9625144">
      <ele>28.8</ele>
      <time>2019-08-10T08:11:21Z</time>
    </trkpt>
    <trkpt lat="51.4503083" lon="5.9619984">
      <ele>29.4</ele>
      <time>2019-08-10T08:11:26Z</time>
    </trkpt>
    <trkpt lat="51.4503829" lon="5.9612729">
      <ele>29.6</ele>
      <time>2019-08-10T08:11:33Z</time>
    </trkpt>
    <trkpt lat="51.4504549" lon="5.9604283">
      <ele>28.0</ele>
      <time>2019-08-10T08:11:41Z</time>
    </trkpt>
    <trkpt lat="51.4504979" lon="5.9597812">
      <ele>27.4</ele>
      <time>2019-08-10T08:11:47Z</time>
    </trkpt>
    <trkpt lat="51.4505548" lon="5.9590545">
      <ele>27.2</ele>
      <time>2019-08-10T08:11:54Z</time>
    </trkpt>
    <trkpt lat="51.4506446" lon="5.9581317">
      <ele>27.6</ele>
      <time>2019-08-10T08:12:03Z</time>
    </trkpt>
    <trkpt lat="51.4507372" lon="5.9572037">
      <ele>28.2</ele>
      <time>2019-08-10T08:12:12Z</time>
    </trkpt>
    <trkpt lat="51.4508056" lon="5.9564650">
      <ele>29.8</ele>
      <time>2019-08-10T08:12:19Z</time>
    </trkpt>
    <trkpt lat="51.4509012" lon="5.9555407">
      <ele>31.4</ele>
      <time>2019-08-10T08:12:28Z</time>
    </trkpt>
    <trkpt lat="51.4509584" lon="5.9546020">
      <ele>32.0</ele>
      <time>2019-08-10T08:12:37Z</time>
    </trkpt>
    <trkpt lat="51.4509506" lon="5.9544977">
      <ele>32.4</ele>
      <time>2019-08-10T08:12:38Z</time>
    </trkpt>
    <trkpt lat="51.4509171" lon="5.9542996">
      <ele>32.8</ele>
      <time>2019-08-10T08:12:40Z</time>
    </trkpt>
    <trkpt lat="51.4508620" lon="5.9541138">
      <ele>32.4</ele>
      <time>2019-08-10T08:12:42Z</time>
    </trkpt>
    <trkpt lat="51.4504714" lon="5.9534248">
      <ele>30.0</ele>
      <time>2019-08-10T08:12:51Z</time>
    </trkpt>
    <trkpt lat="51.4500803" lon="5.9528254">
      <ele>29.6</ele>
      <time>2019-08-10T08:13:00Z</time>
    </trkpt>
    <trkpt lat="51.4499602" lon="5.9525753">
      <ele>29.2</ele>
      <time>2019-08-10T08:13:04Z</time>
    </trkpt>
    <trkpt lat="51.4498892" lon="5.9522819">
      <ele>28.6</ele>
      <time>2019-08-10T08:13:10Z</time>
    </trkpt>
    <trkpt lat="51.4499497" lon="5.9519433">
      <ele>29.8</ele>
      <time>2019-08-10T08:13:16Z</time>
    </trkpt>
    <trkpt lat="51.4499767" lon="5.9518096">
      <ele>29.6</ele>
      <time>2019-08-10T08:13:18Z</time>
    </trkpt>
    <trkpt lat="51.4500314" lon="5.9516946">
      <ele>29.4</ele>
      <time>2019-08-10T08:13:20Z</time>
    </trkpt>
    <trkpt lat="51.4504865" lon="5.9511660">
      <ele>31.6</ele>
      <time>2019-08-10T08:13:31Z</time>
    </trkpt>
    <trkpt lat="51.4505714" lon="5.9510490">
      <ele>31.8</ele>
      <time>2019-08-10T08:13:33Z</time>
    </trkpt>
    <trkpt lat="51.4506528" lon="5.9509349">
      <ele>32.4</ele>
      <time>2019-08-10T08:13:35Z</time>
    </trkpt>
    <trkpt lat="51.4507370" lon="5.9508154">
      <ele>32.8</ele>
      <time>2019-08-10T08:13:37Z</time>
    </trkpt>
    <trkpt lat="51.4511656" lon="5.9502803">
      <ele>32.2</ele>
      <time>2019-08-10T08:13:46Z</time>
    </trkpt>
    <trkpt lat="51.4514270" lon="5.9499658">
      <ele>30.4</ele>
      <time>2019-08-10T08:13:51Z</time>
    </trkpt>
    <trkpt lat="51.4515778" lon="5.9497785">
      <ele>31.2</ele>
      <time>2019-08-10T08:13:54Z</time>
    </trkpt>
    <trkpt lat="51.4517779" lon="5.9495244">
      <ele>31.4</ele>
      <time>2019-08-10T08:13:58Z</time>
    </trkpt>
    <trkpt lat="51.4520261" lon="5.9491883">
      <ele>30.8</ele>
      <time>2019-08-10T08:14:03Z</time>
    </trkpt>
    <trkpt lat="51.4522243" lon="5.9489280">
      <ele>30.2</ele>
      <time>2019-08-10T08:14:07Z</time>
    </trkpt>
    <trkpt lat="51.4526504" lon="5.9483650">
      <ele>29.4</ele>
      <time>2019-08-10T08:14:16Z</time>
    </trkpt>
    <trkpt lat="51.4530928" lon="5.9477735">
      <ele>27.8</ele>
      <time>2019-08-10T08:14:25Z</time>
    </trkpt>
    <trkpt lat="51.4535229" lon="5.9472079">
      <ele>27.6</ele>
      <time>2019-08-10T08:14:34Z</time>
    </trkpt>
    <trkpt lat="51.4536208" lon="5.9470812">
      <ele>27.6</ele>
      <time>2019-08-10T08:14:36Z</time>
    </trkpt>
    <trkpt lat="51.4536680" lon="5.9470176">
      <ele>27.8</ele>
      <time>2019-08-10T08:14:37Z</time>
    </trkpt>
    <trkpt lat="51.4537152" lon="5.9469552">
      <ele>28.0</ele>
      <time>2019-08-10T08:14:38Z</time>
    </trkpt>
    <trkpt lat="51.4537624" lon="5.9468912">
      <ele>28.2</ele>
      <time>2019-08-10T08:14:39Z</time>
    </trkpt>
    <trkpt lat="51.4538120" lon="5.9468284">
      <ele>28.4</ele>
      <time>2019-08-10T08:14:40Z</time>
    </trkpt>
    <trkpt lat="51.4538620" lon="5.9467640">
      <ele>28.6</ele>
      <time>2019-08-10T08:14:41Z</time>
    </trkpt>
    <trkpt lat="51.4543138" lon="5.9461359">
      <ele>29.4</ele>
      <time>2019-08-10T08:14:50Z</time>
    </trkpt>
    <trkpt lat="51.4546772" lon="5.9456880">
      <ele>28.4</ele>
      <time>2019-08-10T08:14:57Z</time>
    </trkpt>
    <trkpt lat="51.4548807" lon="5.9454329">
      <ele>27.6</ele>
      <time>2019-08-10T08:15:01Z</time>
    </trkpt>
    <trkpt lat="51.4549314" lon="5.9453711">
      <ele>27.4</ele>
      <time>2019-08-10T08:15:02Z</time>
    </trkpt>
    <trkpt lat="51.4549835" lon="5.9453071">
      <ele>27.0</ele>
      <time>2019-08-10T08:15:03Z</time>
    </trkpt>
    <trkpt lat="51.4550357" lon="5.9452412">
      <ele>26.4</ele>
      <time>2019-08-10T08:15:04Z</time>
    </trkpt>
    <trkpt lat="51.4550874" lon="5.9451765">
      <ele>26.0</ele>
      <time>2019-08-10T08:15:05Z</time>
    </trkpt>
    <trkpt lat="51.4551383" lon="5.9451094">
      <ele>26.0</ele>
      <time>2019-08-10T08:15:06Z</time>
    </trkpt>
    <trkpt lat="51.4552852" lon="5.9449212">
      <ele>25.0</ele>
      <time>2019-08-10T08:15:09Z</time>
    </trkpt>
    <trkpt lat="51.4557287" lon="5.9443431">
      <ele>25.6</ele>
      <time>2019-08-10T08:15:18Z</time>
    </trkpt>
    <trkpt lat="51.4561923" lon="5.9437984">
      <ele>24.4</ele>
      <time>2019-08-10T08:15:27Z</time>
    </trkpt>
    <trkpt lat="51.4564461" lon="5.9435022">
      <ele>24.2</ele>
      <time>2019-08-10T08:15:32Z</time>
    </trkpt>
    <trkpt lat="51.4566430" lon="5.9432730">
      <ele>24.8</ele>
      <time>2019-08-10T08:15:36Z</time>
    </trkpt>
    <trkpt lat="51.4568798" lon="5.9429879">
      <ele>26.4</ele>
      <time>2019-08-10T08:15:41Z</time>
    </trkpt>
    <trkpt lat="51.4570170" lon="5.9428428">
      <ele>26.0</ele>
      <time>2019-08-10T08:15:44Z</time>
    </trkpt>
    <trkpt lat="51.4572045" lon="5.9426849">
      <ele>25.6</ele>
      <time>2019-08-10T08:15:48Z</time>
    </trkpt>
    <trkpt lat="51.4573905" lon="5.9425592">
      <ele>27.0</ele>
      <time>2019-08-10T08:15:52Z</time>
    </trkpt>
    <trkpt lat="51.4574780" lon="5.9424756">
      <ele>27.6</ele>
      <time>2019-08-10T08:15:54Z</time>
    </trkpt>
    <trkpt lat="51.4577997" lon="5.9421648">
      <ele>28.2</ele>
      <time>2019-08-10T08:16:01Z</time>
    </trkpt>
    <trkpt lat="51.4582975" lon="5.9417950">
      <ele>28.4</ele>
      <time>2019-08-10T08:16:10Z</time>
    </trkpt>
    <trkpt lat="51.4584142" lon="5.9417077">
      <ele>27.8</ele>
      <time>2019-08-10T08:16:12Z</time>
    </trkpt>
    <trkpt lat="51.4584724" lon="5.9416634">
      <ele>27.6</ele>
      <time>2019-08-10T08:16:13Z</time>
    </trkpt>
    <trkpt lat="51.4585317" lon="5.9416204">
      <ele>27.6</ele>
      <time>2019-08-10T08:16:14Z</time>
    </trkpt>
    <trkpt lat="51.4585909" lon="5.9415773">
      <ele>27.6</ele>
      <time>2019-08-10T08:16:15Z</time>
    </trkpt>
    <trkpt lat="51.4587672" lon="5.9414619">
      <ele>27.4</ele>
      <time>2019-08-10T08:16:18Z</time>
    </trkpt>
    <trkpt lat="51.4588834" lon="5.9413951">
      <ele>27.2</ele>
      <time>2019-08-10T08:16:20Z</time>
    </trkpt>
    <trkpt lat="51.4590596" lon="5.9413008">
      <ele>26.6</ele>
      <time>2019-08-10T08:16:23Z</time>
    </trkpt>
    <trkpt lat="51.4595886" lon="5.9410139">
      <ele>26.2</ele>
      <time>2019-08-10T08:16:32Z</time>
    </trkpt>
    <trkpt lat="51.4598225" lon="5.9408879">
      <ele>26.0</ele>
      <time>2019-08-10T08:16:36Z</time>
    </trkpt>
    <trkpt lat="51.4599381" lon="5.9408319">
      <ele>26.4</ele>
      <time>2019-08-10T08:16:38Z</time>
    </trkpt>
    <trkpt lat="51.4604728" lon="5.9405546">
      <ele>26.4</ele>
      <time>2019-08-10T08:16:47Z</time>
    </trkpt>
    <trkpt lat="51.4607185" lon="5.9404254">
      <ele>26.6</ele>
      <time>2019-08-10T08:16:51Z</time>
    </trkpt>
    <trkpt lat="51.4610893" lon="5.9402187">
      <ele>26.0</ele>
      <time>2019-08-10T08:16:57Z</time>
    </trkpt>
    <trkpt lat="51.4616129" lon="5.9399103">
      <ele>28.6</ele>
      <time>2019-08-10T08:17:06Z</time>
    </trkpt>
    <trkpt lat="51.4620911" lon="5.9396456">
      <ele>28.8</ele>
      <time>2019-08-10T08:17:14Z</time>
    </trkpt>
    <trkpt lat="51.4623893" lon="5.9394771">
      <ele>29.0</ele>
      <time>2019-08-10T08:17:19Z</time>
    </trkpt>
    <trkpt lat="51.4628672" lon="5.9392135">
      <ele>27.8</ele>
      <time>2019-08-10T08:17:27Z</time>
    </trkpt>
    <trkpt lat="51.4630985" lon="5.9390838">
      <ele>26.8</ele>
      <time>2019-08-10T08:17:31Z</time>
    </trkpt>
    <trkpt lat="51.4633316" lon="5.9389573">
      <ele>27.0</ele>
      <time>2019-08-10T08:17:35Z</time>
    </trkpt>
    <trkpt lat="51.4636203" lon="5.9387988">
      <ele>26.6</ele>
      <time>2019-08-10T08:17:40Z</time>
    </trkpt>
    <trkpt lat="51.4636795" lon="5.9387657">
      <ele>26.4</ele>
      <time>2019-08-10T08:17:41Z</time>
    </trkpt>
    <trkpt lat="51.4637381" lon="5.9387335">
      <ele>26.2</ele>
      <time>2019-08-10T08:17:42Z</time>
    </trkpt>
    <trkpt lat="51.4637983" lon="5.9387019">
      <ele>26.2</ele>
      <time>2019-08-10T08:17:43Z</time>
    </trkpt>
    <trkpt lat="51.4638595" lon="5.9386675">
      <ele>26.2</ele>
      <time>2019-08-10T08:17:44Z</time>
    </trkpt>
    <trkpt lat="51.4639199" lon="5.9386328">
      <ele>25.8</ele>
      <time>2019-08-10T08:17:45Z</time>
    </trkpt>
    <trkpt lat="51.4641029" lon="5.9385356">
      <ele>25.0</ele>
      <time>2019-08-10T08:17:48Z</time>
    </trkpt>
    <trkpt lat="51.4642833" lon="5.9384316">
      <ele>23.8</ele>
      <time>2019-08-10T08:17:51Z</time>
    </trkpt>
    <trkpt lat="51.4643427" lon="5.9384010">
      <ele>23.8</ele>
      <time>2019-08-10T08:17:52Z</time>
    </trkpt>
    <trkpt lat="51.4644003" lon="5.9383703">
      <ele>23.8</ele>
      <time>2019-08-10T08:17:53Z</time>
    </trkpt>
    <trkpt lat="51.4644576" lon="5.9383366">
      <ele>23.8</ele>
      <time>2019-08-10T08:17:54Z</time>
    </trkpt>
    <trkpt lat="51.4646252" lon="5.9382383">
      <ele>24.6</ele>
      <time>2019-08-10T08:17:57Z</time>
    </trkpt>
    <trkpt lat="51.4647936" lon="5.9381461">
      <ele>24.8</ele>
      <time>2019-08-10T08:18:00Z</time>
    </trkpt>
    <trkpt lat="51.4651409" lon="5.9379679">
      <ele>23.8</ele>
      <time>2019-08-10T08:18:06Z</time>
    </trkpt>
    <trkpt lat="51.4651991" lon="5.9379375">
      <ele>23.6</ele>
      <time>2019-08-10T08:18:07Z</time>
    </trkpt>
    <trkpt lat="51.4656713" lon="5.9376783">
      <ele>24.6</ele>
      <time>2019-08-10T08:18:15Z</time>
    </trkpt>
    <trkpt lat="51.4661957" lon="5.9373919">
      <ele>24.8</ele>
      <time>2019-08-10T08:18:24Z</time>
    </trkpt>
    <trkpt lat="51.4667417" lon="5.9371062">
      <ele>23.6</ele>
      <time>2019-08-10T08:18:33Z</time>
    </trkpt>
    <trkpt lat="51.4670894" lon="5.9369082">
      <ele>25.0</ele>
      <time>2019-08-10T08:18:39Z</time>
    </trkpt>
    <trkpt lat="51.4674089" lon="5.9367876">
      <ele>26.0</ele>
      <time>2019-08-10T08:18:44Z</time>
    </trkpt>
    <trkpt lat="51.4675352" lon="5.9367101">
      <ele>26.6</ele>
      <time>2019-08-10T08:18:46Z</time>
    </trkpt>
    <trkpt lat="51.4679947" lon="5.9362243">
      <ele>27.0</ele>
      <time>2019-08-10T08:18:54Z</time>
    </trkpt>
    <trkpt lat="51.4684524" lon="5.9357291">
      <ele>26.8</ele>
      <time>2019-08-10T08:19:02Z</time>
    </trkpt>
    <trkpt lat="51.4688360" lon="5.9352145">
      <ele>26.8</ele>
      <time>2019-08-10T08:19:09Z</time>
    </trkpt>
    <trkpt lat="51.4689359" lon="5.9350554">
      <ele>26.8</ele>
      <time>2019-08-10T08:19:11Z</time>
    </trkpt>
    <trkpt lat="51.4689851" lon="5.9349749">
      <ele>26.8</ele>
      <time>2019-08-10T08:19:12Z</time>
    </trkpt>
    <trkpt lat="51.4690339" lon="5.9348942">
      <ele>26.8</ele>
      <time>2019-08-10T08:19:13Z</time>
    </trkpt>
    <trkpt lat="51.4690830" lon="5.9348123">
      <ele>26.8</ele>
      <time>2019-08-10T08:19:14Z</time>
    </trkpt>
    <trkpt lat="51.4694575" lon="5.9341397">
      <ele>26.2</ele>
      <time>2019-08-10T08:19:22Z</time>
    </trkpt>
    <trkpt lat="51.4698251" lon="5.9334666">
      <ele>26.6</ele>
      <time>2019-08-10T08:19:30Z</time>
    </trkpt>
    <trkpt lat="51.4701794" lon="5.9328136">
      <ele>27.2</ele>
      <time>2019-08-10T08:19:38Z</time>
    </trkpt>
    <trkpt lat="51.4705713" lon="5.9320912">
      <ele>27.6</ele>
      <time>2019-08-10T08:19:47Z</time>
    </trkpt>
    <trkpt lat="51.4709180" lon="5.9314515">
      <ele>28.2</ele>
      <time>2019-08-10T08:19:55Z</time>
    </trkpt>
    <trkpt lat="51.4711779" lon="5.9309765">
      <ele>28.8</ele>
      <time>2019-08-10T08:20:01Z</time>
    </trkpt>
    <trkpt lat="51.4715633" lon="5.9302734">
      <ele>28.2</ele>
      <time>2019-08-10T08:20:10Z</time>
    </trkpt>
    <trkpt lat="51.4717788" lon="5.9298861">
      <ele>28.4</ele>
      <time>2019-08-10T08:20:15Z</time>
    </trkpt>
    <trkpt lat="51.4720419" lon="5.9294160">
      <ele>27.6</ele>
      <time>2019-08-10T08:20:21Z</time>
    </trkpt>
    <trkpt lat="51.4723455" lon="5.9288860">
      <ele>28.0</ele>
      <time>2019-08-10T08:20:28Z</time>
    </trkpt>
    <trkpt lat="51.4725693" lon="5.9284949">
      <ele>28.0</ele>
      <time>2019-08-10T08:20:33Z</time>
    </trkpt>
    <trkpt lat="51.4727526" lon="5.9282118">
      <ele>27.8</ele>
      <time>2019-08-10T08:20:37Z</time>
    </trkpt>
    <trkpt lat="51.4729054" lon="5.9279404">
      <ele>27.4</ele>
      <time>2019-08-10T08:20:41Z</time>
    </trkpt>
    <trkpt lat="51.4730101" lon="5.9277026">
      <ele>27.4</ele>
      <time>2019-08-10T08:20:44Z</time>
    </trkpt>
    <trkpt lat="51.4732592" lon="5.9272390">
      <ele>27.4</ele>
      <time>2019-08-10T08:20:50Z</time>
    </trkpt>
    <trkpt lat="51.4733839" lon="5.9270073">
      <ele>27.4</ele>
      <time>2019-08-10T08:20:53Z</time>
    </trkpt>
    <trkpt lat="51.4735447" lon="5.9266972">
      <ele>27.6</ele>
      <time>2019-08-10T08:20:57Z</time>
    </trkpt>
    <trkpt lat="51.4736245" lon="5.9265403">
      <ele>27.6</ele>
      <time>2019-08-10T08:20:59Z</time>
    </trkpt>
    <trkpt lat="51.4736662" lon="5.9264621">
      <ele>27.6</ele>
      <time>2019-08-10T08:21:00Z</time>
    </trkpt>
    <trkpt lat="51.4737520" lon="5.9263053">
      <ele>27.6</ele>
      <time>2019-08-10T08:21:02Z</time>
    </trkpt>
    <trkpt lat="51.4741472" lon="5.9255946">
      <ele>28.0</ele>
      <time>2019-08-10T08:21:11Z</time>
    </trkpt>
    <trkpt lat="51.4745118" lon="5.9249349">
      <ele>28.2</ele>
      <time>2019-08-10T08:21:20Z</time>
    </trkpt>
    <trkpt lat="51.4748878" lon="5.9242665">
      <ele>28.4</ele>
      <time>2019-08-10T08:21:29Z</time>
    </trkpt>
    <trkpt lat="51.4752800" lon="5.9235969">
      <ele>27.6</ele>
      <time>2019-08-10T08:21:38Z</time>
    </trkpt>
    <trkpt lat="51.4756441" lon="5.9229381">
      <ele>26.8</ele>
      <time>2019-08-10T08:21:47Z</time>
    </trkpt>
    <trkpt lat="51.4760091" lon="5.9222727">
      <ele>26.6</ele>
      <time>2019-08-10T08:21:56Z</time>
    </trkpt>
    <trkpt lat="51.4763704" lon="5.9216073">
      <ele>27.0</ele>
      <time>2019-08-10T08:22:05Z</time>
    </trkpt>
    <trkpt lat="51.4767294" lon="5.9209471">
      <ele>27.0</ele>
      <time>2019-08-10T08:22:14Z</time>
    </trkpt>
    <trkpt lat="51.4771000" lon="5.9202679">
      <ele>27.2</ele>
      <time>2019-08-10T08:22:23Z</time>
    </trkpt>
    <trkpt lat="51.4774754" lon="5.9195736">
      <ele>27.0</ele>
      <time>2019-08-10T08:22:32Z</time>
    </trkpt>
    <trkpt lat="51.4776447" lon="5.9192618">
      <ele>27.0</ele>
      <time>2019-08-10T08:22:36Z</time>
    </trkpt>
    <trkpt lat="51.4780125" lon="5.9185936">
      <ele>27.0</ele>
      <time>2019-08-10T08:22:45Z</time>
    </trkpt>
    <trkpt lat="51.4783836" lon="5.9179123">
      <ele>27.0</ele>
      <time>2019-08-10T08:22:55Z</time>
    </trkpt>
    <trkpt lat="51.4787875" lon="5.9172256">
      <ele>26.6</ele>
      <time>2019-08-10T08:23:06Z</time>
    </trkpt>
    <trkpt lat="51.4790204" lon="5.9168056">
      <ele>26.2</ele>
      <time>2019-08-10T08:23:13Z</time>
    </trkpt>
    <trkpt lat="51.4793938" lon="5.9161443">
      <ele>26.4</ele>
      <time>2019-08-10T08:23:23Z</time>
    </trkpt>
    <trkpt lat="51.4797607" lon="5.9154854">
      <ele>26.8</ele>
      <time>2019-08-10T08:23:32Z</time>
    </trkpt>
    <trkpt lat="51.4801358" lon="5.9148144">
      <ele>28.2</ele>
      <time>2019-08-10T08:23:41Z</time>
    </trkpt>
    <trkpt lat="51.4805122" lon="5.9140928">
      <ele>28.4</ele>
      <time>2019-08-10T08:23:50Z</time>
    </trkpt>
    <trkpt lat="51.4808797" lon="5.9133826">
      <ele>29.0</ele>
      <time>2019-08-10T08:23:59Z</time>
    </trkpt>
    <trkpt lat="51.4809992" lon="5.9131468">
      <ele>30.0</ele>
      <time>2019-08-10T08:24:02Z</time>
    </trkpt>
    <trkpt lat="51.4810812" lon="5.9129902">
      <ele>30.8</ele>
      <time>2019-08-10T08:24:04Z</time>
    </trkpt>
    <trkpt lat="51.4814712" lon="5.9122863">
      <ele>31.2</ele>
      <time>2019-08-10T08:24:13Z</time>
    </trkpt>
    <trkpt lat="51.4816896" lon="5.9118857">
      <ele>30.8</ele>
      <time>2019-08-10T08:24:18Z</time>
    </trkpt>
    <trkpt lat="51.4820678" lon="5.9111871">
      <ele>30.6</ele>
      <time>2019-08-10T08:24:27Z</time>
    </trkpt>
    <trkpt lat="51.4824384" lon="5.9104831">
      <ele>31.4</ele>
      <time>2019-08-10T08:24:36Z</time>
    </trkpt>
    <trkpt lat="51.4828252" lon="5.9098189">
      <ele>30.2</ele>
      <time>2019-08-10T08:24:45Z</time>
    </trkpt>
    <trkpt lat="51.4832275" lon="5.9091349">
      <ele>29.0</ele>
      <time>2019-08-10T08:24:54Z</time>
    </trkpt>
    <trkpt lat="51.4833178" lon="5.9089775">
      <ele>28.8</ele>
      <time>2019-08-10T08:24:56Z</time>
    </trkpt>
    <trkpt lat="51.4837102" lon="5.9082919">
      <ele>28.4</ele>
      <time>2019-08-10T08:25:05Z</time>
    </trkpt>
    <trkpt lat="51.4839057" lon="5.9079269">
      <ele>28.8</ele>
      <time>2019-08-10T08:25:10Z</time>
    </trkpt>
    <trkpt lat="51.4840566" lon="5.9076255">
      <ele>28.8</ele>
      <time>2019-08-10T08:25:14Z</time>
    </trkpt>
    <trkpt lat="51.4841726" lon="5.9074035">
      <ele>29.0</ele>
      <time>2019-08-10T08:25:17Z</time>
    </trkpt>
    <trkpt lat="51.4842543" lon="5.9072577">
      <ele>29.0</ele>
      <time>2019-08-10T08:25:19Z</time>
    </trkpt>
    <trkpt lat="51.4843343" lon="5.9071123">
      <ele>29.0</ele>
      <time>2019-08-10T08:25:21Z</time>
    </trkpt>
    <trkpt lat="51.4843749" lon="5.9070386">
      <ele>28.8</ele>
      <time>2019-08-10T08:25:22Z</time>
    </trkpt>
    <trkpt lat="51.4844132" lon="5.9069636">
      <ele>28.8</ele>
      <time>2019-08-10T08:25:23Z</time>
    </trkpt>
    <trkpt lat="51.4844564" lon="5.9068894">
      <ele>28.8</ele>
      <time>2019-08-10T08:25:24Z</time>
    </trkpt>
    <trkpt lat="51.4844976" lon="5.9068145">
      <ele>28.6</ele>
      <time>2019-08-10T08:25:25Z</time>
    </trkpt>
    <trkpt lat="51.4845388" lon="5.9067399">
      <ele>28.6</ele>
      <time>2019-08-10T08:25:26Z</time>
    </trkpt>
    <trkpt lat="51.4846258" lon="5.9065907">
      <ele>28.6</ele>
      <time>2019-08-10T08:25:28Z</time>
    </trkpt>
    <trkpt lat="51.4849756" lon="5.9059797">
      <ele>26.8</ele>
      <time>2019-08-10T08:25:36Z</time>
    </trkpt>
    <trkpt lat="51.4850187" lon="5.9059012">
      <ele>26.8</ele>
      <time>2019-08-10T08:25:37Z</time>
    </trkpt>
    <trkpt lat="51.4851100" lon="5.9057463">
      <ele>26.2</ele>
      <time>2019-08-10T08:25:39Z</time>
    </trkpt>
    <trkpt lat="51.4853743" lon="5.9052851">
      <ele>23.8</ele>
      <time>2019-08-10T08:25:45Z</time>
    </trkpt>
    <trkpt lat="51.4855467" lon="5.9049691">
      <ele>23.2</ele>
      <time>2019-08-10T08:25:49Z</time>
    </trkpt>
    <trkpt lat="51.4855915" lon="5.9048884">
      <ele>23.0</ele>
      <time>2019-08-10T08:25:50Z</time>
    </trkpt>
    <trkpt lat="51.4856360" lon="5.9048061">
      <ele>22.6</ele>
      <time>2019-08-10T08:25:51Z</time>
    </trkpt>
    <trkpt lat="51.4860411" lon="5.9041031">
      <ele>21.8</ele>
      <time>2019-08-10T08:26:00Z</time>
    </trkpt>
    <trkpt lat="51.4861788" lon="5.9038725">
      <ele>23.0</ele>
      <time>2019-08-10T08:26:03Z</time>
    </trkpt>
    <trkpt lat="51.4863513" lon="5.9035339">
      <ele>24.4</ele>
      <time>2019-08-10T08:26:07Z</time>
    </trkpt>
    <trkpt lat="51.4865560" lon="5.9031369">
      <ele>26.2</ele>
      <time>2019-08-10T08:26:12Z</time>
    </trkpt>
    <trkpt lat="51.4866399" lon="5.9030003">
      <ele>26.8</ele>
      <time>2019-08-10T08:26:14Z</time>
    </trkpt>
    <trkpt lat="51.4867282" lon="5.9028916">
      <ele>27.8</ele>
      <time>2019-08-10T08:26:16Z</time>
    </trkpt>
    <trkpt lat="51.4867669" lon="5.9028222">
      <ele>28.2</ele>
      <time>2019-08-10T08:26:17Z</time>
    </trkpt>
    <trkpt lat="51.4867979" lon="5.9027418">
      <ele>28.4</ele>
      <time>2019-08-10T08:26:18Z</time>
    </trkpt>
    <trkpt lat="51.4869436" lon="5.9024260">
      <ele>29.0</ele>
      <time>2019-08-10T08:26:22Z</time>
    </trkpt>
    <trkpt lat="51.4872345" lon="5.9018845">
      <ele>28.6</ele>
      <time>2019-08-10T08:26:29Z</time>
    </trkpt>
    <trkpt lat="51.4875950" lon="5.9012080">
      <ele>28.8</ele>
      <time>2019-08-10T08:26:38Z</time>
    </trkpt>
    <trkpt lat="51.4877961" lon="5.9008356">
      <ele>29.0</ele>
      <time>2019-08-10T08:26:43Z</time>
    </trkpt>
    <trkpt lat="51.4881834" lon="5.9001224">
      <ele>29.4</ele>
      <time>2019-08-10T08:26:53Z</time>
    </trkpt>
    <trkpt lat="51.4884499" lon="5.8996508">
      <ele>30.8</ele>
      <time>2019-08-10T08:27:01Z</time>
    </trkpt>
    <trkpt lat="51.4885542" lon="5.8993907">
      <ele>31.0</ele>
      <time>2019-08-10T08:27:05Z</time>
    </trkpt>
    <trkpt lat="51.4889313" lon="5.8987069">
      <ele>29.6</ele>
      <time>2019-08-10T08:27:15Z</time>
    </trkpt>
    <trkpt lat="51.4892929" lon="5.8979876">
      <ele>32.8</ele>
      <time>2019-08-10T08:27:25Z</time>
    </trkpt>
    <trkpt lat="51.4896750" lon="5.8973217">
      <ele>31.0</ele>
      <time>2019-08-10T08:27:36Z</time>
    </trkpt>
    <trkpt lat="51.4900813" lon="5.8966544">
      <ele>29.2</ele>
      <time>2019-08-10T08:27:47Z</time>
    </trkpt>
    <trkpt lat="51.4904534" lon="5.8959887">
      <ele>29.8</ele>
      <time>2019-08-10T08:27:57Z</time>
    </trkpt>
    <trkpt lat="51.4909215" lon="5.8955445">
      <ele>30.4</ele>
      <time>2019-08-10T08:28:06Z</time>
    </trkpt>
    <trkpt lat="51.4913921" lon="5.8952702">
      <ele>34.4</ele>
      <time>2019-08-10T08:28:15Z</time>
    </trkpt>
    <trkpt lat="51.4914750" lon="5.8952658">
      <ele>34.8</ele>
      <time>2019-08-10T08:28:17Z</time>
    </trkpt>
    <trkpt lat="51.4915624" lon="5.8952368">
      <ele>34.2</ele>
      <time>2019-08-10T08:28:19Z</time>
    </trkpt>
    <trkpt lat="51.4916934" lon="5.8951455">
      <ele>32.8</ele>
      <time>2019-08-10T08:28:22Z</time>
    </trkpt>
    <trkpt lat="51.4922398" lon="5.8948630">
      <ele>30.4</ele>
      <time>2019-08-10T08:28:33Z</time>
    </trkpt>
    <trkpt lat="51.4925173" lon="5.8947168">
      <ele>28.4</ele>
      <time>2019-08-10T08:28:38Z</time>
    </trkpt>
    <trkpt lat="51.4928326" lon="5.8945764">
      <ele>27.6</ele>
      <time>2019-08-10T08:28:44Z</time>
    </trkpt>
    <trkpt lat="51.4933602" lon="5.8943353">
      <ele>26.0</ele>
      <time>2019-08-10T08:28:54Z</time>
    </trkpt>
    <trkpt lat="51.4938969" lon="5.8940381">
      <ele>25.6</ele>
      <time>2019-08-10T08:29:03Z</time>
    </trkpt>
    <trkpt lat="51.4944076" lon="5.8937539">
      <ele>24.4</ele>
      <time>2019-08-10T08:29:11Z</time>
    </trkpt>
    <trkpt lat="51.4946685" lon="5.8936373">
      <ele>24.0</ele>
      <time>2019-08-10T08:29:15Z</time>
    </trkpt>
    <trkpt lat="51.4949804" lon="5.8935235">
      <ele>24.6</ele>
      <time>2019-08-10T08:29:20Z</time>
    </trkpt>
    <trkpt lat="51.4952752" lon="5.8933808">
      <ele>26.4</ele>
      <time>2019-08-10T08:29:25Z</time>
    </trkpt>
    <trkpt lat="51.4958193" lon="5.8930719">
      <ele>25.6</ele>
      <time>2019-08-10T08:29:34Z</time>
    </trkpt>
    <trkpt lat="51.4963207" lon="5.8928075">
      <ele>24.0</ele>
      <time>2019-08-10T08:29:42Z</time>
    </trkpt>
    <trkpt lat="51.4968674" lon="5.8926405">
      <ele>24.2</ele>
      <time>2019-08-10T08:29:51Z</time>
    </trkpt>
    <trkpt lat="51.4969723" lon="5.8926491">
      <ele>24.8</ele>
      <time>2019-08-10T08:29:53Z</time>
    </trkpt>
    <trkpt lat="51.4970721" lon="5.8927087">
      <ele>25.0</ele>
      <time>2019-08-10T08:29:55Z</time>
    </trkpt>
    <trkpt lat="51.4971618" lon="5.8927954">
      <ele>25.2</ele>
      <time>2019-08-10T08:29:57Z</time>
    </trkpt>
    <trkpt lat="51.4972681" lon="5.8928747">
      <ele>25.2</ele>
      <time>2019-08-10T08:30:01Z</time>
    </trkpt>
    <trkpt lat="51.4972519" lon="5.8928694">
      <ele>25.4</ele>
      <time>2019-08-10T08:30:05Z</time>
    </trkpt>
    <trkpt lat="51.4973782" lon="5.8913870">
      <ele>24.8</ele>
      <time>2019-08-10T08:33:27Z</time>
    </trkpt>
    <trkpt lat="51.4973400" lon="5.8913229">
      <ele>24.8</ele>
      <time>2019-08-10T08:33:28Z</time>
    </trkpt>
    <trkpt lat="51.4970252" lon="5.8905331">
      <ele>24.6</ele>
      <time>2019-08-10T08:33:38Z</time>
    </trkpt>
    <trkpt lat="51.4968476" lon="5.8897505">
      <ele>24.8</ele>
      <time>2019-08-10T08:33:47Z</time>
    </trkpt>
    <trkpt lat="51.4967974" lon="5.8894829">
      <ele>24.8</ele>
      <time>2019-08-10T08:33:50Z</time>
    </trkpt>
    <trkpt lat="51.4966598" lon="5.8888444">
      <ele>24.2</ele>
      <time>2019-08-10T08:33:57Z</time>
    </trkpt>
    <trkpt lat="51.4965560" lon="5.8883816">
      <ele>23.8</ele>
      <time>2019-08-10T08:34:02Z</time>
    </trkpt>
    <trkpt lat="51.4963678" lon="5.8875696">
      <ele>24.8</ele>
      <time>2019-08-10T08:34:11Z</time>
    </trkpt>
    <trkpt lat="51.4961753" lon="5.8867118">
      <ele>25.2</ele>
      <time>2019-08-10T08:34:23Z</time>
    </trkpt>
    <trkpt lat="51.4960090" lon="5.8858753">
      <ele>24.6</ele>
      <time>2019-08-10T08:34:36Z</time>
    </trkpt>
    <trkpt lat="51.4958432" lon="5.8850179">
      <ele>23.0</ele>
      <time>2019-08-10T08:34:47Z</time>
    </trkpt>
    <trkpt lat="51.4956632" lon="5.8841661">
      <ele>22.6</ele>
      <time>2019-08-10T08:34:57Z</time>
    </trkpt>
    <trkpt lat="51.4955036" lon="5.8832512">
      <ele>22.6</ele>
      <time>2019-08-10T08:35:07Z</time>
    </trkpt>
    <trkpt lat="51.4954021" lon="5.8823753">
      <ele>22.2</ele>
      <time>2019-08-10T08:35:16Z</time>
    </trkpt>
    <trkpt lat="51.4953413" lon="5.8818044">
      <ele>22.0</ele>
      <time>2019-08-10T08:35:22Z</time>
    </trkpt>
    <trkpt lat="51.4952351" lon="5.8808673">
      <ele>22.8</ele>
      <time>2019-08-10T08:35:32Z</time>
    </trkpt>
    <trkpt lat="51.4951473" lon="5.8801963">
      <ele>24.8</ele>
      <time>2019-08-10T08:35:39Z</time>
    </trkpt>
    <trkpt lat="51.4950928" lon="5.8797166">
      <ele>25.6</ele>
      <time>2019-08-10T08:35:44Z</time>
    </trkpt>
    <trkpt lat="51.4950648" lon="5.8794332">
      <ele>25.8</ele>
      <time>2019-08-10T08:35:47Z</time>
    </trkpt>
    <trkpt lat="51.4949643" lon="5.8784999">
      <ele>25.8</ele>
      <time>2019-08-10T08:35:57Z</time>
    </trkpt>
    <trkpt lat="51.4949265" lon="5.8780631">
      <ele>25.2</ele>
      <time>2019-08-10T08:36:02Z</time>
    </trkpt>
    <trkpt lat="51.4948772" lon="5.8775936">
      <ele>25.2</ele>
      <time>2019-08-10T08:36:07Z</time>
    </trkpt>
    <trkpt lat="51.4948429" lon="5.8772152">
      <ele>24.2</ele>
      <time>2019-08-10T08:36:11Z</time>
    </trkpt>
    <trkpt lat="51.4947825" lon="5.8766444">
      <ele>23.4</ele>
      <time>2019-08-10T08:36:17Z</time>
    </trkpt>
    <trkpt lat="51.4947481" lon="5.8763507">
      <ele>23.0</ele>
      <time>2019-08-10T08:36:20Z</time>
    </trkpt>
    <trkpt lat="51.4947115" lon="5.8760502">
      <ele>23.0</ele>
      <time>2019-08-10T08:36:23Z</time>
    </trkpt>
    <trkpt lat="51.4946065" lon="5.8751675">
      <ele>23.4</ele>
      <time>2019-08-10T08:36:32Z</time>
    </trkpt>
    <trkpt lat="51.4945973" lon="5.8750678">
      <ele>23.0</ele>
      <time>2019-08-10T08:36:33Z</time>
    </trkpt>
    <trkpt lat="51.4945503" lon="5.8746046">
      <ele>23.2</ele>
      <time>2019-08-10T08:36:38Z</time>
    </trkpt>
    <trkpt lat="51.4945241" lon="5.8743226">
      <ele>22.4</ele>
      <time>2019-08-10T08:36:41Z</time>
    </trkpt>
    <trkpt lat="51.4945000" lon="5.8735847">
      <ele>23.4</ele>
      <time>2019-08-10T08:36:49Z</time>
    </trkpt>
    <trkpt lat="51.4944448" lon="5.8731165">
      <ele>24.0</ele>
      <time>2019-08-10T08:36:54Z</time>
    </trkpt>
    <trkpt lat="51.4943871" lon="5.8727495">
      <ele>24.6</ele>
      <time>2019-08-10T08:36:58Z</time>
    </trkpt>
    <trkpt lat="51.4943738" lon="5.8726688">
      <ele>24.8</ele>
      <time>2019-08-10T08:36:59Z</time>
    </trkpt>
    <trkpt lat="51.4942546" lon="5.8717562">
      <ele>22.8</ele>
      <time>2019-08-10T08:37:10Z</time>
    </trkpt>
    <trkpt lat="51.4942257" lon="5.8714881">
      <ele>22.8</ele>
      <time>2019-08-10T08:37:13Z</time>
    </trkpt>
    <trkpt lat="51.4941930" lon="5.8712091">
      <ele>22.2</ele>
      <time>2019-08-10T08:37:16Z</time>
    </trkpt>
    <trkpt lat="51.4941818" lon="5.8711177">
      <ele>22.0</ele>
      <time>2019-08-10T08:37:17Z</time>
    </trkpt>
    <trkpt lat="51.4941749" lon="5.8710254">
      <ele>22.2</ele>
      <time>2019-08-10T08:37:18Z</time>
    </trkpt>
    <trkpt lat="51.4940812" lon="5.8701594">
      <ele>23.0</ele>
      <time>2019-08-10T08:37:28Z</time>
    </trkpt>
    <trkpt lat="51.4939781" lon="5.8692651">
      <ele>23.4</ele>
      <time>2019-08-10T08:37:38Z</time>
    </trkpt>
    <trkpt lat="51.4939066" lon="5.8683735">
      <ele>23.4</ele>
      <time>2019-08-10T08:37:48Z</time>
    </trkpt>
    <trkpt lat="51.4938233" lon="5.8675664">
      <ele>23.2</ele>
      <time>2019-08-10T08:37:57Z</time>
    </trkpt>
    <trkpt lat="51.4937218" lon="5.8667399">
      <ele>23.6</ele>
      <time>2019-08-10T08:38:07Z</time>
    </trkpt>
    <trkpt lat="51.4936030" lon="5.8660236">
      <ele>23.2</ele>
      <time>2019-08-10T08:38:16Z</time>
    </trkpt>
    <trkpt lat="51.4934350" lon="5.8651955">
      <ele>21.2</ele>
      <time>2019-08-10T08:38:26Z</time>
    </trkpt>
    <trkpt lat="51.4933682" lon="5.8648247">
      <ele>22.6</ele>
      <time>2019-08-10T08:38:30Z</time>
    </trkpt>
    <trkpt lat="51.4933259" lon="5.8646372">
      <ele>23.8</ele>
      <time>2019-08-10T08:38:32Z</time>
    </trkpt>
    <trkpt lat="51.4931550" lon="5.8639422">
      <ele>27.0</ele>
      <time>2019-08-10T08:38:39Z</time>
    </trkpt>
    <trkpt lat="51.4930596" lon="5.8635604">
      <ele>27.8</ele>
      <time>2019-08-10T08:38:43Z</time>
    </trkpt>
    <trkpt lat="51.4929903" lon="5.8632962">
      <ele>26.4</ele>
      <time>2019-08-10T08:38:46Z</time>
    </trkpt>
    <trkpt lat="51.4927613" lon="5.8624364">
      <ele>22.8</ele>
      <time>2019-08-10T08:38:55Z</time>
    </trkpt>
    <trkpt lat="51.4923900" lon="5.8616885">
      <ele>23.2</ele>
      <time>2019-08-10T08:39:04Z</time>
    </trkpt>
    <trkpt lat="51.4920319" lon="5.8609407">
      <ele>23.6</ele>
      <time>2019-08-10T08:39:13Z</time>
    </trkpt>
    <trkpt lat="51.4916591" lon="5.8602804">
      <ele>25.6</ele>
      <time>2019-08-10T08:39:21Z</time>
    </trkpt>
    <trkpt lat="51.4912997" lon="5.8596034">
      <ele>25.6</ele>
      <time>2019-08-10T08:39:29Z</time>
    </trkpt>
    <trkpt lat="51.4909805" lon="5.8587995">
      <ele>23.0</ele>
      <time>2019-08-10T08:39:38Z</time>
    </trkpt>
    <trkpt lat="51.4906815" lon="5.8580249">
      <ele>22.8</ele>
      <time>2019-08-10T08:39:47Z</time>
    </trkpt>
    <trkpt lat="51.4904560" lon="5.8572685">
      <ele>23.4</ele>
      <time>2019-08-10T08:39:56Z</time>
    </trkpt>
    <trkpt lat="51.4902548" lon="5.8564150">
      <ele>23.0</ele>
      <time>2019-08-10T08:40:05Z</time>
    </trkpt>
    <trkpt lat="51.4900487" lon="5.8556801">
      <ele>22.6</ele>
      <time>2019-08-10T08:40:13Z</time>
    </trkpt>
    <trkpt lat="51.4899521" lon="5.8553233">
      <ele>23.0</ele>
      <time>2019-08-10T08:40:17Z</time>
    </trkpt>
    <trkpt lat="51.4898844" lon="5.8550812">
      <ele>23.4</ele>
      <time>2019-08-10T08:40:20Z</time>
    </trkpt>
    <trkpt lat="51.4897483" lon="5.8545854">
      <ele>23.2</ele>
      <time>2019-08-10T08:40:26Z</time>
    </trkpt>
    <trkpt lat="51.4894729" lon="5.8537510">
      <ele>22.0</ele>
      <time>2019-08-10T08:40:36Z</time>
    </trkpt>
    <trkpt lat="51.4891791" lon="5.8529305">
      <ele>22.0</ele>
      <time>2019-08-10T08:40:46Z</time>
    </trkpt>
    <trkpt lat="51.4888654" lon="5.8521268">
      <ele>22.0</ele>
      <time>2019-08-10T08:40:56Z</time>
    </trkpt>
    <trkpt lat="51.4885727" lon="5.8513974">
      <ele>21.8</ele>
      <time>2019-08-10T08:41:05Z</time>
    </trkpt>
    <trkpt lat="51.4882598" lon="5.8506764">
      <ele>20.6</ele>
      <time>2019-08-10T08:41:14Z</time>
    </trkpt>
    <trkpt lat="51.4879309" lon="5.8499533">
      <ele>19.4</ele>
      <time>2019-08-10T08:41:23Z</time>
    </trkpt>
    <trkpt lat="51.4875892" lon="5.8492250">
      <ele>18.4</ele>
      <time>2019-08-10T08:41:32Z</time>
    </trkpt>
    <trkpt lat="51.4874030" lon="5.8488267">
      <ele>18.2</ele>
      <time>2019-08-10T08:41:37Z</time>
    </trkpt>
    <trkpt lat="51.4871081" lon="5.8482136">
      <ele>19.2</ele>
      <time>2019-08-10T08:41:45Z</time>
    </trkpt>
    <trkpt lat="51.4867658" lon="5.8474501">
      <ele>20.2</ele>
      <time>2019-08-10T08:41:55Z</time>
    </trkpt>
    <trkpt lat="51.4864496" lon="5.8467484">
      <ele>19.4</ele>
      <time>2019-08-10T08:42:04Z</time>
    </trkpt>
    <trkpt lat="51.4861458" lon="5.8460055">
      <ele>18.6</ele>
      <time>2019-08-10T08:42:13Z</time>
    </trkpt>
    <trkpt lat="51.4858090" lon="5.8452654">
      <ele>18.6</ele>
      <time>2019-08-10T08:42:23Z</time>
    </trkpt>
    <trkpt lat="51.4855023" lon="5.8444997">
      <ele>18.4</ele>
      <time>2019-08-10T08:42:34Z</time>
    </trkpt>
    <trkpt lat="51.4851801" lon="5.8437134">
      <ele>21.2</ele>
      <time>2019-08-10T08:42:44Z</time>
    </trkpt>
    <trkpt lat="51.4848230" lon="5.8429684">
      <ele>21.4</ele>
      <time>2019-08-10T08:42:54Z</time>
    </trkpt>
    <trkpt lat="51.4844996" lon="5.8421844">
      <ele>18.8</ele>
      <time>2019-08-10T08:43:04Z</time>
    </trkpt>
    <trkpt lat="51.4842006" lon="5.8414638">
      <ele>19.6</ele>
      <time>2019-08-10T08:43:13Z</time>
    </trkpt>
    <trkpt lat="51.4838656" lon="5.8406742">
      <ele>20.6</ele>
      <time>2019-08-10T08:43:23Z</time>
    </trkpt>
    <trkpt lat="51.4835584" lon="5.8399581">
      <ele>22.2</ele>
      <time>2019-08-10T08:43:32Z</time>
    </trkpt>
    <trkpt lat="51.4832542" lon="5.8391883">
      <ele>21.0</ele>
      <time>2019-08-10T08:43:42Z</time>
    </trkpt>
    <trkpt lat="51.4830678" lon="5.8387463">
      <ele>21.4</ele>
      <time>2019-08-10T08:43:48Z</time>
    </trkpt>
    <trkpt lat="51.4827607" lon="5.8379527">
      <ele>19.0</ele>
      <time>2019-08-10T08:43:58Z</time>
    </trkpt>
    <trkpt lat="51.4824427" lon="5.8371720">
      <ele>15.6</ele>
      <time>2019-08-10T08:44:07Z</time>
    </trkpt>
    <trkpt lat="51.4821036" lon="5.8364166">
      <ele>18.4</ele>
      <time>2019-08-10T08:44:16Z</time>
    </trkpt>
    <trkpt lat="51.4819433" lon="5.8360023">
      <ele>19.4</ele>
      <time>2019-08-10T08:44:21Z</time>
    </trkpt>
    <trkpt lat="51.4816404" lon="5.8352652">
      <ele>19.4</ele>
      <time>2019-08-10T08:44:30Z</time>
    </trkpt>
    <trkpt lat="51.4814131" lon="5.8347562">
      <ele>20.0</ele>
      <time>2019-08-10T08:44:37Z</time>
    </trkpt>
    <trkpt lat="51.4810899" lon="5.8340188">
      <ele>20.4</ele>
      <time>2019-08-10T08:44:50Z</time>
    </trkpt>
    <trkpt lat="51.4808144" lon="5.8333532">
      <ele>17.6</ele>
      <time>2019-08-10T08:45:00Z</time>
    </trkpt>
    <trkpt lat="51.4805361" lon="5.8325745">
      <ele>15.8</ele>
      <time>2019-08-10T08:45:10Z</time>
    </trkpt>
    <trkpt lat="51.4803355" lon="5.8321496">
      <ele>15.4</ele>
      <time>2019-08-10T08:45:16Z</time>
    </trkpt>
    <trkpt lat="51.4802782" lon="5.8319969">
      <ele>14.8</ele>
      <time>2019-08-10T08:45:18Z</time>
    </trkpt>
    <trkpt lat="51.4802469" lon="5.8319215">
      <ele>14.6</ele>
      <time>2019-08-10T08:45:19Z</time>
    </trkpt>
    <trkpt lat="51.4799379" lon="5.8311459">
      <ele>16.8</ele>
      <time>2019-08-10T08:45:29Z</time>
    </trkpt>
    <trkpt lat="51.4798722" lon="5.8309816">
      <ele>18.2</ele>
      <time>2019-08-10T08:45:31Z</time>
    </trkpt>
    <trkpt lat="51.4798420" lon="5.8309012">
      <ele>18.8</ele>
      <time>2019-08-10T08:45:32Z</time>
    </trkpt>
    <trkpt lat="51.4795376" lon="5.8301229">
      <ele>23.4</ele>
      <time>2019-08-10T08:45:42Z</time>
    </trkpt>
    <trkpt lat="51.4792032" lon="5.8293516">
      <ele>25.0</ele>
      <time>2019-08-10T08:45:52Z</time>
    </trkpt>
    <trkpt lat="51.4790923" lon="5.8291164">
      <ele>26.2</ele>
      <time>2019-08-10T08:45:55Z</time>
    </trkpt>
    <trkpt lat="51.4787754" lon="5.8283389">
      <ele>27.2</ele>
      <time>2019-08-10T08:46:05Z</time>
    </trkpt>
    <trkpt lat="51.4784430" lon="5.8275944">
      <ele>25.4</ele>
      <time>2019-08-10T08:46:16Z</time>
    </trkpt>
    <trkpt lat="51.4781788" lon="5.8268083">
      <ele>26.0</ele>
      <time>2019-08-10T08:46:27Z</time>
    </trkpt>
    <trkpt lat="51.4779432" lon="5.8259993">
      <ele>23.8</ele>
      <time>2019-08-10T08:46:37Z</time>
    </trkpt>
    <trkpt lat="51.4776850" lon="5.8251457">
      <ele>22.6</ele>
      <time>2019-08-10T08:46:47Z</time>
    </trkpt>
    <trkpt lat="51.4775949" lon="5.8247992">
      <ele>22.4</ele>
      <time>2019-08-10T08:46:51Z</time>
    </trkpt>
    <trkpt lat="51.4773212" lon="5.8240403">
      <ele>21.4</ele>
      <time>2019-08-10T08:47:01Z</time>
    </trkpt>
    <trkpt lat="51.4772205" lon="5.8237493">
      <ele>21.4</ele>
      <time>2019-08-10T08:47:05Z</time>
    </trkpt>
    <trkpt lat="51.4770050" lon="5.8230696">
      <ele>19.8</ele>
      <time>2019-08-10T08:47:15Z</time>
    </trkpt>
    <trkpt lat="51.4767625" lon="5.8223657">
      <ele>20.8</ele>
      <time>2019-08-10T08:47:26Z</time>
    </trkpt>
    <trkpt lat="51.4766787" lon="5.8221133">
      <ele>21.0</ele>
      <time>2019-08-10T08:47:30Z</time>
    </trkpt>
    <trkpt lat="51.4765595" lon="5.8217760">
      <ele>20.4</ele>
      <time>2019-08-10T08:47:35Z</time>
    </trkpt>
    <trkpt lat="51.4763970" lon="5.8213545">
      <ele>20.0</ele>
      <time>2019-08-10T08:47:41Z</time>
    </trkpt>
    <trkpt lat="51.4761684" lon="5.8207383">
      <ele>19.6</ele>
      <time>2019-08-10T08:47:49Z</time>
    </trkpt>
    <trkpt lat="51.4761387" lon="5.8206559">
      <ele>19.4</ele>
      <time>2019-08-10T08:47:50Z</time>
    </trkpt>
    <trkpt lat="51.4761091" lon="5.8205743">
      <ele>19.4</ele>
      <time>2019-08-10T08:47:51Z</time>
    </trkpt>
    <trkpt lat="51.4760763" lon="5.8204947">
      <ele>19.6</ele>
      <time>2019-08-10T08:47:52Z</time>
    </trkpt>
    <trkpt lat="51.4760440" lon="5.8204152">
      <ele>20.0</ele>
      <time>2019-08-10T08:47:53Z</time>
    </trkpt>
    <trkpt lat="51.4759849" lon="5.8202522">
      <ele>20.6</ele>
      <time>2019-08-10T08:47:55Z</time>
    </trkpt>
    <trkpt lat="51.4759332" lon="5.8200906">
      <ele>21.4</ele>
      <time>2019-08-10T08:47:57Z</time>
    </trkpt>
    <trkpt lat="51.4758213" lon="5.8197635">
      <ele>21.4</ele>
      <time>2019-08-10T08:48:01Z</time>
    </trkpt>
    <trkpt lat="51.4756041" lon="5.8191946">
      <ele>19.6</ele>
      <time>2019-08-10T08:48:08Z</time>
    </trkpt>
    <trkpt lat="51.4755229" lon="5.8189431">
      <ele>19.2</ele>
      <time>2019-08-10T08:48:11Z</time>
    </trkpt>
    <trkpt lat="51.4754875" lon="5.8188613">
      <ele>19.2</ele>
      <time>2019-08-10T08:48:12Z</time>
    </trkpt>
    <trkpt lat="51.4754533" lon="5.8187782">
      <ele>19.4</ele>
      <time>2019-08-10T08:48:13Z</time>
    </trkpt>
    <trkpt lat="51.4753608" lon="5.8185284">
      <ele>20.2</ele>
      <time>2019-08-10T08:48:16Z</time>
    </trkpt>
    <trkpt lat="51.4752658" lon="5.8182874">
      <ele>22.4</ele>
      <time>2019-08-10T08:48:19Z</time>
    </trkpt>
    <trkpt lat="51.4751969" lon="5.8181154">
      <ele>22.6</ele>
      <time>2019-08-10T08:48:21Z</time>
    </trkpt>
    <trkpt lat="51.4750875" lon="5.8178433">
      <ele>22.0</ele>
      <time>2019-08-10T08:48:24Z</time>
    </trkpt>
    <trkpt lat="51.4750164" lon="5.8176638">
      <ele>21.4</ele>
      <time>2019-08-10T08:48:26Z</time>
    </trkpt>
    <trkpt lat="51.4749840" lon="5.8175700">
      <ele>21.2</ele>
      <time>2019-08-10T08:48:27Z</time>
    </trkpt>
    <trkpt lat="51.4749501" lon="5.8174782">
      <ele>21.4</ele>
      <time>2019-08-10T08:48:28Z</time>
    </trkpt>
    <trkpt lat="51.4749155" lon="5.8173907">
      <ele>21.4</ele>
      <time>2019-08-10T08:48:29Z</time>
    </trkpt>
    <trkpt lat="51.4748809" lon="5.8173024">
      <ele>21.4</ele>
      <time>2019-08-10T08:48:30Z</time>
    </trkpt>
    <trkpt lat="51.4748481" lon="5.8172122">
      <ele>21.4</ele>
      <time>2019-08-10T08:48:31Z</time>
    </trkpt>
    <trkpt lat="51.4748116" lon="5.8171256">
      <ele>21.6</ele>
      <time>2019-08-10T08:48:32Z</time>
    </trkpt>
    <trkpt lat="51.4747376" lon="5.8169550">
      <ele>22.6</ele>
      <time>2019-08-10T08:48:34Z</time>
    </trkpt>
    <trkpt lat="51.4745947" lon="5.8166235">
      <ele>25.0</ele>
      <time>2019-08-10T08:48:38Z</time>
    </trkpt>
    <trkpt lat="51.4744659" lon="5.8161953">
      <ele>25.2</ele>
      <time>2019-08-10T08:48:43Z</time>
    </trkpt>
    <trkpt lat="51.4744047" lon="5.8160162">
      <ele>25.6</ele>
      <time>2019-08-10T08:48:45Z</time>
    </trkpt>
    <trkpt lat="51.4743382" lon="5.8158310">
      <ele>24.4</ele>
      <time>2019-08-10T08:48:47Z</time>
    </trkpt>
    <trkpt lat="51.4740939" lon="5.8150378">
      <ele>23.6</ele>
      <time>2019-08-10T08:48:56Z</time>
    </trkpt>
    <trkpt lat="51.4738834" lon="5.8143400">
      <ele>22.8</ele>
      <time>2019-08-10T08:49:04Z</time>
    </trkpt>
    <trkpt lat="51.4736667" lon="5.8135285">
      <ele>22.4</ele>
      <time>2019-08-10T08:49:15Z</time>
    </trkpt>
    <trkpt lat="51.4736349" lon="5.8133849">
      <ele>23.8</ele>
      <time>2019-08-10T08:49:20Z</time>
    </trkpt>
    <trkpt lat="51.4736306" lon="5.8133696">
      <ele>24.0</ele>
      <time>2019-08-10T08:49:22Z</time>
    </trkpt>
    <trkpt lat="51.4736225" lon="5.8131300">
      <ele>24.2</ele>
      <time>2019-08-10T09:11:56Z</time>
    </trkpt>
    <trkpt lat="51.4736035" lon="5.8131082">
      <ele>24.4</ele>
      <time>2019-08-10T09:12:00Z</time>
    </trkpt>
    <trkpt lat="51.4735869" lon="5.8130617">
      <ele>24.6</ele>
      <time>2019-08-10T09:12:02Z</time>
    </trkpt>
    <trkpt lat="51.4735089" lon="5.8127760">
      <ele>24.8</ele>
      <time>2019-08-10T09:12:09Z</time>
    </trkpt>
    <trkpt lat="51.4734008" lon="5.8123686">
      <ele>25.4</ele>
      <time>2019-08-10T09:12:17Z</time>
    </trkpt>
    <trkpt lat="51.4733259" lon="5.8120127">
      <ele>26.4</ele>
      <time>2019-08-10T09:12:23Z</time>
    </trkpt>
    <trkpt lat="51.4732970" lon="5.8118844">
      <ele>26.6</ele>
      <time>2019-08-10T09:12:25Z</time>
    </trkpt>
    <trkpt lat="51.4732468" lon="5.8116113">
      <ele>27.2</ele>
      <time>2019-08-10T09:12:29Z</time>
    </trkpt>
    <trkpt lat="51.4731879" lon="5.8112818">
      <ele>27.8</ele>
      <time>2019-08-10T09:12:34Z</time>
    </trkpt>
    <trkpt lat="51.4731613" lon="5.8111371">
      <ele>27.6</ele>
      <time>2019-08-10T09:12:36Z</time>
    </trkpt>
    <trkpt lat="51.4730920" lon="5.8106993">
      <ele>27.8</ele>
      <time>2019-08-10T09:12:42Z</time>
    </trkpt>
    <trkpt lat="51.4730515" lon="5.8104633">
      <ele>28.0</ele>
      <time>2019-08-10T09:12:45Z</time>
    </trkpt>
    <trkpt lat="51.4730348" lon="5.8103876">
      <ele>28.2</ele>
      <time>2019-08-10T09:12:46Z</time>
    </trkpt>
    <trkpt lat="51.4730176" lon="5.8103116">
      <ele>28.2</ele>
      <time>2019-08-10T09:12:47Z</time>
    </trkpt>
    <trkpt lat="51.4730001" lon="5.8102327">
      <ele>28.4</ele>
      <time>2019-08-10T09:12:48Z</time>
    </trkpt>
    <trkpt lat="51.4729837" lon="5.8101537">
      <ele>28.4</ele>
      <time>2019-08-10T09:12:49Z</time>
    </trkpt>
    <trkpt lat="51.4729536" lon="5.8099861">
      <ele>28.6</ele>
      <time>2019-08-10T09:12:51Z</time>
    </trkpt>
    <trkpt lat="51.4729237" lon="5.8098143">
      <ele>28.8</ele>
      <time>2019-08-10T09:12:53Z</time>
    </trkpt>
    <trkpt lat="51.4727635" lon="5.8089804">
      <ele>29.4</ele>
      <time>2019-08-10T09:13:03Z</time>
    </trkpt>
    <trkpt lat="51.4727109" lon="5.8086759">
      <ele>29.6</ele>
      <time>2019-08-10T09:13:07Z</time>
    </trkpt>
    <trkpt lat="51.4726583" lon="5.8083747">
      <ele>29.4</ele>
      <time>2019-08-10T09:13:11Z</time>
    </trkpt>
    <trkpt lat="51.4725944" lon="5.8080231">
      <ele>29.2</ele>
      <time>2019-08-10T09:13:16Z</time>
    </trkpt>
    <trkpt lat="51.4725144" lon="5.8076106">
      <ele>29.2</ele>
      <time>2019-08-10T09:13:22Z</time>
    </trkpt>
    <trkpt lat="51.4724641" lon="5.8073242">
      <ele>29.0</ele>
      <time>2019-08-10T09:13:26Z</time>
    </trkpt>
    <trkpt lat="51.4724168" lon="5.8070277">
      <ele>28.6</ele>
      <time>2019-08-10T09:13:30Z</time>
    </trkpt>
    <trkpt lat="51.4723671" lon="5.8063206">
      <ele>27.4</ele>
      <time>2019-08-10T09:13:40Z</time>
    </trkpt>
    <trkpt lat="51.4723594" lon="5.8062538">
      <ele>27.2</ele>
      <time>2019-08-10T09:13:41Z</time>
    </trkpt>
    <trkpt lat="51.4723499" lon="5.8061893">
      <ele>27.2</ele>
      <time>2019-08-10T09:13:42Z</time>
    </trkpt>
    <trkpt lat="51.4723124" lon="5.8059360">
      <ele>27.0</ele>
      <time>2019-08-10T09:13:46Z</time>
    </trkpt>
    <trkpt lat="51.4723096" lon="5.8057537">
      <ele>26.8</ele>
      <time>2019-08-10T09:13:49Z</time>
    </trkpt>
    <trkpt lat="51.4723245" lon="5.8056556">
      <ele>26.8</ele>
      <time>2019-08-10T09:13:51Z</time>
    </trkpt>
    <trkpt lat="51.4724958" lon="5.8050172">
      <ele>27.0</ele>
      <time>2019-08-10T09:14:04Z</time>
    </trkpt>
    <trkpt lat="51.4725952" lon="5.8041468">
      <ele>26.2</ele>
      <time>2019-08-10T09:14:21Z</time>
    </trkpt>
    <trkpt lat="51.4725573" lon="5.8035767">
      <ele>26.6</ele>
      <time>2019-08-10T09:14:30Z</time>
    </trkpt>
    <trkpt lat="51.4730615" lon="5.8032256">
      <ele>27.8</ele>
      <time>2019-08-10T09:14:43Z</time>
    </trkpt>
    <trkpt lat="51.4736043" lon="5.8028882">
      <ele>27.6</ele>
      <time>2019-08-10T09:14:53Z</time>
    </trkpt>
    <trkpt lat="51.4741405" lon="5.8025690">
      <ele>26.6</ele>
      <time>2019-08-10T09:15:02Z</time>
    </trkpt>
    <trkpt lat="51.4742611" lon="5.8024990">
      <ele>26.8</ele>
      <time>2019-08-10T09:15:04Z</time>
    </trkpt>
    <trkpt lat="51.4747918" lon="5.8021936">
      <ele>27.4</ele>
      <time>2019-08-10T09:15:14Z</time>
    </trkpt>
    <trkpt lat="51.4753225" lon="5.8019447">
      <ele>27.6</ele>
      <time>2019-08-10T09:15:23Z</time>
    </trkpt>
    <trkpt lat="51.4756623" lon="5.8017324">
      <ele>27.2</ele>
      <time>2019-08-10T09:15:29Z</time>
    </trkpt>
    <trkpt lat="51.4760192" lon="5.8015531">
      <ele>27.6</ele>
      <time>2019-08-10T09:15:35Z</time>
    </trkpt>
    <trkpt lat="51.4761831" lon="5.8014349">
      <ele>27.4</ele>
      <time>2019-08-10T09:15:38Z</time>
    </trkpt>
    <trkpt lat="51.4765732" lon="5.8011761">
      <ele>27.4</ele>
      <time>2019-08-10T09:15:45Z</time>
    </trkpt>
    <trkpt lat="51.4766341" lon="5.8011422">
      <ele>27.4</ele>
      <time>2019-08-10T09:15:46Z</time>
    </trkpt>
    <trkpt lat="51.4767567" lon="5.8010707">
      <ele>27.4</ele>
      <time>2019-08-10T09:15:48Z</time>
    </trkpt>
    <trkpt lat="51.4768173" lon="5.8010329">
      <ele>27.4</ele>
      <time>2019-08-10T09:15:49Z</time>
    </trkpt>
    <trkpt lat="51.4768781" lon="5.8009943">
      <ele>27.4</ele>
      <time>2019-08-10T09:15:50Z</time>
    </trkpt>
    <trkpt lat="51.4769391" lon="5.8009544">
      <ele>27.4</ele>
      <time>2019-08-10T09:15:51Z</time>
    </trkpt>
    <trkpt lat="51.4772401" lon="5.8007641">
      <ele>27.4</ele>
      <time>2019-08-10T09:15:56Z</time>
    </trkpt>
    <trkpt lat="51.4777917" lon="5.8004356">
      <ele>26.8</ele>
      <time>2019-08-10T09:16:06Z</time>
    </trkpt>
    <trkpt lat="51.4780778" lon="5.8002648">
      <ele>25.8</ele>
      <time>2019-08-10T09:16:11Z</time>
    </trkpt>
    <trkpt lat="51.4784111" lon="5.8000477">
      <ele>24.2</ele>
      <time>2019-08-10T09:16:17Z</time>
    </trkpt>
    <trkpt lat="51.4785852" lon="5.7999364">
      <ele>24.6</ele>
      <time>2019-08-10T09:16:20Z</time>
    </trkpt>
    <trkpt lat="51.4789085" lon="5.7997603">
      <ele>24.4</ele>
      <time>2019-08-10T09:16:25Z</time>
    </trkpt>
    <trkpt lat="51.4794648" lon="5.7994304">
      <ele>23.6</ele>
      <time>2019-08-10T09:16:34Z</time>
    </trkpt>
    <trkpt lat="51.4797623" lon="5.7992422">
      <ele>23.2</ele>
      <time>2019-08-10T09:16:39Z</time>
    </trkpt>
    <trkpt lat="51.4799365" lon="5.7991420">
      <ele>24.4</ele>
      <time>2019-08-10T09:16:42Z</time>
    </trkpt>
    <trkpt lat="51.4801206" lon="5.7990283">
      <ele>24.6</ele>
      <time>2019-08-10T09:16:45Z</time>
    </trkpt>
    <trkpt lat="51.4806686" lon="5.7987470">
      <ele>22.8</ele>
      <time>2019-08-10T09:16:54Z</time>
    </trkpt>
    <trkpt lat="51.4809617" lon="5.7985725">
      <ele>22.8</ele>
      <time>2019-08-10T09:16:59Z</time>
    </trkpt>
    <trkpt lat="51.4811785" lon="5.7983854">
      <ele>23.4</ele>
      <time>2019-08-10T09:17:06Z</time>
    </trkpt>
    <trkpt lat="51.4810765" lon="5.7980359">
      <ele>25.6</ele>
      <time>2019-08-10T09:17:14Z</time>
    </trkpt>
    <trkpt lat="51.4810537" lon="5.7979708">
      <ele>26.2</ele>
      <time>2019-08-10T09:17:15Z</time>
    </trkpt>
    <trkpt lat="51.4810243" lon="5.7979038">
      <ele>26.8</ele>
      <time>2019-08-10T09:17:16Z</time>
    </trkpt>
    <trkpt lat="51.4807555" lon="5.7971374">
      <ele>27.8</ele>
      <time>2019-08-10T09:17:27Z</time>
    </trkpt>
    <trkpt lat="51.4804821" lon="5.7963467">
      <ele>27.8</ele>
      <time>2019-08-10T09:17:38Z</time>
    </trkpt>
    <trkpt lat="51.4802722" lon="5.7958495">
      <ele>29.4</ele>
      <time>2019-08-10T09:17:45Z</time>
    </trkpt>
    <trkpt lat="51.4799509" lon="5.7951603">
      <ele>28.8</ele>
      <time>2019-08-10T09:17:55Z</time>
    </trkpt>
    <trkpt lat="51.4799217" lon="5.7949992">
      <ele>29.0</ele>
      <time>2019-08-10T09:17:57Z</time>
    </trkpt>
    <trkpt lat="51.4799461" lon="5.7947455">
      <ele>28.6</ele>
      <time>2019-08-10T09:18:00Z</time>
    </trkpt>
    <trkpt lat="51.4799575" lon="5.7946605">
      <ele>28.4</ele>
      <time>2019-08-10T09:18:01Z</time>
    </trkpt>
    <trkpt lat="51.4799685" lon="5.7945741">
      <ele>28.4</ele>
      <time>2019-08-10T09:18:02Z</time>
    </trkpt>
    <trkpt lat="51.4799923" lon="5.7944042">
      <ele>28.2</ele>
      <time>2019-08-10T09:18:04Z</time>
    </trkpt>
    <trkpt lat="51.4800446" lon="5.7938857">
      <ele>26.8</ele>
      <time>2019-08-10T09:18:10Z</time>
    </trkpt>
    <trkpt lat="51.4800721" lon="5.7936286">
      <ele>26.2</ele>
      <time>2019-08-10T09:18:13Z</time>
    </trkpt>
    <trkpt lat="51.4801134" lon="5.7933061">
      <ele>26.2</ele>
      <time>2019-08-10T09:18:17Z</time>
    </trkpt>
    <trkpt lat="51.4801570" lon="5.7929657">
      <ele>24.4</ele>
      <time>2019-08-10T09:18:21Z</time>
    </trkpt>
    <trkpt lat="51.4801671" lon="5.7928796">
      <ele>24.2</ele>
      <time>2019-08-10T09:18:22Z</time>
    </trkpt>
    <trkpt lat="51.4801840" lon="5.7927126">
      <ele>23.8</ele>
      <time>2019-08-10T09:18:24Z</time>
    </trkpt>
    <trkpt lat="51.4802152" lon="5.7923987">
      <ele>23.2</ele>
      <time>2019-08-10T09:18:28Z</time>
    </trkpt>
    <trkpt lat="51.4802094" lon="5.7923247">
      <ele>23.2</ele>
      <time>2019-08-10T09:18:29Z</time>
    </trkpt>
    <trkpt lat="51.4801528" lon="5.7921981">
      <ele>23.2</ele>
      <time>2019-08-10T09:18:31Z</time>
    </trkpt>
    <trkpt lat="51.4800552" lon="5.7920999">
      <ele>22.4</ele>
      <time>2019-08-10T09:18:33Z</time>
    </trkpt>
    <trkpt lat="51.4796145" lon="5.7916828">
      <ele>22.2</ele>
      <time>2019-08-10T09:18:43Z</time>
    </trkpt>
    <trkpt lat="51.4796135" lon="5.7915754">
      <ele>23.8</ele>
      <time>2019-08-10T09:18:45Z</time>
    </trkpt>
    <trkpt lat="51.4797603" lon="5.7910512">
      <ele>24.0</ele>
      <time>2019-08-10T09:18:53Z</time>
    </trkpt>
    <trkpt lat="51.4798328" lon="5.7907562">
      <ele>24.0</ele>
      <time>2019-08-10T09:18:57Z</time>
    </trkpt>
    <trkpt lat="51.4798801" lon="5.7902776">
      <ele>24.4</ele>
      <time>2019-08-10T09:19:03Z</time>
    </trkpt>
    <trkpt lat="51.4798840" lon="5.7901951">
      <ele>24.4</ele>
      <time>2019-08-10T09:19:04Z</time>
    </trkpt>
    <trkpt lat="51.4798872" lon="5.7901113">
      <ele>24.2</ele>
      <time>2019-08-10T09:19:05Z</time>
    </trkpt>
    <trkpt lat="51.4799119" lon="5.7893430">
      <ele>22.8</ele>
      <time>2019-08-10T09:19:14Z</time>
    </trkpt>
    <trkpt lat="51.4798752" lon="5.7889349">
      <ele>23.2</ele>
      <time>2019-08-10T09:19:19Z</time>
    </trkpt>
    <trkpt lat="51.4798143" lon="5.7887033">
      <ele>23.6</ele>
      <time>2019-08-10T09:19:22Z</time>
    </trkpt>
    <trkpt lat="51.4797731" lon="5.7885495">
      <ele>23.2</ele>
      <time>2019-08-10T09:19:24Z</time>
    </trkpt>
    <trkpt lat="51.4797157" lon="5.7883305">
      <ele>22.8</ele>
      <time>2019-08-10T09:19:27Z</time>
    </trkpt>
    <trkpt lat="51.4796972" lon="5.7882634">
      <ele>23.0</ele>
      <time>2019-08-10T09:19:28Z</time>
    </trkpt>
    <trkpt lat="51.4796626" lon="5.7881226">
      <ele>22.6</ele>
      <time>2019-08-10T09:19:30Z</time>
    </trkpt>
    <trkpt lat="51.4794768" lon="5.7872512">
      <ele>21.0</ele>
      <time>2019-08-10T09:19:42Z</time>
    </trkpt>
    <trkpt lat="51.4794424" lon="5.7871177">
      <ele>20.6</ele>
      <time>2019-08-10T09:19:44Z</time>
    </trkpt>
    <trkpt lat="51.4793512" lon="5.7867810">
      <ele>19.8</ele>
      <time>2019-08-10T09:19:49Z</time>
    </trkpt>
    <trkpt lat="51.4792507" lon="5.7863182">
      <ele>21.6</ele>
      <time>2019-08-10T09:19:56Z</time>
    </trkpt>
    <trkpt lat="51.4791467" lon="5.7856766">
      <ele>20.4</ele>
      <time>2019-08-10T09:20:05Z</time>
    </trkpt>
    <trkpt lat="51.4791233" lon="5.7855512">
      <ele>20.8</ele>
      <time>2019-08-10T09:20:07Z</time>
    </trkpt>
    <trkpt lat="51.4790770" lon="5.7851798">
      <ele>20.4</ele>
      <time>2019-08-10T09:20:12Z</time>
    </trkpt>
    <trkpt lat="51.4789988" lon="5.7846348">
      <ele>20.0</ele>
      <time>2019-08-10T09:20:19Z</time>
    </trkpt>
    <trkpt lat="51.4789116" lon="5.7840288">
      <ele>20.2</ele>
      <time>2019-08-10T09:20:27Z</time>
    </trkpt>
    <trkpt lat="51.4788152" lon="5.7833183">
      <ele>20.4</ele>
      <time>2019-08-10T09:20:36Z</time>
    </trkpt>
    <trkpt lat="51.4786885" lon="5.7824890">
      <ele>21.0</ele>
      <time>2019-08-10T09:20:47Z</time>
    </trkpt>
    <trkpt lat="51.4785762" lon="5.7818552">
      <ele>22.0</ele>
      <time>2019-08-10T09:20:57Z</time>
    </trkpt>
    <trkpt lat="51.4785987" lon="5.7817367">
      <ele>23.0</ele>
      <time>2019-08-10T09:20:59Z</time>
    </trkpt>
    <trkpt lat="51.4790273" lon="5.7811801">
      <ele>21.8</ele>
      <time>2019-08-10T09:21:09Z</time>
    </trkpt>
    <trkpt lat="51.4794784" lon="5.7806627">
      <ele>21.8</ele>
      <time>2019-08-10T09:21:19Z</time>
    </trkpt>
    <trkpt lat="51.4796655" lon="5.7804241">
      <ele>21.4</ele>
      <time>2019-08-10T09:21:23Z</time>
    </trkpt>
    <trkpt lat="51.4797122" lon="5.7803662">
      <ele>21.2</ele>
      <time>2019-08-10T09:21:24Z</time>
    </trkpt>
    <trkpt lat="51.4798069" lon="5.7802524">
      <ele>21.0</ele>
      <time>2019-08-10T09:21:26Z</time>
    </trkpt>
    <trkpt lat="51.4799975" lon="5.7800198">
      <ele>20.6</ele>
      <time>2019-08-10T09:21:30Z</time>
    </trkpt>
    <trkpt lat="51.4804346" lon="5.7795020">
      <ele>20.2</ele>
      <time>2019-08-10T09:21:39Z</time>
    </trkpt>
    <trkpt lat="51.4808721" lon="5.7789489">
      <ele>20.2</ele>
      <time>2019-08-10T09:21:48Z</time>
    </trkpt>
    <trkpt lat="51.4809629" lon="5.7788398">
      <ele>20.4</ele>
      <time>2019-08-10T09:21:50Z</time>
    </trkpt>
    <trkpt lat="51.4811792" lon="5.7785748">
      <ele>20.8</ele>
      <time>2019-08-10T09:21:55Z</time>
    </trkpt>
    <trkpt lat="51.4812192" lon="5.7785208">
      <ele>21.2</ele>
      <time>2019-08-10T09:21:56Z</time>
    </trkpt>
    <trkpt lat="51.4813471" lon="5.7783649">
      <ele>21.4</ele>
      <time>2019-08-10T09:21:59Z</time>
    </trkpt>
    <trkpt lat="51.4816060" lon="5.7780428">
      <ele>21.0</ele>
      <time>2019-08-10T09:22:05Z</time>
    </trkpt>
    <trkpt lat="51.4819995" lon="5.7775506">
      <ele>20.0</ele>
      <time>2019-08-10T09:22:14Z</time>
    </trkpt>
    <trkpt lat="51.4820444" lon="5.7774934">
      <ele>19.6</ele>
      <time>2019-08-10T09:22:15Z</time>
    </trkpt>
    <trkpt lat="51.4824503" lon="5.7769623">
      <ele>20.4</ele>
      <time>2019-08-10T09:22:24Z</time>
    </trkpt>
    <trkpt lat="51.4825456" lon="5.7768425">
      <ele>20.2</ele>
      <time>2019-08-10T09:22:26Z</time>
    </trkpt>
    <trkpt lat="51.4825900" lon="5.7767825">
      <ele>20.4</ele>
      <time>2019-08-10T09:22:27Z</time>
    </trkpt>
    <trkpt lat="51.4829584" lon="5.7763200">
      <ele>19.6</ele>
      <time>2019-08-10T09:22:35Z</time>
    </trkpt>
    <trkpt lat="51.4830408" lon="5.7761983">
      <ele>19.6</ele>
      <time>2019-08-10T09:22:37Z</time>
    </trkpt>
    <trkpt lat="51.4832934" lon="5.7758602">
      <ele>20.4</ele>
      <time>2019-08-10T09:22:43Z</time>
    </trkpt>
    <trkpt lat="51.4833853" lon="5.7757415">
      <ele>20.0</ele>
      <time>2019-08-10T09:22:45Z</time>
    </trkpt>
    <trkpt lat="51.4836531" lon="5.7753786">
      <ele>19.0</ele>
      <time>2019-08-10T09:22:51Z</time>
    </trkpt>
    <trkpt lat="51.4836946" lon="5.7753212">
      <ele>19.0</ele>
      <time>2019-08-10T09:22:52Z</time>
    </trkpt>
    <trkpt lat="51.4838060" lon="5.7751605">
      <ele>19.6</ele>
      <time>2019-08-10T09:22:55Z</time>
    </trkpt>
    <trkpt lat="51.4841042" lon="5.7747663">
      <ele>19.4</ele>
      <time>2019-08-10T09:23:03Z</time>
    </trkpt>
    <trkpt lat="51.4841829" lon="5.7746684">
      <ele>19.2</ele>
      <time>2019-08-10T09:23:05Z</time>
    </trkpt>
    <trkpt lat="51.4846082" lon="5.7741096">
      <ele>19.4</ele>
      <time>2019-08-10T09:23:16Z</time>
    </trkpt>
    <trkpt lat="51.4850460" lon="5.7735305">
      <ele>20.6</ele>
      <time>2019-08-10T09:23:26Z</time>
    </trkpt>
    <trkpt lat="51.4853286" lon="5.7731677">
      <ele>19.6</ele>
      <time>2019-08-10T09:23:32Z</time>
    </trkpt>
    <trkpt lat="51.4855242" lon="5.7729242">
      <ele>19.6</ele>
      <time>2019-08-10T09:23:36Z</time>
    </trkpt>
    <trkpt lat="51.4855722" lon="5.7728647">
      <ele>19.8</ele>
      <time>2019-08-10T09:23:37Z</time>
    </trkpt>
    <trkpt lat="51.4856193" lon="5.7728039">
      <ele>20.0</ele>
      <time>2019-08-10T09:23:38Z</time>
    </trkpt>
    <trkpt lat="51.4856690" lon="5.7727492">
      <ele>19.8</ele>
      <time>2019-08-10T09:23:39Z</time>
    </trkpt>
    <trkpt lat="51.4857167" lon="5.7726947">
      <ele>20.0</ele>
      <time>2019-08-10T09:23:40Z</time>
    </trkpt>
    <trkpt lat="51.4857657" lon="5.7726378">
      <ele>19.8</ele>
      <time>2019-08-10T09:23:41Z</time>
    </trkpt>
    <trkpt lat="51.4861984" lon="5.7721212">
      <ele>17.6</ele>
      <time>2019-08-10T09:23:50Z</time>
    </trkpt>
    <trkpt lat="51.4863904" lon="5.7718909">
      <ele>17.4</ele>
      <time>2019-08-10T09:23:54Z</time>
    </trkpt>
    <trkpt lat="51.4865742" lon="5.7716514">
      <ele>16.8</ele>
      <time>2019-08-10T09:23:58Z</time>
    </trkpt>
    <trkpt lat="51.4868000" lon="5.7713574">
      <ele>17.6</ele>
      <time>2019-08-10T09:24:03Z</time>
    </trkpt>
    <trkpt lat="51.4868447" lon="5.7712959">
      <ele>17.8</ele>
      <time>2019-08-10T09:24:04Z</time>
    </trkpt>
    <trkpt lat="51.4868906" lon="5.7712377">
      <ele>18.2</ele>
      <time>2019-08-10T09:24:05Z</time>
    </trkpt>
    <trkpt lat="51.4871171" lon="5.7709346">
      <ele>19.0</ele>
      <time>2019-08-10T09:24:10Z</time>
    </trkpt>
    <trkpt lat="51.4875423" lon="5.7703908">
      <ele>19.0</ele>
      <time>2019-08-10T09:24:19Z</time>
    </trkpt>
    <trkpt lat="51.4876349" lon="5.7702731">
      <ele>19.0</ele>
      <time>2019-08-10T09:24:21Z</time>
    </trkpt>
    <trkpt lat="51.4876825" lon="5.7702143">
      <ele>19.2</ele>
      <time>2019-08-10T09:24:22Z</time>
    </trkpt>
    <trkpt lat="51.4877288" lon="5.7701529">
      <ele>19.2</ele>
      <time>2019-08-10T09:24:23Z</time>
    </trkpt>
    <trkpt lat="51.4880511" lon="5.7697403">
      <ele>20.0</ele>
      <time>2019-08-10T09:24:30Z</time>
    </trkpt>
    <trkpt lat="51.4885000" lon="5.7691487">
      <ele>19.8</ele>
      <time>2019-08-10T09:24:40Z</time>
    </trkpt>
    <trkpt lat="51.4889306" lon="5.7685963">
      <ele>19.6</ele>
      <time>2019-08-10T09:24:49Z</time>
    </trkpt>
    <trkpt lat="51.4893623" lon="5.7680759">
      <ele>20.0</ele>
      <time>2019-08-10T09:24:58Z</time>
    </trkpt>
    <trkpt lat="51.4895422" lon="5.7678482">
      <ele>21.0</ele>
      <time>2019-08-10T09:25:02Z</time>
    </trkpt>
    <trkpt lat="51.4898758" lon="5.7673776">
      <ele>20.8</ele>
      <time>2019-08-10T09:25:12Z</time>
    </trkpt>
    <trkpt lat="51.4914661" lon="5.7648213">
      <ele>10.8</ele>
      <time>2019-08-10T09:26:08Z</time>
    </trkpt>
    <trkpt lat="51.4914943" lon="5.7647619">
      <ele>11.2</ele>
      <time>2019-08-10T09:26:09Z</time>
    </trkpt>
    <trkpt lat="51.4916957" lon="5.7643187">
      <ele>11.4</ele>
      <time>2019-08-10T09:26:16Z</time>
    </trkpt>
    <trkpt lat="51.4917888" lon="5.7641029">
      <ele>12.0</ele>
      <time>2019-08-10T09:26:19Z</time>
    </trkpt>
    <trkpt lat="51.4919812" lon="5.7636728">
      <ele>13.6</ele>
      <time>2019-08-10T09:26:25Z</time>
    </trkpt>
    <trkpt lat="51.4921226" lon="5.7633939">
      <ele>15.2</ele>
      <time>2019-08-10T09:26:29Z</time>
    </trkpt>
    <trkpt lat="51.4924129" lon="5.7627387">
      <ele>19.0</ele>
      <time>2019-08-10T09:26:38Z</time>
    </trkpt>
    <trkpt lat="51.4926104" lon="5.7622780">
      <ele>20.6</ele>
      <time>2019-08-10T09:26:44Z</time>
    </trkpt>
    <trkpt lat="51.4928053" lon="5.7618295">
      <ele>21.0</ele>
      <time>2019-08-10T09:26:50Z</time>
    </trkpt>
    <trkpt lat="51.4928322" lon="5.7617493">
      <ele>21.2</ele>
      <time>2019-08-10T09:26:51Z</time>
    </trkpt>
    <trkpt lat="51.4928636" lon="5.7616736">
      <ele>21.2</ele>
      <time>2019-08-10T09:26:52Z</time>
    </trkpt>
    <trkpt lat="51.4931508" lon="5.7610571">
      <ele>22.2</ele>
      <time>2019-08-10T09:27:01Z</time>
    </trkpt>
    <trkpt lat="51.4931851" lon="5.7609859">
      <ele>21.8</ele>
      <time>2019-08-10T09:27:02Z</time>
    </trkpt>
    <trkpt lat="51.4932183" lon="5.7609173">
      <ele>21.6</ele>
      <time>2019-08-10T09:27:03Z</time>
    </trkpt>
    <trkpt lat="51.4934621" lon="5.7603890">
      <ele>21.8</ele>
      <time>2019-08-10T09:27:10Z</time>
    </trkpt>
    <trkpt lat="51.4937717" lon="5.7596723">
      <ele>20.6</ele>
      <time>2019-08-10T09:27:19Z</time>
    </trkpt>
    <trkpt lat="51.4940964" lon="5.7590142">
      <ele>19.0</ele>
      <time>2019-08-10T09:27:28Z</time>
    </trkpt>
    <trkpt lat="51.4943279" lon="5.7585011">
      <ele>18.0</ele>
      <time>2019-08-10T09:27:35Z</time>
    </trkpt>
    <trkpt lat="51.4946193" lon="5.7578524">
      <ele>17.8</ele>
      <time>2019-08-10T09:27:44Z</time>
    </trkpt>
    <trkpt lat="51.4946822" lon="5.7577041">
      <ele>18.0</ele>
      <time>2019-08-10T09:27:46Z</time>
    </trkpt>
    <trkpt lat="51.4947702" lon="5.7574881">
      <ele>18.8</ele>
      <time>2019-08-10T09:27:49Z</time>
    </trkpt>
    <trkpt lat="51.4948347" lon="5.7573555">
      <ele>18.8</ele>
      <time>2019-08-10T09:27:51Z</time>
    </trkpt>
    <trkpt lat="51.4951674" lon="5.7566567">
      <ele>18.2</ele>
      <time>2019-08-10T09:28:01Z</time>
    </trkpt>
    <trkpt lat="51.4953700" lon="5.7562021">
      <ele>20.0</ele>
      <time>2019-08-10T09:28:07Z</time>
    </trkpt>
    <trkpt lat="51.4957177" lon="5.7555585">
      <ele>20.0</ele>
      <time>2019-08-10T09:28:16Z</time>
    </trkpt>
    <trkpt lat="51.4959275" lon="5.7550379">
      <ele>22.4</ele>
      <time>2019-08-10T09:28:23Z</time>
    </trkpt>
    <trkpt lat="51.4959844" lon="5.7548970">
      <ele>22.8</ele>
      <time>2019-08-10T09:28:25Z</time>
    </trkpt>
    <trkpt lat="51.4962872" lon="5.7541806">
      <ele>21.0</ele>
      <time>2019-08-10T09:28:35Z</time>
    </trkpt>
    <trkpt lat="51.4964174" lon="5.7538260">
      <ele>22.2</ele>
      <time>2019-08-10T09:28:40Z</time>
    </trkpt>
    <trkpt lat="51.4967541" lon="5.7530880">
      <ele>24.0</ele>
      <time>2019-08-10T09:28:51Z</time>
    </trkpt>
    <trkpt lat="51.4971003" lon="5.7523659">
      <ele>23.0</ele>
      <time>2019-08-10T09:29:02Z</time>
    </trkpt>
    <trkpt lat="51.4974460" lon="5.7516408">
      <ele>17.0</ele>
      <time>2019-08-10T09:29:12Z</time>
    </trkpt>
    <trkpt lat="51.4977621" lon="5.7508568">
      <ele>18.2</ele>
      <time>2019-08-10T09:29:22Z</time>
    </trkpt>
    <trkpt lat="51.4978248" lon="5.7507102">
      <ele>19.2</ele>
      <time>2019-08-10T09:29:24Z</time>
    </trkpt>
    <trkpt lat="51.4981557" lon="5.7499846">
      <ele>19.2</ele>
      <time>2019-08-10T09:29:34Z</time>
    </trkpt>
    <trkpt lat="51.4983806" lon="5.7495170">
      <ele>18.4</ele>
      <time>2019-08-10T09:29:40Z</time>
    </trkpt>
    <trkpt lat="51.4986996" lon="5.7487506">
      <ele>18.6</ele>
      <time>2019-08-10T09:29:50Z</time>
    </trkpt>
    <trkpt lat="51.4987539" lon="5.7485818">
      <ele>19.0</ele>
      <time>2019-08-10T09:29:52Z</time>
    </trkpt>
    <trkpt lat="51.4988424" lon="5.7482379">
      <ele>20.2</ele>
      <time>2019-08-10T09:29:56Z</time>
    </trkpt>
    <trkpt lat="51.4988870" lon="5.7479671">
      <ele>20.0</ele>
      <time>2019-08-10T09:29:59Z</time>
    </trkpt>
    <trkpt lat="51.4989099" lon="5.7477864">
      <ele>20.0</ele>
      <time>2019-08-10T09:30:01Z</time>
    </trkpt>
    <trkpt lat="51.4989188" lon="5.7477013">
      <ele>19.8</ele>
      <time>2019-08-10T09:30:02Z</time>
    </trkpt>
    <trkpt lat="51.4989242" lon="5.7476179">
      <ele>20.0</ele>
      <time>2019-08-10T09:30:03Z</time>
    </trkpt>
    <trkpt lat="51.4989271" lon="5.7475304">
      <ele>20.0</ele>
      <time>2019-08-10T09:30:04Z</time>
    </trkpt>
    <trkpt lat="51.4989138" lon="5.7467260">
      <ele>17.2</ele>
      <time>2019-08-10T09:30:14Z</time>
    </trkpt>
    <trkpt lat="51.4989021" lon="5.7465520">
      <ele>17.0</ele>
      <time>2019-08-10T09:30:16Z</time>
    </trkpt>
    <trkpt lat="51.4988795" lon="5.7462928">
      <ele>16.8</ele>
      <time>2019-08-10T09:30:19Z</time>
    </trkpt>
    <trkpt lat="51.4988641" lon="5.7461123">
      <ele>16.8</ele>
      <time>2019-08-10T09:30:21Z</time>
    </trkpt>
    <trkpt lat="51.4988341" lon="5.7457636">
      <ele>17.4</ele>
      <time>2019-08-10T09:30:25Z</time>
    </trkpt>
    <trkpt lat="51.4988068" lon="5.7455185">
      <ele>18.0</ele>
      <time>2019-08-10T09:30:28Z</time>
    </trkpt>
    <trkpt lat="51.4987824" lon="5.7452757">
      <ele>19.6</ele>
      <time>2019-08-10T09:30:31Z</time>
    </trkpt>
    <trkpt lat="51.4987352" lon="5.7447774">
      <ele>21.8</ele>
      <time>2019-08-10T09:30:37Z</time>
    </trkpt>
    <trkpt lat="51.4987049" lon="5.7439485">
      <ele>24.6</ele>
      <time>2019-08-10T09:30:46Z</time>
    </trkpt>
    <trkpt lat="51.4989106" lon="5.7431031">
      <ele>27.6</ele>
      <time>2019-08-10T09:30:56Z</time>
    </trkpt>
    <trkpt lat="51.4993500" lon="5.7425495">
      <ele>20.6</ele>
      <time>2019-08-10T09:31:07Z</time>
    </trkpt>
    <trkpt lat="51.4997830" lon="5.7422451">
      <ele>19.6</ele>
      <time>2019-08-10T09:31:17Z</time>
    </trkpt>
    <trkpt lat="51.4998318" lon="5.7422162">
      <ele>19.2</ele>
      <time>2019-08-10T09:31:18Z</time>
    </trkpt>
    <trkpt lat="51.4998811" lon="5.7421840">
      <ele>18.2</ele>
      <time>2019-08-10T09:31:19Z</time>
    </trkpt>
    <trkpt lat="51.4999945" lon="5.7421098">
      <ele>16.6</ele>
      <time>2019-08-10T09:31:21Z</time>
    </trkpt>
    <trkpt lat="51.5001111" lon="5.7420213">
      <ele>17.2</ele>
      <time>2019-08-10T09:31:23Z</time>
    </trkpt>
    <trkpt lat="51.5006459" lon="5.7415951">
      <ele>14.8</ele>
      <time>2019-08-10T09:31:32Z</time>
    </trkpt>
    <trkpt lat="51.5008883" lon="5.7414113">
      <ele>15.4</ele>
      <time>2019-08-10T09:31:36Z</time>
    </trkpt>
    <trkpt lat="51.5014368" lon="5.7410283">
      <ele>17.0</ele>
      <time>2019-08-10T09:31:45Z</time>
    </trkpt>
    <trkpt lat="51.5016713" lon="5.7409016">
      <ele>17.4</ele>
      <time>2019-08-10T09:31:49Z</time>
    </trkpt>
    <trkpt lat="51.5017345" lon="5.7408798">
      <ele>17.4</ele>
      <time>2019-08-10T09:31:50Z</time>
    </trkpt>
    <trkpt lat="51.5018544" lon="5.7408357">
      <ele>17.8</ele>
      <time>2019-08-10T09:31:52Z</time>
    </trkpt>
    <trkpt lat="51.5019152" lon="5.7408180">
      <ele>18.0</ele>
      <time>2019-08-10T09:31:53Z</time>
    </trkpt>
    <trkpt lat="51.5019768" lon="5.7408021">
      <ele>18.2</ele>
      <time>2019-08-10T09:31:54Z</time>
    </trkpt>
    <trkpt lat="51.5020384" lon="5.7407836">
      <ele>18.4</ele>
      <time>2019-08-10T09:31:55Z</time>
    </trkpt>
    <trkpt lat="51.5021629" lon="5.7407397">
      <ele>18.2</ele>
      <time>2019-08-10T09:31:57Z</time>
    </trkpt>
    <trkpt lat="51.5024805" lon="5.7406329">
      <ele>17.6</ele>
      <time>2019-08-10T09:32:02Z</time>
    </trkpt>
    <trkpt lat="51.5027255" lon="5.7405476">
      <ele>17.2</ele>
      <time>2019-08-10T09:32:06Z</time>
    </trkpt>
    <trkpt lat="51.5029532" lon="5.7404577">
      <ele>16.8</ele>
      <time>2019-08-10T09:32:10Z</time>
    </trkpt>
    <trkpt lat="51.5031250" lon="5.7403762">
      <ele>16.4</ele>
      <time>2019-08-10T09:32:13Z</time>
    </trkpt>
    <trkpt lat="51.5036657" lon="5.7400273">
      <ele>17.8</ele>
      <time>2019-08-10T09:32:23Z</time>
    </trkpt>
    <trkpt lat="51.5038171" lon="5.7400154">
      <ele>17.0</ele>
      <time>2019-08-10T09:32:27Z</time>
    </trkpt>
    <trkpt lat="51.5038835" lon="5.7399640">
      <ele>15.6</ele>
      <time>2019-08-10T09:32:29Z</time>
    </trkpt>
    <trkpt lat="51.5038991" lon="5.7398313">
      <ele>15.0</ele>
      <time>2019-08-10T09:32:31Z</time>
    </trkpt>
    <trkpt lat="51.5039125" lon="5.7397661">
      <ele>15.2</ele>
      <time>2019-08-10T09:32:32Z</time>
    </trkpt>
    <trkpt lat="51.5038425" lon="5.7394715">
      <ele>18.4</ele>
      <time>2019-08-10T09:32:36Z</time>
    </trkpt>
    <trkpt lat="51.5038021" lon="5.7394356">
      <ele>18.2</ele>
      <time>2019-08-10T09:32:37Z</time>
    </trkpt>
    <trkpt lat="51.5037116" lon="5.7393726">
      <ele>18.4</ele>
      <time>2019-08-10T09:32:39Z</time>
    </trkpt>
    <trkpt lat="51.5036458" lon="5.7392476">
      <ele>19.0</ele>
      <time>2019-08-10T09:32:41Z</time>
    </trkpt>
    <trkpt lat="51.5035451" lon="5.7390450">
      <ele>20.0</ele>
      <time>2019-08-10T09:32:44Z</time>
    </trkpt>
    <trkpt lat="51.5034929" lon="5.7389055">
      <ele>20.8</ele>
      <time>2019-08-10T09:32:46Z</time>
    </trkpt>
    <trkpt lat="51.5033923" lon="5.7386040">
      <ele>21.8</ele>
      <time>2019-08-10T09:32:50Z</time>
    </trkpt>
    <trkpt lat="51.5033111" lon="5.7383982">
      <ele>23.8</ele>
      <time>2019-08-10T09:32:53Z</time>
    </trkpt>
    <trkpt lat="51.5032551" lon="5.7382631">
      <ele>24.6</ele>
      <time>2019-08-10T09:32:55Z</time>
    </trkpt>
    <trkpt lat="51.5030317" lon="5.7376403">
      <ele>26.0</ele>
      <time>2019-08-10T09:33:04Z</time>
    </trkpt>
    <trkpt lat="51.5027482" lon="5.7368448">
      <ele>30.8</ele>
      <time>2019-08-10T09:33:19Z</time>
    </trkpt>
    <trkpt lat="51.5024793" lon="5.7361405">
      <ele>29.4</ele>
      <time>2019-08-10T09:33:29Z</time>
    </trkpt>
    <trkpt lat="51.5022004" lon="5.7353991">
      <ele>33.0</ele>
      <time>2019-08-10T09:33:40Z</time>
    </trkpt>
    <trkpt lat="51.5019682" lon="5.7347849">
      <ele>33.2</ele>
      <time>2019-08-10T09:33:49Z</time>
    </trkpt>
    <trkpt lat="51.5016834" lon="5.7340334">
      <ele>32.2</ele>
      <time>2019-08-10T09:33:59Z</time>
    </trkpt>
    <trkpt lat="51.5013967" lon="5.7332397">
      <ele>34.0</ele>
      <time>2019-08-10T09:34:11Z</time>
    </trkpt>
    <trkpt lat="51.5013332" lon="5.7328865">
      <ele>30.2</ele>
      <time>2019-08-10T09:34:17Z</time>
    </trkpt>
    <trkpt lat="51.5014422" lon="5.7327577">
      <ele>25.2</ele>
      <time>2019-08-10T09:34:27Z</time>
    </trkpt>
    <trkpt lat="51.5012970" lon="5.7327293">
      <ele>20.8</ele>
      <time>2019-08-10T09:34:35Z</time>
    </trkpt>
    <trkpt lat="51.5010634" lon="5.7321811">
      <ele>30.8</ele>
      <time>2019-08-10T09:35:05Z</time>
    </trkpt>
    <trkpt lat="51.5007533" lon="5.7313748">
      <ele>31.4</ele>
      <time>2019-08-10T09:35:17Z</time>
    </trkpt>
    <trkpt lat="51.5006850" lon="5.7311148">
      <ele>29.4</ele>
      <time>2019-08-10T09:35:20Z</time>
    </trkpt>
    <trkpt lat="51.5005347" lon="5.7304448">
      <ele>25.6</ele>
      <time>2019-08-10T09:35:27Z</time>
    </trkpt>
    <trkpt lat="51.5005101" lon="5.7303670">
      <ele>25.6</ele>
      <time>2019-08-10T09:35:28Z</time>
    </trkpt>
    <trkpt lat="51.5004375" lon="5.7301128">
      <ele>23.6</ele>
      <time>2019-08-10T09:35:31Z</time>
    </trkpt>
    <trkpt lat="51.5003952" lon="5.7299294">
      <ele>21.2</ele>
      <time>2019-08-10T09:35:33Z</time>
    </trkpt>
    <trkpt lat="51.5003547" lon="5.7297507">
      <ele>19.8</ele>
      <time>2019-08-10T09:35:35Z</time>
    </trkpt>
    <trkpt lat="51.5003136" lon="5.7295865">
      <ele>19.6</ele>
      <time>2019-08-10T09:35:37Z</time>
    </trkpt>
    <trkpt lat="51.5002686" lon="5.7293207">
      <ele>21.2</ele>
      <time>2019-08-10T09:35:40Z</time>
    </trkpt>
    <trkpt lat="51.5004641" lon="5.7286867">
      <ele>19.2</ele>
      <time>2019-08-10T09:35:50Z</time>
    </trkpt>
    <trkpt lat="51.5004798" lon="5.7286182">
      <ele>19.2</ele>
      <time>2019-08-10T09:35:51Z</time>
    </trkpt>
    <trkpt lat="51.5005303" lon="5.7282414">
      <ele>20.8</ele>
      <time>2019-08-10T09:35:56Z</time>
    </trkpt>
    <trkpt lat="51.5005037" lon="5.7280776">
      <ele>21.6</ele>
      <time>2019-08-10T09:35:58Z</time>
    </trkpt>
    <trkpt lat="51.5005126" lon="5.7279243">
      <ele>22.6</ele>
      <time>2019-08-10T09:36:00Z</time>
    </trkpt>
    <trkpt lat="51.5005568" lon="5.7275376">
      <ele>25.0</ele>
      <time>2019-08-10T09:36:05Z</time>
    </trkpt>
    <trkpt lat="51.5006179" lon="5.7266708">
      <ele>23.8</ele>
      <time>2019-08-10T09:36:16Z</time>
    </trkpt>
    <trkpt lat="51.5005277" lon="5.7258449">
      <ele>19.2</ele>
      <time>2019-08-10T09:36:27Z</time>
    </trkpt>
    <trkpt lat="51.5002976" lon="5.7250512">
      <ele>18.4</ele>
      <time>2019-08-10T09:36:37Z</time>
    </trkpt>
    <trkpt lat="51.5000688" lon="5.7242451">
      <ele>18.4</ele>
      <time>2019-08-10T09:36:47Z</time>
    </trkpt>
    <trkpt lat="51.4998898" lon="5.7234092">
      <ele>17.8</ele>
      <time>2019-08-10T09:36:58Z</time>
    </trkpt>
    <trkpt lat="51.4997736" lon="5.7224900">
      <ele>17.6</ele>
      <time>2019-08-10T09:37:10Z</time>
    </trkpt>
    <trkpt lat="51.4997828" lon="5.7219836">
      <ele>17.4</ele>
      <time>2019-08-10T09:37:16Z</time>
    </trkpt>
    <trkpt lat="51.4997829" lon="5.7213804">
      <ele>17.6</ele>
      <time>2019-08-10T09:37:23Z</time>
    </trkpt>
    <trkpt lat="51.4997852" lon="5.7210482">
      <ele>17.8</ele>
      <time>2019-08-10T09:37:27Z</time>
    </trkpt>
    <trkpt lat="51.4997882" lon="5.7206349">
      <ele>18.6</ele>
      <time>2019-08-10T09:37:32Z</time>
    </trkpt>
    <trkpt lat="51.4997984" lon="5.7204790">
      <ele>19.2</ele>
      <time>2019-08-10T09:37:34Z</time>
    </trkpt>
    <trkpt lat="51.4998223" lon="5.7196153">
      <ele>20.2</ele>
      <time>2019-08-10T09:37:44Z</time>
    </trkpt>
    <trkpt lat="51.4998378" lon="5.7192718">
      <ele>20.6</ele>
      <time>2019-08-10T09:37:48Z</time>
    </trkpt>
    <trkpt lat="51.4998413" lon="5.7191845">
      <ele>20.4</ele>
      <time>2019-08-10T09:37:49Z</time>
    </trkpt>
    <trkpt lat="51.4998941" lon="5.7187540">
      <ele>21.4</ele>
      <time>2019-08-10T09:37:54Z</time>
    </trkpt>
    <trkpt lat="51.4999696" lon="5.7183946">
      <ele>20.8</ele>
      <time>2019-08-10T09:37:58Z</time>
    </trkpt>
    <trkpt lat="51.5001530" lon="5.7174910">
      <ele>19.2</ele>
      <time>2019-08-10T09:38:08Z</time>
    </trkpt>
    <trkpt lat="51.5002293" lon="5.7171225">
      <ele>18.8</ele>
      <time>2019-08-10T09:38:12Z</time>
    </trkpt>
    <trkpt lat="51.5002829" lon="5.7168404">
      <ele>18.6</ele>
      <time>2019-08-10T09:38:15Z</time>
    </trkpt>
    <trkpt lat="51.5003006" lon="5.7167486">
      <ele>18.4</ele>
      <time>2019-08-10T09:38:16Z</time>
    </trkpt>
    <trkpt lat="51.5003175" lon="5.7166549">
      <ele>18.4</ele>
      <time>2019-08-10T09:38:17Z</time>
    </trkpt>
    <trkpt lat="51.5003348" lon="5.7165637">
      <ele>18.6</ele>
      <time>2019-08-10T09:38:18Z</time>
    </trkpt>
    <trkpt lat="51.5005273" lon="5.7156728">
      <ele>17.8</ele>
      <time>2019-08-10T09:38:28Z</time>
    </trkpt>
    <trkpt lat="51.5005607" lon="5.7154946">
      <ele>17.8</ele>
      <time>2019-08-10T09:38:30Z</time>
    </trkpt>
    <trkpt lat="51.5006607" lon="5.7149827">
      <ele>16.2</ele>
      <time>2019-08-10T09:38:36Z</time>
    </trkpt>
    <trkpt lat="51.5006955" lon="5.7148177">
      <ele>16.0</ele>
      <time>2019-08-10T09:38:38Z</time>
    </trkpt>
    <trkpt lat="51.5007470" lon="5.7144677">
      <ele>15.6</ele>
      <time>2019-08-10T09:38:42Z</time>
    </trkpt>
    <trkpt lat="51.5007422" lon="5.7142295">
      <ele>16.0</ele>
      <time>2019-08-10T09:38:45Z</time>
    </trkpt>
    <trkpt lat="51.5007397" lon="5.7141744">
      <ele>16.0</ele>
      <time>2019-08-10T09:38:46Z</time>
    </trkpt>
    <trkpt lat="51.5007389" lon="5.7141337">
      <ele>16.2</ele>
      <time>2019-08-10T09:38:47Z</time>
    </trkpt>
    <trkpt lat="51.5007396" lon="5.7140992">
      <ele>16.2</ele>
      <time>2019-08-10T09:38:48Z</time>
    </trkpt>
    <trkpt lat="51.5017139" lon="5.7096003">
      <ele>18.4</ele>
      <time>2019-08-10T09:41:19Z</time>
    </trkpt>
    <trkpt lat="51.5018712" lon="5.7086815">
      <ele>18.0</ele>
      <time>2019-08-10T09:41:30Z</time>
    </trkpt>
    <trkpt lat="51.5020502" lon="5.7077653">
      <ele>17.0</ele>
      <time>2019-08-10T09:41:40Z</time>
    </trkpt>
    <trkpt lat="51.5022323" lon="5.7068800">
      <ele>14.6</ele>
      <time>2019-08-10T09:41:49Z</time>
    </trkpt>
    <trkpt lat="51.5023988" lon="5.7060521">
      <ele>13.6</ele>
      <time>2019-08-10T09:41:57Z</time>
    </trkpt>
    <trkpt lat="51.5025677" lon="5.7051600">
      <ele>13.2</ele>
      <time>2019-08-10T09:42:06Z</time>
    </trkpt>
    <trkpt lat="51.5027255" lon="5.7043123">
      <ele>10.4</ele>
      <time>2019-08-10T09:42:15Z</time>
    </trkpt>
    <trkpt lat="51.5028950" lon="5.7034045">
      <ele>11.6</ele>
      <time>2019-08-10T09:42:25Z</time>
    </trkpt>
    <trkpt lat="51.5030742" lon="5.7025085">
      <ele>12.2</ele>
      <time>2019-08-10T09:42:35Z</time>
    </trkpt>
    <trkpt lat="51.5031221" lon="5.7022475">
      <ele>12.2</ele>
      <time>2019-08-10T09:42:38Z</time>
    </trkpt>
    <trkpt lat="51.5031545" lon="5.7020788">
      <ele>12.2</ele>
      <time>2019-08-10T09:42:40Z</time>
    </trkpt>
    <trkpt lat="51.5031885" lon="5.7019204">
      <ele>12.4</ele>
      <time>2019-08-10T09:42:42Z</time>
    </trkpt>
    <trkpt lat="51.5032752" lon="5.7014328">
      <ele>12.6</ele>
      <time>2019-08-10T09:42:48Z</time>
    </trkpt>
    <trkpt lat="51.5033027" lon="5.7012675">
      <ele>13.4</ele>
      <time>2019-08-10T09:42:50Z</time>
    </trkpt>
    <trkpt lat="51.5033172" lon="5.7011889">
      <ele>13.8</ele>
      <time>2019-08-10T09:42:51Z</time>
    </trkpt>
    <trkpt lat="51.5033471" lon="5.7010295">
      <ele>14.6</ele>
      <time>2019-08-10T09:42:53Z</time>
    </trkpt>
    <trkpt lat="51.5033635" lon="5.7009507">
      <ele>14.8</ele>
      <time>2019-08-10T09:42:54Z</time>
    </trkpt>
    <trkpt lat="51.5033788" lon="5.7008712">
      <ele>15.0</ele>
      <time>2019-08-10T09:42:55Z</time>
    </trkpt>
    <trkpt lat="51.5033921" lon="5.7007891">
      <ele>15.2</ele>
      <time>2019-08-10T09:42:56Z</time>
    </trkpt>
    <trkpt lat="51.5034038" lon="5.7007038">
      <ele>15.4</ele>
      <time>2019-08-10T09:42:57Z</time>
    </trkpt>
    <trkpt lat="51.5034169" lon="5.7006180">
      <ele>16.0</ele>
      <time>2019-08-10T09:42:58Z</time>
    </trkpt>
    <trkpt lat="51.5034271" lon="5.7005284">
      <ele>16.6</ele>
      <time>2019-08-10T09:42:59Z</time>
    </trkpt>
    <trkpt lat="51.5034412" lon="5.7004417">
      <ele>16.6</ele>
      <time>2019-08-10T09:43:00Z</time>
    </trkpt>
    <trkpt lat="51.5034556" lon="5.7003528">
      <ele>16.2</ele>
      <time>2019-08-10T09:43:01Z</time>
    </trkpt>
    <trkpt lat="51.5035712" lon="5.6995343">
      <ele>16.2</ele>
      <time>2019-08-10T09:43:10Z</time>
    </trkpt>
    <trkpt lat="51.5036006" lon="5.6992577">
      <ele>15.8</ele>
      <time>2019-08-10T09:43:13Z</time>
    </trkpt>
    <trkpt lat="51.5037845" lon="5.6983979">
      <ele>16.6</ele>
      <time>2019-08-10T09:43:23Z</time>
    </trkpt>
    <trkpt lat="51.5038572" lon="5.6981371">
      <ele>16.2</ele>
      <time>2019-08-10T09:43:26Z</time>
    </trkpt>
    <trkpt lat="51.5039791" lon="5.6976921">
      <ele>16.4</ele>
      <time>2019-08-10T09:43:31Z</time>
    </trkpt>
    <trkpt lat="51.5041782" lon="5.6968839">
      <ele>16.8</ele>
      <time>2019-08-10T09:43:40Z</time>
    </trkpt>
    <trkpt lat="51.5042707" lon="5.6965421">
      <ele>17.8</ele>
      <time>2019-08-10T09:43:44Z</time>
    </trkpt>
    <trkpt lat="51.5042936" lon="5.6964588">
      <ele>18.2</ele>
      <time>2019-08-10T09:43:45Z</time>
    </trkpt>
    <trkpt lat="51.5044641" lon="5.6957818">
      <ele>19.2</ele>
      <time>2019-08-10T09:43:53Z</time>
    </trkpt>
    <trkpt lat="51.5045082" lon="5.6956040">
      <ele>18.8</ele>
      <time>2019-08-10T09:43:55Z</time>
    </trkpt>
    <trkpt lat="51.5046341" lon="5.6951649">
      <ele>17.6</ele>
      <time>2019-08-10T09:44:00Z</time>
    </trkpt>
    <trkpt lat="51.5048551" lon="5.6943295">
      <ele>18.6</ele>
      <time>2019-08-10T09:44:09Z</time>
    </trkpt>
    <trkpt lat="51.5050116" lon="5.6938055">
      <ele>18.8</ele>
      <time>2019-08-10T09:44:15Z</time>
    </trkpt>
    <trkpt lat="51.5052383" lon="5.6929346">
      <ele>22.4</ele>
      <time>2019-08-10T09:44:25Z</time>
    </trkpt>
    <trkpt lat="51.5054671" lon="5.6920955">
      <ele>21.6</ele>
      <time>2019-08-10T09:44:34Z</time>
    </trkpt>
    <trkpt lat="51.5056226" lon="5.6915393">
      <ele>20.2</ele>
      <time>2019-08-10T09:44:40Z</time>
    </trkpt>
    <trkpt lat="51.5056525" lon="5.6914506">
      <ele>19.6</ele>
      <time>2019-08-10T09:44:41Z</time>
    </trkpt>
    <trkpt lat="51.5057305" lon="5.6911698">
      <ele>19.4</ele>
      <time>2019-08-10T09:44:44Z</time>
    </trkpt>
    <trkpt lat="51.5059747" lon="5.6903757">
      <ele>15.6</ele>
      <time>2019-08-10T09:44:53Z</time>
    </trkpt>
    <trkpt lat="51.5060007" lon="5.6902885">
      <ele>15.6</ele>
      <time>2019-08-10T09:44:54Z</time>
    </trkpt>
    <trkpt lat="51.5060727" lon="5.6900183">
      <ele>15.0</ele>
      <time>2019-08-10T09:44:57Z</time>
    </trkpt>
    <trkpt lat="51.5061212" lon="5.6898397">
      <ele>14.6</ele>
      <time>2019-08-10T09:44:59Z</time>
    </trkpt>
    <trkpt lat="51.5062204" lon="5.6894748">
      <ele>14.2</ele>
      <time>2019-08-10T09:45:03Z</time>
    </trkpt>
    <trkpt lat="51.5064356" lon="5.6886069">
      <ele>14.2</ele>
      <time>2019-08-10T09:45:13Z</time>
    </trkpt>
    <trkpt lat="51.5066155" lon="5.6879467">
      <ele>14.6</ele>
      <time>2019-08-10T09:45:21Z</time>
    </trkpt>
    <trkpt lat="51.5068608" lon="5.6871410">
      <ele>16.0</ele>
      <time>2019-08-10T09:45:31Z</time>
    </trkpt>
    <trkpt lat="51.5069473" lon="5.6868023">
      <ele>16.6</ele>
      <time>2019-08-10T09:45:35Z</time>
    </trkpt>
    <trkpt lat="51.5071085" lon="5.6862429">
      <ele>17.8</ele>
      <time>2019-08-10T09:45:42Z</time>
    </trkpt>
    <trkpt lat="51.5072490" lon="5.6856624">
      <ele>19.0</ele>
      <time>2019-08-10T09:45:49Z</time>
    </trkpt>
    <trkpt lat="51.5073360" lon="5.6852268">
      <ele>23.6</ele>
      <time>2019-08-10T09:45:54Z</time>
    </trkpt>
    <trkpt lat="51.5074350" lon="5.6847750">
      <ele>27.6</ele>
      <time>2019-08-10T09:46:00Z</time>
    </trkpt>
    <trkpt lat="51.5075299" lon="5.6844443">
      <ele>22.6</ele>
      <time>2019-08-10T09:46:04Z</time>
    </trkpt>
    <trkpt lat="51.5076558" lon="5.6841078">
      <ele>17.8</ele>
      <time>2019-08-10T09:46:08Z</time>
    </trkpt>
    <trkpt lat="51.5077246" lon="5.6838500">
      <ele>18.4</ele>
      <time>2019-08-10T09:46:11Z</time>
    </trkpt>
    <trkpt lat="51.5077492" lon="5.6837692">
      <ele>18.4</ele>
      <time>2019-08-10T09:46:12Z</time>
    </trkpt>
    <trkpt lat="51.5077751" lon="5.6836884">
      <ele>18.6</ele>
      <time>2019-08-10T09:46:13Z</time>
    </trkpt>
    <trkpt lat="51.5077981" lon="5.6836064">
      <ele>19.0</ele>
      <time>2019-08-10T09:46:14Z</time>
    </trkpt>
    <trkpt lat="51.5078220" lon="5.6835258">
      <ele>19.2</ele>
      <time>2019-08-10T09:46:15Z</time>
    </trkpt>
    <trkpt lat="51.5078438" lon="5.6834415">
      <ele>19.6</ele>
      <time>2019-08-10T09:46:16Z</time>
    </trkpt>
    <trkpt lat="51.5078660" lon="5.6833560">
      <ele>19.4</ele>
      <time>2019-08-10T09:46:17Z</time>
    </trkpt>
    <trkpt lat="51.5078854" lon="5.6832695">
      <ele>19.4</ele>
      <time>2019-08-10T09:46:18Z</time>
    </trkpt>
    <trkpt lat="51.5080814" lon="5.6825159">
      <ele>22.0</ele>
      <time>2019-08-10T09:46:27Z</time>
    </trkpt>
    <trkpt lat="51.5081274" lon="5.6823475">
      <ele>23.6</ele>
      <time>2019-08-10T09:46:29Z</time>
    </trkpt>
    <trkpt lat="51.5081978" lon="5.6820710">
      <ele>24.0</ele>
      <time>2019-08-10T09:46:32Z</time>
    </trkpt>
    <trkpt lat="51.5082777" lon="5.6818042">
      <ele>22.6</ele>
      <time>2019-08-10T09:46:35Z</time>
    </trkpt>
    <trkpt lat="51.5085123" lon="5.6810184">
      <ele>21.0</ele>
      <time>2019-08-10T09:46:44Z</time>
    </trkpt>
    <trkpt lat="51.5086788" lon="5.6804387">
      <ele>20.2</ele>
      <time>2019-08-10T09:46:51Z</time>
    </trkpt>
    <trkpt lat="51.5087005" lon="5.6803548">
      <ele>19.8</ele>
      <time>2019-08-10T09:46:52Z</time>
    </trkpt>
    <trkpt lat="51.5087709" lon="5.6801124">
      <ele>19.2</ele>
      <time>2019-08-10T09:46:55Z</time>
    </trkpt>
    <trkpt lat="51.5087963" lon="5.6800345">
      <ele>18.8</ele>
      <time>2019-08-10T09:46:56Z</time>
    </trkpt>
    <trkpt lat="51.5088190" lon="5.6799555">
      <ele>18.6</ele>
      <time>2019-08-10T09:46:57Z</time>
    </trkpt>
    <trkpt lat="51.5088407" lon="5.6798757">
      <ele>18.6</ele>
      <time>2019-08-10T09:46:58Z</time>
    </trkpt>
    <trkpt lat="51.5088641" lon="5.6797980">
      <ele>18.4</ele>
      <time>2019-08-10T09:46:59Z</time>
    </trkpt>
    <trkpt lat="51.5089795" lon="5.6794200">
      <ele>16.8</ele>
      <time>2019-08-10T09:47:04Z</time>
    </trkpt>
    <trkpt lat="51.5090279" lon="5.6792728">
      <ele>16.4</ele>
      <time>2019-08-10T09:47:06Z</time>
    </trkpt>
    <trkpt lat="51.5092823" lon="5.6784407">
      <ele>14.8</ele>
      <time>2019-08-10T09:47:17Z</time>
    </trkpt>
    <trkpt lat="51.5093561" lon="5.6782283">
      <ele>14.8</ele>
      <time>2019-08-10T09:47:20Z</time>
    </trkpt>
    <trkpt lat="51.5094790" lon="5.6778640">
      <ele>14.6</ele>
      <time>2019-08-10T09:47:25Z</time>
    </trkpt>
    <trkpt lat="51.5095010" lon="5.6777885">
      <ele>14.6</ele>
      <time>2019-08-10T09:47:26Z</time>
    </trkpt>
    <trkpt lat="51.5096440" lon="5.6772837">
      <ele>14.8</ele>
      <time>2019-08-10T09:47:33Z</time>
    </trkpt>
    <trkpt lat="51.5096639" lon="5.6772120">
      <ele>15.2</ele>
      <time>2019-08-10T09:47:34Z</time>
    </trkpt>
    <trkpt lat="51.5098597" lon="5.6764788">
      <ele>15.4</ele>
      <time>2019-08-10T09:47:44Z</time>
    </trkpt>
    <trkpt lat="51.5099234" lon="5.6761790">
      <ele>14.6</ele>
      <time>2019-08-10T09:47:48Z</time>
    </trkpt>
    <trkpt lat="51.5100989" lon="5.6754982">
      <ele>13.0</ele>
      <time>2019-08-10T09:47:57Z</time>
    </trkpt>
    <trkpt lat="51.5101259" lon="5.6754139">
      <ele>13.2</ele>
      <time>2019-08-10T09:47:58Z</time>
    </trkpt>
    <trkpt lat="51.5104013" lon="5.6745673">
      <ele>14.4</ele>
      <time>2019-08-10T09:48:08Z</time>
    </trkpt>
    <trkpt lat="51.5104604" lon="5.6743994">
      <ele>14.0</ele>
      <time>2019-08-10T09:48:10Z</time>
    </trkpt>
    <trkpt lat="51.5107060" lon="5.6735466">
      <ele>13.8</ele>
      <time>2019-08-10T09:48:20Z</time>
    </trkpt>
    <trkpt lat="51.5107253" lon="5.6734676">
      <ele>13.8</ele>
      <time>2019-08-10T09:48:21Z</time>
    </trkpt>
    <trkpt lat="51.5107454" lon="5.6733892">
      <ele>13.6</ele>
      <time>2019-08-10T09:48:22Z</time>
    </trkpt>
    <trkpt lat="51.5108602" lon="5.6727991">
      <ele>13.4</ele>
      <time>2019-08-10T09:48:29Z</time>
    </trkpt>
    <trkpt lat="51.5108773" lon="5.6727135">
      <ele>13.4</ele>
      <time>2019-08-10T09:48:30Z</time>
    </trkpt>
    <trkpt lat="51.5110755" lon="5.6718714">
      <ele>14.0</ele>
      <time>2019-08-10T09:48:40Z</time>
    </trkpt>
    <trkpt lat="51.5111185" lon="5.6717100">
      <ele>14.4</ele>
      <time>2019-08-10T09:48:42Z</time>
    </trkpt>
    <trkpt lat="51.5111392" lon="5.6716287">
      <ele>14.8</ele>
      <time>2019-08-10T09:48:43Z</time>
    </trkpt>
    <trkpt lat="51.5112054" lon="5.6713792">
      <ele>16.0</ele>
      <time>2019-08-10T09:48:46Z</time>
    </trkpt>
    <trkpt lat="51.5112261" lon="5.6712993">
      <ele>16.4</ele>
      <time>2019-08-10T09:48:47Z</time>
    </trkpt>
    <trkpt lat="51.5113544" lon="5.6707200">
      <ele>18.0</ele>
      <time>2019-08-10T09:48:54Z</time>
    </trkpt>
    <trkpt lat="51.5113725" lon="5.6706431">
      <ele>18.0</ele>
      <time>2019-08-10T09:48:55Z</time>
    </trkpt>
    <trkpt lat="51.5113909" lon="5.6705629">
      <ele>18.0</ele>
      <time>2019-08-10T09:48:56Z</time>
    </trkpt>
    <trkpt lat="51.5114086" lon="5.6704754">
      <ele>17.6</ele>
      <time>2019-08-10T09:48:57Z</time>
    </trkpt>
    <trkpt lat="51.5114739" lon="5.6702083">
      <ele>17.4</ele>
      <time>2019-08-10T09:49:00Z</time>
    </trkpt>
    <trkpt lat="51.5117130" lon="5.6694702">
      <ele>17.8</ele>
      <time>2019-08-10T09:49:09Z</time>
    </trkpt>
    <trkpt lat="51.5119711" lon="5.6686557">
      <ele>17.8</ele>
      <time>2019-08-10T09:49:19Z</time>
    </trkpt>
    <trkpt lat="51.5122675" lon="5.6678863">
      <ele>18.2</ele>
      <time>2019-08-10T09:49:29Z</time>
    </trkpt>
    <trkpt lat="51.5124060" lon="5.6675138">
      <ele>19.2</ele>
      <time>2019-08-10T09:49:34Z</time>
    </trkpt>
    <trkpt lat="51.5124488" lon="5.6673497">
      <ele>19.6</ele>
      <time>2019-08-10T09:49:36Z</time>
    </trkpt>
    <trkpt lat="51.5125072" lon="5.6670835">
      <ele>18.2</ele>
      <time>2019-08-10T09:49:39Z</time>
    </trkpt>
    <trkpt lat="51.5125323" lon="5.6668035">
      <ele>17.6</ele>
      <time>2019-08-10T09:49:42Z</time>
    </trkpt>
    <trkpt lat="51.5125389" lon="5.6666294">
      <ele>17.2</ele>
      <time>2019-08-10T09:49:44Z</time>
    </trkpt>
    <trkpt lat="51.5125456" lon="5.6664662">
      <ele>16.8</ele>
      <time>2019-08-10T09:49:47Z</time>
    </trkpt>
    <trkpt lat="51.5125397" lon="5.6664252">
      <ele>15.8</ele>
      <time>2019-08-10T09:49:52Z</time>
    </trkpt>
    <trkpt lat="51.5125420" lon="5.6664738">
      <ele>16.2</ele>
      <time>2019-08-10T09:49:54Z</time>
    </trkpt>
    <trkpt lat="51.5125477" lon="5.6665107">
      <ele>15.4</ele>
      <time>2019-08-10T09:49:55Z</time>
    </trkpt>
    <trkpt lat="51.5125571" lon="5.6665379">
      <ele>15.4</ele>
      <time>2019-08-10T09:49:56Z</time>
    </trkpt>
    <trkpt lat="51.5126105" lon="5.6666016">
      <ele>14.0</ele>
      <time>2019-08-10T09:49:59Z</time>
    </trkpt>
    <trkpt lat="51.5127052" lon="5.6665784">
      <ele>13.8</ele>
      <time>2019-08-10T09:50:03Z</time>
    </trkpt>
    <trkpt lat="51.5127243" lon="5.6657201">
      <ele>18.4</ele>
      <time>2019-08-10T09:50:22Z</time>
    </trkpt>
    <trkpt lat="51.5127186" lon="5.6654736">
      <ele>20.0</ele>
      <time>2019-08-10T09:50:26Z</time>
    </trkpt>
    <trkpt lat="51.5127166" lon="5.6650850">
      <ele>22.0</ele>
      <time>2019-08-10T09:50:32Z</time>
    </trkpt>
    <trkpt lat="51.5127208" lon="5.6641684">
      <ele>25.6</ele>
      <time>2019-08-10T09:50:45Z</time>
    </trkpt>
    <trkpt lat="51.5127194" lon="5.6636377">
      <ele>25.2</ele>
      <time>2019-08-10T09:50:52Z</time>
    </trkpt>
    <trkpt lat="51.5127052" lon="5.6627307">
      <ele>24.6</ele>
      <time>2019-08-10T09:51:04Z</time>
    </trkpt>
    <trkpt lat="51.5127176" lon="5.6624446">
      <ele>22.6</ele>
      <time>2019-08-10T09:51:08Z</time>
    </trkpt>
    <trkpt lat="51.5127187" lon="5.6623741">
      <ele>22.2</ele>
      <time>2019-08-10T09:51:09Z</time>
    </trkpt>
    <trkpt lat="51.5127185" lon="5.6623041">
      <ele>22.2</ele>
      <time>2019-08-10T09:51:10Z</time>
    </trkpt>
    <trkpt lat="51.5127203" lon="5.6617726">
      <ele>21.4</ele>
      <time>2019-08-10T09:51:18Z</time>
    </trkpt>
    <trkpt lat="51.5127286" lon="5.6613668">
      <ele>20.0</ele>
      <time>2019-08-10T09:51:24Z</time>
    </trkpt>
    <trkpt lat="51.5127381" lon="5.6604674">
      <ele>19.0</ele>
      <time>2019-08-10T09:51:36Z</time>
    </trkpt>
    <trkpt lat="51.5127828" lon="5.6595718">
      <ele>19.2</ele>
      <time>2019-08-10T09:51:46Z</time>
    </trkpt>
    <trkpt lat="51.5129316" lon="5.6586893">
      <ele>17.6</ele>
      <time>2019-08-10T09:51:56Z</time>
    </trkpt>
    <trkpt lat="51.5130930" lon="5.6578151">
      <ele>15.2</ele>
      <time>2019-08-10T09:52:05Z</time>
    </trkpt>
    <trkpt lat="51.5132390" lon="5.6569298">
      <ele>15.4</ele>
      <time>2019-08-10T09:52:14Z</time>
    </trkpt>
    <trkpt lat="51.5133309" lon="5.6560346">
      <ele>20.0</ele>
      <time>2019-08-10T09:52:24Z</time>
    </trkpt>
    <trkpt lat="51.5132964" lon="5.6551120">
      <ele>15.0</ele>
      <time>2019-08-10T09:52:34Z</time>
    </trkpt>
    <trkpt lat="51.5131349" lon="5.6542434">
      <ele>14.0</ele>
      <time>2019-08-10T09:52:43Z</time>
    </trkpt>
    <trkpt lat="51.5130164" lon="5.6533635">
      <ele>12.2</ele>
      <time>2019-08-10T09:52:52Z</time>
    </trkpt>
    <trkpt lat="51.5129067" lon="5.6526620">
      <ele>9.4</ele>
      <time>2019-08-10T09:53:00Z</time>
    </trkpt>
    <trkpt lat="51.5128917" lon="5.6525732">
      <ele>9.2</ele>
      <time>2019-08-10T09:53:01Z</time>
    </trkpt>
    <trkpt lat="51.5128658" lon="5.6523952">
      <ele>8.8</ele>
      <time>2019-08-10T09:53:03Z</time>
    </trkpt>
    <trkpt lat="51.5127193" lon="5.6515358">
      <ele>16.0</ele>
      <time>2019-08-10T09:53:13Z</time>
    </trkpt>
    <trkpt lat="51.5126816" lon="5.6513993">
      <ele>16.6</ele>
      <time>2019-08-10T09:53:15Z</time>
    </trkpt>
    <trkpt lat="51.5125303" lon="5.6508294">
      <ele>21.2</ele>
      <time>2019-08-10T09:53:24Z</time>
    </trkpt>
    <trkpt lat="51.5125075" lon="5.6505138">
      <ele>20.4</ele>
      <time>2019-08-10T09:53:28Z</time>
    </trkpt>
    <trkpt lat="51.5124927" lon="5.6503206">
      <ele>21.0</ele>
      <time>2019-08-10T09:53:32Z</time>
    </trkpt>
    <trkpt lat="51.5125159" lon="5.6502988">
      <ele>22.2</ele>
      <time>2019-08-10T09:53:34Z</time>
    </trkpt>
    <trkpt lat="51.5125393" lon="5.6502961">
      <ele>22.4</ele>
      <time>2019-08-10T09:53:36Z</time>
    </trkpt>
    <trkpt lat="51.5125493" lon="5.6502934">
      <ele>22.6</ele>
      <time>2019-08-10T09:53:38Z</time>
    </trkpt>
    <trkpt lat="51.5130221" lon="5.6501787">
      <ele>22.2</ele>
      <time>2019-08-10T09:54:49Z</time>
    </trkpt>
    <trkpt lat="51.5130738" lon="5.6501533">
      <ele>22.2</ele>
      <time>2019-08-10T09:54:50Z</time>
    </trkpt>
    <trkpt lat="51.5133935" lon="5.6500092">
      <ele>21.2</ele>
      <time>2019-08-10T09:54:56Z</time>
    </trkpt>
    <trkpt lat="51.5137300" lon="5.6499018">
      <ele>18.4</ele>
      <time>2019-08-10T09:55:03Z</time>
    </trkpt>
    <trkpt lat="51.5137785" lon="5.6498827">
      <ele>18.4</ele>
      <time>2019-08-10T09:55:04Z</time>
    </trkpt>
    <trkpt lat="51.5138334" lon="5.6498624">
      <ele>18.6</ele>
      <time>2019-08-10T09:55:05Z</time>
    </trkpt>
    <trkpt lat="51.5138895" lon="5.6498394">
      <ele>18.6</ele>
      <time>2019-08-10T09:55:06Z</time>
    </trkpt>
    <trkpt lat="51.5143608" lon="5.6496129">
      <ele>21.2</ele>
      <time>2019-08-10T09:55:14Z</time>
    </trkpt>
    <trkpt lat="51.5144743" lon="5.6495564">
      <ele>21.8</ele>
      <time>2019-08-10T09:55:16Z</time>
    </trkpt>
    <trkpt lat="51.5145897" lon="5.6494963">
      <ele>22.8</ele>
      <time>2019-08-10T09:55:18Z</time>
    </trkpt>
    <trkpt lat="51.5147032" lon="5.6494423">
      <ele>23.6</ele>
      <time>2019-08-10T09:55:20Z</time>
    </trkpt>
    <trkpt lat="51.5147586" lon="5.6494188">
      <ele>23.0</ele>
      <time>2019-08-10T09:55:21Z</time>
    </trkpt>
    <trkpt lat="51.5149798" lon="5.6492917">
      <ele>23.8</ele>
      <time>2019-08-10T09:55:25Z</time>
    </trkpt>
    <trkpt lat="51.5150372" lon="5.6492566">
      <ele>24.0</ele>
      <time>2019-08-10T09:55:26Z</time>
    </trkpt>
    <trkpt lat="51.5151506" lon="5.6491942">
      <ele>23.2</ele>
      <time>2019-08-10T09:55:28Z</time>
    </trkpt>
    <trkpt lat="51.5155589" lon="5.6489515">
      <ele>24.0</ele>
      <time>2019-08-10T09:55:35Z</time>
    </trkpt>
    <trkpt lat="51.5160761" lon="5.6486940">
      <ele>18.8</ele>
      <time>2019-08-10T09:55:43Z</time>
    </trkpt>
    <trkpt lat="51.5163825" lon="5.6485458">
      <ele>18.4</ele>
      <time>2019-08-10T09:55:48Z</time>
    </trkpt>
    <trkpt lat="51.5169509" lon="5.6482575">
      <ele>18.0</ele>
      <time>2019-08-10T09:55:57Z</time>
    </trkpt>
    <trkpt lat="51.5174120" lon="5.6480165">
      <ele>17.4</ele>
      <time>2019-08-10T09:56:04Z</time>
    </trkpt>
    <trkpt lat="51.5178371" lon="5.6477210">
      <ele>16.6</ele>
      <time>2019-08-10T09:56:11Z</time>
    </trkpt>
    <trkpt lat="51.5182878" lon="5.6472477">
      <ele>14.0</ele>
      <time>2019-08-10T09:56:19Z</time>
    </trkpt>
    <trkpt lat="51.5186801" lon="5.6465893">
      <ele>13.8</ele>
      <time>2019-08-10T09:56:28Z</time>
    </trkpt>
    <trkpt lat="51.5189700" lon="5.6458244">
      <ele>15.6</ele>
      <time>2019-08-10T09:56:37Z</time>
    </trkpt>
    <trkpt lat="51.5191124" lon="5.6449759">
      <ele>14.2</ele>
      <time>2019-08-10T09:56:46Z</time>
    </trkpt>
    <trkpt lat="51.5191209" lon="5.6440625">
      <ele>12.4</ele>
      <time>2019-08-10T09:56:56Z</time>
    </trkpt>
    <trkpt lat="51.5190072" lon="5.6431518">
      <ele>12.6</ele>
      <time>2019-08-10T09:57:06Z</time>
    </trkpt>
    <trkpt lat="51.5189736" lon="5.6429794">
      <ele>13.0</ele>
      <time>2019-08-10T09:57:08Z</time>
    </trkpt>
    <trkpt lat="51.5188089" lon="5.6423599">
      <ele>12.4</ele>
      <time>2019-08-10T09:57:16Z</time>
    </trkpt>
    <trkpt lat="51.5187717" lon="5.6422308">
      <ele>12.8</ele>
      <time>2019-08-10T09:57:18Z</time>
    </trkpt>
    <trkpt lat="51.5185111" lon="5.6416242">
      <ele>14.4</ele>
      <time>2019-08-10T09:57:29Z</time>
    </trkpt>
    <trkpt lat="51.5184488" lon="5.6415061">
      <ele>14.4</ele>
      <time>2019-08-10T09:57:31Z</time>
    </trkpt>
    <trkpt lat="51.5184049" lon="5.6413741">
      <ele>14.6</ele>
      <time>2019-08-10T09:57:33Z</time>
    </trkpt>
    <trkpt lat="51.5183875" lon="5.6412335">
      <ele>15.6</ele>
      <time>2019-08-10T09:57:35Z</time>
    </trkpt>
    <trkpt lat="51.5184022" lon="5.6410816">
      <ele>16.4</ele>
      <time>2019-08-10T09:57:37Z</time>
    </trkpt>
    <trkpt lat="51.5184898" lon="5.6407307">
      <ele>15.8</ele>
      <time>2019-08-10T09:57:52Z</time>
    </trkpt>
    <trkpt lat="51.5185198" lon="5.6407172">
      <ele>16.8</ele>
      <time>2019-08-10T09:58:04Z</time>
    </trkpt>
    <trkpt lat="51.5185624" lon="5.6406437">
      <ele>17.4</ele>
      <time>2019-08-10T09:58:07Z</time>
    </trkpt>
    <trkpt lat="51.5185195" lon="5.6402449">
      <ele>16.8</ele>
      <time>2019-08-10T09:58:14Z</time>
    </trkpt>
    <trkpt lat="51.5184484" lon="5.6400605">
      <ele>17.2</ele>
      <time>2019-08-10T09:58:17Z</time>
    </trkpt>
    <trkpt lat="51.5183764" lon="5.6398174">
      <ele>17.6</ele>
      <time>2019-08-10T09:58:21Z</time>
    </trkpt>
    <trkpt lat="51.5180287" lon="5.6380930">
      <ele>18.6</ele>
      <time>2019-08-10T09:58:55Z</time>
    </trkpt>
    <trkpt lat="51.5178605" lon="5.6372400">
      <ele>15.2</ele>
      <time>2019-08-10T09:59:06Z</time>
    </trkpt>
    <trkpt lat="51.5176843" lon="5.6364118">
      <ele>13.4</ele>
      <time>2019-08-10T09:59:17Z</time>
    </trkpt>
    <trkpt lat="51.5175282" lon="5.6355778">
      <ele>14.4</ele>
      <time>2019-08-10T09:59:28Z</time>
    </trkpt>
    <trkpt lat="51.5174046" lon="5.6349895">
      <ele>13.0</ele>
      <time>2019-08-10T09:59:36Z</time>
    </trkpt>
    <trkpt lat="51.5172433" lon="5.6341371">
      <ele>15.2</ele>
      <time>2019-08-10T09:59:47Z</time>
    </trkpt>
    <trkpt lat="51.5170557" lon="5.6332945">
      <ele>20.4</ele>
      <time>2019-08-10T09:59:57Z</time>
    </trkpt>
    <trkpt lat="51.5169546" lon="5.6327922">
      <ele>21.0</ele>
      <time>2019-08-10T10:00:03Z</time>
    </trkpt>
    <trkpt lat="51.5168653" lon="5.6324073">
      <ele>23.0</ele>
      <time>2019-08-10T10:00:07Z</time>
    </trkpt>
    <trkpt lat="51.5166992" lon="5.6315596">
      <ele>23.4</ele>
      <time>2019-08-10T10:00:16Z</time>
    </trkpt>
    <trkpt lat="51.5165362" lon="5.6307264">
      <ele>24.0</ele>
      <time>2019-08-10T10:00:25Z</time>
    </trkpt>
    <trkpt lat="51.5164644" lon="5.6303679">
      <ele>25.2</ele>
      <time>2019-08-10T10:00:29Z</time>
    </trkpt>
    <trkpt lat="51.5163592" lon="5.6298608">
      <ele>24.2</ele>
      <time>2019-08-10T10:00:35Z</time>
    </trkpt>
    <trkpt lat="51.5163460" lon="5.6297884">
      <ele>23.8</ele>
      <time>2019-08-10T10:00:36Z</time>
    </trkpt>
    <trkpt lat="51.5163214" lon="5.6296307">
      <ele>23.6</ele>
      <time>2019-08-10T10:00:38Z</time>
    </trkpt>
    <trkpt lat="51.5162799" lon="5.6294046">
      <ele>22.6</ele>
      <time>2019-08-10T10:00:41Z</time>
    </trkpt>
    <trkpt lat="51.5162665" lon="5.6293334">
      <ele>22.4</ele>
      <time>2019-08-10T10:00:42Z</time>
    </trkpt>
    <trkpt lat="51.5162501" lon="5.6292617">
      <ele>22.2</ele>
      <time>2019-08-10T10:00:43Z</time>
    </trkpt>
    <trkpt lat="51.5162338" lon="5.6291857">
      <ele>22.4</ele>
      <time>2019-08-10T10:00:44Z</time>
    </trkpt>
    <trkpt lat="51.5162178" lon="5.6291089">
      <ele>22.6</ele>
      <time>2019-08-10T10:00:45Z</time>
    </trkpt>
    <trkpt lat="51.5161998" lon="5.6290302">
      <ele>22.2</ele>
      <time>2019-08-10T10:00:46Z</time>
    </trkpt>
    <trkpt lat="51.5161474" lon="5.6287926">
      <ele>20.2</ele>
      <time>2019-08-10T10:00:49Z</time>
    </trkpt>
    <trkpt lat="51.5160528" lon="5.6282692">
      <ele>19.8</ele>
      <time>2019-08-10T10:00:55Z</time>
    </trkpt>
    <trkpt lat="51.5160364" lon="5.6281870">
      <ele>20.0</ele>
      <time>2019-08-10T10:00:56Z</time>
    </trkpt>
    <trkpt lat="51.5158707" lon="5.6272982">
      <ele>17.0</ele>
      <time>2019-08-10T10:01:06Z</time>
    </trkpt>
    <trkpt lat="51.5158191" lon="5.6270604">
      <ele>18.2</ele>
      <time>2019-08-10T10:01:09Z</time>
    </trkpt>
    <trkpt lat="51.5157870" lon="5.6269154">
      <ele>19.6</ele>
      <time>2019-08-10T10:01:11Z</time>
    </trkpt>
    <trkpt lat="51.5156584" lon="5.6263530">
      <ele>21.8</ele>
      <time>2019-08-10T10:01:18Z</time>
    </trkpt>
    <trkpt lat="51.5154745" lon="5.6254735">
      <ele>19.6</ele>
      <time>2019-08-10T10:01:28Z</time>
    </trkpt>
    <trkpt lat="51.5153841" lon="5.6251654">
      <ele>24.4</ele>
      <time>2019-08-10T10:01:32Z</time>
    </trkpt>
    <trkpt lat="51.5152992" lon="5.6247592">
      <ele>31.6</ele>
      <time>2019-08-10T10:01:38Z</time>
    </trkpt>
    <trkpt lat="51.5152822" lon="5.6246930">
      <ele>31.6</ele>
      <time>2019-08-10T10:01:39Z</time>
    </trkpt>
    <trkpt lat="51.5152502" lon="5.6245636">
      <ele>30.8</ele>
      <time>2019-08-10T10:01:41Z</time>
    </trkpt>
    <trkpt lat="51.5151564" lon="5.6240877">
      <ele>27.2</ele>
      <time>2019-08-10T10:01:48Z</time>
    </trkpt>
    <trkpt lat="51.5151693" lon="5.6239525">
      <ele>26.4</ele>
      <time>2019-08-10T10:01:50Z</time>
    </trkpt>
    <trkpt lat="51.5154573" lon="5.6237374">
      <ele>28.8</ele>
      <time>2019-08-10T10:01:58Z</time>
    </trkpt>
    <trkpt lat="51.5156115" lon="5.6235977">
      <ele>26.6</ele>
      <time>2019-08-10T10:02:02Z</time>
    </trkpt>
    <trkpt lat="51.5156176" lon="5.6233819">
      <ele>21.8</ele>
      <time>2019-08-10T10:02:11Z</time>
    </trkpt>
    <trkpt lat="51.5156137" lon="5.6235055">
      <ele>21.0</ele>
      <time>2019-08-10T10:02:18Z</time>
    </trkpt>
    <trkpt lat="51.5156020" lon="5.6235234">
      <ele>20.6</ele>
      <time>2019-08-10T10:02:20Z</time>
    </trkpt>
    <trkpt lat="51.5151873" lon="5.6237733">
      <ele>12.6</ele>
      <time>2019-08-10T10:02:32Z</time>
    </trkpt>
    <trkpt lat="51.5150996" lon="5.6237489">
      <ele>12.6</ele>
      <time>2019-08-10T10:02:34Z</time>
    </trkpt>
    <trkpt lat="51.5150122" lon="5.6234839">
      <ele>16.0</ele>
      <time>2019-08-10T10:02:41Z</time>
    </trkpt>
    <trkpt lat="51.5150390" lon="5.6231028">
      <ele>17.4</ele>
      <time>2019-08-10T10:31:18Z</time>
    </trkpt>
    <trkpt lat="51.5150241" lon="5.6230304">
      <ele>16.8</ele>
      <time>2019-08-10T10:31:19Z</time>
    </trkpt>
    <trkpt lat="51.5148331" lon="5.6221644">
      <ele>10.0</ele>
      <time>2019-08-10T10:31:29Z</time>
    </trkpt>
    <trkpt lat="51.5147112" lon="5.6216198">
      <ele>9.4</ele>
      <time>2019-08-10T10:31:36Z</time>
    </trkpt>
    <trkpt lat="51.5146961" lon="5.6215401">
      <ele>9.2</ele>
      <time>2019-08-10T10:31:37Z</time>
    </trkpt>
    <trkpt lat="51.5146574" lon="5.6213804">
      <ele>9.6</ele>
      <time>2019-08-10T10:31:39Z</time>
    </trkpt>
    <trkpt lat="51.5146394" lon="5.6212988">
      <ele>9.6</ele>
      <time>2019-08-10T10:31:40Z</time>
    </trkpt>
    <trkpt lat="51.5145885" lon="5.6210524">
      <ele>9.0</ele>
      <time>2019-08-10T10:31:43Z</time>
    </trkpt>
    <trkpt lat="51.5145413" lon="5.6208118">
      <ele>7.8</ele>
      <time>2019-08-10T10:31:46Z</time>
    </trkpt>
    <trkpt lat="51.5145264" lon="5.6207334">
      <ele>7.4</ele>
      <time>2019-08-10T10:31:47Z</time>
    </trkpt>
    <trkpt lat="51.5144788" lon="5.6204938">
      <ele>7.4</ele>
      <time>2019-08-10T10:31:50Z</time>
    </trkpt>
    <trkpt lat="51.5144638" lon="5.6204091">
      <ele>7.6</ele>
      <time>2019-08-10T10:31:51Z</time>
    </trkpt>
    <trkpt lat="51.5143978" lon="5.6200580">
      <ele>7.6</ele>
      <time>2019-08-10T10:31:55Z</time>
    </trkpt>
    <trkpt lat="51.5143509" lon="5.6198065">
      <ele>7.8</ele>
      <time>2019-08-10T10:31:58Z</time>
    </trkpt>
    <trkpt lat="51.5141768" lon="5.6189908">
      <ele>9.4</ele>
      <time>2019-08-10T10:32:08Z</time>
    </trkpt>
    <trkpt lat="51.5140854" lon="5.6185288">
      <ele>10.8</ele>
      <time>2019-08-10T10:32:13Z</time>
    </trkpt>
    <trkpt lat="51.5140713" lon="5.6184329">
      <ele>11.0</ele>
      <time>2019-08-10T10:32:14Z</time>
    </trkpt>
    <trkpt lat="51.5140269" lon="5.6180522">
      <ele>11.6</ele>
      <time>2019-08-10T10:32:18Z</time>
    </trkpt>
    <trkpt lat="51.5139781" lon="5.6176670">
      <ele>11.2</ele>
      <time>2019-08-10T10:32:22Z</time>
    </trkpt>
    <trkpt lat="51.5139293" lon="5.6171903">
      <ele>10.8</ele>
      <time>2019-08-10T10:32:27Z</time>
    </trkpt>
    <trkpt lat="51.5139317" lon="5.6170139">
      <ele>10.0</ele>
      <time>2019-08-10T10:32:29Z</time>
    </trkpt>
    <trkpt lat="51.5139229" lon="5.6163747">
      <ele>10.2</ele>
      <time>2019-08-10T10:32:36Z</time>
    </trkpt>
    <trkpt lat="51.5139188" lon="5.6160192">
      <ele>9.6</ele>
      <time>2019-08-10T10:32:40Z</time>
    </trkpt>
    <trkpt lat="51.5139062" lon="5.6150836">
      <ele>9.2</ele>
      <time>2019-08-10T10:32:50Z</time>
    </trkpt>
    <trkpt lat="51.5138871" lon="5.6144912">
      <ele>7.4</ele>
      <time>2019-08-10T10:35:52Z</time>
    </trkpt>
    <trkpt lat="51.5138925" lon="5.6144477">
      <ele>7.4</ele>
      <time>2019-08-10T10:35:53Z</time>
    </trkpt>
    <trkpt lat="51.5138687" lon="5.6136203">
      <ele>7.2</ele>
      <time>2019-08-10T10:36:04Z</time>
    </trkpt>
    <trkpt lat="51.5138257" lon="5.6127612">
      <ele>7.2</ele>
      <time>2019-08-10T10:36:14Z</time>
    </trkpt>
    <trkpt lat="51.5138187" lon="5.6125944">
      <ele>7.6</ele>
      <time>2019-08-10T10:36:16Z</time>
    </trkpt>
    <trkpt lat="51.5137990" lon="5.6123442">
      <ele>8.0</ele>
      <time>2019-08-10T10:36:19Z</time>
    </trkpt>
    <trkpt lat="51.5137838" lon="5.6120258">
      <ele>8.6</ele>
      <time>2019-08-10T10:36:23Z</time>
    </trkpt>
    <trkpt lat="51.5137837" lon="5.6117917">
      <ele>9.2</ele>
      <time>2019-08-10T10:36:26Z</time>
    </trkpt>
    <trkpt lat="51.5137794" lon="5.6117081">
      <ele>9.4</ele>
      <time>2019-08-10T10:36:27Z</time>
    </trkpt>
    <trkpt lat="51.5137676" lon="5.6113970">
      <ele>9.8</ele>
      <time>2019-08-10T10:36:31Z</time>
    </trkpt>
    <trkpt lat="51.5137577" lon="5.6111422">
      <ele>10.4</ele>
      <time>2019-08-10T10:36:34Z</time>
    </trkpt>
    <trkpt lat="51.5137572" lon="5.6110554">
      <ele>10.4</ele>
      <time>2019-08-10T10:36:35Z</time>
    </trkpt>
    <trkpt lat="51.5137574" lon="5.6109671">
      <ele>10.2</ele>
      <time>2019-08-10T10:36:36Z</time>
    </trkpt>
    <trkpt lat="51.5137591" lon="5.6107861">
      <ele>10.8</ele>
      <time>2019-08-10T10:36:38Z</time>
    </trkpt>
    <trkpt lat="51.5137491" lon="5.6103466">
      <ele>11.6</ele>
      <time>2019-08-10T10:36:43Z</time>
    </trkpt>
    <trkpt lat="51.5137503" lon="5.6100827">
      <ele>11.2</ele>
      <time>2019-08-10T10:36:46Z</time>
    </trkpt>
    <trkpt lat="51.5137495" lon="5.6098152">
      <ele>9.8</ele>
      <time>2019-08-10T10:36:49Z</time>
    </trkpt>
    <trkpt lat="51.5137477" lon="5.6097245">
      <ele>9.6</ele>
      <time>2019-08-10T10:36:50Z</time>
    </trkpt>
    <trkpt lat="51.5137402" lon="5.6095573">
      <ele>10.2</ele>
      <time>2019-08-10T10:36:52Z</time>
    </trkpt>
    <trkpt lat="51.5137342" lon="5.6094750">
      <ele>11.2</ele>
      <time>2019-08-10T10:36:53Z</time>
    </trkpt>
    <trkpt lat="51.5137285" lon="5.6093999">
      <ele>11.2</ele>
      <time>2019-08-10T10:36:54Z</time>
    </trkpt>
    <trkpt lat="51.5137040" lon="5.6092650">
      <ele>11.4</ele>
      <time>2019-08-10T10:36:56Z</time>
    </trkpt>
    <trkpt lat="51.5136659" lon="5.6091307">
      <ele>12.0</ele>
      <time>2019-08-10T10:36:58Z</time>
    </trkpt>
    <trkpt lat="51.5136481" lon="5.6088214">
      <ele>14.8</ele>
      <time>2019-08-10T10:37:03Z</time>
    </trkpt>
    <trkpt lat="51.5136442" lon="5.6087575">
      <ele>15.8</ele>
      <time>2019-08-10T10:37:04Z</time>
    </trkpt>
    <trkpt lat="51.5136280" lon="5.6085621">
      <ele>17.0</ele>
      <time>2019-08-10T10:37:07Z</time>
    </trkpt>
    <trkpt lat="51.5136196" lon="5.6082785">
      <ele>16.8</ele>
      <time>2019-08-10T10:37:11Z</time>
    </trkpt>
    <trkpt lat="51.5136149" lon="5.6082045">
      <ele>16.6</ele>
      <time>2019-08-10T10:37:12Z</time>
    </trkpt>
    <trkpt lat="51.5136018" lon="5.6080038">
      <ele>16.0</ele>
      <time>2019-08-10T10:37:15Z</time>
    </trkpt>
    <trkpt lat="51.5135923" lon="5.6078695">
      <ele>15.2</ele>
      <time>2019-08-10T10:37:17Z</time>
    </trkpt>
    <trkpt lat="51.5135765" lon="5.6077257">
      <ele>14.2</ele>
      <time>2019-08-10T10:37:19Z</time>
    </trkpt>
    <trkpt lat="51.5135565" lon="5.6075117">
      <ele>13.0</ele>
      <time>2019-08-10T10:37:22Z</time>
    </trkpt>
    <trkpt lat="51.5135714" lon="5.6071091">
      <ele>17.0</ele>
      <time>2019-08-10T10:37:29Z</time>
    </trkpt>
    <trkpt lat="51.5136034" lon="5.6069858">
      <ele>17.0</ele>
      <time>2019-08-10T10:37:37Z</time>
    </trkpt>
    <trkpt lat="51.5136050" lon="5.6068516">
      <ele>17.8</ele>
      <time>2019-08-10T10:37:40Z</time>
    </trkpt>
    <trkpt lat="51.5136238" lon="5.6064026">
      <ele>19.0</ele>
      <time>2019-08-10T10:37:46Z</time>
    </trkpt>
    <trkpt lat="51.5136340" lon="5.6056101">
      <ele>21.4</ele>
      <time>2019-08-10T10:37:54Z</time>
    </trkpt>
    <trkpt lat="51.5136272" lon="5.6053091">
      <ele>21.8</ele>
      <time>2019-08-10T10:37:57Z</time>
    </trkpt>
    <trkpt lat="51.5136106" lon="5.6047842">
      <ele>21.4</ele>
      <time>2019-08-10T10:38:02Z</time>
    </trkpt>
    <trkpt lat="51.5136076" lon="5.6046797">
      <ele>21.4</ele>
      <time>2019-08-10T10:38:03Z</time>
    </trkpt>
    <trkpt lat="51.5136038" lon="5.6045724">
      <ele>20.8</ele>
      <time>2019-08-10T10:38:04Z</time>
    </trkpt>
    <trkpt lat="51.5135978" lon="5.6044607">
      <ele>20.8</ele>
      <time>2019-08-10T10:38:05Z</time>
    </trkpt>
    <trkpt lat="51.5135720" lon="5.6036625">
      <ele>16.2</ele>
      <time>2019-08-10T10:38:12Z</time>
    </trkpt>
    <trkpt lat="51.5135520" lon="5.6027627">
      <ele>13.4</ele>
      <time>2019-08-10T10:38:19Z</time>
    </trkpt>
    <trkpt lat="51.5135547" lon="5.6023913">
      <ele>12.2</ele>
      <time>2019-08-10T10:38:22Z</time>
    </trkpt>
    <trkpt lat="51.5135542" lon="5.6020180">
      <ele>11.4</ele>
      <time>2019-08-10T10:38:25Z</time>
    </trkpt>
    <trkpt lat="51.5135530" lon="5.6019003">
      <ele>10.6</ele>
      <time>2019-08-10T10:38:26Z</time>
    </trkpt>
    <trkpt lat="51.5135536" lon="5.6017889">
      <ele>9.8</ele>
      <time>2019-08-10T10:38:27Z</time>
    </trkpt>
    <trkpt lat="51.5135541" lon="5.6016828">
      <ele>10.0</ele>
      <time>2019-08-10T10:38:28Z</time>
    </trkpt>
    <trkpt lat="51.5135339" lon="5.6010287">
      <ele>11.4</ele>
      <time>2019-08-10T10:38:34Z</time>
    </trkpt>
    <trkpt lat="51.5135179" lon="5.6003943">
      <ele>10.6</ele>
      <time>2019-08-10T10:38:40Z</time>
    </trkpt>
    <trkpt lat="51.5135162" lon="5.6001757">
      <ele>11.2</ele>
      <time>2019-08-10T10:38:42Z</time>
    </trkpt>
    <trkpt lat="51.5135153" lon="5.6000658">
      <ele>12.0</ele>
      <time>2019-08-10T10:38:43Z</time>
    </trkpt>
    <trkpt lat="51.5135135" lon="5.5999565">
      <ele>12.6</ele>
      <time>2019-08-10T10:38:44Z</time>
    </trkpt>
    <trkpt lat="51.5135091" lon="5.5997486">
      <ele>12.8</ele>
      <time>2019-08-10T10:38:46Z</time>
    </trkpt>
    <trkpt lat="51.5134819" lon="5.5988767">
      <ele>13.4</ele>
      <time>2019-08-10T10:38:54Z</time>
    </trkpt>
    <trkpt lat="51.5134569" lon="5.5980047">
      <ele>13.2</ele>
      <time>2019-08-10T10:39:02Z</time>
    </trkpt>
    <trkpt lat="51.5134509" lon="5.5975965">
      <ele>13.2</ele>
      <time>2019-08-10T10:39:06Z</time>
    </trkpt>
    <trkpt lat="51.5134437" lon="5.5966557">
      <ele>14.0</ele>
      <time>2019-08-10T10:39:15Z</time>
    </trkpt>
    <trkpt lat="51.5134502" lon="5.5957446">
      <ele>10.2</ele>
      <time>2019-08-10T10:39:25Z</time>
    </trkpt>
    <trkpt lat="51.5135249" lon="5.5948832">
      <ele>0.2</ele>
      <time>2019-08-10T10:39:38Z</time>
    </trkpt>
    <trkpt lat="51.5135048" lon="5.5939838">
      <ele>-3.0</ele>
      <time>2019-08-10T10:39:47Z</time>
    </trkpt>
    <trkpt lat="51.5134357" lon="5.5930606">
      <ele>2.6</ele>
      <time>2019-08-10T10:39:55Z</time>
    </trkpt>
    <trkpt lat="51.5133760" lon="5.5921692">
      <ele>5.4</ele>
      <time>2019-08-10T10:40:03Z</time>
    </trkpt>
    <trkpt lat="51.5133324" lon="5.5912061">
      <ele>11.2</ele>
      <time>2019-08-10T10:40:12Z</time>
    </trkpt>
    <trkpt lat="51.5133174" lon="5.5909029">
      <ele>13.2</ele>
      <time>2019-08-10T10:40:15Z</time>
    </trkpt>
    <trkpt lat="51.5133110" lon="5.5908053">
      <ele>14.2</ele>
      <time>2019-08-10T10:40:16Z</time>
    </trkpt>
    <trkpt lat="51.5132623" lon="5.5898755">
      <ele>18.4</ele>
      <time>2019-08-10T10:40:25Z</time>
    </trkpt>
    <trkpt lat="51.5131481" lon="5.5889566">
      <ele>23.2</ele>
      <time>2019-08-10T10:40:35Z</time>
    </trkpt>
    <trkpt lat="51.5131325" lon="5.5888834">
      <ele>23.6</ele>
      <time>2019-08-10T10:40:36Z</time>
    </trkpt>
    <trkpt lat="51.5130838" lon="5.5887560">
      <ele>24.2</ele>
      <time>2019-08-10T10:40:38Z</time>
    </trkpt>
    <trkpt lat="51.5130425" lon="5.5885146">
      <ele>24.4</ele>
      <time>2019-08-10T10:40:41Z</time>
    </trkpt>
    <trkpt lat="51.5130214" lon="5.5879564">
      <ele>22.6</ele>
      <time>2019-08-10T10:40:47Z</time>
    </trkpt>
    <trkpt lat="51.5130328" lon="5.5877541">
      <ele>21.8</ele>
      <time>2019-08-10T10:40:49Z</time>
    </trkpt>
    <trkpt lat="51.5130796" lon="5.5872367">
      <ele>20.4</ele>
      <time>2019-08-10T10:40:54Z</time>
    </trkpt>
    <trkpt lat="51.5130870" lon="5.5870300">
      <ele>19.6</ele>
      <time>2019-08-10T10:40:56Z</time>
    </trkpt>
    <trkpt lat="51.5130784" lon="5.5861136">
      <ele>17.6</ele>
      <time>2019-08-10T10:41:05Z</time>
    </trkpt>
    <trkpt lat="51.5130167" lon="5.5856185">
      <ele>16.6</ele>
      <time>2019-08-10T10:41:10Z</time>
    </trkpt>
    <trkpt lat="51.5130005" lon="5.5855199">
      <ele>16.4</ele>
      <time>2019-08-10T10:41:11Z</time>
    </trkpt>
    <trkpt lat="51.5129784" lon="5.5854227">
      <ele>16.0</ele>
      <time>2019-08-10T10:41:12Z</time>
    </trkpt>
    <trkpt lat="51.5127877" lon="5.5847902">
      <ele>14.8</ele>
      <time>2019-08-10T10:41:19Z</time>
    </trkpt>
    <trkpt lat="51.5127047" lon="5.5846504">
      <ele>14.0</ele>
      <time>2019-08-10T10:41:21Z</time>
    </trkpt>
    <trkpt lat="51.5125888" lon="5.5844816">
      <ele>14.2</ele>
      <time>2019-08-10T10:41:25Z</time>
    </trkpt>
    <trkpt lat="51.5126130" lon="5.5843686">
      <ele>14.2</ele>
      <time>2019-08-10T10:41:27Z</time>
    </trkpt>
    <trkpt lat="51.5126705" lon="5.5839805">
      <ele>13.4</ele>
      <time>2019-08-10T10:41:35Z</time>
    </trkpt>
    <trkpt lat="51.5125692" lon="5.5845613">
      <ele>16.0</ele>
      <time>2019-08-10T10:41:50Z</time>
    </trkpt>
    <trkpt lat="51.5125622" lon="5.5845865">
      <ele>16.8</ele>
      <time>2019-08-10T10:41:53Z</time>
    </trkpt>
    <trkpt lat="51.5126472" lon="5.5844304">
      <ele>16.6</ele>
      <time>2019-08-10T10:42:56Z</time>
    </trkpt>
    <trkpt lat="51.5126608" lon="5.5843935">
      <ele>16.6</ele>
      <time>2019-08-10T10:42:57Z</time>
    </trkpt>
    <trkpt lat="51.5126835" lon="5.5842113">
      <ele>16.8</ele>
      <time>2019-08-10T10:43:01Z</time>
    </trkpt>
    <trkpt lat="51.5126613" lon="5.5840220">
      <ele>16.2</ele>
      <time>2019-08-10T10:43:04Z</time>
    </trkpt>
    <trkpt lat="51.5125042" lon="5.5834905">
      <ele>15.0</ele>
      <time>2019-08-10T10:43:10Z</time>
    </trkpt>
    <trkpt lat="51.5124488" lon="5.5833062">
      <ele>15.4</ele>
      <time>2019-08-10T10:43:12Z</time>
    </trkpt>
    <trkpt lat="51.5124204" lon="5.5832114">
      <ele>15.6</ele>
      <time>2019-08-10T10:43:13Z</time>
    </trkpt>
    <trkpt lat="51.5123934" lon="5.5831173">
      <ele>15.6</ele>
      <time>2019-08-10T10:43:14Z</time>
    </trkpt>
    <trkpt lat="51.5122201" lon="5.5822541">
      <ele>15.4</ele>
      <time>2019-08-10T10:43:23Z</time>
    </trkpt>
    <trkpt lat="51.5121910" lon="5.5819717">
      <ele>13.4</ele>
      <time>2019-08-10T10:43:26Z</time>
    </trkpt>
    <trkpt lat="51.5121835" lon="5.5817765">
      <ele>12.8</ele>
      <time>2019-08-10T10:43:28Z</time>
    </trkpt>
    <trkpt lat="51.5121698" lon="5.5815752">
      <ele>13.4</ele>
      <time>2019-08-10T10:43:30Z</time>
    </trkpt>
    <trkpt lat="51.5121441" lon="5.5812785">
      <ele>14.2</ele>
      <time>2019-08-10T10:43:33Z</time>
    </trkpt>
    <trkpt lat="51.5121071" lon="5.5807615">
      <ele>13.8</ele>
      <time>2019-08-10T10:43:39Z</time>
    </trkpt>
    <trkpt lat="51.5120856" lon="5.5806315">
      <ele>12.8</ele>
      <time>2019-08-10T10:43:41Z</time>
    </trkpt>
    <trkpt lat="51.5120708" lon="5.5805832">
      <ele>12.4</ele>
      <time>2019-08-10T10:43:42Z</time>
    </trkpt>
    <trkpt lat="51.5120582" lon="5.5805594">
      <ele>11.4</ele>
      <time>2019-08-10T10:43:43Z</time>
    </trkpt>
    <trkpt lat="51.5120439" lon="5.5805565">
      <ele>10.6</ele>
      <time>2019-08-10T10:43:44Z</time>
    </trkpt>
    <trkpt lat="51.5120383" lon="5.5806204">
      <ele>8.6</ele>
      <time>2019-08-10T10:43:46Z</time>
    </trkpt>
    <trkpt lat="51.5120851" lon="5.5808399">
      <ele>4.4</ele>
      <time>2019-08-10T10:43:51Z</time>
    </trkpt>
    <trkpt lat="51.5121297" lon="5.5808866">
      <ele>3.6</ele>
      <time>2019-08-10T10:43:53Z</time>
    </trkpt>
    <trkpt lat="51.5122091" lon="5.5808824">
      <ele>3.6</ele>
      <time>2019-08-10T10:43:57Z</time>
    </trkpt>
    <trkpt lat="51.5123161" lon="5.5808223">
      <ele>7.2</ele>
      <time>2019-08-10T10:44:08Z</time>
    </trkpt>
    <trkpt lat="51.5123312" lon="5.5808103">
      <ele>7.4</ele>
      <time>2019-08-10T10:44:09Z</time>
    </trkpt>
    <trkpt lat="51.5126878" lon="5.5803970">
      <ele>11.8</ele>
      <time>2019-08-10T10:44:20Z</time>
    </trkpt>
    <trkpt lat="51.5128777" lon="5.5801934">
      <ele>10.8</ele>
      <time>2019-08-10T10:44:24Z</time>
    </trkpt>
    <trkpt lat="51.5129420" lon="5.5800475">
      <ele>11.2</ele>
      <time>2019-08-10T10:44:26Z</time>
    </trkpt>
    <trkpt lat="51.5129758" lon="5.5798685">
      <ele>12.0</ele>
      <time>2019-08-10T10:44:28Z</time>
    </trkpt>
    <trkpt lat="51.5129893" lon="5.5796873">
      <ele>13.8</ele>
      <time>2019-08-10T10:44:30Z</time>
    </trkpt>
    <trkpt lat="51.5130038" lon="5.5795062">
      <ele>15.0</ele>
      <time>2019-08-10T10:44:32Z</time>
    </trkpt>
    <trkpt lat="51.5130014" lon="5.5790580">
      <ele>16.2</ele>
      <time>2019-08-10T10:44:37Z</time>
    </trkpt>
    <trkpt lat="51.5129953" lon="5.5787915">
      <ele>17.0</ele>
      <time>2019-08-10T10:44:40Z</time>
    </trkpt>
    <trkpt lat="51.5129657" lon="5.5779336">
      <ele>16.2</ele>
      <time>2019-08-10T10:44:49Z</time>
    </trkpt>
    <trkpt lat="51.5129572" lon="5.5777428">
      <ele>15.6</ele>
      <time>2019-08-10T10:44:51Z</time>
    </trkpt>
    <trkpt lat="51.5128384" lon="5.5768482">
      <ele>16.0</ele>
      <time>2019-08-10T10:45:00Z</time>
    </trkpt>
    <trkpt lat="51.5128088" lon="5.5765751">
      <ele>17.0</ele>
      <time>2019-08-10T10:45:03Z</time>
    </trkpt>
    <trkpt lat="51.5127782" lon="5.5763021">
      <ele>16.0</ele>
      <time>2019-08-10T10:45:06Z</time>
    </trkpt>
    <trkpt lat="51.5127707" lon="5.5762124">
      <ele>16.2</ele>
      <time>2019-08-10T10:45:07Z</time>
    </trkpt>
    <trkpt lat="51.5127629" lon="5.5761257">
      <ele>16.4</ele>
      <time>2019-08-10T10:45:08Z</time>
    </trkpt>
    <trkpt lat="51.5127596" lon="5.5760396">
      <ele>16.8</ele>
      <time>2019-08-10T10:45:09Z</time>
    </trkpt>
    <trkpt lat="51.5127574" lon="5.5759479">
      <ele>16.6</ele>
      <time>2019-08-10T10:45:10Z</time>
    </trkpt>
    <trkpt lat="51.5127515" lon="5.5758582">
      <ele>16.2</ele>
      <time>2019-08-10T10:45:11Z</time>
    </trkpt>
    <trkpt lat="51.5127427" lon="5.5757676">
      <ele>16.4</ele>
      <time>2019-08-10T10:45:12Z</time>
    </trkpt>
    <trkpt lat="51.5127334" lon="5.5756803">
      <ele>16.6</ele>
      <time>2019-08-10T10:45:13Z</time>
    </trkpt>
    <trkpt lat="51.5126842" lon="5.5750967">
      <ele>15.4</ele>
      <time>2019-08-10T10:45:19Z</time>
    </trkpt>
    <trkpt lat="51.5126592" lon="5.5748031">
      <ele>16.2</ele>
      <time>2019-08-10T10:45:22Z</time>
    </trkpt>
    <trkpt lat="51.5126539" lon="5.5747082">
      <ele>16.4</ele>
      <time>2019-08-10T10:45:23Z</time>
    </trkpt>
    <trkpt lat="51.5126448" lon="5.5746143">
      <ele>16.4</ele>
      <time>2019-08-10T10:45:24Z</time>
    </trkpt>
    <trkpt lat="51.5126140" lon="5.5743327">
      <ele>16.0</ele>
      <time>2019-08-10T10:45:27Z</time>
    </trkpt>
    <trkpt lat="51.5126019" lon="5.5741393">
      <ele>14.4</ele>
      <time>2019-08-10T10:45:29Z</time>
    </trkpt>
    <trkpt lat="51.5125781" lon="5.5737535">
      <ele>12.0</ele>
      <time>2019-08-10T10:45:33Z</time>
    </trkpt>
    <trkpt lat="51.5125549" lon="5.5733746">
      <ele>9.6</ele>
      <time>2019-08-10T10:45:37Z</time>
    </trkpt>
    <trkpt lat="51.5124962" lon="5.5725141">
      <ele>6.4</ele>
      <time>2019-08-10T10:45:46Z</time>
    </trkpt>
    <trkpt lat="51.5124871" lon="5.5724226">
      <ele>5.8</ele>
      <time>2019-08-10T10:45:47Z</time>
    </trkpt>
    <trkpt lat="51.5124458" lon="5.5722489">
      <ele>5.2</ele>
      <time>2019-08-10T10:45:49Z</time>
    </trkpt>
    <trkpt lat="51.5121600" lon="5.5715293">
      <ele>8.2</ele>
      <time>2019-08-10T10:45:58Z</time>
    </trkpt>
    <trkpt lat="51.5121224" lon="5.5713467">
      <ele>8.4</ele>
      <time>2019-08-10T10:46:00Z</time>
    </trkpt>
    <trkpt lat="51.5120787" lon="5.5709609">
      <ele>9.2</ele>
      <time>2019-08-10T10:46:04Z</time>
    </trkpt>
    <trkpt lat="51.5120447" lon="5.5705720">
      <ele>9.8</ele>
      <time>2019-08-10T10:46:08Z</time>
    </trkpt>
    <trkpt lat="51.5119938" lon="5.5696511">
      <ele>12.4</ele>
      <time>2019-08-10T10:46:17Z</time>
    </trkpt>
    <trkpt lat="51.5119950" lon="5.5695475">
      <ele>12.8</ele>
      <time>2019-08-10T10:46:18Z</time>
    </trkpt>
    <trkpt lat="51.5120183" lon="5.5692435">
      <ele>13.2</ele>
      <time>2019-08-10T10:46:21Z</time>
    </trkpt>
    <trkpt lat="51.5120187" lon="5.5689405">
      <ele>13.4</ele>
      <time>2019-08-10T10:46:24Z</time>
    </trkpt>
    <trkpt lat="51.5120146" lon="5.5688412">
      <ele>13.8</ele>
      <time>2019-08-10T10:46:25Z</time>
    </trkpt>
    <trkpt lat="51.5120066" lon="5.5687455">
      <ele>13.8</ele>
      <time>2019-08-10T10:46:26Z</time>
    </trkpt>
    <trkpt lat="51.5119947" lon="5.5686501">
      <ele>14.2</ele>
      <time>2019-08-10T10:46:27Z</time>
    </trkpt>
    <trkpt lat="51.5119846" lon="5.5685556">
      <ele>14.4</ele>
      <time>2019-08-10T10:46:28Z</time>
    </trkpt>
    <trkpt lat="51.5119742" lon="5.5684579">
      <ele>14.8</ele>
      <time>2019-08-10T10:46:29Z</time>
    </trkpt>
    <trkpt lat="51.5119654" lon="5.5683560">
      <ele>15.0</ele>
      <time>2019-08-10T10:46:30Z</time>
    </trkpt>
    <trkpt lat="51.5119355" lon="5.5679668">
      <ele>15.2</ele>
      <time>2019-08-10T10:46:34Z</time>
    </trkpt>
    <trkpt lat="51.5118798" lon="5.5675380">
      <ele>14.4</ele>
      <time>2019-08-10T10:46:39Z</time>
    </trkpt>
    <trkpt lat="51.5118577" lon="5.5673733">
      <ele>14.6</ele>
      <time>2019-08-10T10:46:41Z</time>
    </trkpt>
    <trkpt lat="51.5117860" lon="5.5664903">
      <ele>12.6</ele>
      <time>2019-08-10T10:46:51Z</time>
    </trkpt>
    <trkpt lat="51.5117130" lon="5.5659018">
      <ele>12.4</ele>
      <time>2019-08-10T10:46:57Z</time>
    </trkpt>
    <trkpt lat="51.5116298" lon="5.5649857">
      <ele>12.4</ele>
      <time>2019-08-10T10:47:06Z</time>
    </trkpt>
    <trkpt lat="51.5115554" lon="5.5641987">
      <ele>13.0</ele>
      <time>2019-08-10T10:47:14Z</time>
    </trkpt>
    <trkpt lat="51.5115058" lon="5.5632992">
      <ele>12.4</ele>
      <time>2019-08-10T10:47:23Z</time>
    </trkpt>
    <trkpt lat="51.5114653" lon="5.5629883">
      <ele>11.6</ele>
      <time>2019-08-10T10:47:27Z</time>
    </trkpt>
    <trkpt lat="51.5113835" lon="5.5623364">
      <ele>10.0</ele>
      <time>2019-08-10T10:47:35Z</time>
    </trkpt>
    <trkpt lat="51.5113343" lon="5.5617970">
      <ele>9.0</ele>
      <time>2019-08-10T10:47:41Z</time>
    </trkpt>
    <trkpt lat="51.5112571" lon="5.5608543">
      <ele>9.4</ele>
      <time>2019-08-10T10:47:51Z</time>
    </trkpt>
    <trkpt lat="51.5112055" lon="5.5599201">
      <ele>12.2</ele>
      <time>2019-08-10T10:48:00Z</time>
    </trkpt>
    <trkpt lat="51.5111480" lon="5.5590500">
      <ele>11.0</ele>
      <time>2019-08-10T10:48:08Z</time>
    </trkpt>
    <trkpt lat="51.5110542" lon="5.5581363">
      <ele>13.6</ele>
      <time>2019-08-10T10:48:17Z</time>
    </trkpt>
    <trkpt lat="51.5109756" lon="5.5573380">
      <ele>15.4</ele>
      <time>2019-08-10T10:48:25Z</time>
    </trkpt>
    <trkpt lat="51.5108591" lon="5.5564101">
      <ele>13.4</ele>
      <time>2019-08-10T10:48:35Z</time>
    </trkpt>
    <trkpt lat="51.5107765" lon="5.5557449">
      <ele>14.4</ele>
      <time>2019-08-10T10:48:43Z</time>
    </trkpt>
    <trkpt lat="51.5107094" lon="5.5548732">
      <ele>13.2</ele>
      <time>2019-08-10T10:48:53Z</time>
    </trkpt>
    <trkpt lat="51.5106549" lon="5.5539532">
      <ele>8.4</ele>
      <time>2019-08-10T10:49:03Z</time>
    </trkpt>
    <trkpt lat="51.5106225" lon="5.5535211">
      <ele>8.6</ele>
      <time>2019-08-10T10:49:08Z</time>
    </trkpt>
    <trkpt lat="51.5105306" lon="5.5526436">
      <ele>11.8</ele>
      <time>2019-08-10T10:49:18Z</time>
    </trkpt>
    <trkpt lat="51.5104757" lon="5.5517635">
      <ele>15.2</ele>
      <time>2019-08-10T10:49:28Z</time>
    </trkpt>
    <trkpt lat="51.5104150" lon="5.5512956">
      <ele>19.2</ele>
      <time>2019-08-10T10:49:33Z</time>
    </trkpt>
    <trkpt lat="51.5103471" lon="5.5506763">
      <ele>21.4</ele>
      <time>2019-08-10T10:49:39Z</time>
    </trkpt>
    <trkpt lat="51.5103337" lon="5.5505656">
      <ele>21.6</ele>
      <time>2019-08-10T10:49:40Z</time>
    </trkpt>
    <trkpt lat="51.5103064" lon="5.5503551">
      <ele>22.6</ele>
      <time>2019-08-10T10:49:42Z</time>
    </trkpt>
    <trkpt lat="51.5102609" lon="5.5497032">
      <ele>20.2</ele>
      <time>2019-08-10T10:49:48Z</time>
    </trkpt>
    <trkpt lat="51.5101881" lon="5.5487906">
      <ele>17.2</ele>
      <time>2019-08-10T10:49:57Z</time>
    </trkpt>
    <trkpt lat="51.5101105" lon="5.5481059">
      <ele>16.6</ele>
      <time>2019-08-10T10:50:04Z</time>
    </trkpt>
    <trkpt lat="51.5100996" lon="5.5480162">
      <ele>16.6</ele>
      <time>2019-08-10T10:50:05Z</time>
    </trkpt>
    <trkpt lat="51.5100822" lon="5.5478395">
      <ele>16.8</ele>
      <time>2019-08-10T10:50:07Z</time>
    </trkpt>
    <trkpt lat="51.5100743" lon="5.5477517">
      <ele>17.2</ele>
      <time>2019-08-10T10:50:08Z</time>
    </trkpt>
    <trkpt lat="51.5100062" lon="5.5468774">
      <ele>14.6</ele>
      <time>2019-08-10T10:50:17Z</time>
    </trkpt>
    <trkpt lat="51.5099280" lon="5.5461940">
      <ele>14.0</ele>
      <time>2019-08-10T10:50:24Z</time>
    </trkpt>
    <trkpt lat="51.5099169" lon="5.5460897">
      <ele>13.8</ele>
      <time>2019-08-10T10:50:25Z</time>
    </trkpt>
    <trkpt lat="51.5099077" lon="5.5459873">
      <ele>13.4</ele>
      <time>2019-08-10T10:50:26Z</time>
    </trkpt>
    <trkpt lat="51.5098808" lon="5.5456947">
      <ele>13.0</ele>
      <time>2019-08-10T10:50:29Z</time>
    </trkpt>
    <trkpt lat="51.5098486" lon="5.5453101">
      <ele>11.2</ele>
      <time>2019-08-10T10:50:33Z</time>
    </trkpt>
    <trkpt lat="51.5098405" lon="5.5452133">
      <ele>10.6</ele>
      <time>2019-08-10T10:50:34Z</time>
    </trkpt>
    <trkpt lat="51.5098304" lon="5.5451153">
      <ele>10.8</ele>
      <time>2019-08-10T10:50:35Z</time>
    </trkpt>
    <trkpt lat="51.5097992" lon="5.5448315">
      <ele>9.8</ele>
      <time>2019-08-10T10:50:38Z</time>
    </trkpt>
    <trkpt lat="51.5097670" lon="5.5440888">
      <ele>8.0</ele>
      <time>2019-08-10T10:50:46Z</time>
    </trkpt>
    <trkpt lat="51.5097556" lon="5.5439023">
      <ele>7.8</ele>
      <time>2019-08-10T10:50:48Z</time>
    </trkpt>
    <trkpt lat="51.5097473" lon="5.5438106">
      <ele>7.8</ele>
      <time>2019-08-10T10:50:49Z</time>
    </trkpt>
    <trkpt lat="51.5097103" lon="5.5433797">
      <ele>7.4</ele>
      <time>2019-08-10T10:50:54Z</time>
    </trkpt>
    <trkpt lat="51.5097018" lon="5.5432142">
      <ele>6.0</ele>
      <time>2019-08-10T10:50:56Z</time>
    </trkpt>
    <trkpt lat="51.5096526" lon="5.5423458">
      <ele>3.8</ele>
      <time>2019-08-10T10:51:06Z</time>
    </trkpt>
    <trkpt lat="51.5095502" lon="5.5414541">
      <ele>2.4</ele>
      <time>2019-08-10T10:51:15Z</time>
    </trkpt>
    <trkpt lat="51.5094592" lon="5.5405917">
      <ele>5.8</ele>
      <time>2019-08-10T10:51:24Z</time>
    </trkpt>
    <trkpt lat="51.5093565" lon="5.5397255">
      <ele>5.4</ele>
      <time>2019-08-10T10:51:33Z</time>
    </trkpt>
    <trkpt lat="51.5092709" lon="5.5390563">
      <ele>7.0</ele>
      <time>2019-08-10T10:51:40Z</time>
    </trkpt>
    <trkpt lat="51.5091380" lon="5.5374509">
      <ele>10.2</ele>
      <time>2019-08-10T10:52:34Z</time>
    </trkpt>
    <trkpt lat="51.5091389" lon="5.5374481">
      <ele>10.2</ele>
      <time>2019-08-10T10:52:37Z</time>
    </trkpt>
    <trkpt lat="51.5090405" lon="5.5365424">
      <ele>10.6</ele>
      <time>2019-08-10T11:00:58Z</time>
    </trkpt>
    <trkpt lat="51.5090327" lon="5.5364835">
      <ele>10.4</ele>
      <time>2019-08-10T11:00:59Z</time>
    </trkpt>
    <trkpt lat="51.5090276" lon="5.5364222">
      <ele>10.6</ele>
      <time>2019-08-10T11:01:00Z</time>
    </trkpt>
    <trkpt lat="51.5090219" lon="5.5362774">
      <ele>10.6</ele>
      <time>2019-08-10T11:01:02Z</time>
    </trkpt>
    <trkpt lat="51.5090204" lon="5.5361986">
      <ele>10.6</ele>
      <time>2019-08-10T11:01:03Z</time>
    </trkpt>
    <trkpt lat="51.5089228" lon="5.5352628">
      <ele>11.2</ele>
      <time>2019-08-10T11:01:14Z</time>
    </trkpt>
    <trkpt lat="51.5088592" lon="5.5346466">
      <ele>11.0</ele>
      <time>2019-08-10T11:01:21Z</time>
    </trkpt>
    <trkpt lat="51.5088302" lon="5.5343643">
      <ele>11.0</ele>
      <time>2019-08-10T11:01:24Z</time>
    </trkpt>
    <trkpt lat="51.5087963" lon="5.5340755">
      <ele>11.0</ele>
      <time>2019-08-10T11:01:27Z</time>
    </trkpt>
    <trkpt lat="51.5086887" lon="5.5331764">
      <ele>12.4</ele>
      <time>2019-08-10T11:01:36Z</time>
    </trkpt>
    <trkpt lat="51.5086421" lon="5.5326927">
      <ele>13.2</ele>
      <time>2019-08-10T11:01:41Z</time>
    </trkpt>
    <trkpt lat="51.5086232" lon="5.5324980">
      <ele>13.4</ele>
      <time>2019-08-10T11:01:43Z</time>
    </trkpt>
    <trkpt lat="51.5085662" lon="5.5316859">
      <ele>13.8</ele>
      <time>2019-08-10T11:01:51Z</time>
    </trkpt>
    <trkpt lat="51.5085242" lon="5.5311991">
      <ele>13.6</ele>
      <time>2019-08-10T11:01:56Z</time>
    </trkpt>
    <trkpt lat="51.5084313" lon="5.5303307">
      <ele>14.0</ele>
      <time>2019-08-10T11:02:05Z</time>
    </trkpt>
    <trkpt lat="51.5083534" lon="5.5294165">
      <ele>14.2</ele>
      <time>2019-08-10T11:02:14Z</time>
    </trkpt>
    <trkpt lat="51.5082601" lon="5.5285297">
      <ele>14.2</ele>
      <time>2019-08-10T11:02:23Z</time>
    </trkpt>
    <trkpt lat="51.5081881" lon="5.5276030">
      <ele>13.8</ele>
      <time>2019-08-10T11:02:32Z</time>
    </trkpt>
    <trkpt lat="51.5080970" lon="5.5266856">
      <ele>12.8</ele>
      <time>2019-08-10T11:02:41Z</time>
    </trkpt>
    <trkpt lat="51.5079977" lon="5.5257762">
      <ele>12.2</ele>
      <time>2019-08-10T11:02:50Z</time>
    </trkpt>
    <trkpt lat="51.5079820" lon="5.5255817">
      <ele>12.6</ele>
      <time>2019-08-10T11:02:52Z</time>
    </trkpt>
    <trkpt lat="51.5079091" lon="5.5247180">
      <ele>12.6</ele>
      <time>2019-08-10T11:03:01Z</time>
    </trkpt>
    <trkpt lat="51.5078252" lon="5.5237684">
      <ele>12.8</ele>
      <time>2019-08-10T11:03:11Z</time>
    </trkpt>
    <trkpt lat="51.5077685" lon="5.5231692">
      <ele>12.8</ele>
      <time>2019-08-10T11:03:17Z</time>
    </trkpt>
    <trkpt lat="51.5076760" lon="5.5223096">
      <ele>12.2</ele>
      <time>2019-08-10T11:03:26Z</time>
    </trkpt>
    <trkpt lat="51.5076044" lon="5.5214322">
      <ele>11.2</ele>
      <time>2019-08-10T11:03:35Z</time>
    </trkpt>
    <trkpt lat="51.5075807" lon="5.5212367">
      <ele>11.0</ele>
      <time>2019-08-10T11:03:37Z</time>
    </trkpt>
    <trkpt lat="51.5075585" lon="5.5210472">
      <ele>11.0</ele>
      <time>2019-08-10T11:03:39Z</time>
    </trkpt>
    <trkpt lat="51.5075250" lon="5.5206675">
      <ele>11.0</ele>
      <time>2019-08-10T11:03:43Z</time>
    </trkpt>
    <trkpt lat="51.5074211" lon="5.5197427">
      <ele>11.6</ele>
      <time>2019-08-10T11:03:53Z</time>
    </trkpt>
    <trkpt lat="51.5073372" lon="5.5188035">
      <ele>12.4</ele>
      <time>2019-08-10T11:04:03Z</time>
    </trkpt>
    <trkpt lat="51.5072402" lon="5.5179303">
      <ele>15.4</ele>
      <time>2019-08-10T11:04:12Z</time>
    </trkpt>
    <trkpt lat="51.5071902" lon="5.5173349">
      <ele>18.0</ele>
      <time>2019-08-10T11:04:18Z</time>
    </trkpt>
    <trkpt lat="51.5070959" lon="5.5164527">
      <ele>19.4</ele>
      <time>2019-08-10T11:04:27Z</time>
    </trkpt>
    <trkpt lat="51.5070114" lon="5.5155494">
      <ele>20.6</ele>
      <time>2019-08-10T11:04:36Z</time>
    </trkpt>
    <trkpt lat="51.5069749" lon="5.5150529">
      <ele>20.6</ele>
      <time>2019-08-10T11:04:41Z</time>
    </trkpt>
    <trkpt lat="51.5069096" lon="5.5141381">
      <ele>17.8</ele>
      <time>2019-08-10T11:04:50Z</time>
    </trkpt>
    <trkpt lat="51.5068774" lon="5.5137409">
      <ele>16.4</ele>
      <time>2019-08-10T11:04:54Z</time>
    </trkpt>
    <trkpt lat="51.5068217" lon="5.5128579">
      <ele>12.4</ele>
      <time>2019-08-10T11:05:03Z</time>
    </trkpt>
    <trkpt lat="51.5067496" lon="5.5119802">
      <ele>9.4</ele>
      <time>2019-08-10T11:05:12Z</time>
    </trkpt>
    <trkpt lat="51.5066782" lon="5.5112018">
      <ele>8.6</ele>
      <time>2019-08-10T11:05:20Z</time>
    </trkpt>
    <trkpt lat="51.5065910" lon="5.5103231">
      <ele>7.6</ele>
      <time>2019-08-10T11:05:29Z</time>
    </trkpt>
    <trkpt lat="51.5064882" lon="5.5095421">
      <ele>7.8</ele>
      <time>2019-08-10T11:05:40Z</time>
    </trkpt>
    <trkpt lat="51.5063839" lon="5.5086120">
      <ele>9.4</ele>
      <time>2019-08-10T11:05:51Z</time>
    </trkpt>
    <trkpt lat="51.5063740" lon="5.5085230">
      <ele>9.6</ele>
      <time>2019-08-10T11:05:52Z</time>
    </trkpt>
    <trkpt lat="51.5063690" lon="5.5084342">
      <ele>9.4</ele>
      <time>2019-08-10T11:05:53Z</time>
    </trkpt>
    <trkpt lat="51.5063140" lon="5.5077942">
      <ele>9.6</ele>
      <time>2019-08-10T11:06:00Z</time>
    </trkpt>
    <trkpt lat="51.5062998" lon="5.5076078">
      <ele>9.6</ele>
      <time>2019-08-10T11:06:02Z</time>
    </trkpt>
    <trkpt lat="51.5062808" lon="5.5074231">
      <ele>9.8</ele>
      <time>2019-08-10T11:06:04Z</time>
    </trkpt>
    <trkpt lat="51.5062737" lon="5.5073340">
      <ele>10.0</ele>
      <time>2019-08-10T11:06:05Z</time>
    </trkpt>
    <trkpt lat="51.5062657" lon="5.5072442">
      <ele>10.2</ele>
      <time>2019-08-10T11:06:06Z</time>
    </trkpt>
    <trkpt lat="51.5062482" lon="5.5070642">
      <ele>10.2</ele>
      <time>2019-08-10T11:06:08Z</time>
    </trkpt>
    <trkpt lat="51.5062407" lon="5.5069734">
      <ele>10.2</ele>
      <time>2019-08-10T11:06:09Z</time>
    </trkpt>
    <trkpt lat="51.5062311" lon="5.5068825">
      <ele>10.2</ele>
      <time>2019-08-10T11:06:10Z</time>
    </trkpt>
    <trkpt lat="51.5062232" lon="5.5067947">
      <ele>10.0</ele>
      <time>2019-08-10T11:06:11Z</time>
    </trkpt>
    <trkpt lat="51.5062161" lon="5.5067076">
      <ele>9.8</ele>
      <time>2019-08-10T11:06:12Z</time>
    </trkpt>
    <trkpt lat="51.5062026" lon="5.5065334">
      <ele>9.6</ele>
      <time>2019-08-10T11:06:14Z</time>
    </trkpt>
    <trkpt lat="51.5061582" lon="5.5060920">
      <ele>9.6</ele>
      <time>2019-08-10T11:06:19Z</time>
    </trkpt>
    <trkpt lat="51.5061381" lon="5.5059175">
      <ele>9.2</ele>
      <time>2019-08-10T11:06:21Z</time>
    </trkpt>
    <trkpt lat="51.5061285" lon="5.5058328">
      <ele>8.8</ele>
      <time>2019-08-10T11:06:22Z</time>
    </trkpt>
    <trkpt lat="51.5061206" lon="5.5057456">
      <ele>8.6</ele>
      <time>2019-08-10T11:06:23Z</time>
    </trkpt>
    <trkpt lat="51.5061126" lon="5.5056586">
      <ele>8.8</ele>
      <time>2019-08-10T11:06:24Z</time>
    </trkpt>
    <trkpt lat="51.5061042" lon="5.5055727">
      <ele>9.2</ele>
      <time>2019-08-10T11:06:25Z</time>
    </trkpt>
    <trkpt lat="51.5060942" lon="5.5054837">
      <ele>9.2</ele>
      <time>2019-08-10T11:06:26Z</time>
    </trkpt>
    <trkpt lat="51.5060842" lon="5.5053912">
      <ele>9.0</ele>
      <time>2019-08-10T11:06:27Z</time>
    </trkpt>
    <trkpt lat="51.5059857" lon="5.5045230">
      <ele>9.0</ele>
      <time>2019-08-10T11:06:36Z</time>
    </trkpt>
    <trkpt lat="51.5059410" lon="5.5038737">
      <ele>9.0</ele>
      <time>2019-08-10T11:06:43Z</time>
    </trkpt>
    <trkpt lat="51.5059211" lon="5.5035998">
      <ele>8.4</ele>
      <time>2019-08-10T11:06:46Z</time>
    </trkpt>
    <trkpt lat="51.5058187" lon="5.5026836">
      <ele>6.8</ele>
      <time>2019-08-10T11:06:56Z</time>
    </trkpt>
    <trkpt lat="51.5057317" lon="5.5018190">
      <ele>8.8</ele>
      <time>2019-08-10T11:07:06Z</time>
    </trkpt>
    <trkpt lat="51.5057241" lon="5.5017277">
      <ele>9.4</ele>
      <time>2019-08-10T11:07:07Z</time>
    </trkpt>
    <trkpt lat="51.5057149" lon="5.5016388">
      <ele>9.4</ele>
      <time>2019-08-10T11:07:08Z</time>
    </trkpt>
    <trkpt lat="51.5057058" lon="5.5015502">
      <ele>9.8</ele>
      <time>2019-08-10T11:07:09Z</time>
    </trkpt>
    <trkpt lat="51.5056964" lon="5.5014614">
      <ele>10.4</ele>
      <time>2019-08-10T11:07:10Z</time>
    </trkpt>
    <trkpt lat="51.5056053" lon="5.5005722">
      <ele>13.0</ele>
      <time>2019-08-10T11:07:20Z</time>
    </trkpt>
    <trkpt lat="51.5054577" lon="5.4996661">
      <ele>13.0</ele>
      <time>2019-08-10T11:07:30Z</time>
    </trkpt>
    <trkpt lat="51.5052438" lon="5.4990545">
      <ele>10.8</ele>
      <time>2019-08-10T11:07:38Z</time>
    </trkpt>
    <trkpt lat="51.5051624" lon="5.4989353">
      <ele>10.8</ele>
      <time>2019-08-10T11:07:40Z</time>
    </trkpt>
    <trkpt lat="51.5050827" lon="5.4988183">
      <ele>10.4</ele>
      <time>2019-08-10T11:07:42Z</time>
    </trkpt>
    <trkpt lat="51.5050314" lon="5.4986711">
      <ele>10.2</ele>
      <time>2019-08-10T11:07:44Z</time>
    </trkpt>
    <trkpt lat="51.5049881" lon="5.4983546">
      <ele>10.8</ele>
      <time>2019-08-10T11:07:48Z</time>
    </trkpt>
    <trkpt lat="51.5049682" lon="5.4980455">
      <ele>11.0</ele>
      <time>2019-08-10T11:07:52Z</time>
    </trkpt>
    <trkpt lat="51.5049513" lon="5.4978147">
      <ele>10.6</ele>
      <time>2019-08-10T11:07:55Z</time>
    </trkpt>
    <trkpt lat="51.5049338" lon="5.4975842">
      <ele>10.6</ele>
      <time>2019-08-10T11:07:58Z</time>
    </trkpt>
    <trkpt lat="51.5049161" lon="5.4973515">
      <ele>11.0</ele>
      <time>2019-08-10T11:08:01Z</time>
    </trkpt>
    <trkpt lat="51.5049039" lon="5.4971274">
      <ele>10.4</ele>
      <time>2019-08-10T11:08:04Z</time>
    </trkpt>
    <trkpt lat="51.5048817" lon="5.4967800">
      <ele>10.0</ele>
      <time>2019-08-10T11:08:09Z</time>
    </trkpt>
    <trkpt lat="51.5049039" lon="5.4964881">
      <ele>10.6</ele>
      <time>2019-08-10T11:08:14Z</time>
    </trkpt>
    <trkpt lat="51.5050615" lon="5.4962287">
      <ele>12.0</ele>
      <time>2019-08-10T11:08:19Z</time>
    </trkpt>
    <trkpt lat="51.5051704" lon="5.4958883">
      <ele>10.2</ele>
      <time>2019-08-10T11:08:24Z</time>
    </trkpt>
    <trkpt lat="51.5052103" lon="5.4951821">
      <ele>9.4</ele>
      <time>2019-08-10T11:08:33Z</time>
    </trkpt>
    <trkpt lat="51.5051811" lon="5.4945347">
      <ele>9.8</ele>
      <time>2019-08-10T11:08:41Z</time>
    </trkpt>
    <trkpt lat="51.5051704" lon="5.4942297">
      <ele>9.6</ele>
      <time>2019-08-10T11:08:45Z</time>
    </trkpt>
    <trkpt lat="51.5051480" lon="5.4938421">
      <ele>9.6</ele>
      <time>2019-08-10T11:08:50Z</time>
    </trkpt>
    <trkpt lat="51.5051202" lon="5.4934606">
      <ele>9.4</ele>
      <time>2019-08-10T11:08:55Z</time>
    </trkpt>
    <trkpt lat="51.5051119" lon="5.4931740">
      <ele>9.2</ele>
      <time>2019-08-10T11:08:59Z</time>
    </trkpt>
    <trkpt lat="51.5051080" lon="5.4931076">
      <ele>9.2</ele>
      <time>2019-08-10T11:09:00Z</time>
    </trkpt>
    <trkpt lat="51.5050667" lon="5.4927890">
      <ele>9.6</ele>
      <time>2019-08-10T11:09:05Z</time>
    </trkpt>
    <trkpt lat="51.5050449" lon="5.4926214">
      <ele>9.8</ele>
      <time>2019-08-10T11:09:08Z</time>
    </trkpt>
    <trkpt lat="51.5050444" lon="5.4925197">
      <ele>10.0</ele>
      <time>2019-08-10T11:09:15Z</time>
    </trkpt>
    <trkpt lat="51.5050474" lon="5.4925211">
      <ele>10.4</ele>
      <time>2019-08-10T11:09:18Z</time>
    </trkpt>
    <trkpt lat="51.5050487" lon="5.4925153">
      <ele>10.6</ele>
      <time>2019-08-10T11:10:03Z</time>
    </trkpt>
    <trkpt lat="51.5050487" lon="5.4925153">
      <ele>10.6</ele>
      <time>2019-08-10T11:10:04Z</time>
    </trkpt>
    <trkpt lat="51.5050480" lon="5.4925161">
      <ele>10.8</ele>
      <time>2019-08-10T11:10:08Z</time>
    </trkpt>
    <trkpt lat="51.5050485" lon="5.4925197">
      <ele>10.6</ele>
      <time>2019-08-10T11:10:15Z</time>
    </trkpt>
    <trkpt lat="51.5050485" lon="5.4925208">
      <ele>10.8</ele>
      <time>2019-08-10T11:10:23Z</time>
    </trkpt>
    <trkpt lat="51.5050481" lon="5.4925210">
      <ele>10.6</ele>
      <time>2019-08-10T11:10:26Z</time>
    </trkpt>
    <trkpt lat="51.5050482" lon="5.4925200">
      <ele>10.6</ele>
      <time>2019-08-10T11:10:36Z</time>
    </trkpt>
    <trkpt lat="51.5050487" lon="5.4925193">
      <ele>10.8</ele>
      <time>2019-08-10T11:10:41Z</time>
    </trkpt>
    <trkpt lat="51.5050489" lon="5.4925202">
      <ele>10.8</ele>
      <time>2019-08-10T11:10:49Z</time>
    </trkpt>
    <trkpt lat="51.5050479" lon="5.4925205">
      <ele>11.2</ele>
      <time>2019-08-10T11:10:53Z</time>
    </trkpt>
    <trkpt lat="51.5050569" lon="5.4924895">
      <ele>12.6</ele>
      <time>2019-08-10T11:11:00Z</time>
    </trkpt>
    <trkpt lat="51.5052851" lon="5.4924387">
      <ele>13.0</ele>
      <time>2019-08-10T11:11:08Z</time>
    </trkpt>
    <trkpt lat="51.5054375" lon="5.4924036">
      <ele>13.2</ele>
      <time>2019-08-10T11:11:11Z</time>
    </trkpt>
    <trkpt lat="51.5054833" lon="5.4923887">
      <ele>13.2</ele>
      <time>2019-08-10T11:11:12Z</time>
    </trkpt>
    <trkpt lat="51.5060442" lon="5.4922478">
      <ele>13.4</ele>
      <time>2019-08-10T11:11:23Z</time>
    </trkpt>
    <trkpt lat="51.5062368" lon="5.4922070">
      <ele>14.8</ele>
      <time>2019-08-10T11:11:27Z</time>
    </trkpt>
    <trkpt lat="51.5063254" lon="5.4921766">
      <ele>15.2</ele>
      <time>2019-08-10T11:11:29Z</time>
    </trkpt>
    <trkpt lat="51.5063663" lon="5.4921624">
      <ele>15.4</ele>
      <time>2019-08-10T11:11:30Z</time>
    </trkpt>
    <trkpt lat="51.5064046" lon="5.4921472">
      <ele>15.6</ele>
      <time>2019-08-10T11:11:31Z</time>
    </trkpt>
    <trkpt lat="51.5064450" lon="5.4921367">
      <ele>15.4</ele>
      <time>2019-08-10T11:11:32Z</time>
    </trkpt>
    <trkpt lat="51.5064853" lon="5.4921242">
      <ele>15.4</ele>
      <time>2019-08-10T11:11:33Z</time>
    </trkpt>
    <trkpt lat="51.5065262" lon="5.4921149">
      <ele>15.4</ele>
      <time>2019-08-10T11:11:34Z</time>
    </trkpt>
    <trkpt lat="51.5065652" lon="5.4921041">
      <ele>15.4</ele>
      <time>2019-08-10T11:11:35Z</time>
    </trkpt>
    <trkpt lat="51.5066028" lon="5.4920939">
      <ele>15.6</ele>
      <time>2019-08-10T11:11:36Z</time>
    </trkpt>
    <trkpt lat="51.5066424" lon="5.4920839">
      <ele>15.6</ele>
      <time>2019-08-10T11:11:37Z</time>
    </trkpt>
    <trkpt lat="51.5066828" lon="5.4920736">
      <ele>15.6</ele>
      <time>2019-08-10T11:11:38Z</time>
    </trkpt>
    <trkpt lat="51.5067206" lon="5.4920612">
      <ele>15.8</ele>
      <time>2019-08-10T11:11:39Z</time>
    </trkpt>
    <trkpt lat="51.5069428" lon="5.4920311">
      <ele>15.2</ele>
      <time>2019-08-10T11:11:47Z</time>
    </trkpt>
    <trkpt lat="51.5069677" lon="5.4921342">
      <ele>13.6</ele>
      <time>2019-08-10T11:11:49Z</time>
    </trkpt>
    <trkpt lat="51.5069759" lon="5.4922631">
      <ele>12.6</ele>
      <time>2019-08-10T11:11:51Z</time>
    </trkpt>
    <trkpt lat="51.5069827" lon="5.4923958">
      <ele>12.4</ele>
      <time>2019-08-10T11:11:53Z</time>
    </trkpt>
    <trkpt lat="51.5061468" lon="5.4922116">
      <ele>6.0</ele>
      <time>2019-08-10T11:43:08Z</time>
    </trkpt>
    <trkpt lat="51.5060985" lon="5.4921958">
      <ele>6.6</ele>
      <time>2019-08-10T11:43:09Z</time>
    </trkpt>
    <trkpt lat="51.5060235" lon="5.4921613">
      <ele>3.6</ele>
      <time>2019-08-10T11:43:10Z</time>
    </trkpt>
    <trkpt lat="51.5057224" lon="5.4922504">
      <ele>5.2</ele>
      <time>2019-08-10T11:43:16Z</time>
    </trkpt>
    <trkpt lat="51.5055421" lon="5.4922260">
      <ele>8.4</ele>
      <time>2019-08-10T11:43:23Z</time>
    </trkpt>
    <trkpt lat="51.5055241" lon="5.4921468">
      <ele>9.4</ele>
      <time>2019-08-10T11:43:25Z</time>
    </trkpt>
    <trkpt lat="51.5055105" lon="5.4917476">
      <ele>11.2</ele>
      <time>2019-08-10T11:43:33Z</time>
    </trkpt>
    <trkpt lat="51.5054968" lon="5.4914518">
      <ele>11.4</ele>
      <time>2019-08-10T11:43:39Z</time>
    </trkpt>
    <trkpt lat="51.5054967" lon="5.4913993">
      <ele>11.4</ele>
      <time>2019-08-10T11:43:40Z</time>
    </trkpt>
    <trkpt lat="51.5054927" lon="5.4913428">
      <ele>11.6</ele>
      <time>2019-08-10T11:43:41Z</time>
    </trkpt>
    <trkpt lat="51.5054882" lon="5.4912882">
      <ele>11.8</ele>
      <time>2019-08-10T11:43:42Z</time>
    </trkpt>
    <trkpt lat="51.5054836" lon="5.4912317">
      <ele>11.8</ele>
      <time>2019-08-10T11:43:43Z</time>
    </trkpt>
    <trkpt lat="51.5054782" lon="5.4911713">
      <ele>11.4</ele>
      <time>2019-08-10T11:43:44Z</time>
    </trkpt>
    <trkpt lat="51.5054459" lon="5.4906645">
      <ele>7.6</ele>
      <time>2019-08-10T11:43:53Z</time>
    </trkpt>
    <trkpt lat="51.5054269" lon="5.4904249">
      <ele>7.2</ele>
      <time>2019-08-10T11:43:57Z</time>
    </trkpt>
    <trkpt lat="51.5054065" lon="5.4898499">
      <ele>5.6</ele>
      <time>2019-08-10T11:44:06Z</time>
    </trkpt>
    <trkpt lat="51.5053945" lon="5.4897135">
      <ele>5.2</ele>
      <time>2019-08-10T11:44:08Z</time>
    </trkpt>
    <trkpt lat="51.5053821" lon="5.4894912">
      <ele>5.0</ele>
      <time>2019-08-10T11:44:11Z</time>
    </trkpt>
    <trkpt lat="51.5053748" lon="5.4893315">
      <ele>5.2</ele>
      <time>2019-08-10T11:44:13Z</time>
    </trkpt>
    <trkpt lat="51.5053671" lon="5.4891585">
      <ele>5.4</ele>
      <time>2019-08-10T11:44:15Z</time>
    </trkpt>
    <trkpt lat="51.5053587" lon="5.4889834">
      <ele>5.8</ele>
      <time>2019-08-10T11:44:17Z</time>
    </trkpt>
    <trkpt lat="51.5053500" lon="5.4887316">
      <ele>6.4</ele>
      <time>2019-08-10T11:44:20Z</time>
    </trkpt>
    <trkpt lat="51.5053341" lon="5.4883849">
      <ele>7.2</ele>
      <time>2019-08-10T11:44:24Z</time>
    </trkpt>
    <trkpt lat="51.5053004" lon="5.4874432">
      <ele>10.0</ele>
      <time>2019-08-10T11:44:35Z</time>
    </trkpt>
    <trkpt lat="51.5052645" lon="5.4865007">
      <ele>11.2</ele>
      <time>2019-08-10T11:44:46Z</time>
    </trkpt>
    <trkpt lat="51.5052356" lon="5.4856345">
      <ele>12.4</ele>
      <time>2019-08-10T11:44:56Z</time>
    </trkpt>
    <trkpt lat="51.5052044" lon="5.4847152">
      <ele>12.4</ele>
      <time>2019-08-10T11:45:06Z</time>
    </trkpt>
    <trkpt lat="51.5051844" lon="5.4841675">
      <ele>13.4</ele>
      <time>2019-08-10T11:45:12Z</time>
    </trkpt>
    <trkpt lat="51.5051013" lon="5.4832821">
      <ele>19.6</ele>
      <time>2019-08-10T11:45:22Z</time>
    </trkpt>
    <trkpt lat="51.5050186" lon="5.4824222">
      <ele>28.4</ele>
      <time>2019-08-10T11:45:32Z</time>
    </trkpt>
    <trkpt lat="51.5049029" lon="5.4817904">
      <ele>40.0</ele>
      <time>2019-08-10T11:45:39Z</time>
    </trkpt>
    <trkpt lat="51.5049028" lon="5.4808876">
      <ele>38.2</ele>
      <time>2019-08-10T11:45:49Z</time>
    </trkpt>
    <trkpt lat="51.5049487" lon="5.4800192">
      <ele>28.8</ele>
      <time>2019-08-10T11:46:01Z</time>
    </trkpt>
    <trkpt lat="51.5049439" lon="5.4791643">
      <ele>24.4</ele>
      <time>2019-08-10T11:46:13Z</time>
    </trkpt>
    <trkpt lat="51.5049399" lon="5.4790396">
      <ele>24.2</ele>
      <time>2019-08-10T11:46:15Z</time>
    </trkpt>
    <trkpt lat="51.5049148" lon="5.4787313">
      <ele>25.0</ele>
      <time>2019-08-10T11:46:20Z</time>
    </trkpt>
    <trkpt lat="51.5048887" lon="5.4781574">
      <ele>26.4</ele>
      <time>2019-08-10T11:46:28Z</time>
    </trkpt>
    <trkpt lat="51.5048634" lon="5.4779195">
      <ele>27.0</ele>
      <time>2019-08-10T11:46:31Z</time>
    </trkpt>
    <trkpt lat="51.5048153" lon="5.4769925">
      <ele>28.0</ele>
      <time>2019-08-10T11:46:42Z</time>
    </trkpt>
    <trkpt lat="51.5048346" lon="5.4761985">
      <ele>25.2</ele>
      <time>2019-08-10T11:46:52Z</time>
    </trkpt>
    <trkpt lat="51.5048473" lon="5.4755316">
      <ele>21.4</ele>
      <time>2019-08-10T11:47:00Z</time>
    </trkpt>
    <trkpt lat="51.5048496" lon="5.4753509">
      <ele>20.2</ele>
      <time>2019-08-10T11:47:02Z</time>
    </trkpt>
    <trkpt lat="51.5048583" lon="5.4748275">
      <ele>17.8</ele>
      <time>2019-08-10T11:47:08Z</time>
    </trkpt>
    <trkpt lat="51.5048625" lon="5.4741164">
      <ele>15.2</ele>
      <time>2019-08-10T11:47:17Z</time>
    </trkpt>
    <trkpt lat="51.5048627" lon="5.4739568">
      <ele>15.2</ele>
      <time>2019-08-10T11:47:19Z</time>
    </trkpt>
    <trkpt lat="51.5048624" lon="5.4731827">
      <ele>17.2</ele>
      <time>2019-08-10T11:47:29Z</time>
    </trkpt>
    <trkpt lat="51.5048276" lon="5.4722890">
      <ele>17.2</ele>
      <time>2019-08-10T11:47:41Z</time>
    </trkpt>
    <trkpt lat="51.5045327" lon="5.4718823">
      <ele>11.0</ele>
      <time>2019-08-10T11:47:57Z</time>
    </trkpt>
    <trkpt lat="51.5045028" lon="5.4718813">
      <ele>10.4</ele>
      <time>2019-08-10T11:47:58Z</time>
    </trkpt>
    <trkpt lat="51.5044655" lon="5.4718722">
      <ele>9.8</ele>
      <time>2019-08-10T11:48:00Z</time>
    </trkpt>
    <trkpt lat="51.5044539" lon="5.4718765">
      <ele>9.6</ele>
      <time>2019-08-10T11:48:02Z</time>
    </trkpt>
    <trkpt lat="51.5044538" lon="5.4718806">
      <ele>9.4</ele>
      <time>2019-08-10T11:48:03Z</time>
    </trkpt>
    <trkpt lat="51.5044380" lon="5.4719293">
      <ele>11.0</ele>
      <time>2019-08-10T11:49:00Z</time>
    </trkpt>
    <trkpt lat="51.5044151" lon="5.4718803">
      <ele>11.2</ele>
      <time>2019-08-10T11:49:04Z</time>
    </trkpt>
    <trkpt lat="51.5044135" lon="5.4718203">
      <ele>11.2</ele>
      <time>2019-08-10T11:49:06Z</time>
    </trkpt>
    <trkpt lat="51.5044113" lon="5.4715351">
      <ele>11.2</ele>
      <time>2019-08-10T11:49:11Z</time>
    </trkpt>
    <trkpt lat="51.5044092" lon="5.4711715">
      <ele>10.4</ele>
      <time>2019-08-10T11:49:16Z</time>
    </trkpt>
    <trkpt lat="51.5043944" lon="5.4704969">
      <ele>8.8</ele>
      <time>2019-08-10T11:49:24Z</time>
    </trkpt>
    <trkpt lat="51.5043951" lon="5.4704076">
      <ele>8.6</ele>
      <time>2019-08-10T11:49:25Z</time>
    </trkpt>
    <trkpt lat="51.5043946" lon="5.4702175">
      <ele>8.0</ele>
      <time>2019-08-10T11:49:27Z</time>
    </trkpt>
    <trkpt lat="51.5043898" lon="5.4700231">
      <ele>7.8</ele>
      <time>2019-08-10T11:49:29Z</time>
    </trkpt>
    <trkpt lat="51.5043884" lon="5.4699285">
      <ele>7.4</ele>
      <time>2019-08-10T11:49:30Z</time>
    </trkpt>
    <trkpt lat="51.5043846" lon="5.4696434">
      <ele>7.2</ele>
      <time>2019-08-10T11:49:33Z</time>
    </trkpt>
    <trkpt lat="51.5043802" lon="5.4694517">
      <ele>7.0</ele>
      <time>2019-08-10T11:49:35Z</time>
    </trkpt>
    <trkpt lat="51.5043790" lon="5.4693540">
      <ele>7.0</ele>
      <time>2019-08-10T11:49:36Z</time>
    </trkpt>
    <trkpt lat="51.5043749" lon="5.4691625">
      <ele>7.0</ele>
      <time>2019-08-10T11:49:38Z</time>
    </trkpt>
    <trkpt lat="51.5043661" lon="5.4684380">
      <ele>5.8</ele>
      <time>2019-08-10T11:49:46Z</time>
    </trkpt>
    <trkpt lat="51.5043620" lon="5.4682530">
      <ele>5.2</ele>
      <time>2019-08-10T11:49:48Z</time>
    </trkpt>
    <trkpt lat="51.5043572" lon="5.4678715">
      <ele>3.4</ele>
      <time>2019-08-10T11:49:52Z</time>
    </trkpt>
    <trkpt lat="51.5043420" lon="5.4674026">
      <ele>1.8</ele>
      <time>2019-08-10T11:49:57Z</time>
    </trkpt>
    <trkpt lat="51.5043123" lon="5.4664674">
      <ele>0.0</ele>
      <time>2019-08-10T11:50:07Z</time>
    </trkpt>
    <trkpt lat="51.5043124" lon="5.4662845">
      <ele>-1.0</ele>
      <time>2019-08-10T11:50:09Z</time>
    </trkpt>
    <trkpt lat="51.5043138" lon="5.4661890">
      <ele>-1.4</ele>
      <time>2019-08-10T11:50:10Z</time>
    </trkpt>
    <trkpt lat="51.5042994" lon="5.4652897">
      <ele>-5.2</ele>
      <time>2019-08-10T11:50:20Z</time>
    </trkpt>
    <trkpt lat="51.5042864" lon="5.4646273">
      <ele>-9.4</ele>
      <time>2019-08-10T11:50:27Z</time>
    </trkpt>
    <trkpt lat="51.5042785" lon="5.4638258">
      <ele>-9.6</ele>
      <time>2019-08-10T11:50:35Z</time>
    </trkpt>
    <trkpt lat="51.5042077" lon="5.4628988">
      <ele>-2.6</ele>
      <time>2019-08-10T11:50:45Z</time>
    </trkpt>
    <trkpt lat="51.5041806" lon="5.4622579">
      <ele>-3.0</ele>
      <time>2019-08-10T11:50:52Z</time>
    </trkpt>
    <trkpt lat="51.5041453" lon="5.4613182">
      <ele>-6.2</ele>
      <time>2019-08-10T11:51:02Z</time>
    </trkpt>
    <trkpt lat="51.5041238" lon="5.4603668">
      <ele>-5.8</ele>
      <time>2019-08-10T11:51:12Z</time>
    </trkpt>
    <trkpt lat="51.5041083" lon="5.4596841">
      <ele>-6.8</ele>
      <time>2019-08-10T11:51:19Z</time>
    </trkpt>
    <trkpt lat="51.5040860" lon="5.4593773">
      <ele>-6.4</ele>
      <time>2019-08-10T11:51:22Z</time>
    </trkpt>
    <trkpt lat="51.5040748" lon="5.4591785">
      <ele>-7.6</ele>
      <time>2019-08-10T11:51:24Z</time>
    </trkpt>
    <trkpt lat="51.5040652" lon="5.4589742">
      <ele>-7.6</ele>
      <time>2019-08-10T11:51:26Z</time>
    </trkpt>
    <trkpt lat="51.5040623" lon="5.4588758">
      <ele>-7.2</ele>
      <time>2019-08-10T11:51:27Z</time>
    </trkpt>
    <trkpt lat="51.5040574" lon="5.4587743">
      <ele>-7.2</ele>
      <time>2019-08-10T11:51:28Z</time>
    </trkpt>
    <trkpt lat="51.5040259" lon="5.4582914">
      <ele>-9.0</ele>
      <time>2019-08-10T11:51:33Z</time>
    </trkpt>
    <trkpt lat="51.5040112" lon="5.4579925">
      <ele>-9.8</ele>
      <time>2019-08-10T11:51:36Z</time>
    </trkpt>
    <trkpt lat="51.5040051" lon="5.4578936">
      <ele>-10.0</ele>
      <time>2019-08-10T11:51:37Z</time>
    </trkpt>
    <trkpt lat="51.5040021" lon="5.4577996">
      <ele>-11.0</ele>
      <time>2019-08-10T11:51:38Z</time>
    </trkpt>
    <trkpt lat="51.5039565" lon="5.4571386">
      <ele>-13.0</ele>
      <time>2019-08-10T11:51:45Z</time>
    </trkpt>
    <trkpt lat="51.5039472" lon="5.4570432">
      <ele>-13.2</ele>
      <time>2019-08-10T11:51:46Z</time>
    </trkpt>
    <trkpt lat="51.5039420" lon="5.4569504">
      <ele>-13.4</ele>
      <time>2019-08-10T11:51:47Z</time>
    </trkpt>
    <trkpt lat="51.5039331" lon="5.4567611">
      <ele>-13.6</ele>
      <time>2019-08-10T11:51:49Z</time>
    </trkpt>
    <trkpt lat="51.5039308" lon="5.4565760">
      <ele>-14.2</ele>
      <time>2019-08-10T11:51:51Z</time>
    </trkpt>
    <trkpt lat="51.5039291" lon="5.4564848">
      <ele>-14.6</ele>
      <time>2019-08-10T11:51:52Z</time>
    </trkpt>
    <trkpt lat="51.5039221" lon="5.4563020">
      <ele>-15.0</ele>
      <time>2019-08-10T11:51:54Z</time>
    </trkpt>
    <trkpt lat="51.5039286" lon="5.4560247">
      <ele>-15.0</ele>
      <time>2019-08-10T11:51:57Z</time>
    </trkpt>
    <trkpt lat="51.5039298" lon="5.4559311">
      <ele>-14.6</ele>
      <time>2019-08-10T11:51:58Z</time>
    </trkpt>
    <trkpt lat="51.5039164" lon="5.4556540">
      <ele>-13.6</ele>
      <time>2019-08-10T11:52:01Z</time>
    </trkpt>
    <trkpt lat="51.5039170" lon="5.4553783">
      <ele>-12.8</ele>
      <time>2019-08-10T11:52:04Z</time>
    </trkpt>
    <trkpt lat="51.5039078" lon="5.4550114">
      <ele>-10.8</ele>
      <time>2019-08-10T11:52:08Z</time>
    </trkpt>
    <trkpt lat="51.5039057" lon="5.4548324">
      <ele>-10.0</ele>
      <time>2019-08-10T11:52:10Z</time>
    </trkpt>
    <trkpt lat="51.5039033" lon="5.4547454">
      <ele>-9.0</ele>
      <time>2019-08-10T11:52:11Z</time>
    </trkpt>
    <trkpt lat="51.5038985" lon="5.4546574">
      <ele>-8.4</ele>
      <time>2019-08-10T11:52:12Z</time>
    </trkpt>
    <trkpt lat="51.5038946" lon="5.4545658">
      <ele>-7.6</ele>
      <time>2019-08-10T11:52:13Z</time>
    </trkpt>
    <trkpt lat="51.5038943" lon="5.4544770">
      <ele>-7.2</ele>
      <time>2019-08-10T11:52:14Z</time>
    </trkpt>
    <trkpt lat="51.5038969" lon="5.4543904">
      <ele>-7.2</ele>
      <time>2019-08-10T11:52:15Z</time>
    </trkpt>
    <trkpt lat="51.5038805" lon="5.4535095">
      <ele>-7.6</ele>
      <time>2019-08-10T11:52:25Z</time>
    </trkpt>
    <trkpt lat="51.5038674" lon="5.4530696">
      <ele>-9.4</ele>
      <time>2019-08-10T11:52:30Z</time>
    </trkpt>
    <trkpt lat="51.5038461" lon="5.4523551">
      <ele>-16.2</ele>
      <time>2019-08-10T11:52:40Z</time>
    </trkpt>
    <trkpt lat="51.5038433" lon="5.4521450">
      <ele>-16.2</ele>
      <time>2019-08-10T11:52:43Z</time>
    </trkpt>
    <trkpt lat="51.5038274" lon="5.4519650">
      <ele>-14.8</ele>
      <time>2019-08-10T11:52:46Z</time>
    </trkpt>
    <trkpt lat="51.5038248" lon="5.4518219">
      <ele>-15.2</ele>
      <time>2019-08-10T11:52:48Z</time>
    </trkpt>
    <trkpt lat="51.5038137" lon="5.4514751">
      <ele>-13.8</ele>
      <time>2019-08-10T11:52:52Z</time>
    </trkpt>
    <trkpt lat="51.5038096" lon="5.4513827">
      <ele>-13.2</ele>
      <time>2019-08-10T11:52:53Z</time>
    </trkpt>
    <trkpt lat="51.5038011" lon="5.4511967">
      <ele>-12.4</ele>
      <time>2019-08-10T11:52:55Z</time>
    </trkpt>
    <trkpt lat="51.5037993" lon="5.4510136">
      <ele>-12.6</ele>
      <time>2019-08-10T11:52:57Z</time>
    </trkpt>
    <trkpt lat="51.5037772" lon="5.4505481">
      <ele>-13.2</ele>
      <time>2019-08-10T11:53:02Z</time>
    </trkpt>
    <trkpt lat="51.5037638" lon="5.4498498">
      <ele>-11.8</ele>
      <time>2019-08-10T11:53:09Z</time>
    </trkpt>
    <trkpt lat="51.5037626" lon="5.4497537">
      <ele>-12.0</ele>
      <time>2019-08-10T11:53:10Z</time>
    </trkpt>
    <trkpt lat="51.5037594" lon="5.4495542">
      <ele>-12.4</ele>
      <time>2019-08-10T11:53:12Z</time>
    </trkpt>
    <trkpt lat="51.5037250" lon="5.4486189">
      <ele>-8.6</ele>
      <time>2019-08-10T11:53:21Z</time>
    </trkpt>
    <trkpt lat="51.5037177" lon="5.4485102">
      <ele>-8.6</ele>
      <time>2019-08-10T11:53:22Z</time>
    </trkpt>
    <trkpt lat="51.5036802" lon="5.4479450">
      <ele>-6.8</ele>
      <time>2019-08-10T11:53:27Z</time>
    </trkpt>
    <trkpt lat="51.5036533" lon="5.4476141">
      <ele>-4.8</ele>
      <time>2019-08-10T11:53:30Z</time>
    </trkpt>
    <trkpt lat="51.5036468" lon="5.4475026">
      <ele>-4.8</ele>
      <time>2019-08-10T11:53:31Z</time>
    </trkpt>
    <trkpt lat="51.5036415" lon="5.4473882">
      <ele>-4.6</ele>
      <time>2019-08-10T11:53:32Z</time>
    </trkpt>
    <trkpt lat="51.5036283" lon="5.4464657">
      <ele>-3.8</ele>
      <time>2019-08-10T11:53:40Z</time>
    </trkpt>
    <trkpt lat="51.5036257" lon="5.4455464">
      <ele>-1.4</ele>
      <time>2019-08-10T11:53:48Z</time>
    </trkpt>
    <trkpt lat="51.5036048" lon="5.4446392">
      <ele>0.8</ele>
      <time>2019-08-10T11:53:56Z</time>
    </trkpt>
    <trkpt lat="51.5035599" lon="5.4437134">
      <ele>1.4</ele>
      <time>2019-08-10T11:54:05Z</time>
    </trkpt>
    <trkpt lat="51.5035019" lon="5.4429382">
      <ele>1.6</ele>
      <time>2019-08-10T11:54:14Z</time>
    </trkpt>
    <trkpt lat="51.5034867" lon="5.4421444">
      <ele>1.0</ele>
      <time>2019-08-10T11:54:23Z</time>
    </trkpt>
    <trkpt lat="51.5034582" lon="5.4413850">
      <ele>1.4</ele>
      <time>2019-08-10T11:54:31Z</time>
    </trkpt>
    <trkpt lat="51.5034459" lon="5.4409155">
      <ele>0.4</ele>
      <time>2019-08-10T11:54:36Z</time>
    </trkpt>
    <trkpt lat="51.5034334" lon="5.4405459">
      <ele>-0.8</ele>
      <time>2019-08-10T11:54:40Z</time>
    </trkpt>
    <trkpt lat="51.5034175" lon="5.4395903">
      <ele>-0.6</ele>
      <time>2019-08-10T11:54:50Z</time>
    </trkpt>
    <trkpt lat="51.5033864" lon="5.4386590">
      <ele>-2.4</ele>
      <time>2019-08-10T11:55:00Z</time>
    </trkpt>
    <trkpt lat="51.5033825" lon="5.4384778">
      <ele>-2.8</ele>
      <time>2019-08-10T11:55:02Z</time>
    </trkpt>
    <trkpt lat="51.5033451" lon="5.4375473">
      <ele>-4.0</ele>
      <time>2019-08-10T11:55:12Z</time>
    </trkpt>
    <trkpt lat="51.5033318" lon="5.4366696">
      <ele>-7.6</ele>
      <time>2019-08-10T11:55:22Z</time>
    </trkpt>
    <trkpt lat="51.5033256" lon="5.4362962">
      <ele>-7.8</ele>
      <time>2019-08-10T11:55:26Z</time>
    </trkpt>
    <trkpt lat="51.5033209" lon="5.4359150">
      <ele>-6.0</ele>
      <time>2019-08-10T11:55:30Z</time>
    </trkpt>
    <trkpt lat="51.5032836" lon="5.4350238">
      <ele>-4.0</ele>
      <time>2019-08-10T11:55:39Z</time>
    </trkpt>
    <trkpt lat="51.5032567" lon="5.4345343">
      <ele>-3.8</ele>
      <time>2019-08-10T11:55:44Z</time>
    </trkpt>
    <trkpt lat="51.5032293" lon="5.4335774">
      <ele>-6.8</ele>
      <time>2019-08-10T11:55:54Z</time>
    </trkpt>
    <trkpt lat="51.5032182" lon="5.4329638">
      <ele>-6.0</ele>
      <time>2019-08-10T11:56:00Z</time>
    </trkpt>
    <trkpt lat="51.5032011" lon="5.4327577">
      <ele>-5.6</ele>
      <time>2019-08-10T11:56:02Z</time>
    </trkpt>
    <trkpt lat="51.5031918" lon="5.4318411">
      <ele>-6.2</ele>
      <time>2019-08-10T11:56:11Z</time>
    </trkpt>
    <trkpt lat="51.5031637" lon="5.4309363">
      <ele>-6.6</ele>
      <time>2019-08-10T11:56:20Z</time>
    </trkpt>
    <trkpt lat="51.5031428" lon="5.4303607">
      <ele>-8.0</ele>
      <time>2019-08-10T11:56:26Z</time>
    </trkpt>
    <trkpt lat="51.5031391" lon="5.4302686">
      <ele>-8.4</ele>
      <time>2019-08-10T11:56:27Z</time>
    </trkpt>
    <trkpt lat="51.5031368" lon="5.4301793">
      <ele>-8.8</ele>
      <time>2019-08-10T11:56:28Z</time>
    </trkpt>
    <trkpt lat="51.5031311" lon="5.4299915">
      <ele>-8.8</ele>
      <time>2019-08-10T11:56:30Z</time>
    </trkpt>
    <trkpt lat="51.5031256" lon="5.4299028">
      <ele>-9.0</ele>
      <time>2019-08-10T11:56:31Z</time>
    </trkpt>
    <trkpt lat="51.5030942" lon="5.4293307">
      <ele>-9.2</ele>
      <time>2019-08-10T11:56:37Z</time>
    </trkpt>
    <trkpt lat="51.5030629" lon="5.4288540">
      <ele>-8.2</ele>
      <time>2019-08-10T11:56:42Z</time>
    </trkpt>
    <trkpt lat="51.5029949" lon="5.4279662">
      <ele>-4.6</ele>
      <time>2019-08-10T11:56:52Z</time>
    </trkpt>
    <trkpt lat="51.5030061" lon="5.4274062">
      <ele>-4.8</ele>
      <time>2019-08-10T11:56:58Z</time>
    </trkpt>
    <trkpt lat="51.5029609" lon="5.4267473">
      <ele>-3.6</ele>
      <time>2019-08-10T11:57:05Z</time>
    </trkpt>
    <trkpt lat="51.5029389" lon="5.4265070">
      <ele>-1.8</ele>
      <time>2019-08-10T11:57:09Z</time>
    </trkpt>
    <trkpt lat="51.5028189" lon="5.4264346">
      <ele>1.4</ele>
      <time>2019-08-10T11:57:14Z</time>
    </trkpt>
    <trkpt lat="51.5027748" lon="5.4260825">
      <ele>1.2</ele>
      <time>2019-08-10T11:57:20Z</time>
    </trkpt>
    <trkpt lat="51.5027622" lon="5.4251881">
      <ele>1.2</ele>
      <time>2019-08-10T11:57:31Z</time>
    </trkpt>
    <trkpt lat="51.5026827" lon="5.4245329">
      <ele>3.2</ele>
      <time>2019-08-10T11:57:38Z</time>
    </trkpt>
    <trkpt lat="51.5025876" lon="5.4239913">
      <ele>4.4</ele>
      <time>2019-08-10T11:57:44Z</time>
    </trkpt>
    <trkpt lat="51.5025724" lon="5.4239026">
      <ele>5.0</ele>
      <time>2019-08-10T11:57:45Z</time>
    </trkpt>
    <trkpt lat="51.5025581" lon="5.4238144">
      <ele>5.2</ele>
      <time>2019-08-10T11:57:46Z</time>
    </trkpt>
    <trkpt lat="51.5025450" lon="5.4237249">
      <ele>5.4</ele>
      <time>2019-08-10T11:57:47Z</time>
    </trkpt>
    <trkpt lat="51.5025279" lon="5.4236373">
      <ele>5.4</ele>
      <time>2019-08-10T11:57:48Z</time>
    </trkpt>
    <trkpt lat="51.5025106" lon="5.4235536">
      <ele>5.8</ele>
      <time>2019-08-10T11:57:49Z</time>
    </trkpt>
    <trkpt lat="51.5024543" lon="5.4234036">
      <ele>6.8</ele>
      <time>2019-08-10T11:57:51Z</time>
    </trkpt>
    <trkpt lat="51.5024032" lon="5.4232861">
      <ele>8.0</ele>
      <time>2019-08-10T11:57:53Z</time>
    </trkpt>
    <trkpt lat="51.5024072" lon="5.4231689">
      <ele>8.4</ele>
      <time>2019-08-10T11:57:55Z</time>
    </trkpt>
    <trkpt lat="51.5024379" lon="5.4230389">
      <ele>7.2</ele>
      <time>2019-08-10T11:57:57Z</time>
    </trkpt>
    <trkpt lat="51.5024477" lon="5.4228844">
      <ele>6.6</ele>
      <time>2019-08-10T11:57:59Z</time>
    </trkpt>
    <trkpt lat="51.5024437" lon="5.4228019">
      <ele>6.8</ele>
      <time>2019-08-10T11:58:00Z</time>
    </trkpt>
    <trkpt lat="51.5024351" lon="5.4227184">
      <ele>6.6</ele>
      <time>2019-08-10T11:58:01Z</time>
    </trkpt>
    <trkpt lat="51.5024213" lon="5.4226356">
      <ele>6.6</ele>
      <time>2019-08-10T11:58:02Z</time>
    </trkpt>
    <trkpt lat="51.5024015" lon="5.4225536">
      <ele>6.6</ele>
      <time>2019-08-10T11:58:03Z</time>
    </trkpt>
    <trkpt lat="51.5023287" lon="5.4222890">
      <ele>7.4</ele>
      <time>2019-08-10T11:58:06Z</time>
    </trkpt>
    <trkpt lat="51.5022077" lon="5.4218578">
      <ele>8.4</ele>
      <time>2019-08-10T11:58:11Z</time>
    </trkpt>
    <trkpt lat="51.5019470" lon="5.4210362">
      <ele>8.0</ele>
      <time>2019-08-10T11:58:21Z</time>
    </trkpt>
    <trkpt lat="51.5017928" lon="5.4205947">
      <ele>7.4</ele>
      <time>2019-08-10T11:58:26Z</time>
    </trkpt>
    <trkpt lat="51.5017240" lon="5.4204091">
      <ele>7.4</ele>
      <time>2019-08-10T11:58:28Z</time>
    </trkpt>
    <trkpt lat="51.5015327" lon="5.4198673">
      <ele>8.0</ele>
      <time>2019-08-10T11:58:34Z</time>
    </trkpt>
    <trkpt lat="51.5012893" lon="5.4190813">
      <ele>7.2</ele>
      <time>2019-08-10T11:58:43Z</time>
    </trkpt>
    <trkpt lat="51.5012386" lon="5.4189354">
      <ele>8.0</ele>
      <time>2019-08-10T11:58:45Z</time>
    </trkpt>
    <trkpt lat="51.5011954" lon="5.4187837">
      <ele>8.2</ele>
      <time>2019-08-10T11:58:47Z</time>
    </trkpt>
    <trkpt lat="51.5011746" lon="5.4187219">
      <ele>6.8</ele>
      <time>2019-08-10T11:58:48Z</time>
    </trkpt>
    <trkpt lat="51.5011505" lon="5.4186588">
      <ele>5.8</ele>
      <time>2019-08-10T11:58:49Z</time>
    </trkpt>
    <trkpt lat="51.5010437" lon="5.4183764">
      <ele>4.8</ele>
      <time>2019-08-10T11:58:53Z</time>
    </trkpt>
    <trkpt lat="51.5009816" lon="5.4182320">
      <ele>5.0</ele>
      <time>2019-08-10T11:58:55Z</time>
    </trkpt>
    <trkpt lat="51.5007926" lon="5.4177744">
      <ele>6.4</ele>
      <time>2019-08-10T11:59:01Z</time>
    </trkpt>
    <trkpt lat="51.5004553" lon="5.4170322">
      <ele>9.8</ele>
      <time>2019-08-10T11:59:13Z</time>
    </trkpt>
    <trkpt lat="51.5003035" lon="5.4165623">
      <ele>12.6</ele>
      <time>2019-08-10T11:59:27Z</time>
    </trkpt>
    <trkpt lat="51.5005177" lon="5.4155070">
      <ele>15.6</ele>
      <time>2019-08-10T12:02:38Z</time>
    </trkpt>
    <trkpt lat="51.5005005" lon="5.4154461">
      <ele>15.6</ele>
      <time>2019-08-10T12:02:39Z</time>
    </trkpt>
    <trkpt lat="51.5002523" lon="5.4146622">
      <ele>13.0</ele>
      <time>2019-08-10T12:02:48Z</time>
    </trkpt>
    <trkpt lat="51.5000373" lon="5.4140158">
      <ele>10.4</ele>
      <time>2019-08-10T12:02:55Z</time>
    </trkpt>
    <trkpt lat="51.5000080" lon="5.4139224">
      <ele>10.2</ele>
      <time>2019-08-10T12:02:56Z</time>
    </trkpt>
    <trkpt lat="51.4999798" lon="5.4138261">
      <ele>9.8</ele>
      <time>2019-08-10T12:02:57Z</time>
    </trkpt>
    <trkpt lat="51.4999187" lon="5.4136308">
      <ele>9.6</ele>
      <time>2019-08-10T12:02:59Z</time>
    </trkpt>
    <trkpt lat="51.4998898" lon="5.4135316">
      <ele>9.4</ele>
      <time>2019-08-10T12:03:00Z</time>
    </trkpt>
    <trkpt lat="51.4998607" lon="5.4134321">
      <ele>9.6</ele>
      <time>2019-08-10T12:03:01Z</time>
    </trkpt>
    <trkpt lat="51.4997332" lon="5.4129783">
      <ele>9.2</ele>
      <time>2019-08-10T12:03:06Z</time>
    </trkpt>
    <trkpt lat="51.4996099" lon="5.4125598">
      <ele>9.8</ele>
      <time>2019-08-10T12:03:13Z</time>
    </trkpt>
    <trkpt lat="51.4994295" lon="5.4120179">
      <ele>10.4</ele>
      <time>2019-08-10T12:03:21Z</time>
    </trkpt>
    <trkpt lat="51.4993229" lon="5.4117413">
      <ele>10.8</ele>
      <time>2019-08-10T12:03:25Z</time>
    </trkpt>
    <trkpt lat="51.4992980" lon="5.4116685">
      <ele>10.8</ele>
      <time>2019-08-10T12:03:26Z</time>
    </trkpt>
    <trkpt lat="51.4992146" lon="5.4113631">
      <ele>10.4</ele>
      <time>2019-08-10T12:03:30Z</time>
    </trkpt>
    <trkpt lat="51.4990587" lon="5.4108120">
      <ele>11.0</ele>
      <time>2019-08-10T12:03:37Z</time>
    </trkpt>
    <trkpt lat="51.4988753" lon="5.4102826">
      <ele>10.4</ele>
      <time>2019-08-10T12:03:44Z</time>
    </trkpt>
    <trkpt lat="51.4987626" lon="5.4099795">
      <ele>10.2</ele>
      <time>2019-08-10T12:03:48Z</time>
    </trkpt>
    <trkpt lat="51.4987018" lon="5.4098098">
      <ele>9.8</ele>
      <time>2019-08-10T12:03:50Z</time>
    </trkpt>
    <trkpt lat="51.4984003" lon="5.4089829">
      <ele>11.2</ele>
      <time>2019-08-10T12:04:00Z</time>
    </trkpt>
    <trkpt lat="51.4981705" lon="5.4083349">
      <ele>11.0</ele>
      <time>2019-08-10T12:04:08Z</time>
    </trkpt>
    <trkpt lat="51.4979553" lon="5.4078741">
      <ele>12.2</ele>
      <time>2019-08-10T12:04:14Z</time>
    </trkpt>
    <trkpt lat="51.4978915" lon="5.4077186">
      <ele>11.8</ele>
      <time>2019-08-10T12:04:16Z</time>
    </trkpt>
    <trkpt lat="51.4978372" lon="5.4075583">
      <ele>11.4</ele>
      <time>2019-08-10T12:04:18Z</time>
    </trkpt>
    <trkpt lat="51.4978094" lon="5.4074758">
      <ele>11.4</ele>
      <time>2019-08-10T12:04:19Z</time>
    </trkpt>
    <trkpt lat="51.4977815" lon="5.4073930">
      <ele>11.4</ele>
      <time>2019-08-10T12:04:20Z</time>
    </trkpt>
    <trkpt lat="51.4977512" lon="5.4073102">
      <ele>11.6</ele>
      <time>2019-08-10T12:04:21Z</time>
    </trkpt>
    <trkpt lat="51.4977171" lon="5.4072276">
      <ele>11.6</ele>
      <time>2019-08-10T12:04:22Z</time>
    </trkpt>
    <trkpt lat="51.4974404" lon="5.4065707">
      <ele>9.2</ele>
      <time>2019-08-10T12:04:30Z</time>
    </trkpt>
    <trkpt lat="51.4972903" lon="5.4062455">
      <ele>8.0</ele>
      <time>2019-08-10T12:04:34Z</time>
    </trkpt>
    <trkpt lat="51.4969432" lon="5.4054878">
      <ele>5.8</ele>
      <time>2019-08-10T12:04:44Z</time>
    </trkpt>
    <trkpt lat="51.4966594" lon="5.4047171">
      <ele>6.0</ele>
      <time>2019-08-10T12:04:53Z</time>
    </trkpt>
    <trkpt lat="51.4963803" lon="5.4038727">
      <ele>6.2</ele>
      <time>2019-08-10T12:05:03Z</time>
    </trkpt>
    <trkpt lat="51.4961583" lon="5.4032964">
      <ele>7.2</ele>
      <time>2019-08-10T12:05:10Z</time>
    </trkpt>
    <trkpt lat="51.4960312" lon="5.4029765">
      <ele>8.0</ele>
      <time>2019-08-10T12:05:14Z</time>
    </trkpt>
    <trkpt lat="51.4958686" lon="5.4024808">
      <ele>7.4</ele>
      <time>2019-08-10T12:05:20Z</time>
    </trkpt>
    <trkpt lat="51.4956118" lon="5.4017551">
      <ele>8.0</ele>
      <time>2019-08-10T12:05:28Z</time>
    </trkpt>
    <trkpt lat="51.4955806" lon="5.4016745">
      <ele>7.6</ele>
      <time>2019-08-10T12:05:29Z</time>
    </trkpt>
    <trkpt lat="51.4955519" lon="5.4015925">
      <ele>7.2</ele>
      <time>2019-08-10T12:05:30Z</time>
    </trkpt>
    <trkpt lat="51.4955217" lon="5.4015092">
      <ele>6.8</ele>
      <time>2019-08-10T12:05:31Z</time>
    </trkpt>
    <trkpt lat="51.4954961" lon="5.4014288">
      <ele>6.4</ele>
      <time>2019-08-10T12:05:32Z</time>
    </trkpt>
    <trkpt lat="51.4954764" lon="5.4013454">
      <ele>6.2</ele>
      <time>2019-08-10T12:05:33Z</time>
    </trkpt>
    <trkpt lat="51.4954617" lon="5.4012584">
      <ele>6.0</ele>
      <time>2019-08-10T12:05:34Z</time>
    </trkpt>
    <trkpt lat="51.4954171" lon="5.4010131">
      <ele>6.0</ele>
      <time>2019-08-10T12:05:37Z</time>
    </trkpt>
    <trkpt lat="51.4951731" lon="5.4002319">
      <ele>4.8</ele>
      <time>2019-08-10T12:05:47Z</time>
    </trkpt>
    <trkpt lat="51.4950876" lon="5.3999752">
      <ele>4.8</ele>
      <time>2019-08-10T12:05:50Z</time>
    </trkpt>
    <trkpt lat="51.4950561" lon="5.3998894">
      <ele>4.8</ele>
      <time>2019-08-10T12:05:51Z</time>
    </trkpt>
    <trkpt lat="51.4950261" lon="5.3998053">
      <ele>4.6</ele>
      <time>2019-08-10T12:05:52Z</time>
    </trkpt>
    <trkpt lat="51.4949392" lon="5.3995724">
      <ele>5.4</ele>
      <time>2019-08-10T12:05:55Z</time>
    </trkpt>
    <trkpt lat="51.4949110" lon="5.3994950">
      <ele>5.4</ele>
      <time>2019-08-10T12:05:56Z</time>
    </trkpt>
    <trkpt lat="51.4947474" lon="5.3990491">
      <ele>7.2</ele>
      <time>2019-08-10T12:06:02Z</time>
    </trkpt>
    <trkpt lat="51.4947183" lon="5.3989769">
      <ele>7.8</ele>
      <time>2019-08-10T12:06:03Z</time>
    </trkpt>
    <trkpt lat="51.4946881" lon="5.3989029">
      <ele>8.4</ele>
      <time>2019-08-10T12:06:04Z</time>
    </trkpt>
    <trkpt lat="51.4946596" lon="5.3988297">
      <ele>8.6</ele>
      <time>2019-08-10T12:06:05Z</time>
    </trkpt>
    <trkpt lat="51.4946043" lon="5.3986831">
      <ele>8.8</ele>
      <time>2019-08-10T12:06:07Z</time>
    </trkpt>
    <trkpt lat="51.4945459" lon="5.3985384">
      <ele>9.0</ele>
      <time>2019-08-10T12:06:09Z</time>
    </trkpt>
    <trkpt lat="51.4943267" lon="5.3977916">
      <ele>7.2</ele>
      <time>2019-08-10T12:06:21Z</time>
    </trkpt>
    <trkpt lat="51.4943391" lon="5.3975159">
      <ele>8.8</ele>
      <time>2019-08-10T12:06:25Z</time>
    </trkpt>
    <trkpt lat="51.4942729" lon="5.3972842">
      <ele>8.4</ele>
      <time>2019-08-10T12:06:29Z</time>
    </trkpt>
    <trkpt lat="51.4940605" lon="5.3969998">
      <ele>8.8</ele>
      <time>2019-08-10T12:06:36Z</time>
    </trkpt>
    <trkpt lat="51.4937567" lon="5.3962766">
      <ele>11.4</ele>
      <time>2019-08-10T12:06:47Z</time>
    </trkpt>
    <trkpt lat="51.4937079" lon="5.3961363">
      <ele>11.8</ele>
      <time>2019-08-10T12:06:49Z</time>
    </trkpt>
    <trkpt lat="51.4935911" lon="5.3956822">
      <ele>10.2</ele>
      <time>2019-08-10T12:06:55Z</time>
    </trkpt>
    <trkpt lat="51.4935595" lon="5.3954748">
      <ele>9.2</ele>
      <time>2019-08-10T12:06:58Z</time>
    </trkpt>
    <trkpt lat="51.4933200" lon="5.3940118">
      <ele>9.8</ele>
      <time>2019-08-10T12:09:01Z</time>
    </trkpt>
    <trkpt lat="51.4933121" lon="5.3939404">
      <ele>10.2</ele>
      <time>2019-08-10T12:09:02Z</time>
    </trkpt>
    <trkpt lat="51.4932455" lon="5.3935473">
      <ele>10.4</ele>
      <time>2019-08-10T12:09:07Z</time>
    </trkpt>
    <trkpt lat="51.4932298" lon="5.3934674">
      <ele>10.6</ele>
      <time>2019-08-10T12:09:08Z</time>
    </trkpt>
    <trkpt lat="51.4932189" lon="5.3933869">
      <ele>9.8</ele>
      <time>2019-08-10T12:09:09Z</time>
    </trkpt>
    <trkpt lat="51.4931481" lon="5.3924543">
      <ele>2.4</ele>
      <time>2019-08-10T12:09:20Z</time>
    </trkpt>
    <trkpt lat="51.4930941" lon="5.3915503">
      <ele>-1.8</ele>
      <time>2019-08-10T12:09:30Z</time>
    </trkpt>
    <trkpt lat="51.4930662" lon="5.3906122">
      <ele>-1.4</ele>
      <time>2019-08-10T12:09:40Z</time>
    </trkpt>
    <trkpt lat="51.4930764" lon="5.3896620">
      <ele>4.6</ele>
      <time>2019-08-10T12:09:50Z</time>
    </trkpt>
    <trkpt lat="51.4930980" lon="5.3893829">
      <ele>5.0</ele>
      <time>2019-08-10T12:09:53Z</time>
    </trkpt>
    <trkpt lat="51.4931051" lon="5.3890981">
      <ele>5.2</ele>
      <time>2019-08-10T12:09:56Z</time>
    </trkpt>
    <trkpt lat="51.4931563" lon="5.3882643">
      <ele>12.2</ele>
      <time>2019-08-10T12:10:05Z</time>
    </trkpt>
    <trkpt lat="51.4932270" lon="5.3876059">
      <ele>5.8</ele>
      <time>2019-08-10T12:10:12Z</time>
    </trkpt>
    <trkpt lat="51.4932468" lon="5.3875007">
      <ele>5.2</ele>
      <time>2019-08-10T12:10:13Z</time>
    </trkpt>
    <trkpt lat="51.4932577" lon="5.3873866">
      <ele>5.2</ele>
      <time>2019-08-10T12:10:14Z</time>
    </trkpt>
    <trkpt lat="51.4932747" lon="5.3872798">
      <ele>4.6</ele>
      <time>2019-08-10T12:10:15Z</time>
    </trkpt>
    <trkpt lat="51.4932902" lon="5.3871666">
      <ele>4.0</ele>
      <time>2019-08-10T12:10:16Z</time>
    </trkpt>
    <trkpt lat="51.4933038" lon="5.3870550">
      <ele>3.8</ele>
      <time>2019-08-10T12:10:17Z</time>
    </trkpt>
    <trkpt lat="51.4933259" lon="5.3868333">
      <ele>2.8</ele>
      <time>2019-08-10T12:10:19Z</time>
    </trkpt>
    <trkpt lat="51.4933442" lon="5.3866125">
      <ele>2.0</ele>
      <time>2019-08-10T12:10:21Z</time>
    </trkpt>
    <trkpt lat="51.4933733" lon="5.3861396">
      <ele>0.6</ele>
      <time>2019-08-10T12:10:25Z</time>
    </trkpt>
    <trkpt lat="51.4934016" lon="5.3856244">
      <ele>-2.8</ele>
      <time>2019-08-10T12:10:29Z</time>
    </trkpt>
    <trkpt lat="51.4935539" lon="5.3848998">
      <ele>-5.0</ele>
      <time>2019-08-10T12:10:34Z</time>
    </trkpt>
    <trkpt lat="51.4936721" lon="5.3844260">
      <ele>-5.6</ele>
      <time>2019-08-10T12:10:39Z</time>
    </trkpt>
    <trkpt lat="51.4936987" lon="5.3842675">
      <ele>-6.0</ele>
      <time>2019-08-10T12:10:41Z</time>
    </trkpt>
    <trkpt lat="51.4937272" lon="5.3841073">
      <ele>-6.2</ele>
      <time>2019-08-10T12:10:43Z</time>
    </trkpt>
    <trkpt lat="51.4937490" lon="5.3839290">
      <ele>-5.6</ele>
      <time>2019-08-10T12:10:45Z</time>
    </trkpt>
    <trkpt lat="51.4937577" lon="5.3838407">
      <ele>-5.4</ele>
      <time>2019-08-10T12:10:46Z</time>
    </trkpt>
    <trkpt lat="51.4938880" lon="5.3829901">
      <ele>-5.2</ele>
      <time>2019-08-10T12:10:56Z</time>
    </trkpt>
    <trkpt lat="51.4940033" lon="5.3821322">
      <ele>-6.8</ele>
      <time>2019-08-10T12:11:06Z</time>
    </trkpt>
    <trkpt lat="51.4940397" lon="5.3817934">
      <ele>-7.0</ele>
      <time>2019-08-10T12:11:10Z</time>
    </trkpt>
    <trkpt lat="51.4940885" lon="5.3812999">
      <ele>-8.4</ele>
      <time>2019-08-10T12:11:16Z</time>
    </trkpt>
    <trkpt lat="51.4941143" lon="5.3809698">
      <ele>-9.6</ele>
      <time>2019-08-10T12:11:20Z</time>
    </trkpt>
    <trkpt lat="51.4942034" lon="5.3805157">
      <ele>-11.2</ele>
      <time>2019-08-10T12:11:25Z</time>
    </trkpt>
    <trkpt lat="51.4942633" lon="5.3802271">
      <ele>-12.4</ele>
      <time>2019-08-10T12:11:28Z</time>
    </trkpt>
    <trkpt lat="51.4943129" lon="5.3796818">
      <ele>-13.6</ele>
      <time>2019-08-10T12:11:33Z</time>
    </trkpt>
    <trkpt lat="51.4944651" lon="5.3788381">
      <ele>-16.0</ele>
      <time>2019-08-10T12:11:42Z</time>
    </trkpt>
    <trkpt lat="51.4945984" lon="5.3779996">
      <ele>-17.0</ele>
      <time>2019-08-10T12:11:51Z</time>
    </trkpt>
    <trkpt lat="51.4946650" lon="5.3774625">
      <ele>-17.6</ele>
      <time>2019-08-10T12:11:57Z</time>
    </trkpt>
    <trkpt lat="51.4946624" lon="5.3773619">
      <ele>-17.4</ele>
      <time>2019-08-10T12:11:58Z</time>
    </trkpt>
    <trkpt lat="51.4947138" lon="5.3764645">
      <ele>-18.2</ele>
      <time>2019-08-10T12:12:07Z</time>
    </trkpt>
    <trkpt lat="51.4947333" lon="5.3762682">
      <ele>-18.4</ele>
      <time>2019-08-10T12:12:09Z</time>
    </trkpt>
    <trkpt lat="51.4947670" lon="5.3759801">
      <ele>-18.8</ele>
      <time>2019-08-10T12:12:12Z</time>
    </trkpt>
    <trkpt lat="51.4948582" lon="5.3750812">
      <ele>-20.0</ele>
      <time>2019-08-10T12:12:21Z</time>
    </trkpt>
    <trkpt lat="51.4948921" lon="5.3747777">
      <ele>-20.4</ele>
      <time>2019-08-10T12:12:24Z</time>
    </trkpt>
    <trkpt lat="51.4948944" lon="5.3746667">
      <ele>-20.6</ele>
      <time>2019-08-10T12:12:25Z</time>
    </trkpt>
    <trkpt lat="51.4949089" lon="5.3745629">
      <ele>-20.6</ele>
      <time>2019-08-10T12:12:26Z</time>
    </trkpt>
    <trkpt lat="51.4949882" lon="5.3739736">
      <ele>-21.4</ele>
      <time>2019-08-10T12:12:32Z</time>
    </trkpt>
    <trkpt lat="51.4951070" lon="5.3731194">
      <ele>-23.2</ele>
      <time>2019-08-10T12:12:41Z</time>
    </trkpt>
    <trkpt lat="51.4952037" lon="5.3725926">
      <ele>-23.8</ele>
      <time>2019-08-10T12:12:47Z</time>
    </trkpt>
    <trkpt lat="51.4952223" lon="5.3723142">
      <ele>-24.4</ele>
      <time>2019-08-10T12:12:50Z</time>
    </trkpt>
    <trkpt lat="51.4952460" lon="5.3721372">
      <ele>-24.6</ele>
      <time>2019-08-10T12:12:52Z</time>
    </trkpt>
    <trkpt lat="51.4953648" lon="5.3712153">
      <ele>-26.0</ele>
      <time>2019-08-10T12:13:02Z</time>
    </trkpt>
    <trkpt lat="51.4954478" lon="5.3704538">
      <ele>-26.2</ele>
      <time>2019-08-10T12:13:10Z</time>
    </trkpt>
    <trkpt lat="51.4955501" lon="5.3695996">
      <ele>-27.2</ele>
      <time>2019-08-10T12:13:19Z</time>
    </trkpt>
    <trkpt lat="51.4956234" lon="5.3690151">
      <ele>-26.4</ele>
      <time>2019-08-10T12:13:25Z</time>
    </trkpt>
    <trkpt lat="51.4957693" lon="5.3680956">
      <ele>-26.0</ele>
      <time>2019-08-10T12:13:35Z</time>
    </trkpt>
    <trkpt lat="51.4958181" lon="5.3676455">
      <ele>-25.4</ele>
      <time>2019-08-10T12:13:40Z</time>
    </trkpt>
    <trkpt lat="51.4958797" lon="5.3670632">
      <ele>-25.0</ele>
      <time>2019-08-10T12:13:46Z</time>
    </trkpt>
    <trkpt lat="51.4959590" lon="5.3661763">
      <ele>-24.0</ele>
      <time>2019-08-10T12:13:56Z</time>
    </trkpt>
    <trkpt lat="51.4960195" lon="5.3659098">
      <ele>-24.2</ele>
      <time>2019-08-10T12:14:00Z</time>
    </trkpt>
    <trkpt lat="51.4961825" lon="5.3650086">
      <ele>-24.0</ele>
      <time>2019-08-10T12:14:10Z</time>
    </trkpt>
    <trkpt lat="51.4961980" lon="5.3647163">
      <ele>-23.6</ele>
      <time>2019-08-10T12:14:13Z</time>
    </trkpt>
    <trkpt lat="51.4963690" lon="5.3638269">
      <ele>-23.0</ele>
      <time>2019-08-10T12:14:24Z</time>
    </trkpt>
    <trkpt lat="51.4965122" lon="5.3629393">
      <ele>-22.2</ele>
      <time>2019-08-10T12:14:35Z</time>
    </trkpt>
    <trkpt lat="51.4966025" lon="5.3622597">
      <ele>-22.2</ele>
      <time>2019-08-10T12:14:43Z</time>
    </trkpt>
    <trkpt lat="51.4967106" lon="5.3613615">
      <ele>-21.8</ele>
      <time>2019-08-10T12:14:54Z</time>
    </trkpt>
    <trkpt lat="51.4968520" lon="5.3604736">
      <ele>-22.6</ele>
      <time>2019-08-10T12:15:05Z</time>
    </trkpt>
    <trkpt lat="51.4969377" lon="5.3595401">
      <ele>-22.0</ele>
      <time>2019-08-10T12:15:16Z</time>
    </trkpt>
    <trkpt lat="51.4970571" lon="5.3586028">
      <ele>-22.4</ele>
      <time>2019-08-10T12:15:28Z</time>
    </trkpt>
    <trkpt lat="51.4971316" lon="5.3576502">
      <ele>-20.8</ele>
      <time>2019-08-10T12:15:38Z</time>
    </trkpt>
    <trkpt lat="51.4972343" lon="5.3567410">
      <ele>-21.6</ele>
      <time>2019-08-10T12:15:48Z</time>
    </trkpt>
    <trkpt lat="51.4973516" lon="5.3558892">
      <ele>-22.2</ele>
      <time>2019-08-10T12:15:57Z</time>
    </trkpt>
    <trkpt lat="51.4975078" lon="5.3550419">
      <ele>-21.8</ele>
      <time>2019-08-10T12:16:07Z</time>
    </trkpt>
    <trkpt lat="51.4975259" lon="5.3541393">
      <ele>-21.4</ele>
      <time>2019-08-10T12:16:16Z</time>
    </trkpt>
    <trkpt lat="51.4975721" lon="5.3536330">
      <ele>-21.2</ele>
      <time>2019-08-10T12:16:21Z</time>
    </trkpt>
    <trkpt lat="51.4976290" lon="5.3530336">
      <ele>-20.8</ele>
      <time>2019-08-10T12:16:27Z</time>
    </trkpt>
    <trkpt lat="51.4976870" lon="5.3525525">
      <ele>-20.6</ele>
      <time>2019-08-10T12:16:32Z</time>
    </trkpt>
    <trkpt lat="51.4977885" lon="5.3518811">
      <ele>-20.2</ele>
      <time>2019-08-10T12:16:39Z</time>
    </trkpt>
    <trkpt lat="51.4979011" lon="5.3510316">
      <ele>-19.4</ele>
      <time>2019-08-10T12:16:48Z</time>
    </trkpt>
    <trkpt lat="51.4980288" lon="5.3502280">
      <ele>-17.2</ele>
      <time>2019-08-10T12:16:57Z</time>
    </trkpt>
    <trkpt lat="51.4981866" lon="5.3493185">
      <ele>-14.6</ele>
      <time>2019-08-10T12:17:07Z</time>
    </trkpt>
    <trkpt lat="51.4982779" lon="5.3483681">
      <ele>-13.6</ele>
      <time>2019-08-10T12:17:17Z</time>
    </trkpt>
    <trkpt lat="51.4984067" lon="5.3475235">
      <ele>-12.0</ele>
      <time>2019-08-10T12:17:26Z</time>
    </trkpt>
    <trkpt lat="51.4985573" lon="5.3466671">
      <ele>-12.4</ele>
      <time>2019-08-10T12:17:36Z</time>
    </trkpt>
    <trkpt lat="51.4986684" lon="5.3457815">
      <ele>-12.6</ele>
      <time>2019-08-10T12:17:45Z</time>
    </trkpt>
    <trkpt lat="51.4987495" lon="5.3448905">
      <ele>-12.8</ele>
      <time>2019-08-10T12:17:54Z</time>
    </trkpt>
    <trkpt lat="51.4987557" lon="5.3447984">
      <ele>-12.8</ele>
      <time>2019-08-10T12:17:55Z</time>
    </trkpt>
    <trkpt lat="51.4989479" lon="5.3439103">
      <ele>-12.4</ele>
      <time>2019-08-10T12:18:05Z</time>
    </trkpt>
    <trkpt lat="51.4990489" lon="5.3436373">
      <ele>-12.6</ele>
      <time>2019-08-10T12:18:08Z</time>
    </trkpt>
    <trkpt lat="51.4991233" lon="5.3432284">
      <ele>-13.0</ele>
      <time>2019-08-10T12:18:12Z</time>
    </trkpt>
    <trkpt lat="51.4991380" lon="5.3431303">
      <ele>-13.0</ele>
      <time>2019-08-10T12:18:13Z</time>
    </trkpt>
    <trkpt lat="51.4991662" lon="5.3429294">
      <ele>-13.2</ele>
      <time>2019-08-10T12:18:15Z</time>
    </trkpt>
    <trkpt lat="51.4992793" lon="5.3422265">
      <ele>-12.8</ele>
      <time>2019-08-10T12:18:22Z</time>
    </trkpt>
    <trkpt lat="51.4993635" lon="5.3415489">
      <ele>-12.0</ele>
      <time>2019-08-10T12:18:29Z</time>
    </trkpt>
    <trkpt lat="51.4993037" lon="5.3410540">
      <ele>-10.8</ele>
      <time>2019-08-10T12:18:34Z</time>
    </trkpt>
    <trkpt lat="51.4992861" lon="5.3409526">
      <ele>-10.4</ele>
      <time>2019-08-10T12:18:35Z</time>
    </trkpt>
    <trkpt lat="51.4992738" lon="5.3408555">
      <ele>-10.2</ele>
      <time>2019-08-10T12:18:36Z</time>
    </trkpt>
    <trkpt lat="51.4992604" lon="5.3406467">
      <ele>-10.0</ele>
      <time>2019-08-10T12:18:38Z</time>
    </trkpt>
    <trkpt lat="51.4993060" lon="5.3400504">
      <ele>-9.6</ele>
      <time>2019-08-10T12:18:44Z</time>
    </trkpt>
    <trkpt lat="51.4994212" lon="5.3391569">
      <ele>-9.6</ele>
      <time>2019-08-10T12:18:54Z</time>
    </trkpt>
    <trkpt lat="51.4995067" lon="5.3383284">
      <ele>-7.4</ele>
      <time>2019-08-10T12:19:06Z</time>
    </trkpt>
    <trkpt lat="51.4994197" lon="5.3382629">
      <ele>-6.6</ele>
      <time>2019-08-10T12:19:09Z</time>
    </trkpt>
    <trkpt lat="51.4993731" lon="5.3382461">
      <ele>-6.0</ele>
      <time>2019-08-10T12:19:10Z</time>
    </trkpt>
    <trkpt lat="51.4992825" lon="5.3382160">
      <ele>-5.2</ele>
      <time>2019-08-10T12:19:12Z</time>
    </trkpt>
    <trkpt lat="51.4991416" lon="5.3381649">
      <ele>-4.2</ele>
      <time>2019-08-10T12:19:15Z</time>
    </trkpt>
    <trkpt lat="51.4990433" lon="5.3381025">
      <ele>-3.4</ele>
      <time>2019-08-10T12:19:17Z</time>
    </trkpt>
    <trkpt lat="51.4989779" lon="5.3379808">
      <ele>-2.6</ele>
      <time>2019-08-10T12:19:19Z</time>
    </trkpt>
    <trkpt lat="51.4989677" lon="5.3378313">
      <ele>-2.0</ele>
      <time>2019-08-10T12:19:21Z</time>
    </trkpt>
    <trkpt lat="51.4989972" lon="5.3376764">
      <ele>-1.6</ele>
      <time>2019-08-10T12:19:23Z</time>
    </trkpt>
    <trkpt lat="51.4990423" lon="5.3375225">
      <ele>-1.0</ele>
      <time>2019-08-10T12:19:25Z</time>
    </trkpt>
    <trkpt lat="51.4990627" lon="5.3374472">
      <ele>-0.8</ele>
      <time>2019-08-10T12:19:26Z</time>
    </trkpt>
    <trkpt lat="51.4990805" lon="5.3373669">
      <ele>-0.6</ele>
      <time>2019-08-10T12:19:27Z</time>
    </trkpt>
    <trkpt lat="51.4991029" lon="5.3372761">
      <ele>-0.8</ele>
      <time>2019-08-10T12:19:28Z</time>
    </trkpt>
    <trkpt lat="51.4991993" lon="5.3369251">
      <ele>-0.2</ele>
      <time>2019-08-10T12:19:32Z</time>
    </trkpt>
    <trkpt lat="51.4992870" lon="5.3364523">
      <ele>0.6</ele>
      <time>2019-08-10T12:19:37Z</time>
    </trkpt>
    <trkpt lat="51.4993542" lon="5.3357644">
      <ele>1.6</ele>
      <time>2019-08-10T12:19:44Z</time>
    </trkpt>
    <trkpt lat="51.4994462" lon="5.3349059">
      <ele>2.8</ele>
      <time>2019-08-10T12:19:52Z</time>
    </trkpt>
    <trkpt lat="51.4995141" lon="5.3343722">
      <ele>3.6</ele>
      <time>2019-08-10T12:19:57Z</time>
    </trkpt>
    <trkpt lat="51.4996045" lon="5.3334891">
      <ele>5.6</ele>
      <time>2019-08-10T12:20:06Z</time>
    </trkpt>
    <trkpt lat="51.4997167" lon="5.3326116">
      <ele>7.4</ele>
      <time>2019-08-10T12:20:15Z</time>
    </trkpt>
    <trkpt lat="51.4998457" lon="5.3316914">
      <ele>7.8</ele>
      <time>2019-08-10T12:20:24Z</time>
    </trkpt>
    <trkpt lat="51.4999692" lon="5.3307429">
      <ele>7.8</ele>
      <time>2019-08-10T12:20:33Z</time>
    </trkpt>
    <trkpt lat="51.4999832" lon="5.3306410">
      <ele>7.8</ele>
      <time>2019-08-10T12:20:34Z</time>
    </trkpt>
    <trkpt lat="51.5001071" lon="5.3297484">
      <ele>6.8</ele>
      <time>2019-08-10T12:20:44Z</time>
    </trkpt>
    <trkpt lat="51.5001894" lon="5.3290243">
      <ele>5.6</ele>
      <time>2019-08-10T12:20:52Z</time>
    </trkpt>
    <trkpt lat="51.5003133" lon="5.3281784">
      <ele>4.8</ele>
      <time>2019-08-10T12:21:01Z</time>
    </trkpt>
    <trkpt lat="51.5003360" lon="5.3279868">
      <ele>4.6</ele>
      <time>2019-08-10T12:21:03Z</time>
    </trkpt>
    <trkpt lat="51.5003619" lon="5.3277099">
      <ele>4.6</ele>
      <time>2019-08-10T12:21:06Z</time>
    </trkpt>
    <trkpt lat="51.5004107" lon="5.3274284">
      <ele>4.4</ele>
      <time>2019-08-10T12:21:09Z</time>
    </trkpt>
    <trkpt lat="51.5003882" lon="5.3265504">
      <ele>4.8</ele>
      <time>2019-08-10T12:21:19Z</time>
    </trkpt>
    <trkpt lat="51.5003825" lon="5.3263722">
      <ele>5.0</ele>
      <time>2019-08-10T12:21:21Z</time>
    </trkpt>
    <trkpt lat="51.5004217" lon="5.3254724">
      <ele>5.8</ele>
      <time>2019-08-10T12:21:31Z</time>
    </trkpt>
    <trkpt lat="51.5004325" lon="5.3253836">
      <ele>5.8</ele>
      <time>2019-08-10T12:21:32Z</time>
    </trkpt>
    <trkpt lat="51.5004585" lon="5.3252088">
      <ele>6.0</ele>
      <time>2019-08-10T12:21:34Z</time>
    </trkpt>
    <trkpt lat="51.5004717" lon="5.3251204">
      <ele>6.0</ele>
      <time>2019-08-10T12:21:35Z</time>
    </trkpt>
    <trkpt lat="51.5005407" lon="5.3246776">
      <ele>6.2</ele>
      <time>2019-08-10T12:21:40Z</time>
    </trkpt>
    <trkpt lat="51.5007064" lon="5.3237691">
      <ele>6.4</ele>
      <time>2019-08-10T12:21:50Z</time>
    </trkpt>
    <trkpt lat="51.5007448" lon="5.3235863">
      <ele>6.2</ele>
      <time>2019-08-10T12:21:52Z</time>
    </trkpt>
    <trkpt lat="51.5008035" lon="5.3231943">
      <ele>6.4</ele>
      <time>2019-08-10T12:21:56Z</time>
    </trkpt>
    <trkpt lat="51.5008164" lon="5.3231073">
      <ele>6.4</ele>
      <time>2019-08-10T12:21:57Z</time>
    </trkpt>
    <trkpt lat="51.5008404" lon="5.3229294">
      <ele>6.6</ele>
      <time>2019-08-10T12:21:59Z</time>
    </trkpt>
    <trkpt lat="51.5008643" lon="5.3227536">
      <ele>6.8</ele>
      <time>2019-08-10T12:22:01Z</time>
    </trkpt>
    <trkpt lat="51.5008776" lon="5.3226613">
      <ele>6.8</ele>
      <time>2019-08-10T12:22:02Z</time>
    </trkpt>
    <trkpt lat="51.5008902" lon="5.3225666">
      <ele>6.8</ele>
      <time>2019-08-10T12:22:03Z</time>
    </trkpt>
    <trkpt lat="51.5009168" lon="5.3223919">
      <ele>7.0</ele>
      <time>2019-08-10T12:22:05Z</time>
    </trkpt>
    <trkpt lat="51.5009262" lon="5.3223104">
      <ele>7.0</ele>
      <time>2019-08-10T12:22:06Z</time>
    </trkpt>
    <trkpt lat="51.5010330" lon="5.3214596">
      <ele>7.6</ele>
      <time>2019-08-10T12:22:17Z</time>
    </trkpt>
    <trkpt lat="51.5010474" lon="5.3205743">
      <ele>8.4</ele>
      <time>2019-08-10T12:22:28Z</time>
    </trkpt>
    <trkpt lat="51.5010192" lon="5.3198128">
      <ele>8.4</ele>
      <time>2019-08-10T12:22:36Z</time>
    </trkpt>
    <trkpt lat="51.5009991" lon="5.3194122">
      <ele>8.6</ele>
      <time>2019-08-10T12:22:40Z</time>
    </trkpt>
    <trkpt lat="51.5010028" lon="5.3193193">
      <ele>8.6</ele>
      <time>2019-08-10T12:22:41Z</time>
    </trkpt>
    <trkpt lat="51.5010020" lon="5.3188711">
      <ele>8.6</ele>
      <time>2019-08-10T12:22:46Z</time>
    </trkpt>
    <trkpt lat="51.5010053" lon="5.3187908">
      <ele>8.4</ele>
      <time>2019-08-10T12:22:47Z</time>
    </trkpt>
    <trkpt lat="51.5010117" lon="5.3187127">
      <ele>8.4</ele>
      <time>2019-08-10T12:22:48Z</time>
    </trkpt>
    <trkpt lat="51.5010196" lon="5.3186315">
      <ele>8.4</ele>
      <time>2019-08-10T12:22:49Z</time>
    </trkpt>
    <trkpt lat="51.5010336" lon="5.3184643">
      <ele>8.2</ele>
      <time>2019-08-10T12:22:51Z</time>
    </trkpt>
    <trkpt lat="51.5010543" lon="5.3181922">
      <ele>7.8</ele>
      <time>2019-08-10T12:22:54Z</time>
    </trkpt>
    <trkpt lat="51.5010477" lon="5.3179359">
      <ele>7.6</ele>
      <time>2019-08-10T12:22:57Z</time>
    </trkpt>
    <trkpt lat="51.5010303" lon="5.3178591">
      <ele>7.6</ele>
      <time>2019-08-10T12:22:58Z</time>
    </trkpt>
    <trkpt lat="51.5010211" lon="5.3177805">
      <ele>7.8</ele>
      <time>2019-08-10T12:22:59Z</time>
    </trkpt>
    <trkpt lat="51.5010147" lon="5.3177031">
      <ele>7.8</ele>
      <time>2019-08-10T12:23:00Z</time>
    </trkpt>
    <trkpt lat="51.5010109" lon="5.3176291">
      <ele>7.8</ele>
      <time>2019-08-10T12:23:01Z</time>
    </trkpt>
    <trkpt lat="51.5009969" lon="5.3171710">
      <ele>8.2</ele>
      <time>2019-08-10T12:23:07Z</time>
    </trkpt>
    <trkpt lat="51.5009909" lon="5.3170339">
      <ele>8.2</ele>
      <time>2019-08-10T12:23:09Z</time>
    </trkpt>
    <trkpt lat="51.5009898" lon="5.3169667">
      <ele>8.2</ele>
      <time>2019-08-10T12:23:10Z</time>
    </trkpt>
    <trkpt lat="51.5009862" lon="5.3169004">
      <ele>8.2</ele>
      <time>2019-08-10T12:23:11Z</time>
    </trkpt>
    <trkpt lat="51.5009835" lon="5.3167649">
      <ele>8.2</ele>
      <time>2019-08-10T12:23:13Z</time>
    </trkpt>
    <trkpt lat="51.5009387" lon="5.3164278">
      <ele>8.6</ele>
      <time>2019-08-10T12:23:19Z</time>
    </trkpt>
    <trkpt lat="51.5009257" lon="5.3163057">
      <ele>8.8</ele>
      <time>2019-08-10T12:23:22Z</time>
    </trkpt>
    <trkpt lat="51.5009220" lon="5.3162267">
      <ele>9.0</ele>
      <time>2019-08-10T12:23:24Z</time>
    </trkpt>
    <trkpt lat="51.5009227" lon="5.3161854">
      <ele>9.2</ele>
      <time>2019-08-10T12:23:25Z</time>
    </trkpt>
    <trkpt lat="51.5009308" lon="5.3161489">
      <ele>9.4</ele>
      <time>2019-08-10T12:23:26Z</time>
    </trkpt>
    <trkpt lat="51.5014852" lon="5.3159332">
      <ele>11.6</ele>
      <time>2019-08-10T12:23:42Z</time>
    </trkpt>
    <trkpt lat="51.5015254" lon="5.3159221">
      <ele>11.6</ele>
      <time>2019-08-10T12:23:43Z</time>
    </trkpt>
    <trkpt lat="51.5017304" lon="5.3158549">
      <ele>10.8</ele>
      <time>2019-08-10T12:23:48Z</time>
    </trkpt>
    <trkpt lat="51.5018538" lon="5.3158254">
      <ele>10.6</ele>
      <time>2019-08-10T12:23:51Z</time>
    </trkpt>
    <trkpt lat="51.5018899" lon="5.3158181">
      <ele>10.4</ele>
      <time>2019-08-10T12:23:52Z</time>
    </trkpt>
    <trkpt lat="51.5019596" lon="5.3158053">
      <ele>9.8</ele>
      <time>2019-08-10T12:23:54Z</time>
    </trkpt>
    <trkpt lat="51.5020418" lon="5.3157833">
      <ele>8.8</ele>
      <time>2019-08-10T12:23:56Z</time>
    </trkpt>
    <trkpt lat="51.5020793" lon="5.3157734">
      <ele>8.4</ele>
      <time>2019-08-10T12:23:57Z</time>
    </trkpt>
    <trkpt lat="51.5021192" lon="5.3157618">
      <ele>8.4</ele>
      <time>2019-08-10T12:23:58Z</time>
    </trkpt>
    <trkpt lat="51.5022986" lon="5.3157165">
      <ele>7.4</ele>
      <time>2019-08-10T12:24:02Z</time>
    </trkpt>
    <trkpt lat="51.5026790" lon="5.3156297">
      <ele>4.6</ele>
      <time>2019-08-10T12:24:09Z</time>
    </trkpt>
    <trkpt lat="51.5028183" lon="5.3155929">
      <ele>3.0</ele>
      <time>2019-08-10T12:24:11Z</time>
    </trkpt>
    <trkpt lat="51.5030313" lon="5.3155071">
      <ele>1.0</ele>
      <time>2019-08-10T12:24:14Z</time>
    </trkpt>
    <trkpt lat="51.5035756" lon="5.3152246">
      <ele>0.4</ele>
      <time>2019-08-10T12:24:22Z</time>
    </trkpt>
    <trkpt lat="51.5036718" lon="5.3152320">
      <ele>2.0</ele>
      <time>2019-08-10T12:24:25Z</time>
    </trkpt>
    <trkpt lat="51.5036632" lon="5.3153347">
      <ele>2.0</ele>
      <time>2019-08-10T12:24:27Z</time>
    </trkpt>
    <trkpt lat="51.5035509" lon="5.3154181">
      <ele>1.8</ele>
      <time>2019-08-10T12:24:30Z</time>
    </trkpt>
    <trkpt lat="51.5033883" lon="5.3154808">
      <ele>1.6</ele>
      <time>2019-08-10T12:24:35Z</time>
    </trkpt>
    <trkpt lat="51.5033523" lon="5.3155154">
      <ele>1.2</ele>
      <time>2019-08-10T12:24:38Z</time>
    </trkpt>
    <trkpt lat="51.5033260" lon="5.3155395">
      <ele>0.6</ele>
      <time>2019-08-10T12:24:41Z</time>
    </trkpt>
    <trkpt lat="51.5014536" lon="5.3154749">
      <ele>43.2</ele>
      <time>2019-08-10T12:42:22Z</time>
    </trkpt>
    <trkpt lat="51.5014568" lon="5.3148536">
      <ele>16.6</ele>
      <time>2019-08-10T12:42:28Z</time>
    </trkpt>
    <trkpt lat="51.5014616" lon="5.3146510">
      <ele>15.6</ele>
      <time>2019-08-10T12:42:31Z</time>
    </trkpt>
    <trkpt lat="51.5014430" lon="5.3144791">
      <ele>12.2</ele>
      <time>2019-08-10T12:42:33Z</time>
    </trkpt>
    <trkpt lat="51.5014002" lon="5.3140978">
      <ele>12.0</ele>
      <time>2019-08-10T12:42:38Z</time>
    </trkpt>
    <trkpt lat="51.5013817" lon="5.3138769">
      <ele>10.6</ele>
      <time>2019-08-10T12:42:41Z</time>
    </trkpt>
    <trkpt lat="51.5013663" lon="5.3135842">
      <ele>11.6</ele>
      <time>2019-08-10T12:42:45Z</time>
    </trkpt>
    <trkpt lat="51.5013671" lon="5.3135100">
      <ele>11.4</ele>
      <time>2019-08-10T12:42:46Z</time>
    </trkpt>
    <trkpt lat="51.5013685" lon="5.3134349">
      <ele>11.2</ele>
      <time>2019-08-10T12:42:47Z</time>
    </trkpt>
    <trkpt lat="51.5013687" lon="5.3132763">
      <ele>10.8</ele>
      <time>2019-08-10T12:42:49Z</time>
    </trkpt>
    <trkpt lat="51.5013669" lon="5.3130352">
      <ele>11.0</ele>
      <time>2019-08-10T12:42:52Z</time>
    </trkpt>
    <trkpt lat="51.5013654" lon="5.3129514">
      <ele>11.0</ele>
      <time>2019-08-10T12:42:53Z</time>
    </trkpt>
    <trkpt lat="51.5013614" lon="5.3128682">
      <ele>10.8</ele>
      <time>2019-08-10T12:42:54Z</time>
    </trkpt>
    <trkpt lat="51.5013560" lon="5.3127867">
      <ele>10.4</ele>
      <time>2019-08-10T12:42:55Z</time>
    </trkpt>
    <trkpt lat="51.5013459" lon="5.3127062">
      <ele>10.0</ele>
      <time>2019-08-10T12:42:56Z</time>
    </trkpt>
    <trkpt lat="51.5013234" lon="5.3125465">
      <ele>9.6</ele>
      <time>2019-08-10T12:42:58Z</time>
    </trkpt>
    <trkpt lat="51.5012694" lon="5.3121670">
      <ele>10.2</ele>
      <time>2019-08-10T12:43:03Z</time>
    </trkpt>
    <trkpt lat="51.5012558" lon="5.3120972">
      <ele>10.4</ele>
      <time>2019-08-10T12:43:04Z</time>
    </trkpt>
    <trkpt lat="51.5012372" lon="5.3119664">
      <ele>11.4</ele>
      <time>2019-08-10T12:43:06Z</time>
    </trkpt>
    <trkpt lat="51.5012597" lon="5.3118189">
      <ele>11.8</ele>
      <time>2019-08-10T12:43:08Z</time>
    </trkpt>
    <trkpt lat="51.5013100" lon="5.3115076">
      <ele>12.4</ele>
      <time>2019-08-10T12:43:12Z</time>
    </trkpt>
    <trkpt lat="51.5013038" lon="5.3114281">
      <ele>12.6</ele>
      <time>2019-08-10T12:43:13Z</time>
    </trkpt>
    <trkpt lat="51.5012875" lon="5.3113489">
      <ele>12.6</ele>
      <time>2019-08-10T12:43:14Z</time>
    </trkpt>
    <trkpt lat="51.5012103" lon="5.3111323">
      <ele>11.8</ele>
      <time>2019-08-10T12:43:17Z</time>
    </trkpt>
    <trkpt lat="51.5011789" lon="5.3110607">
      <ele>11.6</ele>
      <time>2019-08-10T12:43:18Z</time>
    </trkpt>
    <trkpt lat="51.5011338" lon="5.3109097">
      <ele>11.4</ele>
      <time>2019-08-10T12:43:20Z</time>
    </trkpt>
    <trkpt lat="51.5011156" lon="5.3105031">
      <ele>12.6</ele>
      <time>2019-08-10T12:43:25Z</time>
    </trkpt>
    <trkpt lat="51.5011140" lon="5.3103372">
      <ele>12.2</ele>
      <time>2019-08-10T12:43:27Z</time>
    </trkpt>
    <trkpt lat="51.5011124" lon="5.3102521">
      <ele>12.0</ele>
      <time>2019-08-10T12:43:28Z</time>
    </trkpt>
    <trkpt lat="51.5011096" lon="5.3099995">
      <ele>10.8</ele>
      <time>2019-08-10T12:43:31Z</time>
    </trkpt>
    <trkpt lat="51.5011060" lon="5.3099135">
      <ele>10.2</ele>
      <time>2019-08-10T12:43:32Z</time>
    </trkpt>
    <trkpt lat="51.5011018" lon="5.3097399">
      <ele>9.6</ele>
      <time>2019-08-10T12:43:34Z</time>
    </trkpt>
    <trkpt lat="51.5010978" lon="5.3095694">
      <ele>9.2</ele>
      <time>2019-08-10T12:43:36Z</time>
    </trkpt>
    <trkpt lat="51.5010851" lon="5.3093140">
      <ele>9.2</ele>
      <time>2019-08-10T12:43:39Z</time>
    </trkpt>
    <trkpt lat="51.5010802" lon="5.3092272">
      <ele>9.2</ele>
      <time>2019-08-10T12:43:40Z</time>
    </trkpt>
    <trkpt lat="51.5010748" lon="5.3091385">
      <ele>9.6</ele>
      <time>2019-08-10T12:43:41Z</time>
    </trkpt>
    <trkpt lat="51.5010515" lon="5.3088755">
      <ele>10.2</ele>
      <time>2019-08-10T12:43:44Z</time>
    </trkpt>
    <trkpt lat="51.5010479" lon="5.3087888">
      <ele>10.2</ele>
      <time>2019-08-10T12:43:45Z</time>
    </trkpt>
    <trkpt lat="51.5010136" lon="5.3082013">
      <ele>8.2</ele>
      <time>2019-08-10T12:43:52Z</time>
    </trkpt>
    <trkpt lat="51.5009857" lon="5.3078949">
      <ele>7.2</ele>
      <time>2019-08-10T12:43:56Z</time>
    </trkpt>
    <trkpt lat="51.5009567" lon="5.3075163">
      <ele>7.0</ele>
      <time>2019-08-10T12:44:02Z</time>
    </trkpt>
    <trkpt lat="51.5009267" lon="5.3070918">
      <ele>8.2</ele>
      <time>2019-08-10T12:44:08Z</time>
    </trkpt>
    <trkpt lat="51.5008807" lon="5.3063898">
      <ele>11.2</ele>
      <time>2019-08-10T12:44:18Z</time>
    </trkpt>
    <trkpt lat="51.5008073" lon="5.3055234">
      <ele>11.8</ele>
      <time>2019-08-10T12:44:29Z</time>
    </trkpt>
    <trkpt lat="51.5007698" lon="5.3050141">
      <ele>11.0</ele>
      <time>2019-08-10T12:44:36Z</time>
    </trkpt>
    <trkpt lat="51.5007806" lon="5.3049867">
      <ele>9.6</ele>
      <time>2019-08-10T12:45:00Z</time>
    </trkpt>
    <trkpt lat="51.5007818" lon="5.3049901">
      <ele>9.4</ele>
      <time>2019-08-10T12:45:07Z</time>
    </trkpt>
    <trkpt lat="51.5007880" lon="5.3049899">
      <ele>9.4</ele>
      <time>2019-08-10T12:45:13Z</time>
    </trkpt>
    <trkpt lat="51.5007878" lon="5.3049909">
      <ele>9.6</ele>
      <time>2019-08-10T12:45:17Z</time>
    </trkpt>
    <trkpt lat="51.5007871" lon="5.3049934">
      <ele>9.6</ele>
      <time>2019-08-10T12:45:19Z</time>
    </trkpt>
    <trkpt lat="51.5007790" lon="5.3049957">
      <ele>9.6</ele>
      <time>2019-08-10T12:45:23Z</time>
    </trkpt>
    <trkpt lat="51.5007759" lon="5.3049868">
      <ele>9.6</ele>
      <time>2019-08-10T12:45:28Z</time>
    </trkpt>
    <trkpt lat="51.5007842" lon="5.3049865">
      <ele>9.6</ele>
      <time>2019-08-10T12:45:31Z</time>
    </trkpt>
    <trkpt lat="51.5007741" lon="5.3049110">
      <ele>9.6</ele>
      <time>2019-08-10T12:45:35Z</time>
    </trkpt>
    <trkpt lat="51.5007716" lon="5.3048795">
      <ele>9.6</ele>
      <time>2019-08-10T12:45:36Z</time>
    </trkpt>
    <trkpt lat="51.5007655" lon="5.3048450">
      <ele>9.8</ele>
      <time>2019-08-10T12:45:37Z</time>
    </trkpt>
    <trkpt lat="51.5007605" lon="5.3048068">
      <ele>9.8</ele>
      <time>2019-08-10T12:45:38Z</time>
    </trkpt>
    <trkpt lat="51.5007558" lon="5.3047701">
      <ele>9.8</ele>
      <time>2019-08-10T12:45:39Z</time>
    </trkpt>
    <trkpt lat="51.5007386" lon="5.3046487">
      <ele>9.8</ele>
      <time>2019-08-10T12:45:43Z</time>
    </trkpt>
    <trkpt lat="51.5007387" lon="5.3045521">
      <ele>10.0</ele>
      <time>2019-08-10T12:45:48Z</time>
    </trkpt>
    <trkpt lat="51.5007318" lon="5.3043418">
      <ele>9.8</ele>
      <time>2019-08-10T12:46:18Z</time>
    </trkpt>
    <trkpt lat="51.5007284" lon="5.3042886">
      <ele>9.8</ele>
      <time>2019-08-10T12:46:19Z</time>
    </trkpt>
    <trkpt lat="51.5007062" lon="5.3037847">
      <ele>10.6</ele>
      <time>2019-08-10T12:46:27Z</time>
    </trkpt>
    <trkpt lat="51.5010033" lon="5.3032149">
      <ele>9.4</ele>
      <time>2019-08-10T12:46:43Z</time>
    </trkpt>
    <trkpt lat="51.5008580" lon="5.3027638">
      <ele>8.2</ele>
      <time>2019-08-10T12:46:50Z</time>
    </trkpt>
    <trkpt lat="51.5008013" lon="5.3025334">
      <ele>8.4</ele>
      <time>2019-08-10T12:46:53Z</time>
    </trkpt>
    <trkpt lat="51.5007884" lon="5.3023668">
      <ele>8.2</ele>
      <time>2019-08-10T12:46:55Z</time>
    </trkpt>
    <trkpt lat="51.5007820" lon="5.3021935">
      <ele>8.2</ele>
      <time>2019-08-10T12:46:57Z</time>
    </trkpt>
    <trkpt lat="51.5008719" lon="5.3013026">
      <ele>8.8</ele>
      <time>2019-08-10T12:47:08Z</time>
    </trkpt>
    <trkpt lat="51.5009009" lon="5.3008957">
      <ele>8.8</ele>
      <time>2019-08-10T12:47:13Z</time>
    </trkpt>
    <trkpt lat="51.5009024" lon="5.3008230">
      <ele>8.8</ele>
      <time>2019-08-10T12:47:14Z</time>
    </trkpt>
    <trkpt lat="51.5008598" lon="5.3001848">
      <ele>8.0</ele>
      <time>2019-08-10T12:47:22Z</time>
    </trkpt>
    <trkpt lat="51.5008282" lon="5.2999086">
      <ele>8.0</ele>
      <time>2019-08-10T12:47:25Z</time>
    </trkpt>
    <trkpt lat="51.5007998" lon="5.2997156">
      <ele>8.2</ele>
      <time>2019-08-10T12:47:27Z</time>
    </trkpt>
    <trkpt lat="51.5007687" lon="5.2995257">
      <ele>7.8</ele>
      <time>2019-08-10T12:47:29Z</time>
    </trkpt>
    <trkpt lat="51.5007544" lon="5.2994319">
      <ele>7.6</ele>
      <time>2019-08-10T12:47:30Z</time>
    </trkpt>
    <trkpt lat="51.5007388" lon="5.2993382">
      <ele>7.2</ele>
      <time>2019-08-10T12:47:31Z</time>
    </trkpt>
    <trkpt lat="51.5007213" lon="5.2992477">
      <ele>7.2</ele>
      <time>2019-08-10T12:47:32Z</time>
    </trkpt>
    <trkpt lat="51.5006811" lon="5.2990732">
      <ele>7.0</ele>
      <time>2019-08-10T12:47:34Z</time>
    </trkpt>
    <trkpt lat="51.5006595" lon="5.2989878">
      <ele>7.2</ele>
      <time>2019-08-10T12:47:35Z</time>
    </trkpt>
    <trkpt lat="51.5006388" lon="5.2989017">
      <ele>7.2</ele>
      <time>2019-08-10T12:47:36Z</time>
    </trkpt>
    <trkpt lat="51.5005516" lon="5.2985644">
      <ele>7.2</ele>
      <time>2019-08-10T12:47:40Z</time>
    </trkpt>
    <trkpt lat="51.5004710" lon="5.2982216">
      <ele>7.0</ele>
      <time>2019-08-10T12:47:44Z</time>
    </trkpt>
    <trkpt lat="51.5004578" lon="5.2981345">
      <ele>6.8</ele>
      <time>2019-08-10T12:47:45Z</time>
    </trkpt>
    <trkpt lat="51.5004480" lon="5.2980448">
      <ele>6.8</ele>
      <time>2019-08-10T12:47:46Z</time>
    </trkpt>
    <trkpt lat="51.5004413" lon="5.2979550">
      <ele>7.0</ele>
      <time>2019-08-10T12:47:47Z</time>
    </trkpt>
    <trkpt lat="51.5004391" lon="5.2978660">
      <ele>7.2</ele>
      <time>2019-08-10T12:47:48Z</time>
    </trkpt>
    <trkpt lat="51.5004380" lon="5.2977768">
      <ele>7.2</ele>
      <time>2019-08-10T12:47:49Z</time>
    </trkpt>
    <trkpt lat="51.5004380" lon="5.2976889">
      <ele>7.2</ele>
      <time>2019-08-10T12:47:50Z</time>
    </trkpt>
    <trkpt lat="51.5004415" lon="5.2975184">
      <ele>7.2</ele>
      <time>2019-08-10T12:47:51Z</time>
    </trkpt>
    <trkpt lat="51.5004415" lon="5.2975184">
      <ele>7.2</ele>
      <time>2019-08-10T12:47:52Z</time>
    </trkpt>
    <trkpt lat="51.5004396" lon="5.2973523">
      <ele>7.0</ele>
      <time>2019-08-10T12:47:54Z</time>
    </trkpt>
    <trkpt lat="51.5004510" lon="5.2971007">
      <ele>6.8</ele>
      <time>2019-08-10T12:47:57Z</time>
    </trkpt>
    <trkpt lat="51.5005155" lon="5.2969493">
      <ele>5.4</ele>
      <time>2019-08-10T12:47:59Z</time>
    </trkpt>
    <trkpt lat="51.5006086" lon="5.2968366">
      <ele>4.2</ele>
      <time>2019-08-10T12:48:01Z</time>
    </trkpt>
    <trkpt lat="51.5008625" lon="5.2966108">
      <ele>3.8</ele>
      <time>2019-08-10T12:48:06Z</time>
    </trkpt>
    <trkpt lat="51.5009102" lon="5.2965532">
      <ele>3.6</ele>
      <time>2019-08-10T12:48:07Z</time>
    </trkpt>
    <trkpt lat="51.5009572" lon="5.2964928">
      <ele>3.6</ele>
      <time>2019-08-10T12:48:08Z</time>
    </trkpt>
    <trkpt lat="51.5010002" lon="5.2964267">
      <ele>3.4</ele>
      <time>2019-08-10T12:48:09Z</time>
    </trkpt>
    <trkpt lat="51.5010834" lon="5.2962845">
      <ele>3.4</ele>
      <time>2019-08-10T12:48:11Z</time>
    </trkpt>
    <trkpt lat="51.5014459" lon="5.2957129">
      <ele>3.0</ele>
      <time>2019-08-10T12:48:19Z</time>
    </trkpt>
    <trkpt lat="51.5018364" lon="5.2950348">
      <ele>4.2</ele>
      <time>2019-08-10T12:48:28Z</time>
    </trkpt>
    <trkpt lat="51.5020357" lon="5.2946484">
      <ele>3.8</ele>
      <time>2019-08-10T12:48:33Z</time>
    </trkpt>
    <trkpt lat="51.5020786" lon="5.2945723">
      <ele>3.6</ele>
      <time>2019-08-10T12:48:34Z</time>
    </trkpt>
    <trkpt lat="51.5021213" lon="5.2944953">
      <ele>3.4</ele>
      <time>2019-08-10T12:48:35Z</time>
    </trkpt>
    <trkpt lat="51.5021635" lon="5.2944178">
      <ele>3.4</ele>
      <time>2019-08-10T12:48:36Z</time>
    </trkpt>
    <trkpt lat="51.5022060" lon="5.2943400">
      <ele>3.2</ele>
      <time>2019-08-10T12:48:37Z</time>
    </trkpt>
    <trkpt lat="51.5023643" lon="5.2940286">
      <ele>3.0</ele>
      <time>2019-08-10T12:48:41Z</time>
    </trkpt>
    <trkpt lat="51.5024023" lon="5.2939534">
      <ele>2.8</ele>
      <time>2019-08-10T12:48:42Z</time>
    </trkpt>
    <trkpt lat="51.5025172" lon="5.2937237">
      <ele>2.6</ele>
      <time>2019-08-10T12:48:45Z</time>
    </trkpt>
    <trkpt lat="51.5027575" lon="5.2932005">
      <ele>3.0</ele>
      <time>2019-08-10T12:48:52Z</time>
    </trkpt>
    <trkpt lat="51.5028484" lon="5.2930997">
      <ele>2.8</ele>
      <time>2019-08-10T12:48:54Z</time>
    </trkpt>
    <trkpt lat="51.5034318" lon="5.2929045">
      <ele>2.6</ele>
      <time>2019-08-10T12:49:04Z</time>
    </trkpt>
    <trkpt lat="51.5036716" lon="5.2928331">
      <ele>2.4</ele>
      <time>2019-08-10T12:49:08Z</time>
    </trkpt>
    <trkpt lat="51.5039320" lon="5.2928031">
      <ele>2.6</ele>
      <time>2019-08-10T12:49:12Z</time>
    </trkpt>
    <trkpt lat="51.5041185" lon="5.2928013">
      <ele>2.0</ele>
      <time>2019-08-10T12:49:15Z</time>
    </trkpt>
    <trkpt lat="51.5044902" lon="5.2928049">
      <ele>2.0</ele>
      <time>2019-08-10T12:49:21Z</time>
    </trkpt>
    <trkpt lat="51.5049881" lon="5.2928010">
      <ele>2.8</ele>
      <time>2019-08-10T12:49:29Z</time>
    </trkpt>
    <trkpt lat="51.5055333" lon="5.2927398">
      <ele>3.0</ele>
      <time>2019-08-10T12:49:38Z</time>
    </trkpt>
    <trkpt lat="51.5060470" lon="5.2924415">
      <ele>3.0</ele>
      <time>2019-08-10T12:49:47Z</time>
    </trkpt>
    <trkpt lat="51.5065664" lon="5.2922037">
      <ele>2.8</ele>
      <time>2019-08-10T12:49:56Z</time>
    </trkpt>
    <trkpt lat="51.5070920" lon="5.2919976">
      <ele>1.2</ele>
      <time>2019-08-10T12:50:06Z</time>
    </trkpt>
    <trkpt lat="51.5073649" lon="5.2918879">
      <ele>-0.4</ele>
      <time>2019-08-10T12:50:11Z</time>
    </trkpt>
    <trkpt lat="51.5074823" lon="5.2918556">
      <ele>-0.8</ele>
      <time>2019-08-10T12:50:13Z</time>
    </trkpt>
    <trkpt lat="51.5075434" lon="5.2918470">
      <ele>-0.8</ele>
      <time>2019-08-10T12:50:14Z</time>
    </trkpt>
    <trkpt lat="51.5076666" lon="5.2918525">
      <ele>-0.8</ele>
      <time>2019-08-10T12:50:16Z</time>
    </trkpt>
    <trkpt lat="51.5077941" lon="5.2918797">
      <ele>-0.4</ele>
      <time>2019-08-10T12:50:18Z</time>
    </trkpt>
    <trkpt lat="51.5081633" lon="5.2920537">
      <ele>0.8</ele>
      <time>2019-08-10T12:50:24Z</time>
    </trkpt>
    <trkpt lat="51.5084156" lon="5.2920919">
      <ele>1.0</ele>
      <time>2019-08-10T12:50:28Z</time>
    </trkpt>
    <trkpt lat="51.5086650" lon="5.2921047">
      <ele>1.4</ele>
      <time>2019-08-10T12:50:32Z</time>
    </trkpt>
    <trkpt lat="51.5087284" lon="5.2921035">
      <ele>1.4</ele>
      <time>2019-08-10T12:50:33Z</time>
    </trkpt>
    <trkpt lat="51.5087901" lon="5.2921007">
      <ele>1.4</ele>
      <time>2019-08-10T12:50:34Z</time>
    </trkpt>
    <trkpt lat="51.5089151" lon="5.2920816">
      <ele>1.6</ele>
      <time>2019-08-10T12:50:35Z</time>
    </trkpt>
    <trkpt lat="51.5094787" lon="5.2918556">
      <ele>0.8</ele>
      <time>2019-08-10T12:50:45Z</time>
    </trkpt>
    <trkpt lat="51.5097059" lon="5.2917662">
      <ele>0.2</ele>
      <time>2019-08-10T12:50:49Z</time>
    </trkpt>
    <trkpt lat="51.5098103" lon="5.2917918">
      <ele>-0.2</ele>
      <time>2019-08-10T12:50:51Z</time>
    </trkpt>
    <trkpt lat="51.5101495" lon="5.2921805">
      <ele>1.0</ele>
      <time>2019-08-10T12:50:58Z</time>
    </trkpt>
    <trkpt lat="51.5105174" lon="5.2929140">
      <ele>2.0</ele>
      <time>2019-08-10T12:51:07Z</time>
    </trkpt>
    <trkpt lat="51.5106188" lon="5.2931727">
      <ele>2.0</ele>
      <time>2019-08-10T12:51:10Z</time>
    </trkpt>
    <trkpt lat="51.5107719" lon="5.2935884">
      <ele>2.0</ele>
      <time>2019-08-10T12:51:15Z</time>
    </trkpt>
    <trkpt lat="51.5108057" lon="5.2936710">
      <ele>2.2</ele>
      <time>2019-08-10T12:51:16Z</time>
    </trkpt>
    <trkpt lat="51.5108418" lon="5.2937549">
      <ele>2.4</ele>
      <time>2019-08-10T12:51:17Z</time>
    </trkpt>
    <trkpt lat="51.5110587" lon="5.2942282">
      <ele>3.2</ele>
      <time>2019-08-10T12:51:23Z</time>
    </trkpt>
    <trkpt lat="51.5111988" lon="5.2945256">
      <ele>3.6</ele>
      <time>2019-08-10T12:51:27Z</time>
    </trkpt>
    <trkpt lat="51.5112810" lon="5.2946364">
      <ele>3.4</ele>
      <time>2019-08-10T12:51:29Z</time>
    </trkpt>
    <trkpt lat="51.5115608" lon="5.2947920">
      <ele>3.0</ele>
      <time>2019-08-10T12:51:39Z</time>
    </trkpt>
    <trkpt lat="51.5116155" lon="5.2947834">
      <ele>2.4</ele>
      <time>2019-08-10T12:51:46Z</time>
    </trkpt>
    <trkpt lat="51.5119385" lon="5.2944829">
      <ele>1.4</ele>
      <time>2019-08-10T12:52:00Z</time>
    </trkpt>
    <trkpt lat="51.5123968" lon="5.2940185">
      <ele>1.8</ele>
      <time>2019-08-10T12:52:14Z</time>
    </trkpt>
    <trkpt lat="51.5127815" lon="5.2936020">
      <ele>1.6</ele>
      <time>2019-08-10T12:52:23Z</time>
    </trkpt>
    <trkpt lat="51.5131279" lon="5.2928735">
      <ele>2.0</ele>
      <time>2019-08-10T12:52:34Z</time>
    </trkpt>
    <trkpt lat="51.5133808" lon="5.2923228">
      <ele>1.6</ele>
      <time>2019-08-10T12:52:42Z</time>
    </trkpt>
    <trkpt lat="51.5134405" lon="5.2921907">
      <ele>1.4</ele>
      <time>2019-08-10T12:52:44Z</time>
    </trkpt>
    <trkpt lat="51.5134713" lon="5.2921229">
      <ele>1.4</ele>
      <time>2019-08-10T12:52:45Z</time>
    </trkpt>
    <trkpt lat="51.5136003" lon="5.2918564">
      <ele>1.6</ele>
      <time>2019-08-10T12:52:49Z</time>
    </trkpt>
    <trkpt lat="51.5136658" lon="5.2917193">
      <ele>1.4</ele>
      <time>2019-08-10T12:52:51Z</time>
    </trkpt>
    <trkpt lat="51.5139027" lon="5.2911070">
      <ele>2.2</ele>
      <time>2019-08-10T12:52:59Z</time>
    </trkpt>
    <trkpt lat="51.5142071" lon="5.2903606">
      <ele>0.4</ele>
      <time>2019-08-10T12:53:09Z</time>
    </trkpt>
    <trkpt lat="51.5144932" lon="5.2895401">
      <ele>0.2</ele>
      <time>2019-08-10T12:53:20Z</time>
    </trkpt>
    <trkpt lat="51.5147112" lon="5.2886907">
      <ele>1.2</ele>
      <time>2019-08-10T12:53:31Z</time>
    </trkpt>
    <trkpt lat="51.5148899" lon="5.2878364">
      <ele>3.8</ele>
      <time>2019-08-10T12:53:42Z</time>
    </trkpt>
    <trkpt lat="51.5150546" lon="5.2869353">
      <ele>4.2</ele>
      <time>2019-08-10T12:53:54Z</time>
    </trkpt>
    <trkpt lat="51.5152097" lon="5.2860982">
      <ele>6.6</ele>
      <time>2019-08-10T12:54:04Z</time>
    </trkpt>
    <trkpt lat="51.5153011" lon="5.2855897">
      <ele>5.8</ele>
      <time>2019-08-10T12:54:10Z</time>
    </trkpt>
    <trkpt lat="51.5154566" lon="5.2846795">
      <ele>5.6</ele>
      <time>2019-08-10T12:54:21Z</time>
    </trkpt>
    <trkpt lat="51.5154931" lon="5.2844538">
      <ele>6.0</ele>
      <time>2019-08-10T12:54:24Z</time>
    </trkpt>
    <trkpt lat="51.5155067" lon="5.2843054">
      <ele>6.6</ele>
      <time>2019-08-10T12:54:26Z</time>
    </trkpt>
    <trkpt lat="51.5156325" lon="5.2835390">
      <ele>5.4</ele>
      <time>2019-08-10T12:54:35Z</time>
    </trkpt>
    <trkpt lat="51.5157010" lon="5.2831567">
      <ele>3.6</ele>
      <time>2019-08-10T12:54:39Z</time>
    </trkpt>
    <trkpt lat="51.5158574" lon="5.2822617">
      <ele>1.6</ele>
      <time>2019-08-10T12:54:48Z</time>
    </trkpt>
    <trkpt lat="51.5160092" lon="5.2814030">
      <ele>2.0</ele>
      <time>2019-08-10T12:54:57Z</time>
    </trkpt>
    <trkpt lat="51.5161157" lon="5.2808376">
      <ele>2.8</ele>
      <time>2019-08-10T12:55:03Z</time>
    </trkpt>
    <trkpt lat="51.5162416" lon="5.2802967">
      <ele>3.8</ele>
      <time>2019-08-10T12:55:09Z</time>
    </trkpt>
    <trkpt lat="51.5163747" lon="5.2798367">
      <ele>4.6</ele>
      <time>2019-08-10T12:55:14Z</time>
    </trkpt>
    <trkpt lat="51.5164004" lon="5.2797444">
      <ele>4.0</ele>
      <time>2019-08-10T12:55:15Z</time>
    </trkpt>
    <trkpt lat="51.5165486" lon="5.2791991">
      <ele>3.2</ele>
      <time>2019-08-10T12:55:21Z</time>
    </trkpt>
    <trkpt lat="51.5166185" lon="5.2789253">
      <ele>3.4</ele>
      <time>2019-08-10T12:55:24Z</time>
    </trkpt>
    <trkpt lat="51.5166431" lon="5.2788331">
      <ele>3.6</ele>
      <time>2019-08-10T12:55:25Z</time>
    </trkpt>
    <trkpt lat="51.5166676" lon="5.2787377">
      <ele>3.4</ele>
      <time>2019-08-10T12:55:26Z</time>
    </trkpt>
    <trkpt lat="51.5167415" lon="5.2784538">
      <ele>3.4</ele>
      <time>2019-08-10T12:55:29Z</time>
    </trkpt>
    <trkpt lat="51.5167674" lon="5.2783602">
      <ele>3.2</ele>
      <time>2019-08-10T12:55:30Z</time>
    </trkpt>
    <trkpt lat="51.5167927" lon="5.2782675">
      <ele>3.2</ele>
      <time>2019-08-10T12:55:31Z</time>
    </trkpt>
    <trkpt lat="51.5168178" lon="5.2781768">
      <ele>3.2</ele>
      <time>2019-08-10T12:55:32Z</time>
    </trkpt>
    <trkpt lat="51.5168421" lon="5.2780862">
      <ele>3.2</ele>
      <time>2019-08-10T12:55:33Z</time>
    </trkpt>
    <trkpt lat="51.5168674" lon="5.2779948">
      <ele>3.2</ele>
      <time>2019-08-10T12:55:34Z</time>
    </trkpt>
    <trkpt lat="51.5170924" lon="5.2771503">
      <ele>1.6</ele>
      <time>2019-08-10T12:55:43Z</time>
    </trkpt>
    <trkpt lat="51.5171246" lon="5.2769522">
      <ele>1.4</ele>
      <time>2019-08-10T12:55:45Z</time>
    </trkpt>
    <trkpt lat="51.5171359" lon="5.2761459">
      <ele>1.2</ele>
      <time>2019-08-10T12:55:53Z</time>
    </trkpt>
    <trkpt lat="51.5171425" lon="5.2752560">
      <ele>1.4</ele>
      <time>2019-08-10T12:56:02Z</time>
    </trkpt>
    <trkpt lat="51.5173002" lon="5.2743741">
      <ele>1.0</ele>
      <time>2019-08-10T12:56:12Z</time>
    </trkpt>
    <trkpt lat="51.5173991" lon="5.2740237">
      <ele>1.0</ele>
      <time>2019-08-10T12:56:16Z</time>
    </trkpt>
    <trkpt lat="51.5174518" lon="5.2738286">
      <ele>1.0</ele>
      <time>2019-08-10T12:56:18Z</time>
    </trkpt>
    <trkpt lat="51.5175466" lon="5.2735305">
      <ele>1.0</ele>
      <time>2019-08-10T12:56:21Z</time>
    </trkpt>
    <trkpt lat="51.5176276" lon="5.2733487">
      <ele>0.8</ele>
      <time>2019-08-10T12:56:23Z</time>
    </trkpt>
    <trkpt lat="51.5176683" lon="5.2732548">
      <ele>1.0</ele>
      <time>2019-08-10T12:56:24Z</time>
    </trkpt>
    <trkpt lat="51.5178155" lon="5.2728928">
      <ele>1.4</ele>
      <time>2019-08-10T12:56:28Z</time>
    </trkpt>
    <trkpt lat="51.5179666" lon="5.2725867">
      <ele>1.4</ele>
      <time>2019-08-10T12:56:32Z</time>
    </trkpt>
    <trkpt lat="51.5180846" lon="5.2723983">
      <ele>1.6</ele>
      <time>2019-08-10T12:56:35Z</time>
    </trkpt>
    <trkpt lat="51.5182062" lon="5.2722204">
      <ele>1.4</ele>
      <time>2019-08-10T12:56:38Z</time>
    </trkpt>
    <trkpt lat="51.5186227" lon="5.2716194">
      <ele>2.2</ele>
      <time>2019-08-10T12:56:48Z</time>
    </trkpt>
    <trkpt lat="51.5188271" lon="5.2712918">
      <ele>1.2</ele>
      <time>2019-08-10T12:56:54Z</time>
    </trkpt>
    <trkpt lat="51.5192160" lon="5.2706306">
      <ele>0.4</ele>
      <time>2019-08-10T12:57:05Z</time>
    </trkpt>
    <trkpt lat="51.5192876" lon="5.2705069">
      <ele>0.2</ele>
      <time>2019-08-10T12:57:07Z</time>
    </trkpt>
    <trkpt lat="51.5193235" lon="5.2704426">
      <ele>0.0</ele>
      <time>2019-08-10T12:57:08Z</time>
    </trkpt>
    <trkpt lat="51.5193593" lon="5.2703749">
      <ele>0.0</ele>
      <time>2019-08-10T12:57:09Z</time>
    </trkpt>
    <trkpt lat="51.5194224" lon="5.2702282">
      <ele>0.2</ele>
      <time>2019-08-10T12:57:11Z</time>
    </trkpt>
    <trkpt lat="51.5194662" lon="5.2700689">
      <ele>0.2</ele>
      <time>2019-08-10T12:57:13Z</time>
    </trkpt>
    <trkpt lat="51.5194988" lon="5.2698972">
      <ele>0.4</ele>
      <time>2019-08-10T12:57:15Z</time>
    </trkpt>
    <trkpt lat="51.5195138" lon="5.2698100">
      <ele>0.8</ele>
      <time>2019-08-10T12:57:16Z</time>
    </trkpt>
    <trkpt lat="51.5195279" lon="5.2697236">
      <ele>0.8</ele>
      <time>2019-08-10T12:57:17Z</time>
    </trkpt>
    <trkpt lat="51.5195423" lon="5.2696425">
      <ele>1.0</ele>
      <time>2019-08-10T12:57:18Z</time>
    </trkpt>
    <trkpt lat="51.5195765" lon="5.2693874">
      <ele>1.6</ele>
      <time>2019-08-10T12:57:21Z</time>
    </trkpt>
    <trkpt lat="51.5195966" lon="5.2692146">
      <ele>2.2</ele>
      <time>2019-08-10T12:57:22Z</time>
    </trkpt>
    <trkpt lat="51.5197121" lon="5.2683613">
      <ele>2.4</ele>
      <time>2019-08-10T12:57:33Z</time>
    </trkpt>
    <trkpt lat="51.5197282" lon="5.2681898">
      <ele>2.4</ele>
      <time>2019-08-10T12:57:35Z</time>
    </trkpt>
    <trkpt lat="51.5197577" lon="5.2678626">
      <ele>2.4</ele>
      <time>2019-08-10T12:57:39Z</time>
    </trkpt>
    <trkpt lat="51.5199168" lon="5.2671101">
      <ele>2.8</ele>
      <time>2019-08-10T12:57:49Z</time>
    </trkpt>
    <trkpt lat="51.5199371" lon="5.2669960">
      <ele>2.2</ele>
      <time>2019-08-10T12:57:51Z</time>
    </trkpt>
    <trkpt lat="51.5199464" lon="5.2668732">
      <ele>1.8</ele>
      <time>2019-08-10T12:57:54Z</time>
    </trkpt>
    <trkpt lat="51.5199409" lon="5.2668459">
      <ele>1.4</ele>
      <time>2019-08-10T12:57:55Z</time>
    </trkpt>
    <trkpt lat="51.5197870" lon="5.2667648">
      <ele>0.6</ele>
      <time>2019-08-10T12:58:03Z</time>
    </trkpt>
    <trkpt lat="51.5198734" lon="5.2658650">
      <ele>1.0</ele>
      <time>2019-08-10T12:58:17Z</time>
    </trkpt>
    <trkpt lat="51.5199039" lon="5.2656648">
      <ele>1.6</ele>
      <time>2019-08-10T12:58:20Z</time>
    </trkpt>
    <trkpt lat="51.5199280" lon="5.2653288">
      <ele>1.6</ele>
      <time>2019-08-10T12:58:25Z</time>
    </trkpt>
    <trkpt lat="51.5198898" lon="5.2644374">
      <ele>1.4</ele>
      <time>2019-08-10T12:58:37Z</time>
    </trkpt>
    <trkpt lat="51.5198730" lon="5.2641788">
      <ele>1.4</ele>
      <time>2019-08-10T12:58:40Z</time>
    </trkpt>
    <trkpt lat="51.5198553" lon="5.2639985">
      <ele>1.2</ele>
      <time>2019-08-10T12:58:42Z</time>
    </trkpt>
    <trkpt lat="51.5197104" lon="5.2631137">
      <ele>2.6</ele>
      <time>2019-08-10T12:58:52Z</time>
    </trkpt>
    <trkpt lat="51.5195426" lon="5.2622634">
      <ele>2.0</ele>
      <time>2019-08-10T12:59:01Z</time>
    </trkpt>
    <trkpt lat="51.5194186" lon="5.2616352">
      <ele>1.4</ele>
      <time>2019-08-10T12:59:08Z</time>
    </trkpt>
    <trkpt lat="51.5193587" lon="5.2612735">
      <ele>3.0</ele>
      <time>2019-08-10T12:59:12Z</time>
    </trkpt>
    <trkpt lat="51.5193442" lon="5.2611822">
      <ele>3.6</ele>
      <time>2019-08-10T12:59:13Z</time>
    </trkpt>
    <trkpt lat="51.5193292" lon="5.2610939">
      <ele>4.0</ele>
      <time>2019-08-10T12:59:14Z</time>
    </trkpt>
    <trkpt lat="51.5193063" lon="5.2609232">
      <ele>5.0</ele>
      <time>2019-08-10T12:59:16Z</time>
    </trkpt>
    <trkpt lat="51.5192965" lon="5.2608269">
      <ele>4.8</ele>
      <time>2019-08-10T12:59:17Z</time>
    </trkpt>
    <trkpt lat="51.5192254" lon="5.2600674">
      <ele>5.8</ele>
      <time>2019-08-10T12:59:25Z</time>
    </trkpt>
    <trkpt lat="51.5192233" lon="5.2595064">
      <ele>4.2</ele>
      <time>2019-08-10T12:59:31Z</time>
    </trkpt>
    <trkpt lat="51.5193386" lon="5.2586465">
      <ele>0.8</ele>
      <time>2019-08-10T12:59:40Z</time>
    </trkpt>
    <trkpt lat="51.5194934" lon="5.2577307">
      <ele>0.2</ele>
      <time>2019-08-10T12:59:50Z</time>
    </trkpt>
    <trkpt lat="51.5197050" lon="5.2568923">
      <ele>-1.0</ele>
      <time>2019-08-10T12:59:59Z</time>
    </trkpt>
    <trkpt lat="51.5198288" lon="5.2564173">
      <ele>-1.2</ele>
      <time>2019-08-10T13:00:04Z</time>
    </trkpt>
    <trkpt lat="51.5199289" lon="5.2560416">
      <ele>-1.6</ele>
      <time>2019-08-10T13:00:08Z</time>
    </trkpt>
    <trkpt lat="51.5200000" lon="5.2557555">
      <ele>-2.0</ele>
      <time>2019-08-10T13:00:11Z</time>
    </trkpt>
    <trkpt lat="51.5200520" lon="5.2555659">
      <ele>-2.2</ele>
      <time>2019-08-10T13:00:13Z</time>
    </trkpt>
    <trkpt lat="51.5201570" lon="5.2551976">
      <ele>-1.8</ele>
      <time>2019-08-10T13:00:17Z</time>
    </trkpt>
    <trkpt lat="51.5204525" lon="5.2544496">
      <ele>-0.2</ele>
      <time>2019-08-10T13:00:26Z</time>
    </trkpt>
    <trkpt lat="51.5206882" lon="5.2540039">
      <ele>1.0</ele>
      <time>2019-08-10T13:00:32Z</time>
    </trkpt>
    <trkpt lat="51.5210700" lon="5.2533405">
      <ele>1.6</ele>
      <time>2019-08-10T13:00:41Z</time>
    </trkpt>
    <trkpt lat="51.5215126" lon="5.2527403">
      <ele>0.6</ele>
      <time>2019-08-10T13:00:51Z</time>
    </trkpt>
    <trkpt lat="51.5219435" lon="5.2521583">
      <ele>2.0</ele>
      <time>2019-08-10T13:01:01Z</time>
    </trkpt>
    <trkpt lat="51.5221461" lon="5.2518637">
      <ele>0.8</ele>
      <time>2019-08-10T13:01:06Z</time>
    </trkpt>
    <trkpt lat="51.5224646" lon="5.2513097">
      <ele>-1.0</ele>
      <time>2019-08-10T13:01:14Z</time>
    </trkpt>
    <trkpt lat="51.5227727" lon="5.2505152">
      <ele>-2.8</ele>
      <time>2019-08-10T13:01:24Z</time>
    </trkpt>
    <trkpt lat="51.5230535" lon="5.2499372">
      <ele>-1.0</ele>
      <time>2019-08-10T13:01:32Z</time>
    </trkpt>
    <trkpt lat="51.5233174" lon="5.2495514">
      <ele>0.2</ele>
      <time>2019-08-10T13:01:38Z</time>
    </trkpt>
    <trkpt lat="51.5235429" lon="5.2492227">
      <ele>-0.4</ele>
      <time>2019-08-10T13:01:43Z</time>
    </trkpt>
    <trkpt lat="51.5236295" lon="5.2490743">
      <ele>-0.4</ele>
      <time>2019-08-10T13:01:45Z</time>
    </trkpt>
    <trkpt lat="51.5237570" lon="5.2488490">
      <ele>0.2</ele>
      <time>2019-08-10T13:01:48Z</time>
    </trkpt>
    <trkpt lat="51.5238393" lon="5.2486963">
      <ele>0.8</ele>
      <time>2019-08-10T13:01:50Z</time>
    </trkpt>
    <trkpt lat="51.5239508" lon="5.2484566">
      <ele>0.8</ele>
      <time>2019-08-10T13:01:53Z</time>
    </trkpt>
    <trkpt lat="51.5240475" lon="5.2482109">
      <ele>0.8</ele>
      <time>2019-08-10T13:01:56Z</time>
    </trkpt>
    <trkpt lat="51.5241850" lon="5.2477919">
      <ele>0.4</ele>
      <time>2019-08-10T13:02:01Z</time>
    </trkpt>
    <trkpt lat="51.5242322" lon="5.2476202">
      <ele>0.2</ele>
      <time>2019-08-10T13:02:03Z</time>
    </trkpt>
    <trkpt lat="51.5242552" lon="5.2475340">
      <ele>0.4</ele>
      <time>2019-08-10T13:02:04Z</time>
    </trkpt>
    <trkpt lat="51.5242753" lon="5.2474447">
      <ele>1.0</ele>
      <time>2019-08-10T13:02:05Z</time>
    </trkpt>
    <trkpt lat="51.5245091" lon="5.2466430">
      <ele>0.6</ele>
      <time>2019-08-10T13:02:14Z</time>
    </trkpt>
    <trkpt lat="51.5245835" lon="5.2463912">
      <ele>1.2</ele>
      <time>2019-08-10T13:02:17Z</time>
    </trkpt>
    <trkpt lat="51.5246116" lon="5.2463098">
      <ele>1.8</ele>
      <time>2019-08-10T13:02:18Z</time>
    </trkpt>
    <trkpt lat="51.5247143" lon="5.2459791">
      <ele>2.8</ele>
      <time>2019-08-10T13:02:22Z</time>
    </trkpt>
    <trkpt lat="51.5247466" lon="5.2458988">
      <ele>2.8</ele>
      <time>2019-08-10T13:02:23Z</time>
    </trkpt>
    <trkpt lat="51.5247791" lon="5.2458186">
      <ele>3.0</ele>
      <time>2019-08-10T13:02:24Z</time>
    </trkpt>
    <trkpt lat="51.5248135" lon="5.2457382">
      <ele>3.2</ele>
      <time>2019-08-10T13:02:25Z</time>
    </trkpt>
    <trkpt lat="51.5251747" lon="5.2450700">
      <ele>2.6</ele>
      <time>2019-08-10T13:02:34Z</time>
    </trkpt>
    <trkpt lat="51.5255681" lon="5.2444318">
      <ele>2.6</ele>
      <time>2019-08-10T13:02:43Z</time>
    </trkpt>
    <trkpt lat="51.5256529" lon="5.2442901">
      <ele>2.6</ele>
      <time>2019-08-10T13:02:45Z</time>
    </trkpt>
    <trkpt lat="51.5256931" lon="5.2442194">
      <ele>3.0</ele>
      <time>2019-08-10T13:02:46Z</time>
    </trkpt>
    <trkpt lat="51.5257728" lon="5.2440760">
      <ele>3.4</ele>
      <time>2019-08-10T13:02:48Z</time>
    </trkpt>
    <trkpt lat="51.5258140" lon="5.2440049">
      <ele>3.6</ele>
      <time>2019-08-10T13:02:49Z</time>
    </trkpt>
    <trkpt lat="51.5259311" lon="5.2437889">
      <ele>3.6</ele>
      <time>2019-08-10T13:02:52Z</time>
    </trkpt>
    <trkpt lat="51.5259693" lon="5.2437201">
      <ele>3.4</ele>
      <time>2019-08-10T13:02:53Z</time>
    </trkpt>
    <trkpt lat="51.5263562" lon="5.2430249">
      <ele>2.6</ele>
      <time>2019-08-10T13:03:03Z</time>
    </trkpt>
    <trkpt lat="51.5263941" lon="5.2429553">
      <ele>2.8</ele>
      <time>2019-08-10T13:03:04Z</time>
    </trkpt>
    <trkpt lat="51.5264320" lon="5.2428862">
      <ele>2.8</ele>
      <time>2019-08-10T13:03:05Z</time>
    </trkpt>
    <trkpt lat="51.5265485" lon="5.2426814">
      <ele>3.4</ele>
      <time>2019-08-10T13:03:08Z</time>
    </trkpt>
    <trkpt lat="51.5265875" lon="5.2426137">
      <ele>3.6</ele>
      <time>2019-08-10T13:03:09Z</time>
    </trkpt>
    <trkpt lat="51.5267096" lon="5.2424101">
      <ele>4.2</ele>
      <time>2019-08-10T13:03:12Z</time>
    </trkpt>
    <trkpt lat="51.5267471" lon="5.2423437">
      <ele>4.6</ele>
      <time>2019-08-10T13:03:13Z</time>
    </trkpt>
    <trkpt lat="51.5267869" lon="5.2422792">
      <ele>4.2</ele>
      <time>2019-08-10T13:03:14Z</time>
    </trkpt>
    <trkpt lat="51.5268265" lon="5.2422090">
      <ele>4.4</ele>
      <time>2019-08-10T13:03:15Z</time>
    </trkpt>
    <trkpt lat="51.5269044" lon="5.2420692">
      <ele>4.0</ele>
      <time>2019-08-10T13:03:17Z</time>
    </trkpt>
    <trkpt lat="51.5269810" lon="5.2419290">
      <ele>3.4</ele>
      <time>2019-08-10T13:03:19Z</time>
    </trkpt>
    <trkpt lat="51.5270978" lon="5.2417264">
      <ele>3.0</ele>
      <time>2019-08-10T13:03:22Z</time>
    </trkpt>
    <trkpt lat="51.5274972" lon="5.2410347">
      <ele>-1.2</ele>
      <time>2019-08-10T13:03:32Z</time>
    </trkpt>
    <trkpt lat="51.5278785" lon="5.2404027">
      <ele>-3.6</ele>
      <time>2019-08-10T13:03:41Z</time>
    </trkpt>
    <trkpt lat="51.5282520" lon="5.2397727">
      <ele>-4.0</ele>
      <time>2019-08-10T13:03:50Z</time>
    </trkpt>
    <trkpt lat="51.5286167" lon="5.2391086">
      <ele>-1.6</ele>
      <time>2019-08-10T13:03:59Z</time>
    </trkpt>
    <trkpt lat="51.5288592" lon="5.2386640">
      <ele>0.6</ele>
      <time>2019-08-10T13:04:05Z</time>
    </trkpt>
    <trkpt lat="51.5290673" lon="5.2382978">
      <ele>1.6</ele>
      <time>2019-08-10T13:04:10Z</time>
    </trkpt>
    <trkpt lat="51.5294360" lon="5.2376572">
      <ele>2.4</ele>
      <time>2019-08-10T13:04:19Z</time>
    </trkpt>
    <trkpt lat="51.5296804" lon="5.2372332">
      <ele>2.0</ele>
      <time>2019-08-10T13:04:25Z</time>
    </trkpt>
    <trkpt lat="51.5300466" lon="5.2365874">
      <ele>0.4</ele>
      <time>2019-08-10T13:04:34Z</time>
    </trkpt>
    <trkpt lat="51.5304530" lon="5.2358868">
      <ele>-0.2</ele>
      <time>2019-08-10T13:04:44Z</time>
    </trkpt>
    <trkpt lat="51.5308431" lon="5.2351600">
      <ele>0.6</ele>
      <time>2019-08-10T13:04:54Z</time>
    </trkpt>
    <trkpt lat="51.5310340" lon="5.2347705">
      <ele>0.8</ele>
      <time>2019-08-10T13:04:59Z</time>
    </trkpt>
    <trkpt lat="51.5313954" lon="5.2340220">
      <ele>0.8</ele>
      <time>2019-08-10T13:05:09Z</time>
    </trkpt>
    <trkpt lat="51.5315089" lon="5.2337965">
      <ele>0.6</ele>
      <time>2019-08-10T13:05:12Z</time>
    </trkpt>
    <trkpt lat="51.5315766" lon="5.2336572">
      <ele>0.6</ele>
      <time>2019-08-10T13:05:14Z</time>
    </trkpt>
    <trkpt lat="51.5316688" lon="5.2334568">
      <ele>1.0</ele>
      <time>2019-08-10T13:05:17Z</time>
    </trkpt>
    <trkpt lat="51.5317006" lon="5.2333901">
      <ele>1.0</ele>
      <time>2019-08-10T13:05:18Z</time>
    </trkpt>
    <trkpt lat="51.5317354" lon="5.2333221">
      <ele>1.0</ele>
      <time>2019-08-10T13:05:19Z</time>
    </trkpt>
    <trkpt lat="51.5317702" lon="5.2332528">
      <ele>1.0</ele>
      <time>2019-08-10T13:05:20Z</time>
    </trkpt>
    <trkpt lat="51.5318059" lon="5.2331806">
      <ele>1.0</ele>
      <time>2019-08-10T13:05:21Z</time>
    </trkpt>
    <trkpt lat="51.5319833" lon="5.2328046">
      <ele>1.2</ele>
      <time>2019-08-10T13:05:26Z</time>
    </trkpt>
    <trkpt lat="51.5320521" lon="5.2326590">
      <ele>1.0</ele>
      <time>2019-08-10T13:05:28Z</time>
    </trkpt>
    <trkpt lat="51.5321188" lon="5.2325235">
      <ele>1.2</ele>
      <time>2019-08-10T13:05:30Z</time>
    </trkpt>
    <trkpt lat="51.5321787" lon="5.2323901">
      <ele>1.0</ele>
      <time>2019-08-10T13:05:32Z</time>
    </trkpt>
    <trkpt lat="51.5322114" lon="5.2323238">
      <ele>1.0</ele>
      <time>2019-08-10T13:05:33Z</time>
    </trkpt>
    <trkpt lat="51.5323133" lon="5.2321064">
      <ele>1.2</ele>
      <time>2019-08-10T13:05:36Z</time>
    </trkpt>
    <trkpt lat="51.5324434" lon="5.2318083">
      <ele>1.4</ele>
      <time>2019-08-10T13:05:40Z</time>
    </trkpt>
    <trkpt lat="51.5324768" lon="5.2317343">
      <ele>1.4</ele>
      <time>2019-08-10T13:05:41Z</time>
    </trkpt>
    <trkpt lat="51.5325454" lon="5.2315878">
      <ele>1.4</ele>
      <time>2019-08-10T13:05:43Z</time>
    </trkpt>
    <trkpt lat="51.5326926" lon="5.2312831">
      <ele>1.6</ele>
      <time>2019-08-10T13:05:47Z</time>
    </trkpt>
    <trkpt lat="51.5328036" lon="5.2310494">
      <ele>1.6</ele>
      <time>2019-08-10T13:05:50Z</time>
    </trkpt>
    <trkpt lat="51.5329087" lon="5.2308183">
      <ele>1.6</ele>
      <time>2019-08-10T13:05:53Z</time>
    </trkpt>
    <trkpt lat="51.5329762" lon="5.2306640">
      <ele>1.4</ele>
      <time>2019-08-10T13:05:55Z</time>
    </trkpt>
    <trkpt lat="51.5330106" lon="5.2305905">
      <ele>1.2</ele>
      <time>2019-08-10T13:05:56Z</time>
    </trkpt>
    <trkpt lat="51.5330834" lon="5.2304435">
      <ele>1.2</ele>
      <time>2019-08-10T13:05:58Z</time>
    </trkpt>
    <trkpt lat="51.5331197" lon="5.2303696">
      <ele>1.6</ele>
      <time>2019-08-10T13:05:59Z</time>
    </trkpt>
    <trkpt lat="51.5331937" lon="5.2302188">
      <ele>1.4</ele>
      <time>2019-08-10T13:06:01Z</time>
    </trkpt>
    <trkpt lat="51.5332661" lon="5.2300725">
      <ele>1.8</ele>
      <time>2019-08-10T13:06:02Z</time>
    </trkpt>
    <trkpt lat="51.5332661" lon="5.2300725">
      <ele>1.8</ele>
      <time>2019-08-10T13:06:03Z</time>
    </trkpt>
    <trkpt lat="51.5333002" lon="5.2299965">
      <ele>1.6</ele>
      <time>2019-08-10T13:06:04Z</time>
    </trkpt>
    <trkpt lat="51.5333380" lon="5.2299201">
      <ele>1.4</ele>
      <time>2019-08-10T13:06:05Z</time>
    </trkpt>
    <trkpt lat="51.5334991" lon="5.2296127">
      <ele>0.4</ele>
      <time>2019-08-10T13:06:09Z</time>
    </trkpt>
    <trkpt lat="51.5336506" lon="5.2293042">
      <ele>-0.2</ele>
      <time>2019-08-10T13:06:13Z</time>
    </trkpt>
    <trkpt lat="51.5337547" lon="5.2290794">
      <ele>-0.4</ele>
      <time>2019-08-10T13:06:16Z</time>
    </trkpt>
    <trkpt lat="51.5339033" lon="5.2287865">
      <ele>-0.8</ele>
      <time>2019-08-10T13:06:20Z</time>
    </trkpt>
    <trkpt lat="51.5341554" lon="5.2282818">
      <ele>-0.8</ele>
      <time>2019-08-10T13:06:27Z</time>
    </trkpt>
    <trkpt lat="51.5343010" lon="5.2279715">
      <ele>0.2</ele>
      <time>2019-08-10T13:06:31Z</time>
    </trkpt>
    <trkpt lat="51.5346573" lon="5.2272059">
      <ele>-0.2</ele>
      <time>2019-08-10T13:06:41Z</time>
    </trkpt>
    <trkpt lat="51.5349936" lon="5.2264889">
      <ele>0.8</ele>
      <time>2019-08-10T13:06:51Z</time>
    </trkpt>
    <trkpt lat="51.5353363" lon="5.2257748">
      <ele>3.8</ele>
      <time>2019-08-10T13:07:02Z</time>
    </trkpt>
    <trkpt lat="51.5356916" lon="5.2250140">
      <ele>4.4</ele>
      <time>2019-08-10T13:07:13Z</time>
    </trkpt>
    <trkpt lat="51.5359175" lon="5.2245446">
      <ele>4.2</ele>
      <time>2019-08-10T13:07:20Z</time>
    </trkpt>
    <trkpt lat="51.5360456" lon="5.2242807">
      <ele>3.6</ele>
      <time>2019-08-10T13:07:24Z</time>
    </trkpt>
    <trkpt lat="51.5363984" lon="5.2235381">
      <ele>3.0</ele>
      <time>2019-08-10T13:07:35Z</time>
    </trkpt>
    <trkpt lat="51.5367365" lon="5.2228566">
      <ele>2.6</ele>
      <time>2019-08-10T13:07:46Z</time>
    </trkpt>
    <trkpt lat="51.5369142" lon="5.2224931">
      <ele>1.2</ele>
      <time>2019-08-10T13:07:52Z</time>
    </trkpt>
    <trkpt lat="51.5370926" lon="5.2221168">
      <ele>0.2</ele>
      <time>2019-08-10T13:07:58Z</time>
    </trkpt>
    <trkpt lat="51.5374478" lon="5.2213958">
      <ele>-0.8</ele>
      <time>2019-08-10T13:08:09Z</time>
    </trkpt>
    <trkpt lat="51.5375146" lon="5.2212710">
      <ele>-0.8</ele>
      <time>2019-08-10T13:08:10Z</time>
    </trkpt>
    <trkpt lat="51.5379184" lon="5.2205826">
      <ele>0.8</ele>
      <time>2019-08-10T13:08:22Z</time>
    </trkpt>
    <trkpt lat="51.5383788" lon="5.2200717">
      <ele>0.6</ele>
      <time>2019-08-10T13:08:32Z</time>
    </trkpt>
    <trkpt lat="51.5388998" lon="5.2196894">
      <ele>0.8</ele>
      <time>2019-08-10T13:08:42Z</time>
    </trkpt>
    <trkpt lat="51.5394044" lon="5.2193547">
      <ele>0.8</ele>
      <time>2019-08-10T13:08:51Z</time>
    </trkpt>
    <trkpt lat="51.5399004" lon="5.2190141">
      <ele>0.4</ele>
      <time>2019-08-10T13:09:00Z</time>
    </trkpt>
    <trkpt lat="51.5399991" lon="5.2189238">
      <ele>0.2</ele>
      <time>2019-08-10T13:09:02Z</time>
    </trkpt>
    <trkpt lat="51.5403763" lon="5.2182688">
      <ele>-1.2</ele>
      <time>2019-08-10T13:09:12Z</time>
    </trkpt>
    <trkpt lat="51.5405699" lon="5.2177667">
      <ele>-1.2</ele>
      <time>2019-08-10T13:09:19Z</time>
    </trkpt>
    <trkpt lat="51.5408234" lon="5.2169561">
      <ele>-0.4</ele>
      <time>2019-08-10T13:09:29Z</time>
    </trkpt>
    <trkpt lat="51.5410157" lon="5.2161064">
      <ele>0.4</ele>
      <time>2019-08-10T13:09:39Z</time>
    </trkpt>
    <trkpt lat="51.5412102" lon="5.2152834">
      <ele>-0.4</ele>
      <time>2019-08-10T13:09:49Z</time>
    </trkpt>
    <trkpt lat="51.5414146" lon="5.2144066">
      <ele>-1.6</ele>
      <time>2019-08-10T13:09:59Z</time>
    </trkpt>
    <trkpt lat="51.5416019" lon="5.2135557">
      <ele>-2.4</ele>
      <time>2019-08-10T13:10:08Z</time>
    </trkpt>
    <trkpt lat="51.5418676" lon="5.2127514">
      <ele>-0.2</ele>
      <time>2019-08-10T13:10:17Z</time>
    </trkpt>
    <trkpt lat="51.5420898" lon="5.2122807">
      <ele>1.2</ele>
      <time>2019-08-10T13:10:23Z</time>
    </trkpt>
    <trkpt lat="51.5426191" lon="5.2118349">
      <ele>0.8</ele>
      <time>2019-08-10T13:10:33Z</time>
    </trkpt>
    <trkpt lat="51.5431378" lon="5.2115085">
      <ele>0.8</ele>
      <time>2019-08-10T13:10:42Z</time>
    </trkpt>
    <trkpt lat="51.5435749" lon="5.2110061">
      <ele>0.4</ele>
      <time>2019-08-10T13:10:51Z</time>
    </trkpt>
    <trkpt lat="51.5437895" lon="5.2105736">
      <ele>-0.2</ele>
      <time>2019-08-10T13:10:57Z</time>
    </trkpt>
    <trkpt lat="51.5440283" lon="5.2097315">
      <ele>-0.2</ele>
      <time>2019-08-10T13:11:07Z</time>
    </trkpt>
    <trkpt lat="51.5442443" lon="5.2088678">
      <ele>-0.8</ele>
      <time>2019-08-10T13:11:17Z</time>
    </trkpt>
    <trkpt lat="51.5443395" lon="5.2085299">
      <ele>-0.6</ele>
      <time>2019-08-10T13:11:21Z</time>
    </trkpt>
    <trkpt lat="51.5445855" lon="5.2077511">
      <ele>0.0</ele>
      <time>2019-08-10T13:11:30Z</time>
    </trkpt>
    <trkpt lat="51.5446422" lon="5.2075764">
      <ele>0.2</ele>
      <time>2019-08-10T13:11:31Z</time>
    </trkpt>
    <trkpt lat="51.5448161" lon="5.2067706">
      <ele>2.0</ele>
      <time>2019-08-10T13:11:42Z</time>
    </trkpt>
    <trkpt lat="51.5449574" lon="5.2059171">
      <ele>2.4</ele>
      <time>2019-08-10T13:11:52Z</time>
    </trkpt>
    <trkpt lat="51.5450322" lon="5.2052950">
      <ele>2.0</ele>
      <time>2019-08-10T13:11:58Z</time>
    </trkpt>
    <trkpt lat="51.5451647" lon="5.2043673">
      <ele>1.6</ele>
      <time>2019-08-10T13:12:06Z</time>
    </trkpt>
    <trkpt lat="51.5452990" lon="5.2034876">
      <ele>2.2</ele>
      <time>2019-08-10T13:12:14Z</time>
    </trkpt>
    <trkpt lat="51.5453576" lon="5.2025284">
      <ele>1.8</ele>
      <time>2019-08-10T13:12:23Z</time>
    </trkpt>
    <trkpt lat="51.5453299" lon="5.2017190">
      <ele>0.6</ele>
      <time>2019-08-10T13:12:31Z</time>
    </trkpt>
    <trkpt lat="51.5453273" lon="5.2015314">
      <ele>0.6</ele>
      <time>2019-08-10T13:12:33Z</time>
    </trkpt>
    <trkpt lat="51.5453303" lon="5.2014370">
      <ele>0.6</ele>
      <time>2019-08-10T13:12:34Z</time>
    </trkpt>
    <trkpt lat="51.5453345" lon="5.2013447">
      <ele>0.6</ele>
      <time>2019-08-10T13:12:35Z</time>
    </trkpt>
    <trkpt lat="51.5453429" lon="5.2011621">
      <ele>0.6</ele>
      <time>2019-08-10T13:12:37Z</time>
    </trkpt>
    <trkpt lat="51.5453455" lon="5.2010722">
      <ele>0.6</ele>
      <time>2019-08-10T13:12:38Z</time>
    </trkpt>
    <trkpt lat="51.5453476" lon="5.2009816">
      <ele>0.6</ele>
      <time>2019-08-10T13:12:39Z</time>
    </trkpt>
    <trkpt lat="51.5453736" lon="5.2000949">
      <ele>0.6</ele>
      <time>2019-08-10T13:12:49Z</time>
    </trkpt>
    <trkpt lat="51.5453790" lon="5.1999235">
      <ele>0.2</ele>
      <time>2019-08-10T13:12:50Z</time>
    </trkpt>
    <trkpt lat="51.5453778" lon="5.1997492">
      <ele>0.2</ele>
      <time>2019-08-10T13:12:53Z</time>
    </trkpt>
    <trkpt lat="51.5453770" lon="5.1994897">
      <ele>0.0</ele>
      <time>2019-08-10T13:12:56Z</time>
    </trkpt>
    <trkpt lat="51.5453668" lon="5.1991783">
      <ele>0.0</ele>
      <time>2019-08-10T13:13:00Z</time>
    </trkpt>
    <trkpt lat="51.5453565" lon="5.1989707">
      <ele>0.0</ele>
      <time>2019-08-10T13:13:03Z</time>
    </trkpt>
    <trkpt lat="51.5453531" lon="5.1988333">
      <ele>0.2</ele>
      <time>2019-08-10T13:13:05Z</time>
    </trkpt>
    <trkpt lat="51.5453389" lon="5.1986252">
      <ele>0.2</ele>
      <time>2019-08-10T13:13:08Z</time>
    </trkpt>
    <trkpt lat="51.5452997" lon="5.1982765">
      <ele>0.6</ele>
      <time>2019-08-10T13:13:13Z</time>
    </trkpt>
    <trkpt lat="51.5452676" lon="5.1980754">
      <ele>1.0</ele>
      <time>2019-08-10T13:13:16Z</time>
    </trkpt>
    <trkpt lat="51.5451936" lon="5.1971741">
      <ele>0.8</ele>
      <time>2019-08-10T13:13:27Z</time>
    </trkpt>
    <trkpt lat="51.5452054" lon="5.1970186">
      <ele>0.8</ele>
      <time>2019-08-10T13:13:29Z</time>
    </trkpt>
    <trkpt lat="51.5452732" lon="5.1968258">
      <ele>0.6</ele>
      <time>2019-08-10T13:13:32Z</time>
    </trkpt>
    <trkpt lat="51.5453476" lon="5.1967466">
      <ele>0.4</ele>
      <time>2019-08-10T13:13:34Z</time>
    </trkpt>
    <trkpt lat="51.5459022" lon="5.1965532">
      <ele>1.6</ele>
      <time>2019-08-10T13:13:49Z</time>
    </trkpt>
    <trkpt lat="51.5464691" lon="5.1964943">
      <ele>1.2</ele>
      <time>2019-08-10T13:14:03Z</time>
    </trkpt>
    <trkpt lat="51.5470048" lon="5.1964143">
      <ele>1.0</ele>
      <time>2019-08-10T13:14:14Z</time>
    </trkpt>
    <trkpt lat="51.5475156" lon="5.1964377">
      <ele>0.6</ele>
      <time>2019-08-10T13:14:24Z</time>
    </trkpt>
    <trkpt lat="51.5480619" lon="5.1965495">
      <ele>0.8</ele>
      <time>2019-08-10T13:14:34Z</time>
    </trkpt>
    <trkpt lat="51.5486266" lon="5.1965528">
      <ele>0.4</ele>
      <time>2019-08-10T13:14:44Z</time>
    </trkpt>
    <trkpt lat="51.5492045" lon="5.1965608">
      <ele>-0.4</ele>
      <time>2019-08-10T13:14:54Z</time>
    </trkpt>
    <trkpt lat="51.5497727" lon="5.1966666">
      <ele>-1.8</ele>
      <time>2019-08-10T13:15:04Z</time>
    </trkpt>
    <trkpt lat="51.5501719" lon="5.1967671">
      <ele>-3.0</ele>
      <time>2019-08-10T13:15:11Z</time>
    </trkpt>
    <trkpt lat="51.5504456" lon="5.1968138">
      <ele>-2.0</ele>
      <time>2019-08-10T13:15:16Z</time>
    </trkpt>
    <trkpt lat="51.5506922" lon="5.1968908">
      <ele>-1.4</ele>
      <time>2019-08-10T13:15:21Z</time>
    </trkpt>
    <trkpt lat="51.5507826" lon="5.1969410">
      <ele>-0.6</ele>
      <time>2019-08-10T13:15:23Z</time>
    </trkpt>
    <trkpt lat="51.5508807" lon="5.1970109">
      <ele>-0.2</ele>
      <time>2019-08-10T13:15:25Z</time>
    </trkpt>
    <trkpt lat="51.5511856" lon="5.1972555">
      <ele>1.0</ele>
      <time>2019-08-10T13:15:31Z</time>
    </trkpt>
    <trkpt lat="51.5514834" lon="5.1974436">
      <ele>1.0</ele>
      <time>2019-08-10T13:15:37Z</time>
    </trkpt>
    <trkpt lat="51.5517528" lon="5.1974893">
      <ele>1.4</ele>
      <time>2019-08-10T13:15:43Z</time>
    </trkpt>
    <trkpt lat="51.5521169" lon="5.1974464">
      <ele>1.4</ele>
      <time>2019-08-10T13:15:51Z</time>
    </trkpt>
    <trkpt lat="51.5526958" lon="5.1973136">
      <ele>0.4</ele>
      <time>2019-08-10T13:16:02Z</time>
    </trkpt>
    <trkpt lat="51.5532504" lon="5.1971525">
      <ele>-2.2</ele>
      <time>2019-08-10T13:16:12Z</time>
    </trkpt>
    <trkpt lat="51.5535033" lon="5.1970883">
      <ele>-3.2</ele>
      <time>2019-08-10T13:16:17Z</time>
    </trkpt>
    <trkpt lat="51.5536310" lon="5.1970227">
      <ele>-0.8</ele>
      <time>2019-08-10T13:16:24Z</time>
    </trkpt>
    <trkpt lat="51.5536585" lon="5.1967140">
      <ele>6.2</ele>
      <time>2019-08-10T13:47:59Z</time>
    </trkpt>
    <trkpt lat="51.5536957" lon="5.1967419">
      <ele>1.6</ele>
      <time>2019-08-10T13:48:00Z</time>
    </trkpt>
    <trkpt lat="51.5536882" lon="5.1968745">
      <ele>7.0</ele>
      <time>2019-08-10T13:48:02Z</time>
    </trkpt>
    <trkpt lat="51.5538007" lon="5.1970866">
      <ele>13.2</ele>
      <time>2019-08-10T13:48:07Z</time>
    </trkpt>
    <trkpt lat="51.5543029" lon="5.1974197">
      <ele>18.2</ele>
      <time>2019-08-10T13:48:19Z</time>
    </trkpt>
    <trkpt lat="51.5548111" lon="5.1978003">
      <ele>16.8</ele>
      <time>2019-08-10T13:48:29Z</time>
    </trkpt>
    <trkpt lat="51.5553280" lon="5.1981209">
      <ele>18.4</ele>
      <time>2019-08-10T13:48:38Z</time>
    </trkpt>
    <trkpt lat="51.5558894" lon="5.1984385">
      <ele>20.8</ele>
      <time>2019-08-10T13:48:48Z</time>
    </trkpt>
    <trkpt lat="51.5563169" lon="5.1987211">
      <ele>23.6</ele>
      <time>2019-08-10T13:48:56Z</time>
    </trkpt>
    <trkpt lat="51.5565661" lon="5.1988690">
      <ele>24.2</ele>
      <time>2019-08-10T13:49:01Z</time>
    </trkpt>
    <trkpt lat="51.5566169" lon="5.1988904">
      <ele>24.2</ele>
      <time>2019-08-10T13:49:02Z</time>
    </trkpt>
    <trkpt lat="51.5571956" lon="5.1989111">
      <ele>22.2</ele>
      <time>2019-08-10T13:49:13Z</time>
    </trkpt>
    <trkpt lat="51.5577366" lon="5.1988505">
      <ele>19.2</ele>
      <time>2019-08-10T13:49:22Z</time>
    </trkpt>
    <trkpt lat="51.5583079" lon="5.1987947">
      <ele>18.4</ele>
      <time>2019-08-10T13:49:31Z</time>
    </trkpt>
    <trkpt lat="51.5587952" lon="5.1987544">
      <ele>18.2</ele>
      <time>2019-08-10T13:49:39Z</time>
    </trkpt>
    <trkpt lat="51.5593615" lon="5.1986989">
      <ele>12.4</ele>
      <time>2019-08-10T13:49:48Z</time>
    </trkpt>
    <trkpt lat="51.5596053" lon="5.1986722">
      <ele>10.0</ele>
      <time>2019-08-10T13:49:52Z</time>
    </trkpt>
    <trkpt lat="51.5601895" lon="5.1986043">
      <ele>11.6</ele>
      <time>2019-08-10T13:50:02Z</time>
    </trkpt>
    <trkpt lat="51.5603730" lon="5.1985849">
      <ele>10.6</ele>
      <time>2019-08-10T13:50:05Z</time>
    </trkpt>
    <trkpt lat="51.5607685" lon="5.1985599">
      <ele>12.0</ele>
      <time>2019-08-10T13:50:12Z</time>
    </trkpt>
    <trkpt lat="51.5612732" lon="5.1984598">
      <ele>13.4</ele>
      <time>2019-08-10T13:50:23Z</time>
    </trkpt>
    <trkpt lat="51.5611495" lon="5.1976037">
      <ele>15.6</ele>
      <time>2019-08-10T13:50:40Z</time>
    </trkpt>
    <trkpt lat="51.5611119" lon="5.1967085">
      <ele>18.0</ele>
      <time>2019-08-10T13:50:52Z</time>
    </trkpt>
    <trkpt lat="51.5610536" lon="5.1957944">
      <ele>22.2</ele>
      <time>2019-08-10T13:51:03Z</time>
    </trkpt>
    <trkpt lat="51.5610109" lon="5.1949336">
      <ele>22.4</ele>
      <time>2019-08-10T13:51:18Z</time>
    </trkpt>
    <trkpt lat="51.5609533" lon="5.1940443">
      <ele>20.6</ele>
      <time>2019-08-10T13:51:30Z</time>
    </trkpt>
    <trkpt lat="51.5609148" lon="5.1934433">
      <ele>20.2</ele>
      <time>2019-08-10T13:51:38Z</time>
    </trkpt>
    <trkpt lat="51.5609125" lon="5.1932312">
      <ele>20.4</ele>
      <time>2019-08-10T13:51:41Z</time>
    </trkpt>
    <trkpt lat="51.5609131" lon="5.1928247">
      <ele>20.2</ele>
      <time>2019-08-10T13:51:46Z</time>
    </trkpt>
    <trkpt lat="51.5608785" lon="5.1923993">
      <ele>19.8</ele>
      <time>2019-08-10T13:51:51Z</time>
    </trkpt>
    <trkpt lat="51.5608408" lon="5.1916787">
      <ele>19.0</ele>
      <time>2019-08-10T13:52:00Z</time>
    </trkpt>
    <trkpt lat="51.5608202" lon="5.1912082">
      <ele>18.4</ele>
      <time>2019-08-10T13:52:06Z</time>
    </trkpt>
    <trkpt lat="51.5608019" lon="5.1909627">
      <ele>17.8</ele>
      <time>2019-08-10T13:52:09Z</time>
    </trkpt>
    <trkpt lat="51.5607970" lon="5.1908797">
      <ele>17.6</ele>
      <time>2019-08-10T13:52:10Z</time>
    </trkpt>
    <trkpt lat="51.5607942" lon="5.1906401">
      <ele>16.6</ele>
      <time>2019-08-10T13:52:13Z</time>
    </trkpt>
    <trkpt lat="51.5608020" lon="5.1904609">
      <ele>16.4</ele>
      <time>2019-08-10T13:52:15Z</time>
    </trkpt>
    <trkpt lat="51.5608087" lon="5.1903805">
      <ele>16.4</ele>
      <time>2019-08-10T13:52:16Z</time>
    </trkpt>
    <trkpt lat="51.5608194" lon="5.1902932">
      <ele>16.6</ele>
      <time>2019-08-10T13:52:17Z</time>
    </trkpt>
    <trkpt lat="51.5608288" lon="5.1902080">
      <ele>16.8</ele>
      <time>2019-08-10T13:52:18Z</time>
    </trkpt>
    <trkpt lat="51.5608422" lon="5.1901282">
      <ele>16.8</ele>
      <time>2019-08-10T13:52:19Z</time>
    </trkpt>
    <trkpt lat="51.5608986" lon="5.1898033">
      <ele>17.2</ele>
      <time>2019-08-10T13:52:23Z</time>
    </trkpt>
    <trkpt lat="51.5609574" lon="5.1893171">
      <ele>17.2</ele>
      <time>2019-08-10T13:52:29Z</time>
    </trkpt>
    <trkpt lat="51.5609785" lon="5.1891432">
      <ele>17.4</ele>
      <time>2019-08-10T13:52:31Z</time>
    </trkpt>
    <trkpt lat="51.5610054" lon="5.1889659">
      <ele>17.4</ele>
      <time>2019-08-10T13:52:32Z</time>
    </trkpt>
    <trkpt lat="51.5610194" lon="5.1888698">
      <ele>16.8</ele>
      <time>2019-08-10T13:52:34Z</time>
    </trkpt>
    <trkpt lat="51.5610494" lon="5.1886160">
      <ele>15.8</ele>
      <time>2019-08-10T13:52:37Z</time>
    </trkpt>
    <trkpt lat="51.5611184" lon="5.1882914">
      <ele>14.0</ele>
      <time>2019-08-10T13:52:41Z</time>
    </trkpt>
    <trkpt lat="51.5611632" lon="5.1880210">
      <ele>12.4</ele>
      <time>2019-08-10T13:52:44Z</time>
    </trkpt>
    <trkpt lat="51.5612351" lon="5.1874648">
      <ele>9.4</ele>
      <time>2019-08-10T13:52:50Z</time>
    </trkpt>
    <trkpt lat="51.5613168" lon="5.1868229">
      <ele>11.2</ele>
      <time>2019-08-10T13:52:57Z</time>
    </trkpt>
    <trkpt lat="51.5613412" lon="5.1867393">
      <ele>11.4</ele>
      <time>2019-08-10T13:52:58Z</time>
    </trkpt>
    <trkpt lat="51.5613733" lon="5.1866618">
      <ele>11.8</ele>
      <time>2019-08-10T13:52:59Z</time>
    </trkpt>
    <trkpt lat="51.5614761" lon="5.1864451">
      <ele>11.2</ele>
      <time>2019-08-10T13:53:02Z</time>
    </trkpt>
    <trkpt lat="51.5615849" lon="5.1862489">
      <ele>10.4</ele>
      <time>2019-08-10T13:53:05Z</time>
    </trkpt>
    <trkpt lat="51.5617169" lon="5.1859952">
      <ele>10.0</ele>
      <time>2019-08-10T13:53:09Z</time>
    </trkpt>
    <trkpt lat="51.5618216" lon="5.1857884">
      <ele>9.4</ele>
      <time>2019-08-10T13:53:12Z</time>
    </trkpt>
    <trkpt lat="51.5619947" lon="5.1854733">
      <ele>6.0</ele>
      <time>2019-08-10T13:53:17Z</time>
    </trkpt>
    <trkpt lat="51.5620415" lon="5.1854260">
      <ele>5.8</ele>
      <time>2019-08-10T13:53:18Z</time>
    </trkpt>
    <trkpt lat="51.5621412" lon="5.1853381">
      <ele>4.6</ele>
      <time>2019-08-10T13:53:20Z</time>
    </trkpt>
    <trkpt lat="51.5624702" lon="5.1850585">
      <ele>3.4</ele>
      <time>2019-08-10T13:53:27Z</time>
    </trkpt>
    <trkpt lat="51.5626160" lon="5.1849181">
      <ele>4.2</ele>
      <time>2019-08-10T13:53:30Z</time>
    </trkpt>
    <trkpt lat="51.5631160" lon="5.1844620">
      <ele>10.0</ele>
      <time>2019-08-10T13:53:42Z</time>
    </trkpt>
    <trkpt lat="51.5633263" lon="5.1842911">
      <ele>8.2</ele>
      <time>2019-08-10T13:53:46Z</time>
    </trkpt>
    <trkpt lat="51.5638292" lon="5.1839666">
      <ele>3.0</ele>
      <time>2019-08-10T13:53:55Z</time>
    </trkpt>
    <trkpt lat="51.5643831" lon="5.1838458">
      <ele>1.6</ele>
      <time>2019-08-10T13:54:05Z</time>
    </trkpt>
    <trkpt lat="51.5646828" lon="5.1837936">
      <ele>-1.0</ele>
      <time>2019-08-10T13:54:10Z</time>
    </trkpt>
    <trkpt lat="51.5652593" lon="5.1837076">
      <ele>-1.2</ele>
      <time>2019-08-10T13:54:20Z</time>
    </trkpt>
    <trkpt lat="51.5658511" lon="5.1835801">
      <ele>0.6</ele>
      <time>2019-08-10T13:54:30Z</time>
    </trkpt>
    <trkpt lat="51.5663879" lon="5.1833848">
      <ele>3.4</ele>
      <time>2019-08-10T13:54:42Z</time>
    </trkpt>
    <trkpt lat="51.5664081" lon="5.1832496">
      <ele>4.2</ele>
      <time>2019-08-10T13:54:44Z</time>
    </trkpt>
    <trkpt lat="51.5664124" lon="5.1830933">
      <ele>5.4</ele>
      <time>2019-08-10T13:54:46Z</time>
    </trkpt>
    <trkpt lat="51.5663705" lon="5.1822314">
      <ele>13.0</ele>
      <time>2019-08-10T13:54:58Z</time>
    </trkpt>
    <trkpt lat="51.5663900" lon="5.1821525">
      <ele>13.8</ele>
      <time>2019-08-10T13:54:59Z</time>
    </trkpt>
    <trkpt lat="51.5664143" lon="5.1821362">
      <ele>14.4</ele>
      <time>2019-08-10T13:55:01Z</time>
    </trkpt>
    <trkpt lat="51.5665724" lon="5.1821744">
      <ele>16.2</ele>
      <time>2019-08-10T13:55:05Z</time>
    </trkpt>
    <trkpt lat="51.5668837" lon="5.1823820">
      <ele>15.4</ele>
      <time>2019-08-10T13:55:12Z</time>
    </trkpt>
    <trkpt lat="51.5673853" lon="5.1827700">
      <ele>14.2</ele>
      <time>2019-08-10T13:55:22Z</time>
    </trkpt>
    <trkpt lat="51.5677078" lon="5.1829669">
      <ele>13.8</ele>
      <time>2019-08-10T13:55:28Z</time>
    </trkpt>
    <trkpt lat="51.5678891" lon="5.1829791">
      <ele>13.2</ele>
      <time>2019-08-10T13:55:31Z</time>
    </trkpt>
    <trkpt lat="51.5684656" lon="5.1829776">
      <ele>13.2</ele>
      <time>2019-08-10T13:55:40Z</time>
    </trkpt>
    <trkpt lat="51.5690621" lon="5.1829590">
      <ele>13.2</ele>
      <time>2019-08-10T13:55:49Z</time>
    </trkpt>
    <trkpt lat="51.5695928" lon="5.1829715">
      <ele>9.2</ele>
      <time>2019-08-10T13:55:57Z</time>
    </trkpt>
    <trkpt lat="51.5701655" lon="5.1830235">
      <ele>6.6</ele>
      <time>2019-08-10T13:56:06Z</time>
    </trkpt>
    <trkpt lat="51.5705138" lon="5.1830293">
      <ele>4.6</ele>
      <time>2019-08-10T13:56:12Z</time>
    </trkpt>
    <trkpt lat="51.5708191" lon="5.1829984">
      <ele>4.0</ele>
      <time>2019-08-10T13:56:17Z</time>
    </trkpt>
    <trkpt lat="51.5711899" lon="5.1828946">
      <ele>4.0</ele>
      <time>2019-08-10T13:56:23Z</time>
    </trkpt>
    <trkpt lat="51.5713563" lon="5.1828330">
      <ele>4.4</ele>
      <time>2019-08-10T13:56:26Z</time>
    </trkpt>
    <trkpt lat="51.5715174" lon="5.1826581">
      <ele>3.0</ele>
      <time>2019-08-10T13:56:34Z</time>
    </trkpt>
    <trkpt lat="51.5716852" lon="5.1821504">
      <ele>0.4</ele>
      <time>2019-08-10T13:56:45Z</time>
    </trkpt>
    <trkpt lat="51.5716681" lon="5.1820028">
      <ele>0.0</ele>
      <time>2019-08-10T13:56:47Z</time>
    </trkpt>
    <trkpt lat="51.5716024" lon="5.1818479">
      <ele>0.6</ele>
      <time>2019-08-10T13:56:49Z</time>
    </trkpt>
    <trkpt lat="51.5712356" lon="5.1811546">
      <ele>4.2</ele>
      <time>2019-08-10T13:56:59Z</time>
    </trkpt>
    <trkpt lat="51.5708306" lon="5.1805447">
      <ele>3.6</ele>
      <time>2019-08-10T13:57:12Z</time>
    </trkpt>
    <trkpt lat="51.5704657" lon="5.1798210">
      <ele>-0.8</ele>
      <time>2019-08-10T13:57:23Z</time>
    </trkpt>
    <trkpt lat="51.5701198" lon="5.1791103">
      <ele>3.8</ele>
      <time>2019-08-10T13:57:33Z</time>
    </trkpt>
    <trkpt lat="51.5698366" lon="5.1783589">
      <ele>6.6</ele>
      <time>2019-08-10T13:57:43Z</time>
    </trkpt>
    <trkpt lat="51.5695478" lon="5.1775814">
      <ele>8.4</ele>
      <time>2019-08-10T13:57:53Z</time>
    </trkpt>
    <trkpt lat="51.5694297" lon="5.1771974">
      <ele>7.8</ele>
      <time>2019-08-10T13:57:58Z</time>
    </trkpt>
    <trkpt lat="51.5691672" lon="5.1764313">
      <ele>7.8</ele>
      <time>2019-08-10T13:58:08Z</time>
    </trkpt>
    <trkpt lat="51.5690442" lon="5.1761466">
      <ele>7.2</ele>
      <time>2019-08-10T13:58:13Z</time>
    </trkpt>
    <trkpt lat="51.5695842" lon="5.1777830">
      <ele>2.6</ele>
      <time>2019-08-10T13:58:56Z</time>
    </trkpt>
    <trkpt lat="51.5696123" lon="5.1778554">
      <ele>2.4</ele>
      <time>2019-08-10T13:58:57Z</time>
    </trkpt>
    <trkpt lat="51.5698994" lon="5.1786123">
      <ele>1.2</ele>
      <time>2019-08-10T13:59:07Z</time>
    </trkpt>
    <trkpt lat="51.5700634" lon="5.1790832">
      <ele>0.6</ele>
      <time>2019-08-10T13:59:13Z</time>
    </trkpt>
    <trkpt lat="51.5703519" lon="5.1798634">
      <ele>0.0</ele>
      <time>2019-08-10T13:59:24Z</time>
    </trkpt>
    <trkpt lat="51.5706272" lon="5.1802468">
      <ele>-0.8</ele>
      <time>2019-08-10T13:59:32Z</time>
    </trkpt>
    <trkpt lat="51.5706848" lon="5.1802136">
      <ele>2.6</ele>
      <time>2019-08-10T13:59:34Z</time>
    </trkpt>
    <trkpt lat="51.5709080" lon="5.1799608">
      <ele>8.6</ele>
      <time>2019-08-10T13:59:41Z</time>
    </trkpt>
    <trkpt lat="51.5710080" lon="5.1797462">
      <ele>7.8</ele>
      <time>2019-08-10T13:59:46Z</time>
    </trkpt>
    <trkpt lat="51.5709075" lon="5.1794871">
      <ele>7.2</ele>
      <time>2019-08-10T13:59:50Z</time>
    </trkpt>
    <trkpt lat="51.5709347" lon="5.1792560">
      <ele>6.0</ele>
      <time>2019-08-10T13:59:54Z</time>
    </trkpt>
    <trkpt lat="51.5709389" lon="5.1791227">
      <ele>5.0</ele>
      <time>2019-08-10T13:59:56Z</time>
    </trkpt>
    <trkpt lat="51.5709098" lon="5.1789752">
      <ele>3.6</ele>
      <time>2019-08-10T13:59:58Z</time>
    </trkpt>
    <trkpt lat="51.5708606" lon="5.1787770">
      <ele>2.8</ele>
      <time>2019-08-10T14:00:02Z</time>
    </trkpt>
    <trkpt lat="51.5711508" lon="5.1784578">
      <ele>6.0</ele>
      <time>2019-08-10T14:00:11Z</time>
    </trkpt>
    <trkpt lat="51.5711921" lon="5.1783477">
      <ele>4.6</ele>
      <time>2019-08-10T14:00:13Z</time>
    </trkpt>
    <trkpt lat="51.5712755" lon="5.1780601">
      <ele>4.0</ele>
      <time>2019-08-10T14:00:18Z</time>
    </trkpt>
    <trkpt lat="51.5713485" lon="5.1779689">
      <ele>4.2</ele>
      <time>2019-08-10T14:00:20Z</time>
    </trkpt>
    <trkpt lat="51.5718515" lon="5.1775230">
      <ele>2.0</ele>
      <time>2019-08-10T14:00:30Z</time>
    </trkpt>
    <trkpt lat="51.5723300" lon="5.1771038">
      <ele>0.2</ele>
      <time>2019-08-10T14:00:39Z</time>
    </trkpt>
    <trkpt lat="51.5723856" lon="5.1770563">
      <ele>-0.2</ele>
      <time>2019-08-10T14:00:40Z</time>
    </trkpt>
    <trkpt lat="51.5724351" lon="5.1770025">
      <ele>0.0</ele>
      <time>2019-08-10T14:00:41Z</time>
    </trkpt>
    <trkpt lat="51.5724816" lon="5.1769407">
      <ele>-0.2</ele>
      <time>2019-08-10T14:00:42Z</time>
    </trkpt>
    <trkpt lat="51.5725226" lon="5.1768700">
      <ele>-0.4</ele>
      <time>2019-08-10T14:00:43Z</time>
    </trkpt>
    <trkpt lat="51.5725485" lon="5.1767875">
      <ele>-0.4</ele>
      <time>2019-08-10T14:00:44Z</time>
    </trkpt>
    <trkpt lat="51.5725586" lon="5.1766925">
      <ele>-0.4</ele>
      <time>2019-08-10T14:00:45Z</time>
    </trkpt>
    <trkpt lat="51.5726029" lon="5.1765233">
      <ele>-0.8</ele>
      <time>2019-08-10T14:00:47Z</time>
    </trkpt>
    <trkpt lat="51.5726910" lon="5.1763287">
      <ele>-1.6</ele>
      <time>2019-08-10T14:00:50Z</time>
    </trkpt>
    <trkpt lat="51.5726896" lon="5.1762243">
      <ele>-2.0</ele>
      <time>2019-08-10T14:00:52Z</time>
    </trkpt>
    <trkpt lat="51.5725482" lon="5.1760835">
      <ele>-2.2</ele>
      <time>2019-08-10T14:00:56Z</time>
    </trkpt>
    <trkpt lat="51.5722754" lon="5.1758388">
      <ele>1.2</ele>
      <time>2019-08-10T14:01:02Z</time>
    </trkpt>
    <trkpt lat="51.5719913" lon="5.1751980">
      <ele>1.0</ele>
      <time>2019-08-10T14:01:11Z</time>
    </trkpt>
    <trkpt lat="51.5718632" lon="5.1746891">
      <ele>-0.8</ele>
      <time>2019-08-10T14:01:17Z</time>
    </trkpt>
    <trkpt lat="51.5715813" lon="5.1739431">
      <ele>3.2</ele>
      <time>2019-08-10T14:01:26Z</time>
    </trkpt>
    <trkpt lat="51.5712481" lon="5.1731879">
      <ele>9.0</ele>
      <time>2019-08-10T14:01:36Z</time>
    </trkpt>
    <trkpt lat="51.5711704" lon="5.1730539">
      <ele>8.8</ele>
      <time>2019-08-10T14:01:37Z</time>
    </trkpt>
    <trkpt lat="51.5710885" lon="5.1729263">
      <ele>9.6</ele>
      <time>2019-08-10T14:01:40Z</time>
    </trkpt>
    <trkpt lat="51.5710335" lon="5.1727718">
      <ele>11.0</ele>
      <time>2019-08-10T14:01:42Z</time>
    </trkpt>
    <trkpt lat="51.5709790" lon="5.1726113">
      <ele>12.2</ele>
      <time>2019-08-10T14:01:44Z</time>
    </trkpt>
    <trkpt lat="51.5708857" lon="5.1723025">
      <ele>14.0</ele>
      <time>2019-08-10T14:01:48Z</time>
    </trkpt>
    <trkpt lat="51.5708466" lon="5.1721563">
      <ele>13.8</ele>
      <time>2019-08-10T14:01:50Z</time>
    </trkpt>
    <trkpt lat="51.5705941" lon="5.1713359">
      <ele>12.2</ele>
      <time>2019-08-10T14:02:01Z</time>
    </trkpt>
    <trkpt lat="51.5704376" lon="5.1709248">
      <ele>11.4</ele>
      <time>2019-08-10T14:02:08Z</time>
    </trkpt>
    <trkpt lat="51.5706985" lon="5.1704489">
      <ele>9.6</ele>
      <time>2019-08-10T14:02:16Z</time>
    </trkpt>
    <trkpt lat="51.5711976" lon="5.1699535">
      <ele>7.0</ele>
      <time>2019-08-10T14:02:26Z</time>
    </trkpt>
    <trkpt lat="51.5714332" lon="5.1697750">
      <ele>5.4</ele>
      <time>2019-08-10T14:02:31Z</time>
    </trkpt>
    <trkpt lat="51.5717463" lon="5.1695027">
      <ele>4.8</ele>
      <time>2019-08-10T14:02:38Z</time>
    </trkpt>
    <trkpt lat="51.5718095" lon="5.1693826">
      <ele>5.0</ele>
      <time>2019-08-10T14:02:40Z</time>
    </trkpt>
    <trkpt lat="51.5718371" lon="5.1692283">
      <ele>5.2</ele>
      <time>2019-08-10T14:02:42Z</time>
    </trkpt>
    <trkpt lat="51.5718211" lon="5.1690625">
      <ele>5.2</ele>
      <time>2019-08-10T14:02:44Z</time>
    </trkpt>
    <trkpt lat="51.5717134" lon="5.1686511">
      <ele>5.6</ele>
      <time>2019-08-10T14:02:49Z</time>
    </trkpt>
    <trkpt lat="51.5715396" lon="5.1680817">
      <ele>7.6</ele>
      <time>2019-08-10T14:02:56Z</time>
    </trkpt>
    <trkpt lat="51.5713135" lon="5.1672297">
      <ele>9.2</ele>
      <time>2019-08-10T14:03:06Z</time>
    </trkpt>
    <trkpt lat="51.5711072" lon="5.1663711">
      <ele>10.0</ele>
      <time>2019-08-10T14:03:16Z</time>
    </trkpt>
    <trkpt lat="51.5710465" lon="5.1661082">
      <ele>8.8</ele>
      <time>2019-08-10T14:03:19Z</time>
    </trkpt>
    <trkpt lat="51.5710053" lon="5.1659248">
      <ele>8.4</ele>
      <time>2019-08-10T14:03:21Z</time>
    </trkpt>
    <trkpt lat="51.5709604" lon="5.1657392">
      <ele>8.4</ele>
      <time>2019-08-10T14:03:22Z</time>
    </trkpt>
    <trkpt lat="51.5709604" lon="5.1657392">
      <ele>8.4</ele>
      <time>2019-08-10T14:03:23Z</time>
    </trkpt>
    <trkpt lat="51.5709387" lon="5.1656448">
      <ele>8.6</ele>
      <time>2019-08-10T14:03:24Z</time>
    </trkpt>
    <trkpt lat="51.5709164" lon="5.1655507">
      <ele>8.6</ele>
      <time>2019-08-10T14:03:25Z</time>
    </trkpt>
    <trkpt lat="51.5708936" lon="5.1654575">
      <ele>8.6</ele>
      <time>2019-08-10T14:03:26Z</time>
    </trkpt>
    <trkpt lat="51.5707795" lon="5.1649904">
      <ele>8.6</ele>
      <time>2019-08-10T14:03:31Z</time>
    </trkpt>
    <trkpt lat="51.5706074" lon="5.1642721">
      <ele>8.8</ele>
      <time>2019-08-10T14:03:39Z</time>
    </trkpt>
    <trkpt lat="51.5705229" lon="5.1639274">
      <ele>8.6</ele>
      <time>2019-08-10T14:03:43Z</time>
    </trkpt>
    <trkpt lat="51.5704387" lon="5.1635623">
      <ele>8.0</ele>
      <time>2019-08-10T14:03:47Z</time>
    </trkpt>
    <trkpt lat="51.5702275" lon="5.1626931">
      <ele>5.8</ele>
      <time>2019-08-10T14:03:57Z</time>
    </trkpt>
    <trkpt lat="51.5700159" lon="5.1618139">
      <ele>6.8</ele>
      <time>2019-08-10T14:04:07Z</time>
    </trkpt>
    <trkpt lat="51.5698683" lon="5.1609719">
      <ele>6.2</ele>
      <time>2019-08-10T14:04:16Z</time>
    </trkpt>
    <trkpt lat="51.5698055" lon="5.1602432">
      <ele>6.2</ele>
      <time>2019-08-10T14:04:24Z</time>
    </trkpt>
    <trkpt lat="51.5698022" lon="5.1601502">
      <ele>6.4</ele>
      <time>2019-08-10T14:04:25Z</time>
    </trkpt>
    <trkpt lat="51.5698013" lon="5.1600552">
      <ele>6.4</ele>
      <time>2019-08-10T14:04:26Z</time>
    </trkpt>
    <trkpt lat="51.5698007" lon="5.1599604">
      <ele>6.2</ele>
      <time>2019-08-10T14:04:27Z</time>
    </trkpt>
    <trkpt lat="51.5698016" lon="5.1598623">
      <ele>6.2</ele>
      <time>2019-08-10T14:04:28Z</time>
    </trkpt>
    <trkpt lat="51.5697967" lon="5.1596684">
      <ele>6.2</ele>
      <time>2019-08-10T14:04:30Z</time>
    </trkpt>
    <trkpt lat="51.5697398" lon="5.1587936">
      <ele>6.0</ele>
      <time>2019-08-10T14:04:39Z</time>
    </trkpt>
    <trkpt lat="51.5697109" lon="5.1585124">
      <ele>5.8</ele>
      <time>2019-08-10T14:04:42Z</time>
    </trkpt>
    <trkpt lat="51.5695692" lon="5.1576444">
      <ele>5.6</ele>
      <time>2019-08-10T14:04:51Z</time>
    </trkpt>
    <trkpt lat="51.5694648" lon="5.1567562">
      <ele>5.8</ele>
      <time>2019-08-10T14:05:00Z</time>
    </trkpt>
    <trkpt lat="51.5694601" lon="5.1565499">
      <ele>5.4</ele>
      <time>2019-08-10T14:05:02Z</time>
    </trkpt>
    <trkpt lat="51.5694599" lon="5.1564480">
      <ele>5.2</ele>
      <time>2019-08-10T14:05:03Z</time>
    </trkpt>
    <trkpt lat="51.5694586" lon="5.1562476">
      <ele>5.0</ele>
      <time>2019-08-10T14:05:05Z</time>
    </trkpt>
    <trkpt lat="51.5694631" lon="5.1561461">
      <ele>4.6</ele>
      <time>2019-08-10T14:05:06Z</time>
    </trkpt>
    <trkpt lat="51.5694667" lon="5.1560459">
      <ele>4.2</ele>
      <time>2019-08-10T14:05:07Z</time>
    </trkpt>
    <trkpt lat="51.5694836" lon="5.1557430">
      <ele>3.2</ele>
      <time>2019-08-10T14:05:10Z</time>
    </trkpt>
    <trkpt lat="51.5695225" lon="5.1548957">
      <ele>4.0</ele>
      <time>2019-08-10T14:05:19Z</time>
    </trkpt>
    <trkpt lat="51.5694959" lon="5.1547162">
      <ele>4.2</ele>
      <time>2019-08-10T14:05:21Z</time>
    </trkpt>
    <trkpt lat="51.5694710" lon="5.1545502">
      <ele>6.6</ele>
      <time>2019-08-10T14:05:23Z</time>
    </trkpt>
    <trkpt lat="51.5694946" lon="5.1543797">
      <ele>5.4</ele>
      <time>2019-08-10T14:05:25Z</time>
    </trkpt>
    <trkpt lat="51.5695589" lon="5.1541193">
      <ele>5.4</ele>
      <time>2019-08-10T14:05:28Z</time>
    </trkpt>
    <trkpt lat="51.5695827" lon="5.1539289">
      <ele>5.2</ele>
      <time>2019-08-10T14:05:30Z</time>
    </trkpt>
    <trkpt lat="51.5695561" lon="5.1530653">
      <ele>4.4</ele>
      <time>2019-08-10T14:05:39Z</time>
    </trkpt>
    <trkpt lat="51.5695288" lon="5.1524664">
      <ele>4.2</ele>
      <time>2019-08-10T14:05:45Z</time>
    </trkpt>
    <trkpt lat="51.5695094" lon="5.1521638">
      <ele>4.0</ele>
      <time>2019-08-10T14:05:48Z</time>
    </trkpt>
    <trkpt lat="51.5694861" lon="5.1518716">
      <ele>4.2</ele>
      <time>2019-08-10T14:05:51Z</time>
    </trkpt>
    <trkpt lat="51.5694728" lon="5.1517760">
      <ele>4.4</ele>
      <time>2019-08-10T14:05:52Z</time>
    </trkpt>
    <trkpt lat="51.5693559" lon="5.1513301">
      <ele>5.6</ele>
      <time>2019-08-10T14:05:57Z</time>
    </trkpt>
    <trkpt lat="51.5691808" lon="5.1507993">
      <ele>6.2</ele>
      <time>2019-08-10T14:06:03Z</time>
    </trkpt>
    <trkpt lat="51.5690992" lon="5.1505187">
      <ele>6.8</ele>
      <time>2019-08-10T14:06:06Z</time>
    </trkpt>
    <trkpt lat="51.5690743" lon="5.1504165">
      <ele>7.0</ele>
      <time>2019-08-10T14:06:07Z</time>
    </trkpt>
    <trkpt lat="51.5689452" lon="5.1495769">
      <ele>9.0</ele>
      <time>2019-08-10T14:06:15Z</time>
    </trkpt>
    <trkpt lat="51.5689258" lon="5.1493810">
      <ele>8.6</ele>
      <time>2019-08-10T14:06:17Z</time>
    </trkpt>
    <trkpt lat="51.5689050" lon="5.1491821">
      <ele>8.2</ele>
      <time>2019-08-10T14:06:19Z</time>
    </trkpt>
    <trkpt lat="51.5688835" lon="5.1488739">
      <ele>8.2</ele>
      <time>2019-08-10T14:06:22Z</time>
    </trkpt>
    <trkpt lat="51.5688650" lon="5.1486766">
      <ele>7.4</ele>
      <time>2019-08-10T14:06:24Z</time>
    </trkpt>
    <trkpt lat="51.5688416" lon="5.1483839">
      <ele>7.2</ele>
      <time>2019-08-10T14:06:27Z</time>
    </trkpt>
    <trkpt lat="51.5688346" lon="5.1482882">
      <ele>7.0</ele>
      <time>2019-08-10T14:06:28Z</time>
    </trkpt>
    <trkpt lat="51.5688283" lon="5.1481945">
      <ele>7.0</ele>
      <time>2019-08-10T14:06:29Z</time>
    </trkpt>
    <trkpt lat="51.5688220" lon="5.1481027">
      <ele>7.0</ele>
      <time>2019-08-10T14:06:30Z</time>
    </trkpt>
    <trkpt lat="51.5688160" lon="5.1480105">
      <ele>7.0</ele>
      <time>2019-08-10T14:06:31Z</time>
    </trkpt>
    <trkpt lat="51.5687723" lon="5.1472749">
      <ele>7.2</ele>
      <time>2019-08-10T14:06:39Z</time>
    </trkpt>
    <trkpt lat="51.5687289" lon="5.1465674">
      <ele>7.0</ele>
      <time>2019-08-10T14:06:47Z</time>
    </trkpt>
    <trkpt lat="51.5687189" lon="5.1462258">
      <ele>7.2</ele>
      <time>2019-08-10T14:06:51Z</time>
    </trkpt>
    <trkpt lat="51.5687633" lon="5.1460821">
      <ele>7.0</ele>
      <time>2019-08-10T14:06:53Z</time>
    </trkpt>
    <trkpt lat="51.5688559" lon="5.1460024">
      <ele>6.6</ele>
      <time>2019-08-10T14:06:55Z</time>
    </trkpt>
    <trkpt lat="51.5692946" lon="5.1458405">
      <ele>5.4</ele>
      <time>2019-08-10T14:07:03Z</time>
    </trkpt>
    <trkpt lat="51.5694664" lon="5.1457805">
      <ele>5.0</ele>
      <time>2019-08-10T14:07:06Z</time>
    </trkpt>
    <trkpt lat="51.5700488" lon="5.1456007">
      <ele>3.4</ele>
      <time>2019-08-10T14:07:16Z</time>
    </trkpt>
    <trkpt lat="51.5705174" lon="5.1454942">
      <ele>2.6</ele>
      <time>2019-08-10T14:07:24Z</time>
    </trkpt>
    <trkpt lat="51.5708098" lon="5.1455432">
      <ele>3.8</ele>
      <time>2019-08-10T14:07:29Z</time>
    </trkpt>
    <trkpt lat="51.5708948" lon="5.1454623">
      <ele>5.8</ele>
      <time>2019-08-10T14:07:31Z</time>
    </trkpt>
    <trkpt lat="51.5708730" lon="5.1451972">
      <ele>6.4</ele>
      <time>2019-08-10T14:07:34Z</time>
    </trkpt>
    <trkpt lat="51.5706679" lon="5.1443740">
      <ele>3.8</ele>
      <time>2019-08-10T14:07:44Z</time>
    </trkpt>
    <trkpt lat="51.5704486" lon="5.1435303">
      <ele>2.6</ele>
      <time>2019-08-10T14:07:54Z</time>
    </trkpt>
    <trkpt lat="51.5702478" lon="5.1426446">
      <ele>8.2</ele>
      <time>2019-08-10T14:08:04Z</time>
    </trkpt>
    <trkpt lat="51.5702032" lon="5.1423604">
      <ele>9.0</ele>
      <time>2019-08-10T14:08:07Z</time>
    </trkpt>
    <trkpt lat="51.5700851" lon="5.1417658">
      <ele>12.2</ele>
      <time>2019-08-10T14:08:14Z</time>
    </trkpt>
    <trkpt lat="51.5700333" lon="5.1415927">
      <ele>13.6</ele>
      <time>2019-08-10T14:08:16Z</time>
    </trkpt>
    <trkpt lat="51.5698159" lon="5.1409505">
      <ele>16.0</ele>
      <time>2019-08-10T14:08:24Z</time>
    </trkpt>
    <trkpt lat="51.5697774" lon="5.1408811">
      <ele>16.0</ele>
      <time>2019-08-10T14:08:25Z</time>
    </trkpt>
    <trkpt lat="51.5696173" lon="5.1406423">
      <ele>14.4</ele>
      <time>2019-08-10T14:08:29Z</time>
    </trkpt>
    <trkpt lat="51.5695338" lon="5.1403393">
      <ele>14.4</ele>
      <time>2019-08-10T14:08:34Z</time>
    </trkpt>
    <trkpt lat="51.5695249" lon="5.1401876">
      <ele>14.6</ele>
      <time>2019-08-10T14:08:36Z</time>
    </trkpt>
    <trkpt lat="51.5695477" lon="5.1400160">
      <ele>16.2</ele>
      <time>2019-08-10T14:08:38Z</time>
    </trkpt>
    <trkpt lat="51.5695574" lon="5.1397383">
      <ele>16.0</ele>
      <time>2019-08-10T14:08:41Z</time>
    </trkpt>
    <trkpt lat="51.5694958" lon="5.1393781">
      <ele>15.0</ele>
      <time>2019-08-10T14:08:45Z</time>
    </trkpt>
    <trkpt lat="51.5694559" lon="5.1392027">
      <ele>14.6</ele>
      <time>2019-08-10T14:08:47Z</time>
    </trkpt>
    <trkpt lat="51.5693992" lon="5.1389515">
      <ele>13.6</ele>
      <time>2019-08-10T14:08:50Z</time>
    </trkpt>
    <trkpt lat="51.5692194" lon="5.1381320">
      <ele>11.6</ele>
      <time>2019-08-10T14:09:00Z</time>
    </trkpt>
    <trkpt lat="51.5690860" lon="5.1375492">
      <ele>10.0</ele>
      <time>2019-08-10T14:09:07Z</time>
    </trkpt>
    <trkpt lat="51.5689009" lon="5.1366977">
      <ele>8.8</ele>
      <time>2019-08-10T14:09:17Z</time>
    </trkpt>
    <trkpt lat="51.5686897" lon="5.1358403">
      <ele>7.4</ele>
      <time>2019-08-10T14:09:27Z</time>
    </trkpt>
    <trkpt lat="51.5685976" lon="5.1356008">
      <ele>7.8</ele>
      <time>2019-08-10T14:09:30Z</time>
    </trkpt>
    <trkpt lat="51.5684843" lon="5.1353064">
      <ele>8.0</ele>
      <time>2019-08-10T14:09:34Z</time>
    </trkpt>
    <trkpt lat="51.5684752" lon="5.1351470">
      <ele>8.2</ele>
      <time>2019-08-10T14:09:36Z</time>
    </trkpt>
    <trkpt lat="51.5684689" lon="5.1348877">
      <ele>8.4</ele>
      <time>2019-08-10T14:09:39Z</time>
    </trkpt>
    <trkpt lat="51.5683099" lon="5.1342163">
      <ele>9.0</ele>
      <time>2019-08-10T14:09:47Z</time>
    </trkpt>
    <trkpt lat="51.5682887" lon="5.1341304">
      <ele>8.6</ele>
      <time>2019-08-10T14:09:48Z</time>
    </trkpt>
    <trkpt lat="51.5682680" lon="5.1340470">
      <ele>8.2</ele>
      <time>2019-08-10T14:09:49Z</time>
    </trkpt>
    <trkpt lat="51.5680788" lon="5.1332098">
      <ele>9.2</ele>
      <time>2019-08-10T14:09:59Z</time>
    </trkpt>
    <trkpt lat="51.5678690" lon="5.1323653">
      <ele>11.0</ele>
      <time>2019-08-10T14:10:09Z</time>
    </trkpt>
    <trkpt lat="51.5676647" lon="5.1314905">
      <ele>9.8</ele>
      <time>2019-08-10T14:10:19Z</time>
    </trkpt>
    <trkpt lat="51.5674661" lon="5.1306190">
      <ele>10.0</ele>
      <time>2019-08-10T14:10:29Z</time>
    </trkpt>
    <trkpt lat="51.5673114" lon="5.1298162">
      <ele>8.4</ele>
      <time>2019-08-10T14:10:40Z</time>
    </trkpt>
    <trkpt lat="51.5672003" lon="5.1293760">
      <ele>8.4</ele>
      <time>2019-08-10T14:10:46Z</time>
    </trkpt>
    <trkpt lat="51.5671301" lon="5.1290732">
      <ele>8.0</ele>
      <time>2019-08-10T14:10:50Z</time>
    </trkpt>
    <trkpt lat="51.5670780" lon="5.1288453">
      <ele>7.6</ele>
      <time>2019-08-10T14:10:53Z</time>
    </trkpt>
    <trkpt lat="51.5670225" lon="5.1286122">
      <ele>7.2</ele>
      <time>2019-08-10T14:10:56Z</time>
    </trkpt>
    <trkpt lat="51.5668178" lon="5.1277611">
      <ele>5.4</ele>
      <time>2019-08-10T14:11:07Z</time>
    </trkpt>
    <trkpt lat="51.5667820" lon="5.1276005">
      <ele>5.0</ele>
      <time>2019-08-10T14:11:09Z</time>
    </trkpt>
    <trkpt lat="51.5666364" lon="5.1270303">
      <ele>4.4</ele>
      <time>2019-08-10T14:11:16Z</time>
    </trkpt>
    <trkpt lat="51.5665707" lon="5.1268056">
      <ele>4.8</ele>
      <time>2019-08-10T14:11:19Z</time>
    </trkpt>
    <trkpt lat="51.5663694" lon="5.1259761">
      <ele>7.4</ele>
      <time>2019-08-10T14:11:30Z</time>
    </trkpt>
    <trkpt lat="51.5663354" lon="5.1258267">
      <ele>7.8</ele>
      <time>2019-08-10T14:11:32Z</time>
    </trkpt>
    <trkpt lat="51.5661264" lon="5.1249750">
      <ele>9.2</ele>
      <time>2019-08-10T14:11:43Z</time>
    </trkpt>
    <trkpt lat="51.5660166" lon="5.1245164">
      <ele>8.4</ele>
      <time>2019-08-10T14:11:49Z</time>
    </trkpt>
    <trkpt lat="51.5657986" lon="5.1236709">
      <ele>7.6</ele>
      <time>2019-08-10T14:12:00Z</time>
    </trkpt>
    <trkpt lat="51.5656360" lon="5.1230719">
      <ele>6.8</ele>
      <time>2019-08-10T14:12:08Z</time>
    </trkpt>
    <trkpt lat="51.5654152" lon="5.1221982">
      <ele>4.8</ele>
      <time>2019-08-10T14:12:19Z</time>
    </trkpt>
    <trkpt lat="51.5651999" lon="5.1213909">
      <ele>4.2</ele>
      <time>2019-08-10T14:12:30Z</time>
    </trkpt>
    <trkpt lat="51.5649864" lon="5.1205656">
      <ele>3.4</ele>
      <time>2019-08-10T14:12:44Z</time>
    </trkpt>
    <trkpt lat="51.5648419" lon="5.1199401">
      <ele>2.2</ele>
      <time>2019-08-10T14:12:52Z</time>
    </trkpt>
    <trkpt lat="51.5647097" lon="5.1194245">
      <ele>1.6</ele>
      <time>2019-08-10T14:12:58Z</time>
    </trkpt>
    <trkpt lat="51.5646532" lon="5.1191842">
      <ele>1.4</ele>
      <time>2019-08-10T14:13:01Z</time>
    </trkpt>
    <trkpt lat="51.5645450" lon="5.1187772">
      <ele>2.8</ele>
      <time>2019-08-10T14:13:06Z</time>
    </trkpt>
    <trkpt lat="51.5643304" lon="5.1179294">
      <ele>5.2</ele>
      <time>2019-08-10T14:13:17Z</time>
    </trkpt>
    <trkpt lat="51.5641005" lon="5.1170554">
      <ele>5.4</ele>
      <time>2019-08-10T14:13:28Z</time>
    </trkpt>
    <trkpt lat="51.5638755" lon="5.1161944">
      <ele>9.2</ele>
      <time>2019-08-10T14:13:39Z</time>
    </trkpt>
    <trkpt lat="51.5637501" lon="5.1157314">
      <ele>10.0</ele>
      <time>2019-08-10T14:13:45Z</time>
    </trkpt>
    <trkpt lat="51.5635391" lon="5.1148719">
      <ele>10.6</ele>
      <time>2019-08-10T14:13:56Z</time>
    </trkpt>
    <trkpt lat="51.5633434" lon="5.1139894">
      <ele>10.6</ele>
      <time>2019-08-10T14:14:07Z</time>
    </trkpt>
    <trkpt lat="51.5631096" lon="5.1131400">
      <ele>11.2</ele>
      <time>2019-08-10T14:14:18Z</time>
    </trkpt>
    <trkpt lat="51.5629335" lon="5.1124904">
      <ele>6.6</ele>
      <time>2019-08-10T14:14:27Z</time>
    </trkpt>
    <trkpt lat="51.5628864" lon="5.1123144">
      <ele>4.4</ele>
      <time>2019-08-10T14:14:33Z</time>
    </trkpt>
    <trkpt lat="51.5629231" lon="5.1124494">
      <ele>4.8</ele>
      <time>2019-08-10T14:14:37Z</time>
    </trkpt>
    <trkpt lat="51.5628962" lon="5.1124872">
      <ele>4.6</ele>
      <time>2019-08-10T14:14:39Z</time>
    </trkpt>
    <trkpt lat="51.5628149" lon="5.1122953">
      <ele>4.6</ele>
      <time>2019-08-10T14:14:46Z</time>
    </trkpt>
    <trkpt lat="51.5626097" lon="5.1114431">
      <ele>2.4</ele>
      <time>2019-08-10T14:15:02Z</time>
    </trkpt>
    <trkpt lat="51.5624252" lon="5.1106159">
      <ele>4.8</ele>
      <time>2019-08-10T14:15:15Z</time>
    </trkpt>
    <trkpt lat="51.5621847" lon="5.1097741">
      <ele>6.8</ele>
      <time>2019-08-10T14:15:28Z</time>
    </trkpt>
    <trkpt lat="51.5620254" lon="5.1094631">
      <ele>8.2</ele>
      <time>2019-08-10T14:15:38Z</time>
    </trkpt>
    <trkpt lat="51.5638139" lon="5.1085155">
      <ele>9.0</ele>
      <time>2019-08-10T14:17:57Z</time>
    </trkpt>
    <trkpt lat="51.5638597" lon="5.1084821">
      <ele>9.0</ele>
      <time>2019-08-10T14:17:58Z</time>
    </trkpt>
    <trkpt lat="51.5639058" lon="5.1084485">
      <ele>9.0</ele>
      <time>2019-08-10T14:17:59Z</time>
    </trkpt>
    <trkpt lat="51.5643429" lon="5.1081537">
      <ele>8.8</ele>
      <time>2019-08-10T14:18:08Z</time>
    </trkpt>
    <trkpt lat="51.5645575" lon="5.1080007">
      <ele>8.8</ele>
      <time>2019-08-10T14:18:12Z</time>
    </trkpt>
    <trkpt lat="51.5648925" lon="5.1077663">
      <ele>8.8</ele>
      <time>2019-08-10T14:18:18Z</time>
    </trkpt>
    <trkpt lat="51.5653448" lon="5.1074510">
      <ele>8.6</ele>
      <time>2019-08-10T14:18:26Z</time>
    </trkpt>
    <trkpt lat="51.5653992" lon="5.1074083">
      <ele>8.6</ele>
      <time>2019-08-10T14:18:27Z</time>
    </trkpt>
    <trkpt lat="51.5654536" lon="5.1073649">
      <ele>8.6</ele>
      <time>2019-08-10T14:18:28Z</time>
    </trkpt>
    <trkpt lat="51.5655623" lon="5.1072743">
      <ele>8.4</ele>
      <time>2019-08-10T14:18:30Z</time>
    </trkpt>
    <trkpt lat="51.5656161" lon="5.1072277">
      <ele>8.4</ele>
      <time>2019-08-10T14:18:31Z</time>
    </trkpt>
    <trkpt lat="51.5656695" lon="5.1071795">
      <ele>8.4</ele>
      <time>2019-08-10T14:18:32Z</time>
    </trkpt>
    <trkpt lat="51.5657226" lon="5.1071307">
      <ele>8.6</ele>
      <time>2019-08-10T14:18:33Z</time>
    </trkpt>
    <trkpt lat="51.5662213" lon="5.1066263">
      <ele>8.4</ele>
      <time>2019-08-10T14:18:43Z</time>
    </trkpt>
    <trkpt lat="51.5664633" lon="5.1063525">
      <ele>8.2</ele>
      <time>2019-08-10T14:18:48Z</time>
    </trkpt>
    <trkpt lat="51.5665591" lon="5.1062458">
      <ele>8.2</ele>
      <time>2019-08-10T14:18:50Z</time>
    </trkpt>
    <trkpt lat="51.5666065" lon="5.1061932">
      <ele>8.2</ele>
      <time>2019-08-10T14:18:51Z</time>
    </trkpt>
    <trkpt lat="51.5670827" lon="5.1056579">
      <ele>8.2</ele>
      <time>2019-08-10T14:19:01Z</time>
    </trkpt>
    <trkpt lat="51.5671304" lon="5.1056036">
      <ele>8.2</ele>
      <time>2019-08-10T14:19:02Z</time>
    </trkpt>
    <trkpt lat="51.5676097" lon="5.1050602">
      <ele>8.0</ele>
      <time>2019-08-10T14:19:12Z</time>
    </trkpt>
    <trkpt lat="51.5677002" lon="5.1049579">
      <ele>7.8</ele>
      <time>2019-08-10T14:19:14Z</time>
    </trkpt>
    <trkpt lat="51.5678741" lon="5.1047195">
      <ele>7.6</ele>
      <time>2019-08-10T14:19:19Z</time>
    </trkpt>
    <trkpt lat="51.5678848" lon="5.1045339">
      <ele>7.8</ele>
      <time>2019-08-10T14:19:22Z</time>
    </trkpt>
    <trkpt lat="51.5678421" lon="5.1043914">
      <ele>7.4</ele>
      <time>2019-08-10T14:19:24Z</time>
    </trkpt>
    <trkpt lat="51.5677013" lon="5.1040812">
      <ele>6.0</ele>
      <time>2019-08-10T14:19:29Z</time>
    </trkpt>
    <trkpt lat="51.5677734" lon="5.1039043">
      <ele>5.4</ele>
      <time>2019-08-10T14:19:32Z</time>
    </trkpt>
    <trkpt lat="51.5682230" lon="5.1033497">
      <ele>5.2</ele>
      <time>2019-08-10T14:19:43Z</time>
    </trkpt>
    <trkpt lat="51.5683089" lon="5.1032476">
      <ele>5.2</ele>
      <time>2019-08-10T14:19:45Z</time>
    </trkpt>
    <trkpt lat="51.5683492" lon="5.1031924">
      <ele>5.4</ele>
      <time>2019-08-10T14:19:46Z</time>
    </trkpt>
    <trkpt lat="51.5683855" lon="5.1031289">
      <ele>5.2</ele>
      <time>2019-08-10T14:19:47Z</time>
    </trkpt>
    <trkpt lat="51.5684139" lon="5.1030531">
      <ele>5.4</ele>
      <time>2019-08-10T14:19:48Z</time>
    </trkpt>
    <trkpt lat="51.5684326" lon="5.1029721">
      <ele>5.4</ele>
      <time>2019-08-10T14:19:49Z</time>
    </trkpt>
    <trkpt lat="51.5684450" lon="5.1028885">
      <ele>5.2</ele>
      <time>2019-08-10T14:19:50Z</time>
    </trkpt>
    <trkpt lat="51.5684701" lon="5.1027257">
      <ele>5.0</ele>
      <time>2019-08-10T14:19:52Z</time>
    </trkpt>
    <trkpt lat="51.5685278" lon="5.1025921">
      <ele>4.6</ele>
      <time>2019-08-10T14:19:54Z</time>
    </trkpt>
    <trkpt lat="51.5687429" lon="5.1023376">
      <ele>4.0</ele>
      <time>2019-08-10T14:19:59Z</time>
    </trkpt>
    <trkpt lat="51.5687880" lon="5.1022828">
      <ele>4.0</ele>
      <time>2019-08-10T14:20:00Z</time>
    </trkpt>
    <trkpt lat="51.5688326" lon="5.1022267">
      <ele>4.2</ele>
      <time>2019-08-10T14:20:01Z</time>
    </trkpt>
    <trkpt lat="51.5688773" lon="5.1021753">
      <ele>4.2</ele>
      <time>2019-08-10T14:20:02Z</time>
    </trkpt>
    <trkpt lat="51.5689219" lon="5.1021267">
      <ele>4.2</ele>
      <time>2019-08-10T14:20:03Z</time>
    </trkpt>
    <trkpt lat="51.5690128" lon="5.1020319">
      <ele>5.2</ele>
      <time>2019-08-10T14:20:05Z</time>
    </trkpt>
    <trkpt lat="51.5691960" lon="5.1018104">
      <ele>6.4</ele>
      <time>2019-08-10T14:20:09Z</time>
    </trkpt>
    <trkpt lat="51.5692402" lon="5.1017539">
      <ele>6.6</ele>
      <time>2019-08-10T14:20:10Z</time>
    </trkpt>
    <trkpt lat="51.5694175" lon="5.1015395">
      <ele>7.2</ele>
      <time>2019-08-10T14:20:14Z</time>
    </trkpt>
    <trkpt lat="51.5694611" lon="5.1014870">
      <ele>7.2</ele>
      <time>2019-08-10T14:20:15Z</time>
    </trkpt>
    <trkpt lat="51.5695053" lon="5.1014359">
      <ele>7.4</ele>
      <time>2019-08-10T14:20:16Z</time>
    </trkpt>
    <trkpt lat="51.5696810" lon="5.1012295">
      <ele>8.0</ele>
      <time>2019-08-10T14:20:20Z</time>
    </trkpt>
    <trkpt lat="51.5698515" lon="5.1010220">
      <ele>8.0</ele>
      <time>2019-08-10T14:20:24Z</time>
    </trkpt>
    <trkpt lat="51.5698952" lon="5.1009696">
      <ele>8.2</ele>
      <time>2019-08-10T14:20:25Z</time>
    </trkpt>
    <trkpt lat="51.5699384" lon="5.1009169">
      <ele>8.6</ele>
      <time>2019-08-10T14:20:26Z</time>
    </trkpt>
    <trkpt lat="51.5699807" lon="5.1008682">
      <ele>8.4</ele>
      <time>2019-08-10T14:20:27Z</time>
    </trkpt>
    <trkpt lat="51.5700230" lon="5.1008176">
      <ele>8.2</ele>
      <time>2019-08-10T14:20:28Z</time>
    </trkpt>
    <trkpt lat="51.5700662" lon="5.1007659">
      <ele>8.2</ele>
      <time>2019-08-10T14:20:29Z</time>
    </trkpt>
    <trkpt lat="51.5702368" lon="5.1005746">
      <ele>8.4</ele>
      <time>2019-08-10T14:20:33Z</time>
    </trkpt>
    <trkpt lat="51.5702833" lon="5.1005456">
      <ele>8.2</ele>
      <time>2019-08-10T14:20:34Z</time>
    </trkpt>
    <trkpt lat="51.5703313" lon="5.1005245">
      <ele>8.6</ele>
      <time>2019-08-10T14:20:35Z</time>
    </trkpt>
    <trkpt lat="51.5703798" lon="5.1005148">
      <ele>8.6</ele>
      <time>2019-08-10T14:20:36Z</time>
    </trkpt>
    <trkpt lat="51.5705208" lon="5.1004891">
      <ele>9.2</ele>
      <time>2019-08-10T14:20:39Z</time>
    </trkpt>
    <trkpt lat="51.5706128" lon="5.1004182">
      <ele>9.4</ele>
      <time>2019-08-10T14:20:41Z</time>
    </trkpt>
    <trkpt lat="51.5708372" lon="5.1001717">
      <ele>9.6</ele>
      <time>2019-08-10T14:20:46Z</time>
    </trkpt>
    <trkpt lat="51.5710130" lon="5.0999713">
      <ele>9.0</ele>
      <time>2019-08-10T14:20:50Z</time>
    </trkpt>
    <trkpt lat="51.5714434" lon="5.0994672">
      <ele>6.4</ele>
      <time>2019-08-10T14:21:00Z</time>
    </trkpt>
    <trkpt lat="51.5718754" lon="5.0989205">
      <ele>3.8</ele>
      <time>2019-08-10T14:21:11Z</time>
    </trkpt>
    <trkpt lat="51.5723008" lon="5.0983805">
      <ele>2.4</ele>
      <time>2019-08-10T14:21:21Z</time>
    </trkpt>
    <trkpt lat="51.5727380" lon="5.0978613">
      <ele>2.6</ele>
      <time>2019-08-10T14:21:31Z</time>
    </trkpt>
    <trkpt lat="51.5732013" lon="5.0973309">
      <ele>4.6</ele>
      <time>2019-08-10T14:21:41Z</time>
    </trkpt>
    <trkpt lat="51.5735782" lon="5.0968466">
      <ele>6.4</ele>
      <time>2019-08-10T14:21:49Z</time>
    </trkpt>
    <trkpt lat="51.5740190" lon="5.0963338">
      <ele>9.8</ele>
      <time>2019-08-10T14:21:59Z</time>
    </trkpt>
    <trkpt lat="51.5740559" lon="5.0962994">
      <ele>10.0</ele>
      <time>2019-08-10T14:22:00Z</time>
    </trkpt>
    <trkpt lat="51.5741360" lon="5.0963099">
      <ele>9.6</ele>
      <time>2019-08-10T14:22:02Z</time>
    </trkpt>
    <trkpt lat="51.5742114" lon="5.0964094">
      <ele>9.6</ele>
      <time>2019-08-10T14:22:04Z</time>
    </trkpt>
    <trkpt lat="51.5743889" lon="5.0967637">
      <ele>10.2</ele>
      <time>2019-08-10T14:22:11Z</time>
    </trkpt>
    <trkpt lat="51.5744431" lon="5.0967309">
      <ele>10.6</ele>
      <time>2019-08-10T14:22:13Z</time>
    </trkpt>
    <trkpt lat="51.5749027" lon="5.0961935">
      <ele>7.4</ele>
      <time>2019-08-10T14:22:25Z</time>
    </trkpt>
    <trkpt lat="51.5753447" lon="5.0956775">
      <ele>7.2</ele>
      <time>2019-08-10T14:22:35Z</time>
    </trkpt>
    <trkpt lat="51.5757145" lon="5.0952019">
      <ele>8.6</ele>
      <time>2019-08-10T14:22:43Z</time>
    </trkpt>
    <trkpt lat="51.5758037" lon="5.0950883">
      <ele>8.4</ele>
      <time>2019-08-10T14:22:45Z</time>
    </trkpt>
    <trkpt lat="51.5759775" lon="5.0948634">
      <ele>8.4</ele>
      <time>2019-08-10T14:22:49Z</time>
    </trkpt>
    <trkpt lat="51.5760626" lon="5.0947570">
      <ele>8.4</ele>
      <time>2019-08-10T14:22:51Z</time>
    </trkpt>
    <trkpt lat="51.5761537" lon="5.0946443">
      <ele>8.2</ele>
      <time>2019-08-10T14:22:53Z</time>
    </trkpt>
    <trkpt lat="51.5761977" lon="5.0945885">
      <ele>8.4</ele>
      <time>2019-08-10T14:22:54Z</time>
    </trkpt>
    <trkpt lat="51.5762437" lon="5.0945347">
      <ele>8.2</ele>
      <time>2019-08-10T14:22:55Z</time>
    </trkpt>
    <trkpt lat="51.5766991" lon="5.0939650">
      <ele>8.4</ele>
      <time>2019-08-10T14:23:05Z</time>
    </trkpt>
    <trkpt lat="51.5771145" lon="5.0933839">
      <ele>8.2</ele>
      <time>2019-08-10T14:23:14Z</time>
    </trkpt>
    <trkpt lat="51.5775130" lon="5.0927222">
      <ele>8.4</ele>
      <time>2019-08-10T14:23:24Z</time>
    </trkpt>
    <trkpt lat="51.5775853" lon="5.0925867">
      <ele>8.6</ele>
      <time>2019-08-10T14:23:26Z</time>
    </trkpt>
    <trkpt lat="51.5776245" lon="5.0925200">
      <ele>8.2</ele>
      <time>2019-08-10T14:23:27Z</time>
    </trkpt>
    <trkpt lat="51.5778738" lon="5.0920296">
      <ele>8.6</ele>
      <time>2019-08-10T14:23:34Z</time>
    </trkpt>
    <trkpt lat="51.5779071" lon="5.0919576">
      <ele>8.6</ele>
      <time>2019-08-10T14:23:35Z</time>
    </trkpt>
    <trkpt lat="51.5779400" lon="5.0918874">
      <ele>8.6</ele>
      <time>2019-08-10T14:23:36Z</time>
    </trkpt>
    <trkpt lat="51.5780382" lon="5.0916696">
      <ele>8.4</ele>
      <time>2019-08-10T14:23:39Z</time>
    </trkpt>
    <trkpt lat="51.5781422" lon="5.0914294">
      <ele>8.6</ele>
      <time>2019-08-10T14:23:42Z</time>
    </trkpt>
    <trkpt lat="51.5782094" lon="5.0912675">
      <ele>8.4</ele>
      <time>2019-08-10T14:23:44Z</time>
    </trkpt>
    <trkpt lat="51.5783345" lon="5.0909380">
      <ele>8.6</ele>
      <time>2019-08-10T14:23:48Z</time>
    </trkpt>
    <trkpt lat="51.5783901" lon="5.0907797">
      <ele>9.2</ele>
      <time>2019-08-10T14:23:50Z</time>
    </trkpt>
    <trkpt lat="51.5784459" lon="5.0906063">
      <ele>9.0</ele>
      <time>2019-08-10T14:23:52Z</time>
    </trkpt>
    <trkpt lat="51.5784741" lon="5.0905191">
      <ele>8.8</ele>
      <time>2019-08-10T14:23:53Z</time>
    </trkpt>
    <trkpt lat="51.5785022" lon="5.0904318">
      <ele>8.8</ele>
      <time>2019-08-10T14:23:54Z</time>
    </trkpt>
    <trkpt lat="51.5785570" lon="5.0902539">
      <ele>9.4</ele>
      <time>2019-08-10T14:23:56Z</time>
    </trkpt>
    <trkpt lat="51.5785840" lon="5.0901652">
      <ele>9.4</ele>
      <time>2019-08-10T14:23:57Z</time>
    </trkpt>
    <trkpt lat="51.5786111" lon="5.0900772">
      <ele>9.4</ele>
      <time>2019-08-10T14:23:58Z</time>
    </trkpt>
    <trkpt lat="51.5786877" lon="5.0898101">
      <ele>9.0</ele>
      <time>2019-08-10T14:24:01Z</time>
    </trkpt>
    <trkpt lat="51.5787121" lon="5.0897221">
      <ele>8.8</ele>
      <time>2019-08-10T14:24:02Z</time>
    </trkpt>
    <trkpt lat="51.5787587" lon="5.0895369">
      <ele>8.2</ele>
      <time>2019-08-10T14:24:04Z</time>
    </trkpt>
    <trkpt lat="51.5787999" lon="5.0893511">
      <ele>7.8</ele>
      <time>2019-08-10T14:24:05Z</time>
    </trkpt>
    <trkpt lat="51.5788196" lon="5.0892596">
      <ele>8.0</ele>
      <time>2019-08-10T14:24:07Z</time>
    </trkpt>
    <trkpt lat="51.5788399" lon="5.0891708">
      <ele>8.2</ele>
      <time>2019-08-10T14:24:08Z</time>
    </trkpt>
    <trkpt lat="51.5788594" lon="5.0890833">
      <ele>8.0</ele>
      <time>2019-08-10T14:24:09Z</time>
    </trkpt>
    <trkpt lat="51.5789210" lon="5.0888261">
      <ele>7.0</ele>
      <time>2019-08-10T14:24:12Z</time>
    </trkpt>
    <trkpt lat="51.5789403" lon="5.0887446">
      <ele>6.8</ele>
      <time>2019-08-10T14:24:13Z</time>
    </trkpt>
    <trkpt lat="51.5789591" lon="5.0886620">
      <ele>6.6</ele>
      <time>2019-08-10T14:24:14Z</time>
    </trkpt>
    <trkpt lat="51.5789773" lon="5.0885761">
      <ele>6.8</ele>
      <time>2019-08-10T14:24:15Z</time>
    </trkpt>
    <trkpt lat="51.5790085" lon="5.0884036">
      <ele>6.6</ele>
      <time>2019-08-10T14:24:17Z</time>
    </trkpt>
    <trkpt lat="51.5791743" lon="5.0875536">
      <ele>6.0</ele>
      <time>2019-08-10T14:24:28Z</time>
    </trkpt>
    <trkpt lat="51.5791906" lon="5.0874506">
      <ele>5.0</ele>
      <time>2019-08-10T14:24:30Z</time>
    </trkpt>
    <trkpt lat="51.5791287" lon="5.0865964">
      <ele>3.0</ele>
      <time>2019-08-10T14:30:38Z</time>
    </trkpt>
    <trkpt lat="51.5792334" lon="5.0862016">
      <ele>3.4</ele>
      <time>2019-08-10T14:30:40Z</time>
    </trkpt>
    <trkpt lat="51.5792431" lon="5.0860874">
      <ele>3.8</ele>
      <time>2019-08-10T14:30:41Z</time>
    </trkpt>
    <trkpt lat="51.5792463" lon="5.0860013">
      <ele>4.0</ele>
      <time>2019-08-10T14:30:42Z</time>
    </trkpt>
    <trkpt lat="51.5792549" lon="5.0856843">
      <ele>4.4</ele>
      <time>2019-08-10T14:30:46Z</time>
    </trkpt>
    <trkpt lat="51.5792495" lon="5.0856038">
      <ele>4.4</ele>
      <time>2019-08-10T14:30:47Z</time>
    </trkpt>
    <trkpt lat="51.5792471" lon="5.0855149">
      <ele>4.4</ele>
      <time>2019-08-10T14:30:48Z</time>
    </trkpt>
    <trkpt lat="51.5792468" lon="5.0851105">
      <ele>5.4</ele>
      <time>2019-08-10T14:30:53Z</time>
    </trkpt>
    <trkpt lat="51.5792417" lon="5.0849871">
      <ele>5.4</ele>
      <time>2019-08-10T14:30:55Z</time>
    </trkpt>
    <trkpt lat="51.5792358" lon="5.0848863">
      <ele>5.2</ele>
      <time>2019-08-10T14:30:57Z</time>
    </trkpt>
    <trkpt lat="51.5792025" lon="5.0846472">
      <ele>4.2</ele>
      <time>2019-08-10T14:31:02Z</time>
    </trkpt>
    <trkpt lat="51.5791405" lon="5.0845920">
      <ele>3.6</ele>
      <time>2019-08-10T14:31:04Z</time>
    </trkpt>
    <trkpt lat="51.5789852" lon="5.0845863">
      <ele>3.4</ele>
      <time>2019-08-10T14:31:08Z</time>
    </trkpt>
    <trkpt lat="51.5787808" lon="5.0845851">
      <ele>3.0</ele>
      <time>2019-08-10T14:31:14Z</time>
    </trkpt>
    <trkpt lat="51.5782458" lon="5.0844132">
      <ele>2.8</ele>
      <time>2019-08-10T14:31:25Z</time>
    </trkpt>
    <trkpt lat="51.5777056" lon="5.0842104">
      <ele>7.2</ele>
      <time>2019-08-10T14:31:36Z</time>
    </trkpt>
    <trkpt lat="51.5772149" lon="5.0840518">
      <ele>7.6</ele>
      <time>2019-08-10T14:31:47Z</time>
    </trkpt>
    <trkpt lat="51.5770284" lon="5.0840370">
      <ele>7.8</ele>
      <time>2019-08-10T14:31:51Z</time>
    </trkpt>
    <trkpt lat="51.5747434" lon="5.0839832">
      <ele>21.0</ele>
      <time>2019-08-10T14:51:34Z</time>
    </trkpt>
    <trkpt lat="51.5747462" lon="5.0839824">
      <ele>21.0</ele>
      <time>2019-08-10T14:51:35Z</time>
    </trkpt>
    <trkpt lat="51.5747441" lon="5.0839830">
      <ele>21.0</ele>
      <time>2019-08-10T14:51:36Z</time>
    </trkpt>
    <trkpt lat="51.5755581" lon="5.0839391">
      <ele>11.4</ele>
      <time>2019-08-10T15:13:30Z</time>
    </trkpt>
    <trkpt lat="51.5761293" lon="5.0840414">
      <ele>15.6</ele>
      <time>2019-08-10T15:13:43Z</time>
    </trkpt>
    <trkpt lat="51.5762316" lon="5.0840755">
      <ele>18.4</ele>
      <time>2019-08-10T15:13:45Z</time>
    </trkpt>
    <trkpt lat="51.5762790" lon="5.0840907">
      <ele>18.8</ele>
      <time>2019-08-10T15:13:46Z</time>
    </trkpt>
    <trkpt lat="51.5763734" lon="5.0841038">
      <ele>19.6</ele>
      <time>2019-08-10T15:13:48Z</time>
    </trkpt>
    <trkpt lat="51.5765321" lon="5.0841571">
      <ele>18.4</ele>
      <time>2019-08-10T15:13:51Z</time>
    </trkpt>
    <trkpt lat="51.5767086" lon="5.0843050">
      <ele>15.4</ele>
      <time>2019-08-10T15:13:56Z</time>
    </trkpt>
    <trkpt lat="51.5767221" lon="5.0843424">
      <ele>13.0</ele>
      <time>2019-08-10T15:13:58Z</time>
    </trkpt>
    <trkpt lat="51.5767296" lon="5.0843428">
      <ele>11.2</ele>
      <time>2019-08-10T15:14:00Z</time>
    </trkpt>
    <trkpt lat="51.5767545" lon="5.0843262">
      <ele>10.2</ele>
      <time>2019-08-10T15:14:03Z</time>
    </trkpt>
    <trkpt lat="51.5768844" lon="5.0842296">
      <ele>8.8</ele>
      <time>2019-08-10T15:14:08Z</time>
    </trkpt>
    <trkpt lat="51.5769194" lon="5.0841919">
      <ele>8.6</ele>
      <time>2019-08-10T15:14:09Z</time>
    </trkpt>
    <trkpt lat="51.5769983" lon="5.0841131">
      <ele>8.2</ele>
      <time>2019-08-10T15:14:11Z</time>
    </trkpt>
    <trkpt lat="51.5771060" lon="5.0840663">
      <ele>8.2</ele>
      <time>2019-08-10T15:14:13Z</time>
    </trkpt>
    <trkpt lat="51.5774757" lon="5.0840720">
      <ele>7.4</ele>
      <time>2019-08-10T15:14:18Z</time>
    </trkpt>
    <trkpt lat="51.5776402" lon="5.0841310">
      <ele>7.2</ele>
      <time>2019-08-10T15:14:20Z</time>
    </trkpt>
    <trkpt lat="51.5781726" lon="5.0843911">
      <ele>7.0</ele>
      <time>2019-08-10T15:14:27Z</time>
    </trkpt>
    <trkpt lat="51.5783077" lon="5.0844575">
      <ele>7.2</ele>
      <time>2019-08-10T15:14:29Z</time>
    </trkpt>
    <trkpt lat="51.5788287" lon="5.0846112">
      <ele>8.4</ele>
      <time>2019-08-10T15:14:38Z</time>
    </trkpt>
    <trkpt lat="51.5791065" lon="5.0845787">
      <ele>8.2</ele>
      <time>2019-08-10T15:14:44Z</time>
    </trkpt>
    <trkpt lat="51.5791834" lon="5.0845260">
      <ele>7.4</ele>
      <time>2019-08-10T15:14:46Z</time>
    </trkpt>
    <trkpt lat="51.5792424" lon="5.0842852">
      <ele>5.6</ele>
      <time>2019-08-10T15:14:50Z</time>
    </trkpt>
    <trkpt lat="51.5791769" lon="5.0835917">
      <ele>5.2</ele>
      <time>2019-08-10T15:14:58Z</time>
    </trkpt>
    <trkpt lat="51.5791570" lon="5.0827223">
      <ele>4.0</ele>
      <time>2019-08-10T15:15:07Z</time>
    </trkpt>
    <trkpt lat="51.5791296" lon="5.0824525">
      <ele>3.6</ele>
      <time>2019-08-10T15:15:10Z</time>
    </trkpt>
    <trkpt lat="51.5790095" lon="5.0815302">
      <ele>2.6</ele>
      <time>2019-08-10T15:15:20Z</time>
    </trkpt>
    <trkpt lat="51.5788927" lon="5.0805948">
      <ele>2.6</ele>
      <time>2019-08-10T15:15:31Z</time>
    </trkpt>
    <trkpt lat="51.5788139" lon="5.0798582">
      <ele>2.2</ele>
      <time>2019-08-10T15:15:39Z</time>
    </trkpt>
    <trkpt lat="51.5788484" lon="5.0793947">
      <ele>2.2</ele>
      <time>2019-08-10T15:15:44Z</time>
    </trkpt>
    <trkpt lat="51.5788514" lon="5.0792148">
      <ele>2.4</ele>
      <time>2019-08-10T15:15:46Z</time>
    </trkpt>
    <trkpt lat="51.5788229" lon="5.0790485">
      <ele>2.6</ele>
      <time>2019-08-10T15:15:48Z</time>
    </trkpt>
    <trkpt lat="51.5787592" lon="5.0789350">
      <ele>3.6</ele>
      <time>2019-08-10T15:15:50Z</time>
    </trkpt>
    <trkpt lat="51.5786965" lon="5.0788411">
      <ele>3.4</ele>
      <time>2019-08-10T15:15:52Z</time>
    </trkpt>
    <trkpt lat="51.5786705" lon="5.0787107">
      <ele>3.6</ele>
      <time>2019-08-10T15:15:54Z</time>
    </trkpt>
    <trkpt lat="51.5785429" lon="5.0778206">
      <ele>3.8</ele>
      <time>2019-08-10T15:16:06Z</time>
    </trkpt>
    <trkpt lat="51.5784707" lon="5.0772250">
      <ele>3.4</ele>
      <time>2019-08-10T15:16:14Z</time>
    </trkpt>
    <trkpt lat="51.5783853" lon="5.0764937">
      <ele>2.6</ele>
      <time>2019-08-10T15:16:24Z</time>
    </trkpt>
    <trkpt lat="51.5782839" lon="5.0755828">
      <ele>3.2</ele>
      <time>2019-08-10T15:16:37Z</time>
    </trkpt>
    <trkpt lat="51.5782608" lon="5.0752599">
      <ele>3.2</ele>
      <time>2019-08-10T15:16:41Z</time>
    </trkpt>
    <trkpt lat="51.5782129" lon="5.0750414">
      <ele>3.4</ele>
      <time>2019-08-10T15:16:44Z</time>
    </trkpt>
    <trkpt lat="51.5781515" lon="5.0741237">
      <ele>4.4</ele>
      <time>2019-08-10T15:16:56Z</time>
    </trkpt>
    <trkpt lat="51.5781531" lon="5.0736962">
      <ele>5.2</ele>
      <time>2019-08-10T15:17:01Z</time>
    </trkpt>
    <trkpt lat="51.5781858" lon="5.0727793">
      <ele>5.4</ele>
      <time>2019-08-10T15:17:12Z</time>
    </trkpt>
    <trkpt lat="51.5781965" lon="5.0726287">
      <ele>5.6</ele>
      <time>2019-08-10T15:17:13Z</time>
    </trkpt>
    <trkpt lat="51.5782876" lon="5.0717212">
      <ele>5.2</ele>
      <time>2019-08-10T15:17:26Z</time>
    </trkpt>
    <trkpt lat="51.5783758" lon="5.0710366">
      <ele>5.2</ele>
      <time>2019-08-10T15:17:34Z</time>
    </trkpt>
    <trkpt lat="51.5784292" lon="5.0708902">
      <ele>5.2</ele>
      <time>2019-08-10T15:17:36Z</time>
    </trkpt>
    <trkpt lat="51.5785018" lon="5.0707707">
      <ele>5.2</ele>
      <time>2019-08-10T15:17:38Z</time>
    </trkpt>
    <trkpt lat="51.5786925" lon="5.0704566">
      <ele>5.8</ele>
      <time>2019-08-10T15:17:43Z</time>
    </trkpt>
    <trkpt lat="51.5787583" lon="5.0702150">
      <ele>5.8</ele>
      <time>2019-08-10T15:17:46Z</time>
    </trkpt>
    <trkpt lat="51.5788467" lon="5.0693287">
      <ele>4.2</ele>
      <time>2019-08-10T15:17:57Z</time>
    </trkpt>
    <trkpt lat="51.5788815" lon="5.0688337">
      <ele>3.0</ele>
      <time>2019-08-10T15:18:03Z</time>
    </trkpt>
    <trkpt lat="51.5788848" lon="5.0687543">
      <ele>2.6</ele>
      <time>2019-08-10T15:18:04Z</time>
    </trkpt>
    <trkpt lat="51.5788810" lon="5.0678565">
      <ele>-0.4</ele>
      <time>2019-08-10T15:18:15Z</time>
    </trkpt>
    <trkpt lat="51.5788613" lon="5.0676894">
      <ele>-1.0</ele>
      <time>2019-08-10T15:18:17Z</time>
    </trkpt>
    <trkpt lat="51.5788141" lon="5.0673622">
      <ele>-1.2</ele>
      <time>2019-08-10T15:18:21Z</time>
    </trkpt>
    <trkpt lat="51.5788029" lon="5.0672812">
      <ele>-1.2</ele>
      <time>2019-08-10T15:18:22Z</time>
    </trkpt>
    <trkpt lat="51.5787864" lon="5.0670263">
      <ele>-1.0</ele>
      <time>2019-08-10T15:18:25Z</time>
    </trkpt>
    <trkpt lat="51.5787905" lon="5.0669418">
      <ele>-1.0</ele>
      <time>2019-08-10T15:18:26Z</time>
    </trkpt>
    <trkpt lat="51.5787968" lon="5.0668543">
      <ele>-0.6</ele>
      <time>2019-08-10T15:18:27Z</time>
    </trkpt>
    <trkpt lat="51.5788026" lon="5.0667669">
      <ele>-0.2</ele>
      <time>2019-08-10T15:18:28Z</time>
    </trkpt>
    <trkpt lat="51.5788076" lon="5.0666790">
      <ele>0.0</ele>
      <time>2019-08-10T15:18:29Z</time>
    </trkpt>
    <trkpt lat="51.5788117" lon="5.0665912">
      <ele>0.2</ele>
      <time>2019-08-10T15:18:30Z</time>
    </trkpt>
    <trkpt lat="51.5788186" lon="5.0665073">
      <ele>0.2</ele>
      <time>2019-08-10T15:18:31Z</time>
    </trkpt>
    <trkpt lat="51.5789266" lon="5.0657968">
      <ele>-2.6</ele>
      <time>2019-08-10T15:18:39Z</time>
    </trkpt>
    <trkpt lat="51.5789897" lon="5.0654522">
      <ele>-3.2</ele>
      <time>2019-08-10T15:18:43Z</time>
    </trkpt>
    <trkpt lat="51.5790562" lon="5.0651412">
      <ele>-2.6</ele>
      <time>2019-08-10T15:18:47Z</time>
    </trkpt>
    <trkpt lat="51.5791264" lon="5.0648333">
      <ele>-0.6</ele>
      <time>2019-08-10T15:18:52Z</time>
    </trkpt>
    <trkpt lat="51.5789722" lon="5.0641395">
      <ele>3.4</ele>
      <time>2019-08-10T15:19:37Z</time>
    </trkpt>
    <trkpt lat="51.5788564" lon="5.0641089">
      <ele>3.8</ele>
      <time>2019-08-10T15:19:40Z</time>
    </trkpt>
    <trkpt lat="51.5787414" lon="5.0640768">
      <ele>4.4</ele>
      <time>2019-08-10T15:19:43Z</time>
    </trkpt>
    <trkpt lat="51.5786824" lon="5.0640508">
      <ele>4.4</ele>
      <time>2019-08-10T15:19:45Z</time>
    </trkpt>
    <trkpt lat="51.5786683" lon="5.0639032">
      <ele>3.6</ele>
      <time>2019-08-10T15:19:48Z</time>
    </trkpt>
    <trkpt lat="51.5787116" lon="5.0634957">
      <ele>3.8</ele>
      <time>2019-08-10T15:19:54Z</time>
    </trkpt>
    <trkpt lat="51.5787405" lon="5.0632448">
      <ele>3.8</ele>
      <time>2019-08-10T15:19:58Z</time>
    </trkpt>
    <trkpt lat="51.5787814" lon="5.0628434">
      <ele>1.4</ele>
      <time>2019-08-10T15:20:04Z</time>
    </trkpt>
    <trkpt lat="51.5788194" lon="5.0625599">
      <ele>0.8</ele>
      <time>2019-08-10T15:20:08Z</time>
    </trkpt>
    <trkpt lat="51.5788281" lon="5.0624880">
      <ele>0.4</ele>
      <time>2019-08-10T15:20:09Z</time>
    </trkpt>
    <trkpt lat="51.5788768" lon="5.0620120">
      <ele>0.6</ele>
      <time>2019-08-10T15:20:15Z</time>
    </trkpt>
    <trkpt lat="51.5788918" lon="5.0618455">
      <ele>0.6</ele>
      <time>2019-08-10T15:20:17Z</time>
    </trkpt>
    <trkpt lat="51.5789785" lon="5.0609931">
      <ele>2.0</ele>
      <time>2019-08-10T15:20:27Z</time>
    </trkpt>
    <trkpt lat="51.5790896" lon="5.0600929">
      <ele>2.6</ele>
      <time>2019-08-10T15:20:38Z</time>
    </trkpt>
    <trkpt lat="51.5791815" lon="5.0592158">
      <ele>2.8</ele>
      <time>2019-08-10T15:20:49Z</time>
    </trkpt>
    <trkpt lat="51.5792979" lon="5.0582984">
      <ele>6.2</ele>
      <time>2019-08-10T15:21:00Z</time>
    </trkpt>
    <trkpt lat="51.5793232" lon="5.0581163">
      <ele>7.0</ele>
      <time>2019-08-10T15:21:01Z</time>
    </trkpt>
    <trkpt lat="51.5793848" lon="5.0575675">
      <ele>8.2</ele>
      <time>2019-08-10T15:21:08Z</time>
    </trkpt>
    <trkpt lat="51.5794076" lon="5.0572961">
      <ele>7.4</ele>
      <time>2019-08-10T15:21:11Z</time>
    </trkpt>
    <trkpt lat="51.5794154" lon="5.0572154">
      <ele>7.8</ele>
      <time>2019-08-10T15:21:12Z</time>
    </trkpt>
    <trkpt lat="51.5794474" lon="5.0569214">
      <ele>7.0</ele>
      <time>2019-08-10T15:21:16Z</time>
    </trkpt>
    <trkpt lat="51.5795131" lon="5.0564957">
      <ele>6.2</ele>
      <time>2019-08-10T15:21:22Z</time>
    </trkpt>
    <trkpt lat="51.5795381" lon="5.0563514">
      <ele>4.6</ele>
      <time>2019-08-10T15:21:24Z</time>
    </trkpt>
    <trkpt lat="51.5795505" lon="5.0562782">
      <ele>4.4</ele>
      <time>2019-08-10T15:21:25Z</time>
    </trkpt>
    <trkpt lat="51.5795874" lon="5.0560511">
      <ele>1.4</ele>
      <time>2019-08-10T15:21:28Z</time>
    </trkpt>
    <trkpt lat="51.5795979" lon="5.0559683">
      <ele>0.6</ele>
      <time>2019-08-10T15:21:29Z</time>
    </trkpt>
    <trkpt lat="51.5796246" lon="5.0558126">
      <ele>-0.4</ele>
      <time>2019-08-10T15:21:31Z</time>
    </trkpt>
    <trkpt lat="51.5796393" lon="5.0557291">
      <ele>-0.8</ele>
      <time>2019-08-10T15:21:32Z</time>
    </trkpt>
    <trkpt lat="51.5796789" lon="5.0553630">
      <ele>-3.2</ele>
      <time>2019-08-10T15:21:35Z</time>
    </trkpt>
    <trkpt lat="51.5796863" lon="5.0552737">
      <ele>-3.4</ele>
      <time>2019-08-10T15:21:37Z</time>
    </trkpt>
    <trkpt lat="51.5797463" lon="5.0546671">
      <ele>-3.8</ele>
      <time>2019-08-10T15:21:44Z</time>
    </trkpt>
    <trkpt lat="51.5798103" lon="5.0540235">
      <ele>0.6</ele>
      <time>2019-08-10T15:21:51Z</time>
    </trkpt>
    <trkpt lat="51.5798578" lon="5.0535629">
      <ele>1.6</ele>
      <time>2019-08-10T15:21:56Z</time>
    </trkpt>
    <trkpt lat="51.5799004" lon="5.0530851">
      <ele>2.4</ele>
      <time>2019-08-10T15:22:01Z</time>
    </trkpt>
    <trkpt lat="51.5799651" lon="5.0523343">
      <ele>1.4</ele>
      <time>2019-08-10T15:22:09Z</time>
    </trkpt>
    <trkpt lat="51.5799776" lon="5.0522448">
      <ele>1.4</ele>
      <time>2019-08-10T15:22:10Z</time>
    </trkpt>
    <trkpt lat="51.5799913" lon="5.0521561">
      <ele>1.6</ele>
      <time>2019-08-10T15:22:11Z</time>
    </trkpt>
    <trkpt lat="51.5800113" lon="5.0519729">
      <ele>2.2</ele>
      <time>2019-08-10T15:22:12Z</time>
    </trkpt>
    <trkpt lat="51.5800201" lon="5.0518803">
      <ele>2.6</ele>
      <time>2019-08-10T15:22:14Z</time>
    </trkpt>
    <trkpt lat="51.5800294" lon="5.0517874">
      <ele>2.8</ele>
      <time>2019-08-10T15:22:15Z</time>
    </trkpt>
    <trkpt lat="51.5800356" lon="5.0516922">
      <ele>3.4</ele>
      <time>2019-08-10T15:22:16Z</time>
    </trkpt>
    <trkpt lat="51.5800452" lon="5.0515997">
      <ele>3.8</ele>
      <time>2019-08-10T15:22:17Z</time>
    </trkpt>
    <trkpt lat="51.5800653" lon="5.0514151">
      <ele>3.6</ele>
      <time>2019-08-10T15:22:18Z</time>
    </trkpt>
    <trkpt lat="51.5800752" lon="5.0513237">
      <ele>3.6</ele>
      <time>2019-08-10T15:22:20Z</time>
    </trkpt>
    <trkpt lat="51.5800846" lon="5.0512302">
      <ele>3.6</ele>
      <time>2019-08-10T15:22:21Z</time>
    </trkpt>
    <trkpt lat="51.5800938" lon="5.0511374">
      <ele>3.6</ele>
      <time>2019-08-10T15:22:22Z</time>
    </trkpt>
    <trkpt lat="51.5801005" lon="5.0510400">
      <ele>3.8</ele>
      <time>2019-08-10T15:22:23Z</time>
    </trkpt>
    <trkpt lat="51.5801230" lon="5.0508594">
      <ele>3.2</ele>
      <time>2019-08-10T15:22:25Z</time>
    </trkpt>
    <trkpt lat="51.5801599" lon="5.0505212">
      <ele>2.8</ele>
      <time>2019-08-10T15:22:29Z</time>
    </trkpt>
    <trkpt lat="51.5801787" lon="5.0503679">
      <ele>2.2</ele>
      <time>2019-08-10T15:22:30Z</time>
    </trkpt>
    <trkpt lat="51.5801787" lon="5.0503679">
      <ele>2.2</ele>
      <time>2019-08-10T15:22:31Z</time>
    </trkpt>
    <trkpt lat="51.5801921" lon="5.0501943">
      <ele>1.6</ele>
      <time>2019-08-10T15:22:33Z</time>
    </trkpt>
    <trkpt lat="51.5802023" lon="5.0501078">
      <ele>1.0</ele>
      <time>2019-08-10T15:22:34Z</time>
    </trkpt>
    <trkpt lat="51.5802096" lon="5.0500169">
      <ele>0.6</ele>
      <time>2019-08-10T15:22:35Z</time>
    </trkpt>
    <trkpt lat="51.5802187" lon="5.0499264">
      <ele>0.6</ele>
      <time>2019-08-10T15:22:36Z</time>
    </trkpt>
    <trkpt lat="51.5802278" lon="5.0498414">
      <ele>0.6</ele>
      <time>2019-08-10T15:22:37Z</time>
    </trkpt>
    <trkpt lat="51.5802365" lon="5.0497569">
      <ele>1.0</ele>
      <time>2019-08-10T15:22:38Z</time>
    </trkpt>
    <trkpt lat="51.5802582" lon="5.0495850">
      <ele>0.2</ele>
      <time>2019-08-10T15:22:40Z</time>
    </trkpt>
    <trkpt lat="51.5802842" lon="5.0493286">
      <ele>0.0</ele>
      <time>2019-08-10T15:22:43Z</time>
    </trkpt>
    <trkpt lat="51.5802954" lon="5.0492486">
      <ele>0.2</ele>
      <time>2019-08-10T15:22:44Z</time>
    </trkpt>
    <trkpt lat="51.5803052" lon="5.0491598">
      <ele>-0.2</ele>
      <time>2019-08-10T15:22:45Z</time>
    </trkpt>
    <trkpt lat="51.5803154" lon="5.0490649">
      <ele>-0.4</ele>
      <time>2019-08-10T15:22:46Z</time>
    </trkpt>
    <trkpt lat="51.5803378" lon="5.0488673">
      <ele>-1.0</ele>
      <time>2019-08-10T15:22:48Z</time>
    </trkpt>
    <trkpt lat="51.5803643" lon="5.0486741">
      <ele>-0.8</ele>
      <time>2019-08-10T15:22:50Z</time>
    </trkpt>
    <trkpt lat="51.5803986" lon="5.0483855">
      <ele>1.0</ele>
      <time>2019-08-10T15:22:53Z</time>
    </trkpt>
    <trkpt lat="51.5804263" lon="5.0482064">
      <ele>2.8</ele>
      <time>2019-08-10T15:22:55Z</time>
    </trkpt>
    <trkpt lat="51.5804624" lon="5.0479442">
      <ele>3.0</ele>
      <time>2019-08-10T15:22:58Z</time>
    </trkpt>
    <trkpt lat="51.5805324" lon="5.0475462">
      <ele>1.4</ele>
      <time>2019-08-10T15:23:03Z</time>
    </trkpt>
    <trkpt lat="51.5805929" lon="5.0470793">
      <ele>-1.0</ele>
      <time>2019-08-10T15:23:09Z</time>
    </trkpt>
    <trkpt lat="51.5806181" lon="5.0469303">
      <ele>-1.8</ele>
      <time>2019-08-10T15:23:11Z</time>
    </trkpt>
    <trkpt lat="51.5806385" lon="5.0467740">
      <ele>-4.2</ele>
      <time>2019-08-10T15:23:13Z</time>
    </trkpt>
    <trkpt lat="51.5806776" lon="5.0464533">
      <ele>-5.8</ele>
      <time>2019-08-10T15:23:17Z</time>
    </trkpt>
    <trkpt lat="51.5807441" lon="5.0457900">
      <ele>-6.2</ele>
      <time>2019-08-10T15:23:25Z</time>
    </trkpt>
    <trkpt lat="51.5808895" lon="5.0449451">
      <ele>-5.2</ele>
      <time>2019-08-10T15:23:34Z</time>
    </trkpt>
    <trkpt lat="51.5809190" lon="5.0447125">
      <ele>-5.4</ele>
      <time>2019-08-10T15:23:37Z</time>
    </trkpt>
    <trkpt lat="51.5809100" lon="5.0445535">
      <ele>-6.2</ele>
      <time>2019-08-10T15:23:39Z</time>
    </trkpt>
    <trkpt lat="51.5808805" lon="5.0442554">
      <ele>-7.0</ele>
      <time>2019-08-10T15:23:42Z</time>
    </trkpt>
    <trkpt lat="51.5809629" lon="5.0433615">
      <ele>-2.4</ele>
      <time>2019-08-10T15:23:51Z</time>
    </trkpt>
    <trkpt lat="51.5810528" lon="5.0424209">
      <ele>-2.2</ele>
      <time>2019-08-10T15:24:01Z</time>
    </trkpt>
    <trkpt lat="51.5811159" lon="5.0414706">
      <ele>0.2</ele>
      <time>2019-08-10T15:24:11Z</time>
    </trkpt>
    <trkpt lat="51.5811280" lon="5.0405804">
      <ele>2.4</ele>
      <time>2019-08-10T15:24:21Z</time>
    </trkpt>
    <trkpt lat="51.5811219" lon="5.0403196">
      <ele>3.0</ele>
      <time>2019-08-10T15:24:24Z</time>
    </trkpt>
    <trkpt lat="51.5811108" lon="5.0398653">
      <ele>2.2</ele>
      <time>2019-08-10T15:24:29Z</time>
    </trkpt>
    <trkpt lat="51.5811064" lon="5.0395933">
      <ele>2.8</ele>
      <time>2019-08-10T15:24:32Z</time>
    </trkpt>
    <trkpt lat="51.5811041" lon="5.0388880">
      <ele>2.2</ele>
      <time>2019-08-10T15:24:40Z</time>
    </trkpt>
    <trkpt lat="51.5811519" lon="5.0379937">
      <ele>2.2</ele>
      <time>2019-08-10T15:24:50Z</time>
    </trkpt>
    <trkpt lat="51.5812265" lon="5.0370794">
      <ele>2.4</ele>
      <time>2019-08-10T15:25:00Z</time>
    </trkpt>
    <trkpt lat="51.5812010" lon="5.0368268">
      <ele>2.2</ele>
      <time>2019-08-10T15:25:03Z</time>
    </trkpt>
    <trkpt lat="51.5811695" lon="5.0365572">
      <ele>1.6</ele>
      <time>2019-08-10T15:25:06Z</time>
    </trkpt>
    <trkpt lat="51.5811740" lon="5.0363761">
      <ele>1.4</ele>
      <time>2019-08-10T15:25:08Z</time>
    </trkpt>
    <trkpt lat="51.5812680" lon="5.0356363">
      <ele>1.6</ele>
      <time>2019-08-10T15:25:16Z</time>
    </trkpt>
    <trkpt lat="51.5813686" lon="5.0347530">
      <ele>0.4</ele>
      <time>2019-08-10T15:25:25Z</time>
    </trkpt>
    <trkpt lat="51.5813905" lon="5.0345453">
      <ele>0.6</ele>
      <time>2019-08-10T15:25:27Z</time>
    </trkpt>
    <trkpt lat="51.5814788" lon="5.0336136">
      <ele>0.2</ele>
      <time>2019-08-10T15:25:36Z</time>
    </trkpt>
    <trkpt lat="51.5814796" lon="5.0335136">
      <ele>0.2</ele>
      <time>2019-08-10T15:25:37Z</time>
    </trkpt>
    <trkpt lat="51.5814675" lon="5.0333179">
      <ele>0.2</ele>
      <time>2019-08-10T15:25:39Z</time>
    </trkpt>
    <trkpt lat="51.5814662" lon="5.0332238">
      <ele>0.6</ele>
      <time>2019-08-10T15:25:40Z</time>
    </trkpt>
    <trkpt lat="51.5814974" lon="5.0328526">
      <ele>0.6</ele>
      <time>2019-08-10T15:25:44Z</time>
    </trkpt>
    <trkpt lat="51.5815980" lon="5.0320017">
      <ele>-0.6</ele>
      <time>2019-08-10T15:25:53Z</time>
    </trkpt>
    <trkpt lat="51.5816963" lon="5.0311204">
      <ele>-0.6</ele>
      <time>2019-08-10T15:26:03Z</time>
    </trkpt>
    <trkpt lat="51.5818163" lon="5.0301872">
      <ele>-4.6</ele>
      <time>2019-08-10T15:26:14Z</time>
    </trkpt>
    <trkpt lat="51.5818352" lon="5.0301005">
      <ele>-4.8</ele>
      <time>2019-08-10T15:26:15Z</time>
    </trkpt>
    <trkpt lat="51.5820880" lon="5.0293164">
      <ele>-6.6</ele>
      <time>2019-08-10T15:26:24Z</time>
    </trkpt>
    <trkpt lat="51.5823308" lon="5.0287459">
      <ele>-6.2</ele>
      <time>2019-08-10T15:26:31Z</time>
    </trkpt>
    <trkpt lat="51.5826075" lon="5.0282170">
      <ele>-4.6</ele>
      <time>2019-08-10T15:26:38Z</time>
    </trkpt>
    <trkpt lat="51.5827116" lon="5.0281144">
      <ele>-4.2</ele>
      <time>2019-08-10T15:26:40Z</time>
    </trkpt>
    <trkpt lat="51.5828187" lon="5.0280196">
      <ele>-4.4</ele>
      <time>2019-08-10T15:26:42Z</time>
    </trkpt>
    <trkpt lat="51.5829800" lon="5.0277556">
      <ele>-4.8</ele>
      <time>2019-08-10T15:26:46Z</time>
    </trkpt>
    <trkpt lat="51.5830182" lon="5.0275930">
      <ele>-6.2</ele>
      <time>2019-08-10T15:26:48Z</time>
    </trkpt>
    <trkpt lat="51.5830112" lon="5.0274074">
      <ele>-7.4</ele>
      <time>2019-08-10T15:26:50Z</time>
    </trkpt>
    <trkpt lat="51.5830064" lon="5.0272222">
      <ele>-7.4</ele>
      <time>2019-08-10T15:26:52Z</time>
    </trkpt>
    <trkpt lat="51.5832111" lon="5.0264206">
      <ele>-4.6</ele>
      <time>2019-08-10T15:27:01Z</time>
    </trkpt>
    <trkpt lat="51.5834836" lon="5.0256452">
      <ele>-4.8</ele>
      <time>2019-08-10T15:27:11Z</time>
    </trkpt>
    <trkpt lat="51.5837858" lon="5.0248571">
      <ele>-2.8</ele>
      <time>2019-08-10T15:27:21Z</time>
    </trkpt>
    <trkpt lat="51.5839976" lon="5.0242907">
      <ele>-2.6</ele>
      <time>2019-08-10T15:27:29Z</time>
    </trkpt>
    <trkpt lat="51.5842825" lon="5.0235490">
      <ele>-2.4</ele>
      <time>2019-08-10T15:27:40Z</time>
    </trkpt>
    <trkpt lat="51.5843583" lon="5.0233581">
      <ele>-2.4</ele>
      <time>2019-08-10T15:27:43Z</time>
    </trkpt>
    <trkpt lat="51.5846673" lon="5.0225602">
      <ele>-2.4</ele>
      <time>2019-08-10T15:27:55Z</time>
    </trkpt>
    <trkpt lat="51.5849586" lon="5.0217934">
      <ele>-2.8</ele>
      <time>2019-08-10T15:28:06Z</time>
    </trkpt>
    <trkpt lat="51.5852554" lon="5.0210028">
      <ele>-1.6</ele>
      <time>2019-08-10T15:28:17Z</time>
    </trkpt>
    <trkpt lat="51.5855486" lon="5.0202323">
      <ele>-1.4</ele>
      <time>2019-08-10T15:28:28Z</time>
    </trkpt>
    <trkpt lat="51.5857999" lon="5.0196026">
      <ele>-2.2</ele>
      <time>2019-08-10T15:28:37Z</time>
    </trkpt>
    <trkpt lat="51.5860117" lon="5.0190852">
      <ele>-2.0</ele>
      <time>2019-08-10T15:28:44Z</time>
    </trkpt>
    <trkpt lat="51.5863073" lon="5.0183246">
      <ele>-3.0</ele>
      <time>2019-08-10T15:28:54Z</time>
    </trkpt>
    <trkpt lat="51.5864348" lon="5.0180237">
      <ele>-4.0</ele>
      <time>2019-08-10T15:28:58Z</time>
    </trkpt>
    <trkpt lat="51.5867173" lon="5.0172262">
      <ele>-4.8</ele>
      <time>2019-08-10T15:29:08Z</time>
    </trkpt>
    <trkpt lat="51.5868270" lon="5.0168636">
      <ele>-5.4</ele>
      <time>2019-08-10T15:29:13Z</time>
    </trkpt>
    <trkpt lat="51.5870971" lon="5.0160600">
      <ele>-4.8</ele>
      <time>2019-08-10T15:29:25Z</time>
    </trkpt>
    <trkpt lat="51.5873825" lon="5.0153098">
      <ele>-4.4</ele>
      <time>2019-08-10T15:29:36Z</time>
    </trkpt>
    <trkpt lat="51.5874982" lon="5.0151816">
      <ele>-3.6</ele>
      <time>2019-08-10T15:29:39Z</time>
    </trkpt>
    <trkpt lat="51.5875720" lon="5.0151156">
      <ele>-3.4</ele>
      <time>2019-08-10T15:29:41Z</time>
    </trkpt>
    <trkpt lat="51.5877298" lon="5.0148161">
      <ele>-4.0</ele>
      <time>2019-08-10T15:29:46Z</time>
    </trkpt>
    <trkpt lat="51.5877419" lon="5.0147491">
      <ele>-4.2</ele>
      <time>2019-08-10T15:29:48Z</time>
    </trkpt>
    <trkpt lat="51.5877648" lon="5.0145952">
      <ele>-4.6</ele>
      <time>2019-08-10T15:29:50Z</time>
    </trkpt>
    <trkpt lat="51.5880414" lon="5.0138638">
      <ele>-4.8</ele>
      <time>2019-08-10T15:30:00Z</time>
    </trkpt>
    <trkpt lat="51.5881262" lon="5.0136309">
      <ele>-3.6</ele>
      <time>2019-08-10T15:30:03Z</time>
    </trkpt>
    <trkpt lat="51.5882515" lon="5.0134656">
      <ele>-3.6</ele>
      <time>2019-08-10T15:30:06Z</time>
    </trkpt>
    <trkpt lat="51.5882831" lon="5.0133965">
      <ele>-3.6</ele>
      <time>2019-08-10T15:30:07Z</time>
    </trkpt>
    <trkpt lat="51.5883108" lon="5.0133219">
      <ele>-3.4</ele>
      <time>2019-08-10T15:30:08Z</time>
    </trkpt>
    <trkpt lat="51.5884038" lon="5.0130836">
      <ele>-3.6</ele>
      <time>2019-08-10T15:30:11Z</time>
    </trkpt>
    <trkpt lat="51.5884338" lon="5.0130054">
      <ele>-3.6</ele>
      <time>2019-08-10T15:30:12Z</time>
    </trkpt>
    <trkpt lat="51.5884932" lon="5.0128497">
      <ele>-3.6</ele>
      <time>2019-08-10T15:30:14Z</time>
    </trkpt>
    <trkpt lat="51.5885233" lon="5.0127722">
      <ele>-3.6</ele>
      <time>2019-08-10T15:30:15Z</time>
    </trkpt>
    <trkpt lat="51.5886716" lon="5.0123906">
      <ele>-3.6</ele>
      <time>2019-08-10T15:30:20Z</time>
    </trkpt>
    <trkpt lat="51.5888506" lon="5.0119160">
      <ele>-3.8</ele>
      <time>2019-08-10T15:30:26Z</time>
    </trkpt>
    <trkpt lat="51.5890289" lon="5.0114479">
      <ele>-3.8</ele>
      <time>2019-08-10T15:30:32Z</time>
    </trkpt>
    <trkpt lat="51.5891450" lon="5.0111340">
      <ele>-4.0</ele>
      <time>2019-08-10T15:30:36Z</time>
    </trkpt>
    <trkpt lat="51.5892613" lon="5.0108300">
      <ele>-3.8</ele>
      <time>2019-08-10T15:30:40Z</time>
    </trkpt>
    <trkpt lat="51.5892912" lon="5.0107567">
      <ele>-3.8</ele>
      <time>2019-08-10T15:30:41Z</time>
    </trkpt>
    <trkpt lat="51.5894573" lon="5.0103151">
      <ele>-4.0</ele>
      <time>2019-08-10T15:30:47Z</time>
    </trkpt>
    <trkpt lat="51.5895120" lon="5.0101727">
      <ele>-3.8</ele>
      <time>2019-08-10T15:30:49Z</time>
    </trkpt>
    <trkpt lat="51.5895399" lon="5.0101016">
      <ele>-3.6</ele>
      <time>2019-08-10T15:30:50Z</time>
    </trkpt>
    <trkpt lat="51.5897929" lon="5.0094584">
      <ele>-3.0</ele>
      <time>2019-08-10T15:30:59Z</time>
    </trkpt>
    <trkpt lat="51.5898204" lon="5.0093841">
      <ele>-3.0</ele>
      <time>2019-08-10T15:31:00Z</time>
    </trkpt>
    <trkpt lat="51.5901275" lon="5.0085777">
      <ele>-3.2</ele>
      <time>2019-08-10T15:31:11Z</time>
    </trkpt>
    <trkpt lat="51.5903976" lon="5.0078549">
      <ele>-2.8</ele>
      <time>2019-08-10T15:31:21Z</time>
    </trkpt>
    <trkpt lat="51.5905994" lon="5.0073261">
      <ele>-2.8</ele>
      <time>2019-08-10T15:31:28Z</time>
    </trkpt>
    <trkpt lat="51.5906580" lon="5.0071718">
      <ele>-2.6</ele>
      <time>2019-08-10T15:31:30Z</time>
    </trkpt>
    <trkpt lat="51.5907166" lon="5.0070159">
      <ele>-2.6</ele>
      <time>2019-08-10T15:31:32Z</time>
    </trkpt>
    <trkpt lat="51.5907759" lon="5.0068622">
      <ele>-2.6</ele>
      <time>2019-08-10T15:31:34Z</time>
    </trkpt>
    <trkpt lat="51.5908634" lon="5.0066352">
      <ele>-2.6</ele>
      <time>2019-08-10T15:31:37Z</time>
    </trkpt>
    <trkpt lat="51.5910994" lon="5.0060313">
      <ele>-2.8</ele>
      <time>2019-08-10T15:31:45Z</time>
    </trkpt>
    <trkpt lat="51.5911287" lon="5.0059547">
      <ele>-2.8</ele>
      <time>2019-08-10T15:31:46Z</time>
    </trkpt>
    <trkpt lat="51.5911583" lon="5.0058785">
      <ele>-2.8</ele>
      <time>2019-08-10T15:31:47Z</time>
    </trkpt>
    <trkpt lat="51.5911883" lon="5.0058017">
      <ele>-2.8</ele>
      <time>2019-08-10T15:31:48Z</time>
    </trkpt>
    <trkpt lat="51.5912474" lon="5.0056465">
      <ele>-2.8</ele>
      <time>2019-08-10T15:31:50Z</time>
    </trkpt>
    <trkpt lat="51.5912772" lon="5.0055686">
      <ele>-2.8</ele>
      <time>2019-08-10T15:31:51Z</time>
    </trkpt>
    <trkpt lat="51.5913375" lon="5.0054117">
      <ele>-3.0</ele>
      <time>2019-08-10T15:31:53Z</time>
    </trkpt>
    <trkpt lat="51.5915784" lon="5.0047859">
      <ele>-3.0</ele>
      <time>2019-08-10T15:32:01Z</time>
    </trkpt>
    <trkpt lat="51.5917286" lon="5.0043914">
      <ele>-3.4</ele>
      <time>2019-08-10T15:32:06Z</time>
    </trkpt>
    <trkpt lat="51.5918764" lon="5.0039944">
      <ele>-4.4</ele>
      <time>2019-08-10T15:32:11Z</time>
    </trkpt>
    <trkpt lat="51.5919332" lon="5.0038354">
      <ele>-4.6</ele>
      <time>2019-08-10T15:32:13Z</time>
    </trkpt>
    <trkpt lat="51.5920184" lon="5.0036010">
      <ele>-5.4</ele>
      <time>2019-08-10T15:32:16Z</time>
    </trkpt>
    <trkpt lat="51.5920772" lon="5.0034468">
      <ele>-5.8</ele>
      <time>2019-08-10T15:32:18Z</time>
    </trkpt>
    <trkpt lat="51.5922137" lon="5.0030764">
      <ele>-5.2</ele>
      <time>2019-08-10T15:32:23Z</time>
    </trkpt>
    <trkpt lat="51.5922382" lon="5.0030050">
      <ele>-5.2</ele>
      <time>2019-08-10T15:32:24Z</time>
    </trkpt>
    <trkpt lat="51.5922668" lon="5.0028508">
      <ele>-5.0</ele>
      <time>2019-08-10T15:32:26Z</time>
    </trkpt>
    <trkpt lat="51.5922831" lon="5.0027760">
      <ele>-5.0</ele>
      <time>2019-08-10T15:32:27Z</time>
    </trkpt>
    <trkpt lat="51.5923312" lon="5.0026349">
      <ele>-4.8</ele>
      <time>2019-08-10T15:32:29Z</time>
    </trkpt>
    <trkpt lat="51.5924145" lon="5.0024203">
      <ele>-4.6</ele>
      <time>2019-08-10T15:32:32Z</time>
    </trkpt>
    <trkpt lat="51.5924720" lon="5.0022714">
      <ele>-4.6</ele>
      <time>2019-08-10T15:32:34Z</time>
    </trkpt>
    <trkpt lat="51.5925904" lon="5.0019627">
      <ele>-4.6</ele>
      <time>2019-08-10T15:32:38Z</time>
    </trkpt>
    <trkpt lat="51.5926745" lon="5.0017321">
      <ele>-4.6</ele>
      <time>2019-08-10T15:32:41Z</time>
    </trkpt>
    <trkpt lat="51.5927218" lon="5.0015755">
      <ele>-4.4</ele>
      <time>2019-08-10T15:32:43Z</time>
    </trkpt>
    <trkpt lat="51.5928427" lon="5.0013345">
      <ele>-4.2</ele>
      <time>2019-08-10T15:32:47Z</time>
    </trkpt>
    <trkpt lat="51.5930876" lon="5.0006735">
      <ele>-3.4</ele>
      <time>2019-08-10T15:32:57Z</time>
    </trkpt>
    <trkpt lat="51.5933770" lon="4.9999952">
      <ele>-2.4</ele>
      <time>2019-08-10T15:33:07Z</time>
    </trkpt>
    <trkpt lat="51.5937050" lon="4.9992100">
      <ele>-4.4</ele>
      <time>2019-08-10T15:33:18Z</time>
    </trkpt>
    <trkpt lat="51.5937966" lon="4.9989899">
      <ele>-4.8</ele>
      <time>2019-08-10T15:33:21Z</time>
    </trkpt>
    <trkpt lat="51.5940773" lon="4.9982273">
      <ele>-5.2</ele>
      <time>2019-08-10T15:33:31Z</time>
    </trkpt>
    <trkpt lat="51.5943600" lon="4.9974870">
      <ele>-4.6</ele>
      <time>2019-08-10T15:33:41Z</time>
    </trkpt>
    <trkpt lat="51.5945324" lon="4.9970304">
      <ele>-4.4</ele>
      <time>2019-08-10T15:33:47Z</time>
    </trkpt>
    <trkpt lat="51.5948377" lon="4.9962335">
      <ele>-4.2</ele>
      <time>2019-08-10T15:33:57Z</time>
    </trkpt>
    <trkpt lat="51.5949330" lon="4.9959871">
      <ele>-4.2</ele>
      <time>2019-08-10T15:34:00Z</time>
    </trkpt>
    <trkpt lat="51.5952328" lon="4.9951742">
      <ele>-4.8</ele>
      <time>2019-08-10T15:34:10Z</time>
    </trkpt>
    <trkpt lat="51.5952678" lon="4.9949937">
      <ele>-5.0</ele>
      <time>2019-08-10T15:34:11Z</time>
    </trkpt>
    <trkpt lat="51.5953165" lon="4.9947280">
      <ele>-5.0</ele>
      <time>2019-08-10T15:34:15Z</time>
    </trkpt>
    <trkpt lat="51.5954211" lon="4.9944130">
      <ele>-5.8</ele>
      <time>2019-08-10T15:34:19Z</time>
    </trkpt>
    <trkpt lat="51.5955232" lon="4.9941143">
      <ele>-5.8</ele>
      <time>2019-08-10T15:34:23Z</time>
    </trkpt>
    <trkpt lat="51.5956012" lon="4.9936375">
      <ele>-5.2</ele>
      <time>2019-08-10T15:34:29Z</time>
    </trkpt>
    <trkpt lat="51.5957362" lon="4.9927686">
      <ele>-5.6</ele>
      <time>2019-08-10T15:34:40Z</time>
    </trkpt>
    <trkpt lat="51.5957818" lon="4.9924485">
      <ele>-6.4</ele>
      <time>2019-08-10T15:34:44Z</time>
    </trkpt>
    <trkpt lat="51.5958012" lon="4.9923764">
      <ele>-6.8</ele>
      <time>2019-08-10T15:34:45Z</time>
    </trkpt>
    <trkpt lat="51.5958510" lon="4.9922424">
      <ele>-7.6</ele>
      <time>2019-08-10T15:34:47Z</time>
    </trkpt>
    <trkpt lat="51.5959029" lon="4.9921082">
      <ele>-7.6</ele>
      <time>2019-08-10T15:34:49Z</time>
    </trkpt>
    <trkpt lat="51.5959498" lon="4.9919590">
      <ele>-8.8</ele>
      <time>2019-08-10T15:34:51Z</time>
    </trkpt>
    <trkpt lat="51.5959751" lon="4.9918751">
      <ele>-9.0</ele>
      <time>2019-08-10T15:34:52Z</time>
    </trkpt>
    <trkpt lat="51.5961981" lon="4.9912307">
      <ele>-8.6</ele>
      <time>2019-08-10T15:35:00Z</time>
    </trkpt>
    <trkpt lat="51.5964931" lon="4.9904584">
      <ele>-5.6</ele>
      <time>2019-08-10T15:35:11Z</time>
    </trkpt>
    <trkpt lat="51.5965570" lon="4.9903363">
      <ele>-5.0</ele>
      <time>2019-08-10T15:35:13Z</time>
    </trkpt>
    <trkpt lat="51.5965947" lon="4.9902849">
      <ele>-4.6</ele>
      <time>2019-08-10T15:35:14Z</time>
    </trkpt>
    <trkpt lat="51.5966344" lon="4.9902368">
      <ele>-4.4</ele>
      <time>2019-08-10T15:35:15Z</time>
    </trkpt>
    <trkpt lat="51.5967134" lon="4.9901392">
      <ele>-4.8</ele>
      <time>2019-08-10T15:35:17Z</time>
    </trkpt>
    <trkpt lat="51.5968484" lon="4.9899982">
      <ele>-5.4</ele>
      <time>2019-08-10T15:35:20Z</time>
    </trkpt>
    <trkpt lat="51.5970419" lon="4.9897729">
      <ele>-6.2</ele>
      <time>2019-08-10T15:35:24Z</time>
    </trkpt>
    <trkpt lat="51.5971223" lon="4.9896185">
      <ele>-6.2</ele>
      <time>2019-08-10T15:35:26Z</time>
    </trkpt>
    <trkpt lat="51.5971850" lon="4.9894414">
      <ele>-6.8</ele>
      <time>2019-08-10T15:35:28Z</time>
    </trkpt>
    <trkpt lat="51.5972076" lon="4.9893473">
      <ele>-7.0</ele>
      <time>2019-08-10T15:35:29Z</time>
    </trkpt>
    <trkpt lat="51.5972567" lon="4.9891656">
      <ele>-7.6</ele>
      <time>2019-08-10T15:35:30Z</time>
    </trkpt>
    <trkpt lat="51.5973167" lon="4.9889909">
      <ele>-7.8</ele>
      <time>2019-08-10T15:35:33Z</time>
    </trkpt>
    <trkpt lat="51.5974432" lon="4.9886495">
      <ele>-8.0</ele>
      <time>2019-08-10T15:35:37Z</time>
    </trkpt>
    <trkpt lat="51.5975328" lon="4.9884113">
      <ele>-7.6</ele>
      <time>2019-08-10T15:35:40Z</time>
    </trkpt>
    <trkpt lat="51.5976174" lon="4.9881801">
      <ele>-7.4</ele>
      <time>2019-08-10T15:35:43Z</time>
    </trkpt>
    <trkpt lat="51.5976741" lon="4.9880284">
      <ele>-7.4</ele>
      <time>2019-08-10T15:35:45Z</time>
    </trkpt>
    <trkpt lat="51.5977843" lon="4.9877225">
      <ele>-7.4</ele>
      <time>2019-08-10T15:35:49Z</time>
    </trkpt>
    <trkpt lat="51.5980939" lon="4.9869184">
      <ele>-8.0</ele>
      <time>2019-08-10T15:36:00Z</time>
    </trkpt>
    <trkpt lat="51.5982576" lon="4.9864671">
      <ele>-9.2</ele>
      <time>2019-08-10T15:36:06Z</time>
    </trkpt>
    <trkpt lat="51.5983395" lon="4.9862494">
      <ele>-8.6</ele>
      <time>2019-08-10T15:36:09Z</time>
    </trkpt>
    <trkpt lat="51.5983968" lon="4.9860910">
      <ele>-8.6</ele>
      <time>2019-08-10T15:36:11Z</time>
    </trkpt>
    <trkpt lat="51.5986897" lon="4.9853409">
      <ele>-10.0</ele>
      <time>2019-08-10T15:36:21Z</time>
    </trkpt>
    <trkpt lat="51.5989246" lon="4.9847325">
      <ele>-11.4</ele>
      <time>2019-08-10T15:36:29Z</time>
    </trkpt>
    <trkpt lat="51.5989484" lon="4.9846465">
      <ele>-12.0</ele>
      <time>2019-08-10T15:36:30Z</time>
    </trkpt>
    <trkpt lat="51.5989790" lon="4.9845612">
      <ele>-12.4</ele>
      <time>2019-08-10T15:36:31Z</time>
    </trkpt>
    <trkpt lat="51.5991844" lon="4.9841524">
      <ele>-12.8</ele>
      <time>2019-08-10T15:36:36Z</time>
    </trkpt>
    <trkpt lat="51.5993206" lon="4.9837936">
      <ele>-11.0</ele>
      <time>2019-08-10T15:36:40Z</time>
    </trkpt>
    <trkpt lat="51.5995168" lon="4.9832620">
      <ele>-9.8</ele>
      <time>2019-08-10T15:36:46Z</time>
    </trkpt>
    <trkpt lat="51.5996068" lon="4.9830092">
      <ele>-9.4</ele>
      <time>2019-08-10T15:36:49Z</time>
    </trkpt>
    <trkpt lat="51.5999012" lon="4.9821895">
      <ele>-9.0</ele>
      <time>2019-08-10T15:36:59Z</time>
    </trkpt>
    <trkpt lat="51.6000895" lon="4.9816062">
      <ele>-8.6</ele>
      <time>2019-08-10T15:37:06Z</time>
    </trkpt>
    <trkpt lat="51.6001045" lon="4.9814273">
      <ele>-8.6</ele>
      <time>2019-08-10T15:37:08Z</time>
    </trkpt>
    <trkpt lat="51.6000945" lon="4.9812485">
      <ele>-8.4</ele>
      <time>2019-08-10T15:37:10Z</time>
    </trkpt>
    <trkpt lat="51.5998777" lon="4.9803710">
      <ele>-7.6</ele>
      <time>2019-08-10T15:37:21Z</time>
    </trkpt>
    <trkpt lat="51.5998557" lon="4.9802115">
      <ele>-7.2</ele>
      <time>2019-08-10T15:37:22Z</time>
    </trkpt>
    <trkpt lat="51.5998339" lon="4.9799473">
      <ele>-6.8</ele>
      <time>2019-08-10T15:37:54Z</time>
    </trkpt>
    <trkpt lat="51.5998412" lon="4.9798794">
      <ele>-7.6</ele>
      <time>2019-08-10T15:38:02Z</time>
    </trkpt>
    <trkpt lat="51.5999290" lon="4.9794086">
      <ele>-6.0</ele>
      <time>2019-08-10T15:38:13Z</time>
    </trkpt>
    <trkpt lat="51.6008476" lon="4.9785656">
      <ele>-0.4</ele>
      <time>2019-08-10T15:52:40Z</time>
    </trkpt>
    <trkpt lat="51.6011809" lon="4.9785530">
      <ele>1.6</ele>
      <time>2019-08-10T15:52:46Z</time>
    </trkpt>
    <trkpt lat="51.6012920" lon="4.9784817">
      <ele>1.4</ele>
      <time>2019-08-10T15:52:48Z</time>
    </trkpt>
    <trkpt lat="51.6014220" lon="4.9782969">
      <ele>1.2</ele>
      <time>2019-08-10T15:52:51Z</time>
    </trkpt>
    <trkpt lat="51.6015720" lon="4.9779048">
      <ele>0.8</ele>
      <time>2019-08-10T15:52:56Z</time>
    </trkpt>
    <trkpt lat="51.6016640" lon="4.9776587">
      <ele>0.2</ele>
      <time>2019-08-10T15:52:59Z</time>
    </trkpt>
    <trkpt lat="51.6017269" lon="4.9774945">
      <ele>0.0</ele>
      <time>2019-08-10T15:53:01Z</time>
    </trkpt>
    <trkpt lat="51.6020110" lon="4.9767466">
      <ele>0.0</ele>
      <time>2019-08-10T15:53:10Z</time>
    </trkpt>
    <trkpt lat="51.6020406" lon="4.9766652">
      <ele>-0.2</ele>
      <time>2019-08-10T15:53:11Z</time>
    </trkpt>
    <trkpt lat="51.6020940" lon="4.9764948">
      <ele>-0.4</ele>
      <time>2019-08-10T15:53:12Z</time>
    </trkpt>
    <trkpt lat="51.6020940" lon="4.9764948">
      <ele>-0.4</ele>
      <time>2019-08-10T15:53:13Z</time>
    </trkpt>
    <trkpt lat="51.6021242" lon="4.9764096">
      <ele>-0.4</ele>
      <time>2019-08-10T15:53:14Z</time>
    </trkpt>
    <trkpt lat="51.6021533" lon="4.9763276">
      <ele>-0.6</ele>
      <time>2019-08-10T15:53:15Z</time>
    </trkpt>
    <trkpt lat="51.6021805" lon="4.9762456">
      <ele>-0.8</ele>
      <time>2019-08-10T15:53:16Z</time>
    </trkpt>
    <trkpt lat="51.6022323" lon="4.9760803">
      <ele>-1.2</ele>
      <time>2019-08-10T15:53:17Z</time>
    </trkpt>
    <trkpt lat="51.6023401" lon="4.9757542">
      <ele>-1.2</ele>
      <time>2019-08-10T15:53:22Z</time>
    </trkpt>
    <trkpt lat="51.6026332" lon="4.9750257">
      <ele>-2.4</ele>
      <time>2019-08-10T15:53:31Z</time>
    </trkpt>
    <trkpt lat="51.6027025" lon="4.9748553">
      <ele>-2.6</ele>
      <time>2019-08-10T15:53:32Z</time>
    </trkpt>
    <trkpt lat="51.6028659" lon="4.9744212">
      <ele>-2.8</ele>
      <time>2019-08-10T15:53:38Z</time>
    </trkpt>
    <trkpt lat="51.6029321" lon="4.9742481">
      <ele>-2.8</ele>
      <time>2019-08-10T15:53:40Z</time>
    </trkpt>
    <trkpt lat="51.6030274" lon="4.9739879">
      <ele>-2.6</ele>
      <time>2019-08-10T15:53:43Z</time>
    </trkpt>
    <trkpt lat="51.6030886" lon="4.9738140">
      <ele>-2.0</ele>
      <time>2019-08-10T15:53:45Z</time>
    </trkpt>
    <trkpt lat="51.6032539" lon="4.9733945">
      <ele>-1.2</ele>
      <time>2019-08-10T15:53:50Z</time>
    </trkpt>
    <trkpt lat="51.6034139" lon="4.9729826">
      <ele>-1.2</ele>
      <time>2019-08-10T15:53:55Z</time>
    </trkpt>
    <trkpt lat="51.6034743" lon="4.9728174">
      <ele>-0.8</ele>
      <time>2019-08-10T15:53:57Z</time>
    </trkpt>
    <trkpt lat="51.6035668" lon="4.9725690">
      <ele>-1.0</ele>
      <time>2019-08-10T15:54:00Z</time>
    </trkpt>
    <trkpt lat="51.6036297" lon="4.9724020">
      <ele>-1.2</ele>
      <time>2019-08-10T15:54:01Z</time>
    </trkpt>
    <trkpt lat="51.6036297" lon="4.9724020">
      <ele>-1.2</ele>
      <time>2019-08-10T15:54:02Z</time>
    </trkpt>
    <trkpt lat="51.6036890" lon="4.9722366">
      <ele>-1.0</ele>
      <time>2019-08-10T15:54:04Z</time>
    </trkpt>
    <trkpt lat="51.6037509" lon="4.9720732">
      <ele>-1.0</ele>
      <time>2019-08-10T15:54:05Z</time>
    </trkpt>
    <trkpt lat="51.6037509" lon="4.9720732">
      <ele>-1.0</ele>
      <time>2019-08-10T15:54:06Z</time>
    </trkpt>
    <trkpt lat="51.6037828" lon="4.9719915">
      <ele>-1.2</ele>
      <time>2019-08-10T15:54:07Z</time>
    </trkpt>
    <trkpt lat="51.6038477" lon="4.9718301">
      <ele>-1.4</ele>
      <time>2019-08-10T15:54:08Z</time>
    </trkpt>
    <trkpt lat="51.6038813" lon="4.9717481">
      <ele>-1.4</ele>
      <time>2019-08-10T15:54:10Z</time>
    </trkpt>
    <trkpt lat="51.6039759" lon="4.9714973">
      <ele>-1.0</ele>
      <time>2019-08-10T15:54:13Z</time>
    </trkpt>
    <trkpt lat="51.6042882" lon="4.9707169">
      <ele>-1.2</ele>
      <time>2019-08-10T15:54:22Z</time>
    </trkpt>
    <trkpt lat="51.6043962" lon="4.9704489">
      <ele>-1.8</ele>
      <time>2019-08-10T15:54:25Z</time>
    </trkpt>
    <trkpt lat="51.6046493" lon="4.9698180">
      <ele>-3.0</ele>
      <time>2019-08-10T15:54:32Z</time>
    </trkpt>
    <trkpt lat="51.6047607" lon="4.9695508">
      <ele>-3.6</ele>
      <time>2019-08-10T15:54:35Z</time>
    </trkpt>
    <trkpt lat="51.6049326" lon="4.9691341">
      <ele>-5.6</ele>
      <time>2019-08-10T15:54:40Z</time>
    </trkpt>
    <trkpt lat="51.6050024" lon="4.9689796">
      <ele>-6.8</ele>
      <time>2019-08-10T15:54:42Z</time>
    </trkpt>
    <trkpt lat="51.6050623" lon="4.9688271">
      <ele>-7.6</ele>
      <time>2019-08-10T15:54:44Z</time>
    </trkpt>
    <trkpt lat="51.6050909" lon="4.9687541">
      <ele>-8.0</ele>
      <time>2019-08-10T15:54:45Z</time>
    </trkpt>
    <trkpt lat="51.6051172" lon="4.9686824">
      <ele>-8.4</ele>
      <time>2019-08-10T15:54:46Z</time>
    </trkpt>
    <trkpt lat="51.6051379" lon="4.9686161">
      <ele>-8.6</ele>
      <time>2019-08-10T15:54:47Z</time>
    </trkpt>
    <trkpt lat="51.6052767" lon="4.9682105">
      <ele>-10.6</ele>
      <time>2019-08-10T15:54:53Z</time>
    </trkpt>
    <trkpt lat="51.6053999" lon="4.9678663">
      <ele>-11.0</ele>
      <time>2019-08-10T15:54:58Z</time>
    </trkpt>
    <trkpt lat="51.6054713" lon="4.9676780">
      <ele>-11.8</ele>
      <time>2019-08-10T15:55:01Z</time>
    </trkpt>
    <trkpt lat="51.6055149" lon="4.9675601">
      <ele>-12.2</ele>
      <time>2019-08-10T15:55:03Z</time>
    </trkpt>
    <trkpt lat="51.6055942" lon="4.9673398">
      <ele>-13.2</ele>
      <time>2019-08-10T15:55:07Z</time>
    </trkpt>
    <trkpt lat="51.6056781" lon="4.9670931">
      <ele>-13.4</ele>
      <time>2019-08-10T15:55:11Z</time>
    </trkpt>
    <trkpt lat="51.6059548" lon="4.9663271">
      <ele>-11.0</ele>
      <time>2019-08-10T15:55:22Z</time>
    </trkpt>
    <trkpt lat="51.6062657" lon="4.9655251">
      <ele>-10.4</ele>
      <time>2019-08-10T15:55:33Z</time>
    </trkpt>
    <trkpt lat="51.6064752" lon="4.9649984">
      <ele>-10.8</ele>
      <time>2019-08-10T15:55:40Z</time>
    </trkpt>
    <trkpt lat="51.6065323" lon="4.9648361">
      <ele>-10.6</ele>
      <time>2019-08-10T15:55:41Z</time>
    </trkpt>
    <trkpt lat="51.6068153" lon="4.9640846">
      <ele>-9.8</ele>
      <time>2019-08-10T15:55:51Z</time>
    </trkpt>
    <trkpt lat="51.6071149" lon="4.9632627">
      <ele>-8.6</ele>
      <time>2019-08-10T15:56:01Z</time>
    </trkpt>
    <trkpt lat="51.6074129" lon="4.9624893">
      <ele>-7.8</ele>
      <time>2019-08-10T15:56:10Z</time>
    </trkpt>
    <trkpt lat="51.6075768" lon="4.9620661">
      <ele>-8.2</ele>
      <time>2019-08-10T15:56:15Z</time>
    </trkpt>
    <trkpt lat="51.6078813" lon="4.9612483">
      <ele>-8.4</ele>
      <time>2019-08-10T15:56:25Z</time>
    </trkpt>
    <trkpt lat="51.6081720" lon="4.9604398">
      <ele>-8.2</ele>
      <time>2019-08-10T15:56:35Z</time>
    </trkpt>
    <trkpt lat="51.6084919" lon="4.9596605">
      <ele>-11.0</ele>
      <time>2019-08-10T15:56:45Z</time>
    </trkpt>
    <trkpt lat="51.6087916" lon="4.9589239">
      <ele>-10.2</ele>
      <time>2019-08-10T15:56:54Z</time>
    </trkpt>
    <trkpt lat="51.6089167" lon="4.9585946">
      <ele>-10.8</ele>
      <time>2019-08-10T15:56:58Z</time>
    </trkpt>
    <trkpt lat="51.6092146" lon="4.9577788">
      <ele>-12.0</ele>
      <time>2019-08-10T15:57:08Z</time>
    </trkpt>
    <trkpt lat="51.6095474" lon="4.9569793">
      <ele>-11.6</ele>
      <time>2019-08-10T15:57:18Z</time>
    </trkpt>
    <trkpt lat="51.6097918" lon="4.9563768">
      <ele>-12.0</ele>
      <time>2019-08-10T15:57:25Z</time>
    </trkpt>
    <trkpt lat="51.6100854" lon="4.9555897">
      <ele>-9.4</ele>
      <time>2019-08-10T15:57:34Z</time>
    </trkpt>
    <trkpt lat="51.6103938" lon="4.9548068">
      <ele>-9.4</ele>
      <time>2019-08-10T15:57:44Z</time>
    </trkpt>
    <trkpt lat="51.6105639" lon="4.9544439">
      <ele>-7.2</ele>
      <time>2019-08-10T15:57:50Z</time>
    </trkpt>
    <trkpt lat="51.6108805" lon="4.9536495">
      <ele>-5.8</ele>
      <time>2019-08-10T15:58:03Z</time>
    </trkpt>
    <trkpt lat="51.6110166" lon="4.9532898">
      <ele>-8.6</ele>
      <time>2019-08-10T15:58:08Z</time>
    </trkpt>
    <trkpt lat="51.6111710" lon="4.9528197">
      <ele>-7.4</ele>
      <time>2019-08-10T15:58:14Z</time>
    </trkpt>
    <trkpt lat="51.6114420" lon="4.9520659">
      <ele>-8.0</ele>
      <time>2019-08-10T15:58:26Z</time>
    </trkpt>
    <trkpt lat="51.6117572" lon="4.9513469">
      <ele>-16.8</ele>
      <time>2019-08-10T15:58:37Z</time>
    </trkpt>
    <trkpt lat="51.6118660" lon="4.9510765">
      <ele>-16.6</ele>
      <time>2019-08-10T15:58:41Z</time>
    </trkpt>
    <trkpt lat="51.6120392" lon="4.9506657">
      <ele>-13.6</ele>
      <time>2019-08-10T15:58:47Z</time>
    </trkpt>
    <trkpt lat="51.6123066" lon="4.9498615">
      <ele>-11.0</ele>
      <time>2019-08-10T15:58:57Z</time>
    </trkpt>
    <trkpt lat="51.6125349" lon="4.9490131">
      <ele>-7.6</ele>
      <time>2019-08-10T15:59:07Z</time>
    </trkpt>
    <trkpt lat="51.6128364" lon="4.9482011">
      <ele>-3.6</ele>
      <time>2019-08-10T15:59:18Z</time>
    </trkpt>
    <trkpt lat="51.6131204" lon="4.9474605">
      <ele>-4.0</ele>
      <time>2019-08-10T15:59:29Z</time>
    </trkpt>
    <trkpt lat="51.6132032" lon="4.9472162">
      <ele>-3.4</ele>
      <time>2019-08-10T15:59:33Z</time>
    </trkpt>
    <trkpt lat="51.6133898" lon="4.9466975">
      <ele>-2.4</ele>
      <time>2019-08-10T15:59:41Z</time>
    </trkpt>
    <trkpt lat="51.6136556" lon="4.9459191">
      <ele>-1.4</ele>
      <time>2019-08-10T15:59:54Z</time>
    </trkpt>
    <trkpt lat="51.6137970" lon="4.9455305">
      <ele>-0.4</ele>
      <time>2019-08-10T16:00:00Z</time>
    </trkpt>
    <trkpt lat="51.6138999" lon="4.9452760">
      <ele>-0.8</ele>
      <time>2019-08-10T16:00:04Z</time>
    </trkpt>
    <trkpt lat="51.6139767" lon="4.9450769">
      <ele>-1.6</ele>
      <time>2019-08-10T16:00:07Z</time>
    </trkpt>
    <trkpt lat="51.6142438" lon="4.9443446">
      <ele>-2.0</ele>
      <time>2019-08-10T16:00:18Z</time>
    </trkpt>
    <trkpt lat="51.6145739" lon="4.9435708">
      <ele>-4.4</ele>
      <time>2019-08-10T16:00:30Z</time>
    </trkpt>
    <trkpt lat="51.6146925" lon="4.9433091">
      <ele>-7.0</ele>
      <time>2019-08-10T16:00:34Z</time>
    </trkpt>
    <trkpt lat="51.6147223" lon="4.9432411">
      <ele>-7.0</ele>
      <time>2019-08-10T16:00:35Z</time>
    </trkpt>
    <trkpt lat="51.6147782" lon="4.9431049">
      <ele>-6.8</ele>
      <time>2019-08-10T16:00:36Z</time>
    </trkpt>
    <trkpt lat="51.6151154" lon="4.9424266">
      <ele>-4.8</ele>
      <time>2019-08-10T16:00:47Z</time>
    </trkpt>
    <trkpt lat="51.6154413" lon="4.9417950">
      <ele>-2.0</ele>
      <time>2019-08-10T16:00:57Z</time>
    </trkpt>
    <trkpt lat="51.6158295" lon="4.9412199">
      <ele>-1.2</ele>
      <time>2019-08-10T16:01:07Z</time>
    </trkpt>
    <trkpt lat="51.6162688" lon="4.9406038">
      <ele>-0.8</ele>
      <time>2019-08-10T16:01:18Z</time>
    </trkpt>
    <trkpt lat="51.6163553" lon="4.9404635">
      <ele>-0.8</ele>
      <time>2019-08-10T16:01:21Z</time>
    </trkpt>
    <trkpt lat="51.6165145" lon="4.9402273">
      <ele>-0.2</ele>
      <time>2019-08-10T16:01:27Z</time>
    </trkpt>
    <trkpt lat="51.6165389" lon="4.9401886">
      <ele>0.4</ele>
      <time>2019-08-10T16:01:28Z</time>
    </trkpt>
    <trkpt lat="51.6167766" lon="4.9398170">
      <ele>1.0</ele>
      <time>2019-08-10T16:01:37Z</time>
    </trkpt>
    <trkpt lat="51.6171666" lon="4.9391798">
      <ele>1.4</ele>
      <time>2019-08-10T16:01:50Z</time>
    </trkpt>
    <trkpt lat="51.6172532" lon="4.9389980">
      <ele>1.4</ele>
      <time>2019-08-10T16:01:53Z</time>
    </trkpt>
    <trkpt lat="51.6176274" lon="4.9383214">
      <ele>4.2</ele>
      <time>2019-08-10T16:02:04Z</time>
    </trkpt>
    <trkpt lat="51.6178439" lon="4.9379303">
      <ele>6.6</ele>
      <time>2019-08-10T16:02:11Z</time>
    </trkpt>
    <trkpt lat="51.6180706" lon="4.9379382">
      <ele>6.8</ele>
      <time>2019-08-10T16:02:19Z</time>
    </trkpt>
    <trkpt lat="51.6182368" lon="4.9381559">
      <ele>5.4</ele>
      <time>2019-08-10T16:02:24Z</time>
    </trkpt>
    <trkpt lat="51.6183761" lon="4.9383280">
      <ele>4.8</ele>
      <time>2019-08-10T16:02:28Z</time>
    </trkpt>
    <trkpt lat="51.6184060" lon="4.9383340">
      <ele>4.8</ele>
      <time>2019-08-10T16:02:29Z</time>
    </trkpt>
    <trkpt lat="51.6184688" lon="4.9382625">
      <ele>4.4</ele>
      <time>2019-08-10T16:02:31Z</time>
    </trkpt>
    <trkpt lat="51.6186443" lon="4.9379448">
      <ele>2.8</ele>
      <time>2019-08-10T16:02:36Z</time>
    </trkpt>
    <trkpt lat="51.6188991" lon="4.9374763">
      <ele>0.4</ele>
      <time>2019-08-10T16:02:42Z</time>
    </trkpt>
    <trkpt lat="51.6189898" lon="4.9373399">
      <ele>0.0</ele>
      <time>2019-08-10T16:02:44Z</time>
    </trkpt>
    <trkpt lat="51.6191191" lon="4.9372585">
      <ele>1.6</ele>
      <time>2019-08-10T16:02:47Z</time>
    </trkpt>
    <trkpt lat="51.6191630" lon="4.9371370">
      <ele>1.6</ele>
      <time>2019-08-10T16:02:49Z</time>
    </trkpt>
    <trkpt lat="51.6192050" lon="4.9365365">
      <ele>0.6</ele>
      <time>2019-08-10T16:02:57Z</time>
    </trkpt>
    <trkpt lat="51.6193168" lon="4.9361313">
      <ele>0.4</ele>
      <time>2019-08-10T16:03:04Z</time>
    </trkpt>
    <trkpt lat="51.6195660" lon="4.9353105">
      <ele>0.8</ele>
      <time>2019-08-10T16:03:17Z</time>
    </trkpt>
    <trkpt lat="51.6198150" lon="4.9345281">
      <ele>3.4</ele>
      <time>2019-08-10T16:03:29Z</time>
    </trkpt>
    <trkpt lat="51.6198551" lon="4.9343968">
      <ele>3.4</ele>
      <time>2019-08-10T16:03:31Z</time>
    </trkpt>
    <trkpt lat="51.6198755" lon="4.9343327">
      <ele>3.4</ele>
      <time>2019-08-10T16:03:32Z</time>
    </trkpt>
    <trkpt lat="51.6199099" lon="4.9342036">
      <ele>3.6</ele>
      <time>2019-08-10T16:03:34Z</time>
    </trkpt>
    <trkpt lat="51.6199280" lon="4.9341404">
      <ele>3.6</ele>
      <time>2019-08-10T16:03:35Z</time>
    </trkpt>
    <trkpt lat="51.6199788" lon="4.9339239">
      <ele>3.2</ele>
      <time>2019-08-10T16:03:39Z</time>
    </trkpt>
    <trkpt lat="51.6200125" lon="4.9337752">
      <ele>3.0</ele>
      <time>2019-08-10T16:03:42Z</time>
    </trkpt>
    <trkpt lat="51.6201705" lon="4.9330315">
      <ele>3.0</ele>
      <time>2019-08-10T16:03:56Z</time>
    </trkpt>
    <trkpt lat="51.6202270" lon="4.9327877">
      <ele>2.6</ele>
      <time>2019-08-10T16:04:00Z</time>
    </trkpt>
    <trkpt lat="51.6203094" lon="4.9324241">
      <ele>1.4</ele>
      <time>2019-08-10T16:04:05Z</time>
    </trkpt>
    <trkpt lat="51.6204544" lon="4.9316338">
      <ele>1.6</ele>
      <time>2019-08-10T16:04:15Z</time>
    </trkpt>
    <trkpt lat="51.6205789" lon="4.9308833">
      <ele>1.2</ele>
      <time>2019-08-10T16:04:24Z</time>
    </trkpt>
    <trkpt lat="51.6206070" lon="4.9307198">
      <ele>1.0</ele>
      <time>2019-08-10T16:04:25Z</time>
    </trkpt>
    <trkpt lat="51.6206070" lon="4.9307198">
      <ele>1.0</ele>
      <time>2019-08-10T16:04:26Z</time>
    </trkpt>
    <trkpt lat="51.6206217" lon="4.9306393">
      <ele>0.8</ele>
      <time>2019-08-10T16:04:27Z</time>
    </trkpt>
    <trkpt lat="51.6206484" lon="4.9304779">
      <ele>0.8</ele>
      <time>2019-08-10T16:04:29Z</time>
    </trkpt>
    <trkpt lat="51.6206978" lon="4.9301527">
      <ele>2.0</ele>
      <time>2019-08-10T16:04:33Z</time>
    </trkpt>
    <trkpt lat="51.6208544" lon="4.9293152">
      <ele>1.2</ele>
      <time>2019-08-10T16:04:44Z</time>
    </trkpt>
    <trkpt lat="51.6208790" lon="4.9291548">
      <ele>1.4</ele>
      <time>2019-08-10T16:04:45Z</time>
    </trkpt>
    <trkpt lat="51.6208898" lon="4.9290763">
      <ele>1.6</ele>
      <time>2019-08-10T16:04:47Z</time>
    </trkpt>
    <trkpt lat="51.6209140" lon="4.9289261">
      <ele>1.2</ele>
      <time>2019-08-10T16:04:49Z</time>
    </trkpt>
    <trkpt lat="51.6209259" lon="4.9288486">
      <ele>1.0</ele>
      <time>2019-08-10T16:04:50Z</time>
    </trkpt>
    <trkpt lat="51.6209381" lon="4.9287706">
      <ele>0.8</ele>
      <time>2019-08-10T16:04:51Z</time>
    </trkpt>
    <trkpt lat="51.6209613" lon="4.9286192">
      <ele>0.2</ele>
      <time>2019-08-10T16:04:53Z</time>
    </trkpt>
    <trkpt lat="51.6209899" lon="4.9284581">
      <ele>-0.2</ele>
      <time>2019-08-10T16:04:55Z</time>
    </trkpt>
    <trkpt lat="51.6210037" lon="4.9283753">
      <ele>-0.6</ele>
      <time>2019-08-10T16:04:56Z</time>
    </trkpt>
    <trkpt lat="51.6210169" lon="4.9282903">
      <ele>-0.8</ele>
      <time>2019-08-10T16:04:57Z</time>
    </trkpt>
    <trkpt lat="51.6210304" lon="4.9282059">
      <ele>-1.0</ele>
      <time>2019-08-10T16:04:58Z</time>
    </trkpt>
    <trkpt lat="51.6210429" lon="4.9281229">
      <ele>-1.2</ele>
      <time>2019-08-10T16:04:59Z</time>
    </trkpt>
    <trkpt lat="51.6210810" lon="4.9278835">
      <ele>-2.0</ele>
      <time>2019-08-10T16:05:02Z</time>
    </trkpt>
    <trkpt lat="51.6210941" lon="4.9278028">
      <ele>-2.0</ele>
      <time>2019-08-10T16:05:03Z</time>
    </trkpt>
    <trkpt lat="51.6211057" lon="4.9277254">
      <ele>-2.2</ele>
      <time>2019-08-10T16:05:04Z</time>
    </trkpt>
    <trkpt lat="51.6211333" lon="4.9275663">
      <ele>-3.0</ele>
      <time>2019-08-10T16:05:06Z</time>
    </trkpt>
    <trkpt lat="51.6211538" lon="4.9274004">
      <ele>-1.8</ele>
      <time>2019-08-10T16:05:08Z</time>
    </trkpt>
    <trkpt lat="51.6211780" lon="4.9272336">
      <ele>-1.0</ele>
      <time>2019-08-10T16:05:10Z</time>
    </trkpt>
    <trkpt lat="51.6212371" lon="4.9268841">
      <ele>-0.4</ele>
      <time>2019-08-10T16:05:14Z</time>
    </trkpt>
    <trkpt lat="51.6212677" lon="4.9267060">
      <ele>0.2</ele>
      <time>2019-08-10T16:05:16Z</time>
    </trkpt>
    <trkpt lat="51.6214157" lon="4.9257744">
      <ele>2.0</ele>
      <time>2019-08-10T16:05:26Z</time>
    </trkpt>
    <trkpt lat="51.6214450" lon="4.9255970">
      <ele>2.0</ele>
      <time>2019-08-10T16:05:27Z</time>
    </trkpt>
    <trkpt lat="51.6214708" lon="4.9254185">
      <ele>2.2</ele>
      <time>2019-08-10T16:05:30Z</time>
    </trkpt>
    <trkpt lat="51.6215122" lon="4.9251419">
      <ele>2.2</ele>
      <time>2019-08-10T16:05:33Z</time>
    </trkpt>
    <trkpt lat="51.6216580" lon="4.9242751">
      <ele>0.8</ele>
      <time>2019-08-10T16:05:43Z</time>
    </trkpt>
    <trkpt lat="51.6218216" lon="4.9233935">
      <ele>1.0</ele>
      <time>2019-08-10T16:05:54Z</time>
    </trkpt>
    <trkpt lat="51.6219481" lon="4.9226188">
      <ele>-0.8</ele>
      <time>2019-08-10T16:06:04Z</time>
    </trkpt>
    <trkpt lat="51.6219880" lon="4.9224111">
      <ele>-0.6</ele>
      <time>2019-08-10T16:06:07Z</time>
    </trkpt>
    <trkpt lat="51.6221072" lon="4.9217245">
      <ele>-1.2</ele>
      <time>2019-08-10T16:06:16Z</time>
    </trkpt>
    <trkpt lat="51.6222023" lon="4.9211066">
      <ele>-0.8</ele>
      <time>2019-08-10T16:06:24Z</time>
    </trkpt>
    <trkpt lat="51.6222944" lon="4.9205567">
      <ele>-0.8</ele>
      <time>2019-08-10T16:06:31Z</time>
    </trkpt>
    <trkpt lat="51.6224045" lon="4.9199483">
      <ele>-1.2</ele>
      <time>2019-08-10T16:06:38Z</time>
    </trkpt>
    <trkpt lat="51.6224933" lon="4.9194012">
      <ele>-0.4</ele>
      <time>2019-08-10T16:06:44Z</time>
    </trkpt>
    <trkpt lat="51.6225842" lon="4.9188636">
      <ele>-1.0</ele>
      <time>2019-08-10T16:06:50Z</time>
    </trkpt>
    <trkpt lat="51.6226354" lon="4.9185960">
      <ele>-2.0</ele>
      <time>2019-08-10T16:06:53Z</time>
    </trkpt>
    <trkpt lat="51.6226802" lon="4.9183339">
      <ele>-2.0</ele>
      <time>2019-08-10T16:06:56Z</time>
    </trkpt>
    <trkpt lat="51.6227188" lon="4.9180749">
      <ele>-3.2</ele>
      <time>2019-08-10T16:06:59Z</time>
    </trkpt>
    <trkpt lat="51.6227294" lon="4.9179953">
      <ele>-3.6</ele>
      <time>2019-08-10T16:07:00Z</time>
    </trkpt>
    <trkpt lat="51.6227481" lon="4.9178355">
      <ele>-3.8</ele>
      <time>2019-08-10T16:07:02Z</time>
    </trkpt>
    <trkpt lat="51.6227844" lon="4.9174212">
      <ele>-3.8</ele>
      <time>2019-08-10T16:07:07Z</time>
    </trkpt>
    <trkpt lat="51.6228677" lon="4.9166215">
      <ele>-1.6</ele>
      <time>2019-08-10T16:07:17Z</time>
    </trkpt>
    <trkpt lat="51.6229166" lon="4.9164263">
      <ele>0.0</ele>
      <time>2019-08-10T16:07:20Z</time>
    </trkpt>
    <trkpt lat="51.6230258" lon="4.9158151">
      <ele>0.8</ele>
      <time>2019-08-10T16:07:28Z</time>
    </trkpt>
    <trkpt lat="51.6231245" lon="4.9156837">
      <ele>3.6</ele>
      <time>2019-08-10T16:07:31Z</time>
    </trkpt>
    <trkpt lat="51.6232195" lon="4.9157269">
      <ele>6.2</ele>
      <time>2019-08-10T16:07:33Z</time>
    </trkpt>
    <trkpt lat="51.6233550" lon="4.9157982">
      <ele>8.8</ele>
      <time>2019-08-10T16:07:36Z</time>
    </trkpt>
    <trkpt lat="51.6234040" lon="4.9158263">
      <ele>9.4</ele>
      <time>2019-08-10T16:07:37Z</time>
    </trkpt>
    <trkpt lat="51.6236023" lon="4.9158806">
      <ele>11.4</ele>
      <time>2019-08-10T16:07:40Z</time>
    </trkpt>
    <trkpt lat="51.6236533" lon="4.9158636">
      <ele>12.2</ele>
      <time>2019-08-10T16:07:42Z</time>
    </trkpt>
    <trkpt lat="51.6240615" lon="4.9155742">
      <ele>10.2</ele>
      <time>2019-08-10T16:07:50Z</time>
    </trkpt>
    <trkpt lat="51.6244891" lon="4.9152115">
      <ele>8.0</ele>
      <time>2019-08-10T16:07:59Z</time>
    </trkpt>
    <trkpt lat="51.6249903" lon="4.9148408">
      <ele>6.2</ele>
      <time>2019-08-10T16:08:09Z</time>
    </trkpt>
    <trkpt lat="51.6254423" lon="4.9144906">
      <ele>4.2</ele>
      <time>2019-08-10T16:08:18Z</time>
    </trkpt>
    <trkpt lat="51.6256592" lon="4.9143398">
      <ele>3.4</ele>
      <time>2019-08-10T16:08:22Z</time>
    </trkpt>
    <trkpt lat="51.6261817" lon="4.9139453">
      <ele>3.6</ele>
      <time>2019-08-10T16:08:32Z</time>
    </trkpt>
    <trkpt lat="51.6264362" lon="4.9137009">
      <ele>3.4</ele>
      <time>2019-08-10T16:08:38Z</time>
    </trkpt>
    <trkpt lat="51.6265001" lon="4.9134928">
      <ele>2.4</ele>
      <time>2019-08-10T16:08:41Z</time>
    </trkpt>
    <trkpt lat="51.6266482" lon="4.9126943">
      <ele>1.4</ele>
      <time>2019-08-10T16:08:51Z</time>
    </trkpt>
    <trkpt lat="51.6269115" lon="4.9119075">
      <ele>1.6</ele>
      <time>2019-08-10T16:09:01Z</time>
    </trkpt>
    <trkpt lat="51.6271167" lon="4.9113220">
      <ele>1.6</ele>
      <time>2019-08-10T16:09:09Z</time>
    </trkpt>
    <trkpt lat="51.6272569" lon="4.9109802">
      <ele>0.8</ele>
      <time>2019-08-10T16:09:14Z</time>
    </trkpt>
    <trkpt lat="51.6274705" lon="4.9105746">
      <ele>0.2</ele>
      <time>2019-08-10T16:09:21Z</time>
    </trkpt>
    <trkpt lat="51.6276208" lon="4.9104561">
      <ele>2.2</ele>
      <time>2019-08-10T16:09:25Z</time>
    </trkpt>
    <trkpt lat="51.6279329" lon="4.9103254">
      <ele>3.6</ele>
      <time>2019-08-10T16:09:32Z</time>
    </trkpt>
    <trkpt lat="51.6280319" lon="4.9102869">
      <ele>5.0</ele>
      <time>2019-08-10T16:09:34Z</time>
    </trkpt>
    <trkpt lat="51.6286187" lon="4.9101869">
      <ele>7.0</ele>
      <time>2019-08-10T16:09:45Z</time>
    </trkpt>
    <trkpt lat="51.6291750" lon="4.9101500">
      <ele>0.8</ele>
      <time>2019-08-10T16:09:55Z</time>
    </trkpt>
    <trkpt lat="51.6295333" lon="4.9101087">
      <ele>-0.2</ele>
      <time>2019-08-10T16:10:02Z</time>
    </trkpt>
    <trkpt lat="51.6300548" lon="4.9103532">
      <ele>2.4</ele>
      <time>2019-08-10T16:10:11Z</time>
    </trkpt>
    <trkpt lat="51.6305765" lon="4.9106561">
      <ele>2.6</ele>
      <time>2019-08-10T16:10:20Z</time>
    </trkpt>
    <trkpt lat="51.6307408" lon="4.9107614">
      <ele>2.8</ele>
      <time>2019-08-10T16:10:23Z</time>
    </trkpt>
    <trkpt lat="51.6310895" lon="4.9109996">
      <ele>0.8</ele>
      <time>2019-08-10T16:10:31Z</time>
    </trkpt>
    <trkpt lat="51.6311580" lon="4.9109952">
      <ele>1.2</ele>
      <time>2019-08-10T16:10:33Z</time>
    </trkpt>
    <trkpt lat="51.6313362" lon="4.9108737">
      <ele>0.2</ele>
      <time>2019-08-10T16:10:43Z</time>
    </trkpt>
    <trkpt lat="51.6313642" lon="4.9109037">
      <ele>0.4</ele>
      <time>2019-08-10T16:10:46Z</time>
    </trkpt>
    <trkpt lat="51.6314454" lon="4.9109636">
      <ele>2.0</ele>
      <time>2019-08-10T16:10:54Z</time>
    </trkpt>
    <trkpt lat="51.6314873" lon="4.9108364">
      <ele>2.0</ele>
      <time>2019-08-10T16:11:00Z</time>
    </trkpt>
    <trkpt lat="51.6318053" lon="4.9100677">
      <ele>2.8</ele>
      <time>2019-08-10T16:11:15Z</time>
    </trkpt>
    <trkpt lat="51.6318846" lon="4.9098820">
      <ele>3.2</ele>
      <time>2019-08-10T16:11:18Z</time>
    </trkpt>
    <trkpt lat="51.6321473" lon="4.9092739">
      <ele>4.4</ele>
      <time>2019-08-10T16:11:27Z</time>
    </trkpt>
    <trkpt lat="51.6322879" lon="4.9089452">
      <ele>2.4</ele>
      <time>2019-08-10T16:11:32Z</time>
    </trkpt>
    <trkpt lat="51.6323432" lon="4.9088137">
      <ele>1.8</ele>
      <time>2019-08-10T16:11:34Z</time>
    </trkpt>
    <trkpt lat="51.6324023" lon="4.9086788">
      <ele>1.6</ele>
      <time>2019-08-10T16:11:35Z</time>
    </trkpt>
    <trkpt lat="51.6324023" lon="4.9086788">
      <ele>1.6</ele>
      <time>2019-08-10T16:11:36Z</time>
    </trkpt>
    <trkpt lat="51.6324622" lon="4.9085354">
      <ele>1.2</ele>
      <time>2019-08-10T16:11:38Z</time>
    </trkpt>
    <trkpt lat="51.6324937" lon="4.9084659">
      <ele>1.2</ele>
      <time>2019-08-10T16:11:39Z</time>
    </trkpt>
    <trkpt lat="51.6326528" lon="4.9081073">
      <ele>1.4</ele>
      <time>2019-08-10T16:11:44Z</time>
    </trkpt>
    <trkpt lat="51.6327501" lon="4.9078885">
      <ele>1.4</ele>
      <time>2019-08-10T16:11:47Z</time>
    </trkpt>
    <trkpt lat="51.6328141" lon="4.9077414">
      <ele>1.2</ele>
      <time>2019-08-10T16:11:49Z</time>
    </trkpt>
    <trkpt lat="51.6328467" lon="4.9076674">
      <ele>1.2</ele>
      <time>2019-08-10T16:11:50Z</time>
    </trkpt>
    <trkpt lat="51.6330518" lon="4.9072098">
      <ele>1.0</ele>
      <time>2019-08-10T16:11:56Z</time>
    </trkpt>
    <trkpt lat="51.6331203" lon="4.9070549">
      <ele>1.2</ele>
      <time>2019-08-10T16:11:58Z</time>
    </trkpt>
    <trkpt lat="51.6331872" lon="4.9068978">
      <ele>1.2</ele>
      <time>2019-08-10T16:12:00Z</time>
    </trkpt>
    <trkpt lat="51.6332211" lon="4.9068192">
      <ele>1.2</ele>
      <time>2019-08-10T16:12:01Z</time>
    </trkpt>
    <trkpt lat="51.6332893" lon="4.9066605">
      <ele>1.2</ele>
      <time>2019-08-10T16:12:02Z</time>
    </trkpt>
    <trkpt lat="51.6333233" lon="4.9065807">
      <ele>1.2</ele>
      <time>2019-08-10T16:12:04Z</time>
    </trkpt>
    <trkpt lat="51.6333909" lon="4.9064199">
      <ele>1.2</ele>
      <time>2019-08-10T16:12:06Z</time>
    </trkpt>
    <trkpt lat="51.6336368" lon="4.9058441">
      <ele>0.6</ele>
      <time>2019-08-10T16:12:13Z</time>
    </trkpt>
    <trkpt lat="51.6337081" lon="4.9056775">
      <ele>0.6</ele>
      <time>2019-08-10T16:12:15Z</time>
    </trkpt>
    <trkpt lat="51.6338867" lon="4.9052678">
      <ele>0.4</ele>
      <time>2019-08-10T16:12:20Z</time>
    </trkpt>
    <trkpt lat="51.6340879" lon="4.9048016">
      <ele>0.6</ele>
      <time>2019-08-10T16:12:26Z</time>
    </trkpt>
    <trkpt lat="51.6342193" lon="4.9044944">
      <ele>0.4</ele>
      <time>2019-08-10T16:12:30Z</time>
    </trkpt>
    <trkpt lat="51.6342508" lon="4.9044173">
      <ele>0.4</ele>
      <time>2019-08-10T16:12:31Z</time>
    </trkpt>
    <trkpt lat="51.6342833" lon="4.9043420">
      <ele>0.4</ele>
      <time>2019-08-10T16:12:32Z</time>
    </trkpt>
    <trkpt lat="51.6343172" lon="4.9042676">
      <ele>0.4</ele>
      <time>2019-08-10T16:12:33Z</time>
    </trkpt>
    <trkpt lat="51.6343510" lon="4.9041928">
      <ele>0.4</ele>
      <time>2019-08-10T16:12:34Z</time>
    </trkpt>
    <trkpt lat="51.6343847" lon="4.9041176">
      <ele>0.2</ele>
      <time>2019-08-10T16:12:35Z</time>
    </trkpt>
    <trkpt lat="51.6347173" lon="4.9033747">
      <ele>-0.2</ele>
      <time>2019-08-10T16:12:45Z</time>
    </trkpt>
    <trkpt lat="51.6349514" lon="4.9028597">
      <ele>0.0</ele>
      <time>2019-08-10T16:12:52Z</time>
    </trkpt>
    <trkpt lat="51.6350990" lon="4.9025324">
      <ele>-0.2</ele>
      <time>2019-08-10T16:12:57Z</time>
    </trkpt>
    <trkpt lat="51.6352220" lon="4.9022561">
      <ele>0.0</ele>
      <time>2019-08-10T16:13:01Z</time>
    </trkpt>
    <trkpt lat="51.6355443" lon="4.9014776">
      <ele>0.0</ele>
      <time>2019-08-10T16:13:12Z</time>
    </trkpt>
    <trkpt lat="51.6356086" lon="4.9013382">
      <ele>-0.2</ele>
      <time>2019-08-10T16:13:14Z</time>
    </trkpt>
    <trkpt lat="51.6359662" lon="4.9006665">
      <ele>-0.2</ele>
      <time>2019-08-10T16:13:24Z</time>
    </trkpt>
    <trkpt lat="51.6360452" lon="4.9005318">
      <ele>0.0</ele>
      <time>2019-08-10T16:13:26Z</time>
    </trkpt>
    <trkpt lat="51.6362096" lon="4.9002561">
      <ele>0.2</ele>
      <time>2019-08-10T16:13:30Z</time>
    </trkpt>
    <trkpt lat="51.6365779" lon="4.8996164">
      <ele>-0.8</ele>
      <time>2019-08-10T16:13:39Z</time>
    </trkpt>
    <trkpt lat="51.6368395" lon="4.8992069">
      <ele>0.2</ele>
      <time>2019-08-10T16:13:45Z</time>
    </trkpt>
    <trkpt lat="51.6372286" lon="4.8985708">
      <ele>-0.4</ele>
      <time>2019-08-10T16:13:54Z</time>
    </trkpt>
    <trkpt lat="51.6373607" lon="4.8983550">
      <ele>-0.8</ele>
      <time>2019-08-10T16:13:57Z</time>
    </trkpt>
    <trkpt lat="51.6377926" lon="4.8977081">
      <ele>-2.0</ele>
      <time>2019-08-10T16:14:07Z</time>
    </trkpt>
    <trkpt lat="51.6382306" lon="4.8970781">
      <ele>-1.6</ele>
      <time>2019-08-10T16:14:17Z</time>
    </trkpt>
    <trkpt lat="51.6386551" lon="4.8964410">
      <ele>-2.0</ele>
      <time>2019-08-10T16:14:27Z</time>
    </trkpt>
    <trkpt lat="51.6389401" lon="4.8959835">
      <ele>-2.4</ele>
      <time>2019-08-10T16:14:34Z</time>
    </trkpt>
    <trkpt lat="51.6390191" lon="4.8958544">
      <ele>-2.6</ele>
      <time>2019-08-10T16:14:36Z</time>
    </trkpt>
    <trkpt lat="51.6394208" lon="4.8951923">
      <ele>-3.2</ele>
      <time>2019-08-10T16:14:46Z</time>
    </trkpt>
    <trkpt lat="51.6395028" lon="4.8950549">
      <ele>-3.4</ele>
      <time>2019-08-10T16:14:47Z</time>
    </trkpt>
    <trkpt lat="51.6395430" lon="4.8949871">
      <ele>-3.4</ele>
      <time>2019-08-10T16:14:49Z</time>
    </trkpt>
    <trkpt lat="51.6397021" lon="4.8947321">
      <ele>-3.2</ele>
      <time>2019-08-10T16:14:53Z</time>
    </trkpt>
    <trkpt lat="51.6398588" lon="4.8944846">
      <ele>-2.8</ele>
      <time>2019-08-10T16:14:57Z</time>
    </trkpt>
    <trkpt lat="51.6401296" lon="4.8940567">
      <ele>-2.2</ele>
      <time>2019-08-10T16:15:04Z</time>
    </trkpt>
    <trkpt lat="51.6405472" lon="4.8934627">
      <ele>-2.0</ele>
      <time>2019-08-10T16:15:14Z</time>
    </trkpt>
    <trkpt lat="51.6409257" lon="4.8930627">
      <ele>-1.6</ele>
      <time>2019-08-10T16:15:22Z</time>
    </trkpt>
    <trkpt lat="51.6414132" lon="4.8926246">
      <ele>-1.2</ele>
      <time>2019-08-10T16:15:33Z</time>
    </trkpt>
    <trkpt lat="51.6414521" lon="4.8925820">
      <ele>-1.0</ele>
      <time>2019-08-10T16:15:34Z</time>
    </trkpt>
    <trkpt lat="51.6415108" lon="4.8925219">
      <ele>-0.8</ele>
      <time>2019-08-10T16:15:38Z</time>
    </trkpt>
    <trkpt lat="51.6460046" lon="4.8886957">
      <ele>2.2</ele>
      <time>2019-08-10T16:17:47Z</time>
    </trkpt>
    <trkpt lat="51.6465510" lon="4.8885988">
      <ele>3.0</ele>
      <time>2019-08-10T16:17:57Z</time>
    </trkpt>
    <trkpt lat="51.6469781" lon="4.8885641">
      <ele>3.0</ele>
      <time>2019-08-10T16:18:04Z</time>
    </trkpt>
    <trkpt lat="51.6475703" lon="4.8885285">
      <ele>1.8</ele>
      <time>2019-08-10T16:18:14Z</time>
    </trkpt>
    <trkpt lat="51.6481226" lon="4.8886438">
      <ele>1.0</ele>
      <time>2019-08-10T16:18:24Z</time>
    </trkpt>
    <trkpt lat="51.6483005" lon="4.8886443">
      <ele>-1.2</ele>
      <time>2019-08-10T16:18:29Z</time>
    </trkpt>
    <trkpt lat="51.6483080" lon="4.8884946">
      <ele>-2.4</ele>
      <time>2019-08-10T16:18:32Z</time>
    </trkpt>
    <trkpt lat="51.6483243" lon="4.8884538">
      <ele>-2.6</ele>
      <time>2019-08-10T16:18:33Z</time>
    </trkpt>
    <trkpt lat="51.6484700" lon="4.8883937">
      <ele>-1.8</ele>
      <time>2019-08-10T16:18:40Z</time>
    </trkpt>
    <trkpt lat="51.6486967" lon="4.8883724">
      <ele>-1.8</ele>
      <time>2019-08-10T16:18:48Z</time>
    </trkpt>
    <trkpt lat="51.6487329" lon="4.8883870">
      <ele>-2.0</ele>
      <time>2019-08-10T16:18:52Z</time>
    </trkpt>
    <trkpt lat="51.6482525" lon="4.8886123">
      <ele>0.2</ele>
      <time>2019-08-10T16:20:29Z</time>
    </trkpt>
    <trkpt lat="51.6484087" lon="4.8887188">
      <ele>0.4</ele>
      <time>2019-08-10T16:20:34Z</time>
    </trkpt>
    <trkpt lat="51.6489102" lon="4.8885724">
      <ele>-0.2</ele>
      <time>2019-08-10T16:20:44Z</time>
    </trkpt>
    <trkpt lat="51.6494573" lon="4.8884951">
      <ele>-0.2</ele>
      <time>2019-08-10T16:20:54Z</time>
    </trkpt>
    <trkpt lat="51.6497557" lon="4.8882446">
      <ele>0.2</ele>
      <time>2019-08-10T16:21:00Z</time>
    </trkpt>
    <trkpt lat="51.6498010" lon="4.8881837">
      <ele>0.4</ele>
      <time>2019-08-10T16:21:01Z</time>
    </trkpt>
    <trkpt lat="51.6498747" lon="4.8880370">
      <ele>0.4</ele>
      <time>2019-08-10T16:21:03Z</time>
    </trkpt>
    <trkpt lat="51.6499421" lon="4.8877830">
      <ele>0.2</ele>
      <time>2019-08-10T16:21:06Z</time>
    </trkpt>
    <trkpt lat="51.6499548" lon="4.8876072">
      <ele>0.0</ele>
      <time>2019-08-10T16:21:08Z</time>
    </trkpt>
    <trkpt lat="51.6499378" lon="4.8874419">
      <ele>0.0</ele>
      <time>2019-08-10T16:21:10Z</time>
    </trkpt>
    <trkpt lat="51.6498618" lon="4.8869383">
      <ele>-0.2</ele>
      <time>2019-08-10T16:21:17Z</time>
    </trkpt>
    <trkpt lat="51.6498272" lon="4.8865115">
      <ele>0.2</ele>
      <time>2019-08-10T16:21:23Z</time>
    </trkpt>
    <trkpt lat="51.6497972" lon="4.8856125">
      <ele>0.6</ele>
      <time>2019-08-10T16:21:34Z</time>
    </trkpt>
    <trkpt lat="51.6497665" lon="4.8847922">
      <ele>1.8</ele>
      <time>2019-08-10T16:21:44Z</time>
    </trkpt>
    <trkpt lat="51.6497410" lon="4.8839897">
      <ele>2.2</ele>
      <time>2019-08-10T16:21:54Z</time>
    </trkpt>
    <trkpt lat="51.6497108" lon="4.8830925">
      <ele>3.0</ele>
      <time>2019-08-10T16:22:05Z</time>
    </trkpt>
    <trkpt lat="51.6497031" lon="4.8827836">
      <ele>3.0</ele>
      <time>2019-08-10T16:22:09Z</time>
    </trkpt>
    <trkpt lat="51.6496946" lon="4.8826402">
      <ele>3.0</ele>
      <time>2019-08-10T16:22:11Z</time>
    </trkpt>
    <trkpt lat="51.6496891" lon="4.8825003">
      <ele>3.0</ele>
      <time>2019-08-10T16:22:13Z</time>
    </trkpt>
    <trkpt lat="51.6496863" lon="4.8824323">
      <ele>2.8</ele>
      <time>2019-08-10T16:22:14Z</time>
    </trkpt>
    <trkpt lat="51.6496825" lon="4.8823640">
      <ele>2.8</ele>
      <time>2019-08-10T16:22:15Z</time>
    </trkpt>
    <trkpt lat="51.6496805" lon="4.8822947">
      <ele>2.8</ele>
      <time>2019-08-10T16:22:16Z</time>
    </trkpt>
    <trkpt lat="51.6496841" lon="4.8821537">
      <ele>2.8</ele>
      <time>2019-08-10T16:22:18Z</time>
    </trkpt>
    <trkpt lat="51.6496851" lon="4.8820075">
      <ele>2.8</ele>
      <time>2019-08-10T16:22:19Z</time>
    </trkpt>
    <trkpt lat="51.6496787" lon="4.8817897">
      <ele>2.6</ele>
      <time>2019-08-10T16:22:23Z</time>
    </trkpt>
    <trkpt lat="51.6496777" lon="4.8815069">
      <ele>2.4</ele>
      <time>2019-08-10T16:22:27Z</time>
    </trkpt>
    <trkpt lat="51.6496769" lon="4.8810644">
      <ele>2.0</ele>
      <time>2019-08-10T16:22:33Z</time>
    </trkpt>
    <trkpt lat="51.6496790" lon="4.8807154">
      <ele>1.4</ele>
      <time>2019-08-10T16:22:38Z</time>
    </trkpt>
    <trkpt lat="51.6496793" lon="4.8805728">
      <ele>1.4</ele>
      <time>2019-08-10T16:22:39Z</time>
    </trkpt>
    <trkpt lat="51.6496764" lon="4.8805039">
      <ele>1.4</ele>
      <time>2019-08-10T16:22:41Z</time>
    </trkpt>
    <trkpt lat="51.6496775" lon="4.8803552">
      <ele>1.4</ele>
      <time>2019-08-10T16:22:42Z</time>
    </trkpt>
    <trkpt lat="51.6496900" lon="4.8802037">
      <ele>1.0</ele>
      <time>2019-08-10T16:22:45Z</time>
    </trkpt>
    <trkpt lat="51.6497523" lon="4.8800039">
      <ele>0.8</ele>
      <time>2019-08-10T16:22:48Z</time>
    </trkpt>
    <trkpt lat="51.6497840" lon="4.8799484">
      <ele>0.8</ele>
      <time>2019-08-10T16:22:49Z</time>
    </trkpt>
    <trkpt lat="51.6498174" lon="4.8798958">
      <ele>0.8</ele>
      <time>2019-08-10T16:22:50Z</time>
    </trkpt>
    <trkpt lat="51.6498996" lon="4.8798158">
      <ele>0.6</ele>
      <time>2019-08-10T16:22:51Z</time>
    </trkpt>
    <trkpt lat="51.6499447" lon="4.8797963">
      <ele>0.6</ele>
      <time>2019-08-10T16:22:53Z</time>
    </trkpt>
    <trkpt lat="51.6499919" lon="4.8797858">
      <ele>0.6</ele>
      <time>2019-08-10T16:22:54Z</time>
    </trkpt>
    <trkpt lat="51.6500374" lon="4.8797838">
      <ele>0.6</ele>
      <time>2019-08-10T16:22:55Z</time>
    </trkpt>
    <trkpt lat="51.6501363" lon="4.8798121">
      <ele>0.4</ele>
      <time>2019-08-10T16:22:57Z</time>
    </trkpt>
    <trkpt lat="51.6502266" lon="4.8798894">
      <ele>0.4</ele>
      <time>2019-08-10T16:22:59Z</time>
    </trkpt>
    <trkpt lat="51.6503327" lon="4.8799729">
      <ele>1.2</ele>
      <time>2019-08-10T16:23:02Z</time>
    </trkpt>
    <trkpt lat="51.6503578" lon="4.8799662">
      <ele>1.2</ele>
      <time>2019-08-10T16:23:03Z</time>
    </trkpt>
    <trkpt lat="51.6503852" lon="4.8799460">
      <ele>1.4</ele>
      <time>2019-08-10T16:23:06Z</time>
    </trkpt>
    <trkpt lat="51.6503681" lon="4.8800042">
      <ele>2.2</ele>
      <time>2019-08-10T16:23:09Z</time>
    </trkpt>
    <trkpt lat="51.6503575" lon="4.8800335">
      <ele>2.6</ele>
      <time>2019-08-10T16:23:10Z</time>
    </trkpt>
    <trkpt lat="51.6503428" lon="4.8801389">
      <ele>3.4</ele>
      <time>2019-08-10T16:23:17Z</time>
    </trkpt>
    <trkpt lat="51.6503505" lon="4.8801686">
      <ele>5.0</ele>
      <time>2019-08-10T16:23:21Z</time>
    </trkpt>
    <trkpt lat="51.6503540" lon="4.8801930">
      <ele>5.2</ele>
      <time>2019-08-10T16:23:22Z</time>
    </trkpt>
    <trkpt lat="51.6503813" lon="4.8803218">
      <ele>4.8</ele>
      <time>2019-08-10T16:23:26Z</time>
    </trkpt>
    <trkpt lat="51.6504249" lon="4.8804865">
      <ele>2.4</ele>
      <time>2019-08-10T16:23:31Z</time>
    </trkpt>
    <trkpt lat="51.6506565" lon="4.8808992">
      <ele>-2.8</ele>
      <time>2019-08-10T16:23:44Z</time>
    </trkpt>
    <trkpt lat="51.6508111" lon="4.8810277">
      <ele>0.2</ele>
      <time>2019-08-10T16:23:48Z</time>
    </trkpt>
    <trkpt lat="51.6510092" lon="4.8811414">
      <ele>3.8</ele>
      <time>2019-08-10T16:23:52Z</time>
    </trkpt>
    <trkpt lat="51.6512852" lon="4.8812503">
      <ele>7.8</ele>
      <time>2019-08-10T16:23:57Z</time>
    </trkpt>
    <trkpt lat="51.6515878" lon="4.8813622">
      <ele>9.6</ele>
      <time>2019-08-10T16:24:03Z</time>
    </trkpt>
    <trkpt lat="51.6520692" lon="4.8814736">
      <ele>11.4</ele>
      <time>2019-08-10T16:24:12Z</time>
    </trkpt>
    <trkpt lat="51.6521774" lon="4.8815114">
      <ele>10.6</ele>
      <time>2019-08-10T16:24:13Z</time>
    </trkpt>
    <trkpt lat="51.6523804" lon="4.8815385">
      <ele>7.8</ele>
      <time>2019-08-10T16:24:18Z</time>
    </trkpt>
    <trkpt lat="51.6524666" lon="4.8814957">
      <ele>6.2</ele>
      <time>2019-08-10T16:24:20Z</time>
    </trkpt>
    <trkpt lat="51.6525829" lon="4.8813619">
      <ele>5.4</ele>
      <time>2019-08-10T16:24:23Z</time>
    </trkpt>
    <trkpt lat="51.6526880" lon="4.8813027">
      <ele>4.8</ele>
      <time>2019-08-10T16:24:25Z</time>
    </trkpt>
    <trkpt lat="51.6528630" lon="4.8812565">
      <ele>4.6</ele>
      <time>2019-08-10T16:24:28Z</time>
    </trkpt>
    <trkpt lat="51.6534371" lon="4.8811206">
      <ele>2.4</ele>
      <time>2019-08-10T16:24:38Z</time>
    </trkpt>
    <trkpt lat="51.6536431" lon="4.8809830">
      <ele>0.0</ele>
      <time>2019-08-10T16:24:42Z</time>
    </trkpt>
    <trkpt lat="51.6539046" lon="4.8805287">
      <ele>1.0</ele>
      <time>2019-08-10T16:24:50Z</time>
    </trkpt>
    <trkpt lat="51.6541898" lon="4.8797539">
      <ele>-4.4</ele>
      <time>2019-08-10T16:25:02Z</time>
    </trkpt>
    <trkpt lat="51.6544316" lon="4.8789160">
      <ele>-5.6</ele>
      <time>2019-08-10T16:25:14Z</time>
    </trkpt>
    <trkpt lat="51.6546799" lon="4.8780539">
      <ele>-6.2</ele>
      <time>2019-08-10T16:25:25Z</time>
    </trkpt>
    <trkpt lat="51.6549009" lon="4.8772091">
      <ele>-1.4</ele>
      <time>2019-08-10T16:25:35Z</time>
    </trkpt>
    <trkpt lat="51.6549698" lon="4.8769531">
      <ele>-1.4</ele>
      <time>2019-08-10T16:25:38Z</time>
    </trkpt>
    <trkpt lat="51.6549920" lon="4.8768659">
      <ele>-1.2</ele>
      <time>2019-08-10T16:25:39Z</time>
    </trkpt>
    <trkpt lat="51.6550144" lon="4.8767794">
      <ele>-1.0</ele>
      <time>2019-08-10T16:25:40Z</time>
    </trkpt>
    <trkpt lat="51.6552130" lon="4.8759518">
      <ele>-3.0</ele>
      <time>2019-08-10T16:25:50Z</time>
    </trkpt>
    <trkpt lat="51.6553235" lon="4.8750886">
      <ele>-4.8</ele>
      <time>2019-08-10T16:26:00Z</time>
    </trkpt>
    <trkpt lat="51.6553580" lon="4.8748557">
      <ele>-4.0</ele>
      <time>2019-08-10T16:26:03Z</time>
    </trkpt>
    <trkpt lat="51.6554017" lon="4.8745295">
      <ele>-2.6</ele>
      <time>2019-08-10T16:26:07Z</time>
    </trkpt>
    <trkpt lat="51.6554130" lon="4.8744478">
      <ele>-3.4</ele>
      <time>2019-08-10T16:26:08Z</time>
    </trkpt>
    <trkpt lat="51.6555011" lon="4.8738666">
      <ele>-3.0</ele>
      <time>2019-08-10T16:26:15Z</time>
    </trkpt>
    <trkpt lat="51.6555398" lon="4.8736137">
      <ele>-3.2</ele>
      <time>2019-08-10T16:26:18Z</time>
    </trkpt>
    <trkpt lat="51.6556576" lon="4.8727709">
      <ele>-3.2</ele>
      <time>2019-08-10T16:26:28Z</time>
    </trkpt>
    <trkpt lat="51.6557086" lon="4.8724211">
      <ele>-3.2</ele>
      <time>2019-08-10T16:26:32Z</time>
    </trkpt>
    <trkpt lat="51.6558385" lon="4.8716497">
      <ele>-5.0</ele>
      <time>2019-08-10T16:26:42Z</time>
    </trkpt>
    <trkpt lat="51.6560604" lon="4.8697604">
      <ele>0.2</ele>
      <time>2019-08-10T16:28:02Z</time>
    </trkpt>
    <trkpt lat="51.6560707" lon="4.8696904">
      <ele>0.0</ele>
      <time>2019-08-10T16:28:03Z</time>
    </trkpt>
    <trkpt lat="51.6561670" lon="4.8689637">
      <ele>1.2</ele>
      <time>2019-08-10T16:28:13Z</time>
    </trkpt>
    <trkpt lat="51.6562002" lon="4.8687535">
      <ele>1.8</ele>
      <time>2019-08-10T16:28:16Z</time>
    </trkpt>
    <trkpt lat="51.6562801" lon="4.8682404">
      <ele>1.0</ele>
      <time>2019-08-10T16:28:23Z</time>
    </trkpt>
    <trkpt lat="51.6563980" lon="4.8673190">
      <ele>-2.0</ele>
      <time>2019-08-10T16:28:35Z</time>
    </trkpt>
    <trkpt lat="51.6565074" lon="4.8665274">
      <ele>-3.8</ele>
      <time>2019-08-10T16:28:45Z</time>
    </trkpt>
    <trkpt lat="51.6566056" lon="4.8659332">
      <ele>-4.0</ele>
      <time>2019-08-10T16:28:53Z</time>
    </trkpt>
    <trkpt lat="51.6566657" lon="4.8653601">
      <ele>-4.4</ele>
      <time>2019-08-10T16:29:00Z</time>
    </trkpt>
    <trkpt lat="51.6566933" lon="4.8650128">
      <ele>-5.0</ele>
      <time>2019-08-10T16:29:04Z</time>
    </trkpt>
    <trkpt lat="51.6567406" lon="4.8641396">
      <ele>-3.6</ele>
      <time>2019-08-10T16:29:14Z</time>
    </trkpt>
    <trkpt lat="51.6567829" lon="4.8632384">
      <ele>-2.2</ele>
      <time>2019-08-10T16:29:24Z</time>
    </trkpt>
    <trkpt lat="51.6568269" lon="4.8625252">
      <ele>-1.4</ele>
      <time>2019-08-10T16:29:39Z</time>
    </trkpt>
    <trkpt lat="51.6568639" lon="4.8617435">
      <ele>-3.0</ele>
      <time>2019-08-10T16:30:18Z</time>
    </trkpt>
    <trkpt lat="51.6568691" lon="4.8616690">
      <ele>-3.0</ele>
      <time>2019-08-10T16:30:19Z</time>
    </trkpt>
    <trkpt lat="51.6569120" lon="4.8608775">
      <ele>-2.6</ele>
      <time>2019-08-10T16:30:29Z</time>
    </trkpt>
    <trkpt lat="51.6569285" lon="4.8607208">
      <ele>-2.6</ele>
      <time>2019-08-10T16:30:31Z</time>
    </trkpt>
    <trkpt lat="51.6569388" lon="4.8606445">
      <ele>-2.6</ele>
      <time>2019-08-10T16:30:32Z</time>
    </trkpt>
    <trkpt lat="51.6569616" lon="4.8605045">
      <ele>-2.6</ele>
      <time>2019-08-10T16:30:34Z</time>
    </trkpt>
    <trkpt lat="51.6569942" lon="4.8603118">
      <ele>-2.8</ele>
      <time>2019-08-10T16:30:37Z</time>
    </trkpt>
    <trkpt lat="51.6570110" lon="4.8601785">
      <ele>-3.0</ele>
      <time>2019-08-10T16:30:39Z</time>
    </trkpt>
    <trkpt lat="51.6570187" lon="4.8601086">
      <ele>-3.2</ele>
      <time>2019-08-10T16:30:40Z</time>
    </trkpt>
    <trkpt lat="51.6570269" lon="4.8600371">
      <ele>-3.2</ele>
      <time>2019-08-10T16:30:41Z</time>
    </trkpt>
    <trkpt lat="51.6570329" lon="4.8599637">
      <ele>-3.2</ele>
      <time>2019-08-10T16:30:42Z</time>
    </trkpt>
    <trkpt lat="51.6571001" lon="4.8590225">
      <ele>-5.6</ele>
      <time>2019-08-10T16:30:53Z</time>
    </trkpt>
    <trkpt lat="51.6571113" lon="4.8588334">
      <ele>-5.6</ele>
      <time>2019-08-10T16:30:55Z</time>
    </trkpt>
    <trkpt lat="51.6571340" lon="4.8583713">
      <ele>-6.2</ele>
      <time>2019-08-10T16:31:00Z</time>
    </trkpt>
    <trkpt lat="51.6571469" lon="4.8581902">
      <ele>-6.8</ele>
      <time>2019-08-10T16:31:02Z</time>
    </trkpt>
    <trkpt lat="51.6571531" lon="4.8580961">
      <ele>-7.2</ele>
      <time>2019-08-10T16:31:03Z</time>
    </trkpt>
    <trkpt lat="51.6571916" lon="4.8577578">
      <ele>-7.6</ele>
      <time>2019-08-10T16:31:07Z</time>
    </trkpt>
    <trkpt lat="51.6572068" lon="4.8575862">
      <ele>-9.0</ele>
      <time>2019-08-10T16:31:09Z</time>
    </trkpt>
    <trkpt lat="51.6572157" lon="4.8574145">
      <ele>-9.4</ele>
      <time>2019-08-10T16:31:10Z</time>
    </trkpt>
    <trkpt lat="51.6572256" lon="4.8572344">
      <ele>-8.6</ele>
      <time>2019-08-10T16:31:13Z</time>
    </trkpt>
    <trkpt lat="51.6572414" lon="4.8569678">
      <ele>-8.6</ele>
      <time>2019-08-10T16:31:16Z</time>
    </trkpt>
    <trkpt lat="51.6572680" lon="4.8565131">
      <ele>-8.8</ele>
      <time>2019-08-10T16:31:21Z</time>
    </trkpt>
    <trkpt lat="51.6572713" lon="4.8563227">
      <ele>-7.2</ele>
      <time>2019-08-10T16:31:23Z</time>
    </trkpt>
    <trkpt lat="51.6572804" lon="4.8560509">
      <ele>-5.8</ele>
      <time>2019-08-10T16:31:26Z</time>
    </trkpt>
    <trkpt lat="51.6572866" lon="4.8557976">
      <ele>-4.8</ele>
      <time>2019-08-10T16:31:29Z</time>
    </trkpt>
    <trkpt lat="51.6573035" lon="4.8554639">
      <ele>-4.6</ele>
      <time>2019-08-10T16:31:33Z</time>
    </trkpt>
    <trkpt lat="51.6573394" lon="4.8550448">
      <ele>-3.6</ele>
      <time>2019-08-10T16:31:38Z</time>
    </trkpt>
    <trkpt lat="51.6574242" lon="4.8547588">
      <ele>-0.8</ele>
      <time>2019-08-10T16:31:42Z</time>
    </trkpt>
    <trkpt lat="51.6575303" lon="4.8541095">
      <ele>0.4</ele>
      <time>2019-08-10T16:31:52Z</time>
    </trkpt>
    <trkpt lat="51.6574614" lon="4.8539544">
      <ele>1.6</ele>
      <time>2019-08-10T16:31:55Z</time>
    </trkpt>
    <trkpt lat="51.6570361" lon="4.8538149">
      <ele>0.0</ele>
      <time>2019-08-10T16:32:07Z</time>
    </trkpt>
    <trkpt lat="51.6564786" lon="4.8536250">
      <ele>-3.2</ele>
      <time>2019-08-10T16:32:22Z</time>
    </trkpt>
    <trkpt lat="51.6561379" lon="4.8534845">
      <ele>-5.4</ele>
      <time>2019-08-10T16:32:30Z</time>
    </trkpt>
    <trkpt lat="51.6557837" lon="4.8533197">
      <ele>-5.2</ele>
      <time>2019-08-10T16:32:38Z</time>
    </trkpt>
    <trkpt lat="51.6554268" lon="4.8531344">
      <ele>-4.0</ele>
      <time>2019-08-10T16:32:47Z</time>
    </trkpt>
    <trkpt lat="51.6553543" lon="4.8531490">
      <ele>-2.0</ele>
      <time>2019-08-10T16:32:52Z</time>
    </trkpt>
    <trkpt lat="51.6553889" lon="4.8531203">
      <ele>-1.2</ele>
      <time>2019-08-10T16:32:55Z</time>
    </trkpt>
    <trkpt lat="51.6554620" lon="4.8524067">
      <ele>0.6</ele>
      <time>2019-08-10T16:33:07Z</time>
    </trkpt>
    <trkpt lat="51.6554458" lon="4.8514732">
      <ele>0.8</ele>
      <time>2019-08-10T16:33:19Z</time>
    </trkpt>
    <trkpt lat="51.6554449" lon="4.8513137">
      <ele>0.6</ele>
      <time>2019-08-10T16:33:20Z</time>
    </trkpt>
    <trkpt lat="51.6554459" lon="4.8512327">
      <ele>0.4</ele>
      <time>2019-08-10T16:33:22Z</time>
    </trkpt>
    <trkpt lat="51.6554506" lon="4.8509869">
      <ele>0.4</ele>
      <time>2019-08-10T16:33:25Z</time>
    </trkpt>
    <trkpt lat="51.6554534" lon="4.8509051">
      <ele>0.2</ele>
      <time>2019-08-10T16:33:26Z</time>
    </trkpt>
    <trkpt lat="51.6554746" lon="4.8503966">
      <ele>0.6</ele>
      <time>2019-08-10T16:33:32Z</time>
    </trkpt>
    <trkpt lat="51.6555038" lon="4.8499568">
      <ele>1.4</ele>
      <time>2019-08-10T16:33:37Z</time>
    </trkpt>
    <trkpt lat="51.6555179" lon="4.8497871">
      <ele>1.4</ele>
      <time>2019-08-10T16:33:38Z</time>
    </trkpt>
    <trkpt lat="51.6555179" lon="4.8497871">
      <ele>1.4</ele>
      <time>2019-08-10T16:33:39Z</time>
    </trkpt>
    <trkpt lat="51.6556114" lon="4.8489249">
      <ele>2.8</ele>
      <time>2019-08-10T16:33:49Z</time>
    </trkpt>
    <trkpt lat="51.6556459" lon="4.8486645">
      <ele>3.0</ele>
      <time>2019-08-10T16:33:52Z</time>
    </trkpt>
    <trkpt lat="51.6556961" lon="4.8482347">
      <ele>3.2</ele>
      <time>2019-08-10T16:33:57Z</time>
    </trkpt>
    <trkpt lat="51.6557491" lon="4.8478104">
      <ele>3.4</ele>
      <time>2019-08-10T16:34:02Z</time>
    </trkpt>
    <trkpt lat="51.6558027" lon="4.8473536">
      <ele>3.8</ele>
      <time>2019-08-10T16:34:08Z</time>
    </trkpt>
    <trkpt lat="51.6558511" lon="4.8469585">
      <ele>3.4</ele>
      <time>2019-08-10T16:34:13Z</time>
    </trkpt>
    <trkpt lat="51.6560075" lon="4.8461469">
      <ele>2.8</ele>
      <time>2019-08-10T16:34:23Z</time>
    </trkpt>
    <trkpt lat="51.6560918" lon="4.8452885">
      <ele>2.0</ele>
      <time>2019-08-10T16:34:33Z</time>
    </trkpt>
    <trkpt lat="51.6561601" lon="4.8443984">
      <ele>1.2</ele>
      <time>2019-08-10T16:34:43Z</time>
    </trkpt>
    <trkpt lat="51.6562013" lon="4.8435806">
      <ele>0.2</ele>
      <time>2019-08-10T16:34:52Z</time>
    </trkpt>
    <trkpt lat="51.6561977" lon="4.8434925">
      <ele>0.2</ele>
      <time>2019-08-10T16:34:53Z</time>
    </trkpt>
    <trkpt lat="51.6561863" lon="4.8433307">
      <ele>0.4</ele>
      <time>2019-08-10T16:34:54Z</time>
    </trkpt>
    <trkpt lat="51.6561935" lon="4.8432589">
      <ele>0.4</ele>
      <time>2019-08-10T16:34:56Z</time>
    </trkpt>
    <trkpt lat="51.6562598" lon="4.8431791">
      <ele>0.2</ele>
      <time>2019-08-10T16:34:58Z</time>
    </trkpt>
    <trkpt lat="51.6568100" lon="4.8431729">
      <ele>1.6</ele>
      <time>2019-08-10T16:35:09Z</time>
    </trkpt>
    <trkpt lat="51.6571800" lon="4.8431895">
      <ele>2.4</ele>
      <time>2019-08-10T16:35:15Z</time>
    </trkpt>
    <trkpt lat="51.6577526" lon="4.8431519">
      <ele>-1.2</ele>
      <time>2019-08-10T16:35:24Z</time>
    </trkpt>
    <trkpt lat="51.6579050" lon="4.8431376">
      <ele>-0.4</ele>
      <time>2019-08-10T16:35:27Z</time>
    </trkpt>
    <trkpt lat="51.6580623" lon="4.8431160">
      <ele>-1.2</ele>
      <time>2019-08-10T16:35:32Z</time>
    </trkpt>
    <trkpt lat="51.6581463" lon="4.8428809">
      <ele>0.6</ele>
      <time>2019-08-10T16:35:37Z</time>
    </trkpt>
    <trkpt lat="51.6581453" lon="4.8426570">
      <ele>0.8</ele>
      <time>2019-08-10T16:35:40Z</time>
    </trkpt>
    <trkpt lat="51.6581617" lon="4.8417447">
      <ele>-2.4</ele>
      <time>2019-08-10T16:35:52Z</time>
    </trkpt>
    <trkpt lat="51.6581498" lon="4.8411424">
      <ele>-3.4</ele>
      <time>2019-08-10T16:36:00Z</time>
    </trkpt>
    <trkpt lat="51.6581335" lon="4.8408100">
      <ele>-2.2</ele>
      <time>2019-08-10T16:36:04Z</time>
    </trkpt>
    <trkpt lat="51.6581098" lon="4.8398836">
      <ele>-1.2</ele>
      <time>2019-08-10T16:36:15Z</time>
    </trkpt>
    <trkpt lat="51.6580968" lon="4.8390330">
      <ele>-1.2</ele>
      <time>2019-08-10T16:36:25Z</time>
    </trkpt>
    <trkpt lat="51.6580888" lon="4.8385970">
      <ele>-1.4</ele>
      <time>2019-08-10T16:36:30Z</time>
    </trkpt>
    <trkpt lat="51.6580867" lon="4.8385117">
      <ele>-1.4</ele>
      <time>2019-08-10T16:36:31Z</time>
    </trkpt>
    <trkpt lat="51.6580854" lon="4.8384261">
      <ele>-1.4</ele>
      <time>2019-08-10T16:36:32Z</time>
    </trkpt>
    <trkpt lat="51.6580722" lon="4.8374891">
      <ele>-2.6</ele>
      <time>2019-08-10T16:36:43Z</time>
    </trkpt>
    <trkpt lat="51.6580693" lon="4.8372474">
      <ele>-3.0</ele>
      <time>2019-08-10T16:36:46Z</time>
    </trkpt>
    <trkpt lat="51.6580681" lon="4.8370961">
      <ele>-3.4</ele>
      <time>2019-08-10T16:36:48Z</time>
    </trkpt>
    <trkpt lat="51.6580745" lon="4.8368785">
      <ele>-3.8</ele>
      <time>2019-08-10T16:36:51Z</time>
    </trkpt>
    <trkpt lat="51.6580836" lon="4.8367324">
      <ele>-4.4</ele>
      <time>2019-08-10T16:36:52Z</time>
    </trkpt>
    <trkpt lat="51.6580791" lon="4.8365030">
      <ele>-4.2</ele>
      <time>2019-08-10T16:36:56Z</time>
    </trkpt>
    <trkpt lat="51.6580759" lon="4.8363529">
      <ele>-4.0</ele>
      <time>2019-08-10T16:36:58Z</time>
    </trkpt>
    <trkpt lat="51.6580723" lon="4.8359890">
      <ele>-3.8</ele>
      <time>2019-08-10T16:37:03Z</time>
    </trkpt>
    <trkpt lat="51.6580697" lon="4.8356874">
      <ele>-3.6</ele>
      <time>2019-08-10T16:37:07Z</time>
    </trkpt>
    <trkpt lat="51.6580691" lon="4.8356114">
      <ele>-3.8</ele>
      <time>2019-08-10T16:37:08Z</time>
    </trkpt>
    <trkpt lat="51.6580678" lon="4.8355349">
      <ele>-3.8</ele>
      <time>2019-08-10T16:37:09Z</time>
    </trkpt>
    <trkpt lat="51.6580672" lon="4.8354590">
      <ele>-3.8</ele>
      <time>2019-08-10T16:37:10Z</time>
    </trkpt>
    <trkpt lat="51.6580605" lon="4.8350313">
      <ele>-3.6</ele>
      <time>2019-08-10T16:37:16Z</time>
    </trkpt>
    <trkpt lat="51.6580573" lon="4.8348946">
      <ele>-3.6</ele>
      <time>2019-08-10T16:37:18Z</time>
    </trkpt>
    <trkpt lat="51.6580547" lon="4.8346874">
      <ele>-3.4</ele>
      <time>2019-08-10T16:37:21Z</time>
    </trkpt>
    <trkpt lat="51.6580523" lon="4.8346185">
      <ele>-3.6</ele>
      <time>2019-08-10T16:37:22Z</time>
    </trkpt>
    <trkpt lat="51.6580518" lon="4.8345508">
      <ele>-3.8</ele>
      <time>2019-08-10T16:37:23Z</time>
    </trkpt>
    <trkpt lat="51.6580512" lon="4.8344215">
      <ele>-3.8</ele>
      <time>2019-08-10T16:37:25Z</time>
    </trkpt>
    <trkpt lat="51.6580524" lon="4.8342984">
      <ele>-4.0</ele>
      <time>2019-08-10T16:37:27Z</time>
    </trkpt>
    <trkpt lat="51.6580500" lon="4.8341147">
      <ele>-4.0</ele>
      <time>2019-08-10T16:37:30Z</time>
    </trkpt>
    <trkpt lat="51.6580499" lon="4.8340503">
      <ele>-4.2</ele>
      <time>2019-08-10T16:37:31Z</time>
    </trkpt>
    <trkpt lat="51.6580398" lon="4.8335167">
      <ele>-3.6</ele>
      <time>2019-08-10T16:37:39Z</time>
    </trkpt>
    <trkpt lat="51.6580245" lon="4.8326434">
      <ele>-2.8</ele>
      <time>2019-08-10T16:37:53Z</time>
    </trkpt>
    <trkpt lat="51.6581042" lon="4.8317570">
      <ele>-1.8</ele>
      <time>2019-08-10T16:38:09Z</time>
    </trkpt>
    <trkpt lat="51.6581567" lon="4.8313677">
      <ele>-1.4</ele>
      <time>2019-08-10T16:38:17Z</time>
    </trkpt>
    <trkpt lat="51.6581674" lon="4.8312856">
      <ele>-1.4</ele>
      <time>2019-08-10T16:38:19Z</time>
    </trkpt>
    <trkpt lat="51.6586149" lon="4.8313058">
      <ele>-0.2</ele>
      <time>2019-08-10T16:38:31Z</time>
    </trkpt>
    <trkpt lat="51.6587043" lon="4.8312908">
      <ele>-0.4</ele>
      <time>2019-08-10T16:38:32Z</time>
    </trkpt>
    <trkpt lat="51.6592655" lon="4.8312049">
      <ele>-0.4</ele>
      <time>2019-08-10T16:38:45Z</time>
    </trkpt>
    <trkpt lat="51.6596307" lon="4.8311329">
      <ele>3.2</ele>
      <time>2019-08-10T16:38:52Z</time>
    </trkpt>
    <trkpt lat="51.6601977" lon="4.8310067">
      <ele>7.8</ele>
      <time>2019-08-10T16:39:03Z</time>
    </trkpt>
    <trkpt lat="51.6605861" lon="4.8309408">
      <ele>8.4</ele>
      <time>2019-08-10T16:39:10Z</time>
    </trkpt>
    <trkpt lat="51.6607048" lon="4.8309328">
      <ele>7.0</ele>
      <time>2019-08-10T16:39:11Z</time>
    </trkpt>
    <trkpt lat="51.6608099" lon="4.8309200">
      <ele>6.8</ele>
      <time>2019-08-10T16:39:14Z</time>
    </trkpt>
    <trkpt lat="51.6609176" lon="4.8309032">
      <ele>5.6</ele>
      <time>2019-08-10T16:39:16Z</time>
    </trkpt>
    <trkpt lat="51.6610282" lon="4.8308878">
      <ele>3.2</ele>
      <time>2019-08-10T16:39:18Z</time>
    </trkpt>
    <trkpt lat="51.6612968" lon="4.8308376">
      <ele>0.8</ele>
      <time>2019-08-10T16:39:23Z</time>
    </trkpt>
    <trkpt lat="51.6618641" lon="4.8307458">
      <ele>-1.6</ele>
      <time>2019-08-10T16:39:33Z</time>
    </trkpt>
    <trkpt lat="51.6624178" lon="4.8306317">
      <ele>-4.0</ele>
      <time>2019-08-10T16:39:43Z</time>
    </trkpt>
    <trkpt lat="51.6628138" lon="4.8305636">
      <ele>-5.2</ele>
      <time>2019-08-10T16:39:50Z</time>
    </trkpt>
    <trkpt lat="51.6630329" lon="4.8305237">
      <ele>-5.6</ele>
      <time>2019-08-10T16:39:54Z</time>
    </trkpt>
    <trkpt lat="51.6630881" lon="4.8305135">
      <ele>-5.4</ele>
      <time>2019-08-10T16:39:55Z</time>
    </trkpt>
    <trkpt lat="51.6631948" lon="4.8304894">
      <ele>-5.6</ele>
      <time>2019-08-10T16:39:57Z</time>
    </trkpt>
    <trkpt lat="51.6637361" lon="4.8304061">
      <ele>-5.0</ele>
      <time>2019-08-10T16:40:07Z</time>
    </trkpt>
    <trkpt lat="51.6641708" lon="4.8302980">
      <ele>-5.0</ele>
      <time>2019-08-10T16:40:15Z</time>
    </trkpt>
    <trkpt lat="51.6642695" lon="4.8302000">
      <ele>-3.8</ele>
      <time>2019-08-10T16:40:17Z</time>
    </trkpt>
    <trkpt lat="51.6643426" lon="4.8300748">
      <ele>-3.8</ele>
      <time>2019-08-10T16:40:19Z</time>
    </trkpt>
    <trkpt lat="51.6644479" lon="4.8298694">
      <ele>-3.6</ele>
      <time>2019-08-10T16:40:22Z</time>
    </trkpt>
    <trkpt lat="51.6645159" lon="4.8296301">
      <ele>-3.2</ele>
      <time>2019-08-10T16:40:25Z</time>
    </trkpt>
    <trkpt lat="51.6646609" lon="4.8295446">
      <ele>-2.8</ele>
      <time>2019-08-10T16:40:28Z</time>
    </trkpt>
    <trkpt lat="51.6652544" lon="4.8294986">
      <ele>-0.4</ele>
      <time>2019-08-10T16:40:37Z</time>
    </trkpt>
    <trkpt lat="51.6658106" lon="4.8294583">
      <ele>-0.8</ele>
      <time>2019-08-10T16:40:45Z</time>
    </trkpt>
    <trkpt lat="51.6662899" lon="4.8294363">
      <ele>-1.8</ele>
      <time>2019-08-10T16:40:53Z</time>
    </trkpt>
    <trkpt lat="51.6667515" lon="4.8293990">
      <ele>-1.8</ele>
      <time>2019-08-10T16:41:01Z</time>
    </trkpt>
    <trkpt lat="51.6673097" lon="4.8293571">
      <ele>-3.0</ele>
      <time>2019-08-10T16:41:10Z</time>
    </trkpt>
    <trkpt lat="51.6678707" lon="4.8291776">
      <ele>-2.2</ele>
      <time>2019-08-10T16:41:20Z</time>
    </trkpt>
    <trkpt lat="51.6683988" lon="4.8289204">
      <ele>-2.8</ele>
      <time>2019-08-10T16:41:29Z</time>
    </trkpt>
    <trkpt lat="51.6689317" lon="4.8285685">
      <ele>-3.4</ele>
      <time>2019-08-10T16:41:39Z</time>
    </trkpt>
    <trkpt lat="51.6694260" lon="4.8281304">
      <ele>-2.6</ele>
      <time>2019-08-10T16:41:49Z</time>
    </trkpt>
    <trkpt lat="51.6698978" lon="4.8276313">
      <ele>-2.2</ele>
      <time>2019-08-10T16:42:00Z</time>
    </trkpt>
    <trkpt lat="51.6703107" lon="4.8270649">
      <ele>-1.6</ele>
      <time>2019-08-10T16:42:10Z</time>
    </trkpt>
    <trkpt lat="51.6704217" lon="4.8269035">
      <ele>-1.4</ele>
      <time>2019-08-10T16:42:13Z</time>
    </trkpt>
    <trkpt lat="51.6705702" lon="4.8266659">
      <ele>-2.0</ele>
      <time>2019-08-10T16:42:17Z</time>
    </trkpt>
    <trkpt lat="51.6706074" lon="4.8266088">
      <ele>-2.2</ele>
      <time>2019-08-10T16:42:18Z</time>
    </trkpt>
    <trkpt lat="51.6709091" lon="4.8260792">
      <ele>-3.2</ele>
      <time>2019-08-10T16:42:27Z</time>
    </trkpt>
    <trkpt lat="51.6709374" lon="4.8260220">
      <ele>-3.2</ele>
      <time>2019-08-10T16:42:28Z</time>
    </trkpt>
    <trkpt lat="51.6711331" lon="4.8256507">
      <ele>-3.2</ele>
      <time>2019-08-10T16:42:34Z</time>
    </trkpt>
    <trkpt lat="51.6712159" lon="4.8255469">
      <ele>-2.8</ele>
      <time>2019-08-10T16:42:36Z</time>
    </trkpt>
    <trkpt lat="51.6712638" lon="4.8255075">
      <ele>-2.8</ele>
      <time>2019-08-10T16:42:37Z</time>
    </trkpt>
    <trkpt lat="51.6718263" lon="4.8252793">
      <ele>-3.4</ele>
      <time>2019-08-10T16:42:47Z</time>
    </trkpt>
    <trkpt lat="51.6719822" lon="4.8252142">
      <ele>-3.0</ele>
      <time>2019-08-10T16:42:50Z</time>
    </trkpt>
    <trkpt lat="51.6721321" lon="4.8251622">
      <ele>-2.8</ele>
      <time>2019-08-10T16:42:53Z</time>
    </trkpt>
    <trkpt lat="51.6723940" lon="4.8250548">
      <ele>-2.8</ele>
      <time>2019-08-10T16:42:58Z</time>
    </trkpt>
    <trkpt lat="51.6727630" lon="4.8248955">
      <ele>-2.0</ele>
      <time>2019-08-10T16:43:05Z</time>
    </trkpt>
    <trkpt lat="51.6728899" lon="4.8247349">
      <ele>-1.8</ele>
      <time>2019-08-10T16:43:09Z</time>
    </trkpt>
    <trkpt lat="51.6730759" lon="4.8246462">
      <ele>-1.2</ele>
      <time>2019-08-10T16:43:19Z</time>
    </trkpt>
    <trkpt lat="51.6730751" lon="4.8246450">
      <ele>-0.6</ele>
      <time>2019-08-10T16:43:20Z</time>
    </trkpt>
    <trkpt lat="51.6730771" lon="4.8246453">
      <ele>-0.6</ele>
      <time>2019-08-10T16:43:21Z</time>
    </trkpt>
    <trkpt lat="51.6735440" lon="4.8238725">
      <ele>2.6</ele>
      <time>2019-08-10T17:21:05Z</time>
    </trkpt>
    <trkpt lat="51.6735309" lon="4.8238248">
      <ele>2.6</ele>
      <time>2019-08-10T17:21:06Z</time>
    </trkpt>
    <trkpt lat="51.6734580" lon="4.8237319">
      <ele>2.4</ele>
      <time>2019-08-10T17:21:09Z</time>
    </trkpt>
    <trkpt lat="51.6729332" lon="4.8238418">
      <ele>1.6</ele>
      <time>2019-08-10T17:21:27Z</time>
    </trkpt>
    <trkpt lat="51.6728154" lon="4.8231345">
      <ele>1.4</ele>
      <time>2019-08-10T17:21:40Z</time>
    </trkpt>
    <trkpt lat="51.6727843" lon="4.8229577">
      <ele>1.6</ele>
      <time>2019-08-10T17:21:43Z</time>
    </trkpt>
    <trkpt lat="51.6727828" lon="4.8228945">
      <ele>1.8</ele>
      <time>2019-08-10T17:21:44Z</time>
    </trkpt>
    <trkpt lat="51.6727908" lon="4.8228337">
      <ele>2.0</ele>
      <time>2019-08-10T17:21:45Z</time>
    </trkpt>
    <trkpt lat="51.6728282" lon="4.8227342">
      <ele>2.4</ele>
      <time>2019-08-10T17:21:47Z</time>
    </trkpt>
    <trkpt lat="51.6728547" lon="4.8226927">
      <ele>2.4</ele>
      <time>2019-08-10T17:21:48Z</time>
    </trkpt>
    <trkpt lat="51.6728798" lon="4.8226549">
      <ele>2.4</ele>
      <time>2019-08-10T17:21:49Z</time>
    </trkpt>
    <trkpt lat="51.6729097" lon="4.8226325">
      <ele>2.6</ele>
      <time>2019-08-10T17:21:50Z</time>
    </trkpt>
    <trkpt lat="51.6729465" lon="4.8226265">
      <ele>2.8</ele>
      <time>2019-08-10T17:21:51Z</time>
    </trkpt>
    <trkpt lat="51.6730330" lon="4.8226291">
      <ele>2.6</ele>
      <time>2019-08-10T17:21:53Z</time>
    </trkpt>
    <trkpt lat="51.6731794" lon="4.8226327">
      <ele>2.6</ele>
      <time>2019-08-10T17:21:56Z</time>
    </trkpt>
    <trkpt lat="51.6732301" lon="4.8226365">
      <ele>2.4</ele>
      <time>2019-08-10T17:21:57Z</time>
    </trkpt>
    <trkpt lat="51.6732796" lon="4.8226401">
      <ele>2.4</ele>
      <time>2019-08-10T17:21:58Z</time>
    </trkpt>
    <trkpt lat="51.6733288" lon="4.8226407">
      <ele>2.2</ele>
      <time>2019-08-10T17:21:59Z</time>
    </trkpt>
    <trkpt lat="51.6735167" lon="4.8226330">
      <ele>2.0</ele>
      <time>2019-08-10T17:22:03Z</time>
    </trkpt>
    <trkpt lat="51.6739363" lon="4.8224540">
      <ele>-0.4</ele>
      <time>2019-08-10T17:22:12Z</time>
    </trkpt>
    <trkpt lat="51.6739803" lon="4.8224230">
      <ele>-0.4</ele>
      <time>2019-08-10T17:22:13Z</time>
    </trkpt>
    <trkpt lat="51.6740673" lon="4.8223578">
      <ele>-0.4</ele>
      <time>2019-08-10T17:22:15Z</time>
    </trkpt>
    <trkpt lat="51.6742474" lon="4.8222221">
      <ele>-1.0</ele>
      <time>2019-08-10T17:22:19Z</time>
    </trkpt>
    <trkpt lat="51.6745590" lon="4.8219925">
      <ele>-2.0</ele>
      <time>2019-08-10T17:22:26Z</time>
    </trkpt>
    <trkpt lat="51.6747280" lon="4.8218899">
      <ele>-1.4</ele>
      <time>2019-08-10T17:22:29Z</time>
    </trkpt>
    <trkpt lat="51.6747835" lon="4.8218558">
      <ele>-1.2</ele>
      <time>2019-08-10T17:22:30Z</time>
    </trkpt>
    <trkpt lat="51.6748399" lon="4.8218226">
      <ele>-1.2</ele>
      <time>2019-08-10T17:22:31Z</time>
    </trkpt>
    <trkpt lat="51.6749019" lon="4.8217951">
      <ele>-1.4</ele>
      <time>2019-08-10T17:22:32Z</time>
    </trkpt>
    <trkpt lat="51.6750319" lon="4.8217538">
      <ele>-2.0</ele>
      <time>2019-08-10T17:22:34Z</time>
    </trkpt>
    <trkpt lat="51.6753776" lon="4.8215971">
      <ele>-2.6</ele>
      <time>2019-08-10T17:22:39Z</time>
    </trkpt>
    <trkpt lat="51.6756561" lon="4.8213991">
      <ele>-3.2</ele>
      <time>2019-08-10T17:22:43Z</time>
    </trkpt>
    <trkpt lat="51.6757269" lon="4.8213546">
      <ele>-3.4</ele>
      <time>2019-08-10T17:22:44Z</time>
    </trkpt>
    <trkpt lat="51.6762963" lon="4.8209949">
      <ele>-4.6</ele>
      <time>2019-08-10T17:22:52Z</time>
    </trkpt>
    <trkpt lat="51.6767237" lon="4.8207291">
      <ele>-4.4</ele>
      <time>2019-08-10T17:22:58Z</time>
    </trkpt>
    <trkpt lat="51.6772707" lon="4.8203822">
      <ele>-4.6</ele>
      <time>2019-08-10T17:23:06Z</time>
    </trkpt>
    <trkpt lat="51.6778265" lon="4.8200247">
      <ele>-4.8</ele>
      <time>2019-08-10T17:23:15Z</time>
    </trkpt>
    <trkpt lat="51.6783437" lon="4.8196828">
      <ele>-3.4</ele>
      <time>2019-08-10T17:23:25Z</time>
    </trkpt>
    <trkpt lat="51.6788641" lon="4.8193351">
      <ele>-2.4</ele>
      <time>2019-08-10T17:23:36Z</time>
    </trkpt>
    <trkpt lat="51.6793649" lon="4.8189893">
      <ele>-2.8</ele>
      <time>2019-08-10T17:23:46Z</time>
    </trkpt>
    <trkpt lat="51.6799182" lon="4.8186497">
      <ele>-3.2</ele>
      <time>2019-08-10T17:23:56Z</time>
    </trkpt>
    <trkpt lat="51.6804311" lon="4.8183199">
      <ele>-3.6</ele>
      <time>2019-08-10T17:24:05Z</time>
    </trkpt>
    <trkpt lat="51.6805420" lon="4.8182790">
      <ele>-3.6</ele>
      <time>2019-08-10T17:24:07Z</time>
    </trkpt>
    <trkpt lat="51.6806468" lon="4.8183292">
      <ele>-3.8</ele>
      <time>2019-08-10T17:24:09Z</time>
    </trkpt>
    <trkpt lat="51.6807384" lon="4.8183487">
      <ele>-4.0</ele>
      <time>2019-08-10T17:24:11Z</time>
    </trkpt>
    <trkpt lat="51.6808254" lon="4.8183004">
      <ele>-3.8</ele>
      <time>2019-08-10T17:24:13Z</time>
    </trkpt>
    <trkpt lat="51.6809105" lon="4.8181817">
      <ele>-3.6</ele>
      <time>2019-08-10T17:24:15Z</time>
    </trkpt>
    <trkpt lat="51.6810057" lon="4.8180743">
      <ele>-4.0</ele>
      <time>2019-08-10T17:24:17Z</time>
    </trkpt>
    <trkpt lat="51.6813504" lon="4.8179060">
      <ele>-4.6</ele>
      <time>2019-08-10T17:24:23Z</time>
    </trkpt>
    <trkpt lat="51.6814684" lon="4.8178980">
      <ele>-5.0</ele>
      <time>2019-08-10T17:24:25Z</time>
    </trkpt>
    <trkpt lat="51.6815765" lon="4.8178095">
      <ele>-5.8</ele>
      <time>2019-08-10T17:24:27Z</time>
    </trkpt>
    <trkpt lat="51.6820353" lon="4.8172881">
      <ele>-4.8</ele>
      <time>2019-08-10T17:24:36Z</time>
    </trkpt>
    <trkpt lat="51.6821931" lon="4.8171362">
      <ele>-3.8</ele>
      <time>2019-08-10T17:24:39Z</time>
    </trkpt>
    <trkpt lat="51.6826678" lon="4.8166975">
      <ele>-4.2</ele>
      <time>2019-08-10T17:24:48Z</time>
    </trkpt>
    <trkpt lat="51.6831447" lon="4.8162903">
      <ele>-4.2</ele>
      <time>2019-08-10T17:24:57Z</time>
    </trkpt>
    <trkpt lat="51.6836660" lon="4.8158861">
      <ele>-6.0</ele>
      <time>2019-08-10T17:25:07Z</time>
    </trkpt>
    <trkpt lat="51.6841731" lon="4.8154753">
      <ele>-8.2</ele>
      <time>2019-08-10T17:25:17Z</time>
    </trkpt>
    <trkpt lat="51.6846344" lon="4.8150834">
      <ele>-7.8</ele>
      <time>2019-08-10T17:25:26Z</time>
    </trkpt>
    <trkpt lat="51.6850728" lon="4.8147314">
      <ele>-7.8</ele>
      <time>2019-08-10T17:25:34Z</time>
    </trkpt>
    <trkpt lat="51.6852400" lon="4.8145941">
      <ele>-7.6</ele>
      <time>2019-08-10T17:25:37Z</time>
    </trkpt>
    <trkpt lat="51.6854602" lon="4.8144173">
      <ele>-6.8</ele>
      <time>2019-08-10T17:25:41Z</time>
    </trkpt>
    <trkpt lat="51.6855136" lon="4.8143836">
      <ele>-6.4</ele>
      <time>2019-08-10T17:25:42Z</time>
    </trkpt>
    <trkpt lat="51.6858136" lon="4.8141642">
      <ele>-5.8</ele>
      <time>2019-08-10T17:25:48Z</time>
    </trkpt>
    <trkpt lat="51.6860013" lon="4.8139664">
      <ele>-5.8</ele>
      <time>2019-08-10T17:25:52Z</time>
    </trkpt>
    <trkpt lat="51.6862530" lon="4.8137469">
      <ele>-5.4</ele>
      <time>2019-08-10T17:25:57Z</time>
    </trkpt>
    <trkpt lat="51.6867562" lon="4.8133200">
      <ele>-4.8</ele>
      <time>2019-08-10T17:26:07Z</time>
    </trkpt>
    <trkpt lat="51.6871632" lon="4.8129655">
      <ele>-3.2</ele>
      <time>2019-08-10T17:26:15Z</time>
    </trkpt>
    <trkpt lat="51.6873564" lon="4.8127937">
      <ele>-4.0</ele>
      <time>2019-08-10T17:26:19Z</time>
    </trkpt>
    <trkpt lat="51.6878485" lon="4.8123740">
      <ele>-3.6</ele>
      <time>2019-08-10T17:26:29Z</time>
    </trkpt>
    <trkpt lat="51.6883621" lon="4.8119373">
      <ele>-4.2</ele>
      <time>2019-08-10T17:26:39Z</time>
    </trkpt>
    <trkpt lat="51.6888894" lon="4.8114889">
      <ele>-3.2</ele>
      <time>2019-08-10T17:26:49Z</time>
    </trkpt>
    <trkpt lat="51.6893865" lon="4.8110529">
      <ele>-4.0</ele>
      <time>2019-08-10T17:26:59Z</time>
    </trkpt>
    <trkpt lat="51.6894318" lon="4.8110130">
      <ele>-4.0</ele>
      <time>2019-08-10T17:27:00Z</time>
    </trkpt>
    <trkpt lat="51.6895274" lon="4.8109302">
      <ele>-4.2</ele>
      <time>2019-08-10T17:27:02Z</time>
    </trkpt>
    <trkpt lat="51.6896780" lon="4.8108041">
      <ele>-4.4</ele>
      <time>2019-08-10T17:27:05Z</time>
    </trkpt>
    <trkpt lat="51.6897729" lon="4.8107196">
      <ele>-4.8</ele>
      <time>2019-08-10T17:27:07Z</time>
    </trkpt>
    <trkpt lat="51.6898728" lon="4.8106612">
      <ele>-5.0</ele>
      <time>2019-08-10T17:27:09Z</time>
    </trkpt>
    <trkpt lat="51.6899252" lon="4.8106536">
      <ele>-5.2</ele>
      <time>2019-08-10T17:27:10Z</time>
    </trkpt>
    <trkpt lat="51.6899790" lon="4.8106596">
      <ele>-5.4</ele>
      <time>2019-08-10T17:27:11Z</time>
    </trkpt>
    <trkpt lat="51.6900884" lon="4.8106541">
      <ele>-5.4</ele>
      <time>2019-08-10T17:27:13Z</time>
    </trkpt>
    <trkpt lat="51.6901392" lon="4.8106269">
      <ele>-5.4</ele>
      <time>2019-08-10T17:27:14Z</time>
    </trkpt>
    <trkpt lat="51.6902329" lon="4.8105418">
      <ele>-5.4</ele>
      <time>2019-08-10T17:27:16Z</time>
    </trkpt>
    <trkpt lat="51.6903063" lon="4.8104016">
      <ele>-5.0</ele>
      <time>2019-08-10T17:27:18Z</time>
    </trkpt>
    <trkpt lat="51.6903347" lon="4.8103166">
      <ele>-5.0</ele>
      <time>2019-08-10T17:27:19Z</time>
    </trkpt>
    <trkpt lat="51.6903638" lon="4.8102371">
      <ele>-5.0</ele>
      <time>2019-08-10T17:27:20Z</time>
    </trkpt>
    <trkpt lat="51.6904442" lon="4.8101142">
      <ele>-4.8</ele>
      <time>2019-08-10T17:27:22Z</time>
    </trkpt>
    <trkpt lat="51.6904903" lon="4.8100658">
      <ele>-4.8</ele>
      <time>2019-08-10T17:27:23Z</time>
    </trkpt>
    <trkpt lat="51.6905408" lon="4.8100189">
      <ele>-4.8</ele>
      <time>2019-08-10T17:27:24Z</time>
    </trkpt>
    <trkpt lat="51.6907900" lon="4.8097986">
      <ele>-5.4</ele>
      <time>2019-08-10T17:27:29Z</time>
    </trkpt>
    <trkpt lat="51.6908423" lon="4.8097551">
      <ele>-5.4</ele>
      <time>2019-08-10T17:27:30Z</time>
    </trkpt>
    <trkpt lat="51.6913845" lon="4.8094076">
      <ele>-5.6</ele>
      <time>2019-08-10T17:27:40Z</time>
    </trkpt>
    <trkpt lat="51.6916204" lon="4.8093016">
      <ele>-5.4</ele>
      <time>2019-08-10T17:27:44Z</time>
    </trkpt>
    <trkpt lat="51.6917952" lon="4.8092383">
      <ele>-5.4</ele>
      <time>2019-08-10T17:27:47Z</time>
    </trkpt>
    <trkpt lat="51.6919159" lon="4.8092003">
      <ele>-5.6</ele>
      <time>2019-08-10T17:27:49Z</time>
    </trkpt>
    <trkpt lat="51.6919713" lon="4.8091823">
      <ele>-5.8</ele>
      <time>2019-08-10T17:27:50Z</time>
    </trkpt>
    <trkpt lat="51.6924184" lon="4.8090665">
      <ele>-7.4</ele>
      <time>2019-08-10T17:27:58Z</time>
    </trkpt>
    <trkpt lat="51.6924735" lon="4.8090559">
      <ele>-7.6</ele>
      <time>2019-08-10T17:27:59Z</time>
    </trkpt>
    <trkpt lat="51.6925318" lon="4.8090449">
      <ele>-8.2</ele>
      <time>2019-08-10T17:28:00Z</time>
    </trkpt>
    <trkpt lat="51.6925887" lon="4.8090342">
      <ele>-8.8</ele>
      <time>2019-08-10T17:28:01Z</time>
    </trkpt>
    <trkpt lat="51.6926431" lon="4.8090279">
      <ele>-9.0</ele>
      <time>2019-08-10T17:28:02Z</time>
    </trkpt>
    <trkpt lat="51.6926986" lon="4.8090213">
      <ele>-9.4</ele>
      <time>2019-08-10T17:28:03Z</time>
    </trkpt>
    <trkpt lat="51.6927538" lon="4.8090125">
      <ele>-9.4</ele>
      <time>2019-08-10T17:28:04Z</time>
    </trkpt>
    <trkpt lat="51.6932414" lon="4.8089369">
      <ele>-8.6</ele>
      <time>2019-08-10T17:28:13Z</time>
    </trkpt>
    <trkpt lat="51.6932918" lon="4.8089274">
      <ele>-8.6</ele>
      <time>2019-08-10T17:28:14Z</time>
    </trkpt>
    <trkpt lat="51.6933901" lon="4.8089071">
      <ele>-8.2</ele>
      <time>2019-08-10T17:28:16Z</time>
    </trkpt>
    <trkpt lat="51.6937305" lon="4.8088357">
      <ele>-6.6</ele>
      <time>2019-08-10T17:28:23Z</time>
    </trkpt>
    <trkpt lat="51.6938425" lon="4.8088201">
      <ele>-6.8</ele>
      <time>2019-08-10T17:28:25Z</time>
    </trkpt>
    <trkpt lat="51.6938992" lon="4.8088097">
      <ele>-6.6</ele>
      <time>2019-08-10T17:28:26Z</time>
    </trkpt>
    <trkpt lat="51.6939548" lon="4.8087991">
      <ele>-6.6</ele>
      <time>2019-08-10T17:28:27Z</time>
    </trkpt>
    <trkpt lat="51.6941210" lon="4.8087709">
      <ele>-6.6</ele>
      <time>2019-08-10T17:28:30Z</time>
    </trkpt>
    <trkpt lat="51.6946657" lon="4.8086649">
      <ele>-7.2</ele>
      <time>2019-08-10T17:28:40Z</time>
    </trkpt>
    <trkpt lat="51.6952261" lon="4.8085616">
      <ele>-7.2</ele>
      <time>2019-08-10T17:28:50Z</time>
    </trkpt>
    <trkpt lat="51.6957902" lon="4.8084580">
      <ele>-8.4</ele>
      <time>2019-08-10T17:29:00Z</time>
    </trkpt>
    <trkpt lat="51.6962059" lon="4.8083808">
      <ele>-9.2</ele>
      <time>2019-08-10T17:29:07Z</time>
    </trkpt>
    <trkpt lat="51.6967971" lon="4.8082736">
      <ele>-8.6</ele>
      <time>2019-08-10T17:29:17Z</time>
    </trkpt>
    <trkpt lat="51.6968560" lon="4.8082684">
      <ele>-8.4</ele>
      <time>2019-08-10T17:29:18Z</time>
    </trkpt>
    <trkpt lat="51.6970870" lon="4.8082353">
      <ele>-7.8</ele>
      <time>2019-08-10T17:29:22Z</time>
    </trkpt>
    <trkpt lat="51.6974892" lon="4.8081777">
      <ele>-7.4</ele>
      <time>2019-08-10T17:29:29Z</time>
    </trkpt>
    <trkpt lat="51.6976066" lon="4.8081565">
      <ele>-7.2</ele>
      <time>2019-08-10T17:29:31Z</time>
    </trkpt>
    <trkpt lat="51.6976651" lon="4.8081432">
      <ele>-7.4</ele>
      <time>2019-08-10T17:29:32Z</time>
    </trkpt>
    <trkpt lat="51.6977233" lon="4.8081284">
      <ele>-7.2</ele>
      <time>2019-08-10T17:29:33Z</time>
    </trkpt>
    <trkpt lat="51.6978382" lon="4.8080928">
      <ele>-7.2</ele>
      <time>2019-08-10T17:29:35Z</time>
    </trkpt>
    <trkpt lat="51.6979500" lon="4.8080497">
      <ele>-6.8</ele>
      <time>2019-08-10T17:29:37Z</time>
    </trkpt>
    <trkpt lat="51.6980657" lon="4.8080050">
      <ele>-6.2</ele>
      <time>2019-08-10T17:29:39Z</time>
    </trkpt>
    <trkpt lat="51.6982432" lon="4.8079332">
      <ele>-4.6</ele>
      <time>2019-08-10T17:29:42Z</time>
    </trkpt>
    <trkpt lat="51.6984074" lon="4.8078680">
      <ele>-5.4</ele>
      <time>2019-08-10T17:29:45Z</time>
    </trkpt>
    <trkpt lat="51.6989720" lon="4.8076252">
      <ele>-4.8</ele>
      <time>2019-08-10T17:29:55Z</time>
    </trkpt>
    <trkpt lat="51.6995215" lon="4.8073977">
      <ele>-4.6</ele>
      <time>2019-08-10T17:30:05Z</time>
    </trkpt>
    <trkpt lat="51.7000652" lon="4.8071842">
      <ele>-3.8</ele>
      <time>2019-08-10T17:30:15Z</time>
    </trkpt>
    <trkpt lat="51.7006201" lon="4.8070656">
      <ele>-4.6</ele>
      <time>2019-08-10T17:30:25Z</time>
    </trkpt>
    <trkpt lat="51.7011826" lon="4.8068298">
      <ele>-3.8</ele>
      <time>2019-08-10T17:30:35Z</time>
    </trkpt>
    <trkpt lat="51.7017229" lon="4.8065581">
      <ele>-4.8</ele>
      <time>2019-08-10T17:30:45Z</time>
    </trkpt>
    <trkpt lat="51.7022142" lon="4.8061746">
      <ele>-5.8</ele>
      <time>2019-08-10T17:30:55Z</time>
    </trkpt>
    <trkpt lat="51.7024441" lon="4.8060189">
      <ele>-7.0</ele>
      <time>2019-08-10T17:31:00Z</time>
    </trkpt>
    <trkpt lat="51.7027119" lon="4.8058701">
      <ele>-7.4</ele>
      <time>2019-08-10T17:31:06Z</time>
    </trkpt>
    <trkpt lat="51.7029088" lon="4.8058389">
      <ele>-8.2</ele>
      <time>2019-08-10T17:31:10Z</time>
    </trkpt>
    <trkpt lat="51.7032810" lon="4.8059398">
      <ele>-9.0</ele>
      <time>2019-08-10T17:31:17Z</time>
    </trkpt>
    <trkpt lat="51.7038334" lon="4.8062844">
      <ele>-10.0</ele>
      <time>2019-08-10T17:31:28Z</time>
    </trkpt>
    <trkpt lat="51.7043503" lon="4.8066581">
      <ele>-11.0</ele>
      <time>2019-08-10T17:31:38Z</time>
    </trkpt>
    <trkpt lat="51.7048190" lon="4.8070213">
      <ele>-9.2</ele>
      <time>2019-08-10T17:31:47Z</time>
    </trkpt>
    <trkpt lat="51.7048775" lon="4.8071571">
      <ele>-9.2</ele>
      <time>2019-08-10T17:31:49Z</time>
    </trkpt>
    <trkpt lat="51.7049301" lon="4.8072861">
      <ele>-8.8</ele>
      <time>2019-08-10T17:31:51Z</time>
    </trkpt>
    <trkpt lat="51.7050371" lon="4.8072546">
      <ele>-7.6</ele>
      <time>2019-08-10T17:31:54Z</time>
    </trkpt>
    <trkpt lat="51.7051117" lon="4.8071874">
      <ele>-7.6</ele>
      <time>2019-08-10T17:31:56Z</time>
    </trkpt>
    <trkpt lat="51.7052044" lon="4.8071920">
      <ele>-7.8</ele>
      <time>2019-08-10T17:31:58Z</time>
    </trkpt>
    <trkpt lat="51.7057671" lon="4.8073333">
      <ele>-9.4</ele>
      <time>2019-08-10T17:32:08Z</time>
    </trkpt>
    <trkpt lat="51.7063474" lon="4.8074214">
      <ele>-10.8</ele>
      <time>2019-08-10T17:32:18Z</time>
    </trkpt>
    <trkpt lat="51.7066666" lon="4.8075136">
      <ele>-10.2</ele>
      <time>2019-08-10T17:32:24Z</time>
    </trkpt>
    <trkpt lat="51.7069629" lon="4.8075454">
      <ele>-10.6</ele>
      <time>2019-08-10T17:32:30Z</time>
    </trkpt>
    <trkpt lat="51.7074974" lon="4.8074523">
      <ele>-10.4</ele>
      <time>2019-08-10T17:32:41Z</time>
    </trkpt>
    <trkpt lat="51.7075379" lon="4.8074327">
      <ele>-10.4</ele>
      <time>2019-08-10T17:32:42Z</time>
    </trkpt>
    <trkpt lat="51.7076393" lon="4.8072930">
      <ele>-7.4</ele>
      <time>2019-08-10T17:32:45Z</time>
    </trkpt>
    <trkpt lat="51.7076732" lon="4.8071618">
      <ele>-7.0</ele>
      <time>2019-08-10T17:32:47Z</time>
    </trkpt>
    <trkpt lat="51.7077038" lon="4.8066917">
      <ele>-5.8</ele>
      <time>2019-08-10T17:32:54Z</time>
    </trkpt>
    <trkpt lat="51.7078323" lon="4.8063811">
      <ele>-3.2</ele>
      <time>2019-08-10T17:33:08Z</time>
    </trkpt>
    <trkpt lat="51.7078317" lon="4.8062393">
      <ele>5.2</ele>
      <time>2019-08-10T17:34:31Z</time>
    </trkpt>
    <trkpt lat="51.7078119" lon="4.8062305">
      <ele>5.0</ele>
      <time>2019-08-10T17:34:32Z</time>
    </trkpt>
    <trkpt lat="51.7077117" lon="4.8060830">
      <ele>3.8</ele>
      <time>2019-08-10T17:34:37Z</time>
    </trkpt>
    <trkpt lat="51.7077318" lon="4.8052598">
      <ele>0.0</ele>
      <time>2019-08-10T17:34:52Z</time>
    </trkpt>
    <trkpt lat="51.7077513" lon="4.8052123">
      <ele>-0.4</ele>
      <time>2019-08-10T17:34:53Z</time>
    </trkpt>
    <trkpt lat="51.7079319" lon="4.8049876">
      <ele>-2.4</ele>
      <time>2019-08-10T17:35:00Z</time>
    </trkpt>
    <trkpt lat="51.7080821" lon="4.8047972">
      <ele>-2.8</ele>
      <time>2019-08-10T17:35:06Z</time>
    </trkpt>
    <trkpt lat="51.7081115" lon="4.8047497">
      <ele>-3.4</ele>
      <time>2019-08-10T17:35:08Z</time>
    </trkpt>
    <trkpt lat="51.7081508" lon="4.8046931">
      <ele>-4.2</ele>
      <time>2019-08-10T17:35:12Z</time>
    </trkpt>
    <trkpt lat="51.7083449" lon="4.8044454">
      <ele>-6.0</ele>
      <time>2019-08-10T17:35:20Z</time>
    </trkpt>
    <trkpt lat="51.7083757" lon="4.8044044">
      <ele>-6.4</ele>
      <time>2019-08-10T17:35:21Z</time>
    </trkpt>
    <trkpt lat="51.7084400" lon="4.8043161">
      <ele>-6.6</ele>
      <time>2019-08-10T17:35:23Z</time>
    </trkpt>
    <trkpt lat="51.7086151" lon="4.8040887">
      <ele>-5.4</ele>
      <time>2019-08-10T17:35:28Z</time>
    </trkpt>
    <trkpt lat="51.7087833" lon="4.8038895">
      <ele>-3.6</ele>
      <time>2019-08-10T17:35:33Z</time>
    </trkpt>
    <trkpt lat="51.7088435" lon="4.8038146">
      <ele>-3.8</ele>
      <time>2019-08-10T17:35:35Z</time>
    </trkpt>
    <trkpt lat="51.7090210" lon="4.8036105">
      <ele>-2.6</ele>
      <time>2019-08-10T17:35:41Z</time>
    </trkpt>
    <trkpt lat="51.7091807" lon="4.8033873">
      <ele>0.4</ele>
      <time>2019-08-10T17:35:47Z</time>
    </trkpt>
    <trkpt lat="51.7096158" lon="4.8027352">
      <ele>-4.0</ele>
      <time>2019-08-10T17:35:58Z</time>
    </trkpt>
    <trkpt lat="51.7099559" lon="4.8020339">
      <ele>-4.2</ele>
      <time>2019-08-10T17:36:07Z</time>
    </trkpt>
    <trkpt lat="51.7101315" lon="4.8013951">
      <ele>-4.0</ele>
      <time>2019-08-10T17:36:14Z</time>
    </trkpt>
    <trkpt lat="51.7102852" lon="4.8005365">
      <ele>-5.6</ele>
      <time>2019-08-10T17:36:24Z</time>
    </trkpt>
    <trkpt lat="51.7104296" lon="4.7996773">
      <ele>-5.6</ele>
      <time>2019-08-10T17:36:34Z</time>
    </trkpt>
    <trkpt lat="51.7105151" lon="4.7991693">
      <ele>-6.0</ele>
      <time>2019-08-10T17:36:40Z</time>
    </trkpt>
    <trkpt lat="51.7105311" lon="4.7990843">
      <ele>-5.8</ele>
      <time>2019-08-10T17:36:41Z</time>
    </trkpt>
    <trkpt lat="51.7105501" lon="4.7989981">
      <ele>-5.2</ele>
      <time>2019-08-10T17:36:42Z</time>
    </trkpt>
    <trkpt lat="51.7105850" lon="4.7988310">
      <ele>-5.0</ele>
      <time>2019-08-10T17:36:44Z</time>
    </trkpt>
    <trkpt lat="51.7106347" lon="4.7985810">
      <ele>-4.4</ele>
      <time>2019-08-10T17:36:47Z</time>
    </trkpt>
    <trkpt lat="51.7107530" lon="4.7980056">
      <ele>-2.8</ele>
      <time>2019-08-10T17:36:54Z</time>
    </trkpt>
    <trkpt lat="51.7109352" lon="4.7971294">
      <ele>-3.0</ele>
      <time>2019-08-10T17:37:05Z</time>
    </trkpt>
    <trkpt lat="51.7110433" lon="4.7964929">
      <ele>-3.6</ele>
      <time>2019-08-10T17:37:13Z</time>
    </trkpt>
    <trkpt lat="51.7111106" lon="4.7960307">
      <ele>-0.8</ele>
      <time>2019-08-10T17:37:19Z</time>
    </trkpt>
    <trkpt lat="51.7111568" lon="4.7957086">
      <ele>0.2</ele>
      <time>2019-08-10T17:37:23Z</time>
    </trkpt>
    <trkpt lat="51.7111927" lon="4.7953638">
      <ele>2.4</ele>
      <time>2019-08-10T17:37:27Z</time>
    </trkpt>
    <trkpt lat="51.7112377" lon="4.7949997">
      <ele>3.8</ele>
      <time>2019-08-10T17:37:31Z</time>
    </trkpt>
    <trkpt lat="51.7113559" lon="4.7941474">
      <ele>2.6</ele>
      <time>2019-08-10T17:37:41Z</time>
    </trkpt>
    <trkpt lat="51.7113789" lon="4.7939825">
      <ele>2.6</ele>
      <time>2019-08-10T17:37:43Z</time>
    </trkpt>
    <trkpt lat="51.7114065" lon="4.7937305">
      <ele>3.8</ele>
      <time>2019-08-10T17:37:46Z</time>
    </trkpt>
    <trkpt lat="51.7114166" lon="4.7936465">
      <ele>4.2</ele>
      <time>2019-08-10T17:37:47Z</time>
    </trkpt>
    <trkpt lat="51.7114232" lon="4.7935659">
      <ele>4.4</ele>
      <time>2019-08-10T17:37:48Z</time>
    </trkpt>
    <trkpt lat="51.7114352" lon="4.7934857">
      <ele>4.2</ele>
      <time>2019-08-10T17:37:49Z</time>
    </trkpt>
    <trkpt lat="51.7114463" lon="4.7934057">
      <ele>4.6</ele>
      <time>2019-08-10T17:37:50Z</time>
    </trkpt>
    <trkpt lat="51.7115032" lon="4.7929160">
      <ele>6.4</ele>
      <time>2019-08-10T17:37:56Z</time>
    </trkpt>
    <trkpt lat="51.7115708" lon="4.7923925">
      <ele>7.4</ele>
      <time>2019-08-10T17:38:02Z</time>
    </trkpt>
    <trkpt lat="51.7115803" lon="4.7923011">
      <ele>7.6</ele>
      <time>2019-08-10T17:38:03Z</time>
    </trkpt>
    <trkpt lat="51.7115924" lon="4.7922108">
      <ele>7.0</ele>
      <time>2019-08-10T17:38:04Z</time>
    </trkpt>
    <trkpt lat="51.7116040" lon="4.7921231">
      <ele>6.4</ele>
      <time>2019-08-10T17:38:05Z</time>
    </trkpt>
    <trkpt lat="51.7116265" lon="4.7918682">
      <ele>6.4</ele>
      <time>2019-08-10T17:38:08Z</time>
    </trkpt>
    <trkpt lat="51.7116624" lon="4.7916165">
      <ele>6.4</ele>
      <time>2019-08-10T17:38:11Z</time>
    </trkpt>
    <trkpt lat="51.7116749" lon="4.7915341">
      <ele>6.4</ele>
      <time>2019-08-10T17:38:12Z</time>
    </trkpt>
    <trkpt lat="51.7117435" lon="4.7911206">
      <ele>5.2</ele>
      <time>2019-08-10T17:38:17Z</time>
    </trkpt>
    <trkpt lat="51.7118267" lon="4.7906769">
      <ele>3.0</ele>
      <time>2019-08-10T17:38:22Z</time>
    </trkpt>
    <trkpt lat="51.7118416" lon="4.7905879">
      <ele>2.8</ele>
      <time>2019-08-10T17:38:23Z</time>
    </trkpt>
    <trkpt lat="51.7118878" lon="4.7903259">
      <ele>1.8</ele>
      <time>2019-08-10T17:38:26Z</time>
    </trkpt>
    <trkpt lat="51.7120226" lon="4.7894555">
      <ele>1.4</ele>
      <time>2019-08-10T17:38:36Z</time>
    </trkpt>
    <trkpt lat="51.7120776" lon="4.7890592">
      <ele>2.0</ele>
      <time>2019-08-10T17:38:41Z</time>
    </trkpt>
    <trkpt lat="51.7120882" lon="4.7889822">
      <ele>1.8</ele>
      <time>2019-08-10T17:38:42Z</time>
    </trkpt>
    <trkpt lat="51.7121059" lon="4.7887467">
      <ele>1.2</ele>
      <time>2019-08-10T17:38:45Z</time>
    </trkpt>
    <trkpt lat="51.7121072" lon="4.7886661">
      <ele>1.4</ele>
      <time>2019-08-10T17:38:46Z</time>
    </trkpt>
    <trkpt lat="51.7121112" lon="4.7885871">
      <ele>1.6</ele>
      <time>2019-08-10T17:38:47Z</time>
    </trkpt>
    <trkpt lat="51.7121141" lon="4.7885080">
      <ele>1.4</ele>
      <time>2019-08-10T17:38:48Z</time>
    </trkpt>
    <trkpt lat="51.7121229" lon="4.7882792">
      <ele>1.4</ele>
      <time>2019-08-10T17:38:51Z</time>
    </trkpt>
    <trkpt lat="51.7122490" lon="4.7880707">
      <ele>0.6</ele>
      <time>2019-08-10T17:38:56Z</time>
    </trkpt>
    <trkpt lat="51.7124483" lon="4.7872855">
      <ele>-1.4</ele>
      <time>2019-08-10T17:39:13Z</time>
    </trkpt>
    <trkpt lat="51.7126555" lon="4.7868823">
      <ele>-0.8</ele>
      <time>2019-08-10T17:39:18Z</time>
    </trkpt>
    <trkpt lat="51.7129612" lon="4.7861623">
      <ele>1.6</ele>
      <time>2019-08-10T17:39:32Z</time>
    </trkpt>
    <trkpt lat="51.7130405" lon="4.7858963">
      <ele>1.2</ele>
      <time>2019-08-10T17:39:39Z</time>
    </trkpt>
    <trkpt lat="51.7130566" lon="4.7858484">
      <ele>1.0</ele>
      <time>2019-08-10T17:39:40Z</time>
    </trkpt>
    <trkpt lat="51.7133139" lon="4.7851258">
      <ele>0.8</ele>
      <time>2019-08-10T17:39:52Z</time>
    </trkpt>
    <trkpt lat="51.7135008" lon="4.7846220">
      <ele>0.4</ele>
      <time>2019-08-10T17:40:00Z</time>
    </trkpt>
    <trkpt lat="51.7136445" lon="4.7842432">
      <ele>0.2</ele>
      <time>2019-08-10T17:40:06Z</time>
    </trkpt>
    <trkpt lat="51.7136690" lon="4.7841789">
      <ele>0.2</ele>
      <time>2019-08-10T17:40:07Z</time>
    </trkpt>
    <trkpt lat="51.7138793" lon="4.7836102">
      <ele>0.6</ele>
      <time>2019-08-10T17:40:16Z</time>
    </trkpt>
    <trkpt lat="51.7141732" lon="4.7828278">
      <ele>0.8</ele>
      <time>2019-08-10T17:40:29Z</time>
    </trkpt>
    <trkpt lat="51.7143602" lon="4.7823367">
      <ele>1.0</ele>
      <time>2019-08-10T17:40:37Z</time>
    </trkpt>
    <trkpt lat="51.7144333" lon="4.7821483">
      <ele>1.0</ele>
      <time>2019-08-10T17:40:40Z</time>
    </trkpt>
    <trkpt lat="51.7147387" lon="4.7813695">
      <ele>0.6</ele>
      <time>2019-08-10T17:40:52Z</time>
    </trkpt>
    <trkpt lat="51.7150161" lon="4.7806217">
      <ele>1.0</ele>
      <time>2019-08-10T17:41:03Z</time>
    </trkpt>
    <trkpt lat="51.7151383" lon="4.7802639">
      <ele>1.2</ele>
      <time>2019-08-10T17:41:08Z</time>
    </trkpt>
    <trkpt lat="51.7151918" lon="4.7801223">
      <ele>1.2</ele>
      <time>2019-08-10T17:41:10Z</time>
    </trkpt>
    <trkpt lat="51.7154012" lon="4.7795577">
      <ele>1.4</ele>
      <time>2019-08-10T17:41:18Z</time>
    </trkpt>
    <trkpt lat="51.7154814" lon="4.7793399">
      <ele>1.4</ele>
      <time>2019-08-10T17:41:21Z</time>
    </trkpt>
    <trkpt lat="51.7156908" lon="4.7787435">
      <ele>1.6</ele>
      <time>2019-08-10T17:41:29Z</time>
    </trkpt>
    <trkpt lat="51.7158812" lon="4.7781250">
      <ele>1.4</ele>
      <time>2019-08-10T17:41:38Z</time>
    </trkpt>
    <trkpt lat="51.7159541" lon="4.7779477">
      <ele>1.2</ele>
      <time>2019-08-10T17:41:41Z</time>
    </trkpt>
    <trkpt lat="51.7161595" lon="4.7772934">
      <ele>1.4</ele>
      <time>2019-08-10T17:41:51Z</time>
    </trkpt>
    <trkpt lat="51.7162633" lon="4.7769679">
      <ele>1.4</ele>
      <time>2019-08-10T17:41:56Z</time>
    </trkpt>
    <trkpt lat="51.7163655" lon="4.7766416">
      <ele>1.6</ele>
      <time>2019-08-10T17:42:01Z</time>
    </trkpt>
    <trkpt lat="51.7166170" lon="4.7758441">
      <ele>1.0</ele>
      <time>2019-08-10T17:42:13Z</time>
    </trkpt>
    <trkpt lat="51.7167892" lon="4.7752991">
      <ele>1.2</ele>
      <time>2019-08-10T17:42:21Z</time>
    </trkpt>
    <trkpt lat="51.7170494" lon="4.7744921">
      <ele>1.2</ele>
      <time>2019-08-10T17:42:33Z</time>
    </trkpt>
    <trkpt lat="51.7173072" lon="4.7736783">
      <ele>1.0</ele>
      <time>2019-08-10T17:42:45Z</time>
    </trkpt>
    <trkpt lat="51.7174021" lon="4.7733969">
      <ele>1.2</ele>
      <time>2019-08-10T17:42:49Z</time>
    </trkpt>
    <trkpt lat="51.7174481" lon="4.7732545">
      <ele>1.0</ele>
      <time>2019-08-10T17:42:51Z</time>
    </trkpt>
    <trkpt lat="51.7175107" lon="4.7730569">
      <ele>1.2</ele>
      <time>2019-08-10T17:42:54Z</time>
    </trkpt>
    <trkpt lat="51.7175708" lon="4.7728616">
      <ele>1.4</ele>
      <time>2019-08-10T17:42:57Z</time>
    </trkpt>
    <trkpt lat="51.7175924" lon="4.7727992">
      <ele>1.6</ele>
      <time>2019-08-10T17:42:58Z</time>
    </trkpt>
    <trkpt lat="51.7176123" lon="4.7727381">
      <ele>1.4</ele>
      <time>2019-08-10T17:42:59Z</time>
    </trkpt>
    <trkpt lat="51.7176315" lon="4.7726760">
      <ele>1.4</ele>
      <time>2019-08-10T17:43:00Z</time>
    </trkpt>
    <trkpt lat="51.7176512" lon="4.7726140">
      <ele>1.4</ele>
      <time>2019-08-10T17:43:01Z</time>
    </trkpt>
    <trkpt lat="51.7178509" lon="4.7719900">
      <ele>1.2</ele>
      <time>2019-08-10T17:43:11Z</time>
    </trkpt>
    <trkpt lat="51.7178869" lon="4.7718654">
      <ele>1.4</ele>
      <time>2019-08-10T17:43:13Z</time>
    </trkpt>
    <trkpt lat="51.7179444" lon="4.7716790">
      <ele>1.2</ele>
      <time>2019-08-10T17:43:16Z</time>
    </trkpt>
    <trkpt lat="51.7180085" lon="4.7714866">
      <ele>1.0</ele>
      <time>2019-08-10T17:43:19Z</time>
    </trkpt>
    <trkpt lat="51.7181345" lon="4.7710846">
      <ele>0.8</ele>
      <time>2019-08-10T17:43:25Z</time>
    </trkpt>
    <trkpt lat="51.7181563" lon="4.7710181">
      <ele>0.6</ele>
      <time>2019-08-10T17:43:26Z</time>
    </trkpt>
    <trkpt lat="51.7181783" lon="4.7709493">
      <ele>0.8</ele>
      <time>2019-08-10T17:43:27Z</time>
    </trkpt>
    <trkpt lat="51.7182230" lon="4.7708080">
      <ele>0.8</ele>
      <time>2019-08-10T17:43:29Z</time>
    </trkpt>
    <trkpt lat="51.7182911" lon="4.7705925">
      <ele>0.6</ele>
      <time>2019-08-10T17:43:32Z</time>
    </trkpt>
    <trkpt lat="51.7183142" lon="4.7705197">
      <ele>0.6</ele>
      <time>2019-08-10T17:43:33Z</time>
    </trkpt>
    <trkpt lat="51.7183375" lon="4.7704463">
      <ele>0.8</ele>
      <time>2019-08-10T17:43:34Z</time>
    </trkpt>
    <trkpt lat="51.7184319" lon="4.7701564">
      <ele>0.8</ele>
      <time>2019-08-10T17:43:38Z</time>
    </trkpt>
    <trkpt lat="51.7184776" lon="4.7700140">
      <ele>0.8</ele>
      <time>2019-08-10T17:43:40Z</time>
    </trkpt>
    <trkpt lat="51.7185915" lon="4.7696588">
      <ele>0.6</ele>
      <time>2019-08-10T17:43:45Z</time>
    </trkpt>
    <trkpt lat="51.7186360" lon="4.7695153">
      <ele>0.8</ele>
      <time>2019-08-10T17:43:47Z</time>
    </trkpt>
    <trkpt lat="51.7188058" lon="4.7689774">
      <ele>1.2</ele>
      <time>2019-08-10T17:43:55Z</time>
    </trkpt>
    <trkpt lat="51.7189363" lon="4.7686129">
      <ele>2.4</ele>
      <time>2019-08-10T17:44:03Z</time>
    </trkpt>
    <trkpt lat="51.7190522" lon="4.7682516">
      <ele>3.0</ele>
      <time>2019-08-10T17:44:08Z</time>
    </trkpt>
    <trkpt lat="51.7191402" lon="4.7679315">
      <ele>3.2</ele>
      <time>2019-08-10T17:44:12Z</time>
    </trkpt>
    <trkpt lat="51.7193785" lon="4.7671643">
      <ele>2.0</ele>
      <time>2019-08-10T17:44:23Z</time>
    </trkpt>
    <trkpt lat="51.7195125" lon="4.7666802">
      <ele>3.6</ele>
      <time>2019-08-10T17:44:30Z</time>
    </trkpt>
    <trkpt lat="51.7197512" lon="4.7658800">
      <ele>2.6</ele>
      <time>2019-08-10T17:44:41Z</time>
    </trkpt>
    <trkpt lat="51.7197698" lon="4.7658081">
      <ele>2.4</ele>
      <time>2019-08-10T17:44:42Z</time>
    </trkpt>
    <trkpt lat="51.7197873" lon="4.7657346">
      <ele>2.4</ele>
      <time>2019-08-10T17:44:43Z</time>
    </trkpt>
    <trkpt lat="51.7198047" lon="4.7656590">
      <ele>2.4</ele>
      <time>2019-08-10T17:44:44Z</time>
    </trkpt>
    <trkpt lat="51.7199644" lon="4.7649972">
      <ele>0.4</ele>
      <time>2019-08-10T17:44:53Z</time>
    </trkpt>
    <trkpt lat="51.7200809" lon="4.7645588">
      <ele>0.2</ele>
      <time>2019-08-10T17:44:59Z</time>
    </trkpt>
    <trkpt lat="51.7201480" lon="4.7643323">
      <ele>0.2</ele>
      <time>2019-08-10T17:45:02Z</time>
    </trkpt>
    <trkpt lat="51.7201691" lon="4.7642559">
      <ele>0.4</ele>
      <time>2019-08-10T17:45:03Z</time>
    </trkpt>
    <trkpt lat="51.7204096" lon="4.7633996">
      <ele>1.4</ele>
      <time>2019-08-10T17:45:15Z</time>
    </trkpt>
    <trkpt lat="51.7206507" lon="4.7625706">
      <ele>1.6</ele>
      <time>2019-08-10T17:45:28Z</time>
    </trkpt>
    <trkpt lat="51.7206834" lon="4.7624480">
      <ele>1.8</ele>
      <time>2019-08-10T17:45:30Z</time>
    </trkpt>
    <trkpt lat="51.7207663" lon="4.7621365">
      <ele>1.2</ele>
      <time>2019-08-10T17:45:35Z</time>
    </trkpt>
    <trkpt lat="51.7208980" lon="4.7615560">
      <ele>0.8</ele>
      <time>2019-08-10T17:45:44Z</time>
    </trkpt>
    <trkpt lat="51.7210657" lon="4.7606584">
      <ele>1.2</ele>
      <time>2019-08-10T17:45:57Z</time>
    </trkpt>
    <trkpt lat="51.7211933" lon="4.7597659">
      <ele>1.8</ele>
      <time>2019-08-10T17:46:10Z</time>
    </trkpt>
    <trkpt lat="51.7212946" lon="4.7588794">
      <ele>1.8</ele>
      <time>2019-08-10T17:46:22Z</time>
    </trkpt>
    <trkpt lat="51.7213501" lon="4.7583670">
      <ele>1.8</ele>
      <time>2019-08-10T17:46:29Z</time>
    </trkpt>
    <trkpt lat="51.7214001" lon="4.7578989">
      <ele>2.0</ele>
      <time>2019-08-10T17:46:36Z</time>
    </trkpt>
    <trkpt lat="51.7215041" lon="4.7570238">
      <ele>2.0</ele>
      <time>2019-08-10T17:46:49Z</time>
    </trkpt>
    <trkpt lat="51.7215466" lon="4.7566668">
      <ele>2.0</ele>
      <time>2019-08-10T17:46:54Z</time>
    </trkpt>
    <trkpt lat="51.7216400" lon="4.7558054">
      <ele>2.0</ele>
      <time>2019-08-10T17:47:06Z</time>
    </trkpt>
    <trkpt lat="51.7217426" lon="4.7549458">
      <ele>1.8</ele>
      <time>2019-08-10T17:47:17Z</time>
    </trkpt>
    <trkpt lat="51.7218418" lon="4.7540713">
      <ele>1.0</ele>
      <time>2019-08-10T17:47:28Z</time>
    </trkpt>
    <trkpt lat="51.7219145" lon="4.7534091">
      <ele>1.4</ele>
      <time>2019-08-10T17:47:36Z</time>
    </trkpt>
    <trkpt lat="51.7220145" lon="4.7525161">
      <ele>2.0</ele>
      <time>2019-08-10T17:47:47Z</time>
    </trkpt>
    <trkpt lat="51.7220458" lon="4.7522123">
      <ele>2.0</ele>
      <time>2019-08-10T17:47:51Z</time>
    </trkpt>
    <trkpt lat="51.7221550" lon="4.7513024">
      <ele>1.4</ele>
      <time>2019-08-10T17:48:05Z</time>
    </trkpt>
    <trkpt lat="51.7222566" lon="4.7504290">
      <ele>1.0</ele>
      <time>2019-08-10T17:48:18Z</time>
    </trkpt>
    <trkpt lat="51.7223542" lon="4.7495430">
      <ele>1.0</ele>
      <time>2019-08-10T17:48:33Z</time>
    </trkpt>
    <trkpt lat="51.7223964" lon="4.7491516">
      <ele>0.6</ele>
      <time>2019-08-10T17:48:39Z</time>
    </trkpt>
    <trkpt lat="51.7224313" lon="4.7486836">
      <ele>0.6</ele>
      <time>2019-08-10T17:48:46Z</time>
    </trkpt>
    <trkpt lat="51.7224583" lon="4.7477468">
      <ele>0.2</ele>
      <time>2019-08-10T17:49:00Z</time>
    </trkpt>
    <trkpt lat="51.7224625" lon="4.7469622">
      <ele>0.4</ele>
      <time>2019-08-10T17:49:12Z</time>
    </trkpt>
    <trkpt lat="51.7224628" lon="4.7468977">
      <ele>0.4</ele>
      <time>2019-08-10T17:49:13Z</time>
    </trkpt>
    <trkpt lat="51.7224631" lon="4.7468326">
      <ele>0.4</ele>
      <time>2019-08-10T17:49:14Z</time>
    </trkpt>
    <trkpt lat="51.7224431" lon="4.7461789">
      <ele>0.0</ele>
      <time>2019-08-10T17:49:23Z</time>
    </trkpt>
    <trkpt lat="51.7223852" lon="4.7453025">
      <ele>0.0</ele>
      <time>2019-08-10T17:49:35Z</time>
    </trkpt>
    <trkpt lat="51.7223572" lon="4.7450087">
      <ele>0.0</ele>
      <time>2019-08-10T17:49:39Z</time>
    </trkpt>
    <trkpt lat="51.7223190" lon="4.7446530">
      <ele>0.0</ele>
      <time>2019-08-10T17:49:44Z</time>
    </trkpt>
    <trkpt lat="51.7222592" lon="4.7441576">
      <ele>-0.2</ele>
      <time>2019-08-10T17:49:51Z</time>
    </trkpt>
    <trkpt lat="51.7221423" lon="4.7432509">
      <ele>-0.4</ele>
      <time>2019-08-10T17:50:04Z</time>
    </trkpt>
    <trkpt lat="51.7221319" lon="4.7431844">
      <ele>-0.4</ele>
      <time>2019-08-10T17:50:05Z</time>
    </trkpt>
    <trkpt lat="51.7221029" lon="4.7429869">
      <ele>-0.4</ele>
      <time>2019-08-10T17:50:08Z</time>
    </trkpt>
    <trkpt lat="51.7220372" lon="4.7424570">
      <ele>-0.4</ele>
      <time>2019-08-10T17:50:17Z</time>
    </trkpt>
    <trkpt lat="51.7219924" lon="4.7421284">
      <ele>-0.4</ele>
      <time>2019-08-10T17:50:22Z</time>
    </trkpt>
    <trkpt lat="51.7219829" lon="4.7420641">
      <ele>-0.4</ele>
      <time>2019-08-10T17:50:23Z</time>
    </trkpt>
    <trkpt lat="51.7219746" lon="4.7419994">
      <ele>-0.6</ele>
      <time>2019-08-10T17:50:24Z</time>
    </trkpt>
    <trkpt lat="51.7219408" lon="4.7417381">
      <ele>-0.6</ele>
      <time>2019-08-10T17:50:28Z</time>
    </trkpt>
    <trkpt lat="51.7218984" lon="4.7414120">
      <ele>-0.6</ele>
      <time>2019-08-10T17:50:33Z</time>
    </trkpt>
    <trkpt lat="51.7218462" lon="4.7410178">
      <ele>-0.4</ele>
      <time>2019-08-10T17:50:39Z</time>
    </trkpt>
    <trkpt lat="51.7217999" lon="4.7406631">
      <ele>-0.4</ele>
      <time>2019-08-10T17:50:44Z</time>
    </trkpt>
    <trkpt lat="51.7217620" lon="4.7403677">
      <ele>-0.4</ele>
      <time>2019-08-10T17:50:48Z</time>
    </trkpt>
    <trkpt lat="51.7217027" lon="4.7399198">
      <ele>-0.4</ele>
      <time>2019-08-10T17:50:54Z</time>
    </trkpt>
    <trkpt lat="51.7216818" lon="4.7397646">
      <ele>-0.4</ele>
      <time>2019-08-10T17:50:56Z</time>
    </trkpt>
    <trkpt lat="51.7216713" lon="4.7396855">
      <ele>-0.4</ele>
      <time>2019-08-10T17:50:57Z</time>
    </trkpt>
    <trkpt lat="51.7216497" lon="4.7395259">
      <ele>-0.4</ele>
      <time>2019-08-10T17:50:59Z</time>
    </trkpt>
    <trkpt lat="51.7216383" lon="4.7394456">
      <ele>-0.4</ele>
      <time>2019-08-10T17:51:00Z</time>
    </trkpt>
    <trkpt lat="51.7216269" lon="4.7393649">
      <ele>-0.4</ele>
      <time>2019-08-10T17:51:01Z</time>
    </trkpt>
    <trkpt lat="51.7216155" lon="4.7392841">
      <ele>-0.4</ele>
      <time>2019-08-10T17:51:02Z</time>
    </trkpt>
    <trkpt lat="51.7216049" lon="4.7392035">
      <ele>-0.4</ele>
      <time>2019-08-10T17:51:03Z</time>
    </trkpt>
    <trkpt lat="51.7215621" lon="4.7388804">
      <ele>-0.4</ele>
      <time>2019-08-10T17:51:07Z</time>
    </trkpt>
    <trkpt lat="51.7214483" lon="4.7380542">
      <ele>-0.4</ele>
      <time>2019-08-10T17:51:18Z</time>
    </trkpt>
    <trkpt lat="51.7214152" lon="4.7378023">
      <ele>-0.6</ele>
      <time>2019-08-10T17:51:22Z</time>
    </trkpt>
    <trkpt lat="51.7213705" lon="4.7374661">
      <ele>-1.0</ele>
      <time>2019-08-10T17:51:27Z</time>
    </trkpt>
    <trkpt lat="51.7213451" lon="4.7372582">
      <ele>-0.6</ele>
      <time>2019-08-10T17:51:30Z</time>
    </trkpt>
    <trkpt lat="51.7213348" lon="4.7371881">
      <ele>-0.6</ele>
      <time>2019-08-10T17:51:31Z</time>
    </trkpt>
    <trkpt lat="51.7212972" lon="4.7369020">
      <ele>-0.8</ele>
      <time>2019-08-10T17:51:35Z</time>
    </trkpt>
    <trkpt lat="51.7212594" lon="4.7366166">
      <ele>-0.8</ele>
      <time>2019-08-10T17:51:39Z</time>
    </trkpt>
    <trkpt lat="51.7212401" lon="4.7364740">
      <ele>-0.8</ele>
      <time>2019-08-10T17:51:41Z</time>
    </trkpt>
    <trkpt lat="51.7211983" lon="4.7361860">
      <ele>-0.8</ele>
      <time>2019-08-10T17:51:45Z</time>
    </trkpt>
    <trkpt lat="51.7211752" lon="4.7360400">
      <ele>-0.8</ele>
      <time>2019-08-10T17:51:47Z</time>
    </trkpt>
    <trkpt lat="51.7211634" lon="4.7359676">
      <ele>-1.0</ele>
      <time>2019-08-10T17:51:48Z</time>
    </trkpt>
    <trkpt lat="51.7211543" lon="4.7358983">
      <ele>-1.0</ele>
      <time>2019-08-10T17:51:49Z</time>
    </trkpt>
    <trkpt lat="51.7211480" lon="4.7358342">
      <ele>-1.0</ele>
      <time>2019-08-10T17:51:50Z</time>
    </trkpt>
    <trkpt lat="51.7211429" lon="4.7357717">
      <ele>-0.8</ele>
      <time>2019-08-10T17:51:51Z</time>
    </trkpt>
    <trkpt lat="51.7211363" lon="4.7357071">
      <ele>-0.8</ele>
      <time>2019-08-10T17:51:52Z</time>
    </trkpt>
    <trkpt lat="51.7211275" lon="4.7356408">
      <ele>-1.0</ele>
      <time>2019-08-10T17:51:53Z</time>
    </trkpt>
    <trkpt lat="51.7210077" lon="4.7347726">
      <ele>-1.0</ele>
      <time>2019-08-10T17:52:06Z</time>
    </trkpt>
    <trkpt lat="51.7209070" lon="4.7340006">
      <ele>-1.0</ele>
      <time>2019-08-10T17:52:20Z</time>
    </trkpt>
    <trkpt lat="51.7207939" lon="4.7336332">
      <ele>-1.4</ele>
      <time>2019-08-10T17:52:27Z</time>
    </trkpt>
    <trkpt lat="51.7207054" lon="4.7333880">
      <ele>-2.4</ele>
      <time>2019-08-10T17:52:32Z</time>
    </trkpt>
    <trkpt lat="51.7206384" lon="4.7331223">
      <ele>-3.8</ele>
      <time>2019-08-10T17:52:41Z</time>
    </trkpt>
    <trkpt lat="51.7206220" lon="4.7329377">
      <ele>-4.8</ele>
      <time>2019-08-10T17:52:45Z</time>
    </trkpt>
    <trkpt lat="51.7206125" lon="4.7328727">
      <ele>-5.4</ele>
      <time>2019-08-10T17:52:52Z</time>
    </trkpt>
    <trkpt lat="51.7206326" lon="4.7317811">
      <ele>0.8</ele>
      <time>2019-08-10T17:54:49Z</time>
    </trkpt>
    <trkpt lat="51.7206465" lon="4.7318042">
      <ele>1.0</ele>
      <time>2019-08-10T17:55:34Z</time>
    </trkpt>
    <trkpt lat="51.7206457" lon="4.7318012">
      <ele>1.2</ele>
      <time>2019-08-10T17:55:43Z</time>
    </trkpt>
    <trkpt lat="51.7206478" lon="4.7318018">
      <ele>1.2</ele>
      <time>2019-08-10T17:55:51Z</time>
    </trkpt>
    <trkpt lat="51.7206528" lon="4.7317899">
      <ele>1.2</ele>
      <time>2019-08-10T17:56:02Z</time>
    </trkpt>
    <trkpt lat="51.7206529" lon="4.7317889">
      <ele>1.2</ele>
      <time>2019-08-10T17:56:07Z</time>
    </trkpt>
    <trkpt lat="51.7206509" lon="4.7317873">
      <ele>1.2</ele>
      <time>2019-08-10T17:56:14Z</time>
    </trkpt>
    <trkpt lat="51.7206514" lon="4.7317854">
      <ele>1.2</ele>
      <time>2019-08-10T17:56:22Z</time>
    </trkpt>
    <trkpt lat="51.7206515" lon="4.7317822">
      <ele>1.2</ele>
      <time>2019-08-10T17:56:38Z</time>
    </trkpt>
    <trkpt lat="51.7206535" lon="4.7317806">
      <ele>1.2</ele>
      <time>2019-08-10T17:56:52Z</time>
    </trkpt>
    <trkpt lat="51.7206531" lon="4.7317825">
      <ele>1.0</ele>
      <time>2019-08-10T17:57:04Z</time>
    </trkpt>
    <trkpt lat="51.7206533" lon="4.7317831">
      <ele>1.6</ele>
      <time>2019-08-10T17:57:10Z</time>
    </trkpt>
    <trkpt lat="51.7206545" lon="4.7317834">
      <ele>1.8</ele>
      <time>2019-08-10T17:57:18Z</time>
    </trkpt>
    <trkpt lat="51.7206589" lon="4.7317801">
      <ele>2.2</ele>
      <time>2019-08-10T17:57:51Z</time>
    </trkpt>
    <trkpt lat="51.7206510" lon="4.7317857">
      <ele>2.0</ele>
      <time>2019-08-10T17:58:27Z</time>
    </trkpt>
    <trkpt lat="51.7206216" lon="4.7316008">
      <ele>2.4</ele>
      <time>2019-08-10T18:11:54Z</time>
    </trkpt>
    <trkpt lat="51.7205860" lon="4.7314335">
      <ele>-3.2</ele>
      <time>2019-08-10T18:12:00Z</time>
    </trkpt>
    <trkpt lat="51.7205801" lon="4.7313843">
      <ele>-3.2</ele>
      <time>2019-08-10T18:12:01Z</time>
    </trkpt>
    <trkpt lat="51.7204756" lon="4.7305308">
      <ele>-3.2</ele>
      <time>2019-08-10T18:12:20Z</time>
    </trkpt>
    <trkpt lat="51.7204551" lon="4.7303418">
      <ele>-3.8</ele>
      <time>2019-08-10T18:12:23Z</time>
    </trkpt>
    <trkpt lat="51.7203330" lon="4.7294827">
      <ele>-3.4</ele>
      <time>2019-08-10T18:12:35Z</time>
    </trkpt>
    <trkpt lat="51.7202640" lon="4.7289887">
      <ele>-2.8</ele>
      <time>2019-08-10T18:12:42Z</time>
    </trkpt>
    <trkpt lat="51.7202106" lon="4.7285738">
      <ele>-2.8</ele>
      <time>2019-08-10T18:12:48Z</time>
    </trkpt>
    <trkpt lat="51.7201921" lon="4.7284286">
      <ele>-2.8</ele>
      <time>2019-08-10T18:12:50Z</time>
    </trkpt>
    <trkpt lat="51.7201819" lon="4.7283540">
      <ele>-2.8</ele>
      <time>2019-08-10T18:12:51Z</time>
    </trkpt>
    <trkpt lat="51.7201716" lon="4.7282798">
      <ele>-2.8</ele>
      <time>2019-08-10T18:12:52Z</time>
    </trkpt>
    <trkpt lat="51.7201347" lon="4.7279946">
      <ele>-2.8</ele>
      <time>2019-08-10T18:12:56Z</time>
    </trkpt>
    <trkpt lat="51.7201250" lon="4.7279254">
      <ele>-2.8</ele>
      <time>2019-08-10T18:12:57Z</time>
    </trkpt>
    <trkpt lat="51.7201153" lon="4.7278546">
      <ele>-3.0</ele>
      <time>2019-08-10T18:12:58Z</time>
    </trkpt>
    <trkpt lat="51.7201050" lon="4.7277825">
      <ele>-3.0</ele>
      <time>2019-08-10T18:12:59Z</time>
    </trkpt>
    <trkpt lat="51.7200936" lon="4.7277080">
      <ele>-3.0</ele>
      <time>2019-08-10T18:13:00Z</time>
    </trkpt>
    <trkpt lat="51.7200821" lon="4.7276322">
      <ele>-2.8</ele>
      <time>2019-08-10T18:13:01Z</time>
    </trkpt>
    <trkpt lat="51.7199337" lon="4.7267596">
      <ele>-3.0</ele>
      <time>2019-08-10T18:13:13Z</time>
    </trkpt>
    <trkpt lat="51.7197950" lon="4.7260077">
      <ele>-3.2</ele>
      <time>2019-08-10T18:13:24Z</time>
    </trkpt>
    <trkpt lat="51.7197419" lon="4.7257326">
      <ele>-3.0</ele>
      <time>2019-08-10T18:13:28Z</time>
    </trkpt>
    <trkpt lat="51.7196779" lon="4.7253868">
      <ele>-3.0</ele>
      <time>2019-08-10T18:13:33Z</time>
    </trkpt>
    <trkpt lat="51.7195857" lon="4.7248860">
      <ele>-2.6</ele>
      <time>2019-08-10T18:13:40Z</time>
    </trkpt>
    <trkpt lat="51.7194178" lon="4.7239768">
      <ele>-2.4</ele>
      <time>2019-08-10T18:13:52Z</time>
    </trkpt>
    <trkpt lat="51.7193104" lon="4.7234076">
      <ele>-2.2</ele>
      <time>2019-08-10T18:13:59Z</time>
    </trkpt>
    <trkpt lat="51.7191499" lon="4.7225394">
      <ele>-2.2</ele>
      <time>2019-08-10T18:14:10Z</time>
    </trkpt>
    <trkpt lat="51.7189949" lon="4.7216506">
      <ele>-2.4</ele>
      <time>2019-08-10T18:14:22Z</time>
    </trkpt>
    <trkpt lat="51.7189686" lon="4.7215070">
      <ele>-2.2</ele>
      <time>2019-08-10T18:14:24Z</time>
    </trkpt>
    <trkpt lat="51.7189547" lon="4.7214364">
      <ele>-2.2</ele>
      <time>2019-08-10T18:14:25Z</time>
    </trkpt>
    <trkpt lat="51.7189414" lon="4.7213648">
      <ele>-2.2</ele>
      <time>2019-08-10T18:14:26Z</time>
    </trkpt>
    <trkpt lat="51.7189274" lon="4.7212925">
      <ele>-2.2</ele>
      <time>2019-08-10T18:14:27Z</time>
    </trkpt>
    <trkpt lat="51.7189146" lon="4.7212186">
      <ele>-2.4</ele>
      <time>2019-08-10T18:14:28Z</time>
    </trkpt>
    <trkpt lat="51.7189017" lon="4.7211442">
      <ele>-2.4</ele>
      <time>2019-08-10T18:14:29Z</time>
    </trkpt>
    <trkpt lat="51.7188881" lon="4.7210692">
      <ele>-2.4</ele>
      <time>2019-08-10T18:14:30Z</time>
    </trkpt>
    <trkpt lat="51.7188743" lon="4.7209941">
      <ele>-2.4</ele>
      <time>2019-08-10T18:14:31Z</time>
    </trkpt>
    <trkpt lat="51.7188478" lon="4.7208439">
      <ele>-2.4</ele>
      <time>2019-08-10T18:14:33Z</time>
    </trkpt>
    <trkpt lat="51.7187937" lon="4.7205460">
      <ele>-2.4</ele>
      <time>2019-08-10T18:14:37Z</time>
    </trkpt>
    <trkpt lat="51.7186989" lon="4.7200264">
      <ele>-2.4</ele>
      <time>2019-08-10T18:14:44Z</time>
    </trkpt>
    <trkpt lat="51.7186331" lon="4.7196611">
      <ele>-2.4</ele>
      <time>2019-08-10T18:14:49Z</time>
    </trkpt>
    <trkpt lat="51.7185401" lon="4.7191442">
      <ele>-2.4</ele>
      <time>2019-08-10T18:14:56Z</time>
    </trkpt>
    <trkpt lat="51.7185274" lon="4.7190712">
      <ele>-2.4</ele>
      <time>2019-08-10T18:14:57Z</time>
    </trkpt>
    <trkpt lat="51.7185159" lon="4.7189987">
      <ele>-2.4</ele>
      <time>2019-08-10T18:14:58Z</time>
    </trkpt>
    <trkpt lat="51.7185039" lon="4.7189252">
      <ele>-2.4</ele>
      <time>2019-08-10T18:14:59Z</time>
    </trkpt>
    <trkpt lat="51.7184795" lon="4.7187707">
      <ele>-2.6</ele>
      <time>2019-08-10T18:15:01Z</time>
    </trkpt>
    <trkpt lat="51.7183727" lon="4.7181335">
      <ele>-2.6</ele>
      <time>2019-08-10T18:15:09Z</time>
    </trkpt>
    <trkpt lat="51.7183333" lon="4.7178914">
      <ele>-2.6</ele>
      <time>2019-08-10T18:15:12Z</time>
    </trkpt>
    <trkpt lat="51.7182797" lon="4.7175879">
      <ele>-2.6</ele>
      <time>2019-08-10T18:15:16Z</time>
    </trkpt>
    <trkpt lat="51.7182428" lon="4.7173630">
      <ele>-2.6</ele>
      <time>2019-08-10T18:15:19Z</time>
    </trkpt>
    <trkpt lat="51.7181922" lon="4.7170567">
      <ele>-2.6</ele>
      <time>2019-08-10T18:15:23Z</time>
    </trkpt>
    <trkpt lat="51.7180982" lon="4.7164574">
      <ele>-2.4</ele>
      <time>2019-08-10T18:15:31Z</time>
    </trkpt>
    <trkpt lat="51.7179741" lon="4.7155560">
      <ele>-2.2</ele>
      <time>2019-08-10T18:15:43Z</time>
    </trkpt>
    <trkpt lat="51.7178664" lon="4.7146902">
      <ele>-2.2</ele>
      <time>2019-08-10T18:15:54Z</time>
    </trkpt>
    <trkpt lat="51.7177648" lon="4.7138085">
      <ele>-2.2</ele>
      <time>2019-08-10T18:16:06Z</time>
    </trkpt>
    <trkpt lat="51.7176914" lon="4.7131073">
      <ele>-2.2</ele>
      <time>2019-08-10T18:16:16Z</time>
    </trkpt>
    <trkpt lat="51.7175663" lon="4.7125972">
      <ele>-3.0</ele>
      <time>2019-08-10T18:16:24Z</time>
    </trkpt>
    <trkpt lat="51.7175331" lon="4.7124534">
      <ele>-3.6</ele>
      <time>2019-08-10T18:16:26Z</time>
    </trkpt>
    <trkpt lat="51.7174046" lon="4.7119795">
      <ele>-5.6</ele>
      <time>2019-08-10T18:16:32Z</time>
    </trkpt>
    <trkpt lat="51.7173543" lon="4.7118097">
      <ele>-6.2</ele>
      <time>2019-08-10T18:16:34Z</time>
    </trkpt>
    <trkpt lat="51.7172291" lon="4.7112983">
      <ele>-8.2</ele>
      <time>2019-08-10T18:16:42Z</time>
    </trkpt>
    <trkpt lat="51.7171117" lon="4.7104166">
      <ele>-8.4</ele>
      <time>2019-08-10T18:16:57Z</time>
    </trkpt>
    <trkpt lat="51.7170754" lon="4.7100777">
      <ele>-8.2</ele>
      <time>2019-08-10T18:17:02Z</time>
    </trkpt>
    <trkpt lat="51.7168662" lon="4.7091974">
      <ele>-8.8</ele>
      <time>2019-08-10T18:17:15Z</time>
    </trkpt>
    <trkpt lat="51.7166891" lon="4.7084873">
      <ele>-9.0</ele>
      <time>2019-08-10T18:17:25Z</time>
    </trkpt>
    <trkpt lat="51.7165450" lon="4.7078950">
      <ele>-8.8</ele>
      <time>2019-08-10T18:17:33Z</time>
    </trkpt>
    <trkpt lat="51.7164596" lon="4.7075366">
      <ele>-8.6</ele>
      <time>2019-08-10T18:17:38Z</time>
    </trkpt>
    <trkpt lat="51.7164430" lon="4.7074661">
      <ele>-8.6</ele>
      <time>2019-08-10T18:17:39Z</time>
    </trkpt>
    <trkpt lat="51.7163924" lon="4.7072554">
      <ele>-9.0</ele>
      <time>2019-08-10T18:17:42Z</time>
    </trkpt>
    <trkpt lat="51.7161730" lon="4.7064425">
      <ele>-7.8</ele>
      <time>2019-08-10T18:17:53Z</time>
    </trkpt>
    <trkpt lat="51.7160350" lon="4.7058957">
      <ele>-6.6</ele>
      <time>2019-08-10T18:18:00Z</time>
    </trkpt>
    <trkpt lat="51.7159210" lon="4.7054269">
      <ele>-6.6</ele>
      <time>2019-08-10T18:18:06Z</time>
    </trkpt>
    <trkpt lat="51.7157175" lon="4.7045933">
      <ele>-7.6</ele>
      <time>2019-08-10T18:18:17Z</time>
    </trkpt>
    <trkpt lat="51.7155129" lon="4.7039986">
      <ele>-7.2</ele>
      <time>2019-08-10T18:18:26Z</time>
    </trkpt>
    <trkpt lat="51.7153490" lon="4.7037454">
      <ele>-8.0</ele>
      <time>2019-08-10T18:18:31Z</time>
    </trkpt>
    <trkpt lat="51.7152389" lon="4.7036190">
      <ele>-9.0</ele>
      <time>2019-08-10T18:18:34Z</time>
    </trkpt>
    <trkpt lat="51.7147725" lon="4.7031111">
      <ele>-9.4</ele>
      <time>2019-08-10T18:18:46Z</time>
    </trkpt>
    <trkpt lat="51.7142971" lon="4.7025883">
      <ele>-9.8</ele>
      <time>2019-08-10T18:18:58Z</time>
    </trkpt>
    <trkpt lat="51.7138096" lon="4.7020616">
      <ele>-9.4</ele>
      <time>2019-08-10T18:19:10Z</time>
    </trkpt>
    <trkpt lat="51.7134221" lon="4.7016267">
      <ele>-8.4</ele>
      <time>2019-08-10T18:19:21Z</time>
    </trkpt>
    <trkpt lat="51.7130147" lon="4.7010261">
      <ele>-7.8</ele>
      <time>2019-08-10T18:19:33Z</time>
    </trkpt>
    <trkpt lat="51.7126414" lon="4.7004001">
      <ele>-5.6</ele>
      <time>2019-08-10T18:19:47Z</time>
    </trkpt>
    <trkpt lat="51.7122971" lon="4.6997714">
      <ele>-4.8</ele>
      <time>2019-08-10T18:20:04Z</time>
    </trkpt>
    <trkpt lat="51.7126306" lon="4.6990701">
      <ele>-6.8</ele>
      <time>2019-08-10T18:20:19Z</time>
    </trkpt>
    <trkpt lat="51.7129287" lon="4.6984534">
      <ele>-7.8</ele>
      <time>2019-08-10T18:20:29Z</time>
    </trkpt>
    <trkpt lat="51.7129827" lon="4.6983209">
      <ele>-7.0</ele>
      <time>2019-08-10T18:20:31Z</time>
    </trkpt>
    <trkpt lat="51.7130588" lon="4.6981248">
      <ele>-6.2</ele>
      <time>2019-08-10T18:20:34Z</time>
    </trkpt>
    <trkpt lat="51.7130797" lon="4.6980530">
      <ele>-5.8</ele>
      <time>2019-08-10T18:20:35Z</time>
    </trkpt>
    <trkpt lat="51.7131184" lon="4.6979232">
      <ele>-6.4</ele>
      <time>2019-08-10T18:20:37Z</time>
    </trkpt>
    <trkpt lat="51.7131418" lon="4.6978573">
      <ele>-6.2</ele>
      <time>2019-08-10T18:20:38Z</time>
    </trkpt>
    <trkpt lat="51.7133154" lon="4.6974024">
      <ele>-7.6</ele>
      <time>2019-08-10T18:20:45Z</time>
    </trkpt>
    <trkpt lat="51.7134339" lon="4.6971744">
      <ele>-8.4</ele>
      <time>2019-08-10T18:20:49Z</time>
    </trkpt>
    <trkpt lat="51.7135872" lon="4.6969747">
      <ele>-8.0</ele>
      <time>2019-08-10T18:20:53Z</time>
    </trkpt>
    <trkpt lat="51.7137238" lon="4.6965603">
      <ele>-6.2</ele>
      <time>2019-08-10T18:21:05Z</time>
    </trkpt>
    <trkpt lat="51.7141107" lon="4.6959089">
      <ele>-8.0</ele>
      <time>2019-08-10T18:21:20Z</time>
    </trkpt>
    <trkpt lat="51.7142385" lon="4.6951403">
      <ele>-4.6</ele>
      <time>2019-08-10T18:21:32Z</time>
    </trkpt>
    <trkpt lat="51.7144820" lon="4.6943300">
      <ele>0.0</ele>
      <time>2019-08-10T18:21:44Z</time>
    </trkpt>
    <trkpt lat="51.7147113" lon="4.6934918">
      <ele>0.4</ele>
      <time>2019-08-10T18:21:56Z</time>
    </trkpt>
    <trkpt lat="51.7148080" lon="4.6930605">
      <ele>-0.4</ele>
      <time>2019-08-10T18:22:02Z</time>
    </trkpt>
    <trkpt lat="51.7149301" lon="4.6925988">
      <ele>-1.0</ele>
      <time>2019-08-10T18:22:09Z</time>
    </trkpt>
    <trkpt lat="51.7149823" lon="4.6923986">
      <ele>-2.6</ele>
      <time>2019-08-10T18:22:12Z</time>
    </trkpt>
    <trkpt lat="51.7150032" lon="4.6923373">
      <ele>-2.8</ele>
      <time>2019-08-10T18:22:13Z</time>
    </trkpt>
    <trkpt lat="51.7152530" lon="4.6915343">
      <ele>-7.0</ele>
      <time>2019-08-10T18:22:27Z</time>
    </trkpt>
    <trkpt lat="51.7153084" lon="4.6910016">
      <ele>-4.2</ele>
      <time>2019-08-10T18:22:37Z</time>
    </trkpt>
    <trkpt lat="51.7152257" lon="4.6908381">
      <ele>-4.6</ele>
      <time>2019-08-10T18:22:42Z</time>
    </trkpt>
    <trkpt lat="51.7151749" lon="4.6907494">
      <ele>-4.6</ele>
      <time>2019-08-10T18:22:46Z</time>
    </trkpt>
    <trkpt lat="51.7151818" lon="4.6907188">
      <ele>-4.2</ele>
      <time>2019-08-10T18:22:48Z</time>
    </trkpt>
    <trkpt lat="51.7153855" lon="4.6899109">
      <ele>-6.2</ele>
      <time>2019-08-10T18:23:01Z</time>
    </trkpt>
    <trkpt lat="51.7154474" lon="4.6896578">
      <ele>-7.4</ele>
      <time>2019-08-10T18:23:04Z</time>
    </trkpt>
    <trkpt lat="51.7156601" lon="4.6888288">
      <ele>-10.0</ele>
      <time>2019-08-10T18:23:14Z</time>
    </trkpt>
    <trkpt lat="51.7158623" lon="4.6879743">
      <ele>-9.8</ele>
      <time>2019-08-10T18:23:25Z</time>
    </trkpt>
    <trkpt lat="51.7160461" lon="4.6872601">
      <ele>-10.0</ele>
      <time>2019-08-10T18:23:35Z</time>
    </trkpt>
    <trkpt lat="51.7161915" lon="4.6867091">
      <ele>-10.6</ele>
      <time>2019-08-10T18:23:43Z</time>
    </trkpt>
    <trkpt lat="51.7162141" lon="4.6865633">
      <ele>-10.6</ele>
      <time>2019-08-10T18:23:45Z</time>
    </trkpt>
    <trkpt lat="51.7162216" lon="4.6864078">
      <ele>-10.6</ele>
      <time>2019-08-10T18:23:47Z</time>
    </trkpt>
    <trkpt lat="51.7160919" lon="4.6856549">
      <ele>-10.2</ele>
      <time>2019-08-10T18:23:58Z</time>
    </trkpt>
    <trkpt lat="51.7160336" lon="4.6853207">
      <ele>-10.4</ele>
      <time>2019-08-10T18:24:03Z</time>
    </trkpt>
    <trkpt lat="51.7159076" lon="4.6844644">
      <ele>-10.6</ele>
      <time>2019-08-10T18:24:16Z</time>
    </trkpt>
    <trkpt lat="51.7157920" lon="4.6835793">
      <ele>-10.4</ele>
      <time>2019-08-10T18:24:30Z</time>
    </trkpt>
    <trkpt lat="51.7157422" lon="4.6832073">
      <ele>-10.4</ele>
      <time>2019-08-10T18:24:36Z</time>
    </trkpt>
    <trkpt lat="51.7156233" lon="4.6822918">
      <ele>-10.6</ele>
      <time>2019-08-10T18:24:50Z</time>
    </trkpt>
    <trkpt lat="51.7155006" lon="4.6814089">
      <ele>-10.4</ele>
      <time>2019-08-10T18:25:04Z</time>
    </trkpt>
    <trkpt lat="51.7153726" lon="4.6805237">
      <ele>-10.2</ele>
      <time>2019-08-10T18:25:19Z</time>
    </trkpt>
    <trkpt lat="51.7153123" lon="4.6800413">
      <ele>-10.2</ele>
      <time>2019-08-10T18:25:27Z</time>
    </trkpt>
    <trkpt lat="51.7151945" lon="4.6791728">
      <ele>-10.0</ele>
      <time>2019-08-10T18:25:41Z</time>
    </trkpt>
    <trkpt lat="51.7151607" lon="4.6788666">
      <ele>-9.8</ele>
      <time>2019-08-10T18:25:46Z</time>
    </trkpt>
    <trkpt lat="51.7150434" lon="4.6779682">
      <ele>-9.2</ele>
      <time>2019-08-10T18:26:02Z</time>
    </trkpt>
    <trkpt lat="51.7149123" lon="4.6771067">
      <ele>-8.0</ele>
      <time>2019-08-10T18:26:15Z</time>
    </trkpt>
    <trkpt lat="51.7147955" lon="4.6762515">
      <ele>-7.6</ele>
      <time>2019-08-10T18:26:27Z</time>
    </trkpt>
    <trkpt lat="51.7146726" lon="4.6753359">
      <ele>-7.8</ele>
      <time>2019-08-10T18:26:40Z</time>
    </trkpt>
    <trkpt lat="51.7145658" lon="4.6744627">
      <ele>-8.6</ele>
      <time>2019-08-10T18:26:55Z</time>
    </trkpt>
    <trkpt lat="51.7144610" lon="4.6735649">
      <ele>-8.6</ele>
      <time>2019-08-10T18:27:09Z</time>
    </trkpt>
    <trkpt lat="51.7143527" lon="4.6726887">
      <ele>-8.6</ele>
      <time>2019-08-10T18:27:26Z</time>
    </trkpt>
    <trkpt lat="51.7143457" lon="4.6726357">
      <ele>-8.6</ele>
      <time>2019-08-10T18:27:27Z</time>
    </trkpt>
    <trkpt lat="51.7143374" lon="4.6725840">
      <ele>-8.6</ele>
      <time>2019-08-10T18:27:28Z</time>
    </trkpt>
    <trkpt lat="51.7142182" lon="4.6717003">
      <ele>-8.6</ele>
      <time>2019-08-10T18:27:44Z</time>
    </trkpt>
    <trkpt lat="51.7141152" lon="4.6709456">
      <ele>-8.2</ele>
      <time>2019-08-10T18:27:57Z</time>
    </trkpt>
    <trkpt lat="51.7140342" lon="4.6703254">
      <ele>-8.4</ele>
      <time>2019-08-10T18:28:07Z</time>
    </trkpt>
    <trkpt lat="51.7139407" lon="4.6696319">
      <ele>-8.6</ele>
      <time>2019-08-10T18:28:18Z</time>
    </trkpt>
    <trkpt lat="51.7138272" lon="4.6687810">
      <ele>-8.8</ele>
      <time>2019-08-10T18:28:31Z</time>
    </trkpt>
    <trkpt lat="51.7137179" lon="4.6680797">
      <ele>-8.6</ele>
      <time>2019-08-10T18:28:42Z</time>
    </trkpt>
    <trkpt lat="51.7136681" lon="4.6677709">
      <ele>-8.6</ele>
      <time>2019-08-10T18:28:53Z</time>
    </trkpt>
    <trkpt lat="51.7136742" lon="4.6677816">
      <ele>-7.6</ele>
      <time>2019-08-10T18:29:10Z</time>
    </trkpt>
    <trkpt lat="51.7136734" lon="4.6677792">
      <ele>-7.0</ele>
      <time>2019-08-10T18:29:23Z</time>
    </trkpt>
    <trkpt lat="51.7136734" lon="4.6677783">
      <ele>-6.8</ele>
      <time>2019-08-10T18:29:25Z</time>
    </trkpt>
    <trkpt lat="51.7136658" lon="4.6677682">
      <ele>-7.0</ele>
      <time>2019-08-10T18:31:18Z</time>
    </trkpt>
    <trkpt lat="51.7136632" lon="4.6677724">
      <ele>-7.0</ele>
      <time>2019-08-10T18:31:19Z</time>
    </trkpt>
    <trkpt lat="51.7136583" lon="4.6677582">
      <ele>-6.8</ele>
      <time>2019-08-10T18:31:24Z</time>
    </trkpt>
    <trkpt lat="51.7136579" lon="4.6677572">
      <ele>-6.8</ele>
      <time>2019-08-10T18:31:25Z</time>
    </trkpt>
    <trkpt lat="51.7136401" lon="4.6676982">
      <ele>-6.4</ele>
      <time>2019-08-10T18:31:31Z</time>
    </trkpt>
    <trkpt lat="51.7136289" lon="4.6674597">
      <ele>-6.8</ele>
      <time>2019-08-10T18:31:36Z</time>
    </trkpt>
    <trkpt lat="51.7136149" lon="4.6672699">
      <ele>-7.2</ele>
      <time>2019-08-10T18:31:39Z</time>
    </trkpt>
    <trkpt lat="51.7136048" lon="4.6672046">
      <ele>-7.0</ele>
      <time>2019-08-10T18:31:40Z</time>
    </trkpt>
    <trkpt lat="51.7135444" lon="4.6667903">
      <ele>-7.4</ele>
      <time>2019-08-10T18:31:46Z</time>
    </trkpt>
    <trkpt lat="51.7135135" lon="4.6665783">
      <ele>-7.0</ele>
      <time>2019-08-10T18:31:49Z</time>
    </trkpt>
    <trkpt lat="51.7134630" lon="4.6662245">
      <ele>-6.4</ele>
      <time>2019-08-10T18:31:54Z</time>
    </trkpt>
    <trkpt lat="51.7134524" lon="4.6661552">
      <ele>-6.2</ele>
      <time>2019-08-10T18:31:55Z</time>
    </trkpt>
    <trkpt lat="51.7134337" lon="4.6660138">
      <ele>-5.8</ele>
      <time>2019-08-10T18:31:57Z</time>
    </trkpt>
    <trkpt lat="51.7134157" lon="4.6658731">
      <ele>-5.4</ele>
      <time>2019-08-10T18:31:59Z</time>
    </trkpt>
    <trkpt lat="51.7133670" lon="4.6655041">
      <ele>-5.6</ele>
      <time>2019-08-10T18:32:04Z</time>
    </trkpt>
    <trkpt lat="51.7133267" lon="4.6652332">
      <ele>-5.6</ele>
      <time>2019-08-10T18:32:08Z</time>
    </trkpt>
    <trkpt lat="51.7133095" lon="4.6651007">
      <ele>-5.8</ele>
      <time>2019-08-10T18:32:10Z</time>
    </trkpt>
    <trkpt lat="51.7133013" lon="4.6650361">
      <ele>-5.8</ele>
      <time>2019-08-10T18:32:11Z</time>
    </trkpt>
    <trkpt lat="51.7132103" lon="4.6644172">
      <ele>-5.0</ele>
      <time>2019-08-10T18:32:20Z</time>
    </trkpt>
    <trkpt lat="51.7130943" lon="4.6635009">
      <ele>-6.6</ele>
      <time>2019-08-10T18:32:33Z</time>
    </trkpt>
    <trkpt lat="51.7130794" lon="4.6633677">
      <ele>-6.8</ele>
      <time>2019-08-10T18:32:35Z</time>
    </trkpt>
    <trkpt lat="51.7130608" lon="4.6632351">
      <ele>-6.8</ele>
      <time>2019-08-10T18:32:37Z</time>
    </trkpt>
    <trkpt lat="51.7129841" lon="4.6626477">
      <ele>-7.0</ele>
      <time>2019-08-10T18:32:46Z</time>
    </trkpt>
    <trkpt lat="51.7128704" lon="4.6617559">
      <ele>-7.4</ele>
      <time>2019-08-10T18:32:58Z</time>
    </trkpt>
    <trkpt lat="51.7128142" lon="4.6613511">
      <ele>-7.6</ele>
      <time>2019-08-10T18:33:03Z</time>
    </trkpt>
    <trkpt lat="51.7127768" lon="4.6610909">
      <ele>-7.4</ele>
      <time>2019-08-10T18:33:06Z</time>
    </trkpt>
    <trkpt lat="51.7127293" lon="4.6607359">
      <ele>-7.4</ele>
      <time>2019-08-10T18:33:10Z</time>
    </trkpt>
    <trkpt lat="51.7126088" lon="4.6598436">
      <ele>-7.2</ele>
      <time>2019-08-10T18:33:20Z</time>
    </trkpt>
    <trkpt lat="51.7124836" lon="4.6589195">
      <ele>-7.0</ele>
      <time>2019-08-10T18:33:31Z</time>
    </trkpt>
    <trkpt lat="51.7124229" lon="4.6584354">
      <ele>-7.0</ele>
      <time>2019-08-10T18:33:37Z</time>
    </trkpt>
    <trkpt lat="51.7124020" lon="4.6582748">
      <ele>-7.2</ele>
      <time>2019-08-10T18:33:39Z</time>
    </trkpt>
    <trkpt lat="51.7123063" lon="4.6575174">
      <ele>-7.4</ele>
      <time>2019-08-10T18:33:48Z</time>
    </trkpt>
    <trkpt lat="51.7122054" lon="4.6567702">
      <ele>-7.4</ele>
      <time>2019-08-10T18:33:57Z</time>
    </trkpt>
    <trkpt lat="51.7120863" lon="4.6559090">
      <ele>-7.8</ele>
      <time>2019-08-10T18:34:09Z</time>
    </trkpt>
    <trkpt lat="51.7119623" lon="4.6549919">
      <ele>-7.8</ele>
      <time>2019-08-10T18:34:22Z</time>
    </trkpt>
    <trkpt lat="51.7118798" lon="4.6543987">
      <ele>-7.6</ele>
      <time>2019-08-10T18:34:31Z</time>
    </trkpt>
    <trkpt lat="51.7118420" lon="4.6541427">
      <ele>-7.6</ele>
      <time>2019-08-10T18:34:35Z</time>
    </trkpt>
    <trkpt lat="51.7117183" lon="4.6532445">
      <ele>-7.6</ele>
      <time>2019-08-10T18:34:48Z</time>
    </trkpt>
    <trkpt lat="51.7115941" lon="4.6523412">
      <ele>-7.6</ele>
      <time>2019-08-10T18:35:02Z</time>
    </trkpt>
    <trkpt lat="51.7115534" lon="4.6514177">
      <ele>-7.8</ele>
      <time>2019-08-10T18:35:15Z</time>
    </trkpt>
    <trkpt lat="51.7114585" lon="4.6504990">
      <ele>-8.0</ele>
      <time>2019-08-10T18:35:28Z</time>
    </trkpt>
    <trkpt lat="51.7112466" lon="4.6496453">
      <ele>-8.0</ele>
      <time>2019-08-10T18:35:40Z</time>
    </trkpt>
    <trkpt lat="51.7110308" lon="4.6487991">
      <ele>-10.2</ele>
      <time>2019-08-10T18:35:55Z</time>
    </trkpt>
    <trkpt lat="51.7108554" lon="4.6479270">
      <ele>-7.8</ele>
      <time>2019-08-10T18:36:07Z</time>
    </trkpt>
    <trkpt lat="51.7108534" lon="4.6478517">
      <ele>-7.6</ele>
      <time>2019-08-10T18:36:08Z</time>
    </trkpt>
    <trkpt lat="51.7108543" lon="4.6477789">
      <ele>-7.4</ele>
      <time>2019-08-10T18:36:09Z</time>
    </trkpt>
    <trkpt lat="51.7108576" lon="4.6477075">
      <ele>-7.2</ele>
      <time>2019-08-10T18:36:10Z</time>
    </trkpt>
    <trkpt lat="51.7108725" lon="4.6475705">
      <ele>-7.0</ele>
      <time>2019-08-10T18:36:12Z</time>
    </trkpt>
    <trkpt lat="51.7109176" lon="4.6473815">
      <ele>-8.2</ele>
      <time>2019-08-10T18:36:15Z</time>
    </trkpt>
    <trkpt lat="51.7109350" lon="4.6473171">
      <ele>-8.6</ele>
      <time>2019-08-10T18:36:16Z</time>
    </trkpt>
    <trkpt lat="51.7109521" lon="4.6472507">
      <ele>-8.8</ele>
      <time>2019-08-10T18:36:17Z</time>
    </trkpt>
    <trkpt lat="51.7109678" lon="4.6471840">
      <ele>-9.0</ele>
      <time>2019-08-10T18:36:18Z</time>
    </trkpt>
    <trkpt lat="51.7109856" lon="4.6471197">
      <ele>-9.2</ele>
      <time>2019-08-10T18:36:19Z</time>
    </trkpt>
    <trkpt lat="51.7110060" lon="4.6470591">
      <ele>-9.2</ele>
      <time>2019-08-10T18:36:20Z</time>
    </trkpt>
    <trkpt lat="51.7110280" lon="4.6470004">
      <ele>-9.2</ele>
      <time>2019-08-10T18:36:21Z</time>
    </trkpt>
    <trkpt lat="51.7110514" lon="4.6469425">
      <ele>-9.4</ele>
      <time>2019-08-10T18:36:22Z</time>
    </trkpt>
    <trkpt lat="51.7111287" lon="4.6467729">
      <ele>-9.6</ele>
      <time>2019-08-10T18:36:25Z</time>
    </trkpt>
    <trkpt lat="51.7111571" lon="4.6467195">
      <ele>-9.8</ele>
      <time>2019-08-10T18:36:26Z</time>
    </trkpt>
    <trkpt lat="51.7111861" lon="4.6466673">
      <ele>-9.8</ele>
      <time>2019-08-10T18:36:27Z</time>
    </trkpt>
    <trkpt lat="51.7112790" lon="4.6465136">
      <ele>-9.8</ele>
      <time>2019-08-10T18:36:30Z</time>
    </trkpt>
    <trkpt lat="51.7114075" lon="4.6462925">
      <ele>-9.8</ele>
      <time>2019-08-10T18:36:34Z</time>
    </trkpt>
    <trkpt lat="51.7116210" lon="4.6459861">
      <ele>-9.6</ele>
      <time>2019-08-10T18:36:40Z</time>
    </trkpt>
    <trkpt lat="51.7117302" lon="4.6458199">
      <ele>-9.4</ele>
      <time>2019-08-10T18:36:43Z</time>
    </trkpt>
    <trkpt lat="51.7120344" lon="4.6453690">
      <ele>-10.0</ele>
      <time>2019-08-10T18:36:51Z</time>
    </trkpt>
    <trkpt lat="51.7122860" lon="4.6448591">
      <ele>-10.8</ele>
      <time>2019-08-10T18:36:59Z</time>
    </trkpt>
    <trkpt lat="51.7123402" lon="4.6447213">
      <ele>-10.8</ele>
      <time>2019-08-10T18:37:01Z</time>
    </trkpt>
    <trkpt lat="51.7125876" lon="4.6438785">
      <ele>-11.0</ele>
      <time>2019-08-10T18:37:13Z</time>
    </trkpt>
    <trkpt lat="51.7127167" lon="4.6429785">
      <ele>-11.0</ele>
      <time>2019-08-10T18:37:25Z</time>
    </trkpt>
    <trkpt lat="51.7127375" lon="4.6421064">
      <ele>-9.2</ele>
      <time>2019-08-10T18:37:38Z</time>
    </trkpt>
    <trkpt lat="51.7126205" lon="4.6412348">
      <ele>-6.6</ele>
      <time>2019-08-10T18:37:55Z</time>
    </trkpt>
    <trkpt lat="51.7123289" lon="4.6405523">
      <ele>-5.8</ele>
      <time>2019-08-10T18:38:14Z</time>
    </trkpt>
    <trkpt lat="51.7121558" lon="4.6404527">
      <ele>-5.4</ele>
      <time>2019-08-10T18:38:19Z</time>
    </trkpt>
    <trkpt lat="51.7116042" lon="4.6407269">
      <ele>-1.2</ele>
      <time>2019-08-10T18:38:33Z</time>
    </trkpt>
    <trkpt lat="51.7114037" lon="4.6407880">
      <ele>0.8</ele>
      <time>2019-08-10T18:38:39Z</time>
    </trkpt>
    <trkpt lat="51.7116213" lon="4.6405255">
      <ele>2.4</ele>
      <time>2019-08-10T18:38:49Z</time>
    </trkpt>
    <trkpt lat="51.7118059" lon="4.6403821">
      <ele>2.6</ele>
      <time>2019-08-10T18:38:54Z</time>
    </trkpt>
    <trkpt lat="51.7122367" lon="4.6400837">
      <ele>2.6</ele>
      <time>2019-08-10T18:39:04Z</time>
    </trkpt>
    <trkpt lat="51.7124892" lon="4.6399206">
      <ele>1.8</ele>
      <time>2019-08-10T18:39:10Z</time>
    </trkpt>
    <trkpt lat="51.7126648" lon="4.6398168">
      <ele>1.8</ele>
      <time>2019-08-10T18:39:14Z</time>
    </trkpt>
    <trkpt lat="51.7128461" lon="4.6397007">
      <ele>1.4</ele>
      <time>2019-08-10T18:39:18Z</time>
    </trkpt>
    <trkpt lat="51.7133903" lon="4.6393576">
      <ele>3.4</ele>
      <time>2019-08-10T18:39:30Z</time>
    </trkpt>
    <trkpt lat="51.7135641" lon="4.6392531">
      <ele>4.6</ele>
      <time>2019-08-10T18:39:34Z</time>
    </trkpt>
    <trkpt lat="51.7136077" lon="4.6392298">
      <ele>4.6</ele>
      <time>2019-08-10T18:39:35Z</time>
    </trkpt>
    <trkpt lat="51.7136493" lon="4.6392075">
      <ele>5.0</ele>
      <time>2019-08-10T18:39:36Z</time>
    </trkpt>
    <trkpt lat="51.7137319" lon="4.6391604">
      <ele>4.2</ele>
      <time>2019-08-10T18:39:38Z</time>
    </trkpt>
    <trkpt lat="51.7138282" lon="4.6390919">
      <ele>6.2</ele>
      <time>2019-08-10T18:40:08Z</time>
    </trkpt>
    <trkpt lat="51.7138281" lon="4.6390915">
      <ele>6.2</ele>
      <time>2019-08-10T18:40:16Z</time>
    </trkpt>
    <trkpt lat="51.7138329" lon="4.6390884">
      <ele>6.2</ele>
      <time>2019-08-10T18:40:19Z</time>
    </trkpt>
    <trkpt lat="51.7138362" lon="4.6390849">
      <ele>6.2</ele>
      <time>2019-08-10T18:40:20Z</time>
    </trkpt>
    <trkpt lat="51.7138391" lon="4.6390826">
      <ele>6.2</ele>
      <time>2019-08-10T18:40:21Z</time>
    </trkpt>
    <trkpt lat="51.7138385" lon="4.6390817">
      <ele>6.2</ele>
      <time>2019-08-10T18:40:23Z</time>
    </trkpt>
    <trkpt lat="51.7138376" lon="4.6390816">
      <ele>6.2</ele>
      <time>2019-08-10T18:40:24Z</time>
    </trkpt>
    <trkpt lat="51.7138365" lon="4.6390799">
      <ele>6.2</ele>
      <time>2019-08-10T18:40:25Z</time>
    </trkpt>
    <trkpt lat="51.7138363" lon="4.6390782">
      <ele>6.2</ele>
      <time>2019-08-10T18:40:26Z</time>
    </trkpt>
    <trkpt lat="51.7138371" lon="4.6390775">
      <ele>6.0</ele>
      <time>2019-08-10T18:40:32Z</time>
    </trkpt>
    <trkpt lat="51.7138368" lon="4.6390779">
      <ele>6.0</ele>
      <time>2019-08-10T18:40:35Z</time>
    </trkpt>
    <trkpt lat="51.7138366" lon="4.6390827">
      <ele>6.0</ele>
      <time>2019-08-10T18:40:39Z</time>
    </trkpt>
    <trkpt lat="51.7138370" lon="4.6390822">
      <ele>6.0</ele>
      <time>2019-08-10T18:40:40Z</time>
    </trkpt>
    <trkpt lat="51.7138373" lon="4.6390824">
      <ele>6.0</ele>
      <time>2019-08-10T18:40:41Z</time>
    </trkpt>
    <trkpt lat="51.7138354" lon="4.6390777">
      <ele>6.2</ele>
      <time>2019-08-10T18:40:43Z</time>
    </trkpt>
    <trkpt lat="51.7138350" lon="4.6390798">
      <ele>6.2</ele>
      <time>2019-08-10T18:40:46Z</time>
    </trkpt>
    <trkpt lat="51.7138366" lon="4.6390820">
      <ele>6.2</ele>
      <time>2019-08-10T18:40:49Z</time>
    </trkpt>
    <trkpt lat="51.7138326" lon="4.6390853">
      <ele>6.4</ele>
      <time>2019-08-10T18:40:53Z</time>
    </trkpt>
    <trkpt lat="51.7138309" lon="4.6390874">
      <ele>6.6</ele>
      <time>2019-08-10T18:40:56Z</time>
    </trkpt>
    <trkpt lat="51.7138308" lon="4.6390883">
      <ele>6.6</ele>
      <time>2019-08-10T18:40:58Z</time>
    </trkpt>
    <trkpt lat="51.7138308" lon="4.6390881">
      <ele>6.4</ele>
      <time>2019-08-10T18:41:02Z</time>
    </trkpt>
    <trkpt lat="51.7138373" lon="4.6390978">
      <ele>6.4</ele>
      <time>2019-08-10T18:41:08Z</time>
    </trkpt>
    <trkpt lat="51.7138368" lon="4.6391015">
      <ele>6.6</ele>
      <time>2019-08-10T18:41:13Z</time>
    </trkpt>
    <trkpt lat="51.7138372" lon="4.6391053">
      <ele>6.8</ele>
      <time>2019-08-10T18:41:20Z</time>
    </trkpt>
    <trkpt lat="51.7138288" lon="4.6391158">
      <ele>7.0</ele>
      <time>2019-08-10T18:41:26Z</time>
    </trkpt>
    <trkpt lat="51.7138345" lon="4.6391124">
      <ele>7.0</ele>
      <time>2019-08-10T18:41:42Z</time>
    </trkpt>
    <trkpt lat="51.7139391" lon="4.6390432">
      <ele>7.2</ele>
      <time>2019-08-10T18:41:55Z</time>
    </trkpt>
    <trkpt lat="51.7140350" lon="4.6389847">
      <ele>7.0</ele>
      <time>2019-08-10T18:41:58Z</time>
    </trkpt>
    <trkpt lat="51.7140708" lon="4.6389643">
      <ele>7.2</ele>
      <time>2019-08-10T18:41:59Z</time>
    </trkpt>
    <trkpt lat="51.7141090" lon="4.6389425">
      <ele>7.0</ele>
      <time>2019-08-10T18:42:00Z</time>
    </trkpt>
    <trkpt lat="51.7141486" lon="4.6389175">
      <ele>7.0</ele>
      <time>2019-08-10T18:42:01Z</time>
    </trkpt>
    <trkpt lat="51.7141878" lon="4.6388896">
      <ele>7.4</ele>
      <time>2019-08-10T18:42:02Z</time>
    </trkpt>
    <trkpt lat="51.7142297" lon="4.6388657">
      <ele>7.4</ele>
      <time>2019-08-10T18:42:03Z</time>
    </trkpt>
    <trkpt lat="51.7143577" lon="4.6387910">
      <ele>7.4</ele>
      <time>2019-08-10T18:42:06Z</time>
    </trkpt>
    <trkpt lat="51.7144436" lon="4.6387369">
      <ele>7.6</ele>
      <time>2019-08-10T18:42:08Z</time>
    </trkpt>
    <trkpt lat="51.7147902" lon="4.6385207">
      <ele>6.8</ele>
      <time>2019-08-10T18:42:16Z</time>
    </trkpt>
    <trkpt lat="51.7148776" lon="4.6384689">
      <ele>6.8</ele>
      <time>2019-08-10T18:42:18Z</time>
    </trkpt>
    <trkpt lat="51.7149210" lon="4.6384448">
      <ele>7.0</ele>
      <time>2019-08-10T18:42:19Z</time>
    </trkpt>
    <trkpt lat="51.7154713" lon="4.6381150">
      <ele>9.6</ele>
      <time>2019-08-10T18:42:31Z</time>
    </trkpt>
    <trkpt lat="51.7159369" lon="4.6378317">
      <ele>9.0</ele>
      <time>2019-08-10T18:42:40Z</time>
    </trkpt>
    <trkpt lat="51.7159912" lon="4.6377996">
      <ele>8.8</ele>
      <time>2019-08-10T18:42:41Z</time>
    </trkpt>
    <trkpt lat="51.7160467" lon="4.6377696">
      <ele>8.6</ele>
      <time>2019-08-10T18:42:42Z</time>
    </trkpt>
    <trkpt lat="51.7162099" lon="4.6376650">
      <ele>8.2</ele>
      <time>2019-08-10T18:42:45Z</time>
    </trkpt>
    <trkpt lat="51.7167172" lon="4.6373531">
      <ele>8.0</ele>
      <time>2019-08-10T18:42:54Z</time>
    </trkpt>
    <trkpt lat="51.7172248" lon="4.6370391">
      <ele>7.4</ele>
      <time>2019-08-10T18:43:02Z</time>
    </trkpt>
    <trkpt lat="51.7174563" lon="4.6368990">
      <ele>7.4</ele>
      <time>2019-08-10T18:43:06Z</time>
    </trkpt>
    <trkpt lat="51.7180043" lon="4.6365540">
      <ele>6.8</ele>
      <time>2019-08-10T18:43:16Z</time>
    </trkpt>
    <trkpt lat="51.7185342" lon="4.6362293">
      <ele>7.2</ele>
      <time>2019-08-10T18:43:26Z</time>
    </trkpt>
    <trkpt lat="51.7187060" lon="4.6361266">
      <ele>6.6</ele>
      <time>2019-08-10T18:43:29Z</time>
    </trkpt>
    <trkpt lat="51.7189288" lon="4.6359907">
      <ele>6.4</ele>
      <time>2019-08-10T18:43:33Z</time>
    </trkpt>
    <trkpt lat="51.7194690" lon="4.6356674">
      <ele>5.6</ele>
      <time>2019-08-10T18:43:43Z</time>
    </trkpt>
    <trkpt lat="51.7200253" lon="4.6353295">
      <ele>3.8</ele>
      <time>2019-08-10T18:43:53Z</time>
    </trkpt>
    <trkpt lat="51.7203013" lon="4.6351671">
      <ele>3.6</ele>
      <time>2019-08-10T18:43:58Z</time>
    </trkpt>
    <trkpt lat="51.7205300" lon="4.6350290">
      <ele>4.2</ele>
      <time>2019-08-10T18:44:02Z</time>
    </trkpt>
    <trkpt lat="51.7210389" lon="4.6347184">
      <ele>3.8</ele>
      <time>2019-08-10T18:44:11Z</time>
    </trkpt>
    <trkpt lat="51.7213919" lon="4.6345019">
      <ele>3.8</ele>
      <time>2019-08-10T18:44:17Z</time>
    </trkpt>
    <trkpt lat="51.7216244" lon="4.6343565">
      <ele>3.2</ele>
      <time>2019-08-10T18:44:21Z</time>
    </trkpt>
    <trkpt lat="51.7221925" lon="4.6340825">
      <ele>1.8</ele>
      <time>2019-08-10T18:44:30Z</time>
    </trkpt>
    <trkpt lat="51.7222594" lon="4.6340590">
      <ele>2.0</ele>
      <time>2019-08-10T18:44:31Z</time>
    </trkpt>
    <trkpt lat="51.7228044" lon="4.6337692">
      <ele>3.2</ele>
      <time>2019-08-10T18:44:40Z</time>
    </trkpt>
    <trkpt lat="51.7230456" lon="4.6336403">
      <ele>2.6</ele>
      <time>2019-08-10T18:44:44Z</time>
    </trkpt>
    <trkpt lat="51.7233646" lon="4.6334649">
      <ele>1.4</ele>
      <time>2019-08-10T18:44:49Z</time>
    </trkpt>
    <trkpt lat="51.7237532" lon="4.6332724">
      <ele>2.0</ele>
      <time>2019-08-10T18:44:55Z</time>
    </trkpt>
    <trkpt lat="51.7242961" lon="4.6330373">
      <ele>1.0</ele>
      <time>2019-08-10T18:45:03Z</time>
    </trkpt>
    <trkpt lat="51.7248701" lon="4.6328314">
      <ele>-0.6</ele>
      <time>2019-08-10T18:45:12Z</time>
    </trkpt>
    <trkpt lat="51.7254376" lon="4.6326584">
      <ele>-2.6</ele>
      <time>2019-08-10T18:45:21Z</time>
    </trkpt>
    <trkpt lat="51.7260247" lon="4.6325068">
      <ele>-4.2</ele>
      <time>2019-08-10T18:45:30Z</time>
    </trkpt>
    <trkpt lat="51.7265613" lon="4.6324064">
      <ele>-5.2</ele>
      <time>2019-08-10T18:45:38Z</time>
    </trkpt>
    <trkpt lat="51.7270836" lon="4.6323423">
      <ele>-5.4</ele>
      <time>2019-08-10T18:45:46Z</time>
    </trkpt>
    <trkpt lat="51.7276653" lon="4.6323050">
      <ele>-6.4</ele>
      <time>2019-08-10T18:45:55Z</time>
    </trkpt>
    <trkpt lat="51.7282195" lon="4.6323177">
      <ele>-8.2</ele>
      <time>2019-08-10T18:46:03Z</time>
    </trkpt>
    <trkpt lat="51.7287972" lon="4.6323669">
      <ele>-10.4</ele>
      <time>2019-08-10T18:46:11Z</time>
    </trkpt>
    <trkpt lat="51.7292190" lon="4.6324350">
      <ele>-10.8</ele>
      <time>2019-08-10T18:46:17Z</time>
    </trkpt>
    <trkpt lat="51.7297684" lon="4.6325413">
      <ele>-11.4</ele>
      <time>2019-08-10T18:46:25Z</time>
    </trkpt>
    <trkpt lat="51.7299661" lon="4.6325800">
      <ele>-11.6</ele>
      <time>2019-08-10T18:46:28Z</time>
    </trkpt>
    <trkpt lat="51.7305454" lon="4.6327200">
      <ele>-11.0</ele>
      <time>2019-08-10T18:46:37Z</time>
    </trkpt>
    <trkpt lat="51.7310985" lon="4.6328448">
      <ele>-7.4</ele>
      <time>2019-08-10T18:46:46Z</time>
    </trkpt>
    <trkpt lat="51.7315407" lon="4.6330892">
      <ele>-1.6</ele>
      <time>2019-08-10T18:46:55Z</time>
    </trkpt>
    <trkpt lat="51.7316220" lon="4.6332020">
      <ele>-0.6</ele>
      <time>2019-08-10T18:46:57Z</time>
    </trkpt>
    <trkpt lat="51.7319754" lon="4.6339140">
      <ele>3.8</ele>
      <time>2019-08-10T18:47:06Z</time>
    </trkpt>
    <trkpt lat="51.7322927" lon="4.6346387">
      <ele>5.0</ele>
      <time>2019-08-10T18:47:14Z</time>
    </trkpt>
    <trkpt lat="51.7326150" lon="4.6353765">
      <ele>4.0</ele>
      <time>2019-08-10T18:47:24Z</time>
    </trkpt>
    <trkpt lat="51.7328137" lon="4.6358315">
      <ele>2.6</ele>
      <time>2019-08-10T18:47:40Z</time>
    </trkpt>
    <trkpt lat="51.7328111" lon="4.6358244">
      <ele>2.8</ele>
      <time>2019-08-10T18:48:08Z</time>
    </trkpt>
    <trkpt lat="51.7327985" lon="4.6358197">
      <ele>2.4</ele>
      <time>2019-08-10T18:48:19Z</time>
    </trkpt>
    <trkpt lat="51.7328018" lon="4.6358217">
      <ele>0.6</ele>
      <time>2019-08-10T18:48:22Z</time>
    </trkpt>
    <trkpt lat="51.7329130" lon="4.6358099">
      <ele>1.2</ele>
      <time>2019-08-10T18:49:56Z</time>
    </trkpt>
    <trkpt lat="51.7329418" lon="4.6358013">
      <ele>1.2</ele>
      <time>2019-08-10T18:49:57Z</time>
    </trkpt>
    <trkpt lat="51.7331340" lon="4.6356888">
      <ele>1.2</ele>
      <time>2019-08-10T18:50:02Z</time>
    </trkpt>
    <trkpt lat="51.7331821" lon="4.6356684">
      <ele>1.2</ele>
      <time>2019-08-10T18:50:03Z</time>
    </trkpt>
    <trkpt lat="51.7337131" lon="4.6355708">
      <ele>0.0</ele>
      <time>2019-08-10T18:50:13Z</time>
    </trkpt>
    <trkpt lat="51.7337699" lon="4.6355592">
      <ele>-0.2</ele>
      <time>2019-08-10T18:50:14Z</time>
    </trkpt>
    <trkpt lat="51.7338262" lon="4.6355490">
      <ele>-0.4</ele>
      <time>2019-08-10T18:50:15Z</time>
    </trkpt>
    <trkpt lat="51.7343653" lon="4.6354522">
      <ele>0.8</ele>
      <time>2019-08-10T18:50:26Z</time>
    </trkpt>
    <trkpt lat="51.7344147" lon="4.6354506">
      <ele>1.0</ele>
      <time>2019-08-10T18:50:27Z</time>
    </trkpt>
    <trkpt lat="51.7344637" lon="4.6354471">
      <ele>1.0</ele>
      <time>2019-08-10T18:50:28Z</time>
    </trkpt>
    <trkpt lat="51.7345639" lon="4.6354289">
      <ele>1.8</ele>
      <time>2019-08-10T18:50:30Z</time>
    </trkpt>
    <trkpt lat="51.7346690" lon="4.6354100">
      <ele>2.2</ele>
      <time>2019-08-10T18:50:32Z</time>
    </trkpt>
    <trkpt lat="51.7347747" lon="4.6353943">
      <ele>3.0</ele>
      <time>2019-08-10T18:50:34Z</time>
    </trkpt>
    <trkpt lat="51.7348776" lon="4.6353731">
      <ele>3.8</ele>
      <time>2019-08-10T18:50:36Z</time>
    </trkpt>
    <trkpt lat="51.7349271" lon="4.6353565">
      <ele>4.0</ele>
      <time>2019-08-10T18:50:37Z</time>
    </trkpt>
    <trkpt lat="51.7350230" lon="4.6353375">
      <ele>4.2</ele>
      <time>2019-08-10T18:50:39Z</time>
    </trkpt>
    <trkpt lat="51.7353964" lon="4.6352978">
      <ele>2.8</ele>
      <time>2019-08-10T18:50:48Z</time>
    </trkpt>
    <trkpt lat="51.7357316" lon="4.6351892">
      <ele>0.2</ele>
      <time>2019-08-10T18:50:56Z</time>
    </trkpt>
    <trkpt lat="51.7357745" lon="4.6351628">
      <ele>0.0</ele>
      <time>2019-08-10T18:50:57Z</time>
    </trkpt>
    <trkpt lat="51.7360550" lon="4.6349481">
      <ele>-1.2</ele>
      <time>2019-08-10T18:51:04Z</time>
    </trkpt>
    <trkpt lat="51.7360923" lon="4.6349125">
      <ele>-1.2</ele>
      <time>2019-08-10T18:51:05Z</time>
    </trkpt>
    <trkpt lat="51.7361267" lon="4.6348723">
      <ele>-1.2</ele>
      <time>2019-08-10T18:51:06Z</time>
    </trkpt>
    <trkpt lat="51.7364234" lon="4.6344724">
      <ele>-2.6</ele>
      <time>2019-08-10T18:51:15Z</time>
    </trkpt>
    <trkpt lat="51.7364565" lon="4.6344221">
      <ele>-2.8</ele>
      <time>2019-08-10T18:51:16Z</time>
    </trkpt>
    <trkpt lat="51.7367662" lon="4.6339347">
      <ele>-2.6</ele>
      <time>2019-08-10T18:51:25Z</time>
    </trkpt>
    <trkpt lat="51.7371510" lon="4.6333126">
      <ele>-2.4</ele>
      <time>2019-08-10T18:51:35Z</time>
    </trkpt>
    <trkpt lat="51.7372024" lon="4.6331760">
      <ele>-3.0</ele>
      <time>2019-08-10T18:51:37Z</time>
    </trkpt>
    <trkpt lat="51.7373304" lon="4.6329191">
      <ele>-4.2</ele>
      <time>2019-08-10T18:51:43Z</time>
    </trkpt>
    <trkpt lat="51.7374208" lon="4.6328933">
      <ele>-4.2</ele>
      <time>2019-08-10T18:51:45Z</time>
    </trkpt>
    <trkpt lat="51.7379535" lon="4.6331324">
      <ele>-5.0</ele>
      <time>2019-08-10T18:51:55Z</time>
    </trkpt>
    <trkpt lat="51.7385060" lon="4.6333805">
      <ele>-6.2</ele>
      <time>2019-08-10T18:52:04Z</time>
    </trkpt>
    <trkpt lat="51.7390822" lon="4.6336236">
      <ele>-6.8</ele>
      <time>2019-08-10T18:52:13Z</time>
    </trkpt>
    <trkpt lat="51.7395318" lon="4.6338069">
      <ele>-8.0</ele>
      <time>2019-08-10T18:52:20Z</time>
    </trkpt>
    <trkpt lat="51.7395974" lon="4.6338334">
      <ele>-8.4</ele>
      <time>2019-08-10T18:52:21Z</time>
    </trkpt>
    <trkpt lat="51.7397350" lon="4.6338897">
      <ele>-8.8</ele>
      <time>2019-08-10T18:52:23Z</time>
    </trkpt>
    <trkpt lat="51.7398751" lon="4.6339501">
      <ele>-9.8</ele>
      <time>2019-08-10T18:52:25Z</time>
    </trkpt>
    <trkpt lat="51.7404651" lon="4.6341805">
      <ele>-9.8</ele>
      <time>2019-08-10T18:52:33Z</time>
    </trkpt>
    <trkpt lat="51.7407617" lon="4.6343017">
      <ele>-11.4</ele>
      <time>2019-08-10T18:52:37Z</time>
    </trkpt>
    <trkpt lat="51.7412784" lon="4.6345211">
      <ele>-8.0</ele>
      <time>2019-08-10T18:52:44Z</time>
    </trkpt>
    <trkpt lat="51.7416312" lon="4.6346616">
      <ele>-6.2</ele>
      <time>2019-08-10T18:52:49Z</time>
    </trkpt>
    <trkpt lat="51.7421066" lon="4.6348660">
      <ele>-6.8</ele>
      <time>2019-08-10T18:52:56Z</time>
    </trkpt>
    <trkpt lat="51.7424984" lon="4.6350371">
      <ele>-7.4</ele>
      <time>2019-08-10T18:53:02Z</time>
    </trkpt>
    <trkpt lat="51.7426974" lon="4.6351200">
      <ele>-7.8</ele>
      <time>2019-08-10T18:53:05Z</time>
    </trkpt>
    <trkpt lat="51.7432321" lon="4.6353366">
      <ele>-8.4</ele>
      <time>2019-08-10T18:53:13Z</time>
    </trkpt>
    <trkpt lat="51.7435588" lon="4.6354599">
      <ele>-8.0</ele>
      <time>2019-08-10T18:53:18Z</time>
    </trkpt>
    <trkpt lat="51.7440966" lon="4.6356567">
      <ele>-5.8</ele>
      <time>2019-08-10T18:53:26Z</time>
    </trkpt>
    <trkpt lat="51.7446554" lon="4.6358754">
      <ele>-6.0</ele>
      <time>2019-08-10T18:53:34Z</time>
    </trkpt>
    <trkpt lat="51.7452324" lon="4.6361119">
      <ele>-6.6</ele>
      <time>2019-08-10T18:53:42Z</time>
    </trkpt>
    <trkpt lat="51.7456776" lon="4.6362744">
      <ele>-5.4</ele>
      <time>2019-08-10T18:53:48Z</time>
    </trkpt>
    <trkpt lat="51.7458252" lon="4.6363335">
      <ele>-5.4</ele>
      <time>2019-08-10T18:53:50Z</time>
    </trkpt>
    <trkpt lat="51.7460499" lon="4.6364289">
      <ele>-5.4</ele>
      <time>2019-08-10T18:53:53Z</time>
    </trkpt>
    <trkpt lat="51.7464145" lon="4.6365855">
      <ele>-6.2</ele>
      <time>2019-08-10T18:53:58Z</time>
    </trkpt>
    <trkpt lat="51.7464878" lon="4.6366144">
      <ele>-6.0</ele>
      <time>2019-08-10T18:53:59Z</time>
    </trkpt>
    <trkpt lat="51.7470638" lon="4.6368578">
      <ele>-6.2</ele>
      <time>2019-08-10T18:54:07Z</time>
    </trkpt>
    <trkpt lat="51.7475950" lon="4.6370677">
      <ele>-6.8</ele>
      <time>2019-08-10T18:54:15Z</time>
    </trkpt>
    <trkpt lat="51.7480409" lon="4.6372508">
      <ele>-7.4</ele>
      <time>2019-08-10T18:54:22Z</time>
    </trkpt>
    <trkpt lat="51.7482358" lon="4.6373334">
      <ele>-7.0</ele>
      <time>2019-08-10T18:54:25Z</time>
    </trkpt>
    <trkpt lat="51.7488037" lon="4.6375665">
      <ele>-6.6</ele>
      <time>2019-08-10T18:54:35Z</time>
    </trkpt>
    <trkpt lat="51.7493606" lon="4.6377716">
      <ele>-4.2</ele>
      <time>2019-08-10T18:54:45Z</time>
    </trkpt>
    <trkpt lat="51.7499377" lon="4.6380024">
      <ele>-3.8</ele>
      <time>2019-08-10T18:54:54Z</time>
    </trkpt>
    <trkpt lat="51.7505266" lon="4.6382256">
      <ele>-3.8</ele>
      <time>2019-08-10T18:55:01Z</time>
    </trkpt>
    <trkpt lat="51.7511128" lon="4.6384654">
      <ele>-5.0</ele>
      <time>2019-08-10T18:55:08Z</time>
    </trkpt>
    <trkpt lat="51.7516879" lon="4.6386907">
      <ele>-6.2</ele>
      <time>2019-08-10T18:55:15Z</time>
    </trkpt>
    <trkpt lat="51.7522718" lon="4.6389011">
      <ele>-5.4</ele>
      <time>2019-08-10T18:55:22Z</time>
    </trkpt>
    <trkpt lat="51.7525930" lon="4.6390226">
      <ele>-5.4</ele>
      <time>2019-08-10T18:55:26Z</time>
    </trkpt>
    <trkpt lat="51.7531344" lon="4.6392537">
      <ele>-6.4</ele>
      <time>2019-08-10T18:55:33Z</time>
    </trkpt>
    <trkpt lat="51.7532875" lon="4.6393213">
      <ele>-6.2</ele>
      <time>2019-08-10T18:55:35Z</time>
    </trkpt>
    <trkpt lat="51.7533616" lon="4.6393522">
      <ele>-6.4</ele>
      <time>2019-08-10T18:55:36Z</time>
    </trkpt>
    <trkpt lat="51.7534358" lon="4.6393856">
      <ele>-6.4</ele>
      <time>2019-08-10T18:55:37Z</time>
    </trkpt>
    <trkpt lat="51.7540145" lon="4.6396219">
      <ele>-6.6</ele>
      <time>2019-08-10T18:55:45Z</time>
    </trkpt>
    <trkpt lat="51.7540833" lon="4.6396449">
      <ele>-6.8</ele>
      <time>2019-08-10T18:55:46Z</time>
    </trkpt>
    <trkpt lat="51.7543598" lon="4.6397524">
      <ele>-7.2</ele>
      <time>2019-08-10T18:55:50Z</time>
    </trkpt>
    <trkpt lat="51.7544281" lon="4.6397836">
      <ele>-7.6</ele>
      <time>2019-08-10T18:55:51Z</time>
    </trkpt>
    <trkpt lat="51.7549168" lon="4.6399834">
      <ele>-8.4</ele>
      <time>2019-08-10T18:55:58Z</time>
    </trkpt>
    <trkpt lat="51.7549879" lon="4.6400153">
      <ele>-8.4</ele>
      <time>2019-08-10T18:55:59Z</time>
    </trkpt>
    <trkpt lat="51.7551982" lon="4.6401071">
      <ele>-9.0</ele>
      <time>2019-08-10T18:56:02Z</time>
    </trkpt>
    <trkpt lat="51.7557742" lon="4.6403389">
      <ele>-9.2</ele>
      <time>2019-08-10T18:56:10Z</time>
    </trkpt>
    <trkpt lat="51.7563327" lon="4.6405563">
      <ele>-11.0</ele>
      <time>2019-08-10T18:56:18Z</time>
    </trkpt>
    <trkpt lat="51.7569070" lon="4.6407857">
      <ele>-13.0</ele>
      <time>2019-08-10T18:56:26Z</time>
    </trkpt>
    <trkpt lat="51.7571814" lon="4.6408766">
      <ele>-12.8</ele>
      <time>2019-08-10T18:56:30Z</time>
    </trkpt>
    <trkpt lat="51.7577081" lon="4.6411074">
      <ele>-13.4</ele>
      <time>2019-08-10T18:56:39Z</time>
    </trkpt>
    <trkpt lat="51.7582419" lon="4.6413485">
      <ele>-13.8</ele>
      <time>2019-08-10T18:56:48Z</time>
    </trkpt>
    <trkpt lat="51.7588259" lon="4.6416064">
      <ele>-16.0</ele>
      <time>2019-08-10T18:56:57Z</time>
    </trkpt>
    <trkpt lat="51.7594066" lon="4.6418575">
      <ele>-17.0</ele>
      <time>2019-08-10T18:57:06Z</time>
    </trkpt>
    <trkpt lat="51.7597761" lon="4.6420093">
      <ele>-18.0</ele>
      <time>2019-08-10T18:57:12Z</time>
    </trkpt>
    <trkpt lat="51.7598955" lon="4.6420515">
      <ele>-18.4</ele>
      <time>2019-08-10T18:57:14Z</time>
    </trkpt>
    <trkpt lat="51.7604750" lon="4.6422900">
      <ele>-18.2</ele>
      <time>2019-08-10T18:57:23Z</time>
    </trkpt>
    <trkpt lat="51.7608101" lon="4.6424280">
      <ele>-17.8</ele>
      <time>2019-08-10T18:57:28Z</time>
    </trkpt>
    <trkpt lat="51.7611470" lon="4.6425806">
      <ele>-17.4</ele>
      <time>2019-08-10T18:57:33Z</time>
    </trkpt>
    <trkpt lat="51.7616988" lon="4.6428161">
      <ele>-17.2</ele>
      <time>2019-08-10T18:57:41Z</time>
    </trkpt>
    <trkpt lat="51.7617693" lon="4.6428399">
      <ele>-17.0</ele>
      <time>2019-08-10T18:57:42Z</time>
    </trkpt>
    <trkpt lat="51.7618398" lon="4.6428612">
      <ele>-17.0</ele>
      <time>2019-08-10T18:57:43Z</time>
    </trkpt>
    <trkpt lat="51.7623688" lon="4.6430833">
      <ele>-15.8</ele>
      <time>2019-08-10T18:57:51Z</time>
    </trkpt>
    <trkpt lat="51.7625446" lon="4.6431509">
      <ele>-15.6</ele>
      <time>2019-08-10T18:57:54Z</time>
    </trkpt>
    <trkpt lat="51.7625954" lon="4.6431630">
      <ele>-15.2</ele>
      <time>2019-08-10T18:57:55Z</time>
    </trkpt>
    <trkpt lat="51.7626439" lon="4.6431722">
      <ele>-14.8</ele>
      <time>2019-08-10T18:57:56Z</time>
    </trkpt>
    <trkpt lat="51.7626910" lon="4.6431802">
      <ele>-14.6</ele>
      <time>2019-08-10T18:57:57Z</time>
    </trkpt>
    <trkpt lat="51.7628859" lon="4.6432286">
      <ele>-13.2</ele>
      <time>2019-08-10T18:58:01Z</time>
    </trkpt>
    <trkpt lat="51.7634836" lon="4.6432793">
      <ele>-11.0</ele>
      <time>2019-08-10T18:58:10Z</time>
    </trkpt>
    <trkpt lat="51.7640350" lon="4.6433180">
      <ele>-12.2</ele>
      <time>2019-08-10T18:58:17Z</time>
    </trkpt>
    <trkpt lat="51.7645963" lon="4.6433293">
      <ele>-12.2</ele>
      <time>2019-08-10T18:58:24Z</time>
    </trkpt>
    <trkpt lat="51.7648129" lon="4.6433363">
      <ele>-10.4</ele>
      <time>2019-08-10T18:58:27Z</time>
    </trkpt>
    <trkpt lat="51.7650826" lon="4.6433612">
      <ele>-9.8</ele>
      <time>2019-08-10T18:58:31Z</time>
    </trkpt>
    <trkpt lat="51.7653366" lon="4.6433765">
      <ele>-9.2</ele>
      <time>2019-08-10T18:58:35Z</time>
    </trkpt>
    <trkpt lat="51.7658813" lon="4.6434078">
      <ele>-7.6</ele>
      <time>2019-08-10T18:58:44Z</time>
    </trkpt>
    <trkpt lat="51.7660533" lon="4.6434133">
      <ele>-7.4</ele>
      <time>2019-08-10T18:58:47Z</time>
    </trkpt>
    <trkpt lat="51.7666099" lon="4.6434397">
      <ele>-8.6</ele>
      <time>2019-08-10T18:58:56Z</time>
    </trkpt>
    <trkpt lat="51.7671823" lon="4.6435007">
      <ele>-11.0</ele>
      <time>2019-08-10T18:59:05Z</time>
    </trkpt>
    <trkpt lat="51.7677491" lon="4.6435552">
      <ele>-7.4</ele>
      <time>2019-08-10T18:59:15Z</time>
    </trkpt>
    <trkpt lat="51.7678037" lon="4.6435491">
      <ele>-7.4</ele>
      <time>2019-08-10T18:59:16Z</time>
    </trkpt>
    <trkpt lat="51.7678597" lon="4.6435521">
      <ele>-7.6</ele>
      <time>2019-08-10T18:59:17Z</time>
    </trkpt>
    <trkpt lat="51.7681823" lon="4.6435542">
      <ele>-10.0</ele>
      <time>2019-08-10T18:59:23Z</time>
    </trkpt>
    <trkpt lat="51.7682374" lon="4.6435547">
      <ele>-10.0</ele>
      <time>2019-08-10T18:59:24Z</time>
    </trkpt>
    <trkpt lat="51.7687929" lon="4.6436075">
      <ele>-10.2</ele>
      <time>2019-08-10T18:59:33Z</time>
    </trkpt>
    <trkpt lat="51.7693326" lon="4.6436659">
      <ele>-8.4</ele>
      <time>2019-08-10T18:59:42Z</time>
    </trkpt>
    <trkpt lat="51.7698018" lon="4.6436939">
      <ele>-8.6</ele>
      <time>2019-08-10T18:59:50Z</time>
    </trkpt>
    <trkpt lat="51.7703418" lon="4.6437246">
      <ele>-3.8</ele>
      <time>2019-08-10T18:59:59Z</time>
    </trkpt>
    <trkpt lat="51.7706442" lon="4.6437427">
      <ele>-3.2</ele>
      <time>2019-08-10T19:00:04Z</time>
    </trkpt>
    <trkpt lat="51.7707039" lon="4.6437495">
      <ele>-3.2</ele>
      <time>2019-08-10T19:00:05Z</time>
    </trkpt>
    <trkpt lat="51.7712848" lon="4.6437821">
      <ele>-5.4</ele>
      <time>2019-08-10T19:00:15Z</time>
    </trkpt>
    <trkpt lat="51.7717726" lon="4.6438158">
      <ele>-2.8</ele>
      <time>2019-08-10T19:00:23Z</time>
    </trkpt>
    <trkpt lat="51.7719556" lon="4.6438303">
      <ele>-1.6</ele>
      <time>2019-08-10T19:00:26Z</time>
    </trkpt>
    <trkpt lat="51.7720120" lon="4.6438339">
      <ele>-1.6</ele>
      <time>2019-08-10T19:00:27Z</time>
    </trkpt>
    <trkpt lat="51.7720666" lon="4.6438369">
      <ele>-1.8</ele>
      <time>2019-08-10T19:00:28Z</time>
    </trkpt>
    <trkpt lat="51.7721162" lon="4.6438351">
      <ele>-1.8</ele>
      <time>2019-08-10T19:00:29Z</time>
    </trkpt>
    <trkpt lat="51.7723297" lon="4.6438322">
      <ele>-0.8</ele>
      <time>2019-08-10T19:00:39Z</time>
    </trkpt>
    <trkpt lat="51.7725610" lon="4.6438811">
      <ele>-1.2</ele>
      <time>2019-08-10T19:00:45Z</time>
    </trkpt>
    <trkpt lat="51.7730911" lon="4.6438691">
      <ele>-0.4</ele>
      <time>2019-08-10T19:00:55Z</time>
    </trkpt>
    <trkpt lat="51.7734753" lon="4.6438900">
      <ele>-0.6</ele>
      <time>2019-08-10T19:01:02Z</time>
    </trkpt>
    <trkpt lat="51.7737492" lon="4.6439070">
      <ele>-1.4</ele>
      <time>2019-08-10T19:01:08Z</time>
    </trkpt>
    <trkpt lat="51.7737917" lon="4.6439098">
      <ele>-1.6</ele>
      <time>2019-08-10T19:01:09Z</time>
    </trkpt>
    <trkpt lat="51.7738318" lon="4.6439082">
      <ele>-2.8</ele>
      <time>2019-08-10T19:01:10Z</time>
    </trkpt>
    <trkpt lat="51.7738703" lon="4.6439119">
      <ele>-2.8</ele>
      <time>2019-08-10T19:01:11Z</time>
    </trkpt>
    <trkpt lat="51.7739103" lon="4.6439208">
      <ele>-2.6</ele>
      <time>2019-08-10T19:01:12Z</time>
    </trkpt>
    <trkpt lat="51.7740203" lon="4.6439446">
      <ele>-3.0</ele>
      <time>2019-08-10T19:01:15Z</time>
    </trkpt>
    <trkpt lat="51.7741009" lon="4.6439483">
      <ele>-3.6</ele>
      <time>2019-08-10T19:01:17Z</time>
    </trkpt>
    <trkpt lat="51.7741415" lon="4.6439576">
      <ele>-4.0</ele>
      <time>2019-08-10T19:01:18Z</time>
    </trkpt>
    <trkpt lat="51.7741827" lon="4.6439676">
      <ele>-4.0</ele>
      <time>2019-08-10T19:01:19Z</time>
    </trkpt>
    <trkpt lat="51.7743028" lon="4.6439759">
      <ele>-3.6</ele>
      <time>2019-08-10T19:01:22Z</time>
    </trkpt>
    <trkpt lat="51.7746304" lon="4.6440882">
      <ele>-4.0</ele>
      <time>2019-08-10T19:01:31Z</time>
    </trkpt>
    <trkpt lat="51.7747200" lon="4.6442078">
      <ele>-3.8</ele>
      <time>2019-08-10T19:01:35Z</time>
    </trkpt>
    <trkpt lat="51.7747921" lon="4.6443287">
      <ele>-3.8</ele>
      <time>2019-08-10T19:01:39Z</time>
    </trkpt>
    <trkpt lat="51.7748061" lon="4.6443616">
      <ele>-3.8</ele>
      <time>2019-08-10T19:01:40Z</time>
    </trkpt>
    <trkpt lat="51.7748208" lon="4.6443883">
      <ele>-3.6</ele>
      <time>2019-08-10T19:01:41Z</time>
    </trkpt>
    <trkpt lat="51.7748343" lon="4.6444161">
      <ele>-3.6</ele>
      <time>2019-08-10T19:01:42Z</time>
    </trkpt>
    <trkpt lat="51.7749275" lon="4.6445409">
      <ele>-3.6</ele>
      <time>2019-08-10T19:01:49Z</time>
    </trkpt>
    <trkpt lat="51.7749409" lon="4.6445363">
      <ele>-3.6</ele>
      <time>2019-08-10T19:01:50Z</time>
    </trkpt>
    <trkpt lat="51.7754361" lon="4.6440649">
      <ele>-3.0</ele>
      <time>2019-08-10T19:02:07Z</time>
    </trkpt>
    <trkpt lat="51.7757522" lon="4.6439287">
      <ele>-2.4</ele>
      <time>2019-08-10T19:02:14Z</time>
    </trkpt>
    <trkpt lat="51.7758461" lon="4.6439334">
      <ele>-2.4</ele>
      <time>2019-08-10T19:02:16Z</time>
    </trkpt>
    <trkpt lat="51.7759406" lon="4.6439396">
      <ele>-2.2</ele>
      <time>2019-08-10T19:02:18Z</time>
    </trkpt>
    <trkpt lat="51.7759884" lon="4.6439414">
      <ele>-2.0</ele>
      <time>2019-08-10T19:02:19Z</time>
    </trkpt>
    <trkpt lat="51.7761317" lon="4.6439453">
      <ele>-2.0</ele>
      <time>2019-08-10T19:02:22Z</time>
    </trkpt>
    <trkpt lat="51.7764406" lon="4.6439064">
      <ele>-0.6</ele>
      <time>2019-08-10T19:02:35Z</time>
    </trkpt>
    <trkpt lat="51.7765186" lon="4.6439194">
      <ele>-0.6</ele>
      <time>2019-08-10T19:03:08Z</time>
    </trkpt>
    <trkpt lat="51.7767357" lon="4.6440327">
      <ele>2.8</ele>
      <time>2019-08-10T19:03:15Z</time>
    </trkpt>
    <trkpt lat="51.7768654" lon="4.6440553">
      <ele>3.4</ele>
      <time>2019-08-10T19:03:18Z</time>
    </trkpt>
    <trkpt lat="51.7769121" lon="4.6440560">
      <ele>3.8</ele>
      <time>2019-08-10T19:03:19Z</time>
    </trkpt>
    <trkpt lat="51.7770087" lon="4.6440660">
      <ele>3.8</ele>
      <time>2019-08-10T19:03:21Z</time>
    </trkpt>
    <trkpt lat="51.7770577" lon="4.6440696">
      <ele>3.8</ele>
      <time>2019-08-10T19:03:22Z</time>
    </trkpt>
    <trkpt lat="51.7771069" lon="4.6440711">
      <ele>4.0</ele>
      <time>2019-08-10T19:03:23Z</time>
    </trkpt>
    <trkpt lat="51.7771578" lon="4.6440684">
      <ele>3.6</ele>
      <time>2019-08-10T19:03:24Z</time>
    </trkpt>
    <trkpt lat="51.7772089" lon="4.6440603">
      <ele>3.0</ele>
      <time>2019-08-10T19:03:25Z</time>
    </trkpt>
    <trkpt lat="51.7776890" lon="4.6439955">
      <ele>-1.0</ele>
      <time>2019-08-10T19:03:34Z</time>
    </trkpt>
    <trkpt lat="51.7777393" lon="4.6439972">
      <ele>-1.2</ele>
      <time>2019-08-10T19:03:35Z</time>
    </trkpt>
    <trkpt lat="51.7777916" lon="4.6440007">
      <ele>-1.0</ele>
      <time>2019-08-10T19:03:36Z</time>
    </trkpt>
    <trkpt lat="51.7779446" lon="4.6440114">
      <ele>-0.6</ele>
      <time>2019-08-10T19:03:39Z</time>
    </trkpt>
    <trkpt lat="51.7783019" lon="4.6439860">
      <ele>-0.4</ele>
      <time>2019-08-10T19:03:46Z</time>
    </trkpt>
    <trkpt lat="51.7783492" lon="4.6439725">
      <ele>-0.4</ele>
      <time>2019-08-10T19:03:47Z</time>
    </trkpt>
    <trkpt lat="51.7783967" lon="4.6439594">
      <ele>-0.6</ele>
      <time>2019-08-10T19:03:48Z</time>
    </trkpt>
    <trkpt lat="51.7784422" lon="4.6439526">
      <ele>-0.4</ele>
      <time>2019-08-10T19:03:49Z</time>
    </trkpt>
    <trkpt lat="51.7787396" lon="4.6439396">
      <ele>1.0</ele>
      <time>2019-08-10T19:03:55Z</time>
    </trkpt>
    <trkpt lat="51.7788953" lon="4.6439427">
      <ele>0.6</ele>
      <time>2019-08-10T19:03:58Z</time>
    </trkpt>
    <trkpt lat="51.7790509" lon="4.6439582">
      <ele>0.6</ele>
      <time>2019-08-10T19:04:01Z</time>
    </trkpt>
    <trkpt lat="51.7793726" lon="4.6439753">
      <ele>2.2</ele>
      <time>2019-08-10T19:04:07Z</time>
    </trkpt>
    <trkpt lat="51.7798098" lon="4.6439841">
      <ele>-1.4</ele>
      <time>2019-08-10T19:04:24Z</time>
    </trkpt>
    <trkpt lat="51.7803544" lon="4.6440344">
      <ele>-1.4</ele>
      <time>2019-08-10T19:04:37Z</time>
    </trkpt>
    <trkpt lat="51.7808944" lon="4.6440641">
      <ele>-0.2</ele>
      <time>2019-08-10T19:04:47Z</time>
    </trkpt>
    <trkpt lat="51.7812409" lon="4.6440761">
      <ele>2.6</ele>
      <time>2019-08-10T19:04:53Z</time>
    </trkpt>
    <trkpt lat="51.7818463" lon="4.6440128">
      <ele>14.4</ele>
      <time>2019-08-10T19:05:03Z</time>
    </trkpt>
    <trkpt lat="51.7819067" lon="4.6440131">
      <ele>14.2</ele>
      <time>2019-08-10T19:05:04Z</time>
    </trkpt>
    <trkpt lat="51.7819666" lon="4.6440106">
      <ele>14.4</ele>
      <time>2019-08-10T19:05:05Z</time>
    </trkpt>
    <trkpt lat="51.7820854" lon="4.6440037">
      <ele>14.8</ele>
      <time>2019-08-10T19:05:07Z</time>
    </trkpt>
    <trkpt lat="51.7821496" lon="4.6440062">
      <ele>15.0</ele>
      <time>2019-08-10T19:05:08Z</time>
    </trkpt>
    <trkpt lat="51.7822677" lon="4.6440110">
      <ele>14.8</ele>
      <time>2019-08-10T19:05:10Z</time>
    </trkpt>
    <trkpt lat="51.7825305" lon="4.6440248">
      <ele>14.0</ele>
      <time>2019-08-10T19:05:14Z</time>
    </trkpt>
    <trkpt lat="51.7825954" lon="4.6440280">
      <ele>13.8</ele>
      <time>2019-08-10T19:05:15Z</time>
    </trkpt>
    <trkpt lat="51.7827788" lon="4.6440525">
      <ele>15.2</ele>
      <time>2019-08-10T19:05:18Z</time>
    </trkpt>
    <trkpt lat="51.7829496" lon="4.6440716">
      <ele>14.6</ele>
      <time>2019-08-10T19:05:21Z</time>
    </trkpt>
    <trkpt lat="51.7832734" lon="4.6440852">
      <ele>12.8</ele>
      <time>2019-08-10T19:05:27Z</time>
    </trkpt>
    <trkpt lat="51.7833359" lon="4.6441181">
      <ele>12.4</ele>
      <time>2019-08-10T19:05:28Z</time>
    </trkpt>
    <trkpt lat="51.7833965" lon="4.6441532">
      <ele>12.2</ele>
      <time>2019-08-10T19:05:29Z</time>
    </trkpt>
    <trkpt lat="51.7834515" lon="4.6441773">
      <ele>11.6</ele>
      <time>2019-08-10T19:05:30Z</time>
    </trkpt>
    <trkpt lat="51.7836230" lon="4.6442623">
      <ele>10.8</ele>
      <time>2019-08-10T19:05:33Z</time>
    </trkpt>
    <trkpt lat="51.7840807" lon="4.6445547">
      <ele>8.0</ele>
      <time>2019-08-10T19:05:41Z</time>
    </trkpt>
    <trkpt lat="51.7842206" lon="4.6447052">
      <ele>7.4</ele>
      <time>2019-08-10T19:05:44Z</time>
    </trkpt>
    <trkpt lat="51.7844991" lon="4.6451958">
      <ele>2.0</ele>
      <time>2019-08-10T19:05:51Z</time>
    </trkpt>
    <trkpt lat="51.7845792" lon="4.6453238">
      <ele>1.2</ele>
      <time>2019-08-10T19:05:53Z</time>
    </trkpt>
    <trkpt lat="51.7847044" lon="4.6455374">
      <ele>0.6</ele>
      <time>2019-08-10T19:05:56Z</time>
    </trkpt>
    <trkpt lat="51.7847427" lon="4.6456169">
      <ele>0.4</ele>
      <time>2019-08-10T19:05:57Z</time>
    </trkpt>
    <trkpt lat="51.7850685" lon="4.6463294">
      <ele>-1.4</ele>
      <time>2019-08-10T19:06:06Z</time>
    </trkpt>
    <trkpt lat="51.7855220" lon="4.6468896">
      <ele>-3.0</ele>
      <time>2019-08-10T19:06:16Z</time>
    </trkpt>
    <trkpt lat="51.7855643" lon="4.6469441">
      <ele>-3.2</ele>
      <time>2019-08-10T19:06:17Z</time>
    </trkpt>
    <trkpt lat="51.7856282" lon="4.6471088">
      <ele>-4.6</ele>
      <time>2019-08-10T19:06:23Z</time>
    </trkpt>
    <trkpt lat="51.7855833" lon="4.6471478">
      <ele>-4.6</ele>
      <time>2019-08-10T19:06:27Z</time>
    </trkpt>
    <trkpt lat="51.7855390" lon="4.6472127">
      <ele>-4.4</ele>
      <time>2019-08-10T19:06:30Z</time>
    </trkpt>
    <trkpt lat="51.7855043" lon="4.6472689">
      <ele>-4.4</ele>
      <time>2019-08-10T19:06:32Z</time>
    </trkpt>
    <trkpt lat="51.7854805" lon="4.6473026">
      <ele>-4.4</ele>
      <time>2019-08-10T19:06:33Z</time>
    </trkpt>
    <trkpt lat="51.7854291" lon="4.6474916">
      <ele>-4.0</ele>
      <time>2019-08-10T19:06:47Z</time>
    </trkpt>
    <trkpt lat="51.7854436" lon="4.6474632">
      <ele>-5.0</ele>
      <time>2019-08-10T19:06:57Z</time>
    </trkpt>
    <trkpt lat="51.7854706" lon="4.6474833">
      <ele>-4.8</ele>
      <time>2019-08-10T19:06:59Z</time>
    </trkpt>
    <trkpt lat="51.7855231" lon="4.6475695">
      <ele>-4.6</ele>
      <time>2019-08-10T19:07:03Z</time>
    </trkpt>
    <trkpt lat="51.7855985" lon="4.6477848">
      <ele>-3.6</ele>
      <time>2019-08-10T19:07:14Z</time>
    </trkpt>
    <trkpt lat="51.7856461" lon="4.6478795">
      <ele>-3.4</ele>
      <time>2019-08-10T19:07:18Z</time>
    </trkpt>
    <trkpt lat="51.7858066" lon="4.6481941">
      <ele>-2.4</ele>
      <time>2019-08-10T19:07:26Z</time>
    </trkpt>
    <trkpt lat="51.7859105" lon="4.6483002">
      <ele>-2.0</ele>
      <time>2019-08-10T19:07:29Z</time>
    </trkpt>
    <trkpt lat="51.7864609" lon="4.6486763">
      <ele>-1.2</ele>
      <time>2019-08-10T19:07:40Z</time>
    </trkpt>
    <trkpt lat="51.7868418" lon="4.6487729">
      <ele>-1.0</ele>
      <time>2019-08-10T19:07:47Z</time>
    </trkpt>
    <trkpt lat="51.7874131" lon="4.6488006">
      <ele>-2.6</ele>
      <time>2019-08-10T19:07:55Z</time>
    </trkpt>
    <trkpt lat="51.7877974" lon="4.6488158">
      <ele>-1.8</ele>
      <time>2019-08-10T19:08:00Z</time>
    </trkpt>
    <trkpt lat="51.7882929" lon="4.6488125">
      <ele>1.8</ele>
      <time>2019-08-10T19:08:06Z</time>
    </trkpt>
    <trkpt lat="51.7888209" lon="4.6488281">
      <ele>3.4</ele>
      <time>2019-08-10T19:08:13Z</time>
    </trkpt>
    <trkpt lat="51.7888950" lon="4.6488283">
      <ele>3.6</ele>
      <time>2019-08-10T19:08:14Z</time>
    </trkpt>
    <trkpt lat="51.7889690" lon="4.6488301">
      <ele>4.0</ele>
      <time>2019-08-10T19:08:15Z</time>
    </trkpt>
    <trkpt lat="51.7892541" lon="4.6488416">
      <ele>4.0</ele>
      <time>2019-08-10T19:08:19Z</time>
    </trkpt>
    <trkpt lat="51.7895227" lon="4.6488478">
      <ele>4.4</ele>
      <time>2019-08-10T19:08:23Z</time>
    </trkpt>
    <trkpt lat="51.7901236" lon="4.6488477">
      <ele>2.6</ele>
      <time>2019-08-10T19:08:32Z</time>
    </trkpt>
    <trkpt lat="51.7903836" lon="4.6487896">
      <ele>3.2</ele>
      <time>2019-08-10T19:08:36Z</time>
    </trkpt>
    <trkpt lat="51.7908241" lon="4.6486274">
      <ele>9.4</ele>
      <time>2019-08-10T19:08:43Z</time>
    </trkpt>
    <trkpt lat="51.7909977" lon="4.6485799">
      <ele>9.8</ele>
      <time>2019-08-10T19:08:46Z</time>
    </trkpt>
    <trkpt lat="51.7912749" lon="4.6485180">
      <ele>10.0</ele>
      <time>2019-08-10T19:08:51Z</time>
    </trkpt>
    <trkpt lat="51.7918172" lon="4.6484487">
      <ele>9.6</ele>
      <time>2019-08-10T19:09:05Z</time>
    </trkpt>
    <trkpt lat="51.7918919" lon="4.6484425">
      <ele>8.4</ele>
      <time>2019-08-10T19:09:09Z</time>
    </trkpt>
    <trkpt lat="51.7919545" lon="4.6484470">
      <ele>7.6</ele>
      <time>2019-08-10T19:09:12Z</time>
    </trkpt>
    <trkpt lat="51.7919994" lon="4.6484509">
      <ele>7.2</ele>
      <time>2019-08-10T19:09:14Z</time>
    </trkpt>
    <trkpt lat="51.7925476" lon="4.6483963">
      <ele>4.2</ele>
      <time>2019-08-10T19:09:37Z</time>
    </trkpt>
    <trkpt lat="51.7930437" lon="4.6484245">
      <ele>1.6</ele>
      <time>2019-08-10T19:09:51Z</time>
    </trkpt>
    <trkpt lat="51.7933595" lon="4.6484408">
      <ele>1.8</ele>
      <time>2019-08-10T19:09:59Z</time>
    </trkpt>
    <trkpt lat="51.7939323" lon="4.6484777">
      <ele>5.0</ele>
      <time>2019-08-10T19:10:11Z</time>
    </trkpt>
    <trkpt lat="51.7944907" lon="4.6485208">
      <ele>5.2</ele>
      <time>2019-08-10T19:10:22Z</time>
    </trkpt>
    <trkpt lat="51.7947574" lon="4.6485437">
      <ele>5.6</ele>
      <time>2019-08-10T19:10:27Z</time>
    </trkpt>
    <trkpt lat="51.7948594" lon="4.6485499">
      <ele>5.8</ele>
      <time>2019-08-10T19:10:29Z</time>
    </trkpt>
    <trkpt lat="51.7950626" lon="4.6485613">
      <ele>5.6</ele>
      <time>2019-08-10T19:10:33Z</time>
    </trkpt>
    <trkpt lat="51.7956243" lon="4.6486032">
      <ele>2.8</ele>
      <time>2019-08-10T19:10:44Z</time>
    </trkpt>
    <trkpt lat="51.7960006" lon="4.6486332">
      <ele>1.8</ele>
      <time>2019-08-10T19:10:51Z</time>
    </trkpt>
    <trkpt lat="51.7965418" lon="4.6486297">
      <ele>1.8</ele>
      <time>2019-08-10T19:11:01Z</time>
    </trkpt>
    <trkpt lat="51.7971114" lon="4.6484299">
      <ele>1.4</ele>
      <time>2019-08-10T19:11:13Z</time>
    </trkpt>
    <trkpt lat="51.7971733" lon="4.6484094">
      <ele>1.2</ele>
      <time>2019-08-10T19:11:14Z</time>
    </trkpt>
    <trkpt lat="51.7976353" lon="4.6481935">
      <ele>1.6</ele>
      <time>2019-08-10T19:11:30Z</time>
    </trkpt>
    <trkpt lat="51.7975987" lon="4.6479480">
      <ele>1.4</ele>
      <time>2019-08-10T19:11:36Z</time>
    </trkpt>
    <trkpt lat="51.7976093" lon="4.6479099">
      <ele>1.2</ele>
      <time>2019-08-10T19:11:37Z</time>
    </trkpt>
    <trkpt lat="51.7976529" lon="4.6478480">
      <ele>1.0</ele>
      <time>2019-08-10T19:11:42Z</time>
    </trkpt>
    <trkpt lat="51.7977117" lon="4.6478350">
      <ele>0.8</ele>
      <time>2019-08-10T19:11:51Z</time>
    </trkpt>
    <trkpt lat="51.7979225" lon="4.6478863">
      <ele>-0.6</ele>
      <time>2019-08-10T19:11:58Z</time>
    </trkpt>
    <trkpt lat="51.7980005" lon="4.6479749">
      <ele>-1.0</ele>
      <time>2019-08-10T19:12:00Z</time>
    </trkpt>
    <trkpt lat="51.7980987" lon="4.6480375">
      <ele>-1.2</ele>
      <time>2019-08-10T19:12:02Z</time>
    </trkpt>
    <trkpt lat="51.7986357" lon="4.6482012">
      <ele>2.2</ele>
      <time>2019-08-10T19:12:11Z</time>
    </trkpt>
    <trkpt lat="51.7990638" lon="4.6483519">
      <ele>4.6</ele>
      <time>2019-08-10T19:12:17Z</time>
    </trkpt>
    <trkpt lat="51.7991389" lon="4.6483792">
      <ele>5.4</ele>
      <time>2019-08-10T19:12:18Z</time>
    </trkpt>
    <trkpt lat="51.7992126" lon="4.6484118">
      <ele>6.0</ele>
      <time>2019-08-10T19:12:19Z</time>
    </trkpt>
    <trkpt lat="51.7994340" lon="4.6485022">
      <ele>7.2</ele>
      <time>2019-08-10T19:12:22Z</time>
    </trkpt>
    <trkpt lat="51.7995842" lon="4.6485485">
      <ele>7.4</ele>
      <time>2019-08-10T19:12:24Z</time>
    </trkpt>
    <trkpt lat="51.7998114" lon="4.6486187">
      <ele>7.2</ele>
      <time>2019-08-10T19:12:27Z</time>
    </trkpt>
    <trkpt lat="51.8003859" lon="4.6487638">
      <ele>5.2</ele>
      <time>2019-08-10T19:12:35Z</time>
    </trkpt>
    <trkpt lat="51.8008280" lon="4.6488674">
      <ele>5.8</ele>
      <time>2019-08-10T19:12:42Z</time>
    </trkpt>
    <trkpt lat="51.8009625" lon="4.6488846">
      <ele>5.6</ele>
      <time>2019-08-10T19:12:44Z</time>
    </trkpt>
    <trkpt lat="51.8011758" lon="4.6488878">
      <ele>7.6</ele>
      <time>2019-08-10T19:12:47Z</time>
    </trkpt>
    <trkpt lat="51.8013738" lon="4.6488752">
      <ele>7.8</ele>
      <time>2019-08-10T19:12:50Z</time>
    </trkpt>
    <trkpt lat="51.8014900" lon="4.6488172">
      <ele>8.2</ele>
      <time>2019-08-10T19:12:52Z</time>
    </trkpt>
    <trkpt lat="51.8016768" lon="4.6486294">
      <ele>7.8</ele>
      <time>2019-08-10T19:12:56Z</time>
    </trkpt>
    <trkpt lat="51.8017700" lon="4.6484387">
      <ele>6.8</ele>
      <time>2019-08-10T19:12:59Z</time>
    </trkpt>
    <trkpt lat="51.8019728" lon="4.6475648">
      <ele>4.6</ele>
      <time>2019-08-10T19:13:10Z</time>
    </trkpt>
    <trkpt lat="51.8020390" lon="4.6473534">
      <ele>4.6</ele>
      <time>2019-08-10T19:13:13Z</time>
    </trkpt>
    <trkpt lat="51.8021223" lon="4.6472380">
      <ele>4.4</ele>
      <time>2019-08-10T19:13:15Z</time>
    </trkpt>
    <trkpt lat="51.8021758" lon="4.6471891">
      <ele>4.2</ele>
      <time>2019-08-10T19:13:16Z</time>
    </trkpt>
    <trkpt lat="51.8022368" lon="4.6471479">
      <ele>4.2</ele>
      <time>2019-08-10T19:13:17Z</time>
    </trkpt>
    <trkpt lat="51.8023051" lon="4.6471097">
      <ele>4.0</ele>
      <time>2019-08-10T19:13:18Z</time>
    </trkpt>
    <trkpt lat="51.8023804" lon="4.6470825">
      <ele>4.0</ele>
      <time>2019-08-10T19:13:19Z</time>
    </trkpt>
    <trkpt lat="51.8025379" lon="4.6470564">
      <ele>4.0</ele>
      <time>2019-08-10T19:13:21Z</time>
    </trkpt>
    <trkpt lat="51.8026789" lon="4.6470676">
      <ele>4.0</ele>
      <time>2019-08-10T19:13:23Z</time>
    </trkpt>
    <trkpt lat="51.8029921" lon="4.6471248">
      <ele>9.2</ele>
      <time>2019-08-10T19:13:28Z</time>
    </trkpt>
    <trkpt lat="51.8030995" lon="4.6471036">
      <ele>9.6</ele>
      <time>2019-08-10T19:13:30Z</time>
    </trkpt>
    <trkpt lat="51.8031911" lon="4.6470395">
      <ele>9.6</ele>
      <time>2019-08-10T19:13:32Z</time>
    </trkpt>
    <trkpt lat="51.8033157" lon="4.6469209">
      <ele>9.6</ele>
      <time>2019-08-10T19:13:36Z</time>
    </trkpt>
    <trkpt lat="51.8034320" lon="4.6468100">
      <ele>9.2</ele>
      <time>2019-08-10T19:13:50Z</time>
    </trkpt>
    <trkpt lat="51.8039725" lon="4.6465531">
      <ele>7.4</ele>
      <time>2019-08-10T19:14:04Z</time>
    </trkpt>
    <trkpt lat="51.8041139" lon="4.6465192">
      <ele>6.8</ele>
      <time>2019-08-10T19:14:07Z</time>
    </trkpt>
    <trkpt lat="51.8046619" lon="4.6465581">
      <ele>4.2</ele>
      <time>2019-08-10T19:14:20Z</time>
    </trkpt>
    <trkpt lat="51.8047940" lon="4.6465754">
      <ele>2.4</ele>
      <time>2019-08-10T19:14:23Z</time>
    </trkpt>
    <trkpt lat="51.8048812" lon="4.6465614">
      <ele>2.0</ele>
      <time>2019-08-10T19:14:25Z</time>
    </trkpt>
    <trkpt lat="51.8049248" lon="4.6465571">
      <ele>2.4</ele>
      <time>2019-08-10T19:14:26Z</time>
    </trkpt>
    <trkpt lat="51.8050137" lon="4.6465902">
      <ele>2.2</ele>
      <time>2019-08-10T19:14:28Z</time>
    </trkpt>
    <trkpt lat="51.8051921" lon="4.6467645">
      <ele>2.6</ele>
      <time>2019-08-10T19:14:32Z</time>
    </trkpt>
    <trkpt lat="51.8056482" lon="4.6472429">
      <ele>3.4</ele>
      <time>2019-08-10T19:14:41Z</time>
    </trkpt>
    <trkpt lat="51.8058523" lon="4.6474690">
      <ele>4.0</ele>
      <time>2019-08-10T19:14:45Z</time>
    </trkpt>
    <trkpt lat="51.8059031" lon="4.6475278">
      <ele>4.0</ele>
      <time>2019-08-10T19:14:46Z</time>
    </trkpt>
    <trkpt lat="51.8060491" lon="4.6476927">
      <ele>4.0</ele>
      <time>2019-08-10T19:14:49Z</time>
    </trkpt>
    <trkpt lat="51.8064096" lon="4.6480540">
      <ele>4.2</ele>
      <time>2019-08-10T19:14:57Z</time>
    </trkpt>
    <trkpt lat="51.8065220" lon="4.6481352">
      <ele>3.2</ele>
      <time>2019-08-10T19:15:03Z</time>
    </trkpt>
    <trkpt lat="51.8065905" lon="4.6481994">
      <ele>4.0</ele>
      <time>2019-08-10T19:15:10Z</time>
    </trkpt>
    <trkpt lat="51.8067352" lon="4.6483572">
      <ele>4.8</ele>
      <time>2019-08-10T19:15:15Z</time>
    </trkpt>
    <trkpt lat="51.8070609" lon="4.6487347">
      <ele>6.4</ele>
      <time>2019-08-10T19:15:23Z</time>
    </trkpt>
    <trkpt lat="51.8073233" lon="4.6490114">
      <ele>7.2</ele>
      <time>2019-08-10T19:15:29Z</time>
    </trkpt>
    <trkpt lat="51.8076437" lon="4.6493895">
      <ele>7.4</ele>
      <time>2019-08-10T19:15:36Z</time>
    </trkpt>
    <trkpt lat="51.8077303" lon="4.6495007">
      <ele>7.4</ele>
      <time>2019-08-10T19:15:38Z</time>
    </trkpt>
    <trkpt lat="51.8082287" lon="4.6499409">
      <ele>7.2</ele>
      <time>2019-08-10T19:15:48Z</time>
    </trkpt>
    <trkpt lat="51.8087332" lon="4.6504549">
      <ele>7.2</ele>
      <time>2019-08-10T19:15:58Z</time>
    </trkpt>
    <trkpt lat="51.8092169" lon="4.6509749">
      <ele>6.2</ele>
      <time>2019-08-10T19:16:08Z</time>
    </trkpt>
    <trkpt lat="51.8093127" lon="4.6510104">
      <ele>6.0</ele>
      <time>2019-08-10T19:16:10Z</time>
    </trkpt>
    <trkpt lat="51.8094095" lon="4.6509990">
      <ele>5.6</ele>
      <time>2019-08-10T19:16:12Z</time>
    </trkpt>
    <trkpt lat="51.8094966" lon="4.6510395">
      <ele>5.4</ele>
      <time>2019-08-10T19:16:14Z</time>
    </trkpt>
    <trkpt lat="51.8095345" lon="4.6510837">
      <ele>5.2</ele>
      <time>2019-08-10T19:16:15Z</time>
    </trkpt>
    <trkpt lat="51.8096336" lon="4.6512435">
      <ele>4.8</ele>
      <time>2019-08-10T19:16:18Z</time>
    </trkpt>
    <trkpt lat="51.8096591" lon="4.6513727">
      <ele>4.2</ele>
      <time>2019-08-10T19:16:20Z</time>
    </trkpt>
    <trkpt lat="51.8096901" lon="4.6515958">
      <ele>3.8</ele>
      <time>2019-08-10T19:16:23Z</time>
    </trkpt>
    <trkpt lat="51.8097120" lon="4.6516593">
      <ele>3.6</ele>
      <time>2019-08-10T19:16:24Z</time>
    </trkpt>
    <trkpt lat="51.8097755" lon="4.6517627">
      <ele>3.6</ele>
      <time>2019-08-10T19:16:26Z</time>
    </trkpt>
    <trkpt lat="51.8099754" lon="4.6520086">
      <ele>3.6</ele>
      <time>2019-08-10T19:16:31Z</time>
    </trkpt>
    <trkpt lat="51.8100936" lon="4.6522047">
      <ele>3.4</ele>
      <time>2019-08-10T19:16:34Z</time>
    </trkpt>
    <trkpt lat="51.8102300" lon="4.6524699">
      <ele>3.0</ele>
      <time>2019-08-10T19:16:38Z</time>
    </trkpt>
    <trkpt lat="51.8103940" lon="4.6533380">
      <ele>4.0</ele>
      <time>2019-08-10T19:16:52Z</time>
    </trkpt>
    <trkpt lat="51.8104906" lon="4.6535660">
      <ele>4.0</ele>
      <time>2019-08-10T19:16:56Z</time>
    </trkpt>
    <trkpt lat="51.8106218" lon="4.6538087">
      <ele>4.2</ele>
      <time>2019-08-10T19:17:02Z</time>
    </trkpt>
    <trkpt lat="51.8106410" lon="4.6538128">
      <ele>4.6</ele>
      <time>2019-08-10T19:17:14Z</time>
    </trkpt>
    <trkpt lat="51.8106192" lon="4.6537814">
      <ele>3.6</ele>
      <time>2019-08-10T19:17:19Z</time>
    </trkpt>
    <trkpt lat="51.8105206" lon="4.6536854">
      <ele>3.4</ele>
      <time>2019-08-10T19:17:28Z</time>
    </trkpt>
    <trkpt lat="51.8105131" lon="4.6536938">
      <ele>3.6</ele>
      <time>2019-08-10T19:17:32Z</time>
    </trkpt>
    <trkpt lat="51.8105043" lon="4.6537054">
      <ele>3.4</ele>
      <time>2019-08-10T19:17:37Z</time>
    </trkpt>
    <trkpt lat="51.8105039" lon="4.6537054">
      <ele>3.6</ele>
      <time>2019-08-10T19:17:49Z</time>
    </trkpt>
    <trkpt lat="51.8105040" lon="4.6537054">
      <ele>3.6</ele>
      <time>2019-08-10T19:17:50Z</time>
    </trkpt>
    <trkpt lat="51.8105049" lon="4.6537051">
      <ele>3.6</ele>
      <time>2019-08-10T19:17:52Z</time>
    </trkpt>
    <trkpt lat="51.8105050" lon="4.6537045">
      <ele>3.6</ele>
      <time>2019-08-10T19:17:53Z</time>
    </trkpt>
    <trkpt lat="51.8105055" lon="4.6537033">
      <ele>3.6</ele>
      <time>2019-08-10T19:17:54Z</time>
    </trkpt>
    <trkpt lat="51.8105048" lon="4.6537038">
      <ele>3.6</ele>
      <time>2019-08-10T19:17:55Z</time>
    </trkpt>
    <trkpt lat="51.8105043" lon="4.6537039">
      <ele>3.6</ele>
      <time>2019-08-10T19:17:56Z</time>
    </trkpt>
    <trkpt lat="51.8105048" lon="4.6537038">
      <ele>3.6</ele>
      <time>2019-08-10T19:18:04Z</time>
    </trkpt>
    <trkpt lat="51.8104786" lon="4.6536637">
      <ele>3.6</ele>
      <time>2019-08-10T19:18:22Z</time>
    </trkpt>
    <trkpt lat="51.8104769" lon="4.6536609">
      <ele>3.4</ele>
      <time>2019-08-10T19:18:26Z</time>
    </trkpt>
    <trkpt lat="51.8104773" lon="4.6536614">
      <ele>3.4</ele>
      <time>2019-08-10T19:18:30Z</time>
    </trkpt>
    <trkpt lat="51.8104598" lon="4.6536466">
      <ele>3.6</ele>
      <time>2019-08-10T19:18:52Z</time>
    </trkpt>
    <trkpt lat="51.8104587" lon="4.6536386">
      <ele>3.6</ele>
      <time>2019-08-10T19:18:57Z</time>
    </trkpt>
    <trkpt lat="51.8104563" lon="4.6536051">
      <ele>3.8</ele>
      <time>2019-08-10T19:19:04Z</time>
    </trkpt>
    <trkpt lat="51.8104554" lon="4.6535886">
      <ele>3.8</ele>
      <time>2019-08-10T19:19:05Z</time>
    </trkpt>
    <trkpt lat="51.8102910" lon="4.6529638">
      <ele>4.0</ele>
      <time>2019-08-10T19:19:18Z</time>
    </trkpt>
    <trkpt lat="51.8102803" lon="4.6528791">
      <ele>3.8</ele>
      <time>2019-08-10T19:19:19Z</time>
    </trkpt>
    <trkpt lat="51.8102656" lon="4.6528020">
      <ele>3.8</ele>
      <time>2019-08-10T19:19:20Z</time>
    </trkpt>
    <trkpt lat="51.8102195" lon="4.6525950">
      <ele>3.8</ele>
      <time>2019-08-10T19:19:23Z</time>
    </trkpt>
    <trkpt lat="51.8114042" lon="4.6495571">
      <ele>1.2</ele>
      <time>2019-08-10T19:21:31Z</time>
    </trkpt>
    <trkpt lat="51.8114376" lon="4.6494875">
      <ele>1.2</ele>
      <time>2019-08-10T19:21:32Z</time>
    </trkpt>
    <trkpt lat="51.8114682" lon="4.6494140">
      <ele>1.2</ele>
      <time>2019-08-10T19:21:33Z</time>
    </trkpt>
    <trkpt lat="51.8117957" lon="4.6486843">
      <ele>1.2</ele>
      <time>2019-08-10T19:21:43Z</time>
    </trkpt>
    <trkpt lat="51.8119640" lon="4.6483246">
      <ele>1.4</ele>
      <time>2019-08-10T19:21:48Z</time>
    </trkpt>
    <trkpt lat="51.8119966" lon="4.6482581">
      <ele>1.6</ele>
      <time>2019-08-10T19:21:49Z</time>
    </trkpt>
    <trkpt lat="51.8120274" lon="4.6481922">
      <ele>1.6</ele>
      <time>2019-08-10T19:21:50Z</time>
    </trkpt>
    <trkpt lat="51.8120580" lon="4.6481234">
      <ele>1.6</ele>
      <time>2019-08-10T19:21:51Z</time>
    </trkpt>
    <trkpt lat="51.8121775" lon="4.6478516">
      <ele>1.4</ele>
      <time>2019-08-10T19:21:55Z</time>
    </trkpt>
    <trkpt lat="51.8124571" lon="4.6471459">
      <ele>1.0</ele>
      <time>2019-08-10T19:22:05Z</time>
    </trkpt>
    <trkpt lat="51.8124841" lon="4.6470679">
      <ele>1.0</ele>
      <time>2019-08-10T19:22:06Z</time>
    </trkpt>
    <trkpt lat="51.8125104" lon="4.6469895">
      <ele>0.8</ele>
      <time>2019-08-10T19:22:07Z</time>
    </trkpt>
    <trkpt lat="51.8125578" lon="4.6468275">
      <ele>0.8</ele>
      <time>2019-08-10T19:22:09Z</time>
    </trkpt>
    <trkpt lat="51.8126861" lon="4.6459621">
      <ele>-0.4</ele>
      <time>2019-08-10T19:22:19Z</time>
    </trkpt>
    <trkpt lat="51.8127651" lon="4.6451974">
      <ele>-2.0</ele>
      <time>2019-08-10T19:22:27Z</time>
    </trkpt>
    <trkpt lat="51.8127743" lon="4.6450953">
      <ele>-2.2</ele>
      <time>2019-08-10T19:22:28Z</time>
    </trkpt>
    <trkpt lat="51.8127827" lon="4.6449907">
      <ele>-2.4</ele>
      <time>2019-08-10T19:22:29Z</time>
    </trkpt>
    <trkpt lat="51.8128734" lon="4.6441074">
      <ele>-4.0</ele>
      <time>2019-08-10T19:22:37Z</time>
    </trkpt>
    <trkpt lat="51.8128959" lon="4.6439888">
      <ele>-4.2</ele>
      <time>2019-08-10T19:22:38Z</time>
    </trkpt>
    <trkpt lat="51.8129815" lon="4.6437831">
      <ele>-5.0</ele>
      <time>2019-08-10T19:22:40Z</time>
    </trkpt>
    <trkpt lat="51.8131508" lon="4.6435988">
      <ele>-6.0</ele>
      <time>2019-08-10T19:22:43Z</time>
    </trkpt>
    <trkpt lat="51.8134316" lon="4.6430113">
      <ele>-7.6</ele>
      <time>2019-08-10T19:22:49Z</time>
    </trkpt>
    <trkpt lat="51.8136280" lon="4.6427036">
      <ele>-8.4</ele>
      <time>2019-08-10T19:22:54Z</time>
    </trkpt>
    <trkpt lat="51.8136944" lon="4.6427742">
      <ele>-8.2</ele>
      <time>2019-08-10T19:22:56Z</time>
    </trkpt>
    <trkpt lat="51.8138514" lon="4.6431340">
      <ele>-7.8</ele>
      <time>2019-08-10T19:23:01Z</time>
    </trkpt>
    <trkpt lat="51.8140848" lon="4.6435946">
      <ele>-6.8</ele>
      <time>2019-08-10T19:23:08Z</time>
    </trkpt>
    <trkpt lat="51.8142619" lon="4.6438870">
      <ele>-6.4</ele>
      <time>2019-08-10T19:23:13Z</time>
    </trkpt>
    <trkpt lat="51.8143438" lon="4.6439791">
      <ele>-6.4</ele>
      <time>2019-08-10T19:23:15Z</time>
    </trkpt>
    <trkpt lat="51.8143805" lon="4.6440260">
      <ele>-6.2</ele>
      <time>2019-08-10T19:23:16Z</time>
    </trkpt>
    <trkpt lat="51.8144534" lon="4.6441788">
      <ele>-6.0</ele>
      <time>2019-08-10T19:23:19Z</time>
    </trkpt>
    <trkpt lat="51.8144661" lon="4.6442058">
      <ele>-6.0</ele>
      <time>2019-08-10T19:23:20Z</time>
    </trkpt>
    <trkpt lat="51.8144968" lon="4.6442473">
      <ele>-5.8</ele>
      <time>2019-08-10T19:23:22Z</time>
    </trkpt>
    <trkpt lat="51.8145255" lon="4.6442678">
      <ele>-5.6</ele>
      <time>2019-08-10T19:23:23Z</time>
    </trkpt>
    <trkpt lat="51.8146248" lon="4.6443445">
      <ele>-4.8</ele>
      <time>2019-08-10T19:23:27Z</time>
    </trkpt>
    <trkpt lat="51.8146793" lon="4.6443581">
      <ele>-4.6</ele>
      <time>2019-08-10T19:23:29Z</time>
    </trkpt>
    <trkpt lat="51.8147653" lon="4.6441969">
      <ele>-4.0</ele>
      <time>2019-08-10T19:23:33Z</time>
    </trkpt>
    <trkpt lat="51.8147884" lon="4.6441411">
      <ele>-4.0</ele>
      <time>2019-08-10T19:23:34Z</time>
    </trkpt>
    <trkpt lat="51.8148598" lon="4.6439870">
      <ele>-3.6</ele>
      <time>2019-08-10T19:23:37Z</time>
    </trkpt>
    <trkpt lat="51.8148769" lon="4.6439305">
      <ele>-3.4</ele>
      <time>2019-08-10T19:23:38Z</time>
    </trkpt>
    <trkpt lat="51.8148873" lon="4.6438684">
      <ele>-3.4</ele>
      <time>2019-08-10T19:23:39Z</time>
    </trkpt>
    <trkpt lat="51.8148969" lon="4.6438047">
      <ele>-3.2</ele>
      <time>2019-08-10T19:23:40Z</time>
    </trkpt>
    <trkpt lat="51.8149184" lon="4.6436622">
      <ele>-2.8</ele>
      <time>2019-08-10T19:23:42Z</time>
    </trkpt>
    <trkpt lat="51.8149294" lon="4.6435902">
      <ele>-2.6</ele>
      <time>2019-08-10T19:23:43Z</time>
    </trkpt>
    <trkpt lat="51.8149398" lon="4.6435180">
      <ele>-2.6</ele>
      <time>2019-08-10T19:23:44Z</time>
    </trkpt>
    <trkpt lat="51.8149495" lon="4.6434408">
      <ele>-2.4</ele>
      <time>2019-08-10T19:23:45Z</time>
    </trkpt>
    <trkpt lat="51.8149840" lon="4.6432004">
      <ele>-2.0</ele>
      <time>2019-08-10T19:23:48Z</time>
    </trkpt>
    <trkpt lat="51.8149918" lon="4.6431188">
      <ele>-1.8</ele>
      <time>2019-08-10T19:23:49Z</time>
    </trkpt>
    <trkpt lat="51.8150190" lon="4.6429681">
      <ele>-2.0</ele>
      <time>2019-08-10T19:23:51Z</time>
    </trkpt>
    <trkpt lat="51.8150384" lon="4.6428967">
      <ele>-1.8</ele>
      <time>2019-08-10T19:23:52Z</time>
    </trkpt>
    <trkpt lat="51.8150591" lon="4.6428264">
      <ele>-1.8</ele>
      <time>2019-08-10T19:23:53Z</time>
    </trkpt>
    <trkpt lat="51.8150844" lon="4.6427559">
      <ele>-1.8</ele>
      <time>2019-08-10T19:23:54Z</time>
    </trkpt>
    <trkpt lat="51.8151142" lon="4.6426856">
      <ele>-1.6</ele>
      <time>2019-08-10T19:23:55Z</time>
    </trkpt>
    <trkpt lat="51.8151425" lon="4.6426189">
      <ele>-1.6</ele>
      <time>2019-08-10T19:23:56Z</time>
    </trkpt>
    <trkpt lat="51.8152944" lon="4.6422956">
      <ele>-1.2</ele>
      <time>2019-08-10T19:24:01Z</time>
    </trkpt>
    <trkpt lat="51.8153359" lon="4.6422477">
      <ele>-1.2</ele>
      <time>2019-08-10T19:24:02Z</time>
    </trkpt>
    <trkpt lat="51.8153795" lon="4.6422086">
      <ele>-1.0</ele>
      <time>2019-08-10T19:24:03Z</time>
    </trkpt>
    <trkpt lat="51.8154283" lon="4.6421769">
      <ele>-1.0</ele>
      <time>2019-08-10T19:24:04Z</time>
    </trkpt>
    <trkpt lat="51.8157959" lon="4.6419784">
      <ele>1.0</ele>
      <time>2019-08-10T19:24:11Z</time>
    </trkpt>
    <trkpt lat="51.8160348" lon="4.6418246">
      <ele>3.0</ele>
      <time>2019-08-10T19:24:16Z</time>
    </trkpt>
    <trkpt lat="51.8161208" lon="4.6417333">
      <ele>4.0</ele>
      <time>2019-08-10T19:24:18Z</time>
    </trkpt>
    <trkpt lat="51.8161960" lon="4.6416191">
      <ele>4.8</ele>
      <time>2019-08-10T19:24:20Z</time>
    </trkpt>
    <trkpt lat="51.8162820" lon="4.6414178">
      <ele>6.0</ele>
      <time>2019-08-10T19:24:23Z</time>
    </trkpt>
    <trkpt lat="51.8164238" lon="4.6409372">
      <ele>9.4</ele>
      <time>2019-08-10T19:24:30Z</time>
    </trkpt>
    <trkpt lat="51.8165475" lon="4.6406319">
      <ele>10.8</ele>
      <time>2019-08-10T19:24:38Z</time>
    </trkpt>
    <trkpt lat="51.8165783" lon="4.6406095">
      <ele>10.8</ele>
      <time>2019-08-10T19:24:41Z</time>
    </trkpt>
    <trkpt lat="51.8166218" lon="4.6406134">
      <ele>10.6</ele>
      <time>2019-08-10T19:24:43Z</time>
    </trkpt>
    <trkpt lat="51.8166678" lon="4.6406532">
      <ele>10.8</ele>
      <time>2019-08-10T19:24:48Z</time>
    </trkpt>
    <trkpt lat="51.8166728" lon="4.6406532">
      <ele>10.6</ele>
      <time>2019-08-10T19:24:51Z</time>
    </trkpt>
    <trkpt lat="51.8167133" lon="4.6406150">
      <ele>10.6</ele>
      <time>2019-08-10T19:24:56Z</time>
    </trkpt>
    <trkpt lat="51.8167627" lon="4.6404444">
      <ele>11.0</ele>
      <time>2019-08-10T19:25:01Z</time>
    </trkpt>
    <trkpt lat="51.8166361" lon="4.6402906">
      <ele>11.0</ele>
      <time>2019-08-10T19:25:05Z</time>
    </trkpt>
    <trkpt lat="51.8163872" lon="4.6399601">
      <ele>10.0</ele>
      <time>2019-08-10T19:25:12Z</time>
    </trkpt>
    <trkpt lat="51.8161626" lon="4.6396546">
      <ele>8.8</ele>
      <time>2019-08-10T19:25:18Z</time>
    </trkpt>
    <trkpt lat="51.8158291" lon="4.6391537">
      <ele>8.0</ele>
      <time>2019-08-10T19:25:28Z</time>
    </trkpt>
    <trkpt lat="51.8157538" lon="4.6389709">
      <ele>7.6</ele>
      <time>2019-08-10T19:25:31Z</time>
    </trkpt>
    <trkpt lat="51.8157239" lon="4.6388382">
      <ele>7.2</ele>
      <time>2019-08-10T19:25:33Z</time>
    </trkpt>
    <trkpt lat="51.8155789" lon="4.6379784">
      <ele>4.2</ele>
      <time>2019-08-10T19:25:47Z</time>
    </trkpt>
    <trkpt lat="51.8154611" lon="4.6378273">
      <ele>2.8</ele>
      <time>2019-08-10T19:25:54Z</time>
    </trkpt>
    <trkpt lat="51.8154093" lon="4.6377587">
      <ele>2.0</ele>
      <time>2019-08-10T19:25:59Z</time>
    </trkpt>
    <trkpt lat="51.8154019" lon="4.6377307">
      <ele>1.4</ele>
      <time>2019-08-10T19:26:04Z</time>
    </trkpt>
    <trkpt lat="51.8154030" lon="4.6377328">
      <ele>1.2</ele>
      <time>2019-08-10T19:26:06Z</time>
    </trkpt>
    <trkpt lat="51.8154030" lon="4.6377328">
      <ele>1.2</ele>
      <time>2019-08-10T19:26:16Z</time>
    </trkpt>
    <trkpt lat="51.8154030" lon="4.6377328">
      <ele>1.2</ele>
      <time>2019-08-10T19:26:19Z</time>
    </trkpt>
    <trkpt lat="51.8154030" lon="4.6377328">
      <ele>1.2</ele>
      <time>2019-08-10T19:26:20Z</time>
    </trkpt>
    <trkpt lat="51.8154030" lon="4.6377328">
      <ele>1.2</ele>
      <time>2019-08-10T19:26:21Z</time>
    </trkpt>
    <trkpt lat="51.8154030" lon="4.6377328">
      <ele>1.2</ele>
      <time>2019-08-10T19:26:22Z</time>
    </trkpt>
    <trkpt lat="51.8154030" lon="4.6377328">
      <ele>1.2</ele>
      <time>2019-08-10T19:26:24Z</time>
    </trkpt>
    <trkpt lat="51.8154030" lon="4.6377328">
      <ele>1.2</ele>
      <time>2019-08-10T19:26:26Z</time>
    </trkpt>
    <trkpt lat="51.8154030" lon="4.6377328">
      <ele>1.2</ele>
      <time>2019-08-10T19:26:27Z</time>
    </trkpt>
    <trkpt lat="51.8154030" lon="4.6377328">
      <ele>1.2</ele>
      <time>2019-08-10T19:26:30Z</time>
    </trkpt>
    <trkpt lat="51.8227005" lon="4.6244821">
      <ele>-10.6</ele>
      <time>2019-08-10T19:39:30Z</time>
    </trkpt>
    <trkpt lat="51.8227134" lon="4.6245326">
      <ele>-10.6</ele>
      <time>2019-08-10T19:39:31Z</time>
    </trkpt>
    <trkpt lat="51.8227419" lon="4.6246422">
      <ele>-10.8</ele>
      <time>2019-08-10T19:39:33Z</time>
    </trkpt>
    <trkpt lat="51.8228255" lon="4.6248286">
      <ele>-10.4</ele>
      <time>2019-08-10T19:39:37Z</time>
    </trkpt>
    <trkpt lat="51.8228458" lon="4.6248798">
      <ele>-10.0</ele>
      <time>2019-08-10T19:39:38Z</time>
    </trkpt>
    <trkpt lat="51.8229024" lon="4.6250322">
      <ele>-10.0</ele>
      <time>2019-08-10T19:39:41Z</time>
    </trkpt>
    <trkpt lat="51.8230174" lon="4.6253313">
      <ele>-9.8</ele>
      <time>2019-08-10T19:39:47Z</time>
    </trkpt>
    <trkpt lat="51.8230798" lon="4.6254907">
      <ele>-9.6</ele>
      <time>2019-08-10T19:39:50Z</time>
    </trkpt>
    <trkpt lat="51.8232045" lon="4.6256598">
      <ele>-8.8</ele>
      <time>2019-08-10T19:39:54Z</time>
    </trkpt>
    <trkpt lat="51.8232496" lon="4.6256594">
      <ele>-8.6</ele>
      <time>2019-08-10T19:39:55Z</time>
    </trkpt>
    <trkpt lat="51.8233357" lon="4.6256086">
      <ele>-8.6</ele>
      <time>2019-08-10T19:39:57Z</time>
    </trkpt>
    <trkpt lat="51.8238352" lon="4.6252829">
      <ele>-7.8</ele>
      <time>2019-08-10T19:40:07Z</time>
    </trkpt>
    <trkpt lat="51.8243620" lon="4.6250281">
      <ele>-6.6</ele>
      <time>2019-08-10T19:40:16Z</time>
    </trkpt>
    <trkpt lat="51.8248985" lon="4.6248002">
      <ele>-5.8</ele>
      <time>2019-08-10T19:40:25Z</time>
    </trkpt>
    <trkpt lat="51.8250703" lon="4.6247204">
      <ele>-5.4</ele>
      <time>2019-08-10T19:40:28Z</time>
    </trkpt>
    <trkpt lat="51.8253527" lon="4.6245976">
      <ele>-5.4</ele>
      <time>2019-08-10T19:40:33Z</time>
    </trkpt>
    <trkpt lat="51.8256521" lon="4.6244525">
      <ele>-4.4</ele>
      <time>2019-08-10T19:40:38Z</time>
    </trkpt>
    <trkpt lat="51.8258403" lon="4.6243562">
      <ele>-4.0</ele>
      <time>2019-08-10T19:40:41Z</time>
    </trkpt>
    <trkpt lat="51.8259673" lon="4.6242956">
      <ele>-3.8</ele>
      <time>2019-08-10T19:40:43Z</time>
    </trkpt>
    <trkpt lat="51.8261604" lon="4.6242092">
      <ele>-3.4</ele>
      <time>2019-08-10T19:40:46Z</time>
    </trkpt>
    <trkpt lat="51.8262245" lon="4.6241799">
      <ele>-3.2</ele>
      <time>2019-08-10T19:40:47Z</time>
    </trkpt>
    <trkpt lat="51.8262886" lon="4.6241483">
      <ele>-3.2</ele>
      <time>2019-08-10T19:40:48Z</time>
    </trkpt>
    <trkpt lat="51.8264779" lon="4.6240613">
      <ele>-3.2</ele>
      <time>2019-08-10T19:40:51Z</time>
    </trkpt>
    <trkpt lat="51.8270286" lon="4.6237973">
      <ele>-2.6</ele>
      <time>2019-08-10T19:41:00Z</time>
    </trkpt>
    <trkpt lat="51.8272657" lon="4.6236741">
      <ele>-2.8</ele>
      <time>2019-08-10T19:41:04Z</time>
    </trkpt>
    <trkpt lat="51.8273279" lon="4.6236421">
      <ele>-2.6</ele>
      <time>2019-08-10T19:41:05Z</time>
    </trkpt>
    <trkpt lat="51.8278836" lon="4.6233368">
      <ele>-2.6</ele>
      <time>2019-08-10T19:41:14Z</time>
    </trkpt>
    <trkpt lat="51.8283988" lon="4.6230437">
      <ele>-2.4</ele>
      <time>2019-08-10T19:41:22Z</time>
    </trkpt>
    <trkpt lat="51.8289181" lon="4.6227388">
      <ele>-2.6</ele>
      <time>2019-08-10T19:41:30Z</time>
    </trkpt>
    <trkpt lat="51.8293001" lon="4.6224935">
      <ele>-2.4</ele>
      <time>2019-08-10T19:41:36Z</time>
    </trkpt>
    <trkpt lat="51.8298261" lon="4.6221408">
      <ele>-2.6</ele>
      <time>2019-08-10T19:41:45Z</time>
    </trkpt>
    <trkpt lat="51.8303235" lon="4.6217967">
      <ele>-2.6</ele>
      <time>2019-08-10T19:41:54Z</time>
    </trkpt>
    <trkpt lat="51.8304914" lon="4.6216745">
      <ele>-2.4</ele>
      <time>2019-08-10T19:41:57Z</time>
    </trkpt>
    <trkpt lat="51.8308622" lon="4.6212996">
      <ele>-2.4</ele>
      <time>2019-08-10T19:42:04Z</time>
    </trkpt>
    <trkpt lat="51.8309436" lon="4.6211568">
      <ele>-2.4</ele>
      <time>2019-08-10T19:42:05Z</time>
    </trkpt>
    <trkpt lat="51.8309790" lon="4.6210799">
      <ele>-2.4</ele>
      <time>2019-08-10T19:42:07Z</time>
    </trkpt>
    <trkpt lat="51.8310420" lon="4.6209189">
      <ele>-2.4</ele>
      <time>2019-08-10T19:42:09Z</time>
    </trkpt>
    <trkpt lat="51.8310993" lon="4.6207528">
      <ele>-2.4</ele>
      <time>2019-08-10T19:42:11Z</time>
    </trkpt>
    <trkpt lat="51.8311513" lon="4.6205773">
      <ele>-2.0</ele>
      <time>2019-08-10T19:42:13Z</time>
    </trkpt>
    <trkpt lat="51.8313969" lon="4.6198018">
      <ele>-1.8</ele>
      <time>2019-08-10T19:42:22Z</time>
    </trkpt>
    <trkpt lat="51.8315894" lon="4.6192037">
      <ele>-1.6</ele>
      <time>2019-08-10T19:42:29Z</time>
    </trkpt>
    <trkpt lat="51.8318483" lon="4.6183401">
      <ele>-1.6</ele>
      <time>2019-08-10T19:42:39Z</time>
    </trkpt>
    <trkpt lat="51.8319029" lon="4.6181636">
      <ele>-1.8</ele>
      <time>2019-08-10T19:42:40Z</time>
    </trkpt>
    <trkpt lat="51.8319029" lon="4.6181636">
      <ele>-1.8</ele>
      <time>2019-08-10T19:42:41Z</time>
    </trkpt>
    <trkpt lat="51.8321243" lon="4.6174594">
      <ele>-1.6</ele>
      <time>2019-08-10T19:42:48Z</time>
    </trkpt>
    <trkpt lat="51.8322277" lon="4.6171685">
      <ele>-1.4</ele>
      <time>2019-08-10T19:42:51Z</time>
    </trkpt>
    <trkpt lat="51.8322847" lon="4.6169744">
      <ele>-1.4</ele>
      <time>2019-08-10T19:42:53Z</time>
    </trkpt>
    <trkpt lat="51.8323365" lon="4.6166891">
      <ele>-1.0</ele>
      <time>2019-08-10T19:42:56Z</time>
    </trkpt>
    <trkpt lat="51.8323985" lon="4.6163485">
      <ele>-0.8</ele>
      <time>2019-08-10T19:43:00Z</time>
    </trkpt>
    <trkpt lat="51.8324231" lon="4.6162766">
      <ele>-0.8</ele>
      <time>2019-08-10T19:43:01Z</time>
    </trkpt>
    <trkpt lat="51.8324786" lon="4.6161432">
      <ele>-0.6</ele>
      <time>2019-08-10T19:43:02Z</time>
    </trkpt>
    <trkpt lat="51.8325138" lon="4.6160822">
      <ele>-0.6</ele>
      <time>2019-08-10T19:43:04Z</time>
    </trkpt>
    <trkpt lat="51.8326739" lon="4.6158632">
      <ele>-0.4</ele>
      <time>2019-08-10T19:43:08Z</time>
    </trkpt>
    <trkpt lat="51.8330088" lon="4.6151019">
      <ele>0.6</ele>
      <time>2019-08-10T19:43:20Z</time>
    </trkpt>
    <trkpt lat="51.8330551" lon="4.6149704">
      <ele>0.6</ele>
      <time>2019-08-10T19:43:22Z</time>
    </trkpt>
    <trkpt lat="51.8331805" lon="4.6146306">
      <ele>0.6</ele>
      <time>2019-08-10T19:43:27Z</time>
    </trkpt>
    <trkpt lat="51.8332335" lon="4.6143079">
      <ele>1.0</ele>
      <time>2019-08-10T19:43:32Z</time>
    </trkpt>
    <trkpt lat="51.8332781" lon="4.6141788">
      <ele>1.0</ele>
      <time>2019-08-10T19:43:35Z</time>
    </trkpt>
    <trkpt lat="51.8333280" lon="4.6140980">
      <ele>1.0</ele>
      <time>2019-08-10T19:43:46Z</time>
    </trkpt>
    <trkpt lat="51.8333950" lon="4.6139474">
      <ele>1.0</ele>
      <time>2019-08-10T19:43:50Z</time>
    </trkpt>
    <trkpt lat="51.8335200" lon="4.6137265">
      <ele>0.8</ele>
      <time>2019-08-10T19:43:56Z</time>
    </trkpt>
    <trkpt lat="51.8335833" lon="4.6137754">
      <ele>-0.2</ele>
      <time>2019-08-10T19:44:08Z</time>
    </trkpt>
    <trkpt lat="51.8337976" lon="4.6140228">
      <ele>-1.2</ele>
      <time>2019-08-10T19:44:17Z</time>
    </trkpt>
    <trkpt lat="51.8339289" lon="4.6142661">
      <ele>-2.8</ele>
      <time>2019-08-10T19:44:21Z</time>
    </trkpt>
    <trkpt lat="51.8341125" lon="4.6144912">
      <ele>-4.6</ele>
      <time>2019-08-10T19:44:25Z</time>
    </trkpt>
    <trkpt lat="51.8341590" lon="4.6145470">
      <ele>-5.0</ele>
      <time>2019-08-10T19:44:26Z</time>
    </trkpt>
    <trkpt lat="51.8342498" lon="4.6146506">
      <ele>-6.0</ele>
      <time>2019-08-10T19:44:28Z</time>
    </trkpt>
    <trkpt lat="51.8343861" lon="4.6148062">
      <ele>-7.2</ele>
      <time>2019-08-10T19:44:31Z</time>
    </trkpt>
    <trkpt lat="51.8344667" lon="4.6149077">
      <ele>-8.6</ele>
      <time>2019-08-10T19:44:33Z</time>
    </trkpt>
    <trkpt lat="51.8345427" lon="4.6150044">
      <ele>-9.6</ele>
      <time>2019-08-10T19:44:35Z</time>
    </trkpt>
    <trkpt lat="51.8345795" lon="4.6150539">
      <ele>-10.0</ele>
      <time>2019-08-10T19:44:36Z</time>
    </trkpt>
    <trkpt lat="51.8346151" lon="4.6151017">
      <ele>-10.4</ele>
      <time>2019-08-10T19:44:37Z</time>
    </trkpt>
    <trkpt lat="51.8346480" lon="4.6151464">
      <ele>-11.0</ele>
      <time>2019-08-10T19:44:38Z</time>
    </trkpt>
    <trkpt lat="51.8346834" lon="4.6151922">
      <ele>-11.0</ele>
      <time>2019-08-10T19:44:39Z</time>
    </trkpt>
    <trkpt lat="51.8347196" lon="4.6152375">
      <ele>-11.0</ele>
      <time>2019-08-10T19:44:40Z</time>
    </trkpt>
    <trkpt lat="51.8347574" lon="4.6152748">
      <ele>-11.0</ele>
      <time>2019-08-10T19:44:41Z</time>
    </trkpt>
    <trkpt lat="51.8349346" lon="4.6152657">
      <ele>-10.4</ele>
      <time>2019-08-10T19:44:45Z</time>
    </trkpt>
    <trkpt lat="51.8350051" lon="4.6151600">
      <ele>-10.6</ele>
      <time>2019-08-10T19:44:47Z</time>
    </trkpt>
    <trkpt lat="51.8350887" lon="4.6149709">
      <ele>-12.2</ele>
      <time>2019-08-10T19:44:50Z</time>
    </trkpt>
    <trkpt lat="51.8351472" lon="4.6148446">
      <ele>-11.8</ele>
      <time>2019-08-10T19:44:51Z</time>
    </trkpt>
    <trkpt lat="51.8351472" lon="4.6148446">
      <ele>-11.8</ele>
      <time>2019-08-10T19:44:52Z</time>
    </trkpt>
    <trkpt lat="51.8351812" lon="4.6147852">
      <ele>-10.8</ele>
      <time>2019-08-10T19:44:53Z</time>
    </trkpt>
    <trkpt lat="51.8352159" lon="4.6147290">
      <ele>-9.8</ele>
      <time>2019-08-10T19:44:54Z</time>
    </trkpt>
    <trkpt lat="51.8352487" lon="4.6146743">
      <ele>-9.4</ele>
      <time>2019-08-10T19:44:55Z</time>
    </trkpt>
    <trkpt lat="51.8352856" lon="4.6146228">
      <ele>-9.0</ele>
      <time>2019-08-10T19:44:56Z</time>
    </trkpt>
    <trkpt lat="51.8353201" lon="4.6145752">
      <ele>-8.6</ele>
      <time>2019-08-10T19:44:57Z</time>
    </trkpt>
    <trkpt lat="51.8354097" lon="4.6144878">
      <ele>-8.4</ele>
      <time>2019-08-10T19:44:58Z</time>
    </trkpt>
    <trkpt lat="51.8356507" lon="4.6143265">
      <ele>-9.2</ele>
      <time>2019-08-10T19:45:04Z</time>
    </trkpt>
    <trkpt lat="51.8357548" lon="4.6143020">
      <ele>-9.2</ele>
      <time>2019-08-10T19:45:06Z</time>
    </trkpt>
    <trkpt lat="51.8359882" lon="4.6143037">
      <ele>-10.2</ele>
      <time>2019-08-10T19:45:10Z</time>
    </trkpt>
    <trkpt lat="51.8363232" lon="4.6144384">
      <ele>-11.6</ele>
      <time>2019-08-10T19:45:15Z</time>
    </trkpt>
    <trkpt lat="51.8365197" lon="4.6145525">
      <ele>-13.8</ele>
      <time>2019-08-10T19:45:18Z</time>
    </trkpt>
    <trkpt lat="51.8370829" lon="4.6148472">
      <ele>-21.4</ele>
      <time>2019-08-10T19:45:28Z</time>
    </trkpt>
    <trkpt lat="51.8373289" lon="4.6149305">
      <ele>-24.4</ele>
      <time>2019-08-10T19:45:32Z</time>
    </trkpt>
    <trkpt lat="51.8375978" lon="4.6149417">
      <ele>-25.2</ele>
      <time>2019-08-10T19:45:36Z</time>
    </trkpt>
    <trkpt lat="51.8381846" lon="4.6147399">
      <ele>-16.0</ele>
      <time>2019-08-10T19:45:44Z</time>
    </trkpt>
    <trkpt lat="51.8385817" lon="4.6144199">
      <ele>-10.2</ele>
      <time>2019-08-10T19:45:50Z</time>
    </trkpt>
    <trkpt lat="51.8387601" lon="4.6142474">
      <ele>-8.4</ele>
      <time>2019-08-10T19:45:53Z</time>
    </trkpt>
    <trkpt lat="51.8388197" lon="4.6141902">
      <ele>-7.8</ele>
      <time>2019-08-10T19:45:54Z</time>
    </trkpt>
    <trkpt lat="51.8388791" lon="4.6141317">
      <ele>-7.4</ele>
      <time>2019-08-10T19:45:55Z</time>
    </trkpt>
    <trkpt lat="51.8391727" lon="4.6138417">
      <ele>-6.8</ele>
      <time>2019-08-10T19:46:00Z</time>
    </trkpt>
    <trkpt lat="51.8394103" lon="4.6136172">
      <ele>-6.0</ele>
      <time>2019-08-10T19:46:04Z</time>
    </trkpt>
    <trkpt lat="51.8395262" lon="4.6135053">
      <ele>-5.4</ele>
      <time>2019-08-10T19:46:06Z</time>
    </trkpt>
    <trkpt lat="51.8396396" lon="4.6133966">
      <ele>-5.6</ele>
      <time>2019-08-10T19:46:07Z</time>
    </trkpt>
    <trkpt lat="51.8396396" lon="4.6133966">
      <ele>-5.6</ele>
      <time>2019-08-10T19:46:08Z</time>
    </trkpt>
    <trkpt lat="51.8396986" lon="4.6133406">
      <ele>-5.2</ele>
      <time>2019-08-10T19:46:09Z</time>
    </trkpt>
    <trkpt lat="51.8397582" lon="4.6132872">
      <ele>-5.2</ele>
      <time>2019-08-10T19:46:10Z</time>
    </trkpt>
    <trkpt lat="51.8398172" lon="4.6132326">
      <ele>-5.2</ele>
      <time>2019-08-10T19:46:11Z</time>
    </trkpt>
    <trkpt lat="51.8398760" lon="4.6131790">
      <ele>-5.2</ele>
      <time>2019-08-10T19:46:12Z</time>
    </trkpt>
    <trkpt lat="51.8399932" lon="4.6130703">
      <ele>-5.0</ele>
      <time>2019-08-10T19:46:13Z</time>
    </trkpt>
    <trkpt lat="51.8399932" lon="4.6130703">
      <ele>-5.0</ele>
      <time>2019-08-10T19:46:14Z</time>
    </trkpt>
    <trkpt lat="51.8402729" lon="4.6128132">
      <ele>-5.0</ele>
      <time>2019-08-10T19:46:19Z</time>
    </trkpt>
    <trkpt lat="51.8406288" lon="4.6125093">
      <ele>-4.6</ele>
      <time>2019-08-10T19:46:25Z</time>
    </trkpt>
    <trkpt lat="51.8410479" lon="4.6121381">
      <ele>-4.8</ele>
      <time>2019-08-10T19:46:32Z</time>
    </trkpt>
    <trkpt lat="51.8415319" lon="4.6116729">
      <ele>-5.0</ele>
      <time>2019-08-10T19:46:40Z</time>
    </trkpt>
    <trkpt lat="51.8416550" lon="4.6115512">
      <ele>-5.0</ele>
      <time>2019-08-10T19:46:42Z</time>
    </trkpt>
    <trkpt lat="51.8421389" lon="4.6110757">
      <ele>-5.0</ele>
      <time>2019-08-10T19:46:50Z</time>
    </trkpt>
    <trkpt lat="51.8422542" lon="4.6109607">
      <ele>-4.6</ele>
      <time>2019-08-10T19:46:52Z</time>
    </trkpt>
    <trkpt lat="51.8424847" lon="4.6107367">
      <ele>-4.6</ele>
      <time>2019-08-10T19:46:56Z</time>
    </trkpt>
    <trkpt lat="51.8429842" lon="4.6102446">
      <ele>-4.4</ele>
      <time>2019-08-10T19:47:05Z</time>
    </trkpt>
    <trkpt lat="51.8430904" lon="4.6101395">
      <ele>-4.4</ele>
      <time>2019-08-10T19:47:07Z</time>
    </trkpt>
    <trkpt lat="51.8435629" lon="4.6096740">
      <ele>-4.0</ele>
      <time>2019-08-10T19:47:16Z</time>
    </trkpt>
    <trkpt lat="51.8440222" lon="4.6092155">
      <ele>-4.0</ele>
      <time>2019-08-10T19:47:25Z</time>
    </trkpt>
    <trkpt lat="51.8443352" lon="4.6089045">
      <ele>-3.8</ele>
      <time>2019-08-10T19:47:31Z</time>
    </trkpt>
    <trkpt lat="51.8447980" lon="4.6084481">
      <ele>-3.4</ele>
      <time>2019-08-10T19:47:40Z</time>
    </trkpt>
    <trkpt lat="51.8451784" lon="4.6080752">
      <ele>-3.6</ele>
      <time>2019-08-10T19:47:47Z</time>
    </trkpt>
    <trkpt lat="51.8454329" lon="4.6078250">
      <ele>-4.4</ele>
      <time>2019-08-10T19:47:52Z</time>
    </trkpt>
    <trkpt lat="51.8459198" lon="4.6073418">
      <ele>-4.2</ele>
      <time>2019-08-10T19:48:01Z</time>
    </trkpt>
    <trkpt lat="51.8461936" lon="4.6070737">
      <ele>-4.2</ele>
      <time>2019-08-10T19:48:06Z</time>
    </trkpt>
    <trkpt lat="51.8466964" lon="4.6065811">
      <ele>-3.4</ele>
      <time>2019-08-10T19:48:15Z</time>
    </trkpt>
    <trkpt lat="51.8468798" lon="4.6064025">
      <ele>-2.8</ele>
      <time>2019-08-10T19:48:18Z</time>
    </trkpt>
    <trkpt lat="51.8473598" lon="4.6059490">
      <ele>-2.6</ele>
      <time>2019-08-10T19:48:26Z</time>
    </trkpt>
    <trkpt lat="51.8477758" lon="4.6055628">
      <ele>-2.4</ele>
      <time>2019-08-10T19:48:34Z</time>
    </trkpt>
    <trkpt lat="51.8480151" lon="4.6053828">
      <ele>-2.6</ele>
      <time>2019-08-10T19:48:39Z</time>
    </trkpt>
    <trkpt lat="51.8480954" lon="4.6053024">
      <ele>-3.4</ele>
      <time>2019-08-10T19:48:40Z</time>
    </trkpt>
    <trkpt lat="51.8484797" lon="4.6049233">
      <ele>-4.6</ele>
      <time>2019-08-10T19:48:50Z</time>
    </trkpt>
    <trkpt lat="51.8486244" lon="4.6047838">
      <ele>-3.4</ele>
      <time>2019-08-10T19:48:53Z</time>
    </trkpt>
    <trkpt lat="51.8487191" lon="4.6046980">
      <ele>-3.4</ele>
      <time>2019-08-10T19:48:54Z</time>
    </trkpt>
    <trkpt lat="51.8488025" lon="4.6046129">
      <ele>-3.4</ele>
      <time>2019-08-10T19:48:57Z</time>
    </trkpt>
    <trkpt lat="51.8492683" lon="4.6041374">
      <ele>-3.0</ele>
      <time>2019-08-10T19:49:08Z</time>
    </trkpt>
    <trkpt lat="51.8494191" lon="4.6039873">
      <ele>-4.2</ele>
      <time>2019-08-10T19:49:11Z</time>
    </trkpt>
    <trkpt lat="51.8497745" lon="4.6036467">
      <ele>-2.6</ele>
      <time>2019-08-10T19:49:18Z</time>
    </trkpt>
    <trkpt lat="51.8498733" lon="4.6035463">
      <ele>-2.0</ele>
      <time>2019-08-10T19:49:20Z</time>
    </trkpt>
    <trkpt lat="51.8500221" lon="4.6033851">
      <ele>-2.0</ele>
      <time>2019-08-10T19:49:23Z</time>
    </trkpt>
    <trkpt lat="51.8501249" lon="4.6032784">
      <ele>-1.0</ele>
      <time>2019-08-10T19:49:25Z</time>
    </trkpt>
    <trkpt lat="51.8502684" lon="4.6031277">
      <ele>0.2</ele>
      <time>2019-08-10T19:49:28Z</time>
    </trkpt>
    <trkpt lat="51.8507393" lon="4.6026629">
      <ele>1.4</ele>
      <time>2019-08-10T19:49:39Z</time>
    </trkpt>
    <trkpt lat="51.8508062" lon="4.6025839">
      <ele>1.2</ele>
      <time>2019-08-10T19:49:40Z</time>
    </trkpt>
    <trkpt lat="51.8508328" lon="4.6025338">
      <ele>1.0</ele>
      <time>2019-08-10T19:49:42Z</time>
    </trkpt>
    <trkpt lat="51.8508582" lon="4.6024772">
      <ele>0.6</ele>
      <time>2019-08-10T19:49:43Z</time>
    </trkpt>
    <trkpt lat="51.8509096" lon="4.6023334">
      <ele>0.0</ele>
      <time>2019-08-10T19:49:44Z</time>
    </trkpt>
    <trkpt lat="51.8509096" lon="4.6023334">
      <ele>0.0</ele>
      <time>2019-08-10T19:49:45Z</time>
    </trkpt>
    <trkpt lat="51.8510170" lon="4.6020193">
      <ele>-2.0</ele>
      <time>2019-08-10T19:49:49Z</time>
    </trkpt>
    <trkpt lat="51.8510974" lon="4.6019292">
      <ele>-2.6</ele>
      <time>2019-08-10T19:49:51Z</time>
    </trkpt>
    <trkpt lat="51.8513454" lon="4.6018478">
      <ele>-2.2</ele>
      <time>2019-08-10T19:49:56Z</time>
    </trkpt>
    <trkpt lat="51.8514201" lon="4.6017387">
      <ele>-2.0</ele>
      <time>2019-08-10T19:49:58Z</time>
    </trkpt>
    <trkpt lat="51.8514678" lon="4.6015909">
      <ele>-2.2</ele>
      <time>2019-08-10T19:50:00Z</time>
    </trkpt>
    <trkpt lat="51.8515448" lon="4.6014866">
      <ele>-1.4</ele>
      <time>2019-08-10T19:50:02Z</time>
    </trkpt>
    <trkpt lat="51.8516533" lon="4.6014197">
      <ele>-0.2</ele>
      <time>2019-08-10T19:50:04Z</time>
    </trkpt>
    <trkpt lat="51.8521300" lon="4.6009748">
      <ele>1.0</ele>
      <time>2019-08-10T19:50:13Z</time>
    </trkpt>
    <trkpt lat="51.8526130" lon="4.6005238">
      <ele>-0.2</ele>
      <time>2019-08-10T19:50:22Z</time>
    </trkpt>
    <trkpt lat="51.8529185" lon="4.6002424">
      <ele>-1.2</ele>
      <time>2019-08-10T19:50:28Z</time>
    </trkpt>
    <trkpt lat="51.8530243" lon="4.6001475">
      <ele>-2.0</ele>
      <time>2019-08-10T19:50:30Z</time>
    </trkpt>
    <trkpt lat="51.8531315" lon="4.6000514">
      <ele>-2.4</ele>
      <time>2019-08-10T19:50:32Z</time>
    </trkpt>
    <trkpt lat="51.8536143" lon="4.5995800">
      <ele>-2.6</ele>
      <time>2019-08-10T19:50:41Z</time>
    </trkpt>
    <trkpt lat="51.8540812" lon="4.5990243">
      <ele>-2.2</ele>
      <time>2019-08-10T19:50:50Z</time>
    </trkpt>
    <trkpt lat="51.8545436" lon="4.5984826">
      <ele>-2.4</ele>
      <time>2019-08-10T19:50:59Z</time>
    </trkpt>
    <trkpt lat="51.8548933" lon="4.5980608">
      <ele>-2.2</ele>
      <time>2019-08-10T19:51:06Z</time>
    </trkpt>
    <trkpt lat="51.8549409" lon="4.5980028">
      <ele>-2.4</ele>
      <time>2019-08-10T19:51:07Z</time>
    </trkpt>
    <trkpt lat="51.8552766" lon="4.5976140">
      <ele>-2.2</ele>
      <time>2019-08-10T19:51:14Z</time>
    </trkpt>
    <trkpt lat="51.8553658" lon="4.5975045">
      <ele>-2.4</ele>
      <time>2019-08-10T19:51:16Z</time>
    </trkpt>
    <trkpt lat="51.8555923" lon="4.5972135">
      <ele>-2.0</ele>
      <time>2019-08-10T19:51:21Z</time>
    </trkpt>
    <trkpt lat="51.8556521" lon="4.5970540">
      <ele>-2.0</ele>
      <time>2019-08-10T19:51:22Z</time>
    </trkpt>
    <trkpt lat="51.8556521" lon="4.5970540">
      <ele>-2.0</ele>
      <time>2019-08-10T19:51:23Z</time>
    </trkpt>
    <trkpt lat="51.8556631" lon="4.5969621">
      <ele>-2.0</ele>
      <time>2019-08-10T19:51:24Z</time>
    </trkpt>
    <trkpt lat="51.8556351" lon="4.5962306">
      <ele>-2.8</ele>
      <time>2019-08-10T19:51:32Z</time>
    </trkpt>
    <trkpt lat="51.8556437" lon="4.5960481">
      <ele>-2.8</ele>
      <time>2019-08-10T19:51:33Z</time>
    </trkpt>
    <trkpt lat="51.8556532" lon="4.5959597">
      <ele>-2.8</ele>
      <time>2019-08-10T19:51:35Z</time>
    </trkpt>
    <trkpt lat="51.8556811" lon="4.5957958">
      <ele>-2.8</ele>
      <time>2019-08-10T19:51:37Z</time>
    </trkpt>
    <trkpt lat="51.8557103" lon="4.5956419">
      <ele>-2.4</ele>
      <time>2019-08-10T19:51:38Z</time>
    </trkpt>
    <trkpt lat="51.8557103" lon="4.5956419">
      <ele>-2.4</ele>
      <time>2019-08-10T19:51:39Z</time>
    </trkpt>
    <trkpt lat="51.8557338" lon="4.5954871">
      <ele>-2.0</ele>
      <time>2019-08-10T19:51:41Z</time>
    </trkpt>
    <trkpt lat="51.8559176" lon="4.5946441">
      <ele>0.4</ele>
      <time>2019-08-10T19:51:53Z</time>
    </trkpt>
    <trkpt lat="51.8561370" lon="4.5937935">
      <ele>6.8</ele>
      <time>2019-08-10T19:52:03Z</time>
    </trkpt>
    <trkpt lat="51.8564790" lon="4.5931245">
      <ele>10.0</ele>
      <time>2019-08-10T19:52:14Z</time>
    </trkpt>
    <trkpt lat="51.8566720" lon="4.5928757">
      <ele>2.0</ele>
      <time>2019-08-10T19:52:19Z</time>
    </trkpt>
    <trkpt lat="51.8571503" lon="4.5923765">
      <ele>1.0</ele>
      <time>2019-08-10T19:52:30Z</time>
    </trkpt>
    <trkpt lat="51.8576650" lon="4.5920259">
      <ele>3.8</ele>
      <time>2019-08-10T19:52:42Z</time>
    </trkpt>
    <trkpt lat="51.8578113" lon="4.5919666">
      <ele>5.2</ele>
      <time>2019-08-10T19:52:45Z</time>
    </trkpt>
    <trkpt lat="51.8580609" lon="4.5919535">
      <ele>6.2</ele>
      <time>2019-08-10T19:52:50Z</time>
    </trkpt>
    <trkpt lat="51.8585980" lon="4.5918632">
      <ele>12.0</ele>
      <time>2019-08-10T19:53:01Z</time>
    </trkpt>
    <trkpt lat="51.8588992" lon="4.5918319">
      <ele>9.4</ele>
      <time>2019-08-10T19:53:07Z</time>
    </trkpt>
    <trkpt lat="51.8592653" lon="4.5917076">
      <ele>9.4</ele>
      <time>2019-08-10T19:53:15Z</time>
    </trkpt>
    <trkpt lat="51.8596158" lon="4.5915858">
      <ele>10.2</ele>
      <time>2019-08-10T19:53:23Z</time>
    </trkpt>
    <trkpt lat="51.8601378" lon="4.5913471">
      <ele>0.4</ele>
      <time>2019-08-10T19:53:33Z</time>
    </trkpt>
    <trkpt lat="51.8606648" lon="4.5910858">
      <ele>4.6</ele>
      <time>2019-08-10T19:53:42Z</time>
    </trkpt>
    <trkpt lat="51.8607744" lon="4.5910171">
      <ele>5.2</ele>
      <time>2019-08-10T19:53:44Z</time>
    </trkpt>
    <trkpt lat="51.8608286" lon="4.5909803">
      <ele>5.2</ele>
      <time>2019-08-10T19:53:45Z</time>
    </trkpt>
    <trkpt lat="51.8612736" lon="4.5904525">
      <ele>6.4</ele>
      <time>2019-08-10T19:53:54Z</time>
    </trkpt>
    <trkpt lat="51.8617198" lon="4.5898329">
      <ele>3.6</ele>
      <time>2019-08-10T19:54:04Z</time>
    </trkpt>
    <trkpt lat="51.8618103" lon="4.5897091">
      <ele>3.0</ele>
      <time>2019-08-10T19:54:06Z</time>
    </trkpt>
    <trkpt lat="51.8622417" lon="4.5891453">
      <ele>6.6</ele>
      <time>2019-08-10T19:54:15Z</time>
    </trkpt>
    <trkpt lat="51.8624498" lon="4.5888257">
      <ele>8.0</ele>
      <time>2019-08-10T19:54:20Z</time>
    </trkpt>
    <trkpt lat="51.8625677" lon="4.5886485">
      <ele>6.8</ele>
      <time>2019-08-10T19:54:23Z</time>
    </trkpt>
    <trkpt lat="51.8628000" lon="4.5882737">
      <ele>5.2</ele>
      <time>2019-08-10T19:54:30Z</time>
    </trkpt>
    <trkpt lat="51.8628738" lon="4.5881445">
      <ele>6.2</ele>
      <time>2019-08-10T19:54:33Z</time>
    </trkpt>
    <trkpt lat="51.8630420" lon="4.5878608">
      <ele>6.8</ele>
      <time>2019-08-10T19:54:40Z</time>
    </trkpt>
    <trkpt lat="51.8632416" lon="4.5877219">
      <ele>8.8</ele>
      <time>2019-08-10T19:54:45Z</time>
    </trkpt>
    <trkpt lat="51.8636107" lon="4.5872980">
      <ele>6.0</ele>
      <time>2019-08-10T19:54:55Z</time>
    </trkpt>
    <trkpt lat="51.8637392" lon="4.5871574">
      <ele>3.4</ele>
      <time>2019-08-10T19:54:58Z</time>
    </trkpt>
    <trkpt lat="51.8639354" lon="4.5868309">
      <ele>3.2</ele>
      <time>2019-08-10T19:55:03Z</time>
    </trkpt>
    <trkpt lat="51.8642529" lon="4.5862776">
      <ele>-0.2</ele>
      <time>2019-08-10T19:55:11Z</time>
    </trkpt>
    <trkpt lat="51.8646090" lon="4.5856583">
      <ele>-1.6</ele>
      <time>2019-08-10T19:55:20Z</time>
    </trkpt>
    <trkpt lat="51.8650038" lon="4.5849778">
      <ele>-2.2</ele>
      <time>2019-08-10T19:55:30Z</time>
    </trkpt>
    <trkpt lat="51.8653912" lon="4.5843021">
      <ele>-2.2</ele>
      <time>2019-08-10T19:55:40Z</time>
    </trkpt>
    <trkpt lat="51.8656601" lon="4.5838287">
      <ele>-2.4</ele>
      <time>2019-08-10T19:55:47Z</time>
    </trkpt>
    <trkpt lat="51.8660652" lon="4.5831289">
      <ele>-2.8</ele>
      <time>2019-08-10T19:55:58Z</time>
    </trkpt>
    <trkpt lat="51.8662019" lon="4.5828906">
      <ele>-3.2</ele>
      <time>2019-08-10T19:56:02Z</time>
    </trkpt>
    <trkpt lat="51.8663853" lon="4.5825561">
      <ele>-2.6</ele>
      <time>2019-08-10T19:56:08Z</time>
    </trkpt>
    <trkpt lat="51.8664142" lon="4.5825041">
      <ele>-2.6</ele>
      <time>2019-08-10T19:56:09Z</time>
    </trkpt>
    <trkpt lat="51.8665116" lon="4.5823357">
      <ele>-2.2</ele>
      <time>2019-08-10T19:56:12Z</time>
    </trkpt>
    <trkpt lat="51.8666049" lon="4.5821607">
      <ele>-2.6</ele>
      <time>2019-08-10T19:56:15Z</time>
    </trkpt>
    <trkpt lat="51.8669955" lon="4.5814593">
      <ele>-2.4</ele>
      <time>2019-08-10T19:56:27Z</time>
    </trkpt>
    <trkpt lat="51.8670603" lon="4.5813242">
      <ele>-2.4</ele>
      <time>2019-08-10T19:56:29Z</time>
    </trkpt>
    <trkpt lat="51.8672044" lon="4.5809809">
      <ele>-2.8</ele>
      <time>2019-08-10T19:56:34Z</time>
    </trkpt>
    <trkpt lat="51.8673529" lon="4.5806136">
      <ele>-3.2</ele>
      <time>2019-08-10T19:56:39Z</time>
    </trkpt>
    <trkpt lat="51.8674073" lon="4.5804347">
      <ele>-3.2</ele>
      <time>2019-08-10T19:56:41Z</time>
    </trkpt>
    <trkpt lat="51.8674778" lon="4.5802103">
      <ele>-3.8</ele>
      <time>2019-08-10T19:56:44Z</time>
    </trkpt>
    <trkpt lat="51.8676831" lon="4.5795862">
      <ele>-6.6</ele>
      <time>2019-08-10T19:56:54Z</time>
    </trkpt>
    <trkpt lat="51.8679873" lon="4.5787839">
      <ele>-7.6</ele>
      <time>2019-08-10T19:57:04Z</time>
    </trkpt>
    <trkpt lat="51.8681521" lon="4.5784286">
      <ele>-8.0</ele>
      <time>2019-08-10T19:57:09Z</time>
    </trkpt>
    <trkpt lat="51.8683376" lon="4.5775454">
      <ele>-5.8</ele>
      <time>2019-08-10T19:57:20Z</time>
    </trkpt>
    <trkpt lat="51.8683771" lon="4.5772772">
      <ele>4.2</ele>
      <time>2019-08-10T19:57:29Z</time>
    </trkpt>
    <trkpt lat="51.8684417" lon="4.5768890">
      <ele>-10.2</ele>
      <time>2019-08-10T19:59:54Z</time>
    </trkpt>
    <trkpt lat="51.8684516" lon="4.5768480">
      <ele>-10.4</ele>
      <time>2019-08-10T19:59:55Z</time>
    </trkpt>
    <trkpt lat="51.8684617" lon="4.5768102">
      <ele>-10.0</ele>
      <time>2019-08-10T19:59:56Z</time>
    </trkpt>
    <trkpt lat="51.8684849" lon="4.5766913">
      <ele>-5.0</ele>
      <time>2019-08-10T20:00:02Z</time>
    </trkpt>
    <trkpt lat="51.8684882" lon="4.5766810">
      <ele>-1.4</ele>
      <time>2019-08-10T20:00:05Z</time>
    </trkpt>
    <trkpt lat="51.8684912" lon="4.5766112">
      <ele>2.2</ele>
      <time>2019-08-10T20:00:09Z</time>
    </trkpt>
    <trkpt lat="51.8684920" lon="4.5765802">
      <ele>2.6</ele>
      <time>2019-08-10T20:00:10Z</time>
    </trkpt>
    <trkpt lat="51.8686307" lon="4.5759544">
      <ele>1.0</ele>
      <time>2019-08-10T20:00:21Z</time>
    </trkpt>
    <trkpt lat="51.8689234" lon="4.5751411">
      <ele>3.6</ele>
      <time>2019-08-10T20:00:33Z</time>
    </trkpt>
    <trkpt lat="51.8690997" lon="4.5747143">
      <ele>8.2</ele>
      <time>2019-08-10T20:00:39Z</time>
    </trkpt>
    <trkpt lat="51.8691969" lon="4.5744964">
      <ele>10.6</ele>
      <time>2019-08-10T20:00:42Z</time>
    </trkpt>
    <trkpt lat="51.8694973" lon="4.5737690">
      <ele>15.4</ele>
      <time>2019-08-10T20:00:52Z</time>
    </trkpt>
    <trkpt lat="51.8698135" lon="4.5729922">
      <ele>20.4</ele>
      <time>2019-08-10T20:01:03Z</time>
    </trkpt>
    <trkpt lat="51.8699319" lon="4.5727047">
      <ele>21.4</ele>
      <time>2019-08-10T20:01:07Z</time>
    </trkpt>
    <trkpt lat="51.8699633" lon="4.5726308">
      <ele>21.6</ele>
      <time>2019-08-10T20:01:08Z</time>
    </trkpt>
    <trkpt lat="51.8703095" lon="4.5718967">
      <ele>15.2</ele>
      <time>2019-08-10T20:01:18Z</time>
    </trkpt>
    <trkpt lat="51.8706326" lon="4.5711561">
      <ele>11.2</ele>
      <time>2019-08-10T20:01:28Z</time>
    </trkpt>
    <trkpt lat="51.8706764" lon="4.5710017">
      <ele>10.8</ele>
      <time>2019-08-10T20:01:29Z</time>
    </trkpt>
    <trkpt lat="51.8708861" lon="4.5701558">
      <ele>6.8</ele>
      <time>2019-08-10T20:01:41Z</time>
    </trkpt>
    <trkpt lat="51.8709341" lon="4.5699299">
      <ele>4.2</ele>
      <time>2019-08-10T20:01:44Z</time>
    </trkpt>
    <trkpt lat="51.8709530" lon="4.5697720">
      <ele>1.8</ele>
      <time>2019-08-10T20:01:45Z</time>
    </trkpt>
    <trkpt lat="51.8709572" lon="4.5696836">
      <ele>3.4</ele>
      <time>2019-08-10T20:01:47Z</time>
    </trkpt>
    <trkpt lat="51.8709806" lon="4.5690886">
      <ele>1.8</ele>
      <time>2019-08-10T20:01:54Z</time>
    </trkpt>
    <trkpt lat="51.8710028" lon="4.5684471">
      <ele>0.8</ele>
      <time>2019-08-10T20:02:02Z</time>
    </trkpt>
    <trkpt lat="51.8710221" lon="4.5683089">
      <ele>0.8</ele>
      <time>2019-08-10T20:02:03Z</time>
    </trkpt>
    <trkpt lat="51.8710417" lon="4.5682471">
      <ele>1.0</ele>
      <time>2019-08-10T20:02:05Z</time>
    </trkpt>
    <trkpt lat="51.8711008" lon="4.5681422">
      <ele>0.8</ele>
      <time>2019-08-10T20:02:07Z</time>
    </trkpt>
    <trkpt lat="51.8711797" lon="4.5680492">
      <ele>0.8</ele>
      <time>2019-08-10T20:02:09Z</time>
    </trkpt>
    <trkpt lat="51.8712736" lon="4.5679720">
      <ele>0.8</ele>
      <time>2019-08-10T20:02:11Z</time>
    </trkpt>
    <trkpt lat="51.8714121" lon="4.5679000">
      <ele>0.8</ele>
      <time>2019-08-10T20:02:14Z</time>
    </trkpt>
    <trkpt lat="51.8719545" lon="4.5677869">
      <ele>2.4</ele>
      <time>2019-08-10T20:02:24Z</time>
    </trkpt>
    <trkpt lat="51.8720794" lon="4.5677549">
      <ele>2.8</ele>
      <time>2019-08-10T20:02:26Z</time>
    </trkpt>
    <trkpt lat="51.8721405" lon="4.5677381">
      <ele>2.8</ele>
      <time>2019-08-10T20:02:27Z</time>
    </trkpt>
    <trkpt lat="51.8726773" lon="4.5676124">
      <ele>1.0</ele>
      <time>2019-08-10T20:02:36Z</time>
    </trkpt>
    <trkpt lat="51.8728031" lon="4.5676056">
      <ele>0.0</ele>
      <time>2019-08-10T20:02:37Z</time>
    </trkpt>
    <trkpt lat="51.8728031" lon="4.5676056">
      <ele>0.0</ele>
      <time>2019-08-10T20:02:38Z</time>
    </trkpt>
    <trkpt lat="51.8733402" lon="4.5675026">
      <ele>-1.4</ele>
      <time>2019-08-10T20:02:47Z</time>
    </trkpt>
    <trkpt lat="51.8737030" lon="4.5673991">
      <ele>0.6</ele>
      <time>2019-08-10T20:02:54Z</time>
    </trkpt>
    <trkpt lat="51.8742347" lon="4.5671801">
      <ele>2.4</ele>
      <time>2019-08-10T20:03:03Z</time>
    </trkpt>
    <trkpt lat="51.8746292" lon="4.5669190">
      <ele>2.2</ele>
      <time>2019-08-10T20:03:10Z</time>
    </trkpt>
    <trkpt lat="51.8747493" lon="4.5668914">
      <ele>2.0</ele>
      <time>2019-08-10T20:03:12Z</time>
    </trkpt>
    <trkpt lat="51.8749311" lon="4.5669199">
      <ele>1.2</ele>
      <time>2019-08-10T20:03:15Z</time>
    </trkpt>
    <trkpt lat="51.8750516" lon="4.5669609">
      <ele>0.2</ele>
      <time>2019-08-10T20:03:16Z</time>
    </trkpt>
    <trkpt lat="51.8755557" lon="4.5671963">
      <ele>-3.0</ele>
      <time>2019-08-10T20:03:26Z</time>
    </trkpt>
    <trkpt lat="51.8760827" lon="4.5673836">
      <ele>-4.4</ele>
      <time>2019-08-10T20:03:36Z</time>
    </trkpt>
    <trkpt lat="51.8764656" lon="4.5674267">
      <ele>-3.2</ele>
      <time>2019-08-10T20:03:43Z</time>
    </trkpt>
    <trkpt lat="51.8765997" lon="4.5673340">
      <ele>-4.0</ele>
      <time>2019-08-10T20:03:46Z</time>
    </trkpt>
    <trkpt lat="51.8769646" lon="4.5666644">
      <ele>-5.0</ele>
      <time>2019-08-10T20:03:58Z</time>
    </trkpt>
    <trkpt lat="51.8771442" lon="4.5663428">
      <ele>-3.6</ele>
      <time>2019-08-10T20:04:05Z</time>
    </trkpt>
    <trkpt lat="51.8772356" lon="4.5660682">
      <ele>-3.6</ele>
      <time>2019-08-10T20:04:09Z</time>
    </trkpt>
    <trkpt lat="51.8774578" lon="4.5655160">
      <ele>-1.8</ele>
      <time>2019-08-10T20:04:17Z</time>
    </trkpt>
    <trkpt lat="51.8775396" lon="4.5654202">
      <ele>-1.2</ele>
      <time>2019-08-10T20:04:18Z</time>
    </trkpt>
    <trkpt lat="51.8775839" lon="4.5653802">
      <ele>-1.4</ele>
      <time>2019-08-10T20:04:20Z</time>
    </trkpt>
    <trkpt lat="51.8777285" lon="4.5652756">
      <ele>-0.8</ele>
      <time>2019-08-10T20:04:23Z</time>
    </trkpt>
    <trkpt lat="51.8781477" lon="4.5650574">
      <ele>-0.4</ele>
      <time>2019-08-10T20:04:32Z</time>
    </trkpt>
    <trkpt lat="51.8786708" lon="4.5648009">
      <ele>-0.8</ele>
      <time>2019-08-10T20:04:43Z</time>
    </trkpt>
    <trkpt lat="51.8791765" lon="4.5646861">
      <ele>-0.6</ele>
      <time>2019-08-10T20:04:54Z</time>
    </trkpt>
    <trkpt lat="51.8797591" lon="4.5647208">
      <ele>-0.8</ele>
      <time>2019-08-10T20:05:06Z</time>
    </trkpt>
    <trkpt lat="51.8802996" lon="4.5647612">
      <ele>-1.2</ele>
      <time>2019-08-10T20:05:18Z</time>
    </trkpt>
    <trkpt lat="51.8803858" lon="4.5647436">
      <ele>-1.2</ele>
      <time>2019-08-10T20:05:19Z</time>
    </trkpt>
    <trkpt lat="51.8804304" lon="4.5647254">
      <ele>-1.4</ele>
      <time>2019-08-10T20:05:21Z</time>
    </trkpt>
    <trkpt lat="51.8805244" lon="4.5646629">
      <ele>-2.6</ele>
      <time>2019-08-10T20:05:23Z</time>
    </trkpt>
    <trkpt lat="51.8806176" lon="4.5645521">
      <ele>-3.6</ele>
      <time>2019-08-10T20:05:25Z</time>
    </trkpt>
    <trkpt lat="51.8810160" lon="4.5638486">
      <ele>-4.2</ele>
      <time>2019-08-10T20:05:33Z</time>
    </trkpt>
    <trkpt lat="51.8811219" lon="4.5636672">
      <ele>-4.6</ele>
      <time>2019-08-10T20:05:35Z</time>
    </trkpt>
    <trkpt lat="51.8815820" lon="4.5633983">
      <ele>-4.8</ele>
      <time>2019-08-10T20:05:41Z</time>
    </trkpt>
    <trkpt lat="51.8816611" lon="4.5633702">
      <ele>-5.0</ele>
      <time>2019-08-10T20:05:42Z</time>
    </trkpt>
    <trkpt lat="51.8818214" lon="4.5633792">
      <ele>-5.0</ele>
      <time>2019-08-10T20:05:44Z</time>
    </trkpt>
    <trkpt lat="51.8823699" lon="4.5636539">
      <ele>-5.4</ele>
      <time>2019-08-10T20:05:51Z</time>
    </trkpt>
    <trkpt lat="51.8827152" lon="4.5637331">
      <ele>-5.4</ele>
      <time>2019-08-10T20:05:55Z</time>
    </trkpt>
    <trkpt lat="51.8831719" lon="4.5635551">
      <ele>-4.2</ele>
      <time>2019-08-10T20:06:00Z</time>
    </trkpt>
    <trkpt lat="51.8833317" lon="4.5634662">
      <ele>-3.8</ele>
      <time>2019-08-10T20:06:02Z</time>
    </trkpt>
    <trkpt lat="51.8834063" lon="4.5634165">
      <ele>-3.8</ele>
      <time>2019-08-10T20:06:03Z</time>
    </trkpt>
    <trkpt lat="51.8834739" lon="4.5633472">
      <ele>-3.6</ele>
      <time>2019-08-10T20:06:04Z</time>
    </trkpt>
    <trkpt lat="51.8838257" lon="4.5628989">
      <ele>-2.8</ele>
      <time>2019-08-10T20:06:10Z</time>
    </trkpt>
    <trkpt lat="51.8841489" lon="4.5627925">
      <ele>-2.0</ele>
      <time>2019-08-10T20:06:15Z</time>
    </trkpt>
    <trkpt lat="51.8845634" lon="4.5628415">
      <ele>-2.2</ele>
      <time>2019-08-10T20:06:22Z</time>
    </trkpt>
    <trkpt lat="51.8847276" lon="4.5628063">
      <ele>-1.0</ele>
      <time>2019-08-10T20:06:25Z</time>
    </trkpt>
    <trkpt lat="51.8851507" lon="4.5627646">
      <ele>0.4</ele>
      <time>2019-08-10T20:06:33Z</time>
    </trkpt>
    <trkpt lat="51.8853351" lon="4.5627493">
      <ele>0.2</ele>
      <time>2019-08-10T20:06:36Z</time>
    </trkpt>
    <trkpt lat="51.8858992" lon="4.5625561">
      <ele>3.2</ele>
      <time>2019-08-10T20:06:46Z</time>
    </trkpt>
    <trkpt lat="51.8864452" lon="4.5623209">
      <ele>4.2</ele>
      <time>2019-08-10T20:06:55Z</time>
    </trkpt>
    <trkpt lat="51.8868267" lon="4.5621695">
      <ele>3.6</ele>
      <time>2019-08-10T20:07:01Z</time>
    </trkpt>
    <trkpt lat="51.8871982" lon="4.5620177">
      <ele>3.8</ele>
      <time>2019-08-10T20:07:07Z</time>
    </trkpt>
    <trkpt lat="51.8875007" lon="4.5618913">
      <ele>3.6</ele>
      <time>2019-08-10T20:07:12Z</time>
    </trkpt>
    <trkpt lat="51.8877532" lon="4.5617837">
      <ele>3.6</ele>
      <time>2019-08-10T20:07:16Z</time>
    </trkpt>
    <trkpt lat="51.8883202" lon="4.5615474">
      <ele>3.2</ele>
      <time>2019-08-10T20:07:25Z</time>
    </trkpt>
    <trkpt lat="51.8888064" lon="4.5613559">
      <ele>2.8</ele>
      <time>2019-08-10T20:07:33Z</time>
    </trkpt>
    <trkpt lat="51.8889824" lon="4.5612894">
      <ele>2.8</ele>
      <time>2019-08-10T20:07:36Z</time>
    </trkpt>
    <trkpt lat="51.8894619" lon="4.5610903">
      <ele>3.6</ele>
      <time>2019-08-10T20:07:44Z</time>
    </trkpt>
    <trkpt lat="51.8895854" lon="4.5610439">
      <ele>3.2</ele>
      <time>2019-08-10T20:07:46Z</time>
    </trkpt>
    <trkpt lat="51.8897041" lon="4.5610034">
      <ele>3.2</ele>
      <time>2019-08-10T20:07:47Z</time>
    </trkpt>
    <trkpt lat="51.8901070" lon="4.5608745">
      <ele>1.6</ele>
      <time>2019-08-10T20:07:55Z</time>
    </trkpt>
    <trkpt lat="51.8904352" lon="4.5607292">
      <ele>4.2</ele>
      <time>2019-08-10T20:08:00Z</time>
    </trkpt>
    <trkpt lat="51.8905703" lon="4.5606707">
      <ele>4.6</ele>
      <time>2019-08-10T20:08:02Z</time>
    </trkpt>
    <trkpt lat="51.8907877" lon="4.5605946">
      <ele>5.8</ele>
      <time>2019-08-10T20:08:07Z</time>
    </trkpt>
    <trkpt lat="51.8908323" lon="4.5609139">
      <ele>4.2</ele>
      <time>2019-08-10T20:08:13Z</time>
    </trkpt>
    <trkpt lat="51.8908766" lon="4.5613025">
      <ele>3.0</ele>
      <time>2019-08-10T20:08:19Z</time>
    </trkpt>
    <trkpt lat="51.8908886" lon="4.5614361">
      <ele>2.6</ele>
      <time>2019-08-10T20:08:20Z</time>
    </trkpt>
    <trkpt lat="51.8908957" lon="4.5614971">
      <ele>2.6</ele>
      <time>2019-08-10T20:08:22Z</time>
    </trkpt>
    <trkpt lat="51.8909123" lon="4.5616205">
      <ele>2.8</ele>
      <time>2019-08-10T20:08:24Z</time>
    </trkpt>
    <trkpt lat="51.8909353" lon="4.5617444">
      <ele>2.8</ele>
      <time>2019-08-10T20:08:26Z</time>
    </trkpt>
    <trkpt lat="51.8910372" lon="4.5623484">
      <ele>3.4</ele>
      <time>2019-08-10T20:08:35Z</time>
    </trkpt>
    <trkpt lat="51.8910742" lon="4.5624808">
      <ele>3.2</ele>
      <time>2019-08-10T20:08:43Z</time>
    </trkpt>
    <trkpt lat="51.8910185" lon="4.5621526">
      <ele>4.0</ele>
      <time>2019-08-10T20:09:37Z</time>
    </trkpt>
    <trkpt lat="51.8910115" lon="4.5621009">
      <ele>4.2</ele>
      <time>2019-08-10T20:09:38Z</time>
    </trkpt>
    <trkpt lat="51.8909367" lon="4.5616709">
      <ele>4.2</ele>
      <time>2019-08-10T20:09:46Z</time>
    </trkpt>
    <trkpt lat="51.8909277" lon="4.5616173">
      <ele>4.2</ele>
      <time>2019-08-10T20:09:47Z</time>
    </trkpt>
    <trkpt lat="51.8908562" lon="4.5611994">
      <ele>3.4</ele>
      <time>2019-08-10T20:09:54Z</time>
    </trkpt>
    <trkpt lat="51.8908348" lon="4.5610656">
      <ele>3.2</ele>
      <time>2019-08-10T20:09:56Z</time>
    </trkpt>
    <trkpt lat="51.8907946" lon="4.5608113">
      <ele>2.8</ele>
      <time>2019-08-10T20:10:00Z</time>
    </trkpt>
    <trkpt lat="51.8907758" lon="4.5607023">
      <ele>2.6</ele>
      <time>2019-08-10T20:10:02Z</time>
    </trkpt>
    <trkpt lat="51.8907866" lon="4.5605566">
      <ele>3.8</ele>
      <time>2019-08-10T20:10:05Z</time>
    </trkpt>
    <trkpt lat="51.8908154" lon="4.5605312">
      <ele>4.0</ele>
      <time>2019-08-10T20:10:06Z</time>
    </trkpt>
    <trkpt lat="51.8908532" lon="4.5605206">
      <ele>4.0</ele>
      <time>2019-08-10T20:10:07Z</time>
    </trkpt>
    <trkpt lat="51.8909302" lon="4.5604776">
      <ele>4.0</ele>
      <time>2019-08-10T20:10:09Z</time>
    </trkpt>
    <trkpt lat="51.8909695" lon="4.5604433">
      <ele>4.0</ele>
      <time>2019-08-10T20:10:10Z</time>
    </trkpt>
    <trkpt lat="51.8910542" lon="4.5603654">
      <ele>3.6</ele>
      <time>2019-08-10T20:10:12Z</time>
    </trkpt>
    <trkpt lat="51.8910999" lon="4.5603212">
      <ele>3.2</ele>
      <time>2019-08-10T20:10:13Z</time>
    </trkpt>
    <trkpt lat="51.8911475" lon="4.5602756">
      <ele>3.0</ele>
      <time>2019-08-10T20:10:14Z</time>
    </trkpt>
    <trkpt lat="51.8911978" lon="4.5602261">
      <ele>2.8</ele>
      <time>2019-08-10T20:10:15Z</time>
    </trkpt>
    <trkpt lat="51.8912523" lon="4.5601714">
      <ele>2.6</ele>
      <time>2019-08-10T20:10:16Z</time>
    </trkpt>
    <trkpt lat="51.8913125" lon="4.5601121">
      <ele>2.4</ele>
      <time>2019-08-10T20:10:17Z</time>
    </trkpt>
    <trkpt lat="51.8915676" lon="4.5598610">
      <ele>1.0</ele>
      <time>2019-08-10T20:10:21Z</time>
    </trkpt>
    <trkpt lat="51.8916992" lon="4.5597195">
      <ele>0.2</ele>
      <time>2019-08-10T20:10:23Z</time>
    </trkpt>
    <trkpt lat="51.8918248" lon="4.5595703">
      <ele>0.0</ele>
      <time>2019-08-10T20:10:25Z</time>
    </trkpt>
    <trkpt lat="51.8918869" lon="4.5595039">
      <ele>0.0</ele>
      <time>2019-08-10T20:10:26Z</time>
    </trkpt>
    <trkpt lat="51.8919506" lon="4.5594480">
      <ele>-0.2</ele>
      <time>2019-08-10T20:10:27Z</time>
    </trkpt>
    <trkpt lat="51.8920124" lon="4.5593921">
      <ele>-0.2</ele>
      <time>2019-08-10T20:10:28Z</time>
    </trkpt>
    <trkpt lat="51.8921852" lon="4.5591984">
      <ele>-0.6</ele>
      <time>2019-08-10T20:10:31Z</time>
    </trkpt>
    <trkpt lat="51.8923489" lon="4.5590019">
      <ele>-0.2</ele>
      <time>2019-08-10T20:10:34Z</time>
    </trkpt>
    <trkpt lat="51.8924006" lon="4.5589378">
      <ele>-0.2</ele>
      <time>2019-08-10T20:10:35Z</time>
    </trkpt>
    <trkpt lat="51.8924515" lon="4.5588731">
      <ele>0.0</ele>
      <time>2019-08-10T20:10:36Z</time>
    </trkpt>
    <trkpt lat="51.8925036" lon="4.5588093">
      <ele>-0.2</ele>
      <time>2019-08-10T20:10:37Z</time>
    </trkpt>
    <trkpt lat="51.8925577" lon="4.5587427">
      <ele>-0.2</ele>
      <time>2019-08-10T20:10:38Z</time>
    </trkpt>
    <trkpt lat="51.8926620" lon="4.5586113">
      <ele>-0.2</ele>
      <time>2019-08-10T20:10:40Z</time>
    </trkpt>
    <trkpt lat="51.8929194" lon="4.5582778">
      <ele>-0.4</ele>
      <time>2019-08-10T20:10:45Z</time>
    </trkpt>
    <trkpt lat="51.8929665" lon="4.5582123">
      <ele>-0.6</ele>
      <time>2019-08-10T20:10:46Z</time>
    </trkpt>
    <trkpt lat="51.8930115" lon="4.5581436">
      <ele>-0.6</ele>
      <time>2019-08-10T20:10:47Z</time>
    </trkpt>
    <trkpt lat="51.8930560" lon="4.5580748">
      <ele>-0.8</ele>
      <time>2019-08-10T20:10:48Z</time>
    </trkpt>
    <trkpt lat="51.8932252" lon="4.5577996">
      <ele>-1.0</ele>
      <time>2019-08-10T20:10:52Z</time>
    </trkpt>
    <trkpt lat="51.8933059" lon="4.5576681">
      <ele>-1.0</ele>
      <time>2019-08-10T20:10:54Z</time>
    </trkpt>
    <trkpt lat="51.8933837" lon="4.5575340">
      <ele>-1.0</ele>
      <time>2019-08-10T20:10:56Z</time>
    </trkpt>
    <trkpt lat="51.8937720" lon="4.5568429">
      <ele>-1.0</ele>
      <time>2019-08-10T20:11:06Z</time>
    </trkpt>
    <trkpt lat="51.8941004" lon="4.5561742">
      <ele>-1.0</ele>
      <time>2019-08-10T20:11:15Z</time>
    </trkpt>
    <trkpt lat="51.8941677" lon="4.5560233">
      <ele>-1.0</ele>
      <time>2019-08-10T20:11:17Z</time>
    </trkpt>
    <trkpt lat="51.8942018" lon="4.5559485">
      <ele>-0.8</ele>
      <time>2019-08-10T20:11:18Z</time>
    </trkpt>
    <trkpt lat="51.8943969" lon="4.5555002">
      <ele>-0.4</ele>
      <time>2019-08-10T20:11:24Z</time>
    </trkpt>
    <trkpt lat="51.8946147" lon="4.5549391">
      <ele>0.0</ele>
      <time>2019-08-10T20:11:31Z</time>
    </trkpt>
    <trkpt lat="51.8947279" lon="4.5546042">
      <ele>0.2</ele>
      <time>2019-08-10T20:11:35Z</time>
    </trkpt>
    <trkpt lat="51.8949805" lon="4.5537996">
      <ele>0.6</ele>
      <time>2019-08-10T20:11:45Z</time>
    </trkpt>
    <trkpt lat="51.8950951" lon="4.5533510">
      <ele>0.8</ele>
      <time>2019-08-10T20:11:50Z</time>
    </trkpt>
    <trkpt lat="51.8951590" lon="4.5530912">
      <ele>1.0</ele>
      <time>2019-08-10T20:11:53Z</time>
    </trkpt>
    <trkpt lat="51.8952894" lon="4.5525404">
      <ele>1.4</ele>
      <time>2019-08-10T20:11:59Z</time>
    </trkpt>
    <trkpt lat="51.8953325" lon="4.5523711">
      <ele>1.8</ele>
      <time>2019-08-10T20:12:01Z</time>
    </trkpt>
    <trkpt lat="51.8954734" lon="4.5519231">
      <ele>1.6</ele>
      <time>2019-08-10T20:12:07Z</time>
    </trkpt>
    <trkpt lat="51.8955402" lon="4.5518284">
      <ele>1.6</ele>
      <time>2019-08-10T20:12:09Z</time>
    </trkpt>
    <trkpt lat="51.8956178" lon="4.5517752">
      <ele>1.8</ele>
      <time>2019-08-10T20:12:11Z</time>
    </trkpt>
    <trkpt lat="51.8956994" lon="4.5517557">
      <ele>1.6</ele>
      <time>2019-08-10T20:12:13Z</time>
    </trkpt>
    <trkpt lat="51.8960587" lon="4.5516063">
      <ele>1.8</ele>
      <time>2019-08-10T20:12:24Z</time>
    </trkpt>
    <trkpt lat="51.8961753" lon="4.5510336">
      <ele>1.4</ele>
      <time>2019-08-10T20:12:34Z</time>
    </trkpt>
    <trkpt lat="51.8961886" lon="4.5509075">
      <ele>1.4</ele>
      <time>2019-08-10T20:12:36Z</time>
    </trkpt>
    <trkpt lat="51.8961921" lon="4.5508397">
      <ele>1.4</ele>
      <time>2019-08-10T20:12:37Z</time>
    </trkpt>
    <trkpt lat="51.8961973" lon="4.5507721">
      <ele>1.2</ele>
      <time>2019-08-10T20:12:38Z</time>
    </trkpt>
    <trkpt lat="51.8961952" lon="4.5505834">
      <ele>1.0</ele>
      <time>2019-08-10T20:12:41Z</time>
    </trkpt>
    <trkpt lat="51.8961977" lon="4.5505135">
      <ele>1.0</ele>
      <time>2019-08-10T20:12:42Z</time>
    </trkpt>
    <trkpt lat="51.8962027" lon="4.5504450">
      <ele>0.8</ele>
      <time>2019-08-10T20:12:43Z</time>
    </trkpt>
    <trkpt lat="51.8962273" lon="4.5500772">
      <ele>1.0</ele>
      <time>2019-08-10T20:12:48Z</time>
    </trkpt>
    <trkpt lat="51.8962178" lon="4.5492531">
      <ele>1.2</ele>
      <time>2019-08-10T20:12:58Z</time>
    </trkpt>
    <trkpt lat="51.8962079" lon="4.5490815">
      <ele>1.0</ele>
      <time>2019-08-10T20:13:00Z</time>
    </trkpt>
    <trkpt lat="51.8961948" lon="4.5489099">
      <ele>1.0</ele>
      <time>2019-08-10T20:13:02Z</time>
    </trkpt>
    <trkpt lat="51.8961847" lon="4.5488205">
      <ele>0.8</ele>
      <time>2019-08-10T20:13:03Z</time>
    </trkpt>
    <trkpt lat="51.8961736" lon="4.5487325">
      <ele>0.6</ele>
      <time>2019-08-10T20:13:04Z</time>
    </trkpt>
    <trkpt lat="51.8961636" lon="4.5486485">
      <ele>0.6</ele>
      <time>2019-08-10T20:13:05Z</time>
    </trkpt>
    <trkpt lat="51.8961524" lon="4.5485650">
      <ele>0.6</ele>
      <time>2019-08-10T20:13:06Z</time>
    </trkpt>
    <trkpt lat="51.8961463" lon="4.5484820">
      <ele>0.4</ele>
      <time>2019-08-10T20:13:07Z</time>
    </trkpt>
    <trkpt lat="51.8961359" lon="4.5483989">
      <ele>0.4</ele>
      <time>2019-08-10T20:13:08Z</time>
    </trkpt>
    <trkpt lat="51.8959191" lon="4.5475570">
      <ele>-0.2</ele>
      <time>2019-08-10T20:13:18Z</time>
    </trkpt>
    <trkpt lat="51.8957548" lon="4.5469313">
      <ele>-0.8</ele>
      <time>2019-08-10T20:13:27Z</time>
    </trkpt>
    <trkpt lat="51.8957521" lon="4.5469298">
      <ele>-0.8</ele>
      <time>2019-08-10T20:13:34Z</time>
    </trkpt>
    <trkpt lat="51.8957521" lon="4.5469298">
      <ele>-0.8</ele>
      <time>2019-08-10T20:13:46Z</time>
    </trkpt>
    <trkpt lat="51.8957553" lon="4.5469126">
      <ele>-1.2</ele>
      <time>2019-08-10T20:13:59Z</time>
    </trkpt>
    <trkpt lat="51.8957553" lon="4.5469126">
      <ele>-1.2</ele>
      <time>2019-08-10T20:14:00Z</time>
    </trkpt>
    <trkpt lat="51.8989225" lon="4.5479625">
      <ele>-5.6</ele>
      <time>2019-08-10T20:23:05Z</time>
    </trkpt>
    <trkpt lat="51.8989809" lon="4.5482145">
      <ele>-6.0</ele>
      <time>2019-08-10T20:23:08Z</time>
    </trkpt>
    <trkpt lat="51.8990640" lon="4.5485464">
      <ele>-5.2</ele>
      <time>2019-08-10T20:23:12Z</time>
    </trkpt>
    <trkpt lat="51.8990839" lon="4.5491308">
      <ele>-5.0</ele>
      <time>2019-08-10T20:23:19Z</time>
    </trkpt>
    <trkpt lat="51.8989892" lon="4.5495290">
      <ele>-4.6</ele>
      <time>2019-08-10T20:23:24Z</time>
    </trkpt>
    <trkpt lat="51.8988961" lon="4.5497237">
      <ele>-4.4</ele>
      <time>2019-08-10T20:23:27Z</time>
    </trkpt>
    <trkpt lat="51.8988042" lon="4.5498191">
      <ele>-3.8</ele>
      <time>2019-08-10T20:23:29Z</time>
    </trkpt>
    <trkpt lat="51.8986811" lon="4.5498518">
      <ele>-3.6</ele>
      <time>2019-08-10T20:23:31Z</time>
    </trkpt>
    <trkpt lat="51.8985522" lon="4.5498102">
      <ele>-3.2</ele>
      <time>2019-08-10T20:23:33Z</time>
    </trkpt>
    <trkpt lat="51.8984348" lon="4.5497113">
      <ele>-3.2</ele>
      <time>2019-08-10T20:23:35Z</time>
    </trkpt>
    <trkpt lat="51.8983476" lon="4.5495729">
      <ele>-3.0</ele>
      <time>2019-08-10T20:23:37Z</time>
    </trkpt>
    <trkpt lat="51.8982971" lon="4.5494017">
      <ele>-2.4</ele>
      <time>2019-08-10T20:23:39Z</time>
    </trkpt>
    <trkpt lat="51.8982787" lon="4.5492255">
      <ele>-2.2</ele>
      <time>2019-08-10T20:23:41Z</time>
    </trkpt>
    <trkpt lat="51.8982864" lon="4.5490496">
      <ele>-1.8</ele>
      <time>2019-08-10T20:23:43Z</time>
    </trkpt>
    <trkpt lat="51.8983191" lon="4.5488768">
      <ele>-1.4</ele>
      <time>2019-08-10T20:23:45Z</time>
    </trkpt>
    <trkpt lat="51.8985874" lon="4.5482202">
      <ele>0.6</ele>
      <time>2019-08-10T20:23:54Z</time>
    </trkpt>
    <trkpt lat="51.8989321" lon="4.5476643">
      <ele>3.4</ele>
      <time>2019-08-10T20:24:05Z</time>
    </trkpt>
    <trkpt lat="51.8993649" lon="4.5470805">
      <ele>6.8</ele>
      <time>2019-08-10T20:24:18Z</time>
    </trkpt>
    <trkpt lat="51.8996120" lon="4.5467594">
      <ele>9.2</ele>
      <time>2019-08-10T20:24:26Z</time>
    </trkpt>
    <trkpt lat="51.9000228" lon="4.5462886">
      <ele>11.6</ele>
      <time>2019-08-10T20:24:39Z</time>
    </trkpt>
    <trkpt lat="51.9001156" lon="4.5461966">
      <ele>12.6</ele>
      <time>2019-08-10T20:24:42Z</time>
    </trkpt>
    <trkpt lat="51.9001452" lon="4.5461678">
      <ele>12.8</ele>
      <time>2019-08-10T20:24:43Z</time>
    </trkpt>
    <trkpt lat="51.9001765" lon="4.5461388">
      <ele>13.0</ele>
      <time>2019-08-10T20:24:44Z</time>
    </trkpt>
    <trkpt lat="51.9003520" lon="4.5459728">
      <ele>14.4</ele>
      <time>2019-08-10T20:24:50Z</time>
    </trkpt>
    <trkpt lat="51.9007734" lon="4.5456428">
      <ele>17.2</ele>
      <time>2019-08-10T20:25:03Z</time>
    </trkpt>
    <trkpt lat="51.9011182" lon="4.5453579">
      <ele>19.2</ele>
      <time>2019-08-10T20:25:14Z</time>
    </trkpt>
    <trkpt lat="51.9016131" lon="4.5449940">
      <ele>21.6</ele>
      <time>2019-08-10T20:25:30Z</time>
    </trkpt>
    <trkpt lat="51.9018537" lon="4.5448194">
      <ele>23.0</ele>
      <time>2019-08-10T20:25:38Z</time>
    </trkpt>
    <trkpt lat="51.9021130" lon="4.5446562">
      <ele>23.6</ele>
      <time>2019-08-10T20:25:46Z</time>
    </trkpt>
    <trkpt lat="51.9025445" lon="4.5443361">
      <ele>24.6</ele>
      <time>2019-08-10T20:25:58Z</time>
    </trkpt>
    <trkpt lat="51.9025767" lon="4.5443082">
      <ele>24.8</ele>
      <time>2019-08-10T20:25:59Z</time>
    </trkpt>
    <trkpt lat="51.9026113" lon="4.5442812">
      <ele>24.8</ele>
      <time>2019-08-10T20:26:00Z</time>
    </trkpt>
    <trkpt lat="51.9026776" lon="4.5442211">
      <ele>24.8</ele>
      <time>2019-08-10T20:26:02Z</time>
    </trkpt>
    <trkpt lat="51.9027126" lon="4.5441931">
      <ele>24.8</ele>
      <time>2019-08-10T20:26:03Z</time>
    </trkpt>
    <trkpt lat="51.9027834" lon="4.5441302">
      <ele>24.8</ele>
      <time>2019-08-10T20:26:05Z</time>
    </trkpt>
    <trkpt lat="51.9032785" lon="4.5437433">
      <ele>24.0</ele>
      <time>2019-08-10T20:26:17Z</time>
    </trkpt>
    <trkpt lat="51.9034453" lon="4.5436290">
      <ele>23.6</ele>
      <time>2019-08-10T20:26:21Z</time>
    </trkpt>
    <trkpt lat="51.9039721" lon="4.5432930">
      <ele>24.8</ele>
      <time>2019-08-10T20:26:34Z</time>
    </trkpt>
    <trkpt lat="51.9044836" lon="4.5429353">
      <ele>26.0</ele>
      <time>2019-08-10T20:26:46Z</time>
    </trkpt>
    <trkpt lat="51.9047569" lon="4.5427458">
      <ele>26.6</ele>
      <time>2019-08-10T20:26:52Z</time>
    </trkpt>
    <trkpt lat="51.9052517" lon="4.5423829">
      <ele>27.2</ele>
      <time>2019-08-10T20:27:01Z</time>
    </trkpt>
    <trkpt lat="51.9057717" lon="4.5420144">
      <ele>27.4</ele>
      <time>2019-08-10T20:27:10Z</time>
    </trkpt>
    <trkpt lat="51.9062799" lon="4.5416587">
      <ele>24.6</ele>
      <time>2019-08-10T20:27:18Z</time>
    </trkpt>
    <trkpt lat="51.9067785" lon="4.5413146">
      <ele>22.0</ele>
      <time>2019-08-10T20:27:25Z</time>
    </trkpt>
    <trkpt lat="51.9073055" lon="4.5409467">
      <ele>19.2</ele>
      <time>2019-08-10T20:27:32Z</time>
    </trkpt>
    <trkpt lat="51.9078562" lon="4.5405581">
      <ele>16.8</ele>
      <time>2019-08-10T20:27:39Z</time>
    </trkpt>
    <trkpt lat="51.9084280" lon="4.5401565">
      <ele>14.2</ele>
      <time>2019-08-10T20:27:46Z</time>
    </trkpt>
    <trkpt lat="51.9089308" lon="4.5398042">
      <ele>12.0</ele>
      <time>2019-08-10T20:27:52Z</time>
    </trkpt>
    <trkpt lat="51.9094522" lon="4.5394138">
      <ele>10.0</ele>
      <time>2019-08-10T20:27:58Z</time>
    </trkpt>
    <trkpt lat="51.9100105" lon="4.5390513">
      <ele>8.0</ele>
      <time>2019-08-10T20:28:04Z</time>
    </trkpt>
    <trkpt lat="51.9105728" lon="4.5387154">
      <ele>6.0</ele>
      <time>2019-08-10T20:28:10Z</time>
    </trkpt>
    <trkpt lat="51.9111027" lon="4.5383986">
      <ele>4.4</ele>
      <time>2019-08-10T20:28:16Z</time>
    </trkpt>
    <trkpt lat="51.9115024" lon="4.5381899">
      <ele>4.2</ele>
      <time>2019-08-10T20:28:21Z</time>
    </trkpt>
    <trkpt lat="51.9116515" lon="4.5382515">
      <ele>3.0</ele>
      <time>2019-08-10T20:28:23Z</time>
    </trkpt>
    <trkpt lat="51.9117469" lon="4.5384476">
      <ele>2.8</ele>
      <time>2019-08-10T20:28:25Z</time>
    </trkpt>
    <trkpt lat="51.9117380" lon="4.5387027">
      <ele>2.8</ele>
      <time>2019-08-10T20:28:27Z</time>
    </trkpt>
    <trkpt lat="51.9115620" lon="4.5389074">
      <ele>3.0</ele>
      <time>2019-08-10T20:28:30Z</time>
    </trkpt>
    <trkpt lat="51.9114076" lon="4.5388954">
      <ele>3.0</ele>
      <time>2019-08-10T20:28:32Z</time>
    </trkpt>
    <trkpt lat="51.9108540" lon="4.5388952">
      <ele>3.0</ele>
      <time>2019-08-10T20:28:41Z</time>
    </trkpt>
    <trkpt lat="51.9103136" lon="4.5392077">
      <ele>2.4</ele>
      <time>2019-08-10T20:28:52Z</time>
    </trkpt>
    <trkpt lat="51.9098089" lon="4.5395860">
      <ele>0.8</ele>
      <time>2019-08-10T20:29:03Z</time>
    </trkpt>
    <trkpt lat="51.9095024" lon="4.5397994">
      <ele>0.0</ele>
      <time>2019-08-10T20:29:10Z</time>
    </trkpt>
    <trkpt lat="51.9094018" lon="4.5398144">
      <ele>-0.4</ele>
      <time>2019-08-10T20:29:12Z</time>
    </trkpt>
    <trkpt lat="51.9093018" lon="4.5397944">
      <ele>-0.6</ele>
      <time>2019-08-10T20:29:14Z</time>
    </trkpt>
    <trkpt lat="51.9092174" lon="4.5397289">
      <ele>-1.0</ele>
      <time>2019-08-10T20:29:16Z</time>
    </trkpt>
    <trkpt lat="51.9091641" lon="4.5396214">
      <ele>-1.2</ele>
      <time>2019-08-10T20:29:18Z</time>
    </trkpt>
    <trkpt lat="51.9089941" lon="4.5387719">
      <ele>-1.6</ele>
      <time>2019-08-10T20:29:30Z</time>
    </trkpt>
    <trkpt lat="51.9089601" lon="4.5384326">
      <ele>-1.0</ele>
      <time>2019-08-10T20:29:35Z</time>
    </trkpt>
    <trkpt lat="51.9094761" lon="4.5380503">
      <ele>-0.4</ele>
      <time>2019-08-10T20:29:47Z</time>
    </trkpt>
    <trkpt lat="51.9100069" lon="4.5376261">
      <ele>0.4</ele>
      <time>2019-08-10T20:29:57Z</time>
    </trkpt>
    <trkpt lat="51.9101735" lon="4.5374879">
      <ele>0.6</ele>
      <time>2019-08-10T20:30:00Z</time>
    </trkpt>
    <trkpt lat="51.9106955" lon="4.5370569">
      <ele>0.8</ele>
      <time>2019-08-10T20:30:10Z</time>
    </trkpt>
    <trkpt lat="51.9112139" lon="4.5366262">
      <ele>0.4</ele>
      <time>2019-08-10T20:30:21Z</time>
    </trkpt>
    <trkpt lat="51.9114211" lon="4.5364470">
      <ele>0.0</ele>
      <time>2019-08-10T20:30:26Z</time>
    </trkpt>
    <trkpt lat="51.9119207" lon="4.5360296">
      <ele>-1.4</ele>
      <time>2019-08-10T20:30:35Z</time>
    </trkpt>
    <trkpt lat="51.9124476" lon="4.5356275">
      <ele>-2.6</ele>
      <time>2019-08-10T20:30:43Z</time>
    </trkpt>
    <trkpt lat="51.9127507" lon="4.5354373">
      <ele>-3.0</ele>
      <time>2019-08-10T20:30:48Z</time>
    </trkpt>
    <trkpt lat="51.9127963" lon="4.5353853">
      <ele>-3.0</ele>
      <time>2019-08-10T20:30:49Z</time>
    </trkpt>
    <trkpt lat="51.9128368" lon="4.5353279">
      <ele>-3.0</ele>
      <time>2019-08-10T20:30:50Z</time>
    </trkpt>
    <trkpt lat="51.9128924" lon="4.5351979">
      <ele>-3.2</ele>
      <time>2019-08-10T20:30:52Z</time>
    </trkpt>
    <trkpt lat="51.9129245" lon="4.5350440">
      <ele>-3.2</ele>
      <time>2019-08-10T20:30:54Z</time>
    </trkpt>
    <trkpt lat="51.9129347" lon="4.5348715">
      <ele>-3.4</ele>
      <time>2019-08-10T20:30:56Z</time>
    </trkpt>
    <trkpt lat="51.9129610" lon="4.5345263">
      <ele>-3.4</ele>
      <time>2019-08-10T20:31:00Z</time>
    </trkpt>
    <trkpt lat="51.9129746" lon="4.5342694">
      <ele>-3.8</ele>
      <time>2019-08-10T20:31:03Z</time>
    </trkpt>
    <trkpt lat="51.9129896" lon="4.5341012">
      <ele>-3.8</ele>
      <time>2019-08-10T20:31:04Z</time>
    </trkpt>
    <trkpt lat="51.9130802" lon="4.5332333">
      <ele>-4.2</ele>
      <time>2019-08-10T20:31:15Z</time>
    </trkpt>
    <trkpt lat="51.9131879" lon="4.5323241">
      <ele>-4.6</ele>
      <time>2019-08-10T20:31:26Z</time>
    </trkpt>
    <trkpt lat="51.9132196" lon="4.5321008">
      <ele>-4.6</ele>
      <time>2019-08-10T20:31:29Z</time>
    </trkpt>
    <trkpt lat="51.9132457" lon="4.5319505">
      <ele>-4.6</ele>
      <time>2019-08-10T20:31:31Z</time>
    </trkpt>
    <trkpt lat="51.9133194" lon="4.5315794">
      <ele>-5.0</ele>
      <time>2019-08-10T20:31:36Z</time>
    </trkpt>
    <trkpt lat="51.9134273" lon="4.5309290">
      <ele>-5.2</ele>
      <time>2019-08-10T20:31:46Z</time>
    </trkpt>
    <trkpt lat="51.9134383" lon="4.5308130">
      <ele>-5.4</ele>
      <time>2019-08-10T20:31:48Z</time>
    </trkpt>
    <trkpt lat="51.9134422" lon="4.5306936">
      <ele>-5.4</ele>
      <time>2019-08-10T20:31:50Z</time>
    </trkpt>
    <trkpt lat="51.9134406" lon="4.5305680">
      <ele>-5.6</ele>
      <time>2019-08-10T20:31:52Z</time>
    </trkpt>
    <trkpt lat="51.9134465" lon="4.5302101">
      <ele>-5.4</ele>
      <time>2019-08-10T20:31:58Z</time>
    </trkpt>
    <trkpt lat="51.9134538" lon="4.5299712">
      <ele>-5.4</ele>
      <time>2019-08-10T20:32:02Z</time>
    </trkpt>
    <trkpt lat="51.9134634" lon="4.5298296">
      <ele>-5.2</ele>
      <time>2019-08-10T20:32:03Z</time>
    </trkpt>
    <trkpt lat="51.9134904" lon="4.5295847">
      <ele>-4.8</ele>
      <time>2019-08-10T20:32:07Z</time>
    </trkpt>
    <trkpt lat="51.9134999" lon="4.5294154">
      <ele>-4.8</ele>
      <time>2019-08-10T20:32:09Z</time>
    </trkpt>
    <trkpt lat="51.9135184" lon="4.5292404">
      <ele>-4.6</ele>
      <time>2019-08-10T20:32:10Z</time>
    </trkpt>
    <trkpt lat="51.9135184" lon="4.5292404">
      <ele>-4.6</ele>
      <time>2019-08-10T20:32:11Z</time>
    </trkpt>
    <trkpt lat="51.9135794" lon="4.5288244">
      <ele>-4.0</ele>
      <time>2019-08-10T20:32:16Z</time>
    </trkpt>
    <trkpt lat="51.9136289" lon="4.5284021">
      <ele>-3.6</ele>
      <time>2019-08-10T20:32:21Z</time>
    </trkpt>
    <trkpt lat="51.9136728" lon="4.5280099">
      <ele>-2.8</ele>
      <time>2019-08-10T20:32:28Z</time>
    </trkpt>
    <trkpt lat="51.9136772" lon="4.5279368">
      <ele>-1.0</ele>
      <time>2019-08-10T20:32:34Z</time>
    </trkpt>
    <trkpt lat="51.9136745" lon="4.5279397">
      <ele>-1.0</ele>
      <time>2019-08-10T20:32:42Z</time>
    </trkpt>
    <trkpt lat="51.9136983" lon="4.5279357">
      <ele>-0.4</ele>
      <time>2019-08-10T20:32:47Z</time>
    </trkpt>
    <trkpt lat="51.9137131" lon="4.5279344">
      <ele>-0.2</ele>
      <time>2019-08-10T20:32:48Z</time>
    </trkpt>
    <trkpt lat="51.9138105" lon="4.5279514">
      <ele>0.6</ele>
      <time>2019-08-10T20:32:51Z</time>
    </trkpt>
    <trkpt lat="51.9140769" lon="4.5281017">
      <ele>2.6</ele>
      <time>2019-08-10T20:32:59Z</time>
    </trkpt>
    <trkpt lat="51.9142169" lon="4.5281772">
      <ele>3.0</ele>
      <time>2019-08-10T20:33:03Z</time>
    </trkpt>
    <trkpt lat="51.9143903" lon="4.5282788">
      <ele>2.4</ele>
      <time>2019-08-10T20:33:08Z</time>
    </trkpt>
    <trkpt lat="51.9145245" lon="4.5284310">
      <ele>2.0</ele>
      <time>2019-08-10T20:33:12Z</time>
    </trkpt>
    <trkpt lat="51.9146524" lon="4.5285151">
      <ele>1.0</ele>
      <time>2019-08-10T20:33:19Z</time>
    </trkpt>
    <trkpt lat="51.9146352" lon="4.5284392">
      <ele>0.2</ele>
      <time>2019-08-10T20:33:25Z</time>
    </trkpt>
    <trkpt lat="51.9146371" lon="4.5284425">
      <ele>0.6</ele>
      <time>2019-08-10T20:33:29Z</time>
    </trkpt>
    <trkpt lat="51.9146399" lon="4.5284389">
      <ele>0.6</ele>
      <time>2019-08-10T20:33:34Z</time>
    </trkpt>
    <trkpt lat="51.9146514" lon="4.5283729">
      <ele>0.8</ele>
      <time>2019-08-10T20:33:37Z</time>
    </trkpt>
    <trkpt lat="51.9146816" lon="4.5281765">
      <ele>1.0</ele>
      <time>2019-08-10T20:33:42Z</time>
    </trkpt>
    <trkpt lat="51.9147705" lon="4.5275662">
      <ele>0.0</ele>
      <time>2019-08-10T20:33:51Z</time>
    </trkpt>
    <trkpt lat="51.9148954" lon="4.5267766">
      <ele>-0.6</ele>
      <time>2019-08-10T20:34:01Z</time>
    </trkpt>
    <trkpt lat="51.9149088" lon="4.5266985">
      <ele>-0.8</ele>
      <time>2019-08-10T20:34:02Z</time>
    </trkpt>
    <trkpt lat="51.9149345" lon="4.5265404">
      <ele>-0.8</ele>
      <time>2019-08-10T20:34:03Z</time>
    </trkpt>
    <trkpt lat="51.9149479" lon="4.5264580">
      <ele>-1.0</ele>
      <time>2019-08-10T20:34:05Z</time>
    </trkpt>
    <trkpt lat="51.9149755" lon="4.5262894">
      <ele>-0.8</ele>
      <time>2019-08-10T20:34:06Z</time>
    </trkpt>
    <trkpt lat="51.9150047" lon="4.5261259">
      <ele>-0.8</ele>
      <time>2019-08-10T20:34:09Z</time>
    </trkpt>
    <trkpt lat="51.9151357" lon="4.5253559">
      <ele>-1.0</ele>
      <time>2019-08-10T20:34:19Z</time>
    </trkpt>
    <trkpt lat="51.9151877" lon="4.5250383">
      <ele>-0.8</ele>
      <time>2019-08-10T20:34:23Z</time>
    </trkpt>
    <trkpt lat="51.9153250" lon="4.5243031">
      <ele>0.8</ele>
      <time>2019-08-10T20:34:33Z</time>
    </trkpt>
    <trkpt lat="51.9155151" lon="4.5234169">
      <ele>1.2</ele>
      <time>2019-08-10T20:34:45Z</time>
    </trkpt>
    <trkpt lat="51.9155747" lon="4.5232587">
      <ele>1.4</ele>
      <time>2019-08-10T20:34:48Z</time>
    </trkpt>
    <trkpt lat="51.9156422" lon="4.5232579">
      <ele>1.6</ele>
      <time>2019-08-10T20:34:50Z</time>
    </trkpt>
    <trkpt lat="51.9161998" lon="4.5234432">
      <ele>4.4</ele>
      <time>2019-08-10T20:35:05Z</time>
    </trkpt>
    <trkpt lat="51.9163914" lon="4.5235447">
      <ele>11.2</ele>
      <time>2019-08-10T20:35:20Z</time>
    </trkpt>
    <trkpt lat="51.9163231" lon="4.5236359">
      <ele>13.4</ele>
      <time>2019-08-10T20:35:24Z</time>
    </trkpt>
    <trkpt lat="51.9162205" lon="4.5240410">
      <ele>18.6</ele>
      <time>2019-08-10T20:35:33Z</time>
    </trkpt>
    <trkpt lat="51.9162236" lon="4.5241577">
      <ele>21.6</ele>
      <time>2019-08-10T20:35:39Z</time>
    </trkpt>
    <trkpt lat="51.9162639" lon="4.5240786">
      <ele>24.4</ele>
      <time>2019-08-10T20:36:12Z</time>
    </trkpt>
    <trkpt lat="51.9162805" lon="4.5240428">
      <ele>24.6</ele>
      <time>2019-08-10T20:36:13Z</time>
    </trkpt>
    <trkpt lat="51.9163213" lon="4.5238265">
      <ele>25.8</ele>
      <time>2019-08-10T20:36:18Z</time>
    </trkpt>
    <trkpt lat="51.9163374" lon="4.5236530">
      <ele>26.8</ele>
      <time>2019-08-10T20:36:23Z</time>
    </trkpt>
    <trkpt lat="51.9163840" lon="4.5236492">
      <ele>27.0</ele>
      <time>2019-08-10T20:36:25Z</time>
    </trkpt>
    <trkpt lat="51.9165181" lon="4.5236922">
      <ele>27.0</ele>
      <time>2019-08-10T20:36:29Z</time>
    </trkpt>
    <trkpt lat="51.9166523" lon="4.5236452">
      <ele>26.2</ele>
      <time>2019-08-10T20:36:32Z</time>
    </trkpt>
    <trkpt lat="51.9167820" lon="4.5235535">
      <ele>26.8</ele>
      <time>2019-08-10T20:36:35Z</time>
    </trkpt>
    <trkpt lat="51.9168586" lon="4.5234586">
      <ele>27.0</ele>
      <time>2019-08-10T20:36:37Z</time>
    </trkpt>
    <trkpt lat="51.9170150" lon="4.5231374">
      <ele>27.0</ele>
      <time>2019-08-10T20:36:42Z</time>
    </trkpt>
    <trkpt lat="51.9170363" lon="4.5230582">
      <ele>26.8</ele>
      <time>2019-08-10T20:36:43Z</time>
    </trkpt>
    <trkpt lat="51.9171516" lon="4.5226535">
      <ele>24.8</ele>
      <time>2019-08-10T20:36:50Z</time>
    </trkpt>
    <trkpt lat="51.9171772" lon="4.5225660">
      <ele>24.2</ele>
      <time>2019-08-10T20:36:51Z</time>
    </trkpt>
    <trkpt lat="51.9171772" lon="4.5225660">
      <ele>24.2</ele>
      <time>2019-08-10T20:36:52Z</time>
    </trkpt>
    <trkpt lat="51.9172120" lon="4.5223812">
      <ele>18.0</ele>
      <time>2019-08-10T20:36:59Z</time>
    </trkpt>
    <trkpt lat="51.9172157" lon="4.5223186">
      <ele>17.4</ele>
      <time>2019-08-10T20:37:00Z</time>
    </trkpt>
    <trkpt lat="51.9171715" lon="4.5221936">
      <ele>14.0</ele>
      <time>2019-08-10T20:37:06Z</time>
    </trkpt>
    <trkpt lat="51.9169229" lon="4.5218483">
      <ele>9.2</ele>
      <time>2019-08-10T20:37:17Z</time>
    </trkpt>
    <trkpt lat="51.9164656" lon="4.5215129">
      <ele>6.4</ele>
      <time>2019-08-10T20:37:32Z</time>
    </trkpt>
    <trkpt lat="51.9161427" lon="4.5213151">
      <ele>4.4</ele>
      <time>2019-08-10T20:37:44Z</time>
    </trkpt>
    <trkpt lat="51.9161322" lon="4.5211857">
      <ele>4.0</ele>
      <time>2019-08-10T20:37:46Z</time>
    </trkpt>
    <trkpt lat="51.9162054" lon="4.5207439">
      <ele>3.2</ele>
      <time>2019-08-10T20:37:52Z</time>
    </trkpt>
    <trkpt lat="51.9163546" lon="4.5198998">
      <ele>2.6</ele>
      <time>2019-08-10T20:38:05Z</time>
    </trkpt>
    <trkpt lat="51.9165395" lon="4.5193618">
      <ele>1.0</ele>
      <time>2019-08-10T20:38:15Z</time>
    </trkpt>
    <trkpt lat="51.9167789" lon="4.5188797">
      <ele>-0.2</ele>
      <time>2019-08-10T20:38:24Z</time>
    </trkpt>
    <trkpt lat="51.9171385" lon="4.5182120">
      <ele>-3.6</ele>
      <time>2019-08-10T20:38:39Z</time>
    </trkpt>
    <trkpt lat="51.9173590" lon="4.5179947">
      <ele>-1.8</ele>
      <time>2019-08-10T20:38:51Z</time>
    </trkpt>
    <trkpt lat="51.9174656" lon="4.5178030">
      <ele>-1.2</ele>
      <time>2019-08-10T20:38:56Z</time>
    </trkpt>
    <trkpt lat="51.9175201" lon="4.5176903">
      <ele>-0.8</ele>
      <time>2019-08-10T20:38:57Z</time>
    </trkpt>
    <trkpt lat="51.9179465" lon="4.5171003">
      <ele>0.0</ele>
      <time>2019-08-10T20:39:09Z</time>
    </trkpt>
    <trkpt lat="51.9183779" lon="4.5164914">
      <ele>0.2</ele>
      <time>2019-08-10T20:39:20Z</time>
    </trkpt>
    <trkpt lat="51.9184432" lon="4.5164120">
      <ele>0.2</ele>
      <time>2019-08-10T20:39:22Z</time>
    </trkpt>
    <trkpt lat="51.9185944" lon="4.5162015">
      <ele>0.2</ele>
      <time>2019-08-10T20:39:27Z</time>
    </trkpt>
    <trkpt lat="51.9186540" lon="4.5161255">
      <ele>0.2</ele>
      <time>2019-08-10T20:39:28Z</time>
    </trkpt>
    <trkpt lat="51.9186540" lon="4.5161255">
      <ele>0.2</ele>
      <time>2019-08-10T20:39:29Z</time>
    </trkpt>
    <trkpt lat="51.9187727" lon="4.5159874">
      <ele>0.2</ele>
      <time>2019-08-10T20:39:33Z</time>
    </trkpt>
    <trkpt lat="51.9190817" lon="4.5156402">
      <ele>0.0</ele>
      <time>2019-08-10T20:39:44Z</time>
    </trkpt>
    <trkpt lat="51.9191671" lon="4.5155655">
      <ele>0.2</ele>
      <time>2019-08-10T20:39:47Z</time>
    </trkpt>
    <trkpt lat="51.9195607" lon="4.5151496">
      <ele>-0.4</ele>
      <time>2019-08-10T20:40:01Z</time>
    </trkpt>
    <trkpt lat="51.9196298" lon="4.5150607">
      <ele>0.0</ele>
      <time>2019-08-10T20:40:02Z</time>
    </trkpt>
    <trkpt lat="51.9196585" lon="4.5150074">
      <ele>0.0</ele>
      <time>2019-08-10T20:40:04Z</time>
    </trkpt>
    <trkpt lat="51.9197841" lon="4.5147401">
      <ele>0.0</ele>
      <time>2019-08-10T20:40:09Z</time>
    </trkpt>
    <trkpt lat="51.9198252" lon="4.5146133">
      <ele>-0.4</ele>
      <time>2019-08-10T20:40:10Z</time>
    </trkpt>
    <trkpt lat="51.9199817" lon="4.5138483">
      <ele>-0.2</ele>
      <time>2019-08-10T20:40:23Z</time>
    </trkpt>
    <trkpt lat="51.9199867" lon="4.5137889">
      <ele>-0.2</ele>
      <time>2019-08-10T20:40:24Z</time>
    </trkpt>
    <trkpt lat="51.9199890" lon="4.5137277">
      <ele>-0.2</ele>
      <time>2019-08-10T20:40:25Z</time>
    </trkpt>
    <trkpt lat="51.9200111" lon="4.5136097">
      <ele>-0.2</ele>
      <time>2019-08-10T20:40:27Z</time>
    </trkpt>
    <trkpt lat="51.9200630" lon="4.5134116">
      <ele>-0.2</ele>
      <time>2019-08-10T20:40:30Z</time>
    </trkpt>
    <trkpt lat="51.9200802" lon="4.5133502">
      <ele>-0.2</ele>
      <time>2019-08-10T20:40:31Z</time>
    </trkpt>
    <trkpt lat="51.9202671" lon="4.5125895">
      <ele>-1.0</ele>
      <time>2019-08-10T20:40:43Z</time>
    </trkpt>
    <trkpt lat="51.9202974" lon="4.5124826">
      <ele>-1.2</ele>
      <time>2019-08-10T20:40:44Z</time>
    </trkpt>
    <trkpt lat="51.9204032" lon="4.5120812">
      <ele>-1.2</ele>
      <time>2019-08-10T20:40:52Z</time>
    </trkpt>
    <trkpt lat="51.9206095" lon="4.5112145">
      <ele>-1.4</ele>
      <time>2019-08-10T20:41:07Z</time>
    </trkpt>
    <trkpt lat="51.9208059" lon="4.5104562">
      <ele>-0.2</ele>
      <time>2019-08-10T20:41:22Z</time>
    </trkpt>
    <trkpt lat="51.9209875" lon="4.5096098">
      <ele>-0.4</ele>
      <time>2019-08-10T20:41:36Z</time>
    </trkpt>
    <trkpt lat="51.9210361" lon="4.5094267">
      <ele>-0.8</ele>
      <time>2019-08-10T20:41:39Z</time>
    </trkpt>
    <trkpt lat="51.9210911" lon="4.5092665">
      <ele>-1.4</ele>
      <time>2019-08-10T20:41:42Z</time>
    </trkpt>
    <trkpt lat="51.9211276" lon="4.5091536">
      <ele>-1.6</ele>
      <time>2019-08-10T20:41:44Z</time>
    </trkpt>
    <trkpt lat="51.9212058" lon="4.5088613">
      <ele>-2.2</ele>
      <time>2019-08-10T20:41:49Z</time>
    </trkpt>
    <trkpt lat="51.9212923" lon="4.5085145">
      <ele>-2.0</ele>
      <time>2019-08-10T20:41:56Z</time>
    </trkpt>
    <trkpt lat="51.9213426" lon="4.5081243">
      <ele>-1.4</ele>
      <time>2019-08-10T20:42:02Z</time>
    </trkpt>
    <trkpt lat="51.9214146" lon="4.5076689">
      <ele>-0.4</ele>
      <time>2019-08-10T20:42:09Z</time>
    </trkpt>
    <trkpt lat="51.9214403" lon="4.5075530">
      <ele>-0.2</ele>
      <time>2019-08-10T20:42:11Z</time>
    </trkpt>
    <trkpt lat="51.9215479" lon="4.5071187">
      <ele>-0.4</ele>
      <time>2019-08-10T20:42:19Z</time>
    </trkpt>
    <trkpt lat="51.9215659" lon="4.5070000">
      <ele>-0.6</ele>
      <time>2019-08-10T20:42:21Z</time>
    </trkpt>
    <trkpt lat="51.9215839" lon="4.5068778">
      <ele>-0.8</ele>
      <time>2019-08-10T20:42:23Z</time>
    </trkpt>
    <trkpt lat="51.9216080" lon="4.5067618">
      <ele>-1.2</ele>
      <time>2019-08-10T20:42:25Z</time>
    </trkpt>
    <trkpt lat="51.9217415" lon="4.5062178">
      <ele>-3.2</ele>
      <time>2019-08-10T20:42:35Z</time>
    </trkpt>
    <trkpt lat="51.9219568" lon="4.5055101">
      <ele>-5.0</ele>
      <time>2019-08-10T20:42:48Z</time>
    </trkpt>
    <trkpt lat="51.9220138" lon="4.5051124">
      <ele>-4.8</ele>
      <time>2019-08-10T20:42:56Z</time>
    </trkpt>
    <trkpt lat="51.9220613" lon="4.5048729">
      <ele>-5.4</ele>
      <time>2019-08-10T20:43:00Z</time>
    </trkpt>
    <trkpt lat="51.9220770" lon="4.5048154">
      <ele>-5.4</ele>
      <time>2019-08-10T20:43:01Z</time>
    </trkpt>
    <trkpt lat="51.9221004" lon="4.5045757">
      <ele>-5.2</ele>
      <time>2019-08-10T20:43:05Z</time>
    </trkpt>
    <trkpt lat="51.9221049" lon="4.5045199">
      <ele>-5.0</ele>
      <time>2019-08-10T20:43:06Z</time>
    </trkpt>
    <trkpt lat="51.9221358" lon="4.5043728">
      <ele>-5.0</ele>
      <time>2019-08-10T20:43:09Z</time>
    </trkpt>
    <trkpt lat="51.9222580" lon="4.5036422">
      <ele>-4.8</ele>
      <time>2019-08-10T20:43:23Z</time>
    </trkpt>
    <trkpt lat="51.9223215" lon="4.5034475">
      <ele>-4.8</ele>
      <time>2019-08-10T20:43:27Z</time>
    </trkpt>
    <trkpt lat="51.9225722" lon="4.5026408">
      <ele>-4.6</ele>
      <time>2019-08-10T20:43:42Z</time>
    </trkpt>
    <trkpt lat="51.9227080" lon="4.5017940">
      <ele>-4.8</ele>
      <time>2019-08-10T20:43:51Z</time>
    </trkpt>
    <trkpt lat="51.9227764" lon="4.5012154">
      <ele>-4.4</ele>
      <time>2019-08-10T20:43:59Z</time>
    </trkpt>
    <trkpt lat="51.9229459" lon="4.5003901">
      <ele>-2.0</ele>
      <time>2019-08-10T20:44:20Z</time>
    </trkpt>
    <trkpt lat="51.9231149" lon="4.4995345">
      <ele>-0.2</ele>
      <time>2019-08-10T20:44:40Z</time>
    </trkpt>
    <trkpt lat="51.9232286" lon="4.4989921">
      <ele>0.6</ele>
      <time>2019-08-10T20:44:51Z</time>
    </trkpt>
    <trkpt lat="51.9232679" lon="4.4984845">
      <ele>1.4</ele>
      <time>2019-08-10T20:45:00Z</time>
    </trkpt>
    <trkpt lat="51.9233415" lon="4.4978496">
      <ele>3.2</ele>
      <time>2019-08-10T20:45:13Z</time>
    </trkpt>
    <trkpt lat="51.9231423" lon="4.4973920">
      <ele>3.8</ele>
      <time>2019-08-10T20:45:27Z</time>
    </trkpt>
    <trkpt lat="51.9231121" lon="4.4973165">
      <ele>4.2</ele>
      <time>2019-08-10T20:45:29Z</time>
    </trkpt>
    <trkpt lat="51.9230836" lon="4.4972210">
      <ele>4.6</ele>
      <time>2019-08-10T20:45:31Z</time>
    </trkpt>
    <trkpt lat="51.9230684" lon="4.4971606">
      <ele>4.6</ele>
      <time>2019-08-10T20:45:32Z</time>
    </trkpt>
    <trkpt lat="51.9230645" lon="4.4971010">
      <ele>4.6</ele>
      <time>2019-08-10T20:45:33Z</time>
    </trkpt>
    <trkpt lat="51.9230827" lon="4.4970287">
      <ele>4.8</ele>
      <time>2019-08-10T20:45:34Z</time>
    </trkpt>
    <trkpt lat="51.9231581" lon="4.4969184">
      <ele>5.0</ele>
      <time>2019-08-10T20:45:36Z</time>
    </trkpt>
    <trkpt lat="51.9231918" lon="4.4968775">
      <ele>5.2</ele>
      <time>2019-08-10T20:45:37Z</time>
    </trkpt>
    <trkpt lat="51.9232357" lon="4.4968351">
      <ele>5.4</ele>
      <time>2019-08-10T20:45:38Z</time>
    </trkpt>
    <trkpt lat="51.9233148" lon="4.4967430">
      <ele>5.6</ele>
      <time>2019-08-10T20:45:40Z</time>
    </trkpt>
    <trkpt lat="51.9234874" lon="4.4965906">
      <ele>5.8</ele>
      <time>2019-08-10T20:45:44Z</time>
    </trkpt>
    <trkpt lat="51.9235304" lon="4.4965471">
      <ele>5.8</ele>
      <time>2019-08-10T20:45:45Z</time>
    </trkpt>
    <trkpt lat="51.9236229" lon="4.4964563">
      <ele>5.4</ele>
      <time>2019-08-10T20:45:47Z</time>
    </trkpt>
    <trkpt lat="51.9237217" lon="4.4963587">
      <ele>5.0</ele>
      <time>2019-08-10T20:45:48Z</time>
    </trkpt>
    <trkpt lat="51.9238721" lon="4.4962322">
      <ele>4.6</ele>
      <time>2019-08-10T20:45:52Z</time>
    </trkpt>
    <trkpt lat="51.9240242" lon="4.4961199">
      <ele>4.6</ele>
      <time>2019-08-10T20:45:55Z</time>
    </trkpt>
    <trkpt lat="51.9241850" lon="4.4960871">
      <ele>4.4</ele>
      <time>2019-08-10T20:45:58Z</time>
    </trkpt>
    <trkpt lat="51.9242901" lon="4.4960676">
      <ele>4.6</ele>
      <time>2019-08-10T20:46:00Z</time>
    </trkpt>
    <trkpt lat="51.9246914" lon="4.4960396">
      <ele>4.2</ele>
      <time>2019-08-10T20:46:08Z</time>
    </trkpt>
    <trkpt lat="51.9247914" lon="4.4960374">
      <ele>3.2</ele>
      <time>2019-08-10T20:46:10Z</time>
    </trkpt>
    <trkpt lat="51.9248994" lon="4.4960483">
      <ele>3.0</ele>
      <time>2019-08-10T20:46:12Z</time>
    </trkpt>
    <trkpt lat="51.9250102" lon="4.4960567">
      <ele>2.4</ele>
      <time>2019-08-10T20:46:13Z</time>
    </trkpt>
    <trkpt lat="51.9250102" lon="4.4960567">
      <ele>2.4</ele>
      <time>2019-08-10T20:46:14Z</time>
    </trkpt>
    <trkpt lat="51.9253048" lon="4.4960768">
      <ele>0.8</ele>
      <time>2019-08-10T20:46:19Z</time>
    </trkpt>
    <trkpt lat="51.9254755" lon="4.4960952">
      <ele>0.0</ele>
      <time>2019-08-10T20:46:22Z</time>
    </trkpt>
    <trkpt lat="51.9255896" lon="4.4961041">
      <ele>-0.4</ele>
      <time>2019-08-10T20:46:23Z</time>
    </trkpt>
    <trkpt lat="51.9257855" lon="4.4960616">
      <ele>0.8</ele>
      <time>2019-08-10T20:46:30Z</time>
    </trkpt>
    <trkpt lat="51.9257659" lon="4.4958325">
      <ele>-1.2</ele>
      <time>2019-08-10T20:46:41Z</time>
    </trkpt>
    <trkpt lat="51.9257659" lon="4.4958325">
      <ele>-1.2</ele>
      <time>2019-08-10T20:46:44Z</time>
    </trkpt>
  </trkseg></trk>
</gpx>
