<?xml version="1.0" encoding="UTF-8"?>
<gpx version="1.1" creator="Diary FIT converter" xmlns="http://www.topografix.com/GPX/1/1">
  <trk><name>Activity</name><trkseg>
    <trkpt lat="50.9634804" lon="6.8748867">
      <time>2025-06-26T17:26:21Z</time>
    </trkpt>
    <trkpt lat="50.9635208" lon="6.8747850">
      <time>2025-06-26T17:26:24Z</time>
    </trkpt>
    <trkpt lat="50.9635517" lon="6.8746138">
      <time>2025-06-26T17:26:27Z</time>
    </trkpt>
    <trkpt lat="50.9635721" lon="6.8744978">
      <time>2025-06-26T17:26:29Z</time>
    </trkpt>
    <trkpt lat="50.9636372" lon="6.8742498">
      <time>2025-06-26T17:26:34Z</time>
    </trkpt>
    <trkpt lat="50.9636754" lon="6.8740521">
      <time>2025-06-26T17:26:38Z</time>
    </trkpt>
    <trkpt lat="50.9637252" lon="6.8738477">
      <time>2025-06-26T17:26:42Z</time>
    </trkpt>
    <trkpt lat="50.9637876" lon="6.8735876">
      <time>2025-06-26T17:26:47Z</time>
    </trkpt>
    <trkpt lat="50.9638371" lon="6.8733028">
      <time>2025-06-26T17:26:52Z</time>
    </trkpt>
    <trkpt lat="50.9638853" lon="6.8730365">
      <time>2025-06-26T17:26:57Z</time>
    </trkpt>
    <trkpt lat="50.9638881" lon="6.8729774">
      <time>2025-06-26T17:26:58Z</time>
    </trkpt>
    <trkpt lat="50.9638933" lon="6.8728041">
      <time>2025-06-26T17:27:01Z</time>
    </trkpt>
    <trkpt lat="50.9639058" lon="6.8727400">
      <time>2025-06-26T17:27:02Z</time>
    </trkpt>
    <trkpt lat="50.9639082" lon="6.8726895">
      <time>2025-06-26T17:27:03Z</time>
    </trkpt>
    <trkpt lat="50.9639229" lon="6.8724695">
      <time>2025-06-26T17:27:07Z</time>
    </trkpt>
    <trkpt lat="50.9639252" lon="6.8724053">
      <time>2025-06-26T17:27:08Z</time>
    </trkpt>
    <trkpt lat="50.9639290" lon="6.8722361">
      <time>2025-06-26T17:27:11Z</time>
    </trkpt>
    <trkpt lat="50.9639145" lon="6.8719979">
      <time>2025-06-26T17:27:15Z</time>
    </trkpt>
    <trkpt lat="50.9638974" lon="6.8719601">
      <time>2025-06-26T17:27:16Z</time>
    </trkpt>
    <trkpt lat="50.9638330" lon="6.8719118">
      <time>2025-06-26T17:27:18Z</time>
    </trkpt>
    <trkpt lat="50.9636500" lon="6.8718861">
      <time>2025-06-26T17:27:23Z</time>
    </trkpt>
    <trkpt lat="50.9634896" lon="6.8718792">
      <time>2025-06-26T17:27:27Z</time>
    </trkpt>
    <trkpt lat="50.9633513" lon="6.8718557">
      <time>2025-06-26T17:27:31Z</time>
    </trkpt>
    <trkpt lat="50.9631896" lon="6.8718238">
      <time>2025-06-26T17:27:36Z</time>
    </trkpt>
    <trkpt lat="50.9631562" lon="6.8718236">
      <time>2025-06-26T17:27:37Z</time>
    </trkpt>
    <trkpt lat="50.9630947" lon="6.8718084">
      <time>2025-06-26T17:27:39Z</time>
    </trkpt>
    <trkpt lat="50.9630606" lon="6.8718093">
      <time>2025-06-26T17:27:40Z</time>
    </trkpt>
    <trkpt lat="50.9629567" lon="6.8717897">
      <time>2025-06-26T17:27:43Z</time>
    </trkpt>
    <trkpt lat="50.9628241" lon="6.8717912">
      <time>2025-06-26T17:27:47Z</time>
    </trkpt>
    <trkpt lat="50.9627867" lon="6.8717947">
      <time>2025-06-26T17:27:48Z</time>
    </trkpt>
    <trkpt lat="50.9627099" lon="6.8718009">
      <time>2025-06-26T17:27:50Z</time>
    </trkpt>
    <trkpt lat="50.9626471" lon="6.8717989">
      <time>2025-06-26T17:27:52Z</time>
    </trkpt>
    <trkpt lat="50.9625844" lon="6.8717948">
      <time>2025-06-26T17:27:54Z</time>
    </trkpt>
    <trkpt lat="50.9624707" lon="6.8718078">
      <time>2025-06-26T17:27:57Z</time>
    </trkpt>
    <trkpt lat="50.9624338" lon="6.8718080">
      <time>2025-06-26T17:27:58Z</time>
    </trkpt>
    <trkpt lat="50.9623206" lon="6.8718281">
      <time>2025-06-26T17:28:01Z</time>
    </trkpt>
    <trkpt lat="50.9622860" lon="6.8718296">
      <time>2025-06-26T17:28:02Z</time>
    </trkpt>
    <trkpt lat="50.9621778" lon="6.8718497">
      <time>2025-06-26T17:28:05Z</time>
    </trkpt>
    <trkpt lat="50.9621421" lon="6.8718669">
      <time>2025-06-26T17:28:06Z</time>
    </trkpt>
    <trkpt lat="50.9620657" lon="6.8718859">
      <time>2025-06-26T17:28:08Z</time>
    </trkpt>
    <trkpt lat="50.9619504" lon="6.8719140">
      <time>2025-06-26T17:28:11Z</time>
    </trkpt>
    <trkpt lat="50.9618306" lon="6.8719366">
      <time>2025-06-26T17:28:14Z</time>
    </trkpt>
    <trkpt lat="50.9617877" lon="6.8719492">
      <time>2025-06-26T17:28:15Z</time>
    </trkpt>
    <trkpt lat="50.9616125" lon="6.8720202">
      <time>2025-06-26T17:28:20Z</time>
    </trkpt>
    <trkpt lat="50.9615142" lon="6.8720765">
      <time>2025-06-26T17:28:23Z</time>
    </trkpt>
    <trkpt lat="50.9614795" lon="6.8720843">
      <time>2025-06-26T17:28:24Z</time>
    </trkpt>
    <trkpt lat="50.9613084" lon="6.8721663">
      <time>2025-06-26T17:28:29Z</time>
    </trkpt>
    <trkpt lat="50.9612086" lon="6.8722140">
      <time>2025-06-26T17:28:32Z</time>
    </trkpt>
    <trkpt lat="50.9611720" lon="6.8722253">
      <time>2025-06-26T17:28:33Z</time>
    </trkpt>
    <trkpt lat="50.9610018" lon="6.8723175">
      <time>2025-06-26T17:28:38Z</time>
    </trkpt>
    <trkpt lat="50.9608973" lon="6.8723857">
      <time>2025-06-26T17:28:41Z</time>
    </trkpt>
    <trkpt lat="50.9608660" lon="6.8724113">
      <time>2025-06-26T17:28:42Z</time>
    </trkpt>
    <trkpt lat="50.9606719" lon="6.8725601">
      <time>2025-06-26T17:28:48Z</time>
    </trkpt>
    <trkpt lat="50.9605405" lon="6.8726346">
      <time>2025-06-26T17:28:52Z</time>
    </trkpt>
    <trkpt lat="50.9604667" lon="6.8726770">
      <time>2025-06-26T17:28:54Z</time>
    </trkpt>
    <trkpt lat="50.9604304" lon="6.8726968">
      <time>2025-06-26T17:28:55Z</time>
    </trkpt>
    <trkpt lat="50.9603640" lon="6.8727299">
      <time>2025-06-26T17:28:57Z</time>
    </trkpt>
    <trkpt lat="50.9603227" lon="6.8727430">
      <time>2025-06-26T17:28:58Z</time>
    </trkpt>
    <trkpt lat="50.9602918" lon="6.8727614">
      <time>2025-06-26T17:28:59Z</time>
    </trkpt>
    <trkpt lat="50.9602245" lon="6.8727990">
      <time>2025-06-26T17:29:01Z</time>
    </trkpt>
    <trkpt lat="50.9601965" lon="6.8728165">
      <time>2025-06-26T17:29:02Z</time>
    </trkpt>
    <trkpt lat="50.9601187" lon="6.8728575">
      <time>2025-06-26T17:29:05Z</time>
    </trkpt>
    <trkpt lat="50.9600107" lon="6.8729229">
      <time>2025-06-26T17:29:08Z</time>
    </trkpt>
    <trkpt lat="50.9599711" lon="6.8729446">
      <time>2025-06-26T17:29:09Z</time>
    </trkpt>
    <trkpt lat="50.9598392" lon="6.8730211">
      <time>2025-06-26T17:29:13Z</time>
    </trkpt>
    <trkpt lat="50.9598088" lon="6.8730433">
      <time>2025-06-26T17:29:14Z</time>
    </trkpt>
    <trkpt lat="50.9597443" lon="6.8730926">
      <time>2025-06-26T17:29:16Z</time>
    </trkpt>
    <trkpt lat="50.9596698" lon="6.8731427">
      <time>2025-06-26T17:29:18Z</time>
    </trkpt>
    <trkpt lat="50.9594917" lon="6.8732152">
      <time>2025-06-26T17:29:23Z</time>
    </trkpt>
    <trkpt lat="50.9594121" lon="6.8732534">
      <time>2025-06-26T17:29:25Z</time>
    </trkpt>
    <trkpt lat="50.9593359" lon="6.8732795">
      <time>2025-06-26T17:29:27Z</time>
    </trkpt>
    <trkpt lat="50.9591411" lon="6.8733100">
      <time>2025-06-26T17:29:32Z</time>
    </trkpt>
    <trkpt lat="50.9590508" lon="6.8732896">
      <time>2025-06-26T17:29:34Z</time>
    </trkpt>
    <trkpt lat="50.9590090" lon="6.8732847">
      <time>2025-06-26T17:29:35Z</time>
    </trkpt>
    <trkpt lat="50.9589652" lon="6.8732780">
      <time>2025-06-26T17:29:36Z</time>
    </trkpt>
    <trkpt lat="50.9589221" lon="6.8732784">
      <time>2025-06-26T17:29:37Z</time>
    </trkpt>
    <trkpt lat="50.9587838" lon="6.8732576">
      <time>2025-06-26T17:29:40Z</time>
    </trkpt>
    <trkpt lat="50.9587351" lon="6.8732559">
      <time>2025-06-26T17:29:41Z</time>
    </trkpt>
    <trkpt lat="50.9586890" lon="6.8732441">
      <time>2025-06-26T17:29:42Z</time>
    </trkpt>
    <trkpt lat="50.9585500" lon="6.8732521">
      <time>2025-06-26T17:29:45Z</time>
    </trkpt>
    <trkpt lat="50.9584625" lon="6.8732472">
      <time>2025-06-26T17:29:47Z</time>
    </trkpt>
    <trkpt lat="50.9584250" lon="6.8732368">
      <time>2025-06-26T17:29:48Z</time>
    </trkpt>
    <trkpt lat="50.9583894" lon="6.8732404">
      <time>2025-06-26T17:29:49Z</time>
    </trkpt>
    <trkpt lat="50.9582632" lon="6.8732501">
      <time>2025-06-26T17:29:52Z</time>
    </trkpt>
    <trkpt lat="50.9582167" lon="6.8732473">
      <time>2025-06-26T17:29:53Z</time>
    </trkpt>
    <trkpt lat="50.9581430" lon="6.8732344">
      <time>2025-06-26T17:29:55Z</time>
    </trkpt>
    <trkpt lat="50.9581123" lon="6.8732035">
      <time>2025-06-26T17:29:56Z</time>
    </trkpt>
    <trkpt lat="50.9580885" lon="6.8731574">
      <time>2025-06-26T17:29:57Z</time>
    </trkpt>
    <trkpt lat="50.9580759" lon="6.8730910">
      <time>2025-06-26T17:29:58Z</time>
    </trkpt>
    <trkpt lat="50.9580723" lon="6.8730396">
      <time>2025-06-26T17:29:59Z</time>
    </trkpt>
    <trkpt lat="50.9580640" lon="6.8729857">
      <time>2025-06-26T17:30:00Z</time>
    </trkpt>
    <trkpt lat="50.9580635" lon="6.8729265">
      <time>2025-06-26T17:30:01Z</time>
    </trkpt>
    <trkpt lat="50.9580730" lon="6.8727669">
      <time>2025-06-26T17:30:04Z</time>
    </trkpt>
    <trkpt lat="50.9580822" lon="6.8726074">
      <time>2025-06-26T17:30:07Z</time>
    </trkpt>
    <trkpt lat="50.9580881" lon="6.8725538">
      <time>2025-06-26T17:30:08Z</time>
    </trkpt>
    <trkpt lat="50.9580974" lon="6.8725104">
      <time>2025-06-26T17:30:09Z</time>
    </trkpt>
    <trkpt lat="50.9581069" lon="6.8724487">
      <time>2025-06-26T17:30:10Z</time>
    </trkpt>
    <trkpt lat="50.9581134" lon="6.8722882">
      <time>2025-06-26T17:30:13Z</time>
    </trkpt>
    <trkpt lat="50.9581225" lon="6.8721810">
      <time>2025-06-26T17:30:15Z</time>
    </trkpt>
    <trkpt lat="50.9581287" lon="6.8720129">
      <time>2025-06-26T17:30:18Z</time>
    </trkpt>
    <trkpt lat="50.9581350" lon="6.8719548">
      <time>2025-06-26T17:30:19Z</time>
    </trkpt>
    <trkpt lat="50.9581604" lon="6.8716848">
      <time>2025-06-26T17:30:24Z</time>
    </trkpt>
    <trkpt lat="50.9581788" lon="6.8713651">
      <time>2025-06-26T17:30:30Z</time>
    </trkpt>
    <trkpt lat="50.9582176" lon="6.8711033">
      <time>2025-06-26T17:30:35Z</time>
    </trkpt>
    <trkpt lat="50.9582753" lon="6.8708529">
      <time>2025-06-26T17:30:40Z</time>
    </trkpt>
    <trkpt lat="50.9583083" lon="6.8706058">
      <time>2025-06-26T17:30:45Z</time>
    </trkpt>
    <trkpt lat="50.9583161" lon="6.8705630">
      <time>2025-06-26T17:30:46Z</time>
    </trkpt>
    <trkpt lat="50.9583466" lon="6.8703327">
      <time>2025-06-26T17:30:51Z</time>
    </trkpt>
    <trkpt lat="50.9583664" lon="6.8702386">
      <time>2025-06-26T17:30:53Z</time>
    </trkpt>
    <trkpt lat="50.9583885" lon="6.8700999">
      <time>2025-06-26T17:30:56Z</time>
    </trkpt>
    <trkpt lat="50.9584393" lon="6.8698535">
      <time>2025-06-26T17:31:02Z</time>
    </trkpt>
    <trkpt lat="50.9584481" lon="6.8698143">
      <time>2025-06-26T17:31:03Z</time>
    </trkpt>
    <trkpt lat="50.9584866" lon="6.8696531">
      <time>2025-06-26T17:31:07Z</time>
    </trkpt>
    <trkpt lat="50.9585001" lon="6.8695679">
      <time>2025-06-26T17:31:09Z</time>
    </trkpt>
    <trkpt lat="50.9585390" lon="6.8694702">
      <time>2025-06-26T17:31:11Z</time>
    </trkpt>
    <trkpt lat="50.9585662" lon="6.8693928">
      <time>2025-06-26T17:31:13Z</time>
    </trkpt>
    <trkpt lat="50.9585872" lon="6.8693009">
      <time>2025-06-26T17:31:15Z</time>
    </trkpt>
    <trkpt lat="50.9586137" lon="6.8691623">
      <time>2025-06-26T17:31:19Z</time>
    </trkpt>
    <trkpt lat="50.9586292" lon="6.8690782">
      <time>2025-06-26T17:31:21Z</time>
    </trkpt>
    <trkpt lat="50.9586513" lon="6.8689452">
      <time>2025-06-26T17:31:24Z</time>
    </trkpt>
    <trkpt lat="50.9586781" lon="6.8688075">
      <time>2025-06-26T17:31:27Z</time>
    </trkpt>
    <trkpt lat="50.9586598" lon="6.8687802">
      <time>2025-06-26T17:31:28Z</time>
    </trkpt>
    <trkpt lat="50.9585302" lon="6.8686853">
      <time>2025-06-26T17:31:33Z</time>
    </trkpt>
    <trkpt lat="50.9584990" lon="6.8685268">
      <time>2025-06-26T17:31:36Z</time>
    </trkpt>
    <trkpt lat="50.9584909" lon="6.8684622">
      <time>2025-06-26T17:31:37Z</time>
    </trkpt>
    <trkpt lat="50.9584871" lon="6.8683615">
      <time>2025-06-26T17:31:39Z</time>
    </trkpt>
    <trkpt lat="50.9585070" lon="6.8683213">
      <time>2025-06-26T17:31:40Z</time>
    </trkpt>
    <trkpt lat="50.9585381" lon="6.8683026">
      <time>2025-06-26T17:31:41Z</time>
    </trkpt>
    <trkpt lat="50.9586553" lon="6.8682483">
      <time>2025-06-26T17:31:44Z</time>
    </trkpt>
    <trkpt lat="50.9586985" lon="6.8682262">
      <time>2025-06-26T17:31:45Z</time>
    </trkpt>
    <trkpt lat="50.9587396" lon="6.8681833">
      <time>2025-06-26T17:31:46Z</time>
    </trkpt>
    <trkpt lat="50.9587766" lon="6.8681325">
      <time>2025-06-26T17:31:47Z</time>
    </trkpt>
    <trkpt lat="50.9588002" lon="6.8680681">
      <time>2025-06-26T17:31:48Z</time>
    </trkpt>
    <trkpt lat="50.9588408" lon="6.8679274">
      <time>2025-06-26T17:31:50Z</time>
    </trkpt>
    <trkpt lat="50.9588608" lon="6.8678570">
      <time>2025-06-26T17:31:51Z</time>
    </trkpt>
    <trkpt lat="50.9588788" lon="6.8677806">
      <time>2025-06-26T17:31:52Z</time>
    </trkpt>
    <trkpt lat="50.9588993" lon="6.8677167">
      <time>2025-06-26T17:31:53Z</time>
    </trkpt>
    <trkpt lat="50.9589141" lon="6.8676409">
      <time>2025-06-26T17:31:54Z</time>
    </trkpt>
    <trkpt lat="50.9589478" lon="6.8675239">
      <time>2025-06-26T17:31:56Z</time>
    </trkpt>
    <trkpt lat="50.9589661" lon="6.8674684">
      <time>2025-06-26T17:31:57Z</time>
    </trkpt>
    <trkpt lat="50.9590027" lon="6.8673701">
      <time>2025-06-26T17:31:59Z</time>
    </trkpt>
    <trkpt lat="50.9590447" lon="6.8672161">
      <time>2025-06-26T17:32:02Z</time>
    </trkpt>
    <trkpt lat="50.9590696" lon="6.8671128">
      <time>2025-06-26T17:32:04Z</time>
    </trkpt>
    <trkpt lat="50.9591166" lon="6.8669717">
      <time>2025-06-26T17:32:07Z</time>
    </trkpt>
    <trkpt lat="50.9591318" lon="6.8669240">
      <time>2025-06-26T17:32:08Z</time>
    </trkpt>
    <trkpt lat="50.9592032" lon="6.8666785">
      <time>2025-06-26T17:32:13Z</time>
    </trkpt>
    <trkpt lat="50.9592551" lon="6.8664894">
      <time>2025-06-26T17:32:17Z</time>
    </trkpt>
    <trkpt lat="50.9592661" lon="6.8664412">
      <time>2025-06-26T17:32:18Z</time>
    </trkpt>
    <trkpt lat="50.9592819" lon="6.8663913">
      <time>2025-06-26T17:32:19Z</time>
    </trkpt>
    <trkpt lat="50.9593287" lon="6.8662781">
      <time>2025-06-26T17:32:22Z</time>
    </trkpt>
    <trkpt lat="50.9593436" lon="6.8662341">
      <time>2025-06-26T17:32:23Z</time>
    </trkpt>
    <trkpt lat="50.9593575" lon="6.8661950">
      <time>2025-06-26T17:32:24Z</time>
    </trkpt>
    <trkpt lat="50.9593906" lon="6.8660342">
      <time>2025-06-26T17:32:27Z</time>
    </trkpt>
    <trkpt lat="50.9594021" lon="6.8659797">
      <time>2025-06-26T17:32:28Z</time>
    </trkpt>
    <trkpt lat="50.9594192" lon="6.8659351">
      <time>2025-06-26T17:32:29Z</time>
    </trkpt>
    <trkpt lat="50.9594560" lon="6.8658065">
      <time>2025-06-26T17:32:32Z</time>
    </trkpt>
    <trkpt lat="50.9595155" lon="6.8655712">
      <time>2025-06-26T17:32:37Z</time>
    </trkpt>
    <trkpt lat="50.9595523" lon="6.8654254">
      <time>2025-06-26T17:32:40Z</time>
    </trkpt>
    <trkpt lat="50.9596000" lon="6.8651645">
      <time>2025-06-26T17:32:45Z</time>
    </trkpt>
    <trkpt lat="50.9596295" lon="6.8649441">
      <time>2025-06-26T17:32:49Z</time>
    </trkpt>
    <trkpt lat="50.9596445" lon="6.8647249">
      <time>2025-06-26T17:32:53Z</time>
    </trkpt>
    <trkpt lat="50.9596363" lon="6.8644759">
      <time>2025-06-26T17:32:58Z</time>
    </trkpt>
    <trkpt lat="50.9596097" lon="6.8642478">
      <time>2025-06-26T17:33:03Z</time>
    </trkpt>
    <trkpt lat="50.9595873" lon="6.8640291">
      <time>2025-06-26T17:33:07Z</time>
    </trkpt>
    <trkpt lat="50.9595746" lon="6.8639222">
      <time>2025-06-26T17:33:09Z</time>
    </trkpt>
    <trkpt lat="50.9595683" lon="6.8638665">
      <time>2025-06-26T17:33:10Z</time>
    </trkpt>
    <trkpt lat="50.9595640" lon="6.8638097">
      <time>2025-06-26T17:33:11Z</time>
    </trkpt>
    <trkpt lat="50.9595586" lon="6.8637589">
      <time>2025-06-26T17:33:12Z</time>
    </trkpt>
    <trkpt lat="50.9595586" lon="6.8636470">
      <time>2025-06-26T17:33:14Z</time>
    </trkpt>
    <trkpt lat="50.9595430" lon="6.8634323">
      <time>2025-06-26T17:33:18Z</time>
    </trkpt>
    <trkpt lat="50.9595125" lon="6.8631280">
      <time>2025-06-26T17:33:23Z</time>
    </trkpt>
    <trkpt lat="50.9595114" lon="6.8629464">
      <time>2025-06-26T17:33:26Z</time>
    </trkpt>
    <trkpt lat="50.9595197" lon="6.8628310">
      <time>2025-06-26T17:33:28Z</time>
    </trkpt>
    <trkpt lat="50.9595327" lon="6.8624837">
      <time>2025-06-26T17:33:34Z</time>
    </trkpt>
    <trkpt lat="50.9595545" lon="6.8621963">
      <time>2025-06-26T17:33:39Z</time>
    </trkpt>
    <trkpt lat="50.9595572" lon="6.8621390">
      <time>2025-06-26T17:33:40Z</time>
    </trkpt>
    <trkpt lat="50.9595648" lon="6.8620171">
      <time>2025-06-26T17:33:42Z</time>
    </trkpt>
    <trkpt lat="50.9595708" lon="6.8619048">
      <time>2025-06-26T17:33:44Z</time>
    </trkpt>
    <trkpt lat="50.9595777" lon="6.8615856">
      <time>2025-06-26T17:33:50Z</time>
    </trkpt>
    <trkpt lat="50.9595979" lon="6.8613289">
      <time>2025-06-26T17:33:55Z</time>
    </trkpt>
    <trkpt lat="50.9596092" lon="6.8611088">
      <time>2025-06-26T17:33:59Z</time>
    </trkpt>
    <trkpt lat="50.9596143" lon="6.8610477">
      <time>2025-06-26T17:34:00Z</time>
    </trkpt>
    <trkpt lat="50.9596225" lon="6.8609936">
      <time>2025-06-26T17:34:01Z</time>
    </trkpt>
    <trkpt lat="50.9596275" lon="6.8608901">
      <time>2025-06-26T17:34:03Z</time>
    </trkpt>
    <trkpt lat="50.9596451" lon="6.8606779">
      <time>2025-06-26T17:34:07Z</time>
    </trkpt>
    <trkpt lat="50.9596629" lon="6.8604579">
      <time>2025-06-26T17:34:11Z</time>
    </trkpt>
    <trkpt lat="50.9596771" lon="6.8602467">
      <time>2025-06-26T17:34:15Z</time>
    </trkpt>
    <trkpt lat="50.9596896" lon="6.8600334">
      <time>2025-06-26T17:34:19Z</time>
    </trkpt>
    <trkpt lat="50.9597043" lon="6.8597629">
      <time>2025-06-26T17:34:24Z</time>
    </trkpt>
    <trkpt lat="50.9597072" lon="6.8597097">
      <time>2025-06-26T17:34:25Z</time>
    </trkpt>
    <trkpt lat="50.9597202" lon="6.8594945">
      <time>2025-06-26T17:34:29Z</time>
    </trkpt>
    <trkpt lat="50.9597228" lon="6.8594381">
      <time>2025-06-26T17:34:30Z</time>
    </trkpt>
    <trkpt lat="50.9597319" lon="6.8592640">
      <time>2025-06-26T17:34:33Z</time>
    </trkpt>
    <trkpt lat="50.9597549" lon="6.8589400">
      <time>2025-06-26T17:34:39Z</time>
    </trkpt>
    <trkpt lat="50.9597770" lon="6.8586669">
      <time>2025-06-26T17:34:44Z</time>
    </trkpt>
    <trkpt lat="50.9597868" lon="6.8584022">
      <time>2025-06-26T17:34:49Z</time>
    </trkpt>
    <trkpt lat="50.9598106" lon="6.8580903">
      <time>2025-06-26T17:34:55Z</time>
    </trkpt>
    <trkpt lat="50.9598326" lon="6.8578232">
      <time>2025-06-26T17:35:00Z</time>
    </trkpt>
    <trkpt lat="50.9598575" lon="6.8575503">
      <time>2025-06-26T17:35:05Z</time>
    </trkpt>
    <trkpt lat="50.9598688" lon="6.8573139">
      <time>2025-06-26T17:35:09Z</time>
    </trkpt>
    <trkpt lat="50.9598745" lon="6.8572544">
      <time>2025-06-26T17:35:10Z</time>
    </trkpt>
    <trkpt lat="50.9598828" lon="6.8571388">
      <time>2025-06-26T17:35:12Z</time>
    </trkpt>
    <trkpt lat="50.9598874" lon="6.8570774">
      <time>2025-06-26T17:35:13Z</time>
    </trkpt>
    <trkpt lat="50.9599015" lon="6.8568308">
      <time>2025-06-26T17:35:17Z</time>
    </trkpt>
    <trkpt lat="50.9599061" lon="6.8567699">
      <time>2025-06-26T17:35:18Z</time>
    </trkpt>
    <trkpt lat="50.9599225" lon="6.8565266">
      <time>2025-06-26T17:35:22Z</time>
    </trkpt>
    <trkpt lat="50.9599326" lon="6.8563483">
      <time>2025-06-26T17:35:25Z</time>
    </trkpt>
    <trkpt lat="50.9599347" lon="6.8562866">
      <time>2025-06-26T17:35:26Z</time>
    </trkpt>
    <trkpt lat="50.9599631" lon="6.8560022">
      <time>2025-06-26T17:35:30Z</time>
    </trkpt>
    <trkpt lat="50.9599745" lon="6.8557889">
      <time>2025-06-26T17:35:33Z</time>
    </trkpt>
    <trkpt lat="50.9599852" lon="6.8556619">
      <time>2025-06-26T17:35:35Z</time>
    </trkpt>
    <trkpt lat="50.9599935" lon="6.8555310">
      <time>2025-06-26T17:35:37Z</time>
    </trkpt>
    <trkpt lat="50.9599992" lon="6.8554153">
      <time>2025-06-26T17:35:39Z</time>
    </trkpt>
    <trkpt lat="50.9600170" lon="6.8551741">
      <time>2025-06-26T17:35:43Z</time>
    </trkpt>
    <trkpt lat="50.9600310" lon="6.8549408">
      <time>2025-06-26T17:35:47Z</time>
    </trkpt>
    <trkpt lat="50.9600358" lon="6.8548824">
      <time>2025-06-26T17:35:48Z</time>
    </trkpt>
    <trkpt lat="50.9600497" lon="6.8547145">
      <time>2025-06-26T17:35:51Z</time>
    </trkpt>
    <trkpt lat="50.9600671" lon="6.8544096">
      <time>2025-06-26T17:35:56Z</time>
    </trkpt>
    <trkpt lat="50.9600886" lon="6.8541651">
      <time>2025-06-26T17:36:00Z</time>
    </trkpt>
    <trkpt lat="50.9600969" lon="6.8539922">
      <time>2025-06-26T17:36:03Z</time>
    </trkpt>
    <trkpt lat="50.9601092" lon="6.8538662">
      <time>2025-06-26T17:36:05Z</time>
    </trkpt>
    <trkpt lat="50.9601087" lon="6.8537505">
      <time>2025-06-26T17:36:07Z</time>
    </trkpt>
    <trkpt lat="50.9601229" lon="6.8536296">
      <time>2025-06-26T17:36:09Z</time>
    </trkpt>
    <trkpt lat="50.9601429" lon="6.8533875">
      <time>2025-06-26T17:36:13Z</time>
    </trkpt>
    <trkpt lat="50.9601592" lon="6.8531580">
      <time>2025-06-26T17:36:17Z</time>
    </trkpt>
    <trkpt lat="50.9601807" lon="6.8528691">
      <time>2025-06-26T17:36:22Z</time>
    </trkpt>
    <trkpt lat="50.9602027" lon="6.8525161">
      <time>2025-06-26T17:36:28Z</time>
    </trkpt>
    <trkpt lat="50.9602261" lon="6.8522032">
      <time>2025-06-26T17:36:33Z</time>
    </trkpt>
    <trkpt lat="50.9602492" lon="6.8518629">
      <time>2025-06-26T17:36:38Z</time>
    </trkpt>
    <trkpt lat="50.9602511" lon="6.8517951">
      <time>2025-06-26T17:36:39Z</time>
    </trkpt>
    <trkpt lat="50.9602654" lon="6.8515133">
      <time>2025-06-26T17:36:43Z</time>
    </trkpt>
    <trkpt lat="50.9603107" lon="6.8511730">
      <time>2025-06-26T17:36:48Z</time>
    </trkpt>
    <trkpt lat="50.9603472" lon="6.8507423">
      <time>2025-06-26T17:36:54Z</time>
    </trkpt>
    <trkpt lat="50.9603537" lon="6.8506668">
      <time>2025-06-26T17:36:55Z</time>
    </trkpt>
    <trkpt lat="50.9603850" lon="6.8504791">
      <time>2025-06-26T17:36:58Z</time>
    </trkpt>
    <trkpt lat="50.9603752" lon="6.8503674">
      <time>2025-06-26T17:37:00Z</time>
    </trkpt>
    <trkpt lat="50.9603718" lon="6.8502550">
      <time>2025-06-26T17:37:02Z</time>
    </trkpt>
    <trkpt lat="50.9603696" lon="6.8502170">
      <time>2025-06-26T17:37:03Z</time>
    </trkpt>
    <trkpt lat="50.9603683" lon="6.8500779">
      <time>2025-06-26T17:37:06Z</time>
    </trkpt>
    <trkpt lat="50.9603712" lon="6.8499771">
      <time>2025-06-26T17:37:08Z</time>
    </trkpt>
    <trkpt lat="50.9603848" lon="6.8498640">
      <time>2025-06-26T17:37:10Z</time>
    </trkpt>
    <trkpt lat="50.9604022" lon="6.8496499">
      <time>2025-06-26T17:37:14Z</time>
    </trkpt>
    <trkpt lat="50.9604178" lon="6.8493923">
      <time>2025-06-26T17:37:19Z</time>
    </trkpt>
    <trkpt lat="50.9604371" lon="6.8491915">
      <time>2025-06-26T17:37:23Z</time>
    </trkpt>
    <trkpt lat="50.9604440" lon="6.8489920">
      <time>2025-06-26T17:37:27Z</time>
    </trkpt>
    <trkpt lat="50.9604462" lon="6.8488993">
      <time>2025-06-26T17:37:29Z</time>
    </trkpt>
    <trkpt lat="50.9604565" lon="6.8488088">
      <time>2025-06-26T17:37:31Z</time>
    </trkpt>
    <trkpt lat="50.9604654" lon="6.8486139">
      <time>2025-06-26T17:37:35Z</time>
    </trkpt>
    <trkpt lat="50.9604739" lon="6.8485240">
      <time>2025-06-26T17:37:37Z</time>
    </trkpt>
    <trkpt lat="50.9604772" lon="6.8484709">
      <time>2025-06-26T17:37:38Z</time>
    </trkpt>
    <trkpt lat="50.9604922" lon="6.8483066">
      <time>2025-06-26T17:37:41Z</time>
    </trkpt>
    <trkpt lat="50.9605007" lon="6.8482522">
      <time>2025-06-26T17:37:42Z</time>
    </trkpt>
    <trkpt lat="50.9605118" lon="6.8481311">
      <time>2025-06-26T17:37:44Z</time>
    </trkpt>
    <trkpt lat="50.9605084" lon="6.8480148">
      <time>2025-06-26T17:37:46Z</time>
    </trkpt>
    <trkpt lat="50.9605252" lon="6.8479597">
      <time>2025-06-26T17:37:47Z</time>
    </trkpt>
    <trkpt lat="50.9605293" lon="6.8479048">
      <time>2025-06-26T17:37:48Z</time>
    </trkpt>
    <trkpt lat="50.9605339" lon="6.8477963">
      <time>2025-06-26T17:37:50Z</time>
    </trkpt>
    <trkpt lat="50.9605391" lon="6.8475870">
      <time>2025-06-26T17:37:54Z</time>
    </trkpt>
    <trkpt lat="50.9605514" lon="6.8474489">
      <time>2025-06-26T17:37:57Z</time>
    </trkpt>
    <trkpt lat="50.9605599" lon="6.8474045">
      <time>2025-06-26T17:37:58Z</time>
    </trkpt>
    <trkpt lat="50.9605610" lon="6.8473092">
      <time>2025-06-26T17:38:00Z</time>
    </trkpt>
    <trkpt lat="50.9605685" lon="6.8471679">
      <time>2025-06-26T17:38:03Z</time>
    </trkpt>
    <trkpt lat="50.9605836" lon="6.8469668">
      <time>2025-06-26T17:38:07Z</time>
    </trkpt>
    <trkpt lat="50.9605969" lon="6.8468163">
      <time>2025-06-26T17:38:10Z</time>
    </trkpt>
    <trkpt lat="50.9605933" lon="6.8467605">
      <time>2025-06-26T17:38:11Z</time>
    </trkpt>
    <trkpt lat="50.9606144" lon="6.8466083">
      <time>2025-06-26T17:38:14Z</time>
    </trkpt>
    <trkpt lat="50.9606297" lon="6.8464554">
      <time>2025-06-26T17:38:17Z</time>
    </trkpt>
    <trkpt lat="50.9606340" lon="6.8463596">
      <time>2025-06-26T17:38:19Z</time>
    </trkpt>
    <trkpt lat="50.9606424" lon="6.8461380">
      <time>2025-06-26T17:38:24Z</time>
    </trkpt>
    <trkpt lat="50.9606511" lon="6.8460489">
      <time>2025-06-26T17:38:26Z</time>
    </trkpt>
    <trkpt lat="50.9606623" lon="6.8460043">
      <time>2025-06-26T17:38:27Z</time>
    </trkpt>
    <trkpt lat="50.9606646" lon="6.8459545">
      <time>2025-06-26T17:38:28Z</time>
    </trkpt>
    <trkpt lat="50.9606650" lon="6.8458576">
      <time>2025-06-26T17:38:30Z</time>
    </trkpt>
    <trkpt lat="50.9606685" lon="6.8458058">
      <time>2025-06-26T17:38:31Z</time>
    </trkpt>
    <trkpt lat="50.9606865" lon="6.8455190">
      <time>2025-06-26T17:38:36Z</time>
    </trkpt>
    <trkpt lat="50.9606816" lon="6.8453961">
      <time>2025-06-26T17:38:38Z</time>
    </trkpt>
    <trkpt lat="50.9606972" lon="6.8452814">
      <time>2025-06-26T17:38:40Z</time>
    </trkpt>
    <trkpt lat="50.9607077" lon="6.8452298">
      <time>2025-06-26T17:38:41Z</time>
    </trkpt>
    <trkpt lat="50.9606979" lon="6.8451782">
      <time>2025-06-26T17:38:42Z</time>
    </trkpt>
    <trkpt lat="50.9607010" lon="6.8451240">
      <time>2025-06-26T17:38:43Z</time>
    </trkpt>
    <trkpt lat="50.9607247" lon="6.8450132">
      <time>2025-06-26T17:38:45Z</time>
    </trkpt>
    <trkpt lat="50.9607221" lon="6.8449659">
      <time>2025-06-26T17:38:46Z</time>
    </trkpt>
    <trkpt lat="50.9607477" lon="6.8446076">
      <time>2025-06-26T17:38:53Z</time>
    </trkpt>
    <trkpt lat="50.9607613" lon="6.8445020">
      <time>2025-06-26T17:38:55Z</time>
    </trkpt>
    <trkpt lat="50.9607683" lon="6.8444598">
      <time>2025-06-26T17:38:56Z</time>
    </trkpt>
    <trkpt lat="50.9607768" lon="6.8443059">
      <time>2025-06-26T17:39:00Z</time>
    </trkpt>
    <trkpt lat="50.9607740" lon="6.8442331">
      <time>2025-06-26T17:39:02Z</time>
    </trkpt>
    <trkpt lat="50.9607708" lon="6.8440653">
      <time>2025-06-26T17:39:06Z</time>
    </trkpt>
    <trkpt lat="50.9607784" lon="6.8439894">
      <time>2025-06-26T17:39:08Z</time>
    </trkpt>
    <trkpt lat="50.9607955" lon="6.8438994">
      <time>2025-06-26T17:39:10Z</time>
    </trkpt>
    <trkpt lat="50.9608049" lon="6.8436364">
      <time>2025-06-26T17:39:15Z</time>
    </trkpt>
    <trkpt lat="50.9608142" lon="6.8435257">
      <time>2025-06-26T17:39:17Z</time>
    </trkpt>
    <trkpt lat="50.9608250" lon="6.8434729">
      <time>2025-06-26T17:39:18Z</time>
    </trkpt>
    <trkpt lat="50.9608235" lon="6.8434168">
      <time>2025-06-26T17:39:19Z</time>
    </trkpt>
    <trkpt lat="50.9608239" lon="6.8433173">
      <time>2025-06-26T17:39:21Z</time>
    </trkpt>
    <trkpt lat="50.9608266" lon="6.8432408">
      <time>2025-06-26T17:39:23Z</time>
    </trkpt>
    <trkpt lat="50.9608368" lon="6.8431365">
      <time>2025-06-26T17:39:25Z</time>
    </trkpt>
    <trkpt lat="50.9608459" lon="6.8430401">
      <time>2025-06-26T17:39:27Z</time>
    </trkpt>
    <trkpt lat="50.9608488" lon="6.8429922">
      <time>2025-06-26T17:39:28Z</time>
    </trkpt>
    <trkpt lat="50.9608476" lon="6.8428917">
      <time>2025-06-26T17:39:30Z</time>
    </trkpt>
    <trkpt lat="50.9608579" lon="6.8427855">
      <time>2025-06-26T17:39:32Z</time>
    </trkpt>
    <trkpt lat="50.9608935" lon="6.8425943">
      <time>2025-06-26T17:39:36Z</time>
    </trkpt>
    <trkpt lat="50.9608957" lon="6.8424887">
      <time>2025-06-26T17:39:38Z</time>
    </trkpt>
    <trkpt lat="50.9608987" lon="6.8424411">
      <time>2025-06-26T17:39:39Z</time>
    </trkpt>
    <trkpt lat="50.9608938" lon="6.8422842">
      <time>2025-06-26T17:39:42Z</time>
    </trkpt>
    <trkpt lat="50.9608861" lon="6.8422362">
      <time>2025-06-26T17:39:43Z</time>
    </trkpt>
    <trkpt lat="50.9608947" lon="6.8420999">
      <time>2025-06-26T17:39:46Z</time>
    </trkpt>
    <trkpt lat="50.9609122" lon="6.8420517">
      <time>2025-06-26T17:39:47Z</time>
    </trkpt>
    <trkpt lat="50.9609070" lon="6.8419627">
      <time>2025-06-26T17:39:49Z</time>
    </trkpt>
    <trkpt lat="50.9609334" lon="6.8418375">
      <time>2025-06-26T17:39:52Z</time>
    </trkpt>
    <trkpt lat="50.9609297" lon="6.8416943">
      <time>2025-06-26T17:39:55Z</time>
    </trkpt>
    <trkpt lat="50.9609391" lon="6.8416094">
      <time>2025-06-26T17:39:57Z</time>
    </trkpt>
    <trkpt lat="50.9609371" lon="6.8415614">
      <time>2025-06-26T17:39:58Z</time>
    </trkpt>
    <trkpt lat="50.9609587" lon="6.8414769">
      <time>2025-06-26T17:40:00Z</time>
    </trkpt>
    <trkpt lat="50.9609593" lon="6.8414421">
      <time>2025-06-26T17:40:01Z</time>
    </trkpt>
    <trkpt lat="50.9609690" lon="6.8413590">
      <time>2025-06-26T17:40:03Z</time>
    </trkpt>
    <trkpt lat="50.9609641" lon="6.8413162">
      <time>2025-06-26T17:40:04Z</time>
    </trkpt>
    <trkpt lat="50.9609739" lon="6.8412312">
      <time>2025-06-26T17:40:06Z</time>
    </trkpt>
    <trkpt lat="50.9609732" lon="6.8411859">
      <time>2025-06-26T17:40:07Z</time>
    </trkpt>
    <trkpt lat="50.9609859" lon="6.8411033">
      <time>2025-06-26T17:40:09Z</time>
    </trkpt>
    <trkpt lat="50.9609937" lon="6.8408632">
      <time>2025-06-26T17:40:13Z</time>
    </trkpt>
    <trkpt lat="50.9610167" lon="6.8407037">
      <time>2025-06-26T17:40:16Z</time>
    </trkpt>
    <trkpt lat="50.9610219" lon="6.8406029">
      <time>2025-06-26T17:40:18Z</time>
    </trkpt>
    <trkpt lat="50.9610243" lon="6.8404622">
      <time>2025-06-26T17:40:21Z</time>
    </trkpt>
    <trkpt lat="50.9610215" lon="6.8404189">
      <time>2025-06-26T17:40:22Z</time>
    </trkpt>
    <trkpt lat="50.9610498" lon="6.8402797">
      <time>2025-06-26T17:40:25Z</time>
    </trkpt>
    <trkpt lat="50.9610730" lon="6.8402454">
      <time>2025-06-26T17:40:26Z</time>
    </trkpt>
    <trkpt lat="50.9611423" lon="6.8401009">
      <time>2025-06-26T17:40:29Z</time>
    </trkpt>
    <trkpt lat="50.9611610" lon="6.8399957">
      <time>2025-06-26T17:40:31Z</time>
    </trkpt>
    <trkpt lat="50.9611130" lon="6.8398570">
      <time>2025-06-26T17:40:34Z</time>
    </trkpt>
    <trkpt lat="50.9610972" lon="6.8395716">
      <time>2025-06-26T17:40:39Z</time>
    </trkpt>
    <trkpt lat="50.9611181" lon="6.8392560">
      <time>2025-06-26T17:40:44Z</time>
    </trkpt>
    <trkpt lat="50.9611368" lon="6.8389909">
      <time>2025-06-26T17:40:48Z</time>
    </trkpt>
    <trkpt lat="50.9611436" lon="6.8389205">
      <time>2025-06-26T17:40:49Z</time>
    </trkpt>
    <trkpt lat="50.9611473" lon="6.8388473">
      <time>2025-06-26T17:40:50Z</time>
    </trkpt>
    <trkpt lat="50.9611637" lon="6.8386097">
      <time>2025-06-26T17:40:54Z</time>
    </trkpt>
    <trkpt lat="50.9611761" lon="6.8383015">
      <time>2025-06-26T17:40:59Z</time>
    </trkpt>
    <trkpt lat="50.9611903" lon="6.8381741">
      <time>2025-06-26T17:41:01Z</time>
    </trkpt>
    <trkpt lat="50.9611965" lon="6.8380437">
      <time>2025-06-26T17:41:03Z</time>
    </trkpt>
    <trkpt lat="50.9611984" lon="6.8379915">
      <time>2025-06-26T17:41:04Z</time>
    </trkpt>
    <trkpt lat="50.9611952" lon="6.8378261">
      <time>2025-06-26T17:41:07Z</time>
    </trkpt>
    <trkpt lat="50.9612002" lon="6.8376219">
      <time>2025-06-26T17:41:11Z</time>
    </trkpt>
    <trkpt lat="50.9612247" lon="6.8373560">
      <time>2025-06-26T17:41:16Z</time>
    </trkpt>
    <trkpt lat="50.9612267" lon="6.8373020">
      <time>2025-06-26T17:41:17Z</time>
    </trkpt>
    <trkpt lat="50.9612255" lon="6.8372555">
      <time>2025-06-26T17:41:18Z</time>
    </trkpt>
    <trkpt lat="50.9612364" lon="6.8370945">
      <time>2025-06-26T17:41:21Z</time>
    </trkpt>
    <trkpt lat="50.9612573" lon="6.8369991">
      <time>2025-06-26T17:41:23Z</time>
    </trkpt>
    <trkpt lat="50.9612776" lon="6.8367115">
      <time>2025-06-26T17:41:30Z</time>
    </trkpt>
    <trkpt lat="50.9612944" lon="6.8365417">
      <time>2025-06-26T17:41:34Z</time>
    </trkpt>
    <trkpt lat="50.9613987" lon="6.8364111">
      <time>2025-06-26T17:41:38Z</time>
    </trkpt>
    <trkpt lat="50.9614701" lon="6.8362718">
      <time>2025-06-26T17:41:41Z</time>
    </trkpt>
    <trkpt lat="50.9614681" lon="6.8362159">
      <time>2025-06-26T17:41:42Z</time>
    </trkpt>
    <trkpt lat="50.9614617" lon="6.8361052">
      <time>2025-06-26T17:41:44Z</time>
    </trkpt>
    <trkpt lat="50.9614345" lon="6.8358988">
      <time>2025-06-26T17:41:48Z</time>
    </trkpt>
    <trkpt lat="50.9614244" lon="6.8357898">
      <time>2025-06-26T17:41:50Z</time>
    </trkpt>
    <trkpt lat="50.9614312" lon="6.8356476">
      <time>2025-06-26T17:41:52Z</time>
    </trkpt>
    <trkpt lat="50.9614400" lon="6.8354888">
      <time>2025-06-26T17:41:56Z</time>
    </trkpt>
    <trkpt lat="50.9614298" lon="6.8354618">
      <time>2025-06-26T17:41:57Z</time>
    </trkpt>
    <trkpt lat="50.9613569" lon="6.8352999">
      <time>2025-06-26T17:42:02Z</time>
    </trkpt>
    <trkpt lat="50.9613461" lon="6.8352747">
      <time>2025-06-26T17:42:03Z</time>
    </trkpt>
    <trkpt lat="50.9613458" lon="6.8351564">
      <time>2025-06-26T17:42:06Z</time>
    </trkpt>
    <trkpt lat="50.9613782" lon="6.8350391">
      <time>2025-06-26T17:42:09Z</time>
    </trkpt>
    <trkpt lat="50.9613911" lon="6.8348505">
      <time>2025-06-26T17:42:14Z</time>
    </trkpt>
    <trkpt lat="50.9614133" lon="6.8346262">
      <time>2025-06-26T17:42:18Z</time>
    </trkpt>
    <trkpt lat="50.9614257" lon="6.8345656">
      <time>2025-06-26T17:42:19Z</time>
    </trkpt>
    <trkpt lat="50.9614312" lon="6.8345081">
      <time>2025-06-26T17:42:20Z</time>
    </trkpt>
    <trkpt lat="50.9614503" lon="6.8342450">
      <time>2025-06-26T17:42:24Z</time>
    </trkpt>
    <trkpt lat="50.9614850" lon="6.8339211">
      <time>2025-06-26T17:42:28Z</time>
    </trkpt>
    <trkpt lat="50.9614882" lon="6.8338355">
      <time>2025-06-26T17:42:29Z</time>
    </trkpt>
    <trkpt lat="50.9615009" lon="6.8336711">
      <time>2025-06-26T17:42:31Z</time>
    </trkpt>
    <trkpt lat="50.9615120" lon="6.8335047">
      <time>2025-06-26T17:42:33Z</time>
    </trkpt>
    <trkpt lat="50.9615258" lon="6.8333228">
      <time>2025-06-26T17:42:35Z</time>
    </trkpt>
    <trkpt lat="50.9615431" lon="6.8331328">
      <time>2025-06-26T17:42:37Z</time>
    </trkpt>
    <trkpt lat="50.9615490" lon="6.8330492">
      <time>2025-06-26T17:42:38Z</time>
    </trkpt>
    <trkpt lat="50.9615548" lon="6.8329610">
      <time>2025-06-26T17:42:39Z</time>
    </trkpt>
    <trkpt lat="50.9615583" lon="6.8327885">
      <time>2025-06-26T17:42:41Z</time>
    </trkpt>
    <trkpt lat="50.9615710" lon="6.8326151">
      <time>2025-06-26T17:42:43Z</time>
    </trkpt>
    <trkpt lat="50.9615857" lon="6.8324352">
      <time>2025-06-26T17:42:45Z</time>
    </trkpt>
    <trkpt lat="50.9615907" lon="6.8323564">
      <time>2025-06-26T17:42:46Z</time>
    </trkpt>
    <trkpt lat="50.9615938" lon="6.8321834">
      <time>2025-06-26T17:42:48Z</time>
    </trkpt>
    <trkpt lat="50.9616420" lon="6.8315072">
      <time>2025-06-26T17:42:56Z</time>
    </trkpt>
    <trkpt lat="50.9616585" lon="6.8312172">
      <time>2025-06-26T17:43:00Z</time>
    </trkpt>
    <trkpt lat="50.9616671" lon="6.8311559">
      <time>2025-06-26T17:43:01Z</time>
    </trkpt>
    <trkpt lat="50.9616527" lon="6.8310588">
      <time>2025-06-26T17:43:03Z</time>
    </trkpt>
    <trkpt lat="50.9616581" lon="6.8309905">
      <time>2025-06-26T17:43:05Z</time>
    </trkpt>
    <trkpt lat="50.9616779" lon="6.8309433">
      <time>2025-06-26T17:43:07Z</time>
    </trkpt>
    <trkpt lat="50.9616823" lon="6.8309075">
      <time>2025-06-26T17:43:08Z</time>
    </trkpt>
    <trkpt lat="50.9617176" lon="6.8308590">
      <time>2025-06-26T17:43:10Z</time>
    </trkpt>
    <trkpt lat="50.9617671" lon="6.8308245">
      <time>2025-06-26T17:43:12Z</time>
    </trkpt>
    <trkpt lat="50.9618230" lon="6.8307120">
      <time>2025-06-26T17:43:15Z</time>
    </trkpt>
    <trkpt lat="50.9618234" lon="6.8306572">
      <time>2025-06-26T17:43:16Z</time>
    </trkpt>
    <trkpt lat="50.9617931" lon="6.8305559">
      <time>2025-06-26T17:43:18Z</time>
    </trkpt>
    <trkpt lat="50.9617676" lon="6.8305037">
      <time>2025-06-26T17:43:19Z</time>
    </trkpt>
    <trkpt lat="50.9617369" lon="6.8303836">
      <time>2025-06-26T17:43:21Z</time>
    </trkpt>
    <trkpt lat="50.9617556" lon="6.8302463">
      <time>2025-06-26T17:43:23Z</time>
    </trkpt>
    <trkpt lat="50.9617853" lon="6.8299112">
      <time>2025-06-26T17:43:28Z</time>
    </trkpt>
    <trkpt lat="50.9618259" lon="6.8296202">
      <time>2025-06-26T17:43:33Z</time>
    </trkpt>
    <trkpt lat="50.9618345" lon="6.8295058">
      <time>2025-06-26T17:43:35Z</time>
    </trkpt>
    <trkpt lat="50.9618471" lon="6.8293884">
      <time>2025-06-26T17:43:37Z</time>
    </trkpt>
    <trkpt lat="50.9618555" lon="6.8293320">
      <time>2025-06-26T17:43:38Z</time>
    </trkpt>
    <trkpt lat="50.9618873" lon="6.8292189">
      <time>2025-06-26T17:43:40Z</time>
    </trkpt>
    <trkpt lat="50.9619198" lon="6.8291064">
      <time>2025-06-26T17:43:42Z</time>
    </trkpt>
    <trkpt lat="50.9619285" lon="6.8290441">
      <time>2025-06-26T17:43:43Z</time>
    </trkpt>
    <trkpt lat="50.9619433" lon="6.8289225">
      <time>2025-06-26T17:43:45Z</time>
    </trkpt>
    <trkpt lat="50.9619456" lon="6.8288707">
      <time>2025-06-26T17:43:46Z</time>
    </trkpt>
    <trkpt lat="50.9619590" lon="6.8286096">
      <time>2025-06-26T17:43:51Z</time>
    </trkpt>
    <trkpt lat="50.9619499" lon="6.8283047">
      <time>2025-06-26T17:43:56Z</time>
    </trkpt>
    <trkpt lat="50.9619481" lon="6.8282541">
      <time>2025-06-26T17:43:57Z</time>
    </trkpt>
    <trkpt lat="50.9619647" lon="6.8280639">
      <time>2025-06-26T17:44:00Z</time>
    </trkpt>
    <trkpt lat="50.9619743" lon="6.8280057">
      <time>2025-06-26T17:44:01Z</time>
    </trkpt>
    <trkpt lat="50.9619769" lon="6.8278426">
      <time>2025-06-26T17:44:04Z</time>
    </trkpt>
    <trkpt lat="50.9619793" lon="6.8277831">
      <time>2025-06-26T17:44:05Z</time>
    </trkpt>
    <trkpt lat="50.9619863" lon="6.8275516">
      <time>2025-06-26T17:44:09Z</time>
    </trkpt>
    <trkpt lat="50.9619907" lon="6.8272655">
      <time>2025-06-26T17:44:14Z</time>
    </trkpt>
    <trkpt lat="50.9619854" lon="6.8272171">
      <time>2025-06-26T17:44:15Z</time>
    </trkpt>
    <trkpt lat="50.9619854" lon="6.8270407">
      <time>2025-06-26T17:44:18Z</time>
    </trkpt>
    <trkpt lat="50.9619865" lon="6.8268103">
      <time>2025-06-26T17:44:22Z</time>
    </trkpt>
    <trkpt lat="50.9619861" lon="6.8267471">
      <time>2025-06-26T17:44:23Z</time>
    </trkpt>
    <trkpt lat="50.9619769" lon="6.8265427">
      <time>2025-06-26T17:44:26Z</time>
    </trkpt>
    <trkpt lat="50.9619781" lon="6.8264727">
      <time>2025-06-26T17:44:27Z</time>
    </trkpt>
    <trkpt lat="50.9619703" lon="6.8262820">
      <time>2025-06-26T17:44:30Z</time>
    </trkpt>
    <trkpt lat="50.9619996" lon="6.8259945">
      <time>2025-06-26T17:44:34Z</time>
    </trkpt>
    <trkpt lat="50.9620123" lon="6.8257179">
      <time>2025-06-26T17:44:38Z</time>
    </trkpt>
    <trkpt lat="50.9620130" lon="6.8256442">
      <time>2025-06-26T17:44:39Z</time>
    </trkpt>
    <trkpt lat="50.9620166" lon="6.8255692">
      <time>2025-06-26T17:44:40Z</time>
    </trkpt>
    <trkpt lat="50.9620233" lon="6.8254345">
      <time>2025-06-26T17:44:42Z</time>
    </trkpt>
    <trkpt lat="50.9620549" lon="6.8252915">
      <time>2025-06-26T17:44:44Z</time>
    </trkpt>
    <trkpt lat="50.9620937" lon="6.8251627">
      <time>2025-06-26T17:44:46Z</time>
    </trkpt>
    <trkpt lat="50.9621578" lon="6.8250652">
      <time>2025-06-26T17:44:48Z</time>
    </trkpt>
    <trkpt lat="50.9621928" lon="6.8250212">
      <time>2025-06-26T17:44:49Z</time>
    </trkpt>
    <trkpt lat="50.9622481" lon="6.8249404">
      <time>2025-06-26T17:44:51Z</time>
    </trkpt>
    <trkpt lat="50.9623517" lon="6.8248170">
      <time>2025-06-26T17:44:55Z</time>
    </trkpt>
    <trkpt lat="50.9624459" lon="6.8247168">
      <time>2025-06-26T17:45:00Z</time>
    </trkpt>
    <trkpt lat="50.9624938" lon="6.8246754">
      <time>2025-06-26T17:45:02Z</time>
    </trkpt>
    <trkpt lat="50.9625408" lon="6.8246192">
      <time>2025-06-26T17:45:04Z</time>
    </trkpt>
    <trkpt lat="50.9626714" lon="6.8244595">
      <time>2025-06-26T17:45:09Z</time>
    </trkpt>
    <trkpt lat="50.9627054" lon="6.8244304">
      <time>2025-06-26T17:45:10Z</time>
    </trkpt>
    <trkpt lat="50.9628275" lon="6.8243244">
      <time>2025-06-26T17:45:14Z</time>
    </trkpt>
    <trkpt lat="50.9628723" lon="6.8242733">
      <time>2025-06-26T17:45:16Z</time>
    </trkpt>
    <trkpt lat="50.9629323" lon="6.8241701">
      <time>2025-06-26T17:45:19Z</time>
    </trkpt>
    <trkpt lat="50.9629421" lon="6.8241374">
      <time>2025-06-26T17:45:20Z</time>
    </trkpt>
    <trkpt lat="50.9629468" lon="6.8240551">
      <time>2025-06-26T17:45:22Z</time>
    </trkpt>
    <trkpt lat="50.9629463" lon="6.8239169">
      <time>2025-06-26T17:45:26Z</time>
    </trkpt>
    <trkpt lat="50.9629399" lon="6.8237145">
      <time>2025-06-26T17:45:30Z</time>
    </trkpt>
    <trkpt lat="50.9628761" lon="6.8234949">
      <time>2025-06-26T17:45:35Z</time>
    </trkpt>
    <trkpt lat="50.9628176" lon="6.8233400">
      <time>2025-06-26T17:45:39Z</time>
    </trkpt>
    <trkpt lat="50.9627309" lon="6.8231668">
      <time>2025-06-26T17:45:43Z</time>
    </trkpt>
    <trkpt lat="50.9626414" lon="6.8229329">
      <time>2025-06-26T17:45:48Z</time>
    </trkpt>
    <trkpt lat="50.9625549" lon="6.8227866">
      <time>2025-06-26T17:45:52Z</time>
    </trkpt>
    <trkpt lat="50.9624851" lon="6.8226539">
      <time>2025-06-26T17:45:56Z</time>
    </trkpt>
    <trkpt lat="50.9623986" lon="6.8224975">
      <time>2025-06-26T17:46:00Z</time>
    </trkpt>
    <trkpt lat="50.9623727" lon="6.8224625">
      <time>2025-06-26T17:46:01Z</time>
    </trkpt>
    <trkpt lat="50.9622734" lon="6.8223301">
      <time>2025-06-26T17:46:05Z</time>
    </trkpt>
    <trkpt lat="50.9621419" lon="6.8221484">
      <time>2025-06-26T17:46:10Z</time>
    </trkpt>
    <trkpt lat="50.9621180" lon="6.8221113">
      <time>2025-06-26T17:46:11Z</time>
    </trkpt>
    <trkpt lat="50.9620194" lon="6.8219692">
      <time>2025-06-26T17:46:15Z</time>
    </trkpt>
    <trkpt lat="50.9618663" lon="6.8217236">
      <time>2025-06-26T17:46:22Z</time>
    </trkpt>
    <trkpt lat="50.9617440" lon="6.8215665">
      <time>2025-06-26T17:46:28Z</time>
    </trkpt>
    <trkpt lat="50.9616801" lon="6.8215031">
      <time>2025-06-26T17:46:32Z</time>
    </trkpt>
    <trkpt lat="50.9616684" lon="6.8214811">
      <time>2025-06-26T17:46:33Z</time>
    </trkpt>
    <trkpt lat="50.9615645" lon="6.8213295">
      <time>2025-06-26T17:46:39Z</time>
    </trkpt>
    <trkpt lat="50.9614705" lon="6.8212052">
      <time>2025-06-26T17:46:44Z</time>
    </trkpt>
    <trkpt lat="50.9613390" lon="6.8210644">
      <time>2025-06-26T17:46:50Z</time>
    </trkpt>
    <trkpt lat="50.9612374" lon="6.8209314">
      <time>2025-06-26T17:46:54Z</time>
    </trkpt>
    <trkpt lat="50.9611847" lon="6.8208631">
      <time>2025-06-26T17:46:56Z</time>
    </trkpt>
    <trkpt lat="50.9611292" lon="6.8208017">
      <time>2025-06-26T17:46:58Z</time>
    </trkpt>
    <trkpt lat="50.9610972" lon="6.8207621">
      <time>2025-06-26T17:46:59Z</time>
    </trkpt>
    <trkpt lat="50.9609772" lon="6.8205956">
      <time>2025-06-26T17:47:03Z</time>
    </trkpt>
    <trkpt lat="50.9609180" lon="6.8205165">
      <time>2025-06-26T17:47:05Z</time>
    </trkpt>
    <trkpt lat="50.9608551" lon="6.8204260">
      <time>2025-06-26T17:47:07Z</time>
    </trkpt>
    <trkpt lat="50.9607893" lon="6.8203434">
      <time>2025-06-26T17:47:09Z</time>
    </trkpt>
    <trkpt lat="50.9607568" lon="6.8202990">
      <time>2025-06-26T17:47:10Z</time>
    </trkpt>
    <trkpt lat="50.9607257" lon="6.8202549">
      <time>2025-06-26T17:47:11Z</time>
    </trkpt>
    <trkpt lat="50.9605602" lon="6.8200413">
      <time>2025-06-26T17:47:16Z</time>
    </trkpt>
    <trkpt lat="50.9604947" lon="6.8199412">
      <time>2025-06-26T17:47:18Z</time>
    </trkpt>
    <trkpt lat="50.9604591" lon="6.8198937">
      <time>2025-06-26T17:47:19Z</time>
    </trkpt>
    <trkpt lat="50.9604005" lon="6.8198025">
      <time>2025-06-26T17:47:21Z</time>
    </trkpt>
    <trkpt lat="50.9603179" lon="6.8196690">
      <time>2025-06-26T17:47:24Z</time>
    </trkpt>
    <trkpt lat="50.9601828" lon="6.8194419">
      <time>2025-06-26T17:47:29Z</time>
    </trkpt>
    <trkpt lat="50.9601232" lon="6.8193313">
      <time>2025-06-26T17:47:32Z</time>
    </trkpt>
    <trkpt lat="50.9600132" lon="6.8190357">
      <time>2025-06-26T17:47:38Z</time>
    </trkpt>
    <trkpt lat="50.9599254" lon="6.8187749">
      <time>2025-06-26T17:47:43Z</time>
    </trkpt>
    <trkpt lat="50.9598309" lon="6.8185304">
      <time>2025-06-26T17:47:48Z</time>
    </trkpt>
    <trkpt lat="50.9597563" lon="6.8183277">
      <time>2025-06-26T17:47:52Z</time>
    </trkpt>
    <trkpt lat="50.9597217" lon="6.8182288">
      <time>2025-06-26T17:47:54Z</time>
    </trkpt>
    <trkpt lat="50.9596977" lon="6.8181855">
      <time>2025-06-26T17:47:55Z</time>
    </trkpt>
    <trkpt lat="50.9596727" lon="6.8181447">
      <time>2025-06-26T17:47:56Z</time>
    </trkpt>
    <trkpt lat="50.9595817" lon="6.8179219">
      <time>2025-06-26T17:48:01Z</time>
    </trkpt>
    <trkpt lat="50.9595625" lon="6.8178773">
      <time>2025-06-26T17:48:02Z</time>
    </trkpt>
    <trkpt lat="50.9594999" lon="6.8177050">
      <time>2025-06-26T17:48:06Z</time>
    </trkpt>
    <trkpt lat="50.9594570" lon="6.8176104">
      <time>2025-06-26T17:48:09Z</time>
    </trkpt>
    <trkpt lat="50.9594038" lon="6.8175202">
      <time>2025-06-26T17:48:13Z</time>
    </trkpt>
    <trkpt lat="50.9593814" lon="6.8174089">
      <time>2025-06-26T17:48:16Z</time>
    </trkpt>
    <trkpt lat="50.9593260" lon="6.8172623">
      <time>2025-06-26T17:48:21Z</time>
    </trkpt>
    <trkpt lat="50.9592767" lon="6.8171041">
      <time>2025-06-26T17:48:25Z</time>
    </trkpt>
    <trkpt lat="50.9592160" lon="6.8169517">
      <time>2025-06-26T17:48:29Z</time>
    </trkpt>
    <trkpt lat="50.9591550" lon="6.8167829">
      <time>2025-06-26T17:48:33Z</time>
    </trkpt>
    <trkpt lat="50.9590698" lon="6.8165846">
      <time>2025-06-26T17:48:38Z</time>
    </trkpt>
    <trkpt lat="50.9590387" lon="6.8164968">
      <time>2025-06-26T17:48:40Z</time>
    </trkpt>
    <trkpt lat="50.9589854" lon="6.8163885">
      <time>2025-06-26T17:48:43Z</time>
    </trkpt>
    <trkpt lat="50.9589287" lon="6.8162102">
      <time>2025-06-26T17:48:47Z</time>
    </trkpt>
    <trkpt lat="50.9588544" lon="6.8160071">
      <time>2025-06-26T17:48:52Z</time>
    </trkpt>
    <trkpt lat="50.9588418" lon="6.8159681">
      <time>2025-06-26T17:48:53Z</time>
    </trkpt>
    <trkpt lat="50.9587568" lon="6.8157386">
      <time>2025-06-26T17:48:58Z</time>
    </trkpt>
    <trkpt lat="50.9586932" lon="6.8155610">
      <time>2025-06-26T17:49:02Z</time>
    </trkpt>
    <trkpt lat="50.9586583" lon="6.8154775">
      <time>2025-06-26T17:49:04Z</time>
    </trkpt>
    <trkpt lat="50.9585722" lon="6.8152813">
      <time>2025-06-26T17:49:09Z</time>
    </trkpt>
    <trkpt lat="50.9584925" lon="6.8150535">
      <time>2025-06-26T17:49:14Z</time>
    </trkpt>
    <trkpt lat="50.9584055" lon="6.8148247">
      <time>2025-06-26T17:49:19Z</time>
    </trkpt>
    <trkpt lat="50.9583193" lon="6.8146000">
      <time>2025-06-26T17:49:24Z</time>
    </trkpt>
    <trkpt lat="50.9582398" lon="6.8143850">
      <time>2025-06-26T17:49:29Z</time>
    </trkpt>
    <trkpt lat="50.9581830" lon="6.8142757">
      <time>2025-06-26T17:49:33Z</time>
    </trkpt>
    <trkpt lat="50.9581277" lon="6.8141651">
      <time>2025-06-26T17:49:37Z</time>
    </trkpt>
    <trkpt lat="50.9581222" lon="6.8141569">
      <time>2025-06-26T17:49:38Z</time>
    </trkpt>
    <trkpt lat="50.9581180" lon="6.8141264">
      <time>2025-06-26T17:49:44Z</time>
    </trkpt>
    <trkpt lat="50.9580971" lon="6.8139849">
      <time>2025-06-26T17:49:48Z</time>
    </trkpt>
    <trkpt lat="50.9580369" lon="6.8137622">
      <time>2025-06-26T17:49:54Z</time>
    </trkpt>
    <trkpt lat="50.9579750" lon="6.8135716">
      <time>2025-06-26T17:49:59Z</time>
    </trkpt>
    <trkpt lat="50.9579501" lon="6.8134919">
      <time>2025-06-26T17:50:01Z</time>
    </trkpt>
    <trkpt lat="50.9578760" lon="6.8132597">
      <time>2025-06-26T17:50:07Z</time>
    </trkpt>
    <trkpt lat="50.9578113" lon="6.8130030">
      <time>2025-06-26T17:50:13Z</time>
    </trkpt>
    <trkpt lat="50.9577272" lon="6.8127077">
      <time>2025-06-26T17:50:20Z</time>
    </trkpt>
    <trkpt lat="50.9576694" lon="6.8124737">
      <time>2025-06-26T17:50:25Z</time>
    </trkpt>
    <trkpt lat="50.9576045" lon="6.8122487">
      <time>2025-06-26T17:50:30Z</time>
    </trkpt>
    <trkpt lat="50.9575208" lon="6.8119753">
      <time>2025-06-26T17:50:36Z</time>
    </trkpt>
    <trkpt lat="50.9574489" lon="6.8117126">
      <time>2025-06-26T17:50:42Z</time>
    </trkpt>
    <trkpt lat="50.9573824" lon="6.8114459">
      <time>2025-06-26T17:50:48Z</time>
    </trkpt>
    <trkpt lat="50.9573171" lon="6.8112186">
      <time>2025-06-26T17:50:53Z</time>
    </trkpt>
    <trkpt lat="50.9572648" lon="6.8110285">
      <time>2025-06-26T17:50:57Z</time>
    </trkpt>
    <trkpt lat="50.9572306" lon="6.8108893">
      <time>2025-06-26T17:51:00Z</time>
    </trkpt>
    <trkpt lat="50.9571545" lon="6.8106438">
      <time>2025-06-26T17:51:06Z</time>
    </trkpt>
    <trkpt lat="50.9570962" lon="6.8104034">
      <time>2025-06-26T17:51:11Z</time>
    </trkpt>
    <trkpt lat="50.9569912" lon="6.8101232">
      <time>2025-06-26T17:51:17Z</time>
    </trkpt>
    <trkpt lat="50.9569861" lon="6.8100821">
      <time>2025-06-26T17:51:18Z</time>
    </trkpt>
    <trkpt lat="50.9569648" lon="6.8100128">
      <time>2025-06-26T17:51:20Z</time>
    </trkpt>
    <trkpt lat="50.9569343" lon="6.8099083">
      <time>2025-06-26T17:51:23Z</time>
    </trkpt>
    <trkpt lat="50.9569002" lon="6.8098217">
      <time>2025-06-26T17:51:26Z</time>
    </trkpt>
    <trkpt lat="50.9568982" lon="6.8097905">
      <time>2025-06-26T17:51:27Z</time>
    </trkpt>
    <trkpt lat="50.9568796" lon="6.8097301">
      <time>2025-06-26T17:51:29Z</time>
    </trkpt>
    <trkpt lat="50.9568584" lon="6.8096753">
      <time>2025-06-26T17:51:31Z</time>
    </trkpt>
    <trkpt lat="50.9568498" lon="6.8096172">
      <time>2025-06-26T17:51:33Z</time>
    </trkpt>
    <trkpt lat="50.9568333" lon="6.8095943">
      <time>2025-06-26T17:51:34Z</time>
    </trkpt>
    <trkpt lat="50.9568328" lon="6.8095437">
      <time>2025-06-26T17:51:36Z</time>
    </trkpt>
    <trkpt lat="50.9568242" lon="6.8094913">
      <time>2025-06-26T17:51:38Z</time>
    </trkpt>
    <trkpt lat="50.9567993" lon="6.8094447">
      <time>2025-06-26T17:51:40Z</time>
    </trkpt>
    <trkpt lat="50.9567704" lon="6.8093375">
      <time>2025-06-26T17:51:44Z</time>
    </trkpt>
    <trkpt lat="50.9567512" lon="6.8092869">
      <time>2025-06-26T17:51:46Z</time>
    </trkpt>
    <trkpt lat="50.9567774" lon="6.8092632">
      <time>2025-06-26T17:51:48Z</time>
    </trkpt>
    <trkpt lat="50.9567571" lon="6.8093158">
      <time>2025-06-26T17:51:51Z</time>
    </trkpt>
    <trkpt lat="50.9567368" lon="6.8092561">
      <time>2025-06-26T17:51:53Z</time>
    </trkpt>
    <trkpt lat="50.9567040" lon="6.8091217">
      <time>2025-06-26T17:51:57Z</time>
    </trkpt>
    <trkpt lat="50.9566513" lon="6.8089821">
      <time>2025-06-26T17:52:01Z</time>
    </trkpt>
    <trkpt lat="50.9565964" lon="6.8088238">
      <time>2025-06-26T17:52:05Z</time>
    </trkpt>
    <trkpt lat="50.9565242" lon="6.8085839">
      <time>2025-06-26T17:52:11Z</time>
    </trkpt>
    <trkpt lat="50.9564805" lon="6.8084361">
      <time>2025-06-26T17:52:15Z</time>
    </trkpt>
    <trkpt lat="50.9564639" lon="6.8083972">
      <time>2025-06-26T17:52:16Z</time>
    </trkpt>
    <trkpt lat="50.9564132" lon="6.8082841">
      <time>2025-06-26T17:52:19Z</time>
    </trkpt>
    <trkpt lat="50.9563812" lon="6.8082141">
      <time>2025-06-26T17:52:21Z</time>
    </trkpt>
    <trkpt lat="50.9563020" lon="6.8080384">
      <time>2025-06-26T17:52:26Z</time>
    </trkpt>
    <trkpt lat="50.9562700" lon="6.8079525">
      <time>2025-06-26T17:52:28Z</time>
    </trkpt>
    <trkpt lat="50.9562197" lon="6.8078320">
      <time>2025-06-26T17:52:31Z</time>
    </trkpt>
    <trkpt lat="50.9561899" lon="6.8077543">
      <time>2025-06-26T17:52:33Z</time>
    </trkpt>
    <trkpt lat="50.9561615" lon="6.8076669">
      <time>2025-06-26T17:52:35Z</time>
    </trkpt>
    <trkpt lat="50.9561278" lon="6.8075632">
      <time>2025-06-26T17:52:37Z</time>
    </trkpt>
    <trkpt lat="50.9560924" lon="6.8074864">
      <time>2025-06-26T17:52:39Z</time>
    </trkpt>
    <trkpt lat="50.9560734" lon="6.8074504">
      <time>2025-06-26T17:52:40Z</time>
    </trkpt>
    <trkpt lat="50.9560083" lon="6.8073016">
      <time>2025-06-26T17:52:44Z</time>
    </trkpt>
    <trkpt lat="50.9559690" lon="6.8072057">
      <time>2025-06-26T17:52:46Z</time>
    </trkpt>
    <trkpt lat="50.9559394" lon="6.8071279">
      <time>2025-06-26T17:52:48Z</time>
    </trkpt>
    <trkpt lat="50.9558878" lon="6.8070042">
      <time>2025-06-26T17:52:51Z</time>
    </trkpt>
    <trkpt lat="50.9558700" lon="6.8069603">
      <time>2025-06-26T17:52:52Z</time>
    </trkpt>
    <trkpt lat="50.9557512" lon="6.8066731">
      <time>2025-06-26T17:52:59Z</time>
    </trkpt>
    <trkpt lat="50.9556854" lon="6.8065003">
      <time>2025-06-26T17:53:03Z</time>
    </trkpt>
    <trkpt lat="50.9556455" lon="6.8064091">
      <time>2025-06-26T17:53:05Z</time>
    </trkpt>
    <trkpt lat="50.9556254" lon="6.8063679">
      <time>2025-06-26T17:53:06Z</time>
    </trkpt>
    <trkpt lat="50.9555811" lon="6.8063232">
      <time>2025-06-26T17:53:08Z</time>
    </trkpt>
    <trkpt lat="50.9555666" lon="6.8062890">
      <time>2025-06-26T17:53:09Z</time>
    </trkpt>
    <trkpt lat="50.9555227" lon="6.8061825">
      <time>2025-06-26T17:53:14Z</time>
    </trkpt>
    <trkpt lat="50.9555128" lon="6.8061471">
      <time>2025-06-26T17:53:16Z</time>
    </trkpt>
    <trkpt lat="50.9555058" lon="6.8061270">
      <time>2025-06-26T17:53:19Z</time>
    </trkpt>
    <trkpt lat="50.9554966" lon="6.8061069">
      <time>2025-06-26T17:53:25Z</time>
    </trkpt>
    <trkpt lat="50.9554503" lon="6.8060307">
      <time>2025-06-26T17:53:30Z</time>
    </trkpt>
    <trkpt lat="50.9553814" lon="6.8059148">
      <time>2025-06-26T17:53:35Z</time>
    </trkpt>
    <trkpt lat="50.9553695" lon="6.8058853">
      <time>2025-06-26T17:53:36Z</time>
    </trkpt>
    <trkpt lat="50.9553554" lon="6.8058482">
      <time>2025-06-26T17:53:37Z</time>
    </trkpt>
    <trkpt lat="50.9552773" lon="6.8056828">
      <time>2025-06-26T17:53:42Z</time>
    </trkpt>
    <trkpt lat="50.9551684" lon="6.8055108">
      <time>2025-06-26T17:53:47Z</time>
    </trkpt>
    <trkpt lat="50.9551234" lon="6.8054435">
      <time>2025-06-26T17:53:49Z</time>
    </trkpt>
    <trkpt lat="50.9549938" lon="6.8052270">
      <time>2025-06-26T17:53:55Z</time>
    </trkpt>
    <trkpt lat="50.9548649" lon="6.8050440">
      <time>2025-06-26T17:54:01Z</time>
    </trkpt>
    <trkpt lat="50.9547473" lon="6.8048756">
      <time>2025-06-26T17:54:06Z</time>
    </trkpt>
    <trkpt lat="50.9545984" lon="6.8047269">
      <time>2025-06-26T17:54:11Z</time>
    </trkpt>
    <trkpt lat="50.9544543" lon="6.8046084">
      <time>2025-06-26T17:54:16Z</time>
    </trkpt>
    <trkpt lat="50.9543151" lon="6.8044583">
      <time>2025-06-26T17:54:21Z</time>
    </trkpt>
    <trkpt lat="50.9542309" lon="6.8043073">
      <time>2025-06-26T17:54:25Z</time>
    </trkpt>
    <trkpt lat="50.9542029" lon="6.8042760">
      <time>2025-06-26T17:54:26Z</time>
    </trkpt>
    <trkpt lat="50.9541147" lon="6.8041911">
      <time>2025-06-26T17:54:29Z</time>
    </trkpt>
    <trkpt lat="50.9540853" lon="6.8041624">
      <time>2025-06-26T17:54:30Z</time>
    </trkpt>
    <trkpt lat="50.9540495" lon="6.8039955">
      <time>2025-06-26T17:54:34Z</time>
    </trkpt>
    <trkpt lat="50.9540705" lon="6.8038231">
      <time>2025-06-26T17:54:38Z</time>
    </trkpt>
    <trkpt lat="50.9541090" lon="6.8036253">
      <time>2025-06-26T17:54:42Z</time>
    </trkpt>
    <trkpt lat="50.9541539" lon="6.8034382">
      <time>2025-06-26T17:54:46Z</time>
    </trkpt>
    <trkpt lat="50.9541726" lon="6.8033360">
      <time>2025-06-26T17:54:48Z</time>
    </trkpt>
    <trkpt lat="50.9541880" lon="6.8032336">
      <time>2025-06-26T17:54:50Z</time>
    </trkpt>
    <trkpt lat="50.9541970" lon="6.8031293">
      <time>2025-06-26T17:54:52Z</time>
    </trkpt>
    <trkpt lat="50.9541980" lon="6.8030746">
      <time>2025-06-26T17:54:53Z</time>
    </trkpt>
    <trkpt lat="50.9542308" lon="6.8028774">
      <time>2025-06-26T17:54:57Z</time>
    </trkpt>
    <trkpt lat="50.9542690" lon="6.8026225">
      <time>2025-06-26T17:55:02Z</time>
    </trkpt>
    <trkpt lat="50.9543061" lon="6.8024157">
      <time>2025-06-26T17:55:07Z</time>
    </trkpt>
    <trkpt lat="50.9543040" lon="6.8022839">
      <time>2025-06-26T17:55:12Z</time>
    </trkpt>
    <trkpt lat="50.9542865" lon="6.8022728">
      <time>2025-06-26T17:55:13Z</time>
    </trkpt>
    <trkpt lat="50.9542064" lon="6.8022154">
      <time>2025-06-26T17:55:17Z</time>
    </trkpt>
    <trkpt lat="50.9541813" lon="6.8022039">
      <time>2025-06-26T17:55:18Z</time>
    </trkpt>
    <trkpt lat="50.9541431" lon="6.8021919">
      <time>2025-06-26T17:55:20Z</time>
    </trkpt>
    <trkpt lat="50.9541459" lon="6.8021807">
      <time>2025-06-26T17:55:21Z</time>
    </trkpt>
    <trkpt lat="50.9541290" lon="6.8021818">
      <time>2025-06-26T17:55:23Z</time>
    </trkpt>
    <trkpt lat="50.9541276" lon="6.8021857">
      <time>2025-06-26T17:55:24Z</time>
    </trkpt>
    <trkpt lat="50.9541243" lon="6.8021916">
      <time>2025-06-26T17:55:28Z</time>
    </trkpt>
    <trkpt lat="50.9541165" lon="6.8021974">
      <time>2025-06-26T17:55:29Z</time>
    </trkpt>
    <trkpt lat="50.9540987" lon="6.8021924">
      <time>2025-06-26T17:55:31Z</time>
    </trkpt>
    <trkpt lat="50.9540944" lon="6.8022026">
      <time>2025-06-26T17:55:37Z</time>
    </trkpt>
    <trkpt lat="50.9540944" lon="6.8022026">
      <time>2025-06-26T17:55:42Z</time>
    </trkpt>
    <trkpt lat="50.9540944" lon="6.8022026">
      <time>2025-06-26T17:55:44Z</time>
    </trkpt>
    <trkpt lat="50.9540936" lon="6.8021205">
      <time>2025-06-26T17:55:51Z</time>
    </trkpt>
    <trkpt lat="50.9540928" lon="6.8020304">
      <time>2025-06-26T17:55:53Z</time>
    </trkpt>
    <trkpt lat="50.9540894" lon="6.8019946">
      <time>2025-06-26T17:55:54Z</time>
    </trkpt>
    <trkpt lat="50.9540879" lon="6.8019511">
      <time>2025-06-26T17:55:55Z</time>
    </trkpt>
    <trkpt lat="50.9540764" lon="6.8019029">
      <time>2025-06-26T17:55:56Z</time>
    </trkpt>
    <trkpt lat="50.9540522" lon="6.8018817">
      <time>2025-06-26T17:55:57Z</time>
    </trkpt>
    <trkpt lat="50.9540156" lon="6.8018862">
      <time>2025-06-26T17:55:58Z</time>
    </trkpt>
    <trkpt lat="50.9539387" lon="6.8019276">
      <time>2025-06-26T17:56:00Z</time>
    </trkpt>
    <trkpt lat="50.9539058" lon="6.8019513">
      <time>2025-06-26T17:56:01Z</time>
    </trkpt>
    <trkpt lat="50.9538698" lon="6.8019779">
      <time>2025-06-26T17:56:02Z</time>
    </trkpt>
    <trkpt lat="50.9537413" lon="6.8020569">
      <time>2025-06-26T17:56:05Z</time>
    </trkpt>
    <trkpt lat="50.9537023" lon="6.8020740">
      <time>2025-06-26T17:56:06Z</time>
    </trkpt>
    <trkpt lat="50.9535462" lon="6.8021301">
      <time>2025-06-26T17:56:10Z</time>
    </trkpt>
    <trkpt lat="50.9535052" lon="6.8021480">
      <time>2025-06-26T17:56:11Z</time>
    </trkpt>
    <trkpt lat="50.9534638" lon="6.8021620">
      <time>2025-06-26T17:56:12Z</time>
    </trkpt>
    <trkpt lat="50.9534268" lon="6.8021748">
      <time>2025-06-26T17:56:13Z</time>
    </trkpt>
    <trkpt lat="50.9533893" lon="6.8021853">
      <time>2025-06-26T17:56:14Z</time>
    </trkpt>
    <trkpt lat="50.9531944" lon="6.8022474">
      <time>2025-06-26T17:56:19Z</time>
    </trkpt>
    <trkpt lat="50.9530189" lon="6.8023079">
      <time>2025-06-26T17:56:23Z</time>
    </trkpt>
    <trkpt lat="50.9529762" lon="6.8023275">
      <time>2025-06-26T17:56:24Z</time>
    </trkpt>
    <trkpt lat="50.9527477" lon="6.8023993">
      <time>2025-06-26T17:56:29Z</time>
    </trkpt>
    <trkpt lat="50.9527047" lon="6.8024194">
      <time>2025-06-26T17:56:30Z</time>
    </trkpt>
    <trkpt lat="50.9525737" lon="6.8024681">
      <time>2025-06-26T17:56:33Z</time>
    </trkpt>
    <trkpt lat="50.9525240" lon="6.8024798">
      <time>2025-06-26T17:56:34Z</time>
    </trkpt>
    <trkpt lat="50.9523801" lon="6.8025442">
      <time>2025-06-26T17:56:37Z</time>
    </trkpt>
    <trkpt lat="50.9521493" lon="6.8026172">
      <time>2025-06-26T17:56:42Z</time>
    </trkpt>
    <trkpt lat="50.9519356" lon="6.8026820">
      <time>2025-06-26T17:56:47Z</time>
    </trkpt>
    <trkpt lat="50.9517186" lon="6.8027472">
      <time>2025-06-26T17:56:52Z</time>
    </trkpt>
    <trkpt lat="50.9515578" lon="6.8028156">
      <time>2025-06-26T17:56:56Z</time>
    </trkpt>
    <trkpt lat="50.9514780" lon="6.8028602">
      <time>2025-06-26T17:56:58Z</time>
    </trkpt>
    <trkpt lat="50.9512932" lon="6.8029198">
      <time>2025-06-26T17:57:03Z</time>
    </trkpt>
    <trkpt lat="50.9510820" lon="6.8029814">
      <time>2025-06-26T17:57:08Z</time>
    </trkpt>
    <trkpt lat="50.9509256" lon="6.8030370">
      <time>2025-06-26T17:57:12Z</time>
    </trkpt>
    <trkpt lat="50.9507669" lon="6.8030955">
      <time>2025-06-26T17:57:16Z</time>
    </trkpt>
    <trkpt lat="50.9506912" lon="6.8031224">
      <time>2025-06-26T17:57:18Z</time>
    </trkpt>
    <trkpt lat="50.9506545" lon="6.8031365">
      <time>2025-06-26T17:57:19Z</time>
    </trkpt>
    <trkpt lat="50.9506189" lon="6.8031579">
      <time>2025-06-26T17:57:20Z</time>
    </trkpt>
    <trkpt lat="50.9504996" lon="6.8032143">
      <time>2025-06-26T17:57:23Z</time>
    </trkpt>
    <trkpt lat="50.9504618" lon="6.8032340">
      <time>2025-06-26T17:57:24Z</time>
    </trkpt>
    <trkpt lat="50.9502945" lon="6.8032913">
      <time>2025-06-26T17:57:28Z</time>
    </trkpt>
    <trkpt lat="50.9501049" lon="6.8033944">
      <time>2025-06-26T17:57:33Z</time>
    </trkpt>
    <trkpt lat="50.9499593" lon="6.8034606">
      <time>2025-06-26T17:57:37Z</time>
    </trkpt>
    <trkpt lat="50.9497873" lon="6.8035545">
      <time>2025-06-26T17:57:42Z</time>
    </trkpt>
    <trkpt lat="50.9497503" lon="6.8035750">
      <time>2025-06-26T17:57:43Z</time>
    </trkpt>
    <trkpt lat="50.9496298" lon="6.8036362">
      <time>2025-06-26T17:57:46Z</time>
    </trkpt>
    <trkpt lat="50.9494342" lon="6.8037525">
      <time>2025-06-26T17:57:51Z</time>
    </trkpt>
    <trkpt lat="50.9492266" lon="6.8038900">
      <time>2025-06-26T17:57:56Z</time>
    </trkpt>
    <trkpt lat="50.9491404" lon="6.8039537">
      <time>2025-06-26T17:57:58Z</time>
    </trkpt>
    <trkpt lat="50.9490631" lon="6.8040073">
      <time>2025-06-26T17:58:00Z</time>
    </trkpt>
    <trkpt lat="50.9490243" lon="6.8040405">
      <time>2025-06-26T17:58:01Z</time>
    </trkpt>
    <trkpt lat="50.9489164" lon="6.8041336">
      <time>2025-06-26T17:58:04Z</time>
    </trkpt>
    <trkpt lat="50.9487596" lon="6.8042431">
      <time>2025-06-26T17:58:08Z</time>
    </trkpt>
    <trkpt lat="50.9485727" lon="6.8044120">
      <time>2025-06-26T17:58:13Z</time>
    </trkpt>
    <trkpt lat="50.9484253" lon="6.8045427">
      <time>2025-06-26T17:58:17Z</time>
    </trkpt>
    <trkpt lat="50.9483892" lon="6.8045717">
      <time>2025-06-26T17:58:18Z</time>
    </trkpt>
    <trkpt lat="50.9482438" lon="6.8046757">
      <time>2025-06-26T17:58:22Z</time>
    </trkpt>
    <trkpt lat="50.9482090" lon="6.8047089">
      <time>2025-06-26T17:58:23Z</time>
    </trkpt>
    <trkpt lat="50.9480810" lon="6.8048199">
      <time>2025-06-26T17:58:27Z</time>
    </trkpt>
    <trkpt lat="50.9479482" lon="6.8049441">
      <time>2025-06-26T17:58:32Z</time>
    </trkpt>
    <trkpt lat="50.9478004" lon="6.8050983">
      <time>2025-06-26T17:58:37Z</time>
    </trkpt>
    <trkpt lat="50.9476308" lon="6.8052516">
      <time>2025-06-26T17:58:42Z</time>
    </trkpt>
    <trkpt lat="50.9474870" lon="6.8053729">
      <time>2025-06-26T17:58:46Z</time>
    </trkpt>
    <trkpt lat="50.9474547" lon="6.8054074">
      <time>2025-06-26T17:58:47Z</time>
    </trkpt>
    <trkpt lat="50.9473553" lon="6.8055051">
      <time>2025-06-26T17:58:50Z</time>
    </trkpt>
    <trkpt lat="50.9473233" lon="6.8055363">
      <time>2025-06-26T17:58:51Z</time>
    </trkpt>
    <trkpt lat="50.9471766" lon="6.8056713">
      <time>2025-06-26T17:58:55Z</time>
    </trkpt>
    <trkpt lat="50.9471419" lon="6.8057066">
      <time>2025-06-26T17:58:56Z</time>
    </trkpt>
    <trkpt lat="50.9471060" lon="6.8057397">
      <time>2025-06-26T17:58:57Z</time>
    </trkpt>
    <trkpt lat="50.9470400" lon="6.8058085">
      <time>2025-06-26T17:58:59Z</time>
    </trkpt>
    <trkpt lat="50.9470030" lon="6.8058426">
      <time>2025-06-26T17:59:00Z</time>
    </trkpt>
    <trkpt lat="50.9469665" lon="6.8058753">
      <time>2025-06-26T17:59:01Z</time>
    </trkpt>
    <trkpt lat="50.9468364" lon="6.8060130">
      <time>2025-06-26T17:59:05Z</time>
    </trkpt>
    <trkpt lat="50.9467376" lon="6.8061038">
      <time>2025-06-26T17:59:08Z</time>
    </trkpt>
    <trkpt lat="50.9467045" lon="6.8061416">
      <time>2025-06-26T17:59:09Z</time>
    </trkpt>
    <trkpt lat="50.9465767" lon="6.8062708">
      <time>2025-06-26T17:59:13Z</time>
    </trkpt>
    <trkpt lat="50.9465480" lon="6.8062990">
      <time>2025-06-26T17:59:14Z</time>
    </trkpt>
    <trkpt lat="50.9463879" lon="6.8064581">
      <time>2025-06-26T17:59:20Z</time>
    </trkpt>
    <trkpt lat="50.9463622" lon="6.8064964">
      <time>2025-06-26T17:59:21Z</time>
    </trkpt>
    <trkpt lat="50.9462810" lon="6.8066014">
      <time>2025-06-26T17:59:25Z</time>
    </trkpt>
    <trkpt lat="50.9462183" lon="6.8066587">
      <time>2025-06-26T17:59:28Z</time>
    </trkpt>
    <trkpt lat="50.9462004" lon="6.8066805">
      <time>2025-06-26T17:59:29Z</time>
    </trkpt>
    <trkpt lat="50.9461813" lon="6.8066971">
      <time>2025-06-26T17:59:30Z</time>
    </trkpt>
    <trkpt lat="50.9461620" lon="6.8067121">
      <time>2025-06-26T17:59:31Z</time>
    </trkpt>
    <trkpt lat="50.9460368" lon="6.8068424">
      <time>2025-06-26T17:59:36Z</time>
    </trkpt>
    <trkpt lat="50.9460096" lon="6.8068656">
      <time>2025-06-26T17:59:37Z</time>
    </trkpt>
    <trkpt lat="50.9459371" lon="6.8069488">
      <time>2025-06-26T17:59:40Z</time>
    </trkpt>
    <trkpt lat="50.9458571" lon="6.8070259">
      <time>2025-06-26T17:59:43Z</time>
    </trkpt>
    <trkpt lat="50.9456929" lon="6.8071907">
      <time>2025-06-26T17:59:49Z</time>
    </trkpt>
    <trkpt lat="50.9455567" lon="6.8073527">
      <time>2025-06-26T17:59:54Z</time>
    </trkpt>
    <trkpt lat="50.9454447" lon="6.8074684">
      <time>2025-06-26T17:59:58Z</time>
    </trkpt>
    <trkpt lat="50.9454192" lon="6.8075015">
      <time>2025-06-26T17:59:59Z</time>
    </trkpt>
    <trkpt lat="50.9452620" lon="6.8076703">
      <time>2025-06-26T18:00:04Z</time>
    </trkpt>
    <trkpt lat="50.9451097" lon="6.8078310">
      <time>2025-06-26T18:00:09Z</time>
    </trkpt>
    <trkpt lat="50.9448924" lon="6.8080903">
      <time>2025-06-26T18:00:16Z</time>
    </trkpt>
    <trkpt lat="50.9447313" lon="6.8082623">
      <time>2025-06-26T18:00:22Z</time>
    </trkpt>
    <trkpt lat="50.9446145" lon="6.8082456">
      <time>2025-06-26T18:00:26Z</time>
    </trkpt>
    <trkpt lat="50.9445830" lon="6.8082660">
      <time>2025-06-26T18:00:27Z</time>
    </trkpt>
    <trkpt lat="50.9445401" lon="6.8083574">
      <time>2025-06-26T18:00:29Z</time>
    </trkpt>
    <trkpt lat="50.9444482" lon="6.8085371">
      <time>2025-06-26T18:00:33Z</time>
    </trkpt>
    <trkpt lat="50.9444254" lon="6.8085774">
      <time>2025-06-26T18:00:34Z</time>
    </trkpt>
    <trkpt lat="50.9443150" lon="6.8087330">
      <time>2025-06-26T18:00:38Z</time>
    </trkpt>
    <trkpt lat="50.9442005" lon="6.8089011">
      <time>2025-06-26T18:00:43Z</time>
    </trkpt>
    <trkpt lat="50.9441314" lon="6.8089856">
      <time>2025-06-26T18:00:46Z</time>
    </trkpt>
    <trkpt lat="50.9440736" lon="6.8090670">
      <time>2025-06-26T18:00:49Z</time>
    </trkpt>
    <trkpt lat="50.9439857" lon="6.8091804">
      <time>2025-06-26T18:00:54Z</time>
    </trkpt>
    <trkpt lat="50.9438964" lon="6.8093037">
      <time>2025-06-26T18:00:58Z</time>
    </trkpt>
    <trkpt lat="50.9438251" lon="6.8094254">
      <time>2025-06-26T18:01:02Z</time>
    </trkpt>
    <trkpt lat="50.9438082" lon="6.8094472">
      <time>2025-06-26T18:01:03Z</time>
    </trkpt>
    <trkpt lat="50.9437935" lon="6.8094735">
      <time>2025-06-26T18:01:04Z</time>
    </trkpt>
    <trkpt lat="50.9437292" lon="6.8095340">
      <time>2025-06-26T18:01:07Z</time>
    </trkpt>
    <trkpt lat="50.9436505" lon="6.8096188">
      <time>2025-06-26T18:01:11Z</time>
    </trkpt>
    <trkpt lat="50.9435971" lon="6.8097155">
      <time>2025-06-26T18:01:15Z</time>
    </trkpt>
    <trkpt lat="50.9435851" lon="6.8097300">
      <time>2025-06-26T18:01:16Z</time>
    </trkpt>
    <trkpt lat="50.9435754" lon="6.8097470">
      <time>2025-06-26T18:01:17Z</time>
    </trkpt>
    <trkpt lat="50.9435277" lon="6.8098210">
      <time>2025-06-26T18:01:20Z</time>
    </trkpt>
    <trkpt lat="50.9434400" lon="6.8099440">
      <time>2025-06-26T18:01:24Z</time>
    </trkpt>
    <trkpt lat="50.9433632" lon="6.8100376">
      <time>2025-06-26T18:01:27Z</time>
    </trkpt>
    <trkpt lat="50.9433167" lon="6.8101058">
      <time>2025-06-26T18:01:29Z</time>
    </trkpt>
    <trkpt lat="50.9432857" lon="6.8101467">
      <time>2025-06-26T18:01:30Z</time>
    </trkpt>
    <trkpt lat="50.9431255" lon="6.8102967">
      <time>2025-06-26T18:01:35Z</time>
    </trkpt>
    <trkpt lat="50.9430823" lon="6.8103075">
      <time>2025-06-26T18:01:36Z</time>
    </trkpt>
    <trkpt lat="50.9429129" lon="6.8104146">
      <time>2025-06-26T18:01:41Z</time>
    </trkpt>
    <trkpt lat="50.9427300" lon="6.8104881">
      <time>2025-06-26T18:01:46Z</time>
    </trkpt>
    <trkpt lat="50.9425409" lon="6.8105463">
      <time>2025-06-26T18:01:51Z</time>
    </trkpt>
    <trkpt lat="50.9423856" lon="6.8106157">
      <time>2025-06-26T18:01:55Z</time>
    </trkpt>
    <trkpt lat="50.9423091" lon="6.8106478">
      <time>2025-06-26T18:01:57Z</time>
    </trkpt>
    <trkpt lat="50.9421206" lon="6.8107177">
      <time>2025-06-26T18:02:02Z</time>
    </trkpt>
    <trkpt lat="50.9419685" lon="6.8107772">
      <time>2025-06-26T18:02:06Z</time>
    </trkpt>
    <trkpt lat="50.9417679" lon="6.8108448">
      <time>2025-06-26T18:02:11Z</time>
    </trkpt>
    <trkpt lat="50.9416885" lon="6.8108873">
      <time>2025-06-26T18:02:13Z</time>
    </trkpt>
    <trkpt lat="50.9416473" lon="6.8109134">
      <time>2025-06-26T18:02:14Z</time>
    </trkpt>
    <trkpt lat="50.9415696" lon="6.8109491">
      <time>2025-06-26T18:02:16Z</time>
    </trkpt>
    <trkpt lat="50.9413644" lon="6.8110294">
      <time>2025-06-26T18:02:21Z</time>
    </trkpt>
    <trkpt lat="50.9413253" lon="6.8110484">
      <time>2025-06-26T18:02:22Z</time>
    </trkpt>
    <trkpt lat="50.9412176" lon="6.8110905">
      <time>2025-06-26T18:02:25Z</time>
    </trkpt>
    <trkpt lat="50.9411188" lon="6.8111411">
      <time>2025-06-26T18:02:28Z</time>
    </trkpt>
    <trkpt lat="50.9410414" lon="6.8111758">
      <time>2025-06-26T18:02:31Z</time>
    </trkpt>
    <trkpt lat="50.9409529" lon="6.8112161">
      <time>2025-06-26T18:02:36Z</time>
    </trkpt>
    <trkpt lat="50.9408899" lon="6.8112397">
      <time>2025-06-26T18:02:41Z</time>
    </trkpt>
    <trkpt lat="50.9408990" lon="6.8112354">
      <time>2025-06-26T18:02:45Z</time>
    </trkpt>
    <trkpt lat="50.9408707" lon="6.8112890">
      <time>2025-06-26T18:02:53Z</time>
    </trkpt>
    <trkpt lat="50.9408506" lon="6.8112934">
      <time>2025-06-26T18:02:59Z</time>
    </trkpt>
    <trkpt lat="50.9408634" lon="6.8112986">
      <time>2025-06-26T18:03:00Z</time>
    </trkpt>
    <trkpt lat="50.9408579" lon="6.8113051">
      <time>2025-06-26T18:03:01Z</time>
    </trkpt>
    <trkpt lat="50.9408548" lon="6.8112825">
      <time>2025-06-26T18:03:02Z</time>
    </trkpt>
    <trkpt lat="50.9408533" lon="6.8112760">
      <time>2025-06-26T18:03:04Z</time>
    </trkpt>
    <trkpt lat="50.9408533" lon="6.8112760">
      <time>2025-06-26T18:03:10Z</time>
    </trkpt>
    <trkpt lat="50.9408533" lon="6.8112760">
      <time>2025-06-26T18:03:18Z</time>
    </trkpt>
    <trkpt lat="50.9408533" lon="6.8112760">
      <time>2025-06-26T18:03:28Z</time>
    </trkpt>
    <trkpt lat="50.9408533" lon="6.8112760">
      <time>2025-06-26T18:03:40Z</time>
    </trkpt>
    <trkpt lat="50.9408533" lon="6.8112760">
      <time>2025-06-26T18:03:43Z</time>
    </trkpt>
    <trkpt lat="50.9408539" lon="6.8112566">
      <time>2025-06-26T18:03:46Z</time>
    </trkpt>
    <trkpt lat="50.9408434" lon="6.8112636">
      <time>2025-06-26T18:03:48Z</time>
    </trkpt>
    <trkpt lat="50.9408533" lon="6.8112760">
      <time>2025-06-26T18:03:53Z</time>
    </trkpt>
    <trkpt lat="50.9408533" lon="6.8112760">
      <time>2025-06-26T18:04:00Z</time>
    </trkpt>
    <trkpt lat="50.9408533" lon="6.8112760">
      <time>2025-06-26T18:04:12Z</time>
    </trkpt>
    <trkpt lat="50.9408533" lon="6.8112760">
      <time>2025-06-26T18:04:17Z</time>
    </trkpt>
    <trkpt lat="50.9408533" lon="6.8112760">
      <time>2025-06-26T18:04:18Z</time>
    </trkpt>
    <trkpt lat="50.9408533" lon="6.8112760">
      <time>2025-06-26T18:04:19Z</time>
    </trkpt>
    <trkpt lat="50.9408533" lon="6.8112760">
      <time>2025-06-26T18:04:21Z</time>
    </trkpt>
    <trkpt lat="50.9408533" lon="6.8112760">
      <time>2025-06-26T18:04:23Z</time>
    </trkpt>
    <trkpt lat="50.9408988" lon="6.8112055">
      <time>2025-06-26T18:33:43Z</time>
    </trkpt>
    <trkpt lat="50.9409211" lon="6.8111944">
      <time>2025-06-26T18:33:44Z</time>
    </trkpt>
    <trkpt lat="50.9409470" lon="6.8111948">
      <time>2025-06-26T18:33:45Z</time>
    </trkpt>
    <trkpt lat="50.9410169" lon="6.8111817">
      <time>2025-06-26T18:33:48Z</time>
    </trkpt>
    <trkpt lat="50.9410625" lon="6.8111601">
      <time>2025-06-26T18:33:50Z</time>
    </trkpt>
    <trkpt lat="50.9411089" lon="6.8111367">
      <time>2025-06-26T18:33:52Z</time>
    </trkpt>
    <trkpt lat="50.9411241" lon="6.8111222">
      <time>2025-06-26T18:33:53Z</time>
    </trkpt>
    <trkpt lat="50.9411936" lon="6.8110824">
      <time>2025-06-26T18:33:56Z</time>
    </trkpt>
    <trkpt lat="50.9412106" lon="6.8110687">
      <time>2025-06-26T18:33:57Z</time>
    </trkpt>
    <trkpt lat="50.9412904" lon="6.8110525">
      <time>2025-06-26T18:34:00Z</time>
    </trkpt>
    <trkpt lat="50.9413447" lon="6.8110447">
      <time>2025-06-26T18:34:02Z</time>
    </trkpt>
    <trkpt lat="50.9414295" lon="6.8110176">
      <time>2025-06-26T18:34:05Z</time>
    </trkpt>
    <trkpt lat="50.9414877" lon="6.8109882">
      <time>2025-06-26T18:34:07Z</time>
    </trkpt>
    <trkpt lat="50.9416510" lon="6.8109449">
      <time>2025-06-26T18:34:12Z</time>
    </trkpt>
    <trkpt lat="50.9417456" lon="6.8109045">
      <time>2025-06-26T18:34:15Z</time>
    </trkpt>
    <trkpt lat="50.9418408" lon="6.8108469">
      <time>2025-06-26T18:34:18Z</time>
    </trkpt>
    <trkpt lat="50.9420172" lon="6.8107684">
      <time>2025-06-26T18:34:23Z</time>
    </trkpt>
    <trkpt lat="50.9420877" lon="6.8107377">
      <time>2025-06-26T18:34:25Z</time>
    </trkpt>
    <trkpt lat="50.9422209" lon="6.8106902">
      <time>2025-06-26T18:34:29Z</time>
    </trkpt>
    <trkpt lat="50.9423345" lon="6.8106633">
      <time>2025-06-26T18:34:32Z</time>
    </trkpt>
    <trkpt lat="50.9423648" lon="6.8106434">
      <time>2025-06-26T18:34:33Z</time>
    </trkpt>
    <trkpt lat="50.9423994" lon="6.8106293">
      <time>2025-06-26T18:34:34Z</time>
    </trkpt>
    <trkpt lat="50.9424656" lon="6.8106032">
      <time>2025-06-26T18:34:36Z</time>
    </trkpt>
    <trkpt lat="50.9424964" lon="6.8105956">
      <time>2025-06-26T18:34:37Z</time>
    </trkpt>
    <trkpt lat="50.9425268" lon="6.8105776">
      <time>2025-06-26T18:34:38Z</time>
    </trkpt>
    <trkpt lat="50.9426329" lon="6.8105373">
      <time>2025-06-26T18:34:41Z</time>
    </trkpt>
    <trkpt lat="50.9427036" lon="6.8105119">
      <time>2025-06-26T18:34:43Z</time>
    </trkpt>
    <trkpt lat="50.9427763" lon="6.8104853">
      <time>2025-06-26T18:34:45Z</time>
    </trkpt>
    <trkpt lat="50.9429122" lon="6.8104305">
      <time>2025-06-26T18:34:49Z</time>
    </trkpt>
    <trkpt lat="50.9430558" lon="6.8103603">
      <time>2025-06-26T18:34:53Z</time>
    </trkpt>
    <trkpt lat="50.9431590" lon="6.8102981">
      <time>2025-06-26T18:34:56Z</time>
    </trkpt>
    <trkpt lat="50.9431909" lon="6.8102745">
      <time>2025-06-26T18:34:57Z</time>
    </trkpt>
    <trkpt lat="50.9433084" lon="6.8101418">
      <time>2025-06-26T18:35:01Z</time>
    </trkpt>
    <trkpt lat="50.9434392" lon="6.8099564">
      <time>2025-06-26T18:35:06Z</time>
    </trkpt>
    <trkpt lat="50.9435478" lon="6.8098071">
      <time>2025-06-26T18:35:10Z</time>
    </trkpt>
    <trkpt lat="50.9436681" lon="6.8096439">
      <time>2025-06-26T18:35:15Z</time>
    </trkpt>
    <trkpt lat="50.9438004" lon="6.8094504">
      <time>2025-06-26T18:35:21Z</time>
    </trkpt>
    <trkpt lat="50.9438878" lon="6.8093507">
      <time>2025-06-26T18:35:25Z</time>
    </trkpt>
    <trkpt lat="50.9440143" lon="6.8091787">
      <time>2025-06-26T18:35:30Z</time>
    </trkpt>
    <trkpt lat="50.9441208" lon="6.8090418">
      <time>2025-06-26T18:35:34Z</time>
    </trkpt>
    <trkpt lat="50.9442220" lon="6.8088819">
      <time>2025-06-26T18:35:38Z</time>
    </trkpt>
    <trkpt lat="50.9443343" lon="6.8087468">
      <time>2025-06-26T18:35:42Z</time>
    </trkpt>
    <trkpt lat="50.9444427" lon="6.8085944">
      <time>2025-06-26T18:35:46Z</time>
    </trkpt>
    <trkpt lat="50.9445566" lon="6.8083268">
      <time>2025-06-26T18:35:52Z</time>
    </trkpt>
    <trkpt lat="50.9446098" lon="6.8082672">
      <time>2025-06-26T18:35:55Z</time>
    </trkpt>
    <trkpt lat="50.9446389" lon="6.8082844">
      <time>2025-06-26T18:35:56Z</time>
    </trkpt>
    <trkpt lat="50.9447469" lon="6.8082658">
      <time>2025-06-26T18:36:00Z</time>
    </trkpt>
    <trkpt lat="50.9447748" lon="6.8082330">
      <time>2025-06-26T18:36:01Z</time>
    </trkpt>
    <trkpt lat="50.9449271" lon="6.8080786">
      <time>2025-06-26T18:36:06Z</time>
    </trkpt>
    <trkpt lat="50.9450156" lon="6.8079806">
      <time>2025-06-26T18:36:09Z</time>
    </trkpt>
    <trkpt lat="50.9450900" lon="6.8078878">
      <time>2025-06-26T18:36:12Z</time>
    </trkpt>
    <trkpt lat="50.9452755" lon="6.8076908">
      <time>2025-06-26T18:36:18Z</time>
    </trkpt>
    <trkpt lat="50.9454853" lon="6.8074535">
      <time>2025-06-26T18:36:25Z</time>
    </trkpt>
    <trkpt lat="50.9457022" lon="6.8072270">
      <time>2025-06-26T18:36:32Z</time>
    </trkpt>
    <trkpt lat="50.9458242" lon="6.8070786">
      <time>2025-06-26T18:36:36Z</time>
    </trkpt>
    <trkpt lat="50.9459509" lon="6.8069467">
      <time>2025-06-26T18:36:40Z</time>
    </trkpt>
    <trkpt lat="50.9461323" lon="6.8067682">
      <time>2025-06-26T18:36:46Z</time>
    </trkpt>
    <trkpt lat="50.9463551" lon="6.8065445">
      <time>2025-06-26T18:36:53Z</time>
    </trkpt>
    <trkpt lat="50.9464949" lon="6.8063968">
      <time>2025-06-26T18:36:58Z</time>
    </trkpt>
    <trkpt lat="50.9466327" lon="6.8062460">
      <time>2025-06-26T18:37:03Z</time>
    </trkpt>
    <trkpt lat="50.9467861" lon="6.8060865">
      <time>2025-06-26T18:37:08Z</time>
    </trkpt>
    <trkpt lat="50.9469195" lon="6.8059563">
      <time>2025-06-26T18:37:12Z</time>
    </trkpt>
    <trkpt lat="50.9469522" lon="6.8059141">
      <time>2025-06-26T18:37:13Z</time>
    </trkpt>
    <trkpt lat="50.9470465" lon="6.8058253">
      <time>2025-06-26T18:37:16Z</time>
    </trkpt>
    <trkpt lat="50.9471336" lon="6.8057279">
      <time>2025-06-26T18:37:19Z</time>
    </trkpt>
    <trkpt lat="50.9472879" lon="6.8055758">
      <time>2025-06-26T18:37:24Z</time>
    </trkpt>
    <trkpt lat="50.9474641" lon="6.8054251">
      <time>2025-06-26T18:37:29Z</time>
    </trkpt>
    <trkpt lat="50.9476271" lon="6.8052915">
      <time>2025-06-26T18:37:34Z</time>
    </trkpt>
    <trkpt lat="50.9477270" lon="6.8052042">
      <time>2025-06-26T18:37:37Z</time>
    </trkpt>
    <trkpt lat="50.9477888" lon="6.8051374">
      <time>2025-06-26T18:37:39Z</time>
    </trkpt>
    <trkpt lat="50.9478222" lon="6.8051134">
      <time>2025-06-26T18:37:40Z</time>
    </trkpt>
    <trkpt lat="50.9479550" lon="6.8049984">
      <time>2025-06-26T18:37:44Z</time>
    </trkpt>
    <trkpt lat="50.9480209" lon="6.8049355">
      <time>2025-06-26T18:37:46Z</time>
    </trkpt>
    <trkpt lat="50.9480862" lon="6.8048659">
      <time>2025-06-26T18:37:48Z</time>
    </trkpt>
    <trkpt lat="50.9482330" lon="6.8047109">
      <time>2025-06-26T18:37:53Z</time>
    </trkpt>
    <trkpt lat="50.9484074" lon="6.8045644">
      <time>2025-06-26T18:37:58Z</time>
    </trkpt>
    <trkpt lat="50.9485553" lon="6.8044480">
      <time>2025-06-26T18:38:03Z</time>
    </trkpt>
    <trkpt lat="50.9487104" lon="6.8043137">
      <time>2025-06-26T18:38:08Z</time>
    </trkpt>
    <trkpt lat="50.9488114" lon="6.8042404">
      <time>2025-06-26T18:38:11Z</time>
    </trkpt>
    <trkpt lat="50.9489130" lon="6.8041595">
      <time>2025-06-26T18:38:14Z</time>
    </trkpt>
    <trkpt lat="50.9490431" lon="6.8040519">
      <time>2025-06-26T18:38:18Z</time>
    </trkpt>
    <trkpt lat="50.9491038" lon="6.8039990">
      <time>2025-06-26T18:38:20Z</time>
    </trkpt>
    <trkpt lat="50.9493496" lon="6.8038413">
      <time>2025-06-26T18:38:27Z</time>
    </trkpt>
    <trkpt lat="50.9495126" lon="6.8037338">
      <time>2025-06-26T18:38:32Z</time>
    </trkpt>
    <trkpt lat="50.9496885" lon="6.8036227">
      <time>2025-06-26T18:38:37Z</time>
    </trkpt>
    <trkpt lat="50.9498989" lon="6.8035123">
      <time>2025-06-26T18:38:43Z</time>
    </trkpt>
    <trkpt lat="50.9501490" lon="6.8033769">
      <time>2025-06-26T18:38:50Z</time>
    </trkpt>
    <trkpt lat="50.9504102" lon="6.8032628">
      <time>2025-06-26T18:38:57Z</time>
    </trkpt>
    <trkpt lat="50.9505972" lon="6.8031912">
      <time>2025-06-26T18:39:02Z</time>
    </trkpt>
    <trkpt lat="50.9506851" lon="6.8031528">
      <time>2025-06-26T18:39:04Z</time>
    </trkpt>
    <trkpt lat="50.9507573" lon="6.8031119">
      <time>2025-06-26T18:39:06Z</time>
    </trkpt>
    <trkpt lat="50.9508022" lon="6.8030992">
      <time>2025-06-26T18:39:07Z</time>
    </trkpt>
    <trkpt lat="50.9509044" lon="6.8030589">
      <time>2025-06-26T18:39:09Z</time>
    </trkpt>
    <trkpt lat="50.9509513" lon="6.8030495">
      <time>2025-06-26T18:39:10Z</time>
    </trkpt>
    <trkpt lat="50.9509943" lon="6.8030324">
      <time>2025-06-26T18:39:11Z</time>
    </trkpt>
    <trkpt lat="50.9510824" lon="6.8030081">
      <time>2025-06-26T18:39:13Z</time>
    </trkpt>
    <trkpt lat="50.9511249" lon="6.8029969">
      <time>2025-06-26T18:39:14Z</time>
    </trkpt>
    <trkpt lat="50.9512429" lon="6.8029454">
      <time>2025-06-26T18:39:17Z</time>
    </trkpt>
    <trkpt lat="50.9513264" lon="6.8029130">
      <time>2025-06-26T18:39:19Z</time>
    </trkpt>
    <trkpt lat="50.9514657" lon="6.8028558">
      <time>2025-06-26T18:39:23Z</time>
    </trkpt>
    <trkpt lat="50.9515537" lon="6.8028322">
      <time>2025-06-26T18:39:25Z</time>
    </trkpt>
    <trkpt lat="50.9516410" lon="6.8027996">
      <time>2025-06-26T18:39:27Z</time>
    </trkpt>
    <trkpt lat="50.9518510" lon="6.8027395">
      <time>2025-06-26T18:39:32Z</time>
    </trkpt>
    <trkpt lat="50.9521545" lon="6.8026322">
      <time>2025-06-26T18:39:39Z</time>
    </trkpt>
    <trkpt lat="50.9521971" lon="6.8026217">
      <time>2025-06-26T18:39:40Z</time>
    </trkpt>
    <trkpt lat="50.9523644" lon="6.8025456">
      <time>2025-06-26T18:39:44Z</time>
    </trkpt>
    <trkpt lat="50.9525402" lon="6.8024779">
      <time>2025-06-26T18:39:49Z</time>
    </trkpt>
    <trkpt lat="50.9525777" lon="6.8024604">
      <time>2025-06-26T18:39:50Z</time>
    </trkpt>
    <trkpt lat="50.9528298" lon="6.8023927">
      <time>2025-06-26T18:39:57Z</time>
    </trkpt>
    <trkpt lat="50.9529578" lon="6.8023348">
      <time>2025-06-26T18:40:01Z</time>
    </trkpt>
    <trkpt lat="50.9530718" lon="6.8022888">
      <time>2025-06-26T18:40:05Z</time>
    </trkpt>
    <trkpt lat="50.9532591" lon="6.8022298">
      <time>2025-06-26T18:40:10Z</time>
    </trkpt>
    <trkpt lat="50.9534408" lon="6.8021384">
      <time>2025-06-26T18:40:16Z</time>
    </trkpt>
    <trkpt lat="50.9535877" lon="6.8020821">
      <time>2025-06-26T18:40:21Z</time>
    </trkpt>
    <trkpt lat="50.9536665" lon="6.8020469">
      <time>2025-06-26T18:40:24Z</time>
    </trkpt>
    <trkpt lat="50.9537342" lon="6.8020130">
      <time>2025-06-26T18:40:26Z</time>
    </trkpt>
    <trkpt lat="50.9538889" lon="6.8019371">
      <time>2025-06-26T18:40:31Z</time>
    </trkpt>
    <trkpt lat="50.9540577" lon="6.8018496">
      <time>2025-06-26T18:40:37Z</time>
    </trkpt>
    <trkpt lat="50.9540733" lon="6.8018596">
      <time>2025-06-26T18:40:38Z</time>
    </trkpt>
    <trkpt lat="50.9540808" lon="6.8018722">
      <time>2025-06-26T18:40:39Z</time>
    </trkpt>
    <trkpt lat="50.9540883" lon="6.8018938">
      <time>2025-06-26T18:40:42Z</time>
    </trkpt>
    <trkpt lat="50.9540855" lon="6.8018848">
      <time>2025-06-26T18:40:43Z</time>
    </trkpt>
    <trkpt lat="50.9540883" lon="6.8018938">
      <time>2025-06-26T18:40:50Z</time>
    </trkpt>
    <trkpt lat="50.9540883" lon="6.8018938">
      <time>2025-06-26T18:40:57Z</time>
    </trkpt>
    <trkpt lat="50.9540883" lon="6.8018938">
      <time>2025-06-26T18:41:04Z</time>
    </trkpt>
    <trkpt lat="50.9540883" lon="6.8018938">
      <time>2025-06-26T18:41:10Z</time>
    </trkpt>
    <trkpt lat="50.9540883" lon="6.8018938">
      <time>2025-06-26T18:41:15Z</time>
    </trkpt>
    <trkpt lat="50.9540883" lon="6.8018938">
      <time>2025-06-26T18:41:26Z</time>
    </trkpt>
    <trkpt lat="50.9540883" lon="6.8018938">
      <time>2025-06-26T18:41:29Z</time>
    </trkpt>
    <trkpt lat="50.9540883" lon="6.8018938">
      <time>2025-06-26T18:41:34Z</time>
    </trkpt>
    <trkpt lat="50.9540883" lon="6.8018938">
      <time>2025-06-26T18:41:40Z</time>
    </trkpt>
    <trkpt lat="50.9540790" lon="6.8018837">
      <time>2025-06-26T18:41:42Z</time>
    </trkpt>
    <trkpt lat="50.9540782" lon="6.8019713">
      <time>2025-06-26T18:41:44Z</time>
    </trkpt>
    <trkpt lat="50.9540841" lon="6.8020619">
      <time>2025-06-26T18:41:46Z</time>
    </trkpt>
    <trkpt lat="50.9540958" lon="6.8021168">
      <time>2025-06-26T18:41:47Z</time>
    </trkpt>
    <trkpt lat="50.9541023" lon="6.8022226">
      <time>2025-06-26T18:41:49Z</time>
    </trkpt>
    <trkpt lat="50.9540862" lon="6.8023393">
      <time>2025-06-26T18:41:51Z</time>
    </trkpt>
    <trkpt lat="50.9540695" lon="6.8024741">
      <time>2025-06-26T18:41:53Z</time>
    </trkpt>
    <trkpt lat="50.9540569" lon="6.8025338">
      <time>2025-06-26T18:41:54Z</time>
    </trkpt>
    <trkpt lat="50.9540477" lon="6.8026058">
      <time>2025-06-26T18:41:55Z</time>
    </trkpt>
    <trkpt lat="50.9540379" lon="6.8026752">
      <time>2025-06-26T18:41:56Z</time>
    </trkpt>
    <trkpt lat="50.9540263" lon="6.8027470">
      <time>2025-06-26T18:41:57Z</time>
    </trkpt>
    <trkpt lat="50.9540204" lon="6.8028203">
      <time>2025-06-26T18:41:58Z</time>
    </trkpt>
    <trkpt lat="50.9540262" lon="6.8028864">
      <time>2025-06-26T18:41:59Z</time>
    </trkpt>
    <trkpt lat="50.9540255" lon="6.8030885">
      <time>2025-06-26T18:42:02Z</time>
    </trkpt>
    <trkpt lat="50.9540241" lon="6.8031585">
      <time>2025-06-26T18:42:03Z</time>
    </trkpt>
    <trkpt lat="50.9540103" lon="6.8033114">
      <time>2025-06-26T18:42:05Z</time>
    </trkpt>
    <trkpt lat="50.9540008" lon="6.8033815">
      <time>2025-06-26T18:42:06Z</time>
    </trkpt>
    <trkpt lat="50.9539840" lon="6.8035963">
      <time>2025-06-26T18:42:09Z</time>
    </trkpt>
    <trkpt lat="50.9539689" lon="6.8037396">
      <time>2025-06-26T18:42:11Z</time>
    </trkpt>
    <trkpt lat="50.9539577" lon="6.8038859">
      <time>2025-06-26T18:42:13Z</time>
    </trkpt>
    <trkpt lat="50.9539707" lon="6.8039692">
      <time>2025-06-26T18:42:14Z</time>
    </trkpt>
    <trkpt lat="50.9540392" lon="6.8041940">
      <time>2025-06-26T18:42:17Z</time>
    </trkpt>
    <trkpt lat="50.9540737" lon="6.8042562">
      <time>2025-06-26T18:42:18Z</time>
    </trkpt>
    <trkpt lat="50.9541101" lon="6.8043014">
      <time>2025-06-26T18:42:19Z</time>
    </trkpt>
    <trkpt lat="50.9541961" lon="6.8043921">
      <time>2025-06-26T18:42:21Z</time>
    </trkpt>
    <trkpt lat="50.9542406" lon="6.8044276">
      <time>2025-06-26T18:42:22Z</time>
    </trkpt>
    <trkpt lat="50.9542878" lon="6.8044644">
      <time>2025-06-26T18:42:23Z</time>
    </trkpt>
    <trkpt lat="50.9543733" lon="6.8045395">
      <time>2025-06-26T18:42:25Z</time>
    </trkpt>
    <trkpt lat="50.9544929" lon="6.8046538">
      <time>2025-06-26T18:42:28Z</time>
    </trkpt>
    <trkpt lat="50.9545345" lon="6.8046913">
      <time>2025-06-26T18:42:29Z</time>
    </trkpt>
    <trkpt lat="50.9547021" lon="6.8048340">
      <time>2025-06-26T18:42:33Z</time>
    </trkpt>
    <trkpt lat="50.9547802" lon="6.8049162">
      <time>2025-06-26T18:42:35Z</time>
    </trkpt>
    <trkpt lat="50.9548498" lon="6.8050164">
      <time>2025-06-26T18:42:37Z</time>
    </trkpt>
    <trkpt lat="50.9549217" lon="6.8051307">
      <time>2025-06-26T18:42:39Z</time>
    </trkpt>
    <trkpt lat="50.9549581" lon="6.8051788">
      <time>2025-06-26T18:42:40Z</time>
    </trkpt>
    <trkpt lat="50.9550306" lon="6.8052710">
      <time>2025-06-26T18:42:42Z</time>
    </trkpt>
    <trkpt lat="50.9551728" lon="6.8054684">
      <time>2025-06-26T18:42:46Z</time>
    </trkpt>
    <trkpt lat="50.9552324" lon="6.8055824">
      <time>2025-06-26T18:42:48Z</time>
    </trkpt>
    <trkpt lat="50.9553155" lon="6.8057517">
      <time>2025-06-26T18:42:51Z</time>
    </trkpt>
    <trkpt lat="50.9553440" lon="6.8058201">
      <time>2025-06-26T18:42:52Z</time>
    </trkpt>
    <trkpt lat="50.9553995" lon="6.8059375">
      <time>2025-06-26T18:42:54Z</time>
    </trkpt>
    <trkpt lat="50.9554907" lon="6.8061248">
      <time>2025-06-26T18:42:57Z</time>
    </trkpt>
    <trkpt lat="50.9556727" lon="6.8065085">
      <time>2025-06-26T18:43:03Z</time>
    </trkpt>
    <trkpt lat="50.9558200" lon="6.8068580">
      <time>2025-06-26T18:43:08Z</time>
    </trkpt>
    <trkpt lat="50.9559081" lon="6.8070866">
      <time>2025-06-26T18:43:11Z</time>
    </trkpt>
    <trkpt lat="50.9559332" lon="6.8071607">
      <time>2025-06-26T18:43:12Z</time>
    </trkpt>
    <trkpt lat="50.9560602" lon="6.8074586">
      <time>2025-06-26T18:43:16Z</time>
    </trkpt>
    <trkpt lat="50.9561946" lon="6.8077636">
      <time>2025-06-26T18:43:20Z</time>
    </trkpt>
    <trkpt lat="50.9562222" lon="6.8078424">
      <time>2025-06-26T18:43:21Z</time>
    </trkpt>
    <trkpt lat="50.9563715" lon="6.8082577">
      <time>2025-06-26T18:43:26Z</time>
    </trkpt>
    <trkpt lat="50.9564049" lon="6.8083386">
      <time>2025-06-26T18:43:27Z</time>
    </trkpt>
    <trkpt lat="50.9564360" lon="6.8084169">
      <time>2025-06-26T18:43:28Z</time>
    </trkpt>
    <trkpt lat="50.9565291" lon="6.8086549">
      <time>2025-06-26T18:43:31Z</time>
    </trkpt>
    <trkpt lat="50.9566388" lon="6.8090110">
      <time>2025-06-26T18:43:35Z</time>
    </trkpt>
    <trkpt lat="50.9566929" lon="6.8091769">
      <time>2025-06-26T18:43:37Z</time>
    </trkpt>
    <trkpt lat="50.9568322" lon="6.8095981">
      <time>2025-06-26T18:43:42Z</time>
    </trkpt>
    <trkpt lat="50.9569688" lon="6.8100320">
      <time>2025-06-26T18:43:47Z</time>
    </trkpt>
    <trkpt lat="50.9570643" lon="6.8103941">
      <time>2025-06-26T18:43:51Z</time>
    </trkpt>
    <trkpt lat="50.9571585" lon="6.8107471">
      <time>2025-06-26T18:43:55Z</time>
    </trkpt>
    <trkpt lat="50.9572523" lon="6.8110818">
      <time>2025-06-26T18:43:59Z</time>
    </trkpt>
    <trkpt lat="50.9572770" lon="6.8111659">
      <time>2025-06-26T18:44:00Z</time>
    </trkpt>
    <trkpt lat="50.9573415" lon="6.8114259">
      <time>2025-06-26T18:44:03Z</time>
    </trkpt>
    <trkpt lat="50.9573856" lon="6.8115773">
      <time>2025-06-26T18:44:05Z</time>
    </trkpt>
    <trkpt lat="50.9574303" lon="6.8117392">
      <time>2025-06-26T18:44:07Z</time>
    </trkpt>
    <trkpt lat="50.9574647" lon="6.8119009">
      <time>2025-06-26T18:44:09Z</time>
    </trkpt>
    <trkpt lat="50.9575320" lon="6.8121375">
      <time>2025-06-26T18:44:12Z</time>
    </trkpt>
    <trkpt lat="50.9575987" lon="6.8123674">
      <time>2025-06-26T18:44:15Z</time>
    </trkpt>
    <trkpt lat="50.9576397" lon="6.8125159">
      <time>2025-06-26T18:44:17Z</time>
    </trkpt>
    <trkpt lat="50.9576804" lon="6.8126636">
      <time>2025-06-26T18:44:19Z</time>
    </trkpt>
    <trkpt lat="50.9577439" lon="6.8128860">
      <time>2025-06-26T18:44:22Z</time>
    </trkpt>
    <trkpt lat="50.9577631" lon="6.8129639">
      <time>2025-06-26T18:44:23Z</time>
    </trkpt>
    <trkpt lat="50.9577839" lon="6.8130376">
      <time>2025-06-26T18:44:24Z</time>
    </trkpt>
    <trkpt lat="50.9578216" lon="6.8131965">
      <time>2025-06-26T18:44:26Z</time>
    </trkpt>
    <trkpt lat="50.9578376" lon="6.8132648">
      <time>2025-06-26T18:44:27Z</time>
    </trkpt>
    <trkpt lat="50.9578989" lon="6.8134826">
      <time>2025-06-26T18:44:30Z</time>
    </trkpt>
    <trkpt lat="50.9579883" lon="6.8137716">
      <time>2025-06-26T18:44:34Z</time>
    </trkpt>
    <trkpt lat="50.9580992" lon="6.8141126">
      <time>2025-06-26T18:44:39Z</time>
    </trkpt>
    <trkpt lat="50.9581443" lon="6.8142431">
      <time>2025-06-26T18:44:41Z</time>
    </trkpt>
    <trkpt lat="50.9581900" lon="6.8143732">
      <time>2025-06-26T18:44:43Z</time>
    </trkpt>
    <trkpt lat="50.9582107" lon="6.8144398">
      <time>2025-06-26T18:44:44Z</time>
    </trkpt>
    <trkpt lat="50.9582563" lon="6.8145723">
      <time>2025-06-26T18:44:46Z</time>
    </trkpt>
    <trkpt lat="50.9583112" lon="6.8146770">
      <time>2025-06-26T18:44:48Z</time>
    </trkpt>
    <trkpt lat="50.9584248" lon="6.8149717">
      <time>2025-06-26T18:44:53Z</time>
    </trkpt>
    <trkpt lat="50.9585560" lon="6.8152602">
      <time>2025-06-26T18:44:58Z</time>
    </trkpt>
    <trkpt lat="50.9586262" lon="6.8154336">
      <time>2025-06-26T18:45:01Z</time>
    </trkpt>
    <trkpt lat="50.9586495" lon="6.8154855">
      <time>2025-06-26T18:45:02Z</time>
    </trkpt>
    <trkpt lat="50.9587101" lon="6.8156718">
      <time>2025-06-26T18:45:05Z</time>
    </trkpt>
    <trkpt lat="50.9587453" lon="6.8157970">
      <time>2025-06-26T18:45:07Z</time>
    </trkpt>
    <trkpt lat="50.9588106" lon="6.8159873">
      <time>2025-06-26T18:45:10Z</time>
    </trkpt>
    <trkpt lat="50.9588263" lon="6.8160477">
      <time>2025-06-26T18:45:11Z</time>
    </trkpt>
    <trkpt lat="50.9588518" lon="6.8161080">
      <time>2025-06-26T18:45:12Z</time>
    </trkpt>
    <trkpt lat="50.9589123" lon="6.8162804">
      <time>2025-06-26T18:45:15Z</time>
    </trkpt>
    <trkpt lat="50.9589349" lon="6.8163345">
      <time>2025-06-26T18:45:16Z</time>
    </trkpt>
    <trkpt lat="50.9589819" lon="6.8164522">
      <time>2025-06-26T18:45:18Z</time>
    </trkpt>
    <trkpt lat="50.9590045" lon="6.8165126">
      <time>2025-06-26T18:45:19Z</time>
    </trkpt>
    <trkpt lat="50.9590276" lon="6.8165695">
      <time>2025-06-26T18:45:20Z</time>
    </trkpt>
    <trkpt lat="50.9590744" lon="6.8166865">
      <time>2025-06-26T18:45:22Z</time>
    </trkpt>
    <trkpt lat="50.9590983" lon="6.8167513">
      <time>2025-06-26T18:45:23Z</time>
    </trkpt>
    <trkpt lat="50.9592204" lon="6.8170559">
      <time>2025-06-26T18:45:28Z</time>
    </trkpt>
    <trkpt lat="50.9592942" lon="6.8172396">
      <time>2025-06-26T18:45:31Z</time>
    </trkpt>
    <trkpt lat="50.9593648" lon="6.8174307">
      <time>2025-06-26T18:45:34Z</time>
    </trkpt>
    <trkpt lat="50.9594090" lon="6.8175595">
      <time>2025-06-26T18:45:36Z</time>
    </trkpt>
    <trkpt lat="50.9595075" lon="6.8178154">
      <time>2025-06-26T18:45:40Z</time>
    </trkpt>
    <trkpt lat="50.9595632" lon="6.8179514">
      <time>2025-06-26T18:45:42Z</time>
    </trkpt>
    <trkpt lat="50.9596414" lon="6.8181442">
      <time>2025-06-26T18:45:45Z</time>
    </trkpt>
    <trkpt lat="50.9597735" lon="6.8184573">
      <time>2025-06-26T18:45:50Z</time>
    </trkpt>
    <trkpt lat="50.9598767" lon="6.8186909">
      <time>2025-06-26T18:45:54Z</time>
    </trkpt>
    <trkpt lat="50.9599387" lon="6.8188917">
      <time>2025-06-26T18:45:57Z</time>
    </trkpt>
    <trkpt lat="50.9599620" lon="6.8189549">
      <time>2025-06-26T18:45:58Z</time>
    </trkpt>
    <trkpt lat="50.9600113" lon="6.8190698">
      <time>2025-06-26T18:46:00Z</time>
    </trkpt>
    <trkpt lat="50.9600857" lon="6.8192521">
      <time>2025-06-26T18:46:03Z</time>
    </trkpt>
    <trkpt lat="50.9601107" lon="6.8193161">
      <time>2025-06-26T18:46:04Z</time>
    </trkpt>
    <trkpt lat="50.9601626" lon="6.8194396">
      <time>2025-06-26T18:46:06Z</time>
    </trkpt>
    <trkpt lat="50.9602202" lon="6.8195556">
      <time>2025-06-26T18:46:08Z</time>
    </trkpt>
    <trkpt lat="50.9604174" lon="6.8199008">
      <time>2025-06-26T18:46:14Z</time>
    </trkpt>
    <trkpt lat="50.9606011" lon="6.8201673">
      <time>2025-06-26T18:46:19Z</time>
    </trkpt>
    <trkpt lat="50.9606301" lon="6.8202154">
      <time>2025-06-26T18:46:20Z</time>
    </trkpt>
    <trkpt lat="50.9606601" lon="6.8202632">
      <time>2025-06-26T18:46:21Z</time>
    </trkpt>
    <trkpt lat="50.9607542" lon="6.8203850">
      <time>2025-06-26T18:46:24Z</time>
    </trkpt>
    <trkpt lat="50.9608194" lon="6.8204601">
      <time>2025-06-26T18:46:26Z</time>
    </trkpt>
    <trkpt lat="50.9609829" lon="6.8206600">
      <time>2025-06-26T18:46:32Z</time>
    </trkpt>
    <trkpt lat="50.9610967" lon="6.8208188">
      <time>2025-06-26T18:46:38Z</time>
    </trkpt>
    <trkpt lat="50.9611597" lon="6.8209030">
      <time>2025-06-26T18:46:41Z</time>
    </trkpt>
    <trkpt lat="50.9612063" lon="6.8209592">
      <time>2025-06-26T18:46:43Z</time>
    </trkpt>
    <trkpt lat="50.9613126" lon="6.8210807">
      <time>2025-06-26T18:46:47Z</time>
    </trkpt>
    <trkpt lat="50.9613320" lon="6.8211203">
      <time>2025-06-26T18:46:48Z</time>
    </trkpt>
    <trkpt lat="50.9614468" lon="6.8212501">
      <time>2025-06-26T18:46:52Z</time>
    </trkpt>
    <trkpt lat="50.9615047" lon="6.8213222">
      <time>2025-06-26T18:46:54Z</time>
    </trkpt>
    <trkpt lat="50.9616603" lon="6.8215542">
      <time>2025-06-26T18:47:01Z</time>
    </trkpt>
    <trkpt lat="50.9616949" lon="6.8215992">
      <time>2025-06-26T18:47:03Z</time>
    </trkpt>
    <trkpt lat="50.9618124" lon="6.8217313">
      <time>2025-06-26T18:47:08Z</time>
    </trkpt>
    <trkpt lat="50.9618347" lon="6.8217487">
      <time>2025-06-26T18:47:09Z</time>
    </trkpt>
    <trkpt lat="50.9619419" lon="6.8218961">
      <time>2025-06-26T18:47:14Z</time>
    </trkpt>
    <trkpt lat="50.9620735" lon="6.8220722">
      <time>2025-06-26T18:47:19Z</time>
    </trkpt>
    <trkpt lat="50.9621429" lon="6.8221816">
      <time>2025-06-26T18:47:22Z</time>
    </trkpt>
    <trkpt lat="50.9622008" lon="6.8222355">
      <time>2025-06-26T18:47:24Z</time>
    </trkpt>
    <trkpt lat="50.9622248" lon="6.8222673">
      <time>2025-06-26T18:47:25Z</time>
    </trkpt>
    <trkpt lat="50.9622783" lon="6.8223218">
      <time>2025-06-26T18:47:27Z</time>
    </trkpt>
    <trkpt lat="50.9623776" lon="6.8224619">
      <time>2025-06-26T18:47:31Z</time>
    </trkpt>
    <trkpt lat="50.9624451" lon="6.8226094">
      <time>2025-06-26T18:47:34Z</time>
    </trkpt>
    <trkpt lat="50.9625426" lon="6.8228020">
      <time>2025-06-26T18:47:38Z</time>
    </trkpt>
    <trkpt lat="50.9626443" lon="6.8230010">
      <time>2025-06-26T18:47:42Z</time>
    </trkpt>
    <trkpt lat="50.9626688" lon="6.8230387">
      <time>2025-06-26T18:47:43Z</time>
    </trkpt>
    <trkpt lat="50.9626911" lon="6.8230895">
      <time>2025-06-26T18:47:44Z</time>
    </trkpt>
    <trkpt lat="50.9627625" lon="6.8232758">
      <time>2025-06-26T18:47:47Z</time>
    </trkpt>
    <trkpt lat="50.9628629" lon="6.8234894">
      <time>2025-06-26T18:47:51Z</time>
    </trkpt>
    <trkpt lat="50.9629165" lon="6.8235943">
      <time>2025-06-26T18:47:53Z</time>
    </trkpt>
    <trkpt lat="50.9629533" lon="6.8237177">
      <time>2025-06-26T18:47:55Z</time>
    </trkpt>
    <trkpt lat="50.9629786" lon="6.8238345">
      <time>2025-06-26T18:47:57Z</time>
    </trkpt>
    <trkpt lat="50.9629803" lon="6.8240281">
      <time>2025-06-26T18:48:00Z</time>
    </trkpt>
    <trkpt lat="50.9629477" lon="6.8241454">
      <time>2025-06-26T18:48:02Z</time>
    </trkpt>
    <trkpt lat="50.9629125" lon="6.8241918">
      <time>2025-06-26T18:48:03Z</time>
    </trkpt>
    <trkpt lat="50.9628827" lon="6.8242356">
      <time>2025-06-26T18:48:04Z</time>
    </trkpt>
    <trkpt lat="50.9627715" lon="6.8243649">
      <time>2025-06-26T18:48:07Z</time>
    </trkpt>
    <trkpt lat="50.9627371" lon="6.8244027">
      <time>2025-06-26T18:48:08Z</time>
    </trkpt>
    <trkpt lat="50.9626620" lon="6.8244806">
      <time>2025-06-26T18:48:10Z</time>
    </trkpt>
    <trkpt lat="50.9625878" lon="6.8245704">
      <time>2025-06-26T18:48:12Z</time>
    </trkpt>
    <trkpt lat="50.9625215" lon="6.8246493">
      <time>2025-06-26T18:48:14Z</time>
    </trkpt>
    <trkpt lat="50.9624133" lon="6.8247772">
      <time>2025-06-26T18:48:17Z</time>
    </trkpt>
    <trkpt lat="50.9622434" lon="6.8249651">
      <time>2025-06-26T18:48:22Z</time>
    </trkpt>
    <trkpt lat="50.9621495" lon="6.8250693">
      <time>2025-06-26T18:48:25Z</time>
    </trkpt>
    <trkpt lat="50.9620704" lon="6.8252635">
      <time>2025-06-26T18:48:29Z</time>
    </trkpt>
    <trkpt lat="50.9620427" lon="6.8254361">
      <time>2025-06-26T18:48:32Z</time>
    </trkpt>
    <trkpt lat="50.9620475" lon="6.8256889">
      <time>2025-06-26T18:48:36Z</time>
    </trkpt>
    <trkpt lat="50.9620290" lon="6.8258959">
      <time>2025-06-26T18:48:39Z</time>
    </trkpt>
    <trkpt lat="50.9620226" lon="6.8261061">
      <time>2025-06-26T18:48:42Z</time>
    </trkpt>
    <trkpt lat="50.9620248" lon="6.8262493">
      <time>2025-06-26T18:48:44Z</time>
    </trkpt>
    <trkpt lat="50.9620256" lon="6.8263783">
      <time>2025-06-26T18:48:46Z</time>
    </trkpt>
    <trkpt lat="50.9620162" lon="6.8265843">
      <time>2025-06-26T18:48:49Z</time>
    </trkpt>
    <trkpt lat="50.9620143" lon="6.8267114">
      <time>2025-06-26T18:48:51Z</time>
    </trkpt>
    <trkpt lat="50.9620177" lon="6.8267732">
      <time>2025-06-26T18:48:52Z</time>
    </trkpt>
    <trkpt lat="50.9620114" lon="6.8269657">
      <time>2025-06-26T18:48:55Z</time>
    </trkpt>
    <trkpt lat="50.9620056" lon="6.8271565">
      <time>2025-06-26T18:48:58Z</time>
    </trkpt>
    <trkpt lat="50.9620030" lon="6.8272180">
      <time>2025-06-26T18:48:59Z</time>
    </trkpt>
    <trkpt lat="50.9620065" lon="6.8274786">
      <time>2025-06-26T18:49:03Z</time>
    </trkpt>
    <trkpt lat="50.9620010" lon="6.8277476">
      <time>2025-06-26T18:49:07Z</time>
    </trkpt>
    <trkpt lat="50.9619715" lon="6.8279480">
      <time>2025-06-26T18:49:10Z</time>
    </trkpt>
    <trkpt lat="50.9619651" lon="6.8280169">
      <time>2025-06-26T18:49:11Z</time>
    </trkpt>
    <trkpt lat="50.9619777" lon="6.8283357">
      <time>2025-06-26T18:49:16Z</time>
    </trkpt>
    <trkpt lat="50.9619738" lon="6.8285769">
      <time>2025-06-26T18:49:20Z</time>
    </trkpt>
    <trkpt lat="50.9619689" lon="6.8286390">
      <time>2025-06-26T18:49:21Z</time>
    </trkpt>
    <trkpt lat="50.9619819" lon="6.8287597">
      <time>2025-06-26T18:49:23Z</time>
    </trkpt>
    <trkpt lat="50.9619722" lon="6.8288782">
      <time>2025-06-26T18:49:25Z</time>
    </trkpt>
    <trkpt lat="50.9619266" lon="6.8291381">
      <time>2025-06-26T18:49:29Z</time>
    </trkpt>
    <trkpt lat="50.9618735" lon="6.8293892">
      <time>2025-06-26T18:49:33Z</time>
    </trkpt>
    <trkpt lat="50.9618362" lon="6.8295574">
      <time>2025-06-26T18:49:36Z</time>
    </trkpt>
    <trkpt lat="50.9617816" lon="6.8298092">
      <time>2025-06-26T18:49:40Z</time>
    </trkpt>
    <trkpt lat="50.9617600" lon="6.8300628">
      <time>2025-06-26T18:49:44Z</time>
    </trkpt>
    <trkpt lat="50.9617448" lon="6.8303059">
      <time>2025-06-26T18:49:48Z</time>
    </trkpt>
    <trkpt lat="50.9617299" lon="6.8303314">
      <time>2025-06-26T18:49:49Z</time>
    </trkpt>
    <trkpt lat="50.9616926" lon="6.8303655">
      <time>2025-06-26T18:49:51Z</time>
    </trkpt>
    <trkpt lat="50.9616708" lon="6.8303930">
      <time>2025-06-26T18:49:55Z</time>
    </trkpt>
    <trkpt lat="50.9616679" lon="6.8303974">
      <time>2025-06-26T18:49:56Z</time>
    </trkpt>
    <trkpt lat="50.9616671" lon="6.8304290">
      <time>2025-06-26T18:49:58Z</time>
    </trkpt>
    <trkpt lat="50.9616482" lon="6.8305013">
      <time>2025-06-26T18:50:00Z</time>
    </trkpt>
    <trkpt lat="50.9616009" lon="6.8306799">
      <time>2025-06-26T18:50:04Z</time>
    </trkpt>
    <trkpt lat="50.9616052" lon="6.8307440">
      <time>2025-06-26T18:50:05Z</time>
    </trkpt>
    <trkpt lat="50.9616174" lon="6.8308078">
      <time>2025-06-26T18:50:06Z</time>
    </trkpt>
    <trkpt lat="50.9616496" lon="6.8309905">
      <time>2025-06-26T18:50:09Z</time>
    </trkpt>
    <trkpt lat="50.9616533" lon="6.8312424">
      <time>2025-06-26T18:50:13Z</time>
    </trkpt>
    <trkpt lat="50.9616516" lon="6.8313094">
      <time>2025-06-26T18:50:14Z</time>
    </trkpt>
    <trkpt lat="50.9616432" lon="6.8314604">
      <time>2025-06-26T18:50:16Z</time>
    </trkpt>
    <trkpt lat="50.9616315" lon="6.8316113">
      <time>2025-06-26T18:50:18Z</time>
    </trkpt>
    <trkpt lat="50.9616216" lon="6.8316817">
      <time>2025-06-26T18:50:19Z</time>
    </trkpt>
    <trkpt lat="50.9616013" lon="6.8318266">
      <time>2025-06-26T18:50:21Z</time>
    </trkpt>
    <trkpt lat="50.9615834" lon="6.8319748">
      <time>2025-06-26T18:50:23Z</time>
    </trkpt>
    <trkpt lat="50.9615819" lon="6.8320386">
      <time>2025-06-26T18:50:24Z</time>
    </trkpt>
    <trkpt lat="50.9615689" lon="6.8322210">
      <time>2025-06-26T18:50:27Z</time>
    </trkpt>
    <trkpt lat="50.9615690" lon="6.8324453">
      <time>2025-06-26T18:50:31Z</time>
    </trkpt>
    <trkpt lat="50.9615471" lon="6.8327126">
      <time>2025-06-26T18:50:36Z</time>
    </trkpt>
    <trkpt lat="50.9615234" lon="6.8328938">
      <time>2025-06-26T18:50:39Z</time>
    </trkpt>
    <trkpt lat="50.9615150" lon="6.8332146">
      <time>2025-06-26T18:50:44Z</time>
    </trkpt>
    <trkpt lat="50.9615012" lon="6.8335143">
      <time>2025-06-26T18:50:49Z</time>
    </trkpt>
    <trkpt lat="50.9615095" lon="6.8336890">
      <time>2025-06-26T18:50:52Z</time>
    </trkpt>
    <trkpt lat="50.9614845" lon="6.8338159">
      <time>2025-06-26T18:50:54Z</time>
    </trkpt>
    <trkpt lat="50.9614597" lon="6.8340711">
      <time>2025-06-26T18:50:58Z</time>
    </trkpt>
    <trkpt lat="50.9614291" lon="6.8343763">
      <time>2025-06-26T18:51:03Z</time>
    </trkpt>
    <trkpt lat="50.9614178" lon="6.8345001">
      <time>2025-06-26T18:51:05Z</time>
    </trkpt>
    <trkpt lat="50.9614116" lon="6.8347154">
      <time>2025-06-26T18:51:09Z</time>
    </trkpt>
    <trkpt lat="50.9614028" lon="6.8348350">
      <time>2025-06-26T18:51:11Z</time>
    </trkpt>
    <trkpt lat="50.9614118" lon="6.8350638">
      <time>2025-06-26T18:51:15Z</time>
    </trkpt>
    <trkpt lat="50.9614409" lon="6.8353156">
      <time>2025-06-26T18:51:19Z</time>
    </trkpt>
    <trkpt lat="50.9614768" lon="6.8354958">
      <time>2025-06-26T18:51:24Z</time>
    </trkpt>
    <trkpt lat="50.9615027" lon="6.8355261">
      <time>2025-06-26T18:51:25Z</time>
    </trkpt>
    <trkpt lat="50.9615101" lon="6.8355523">
      <time>2025-06-26T18:51:26Z</time>
    </trkpt>
    <trkpt lat="50.9614870" lon="6.8356472">
      <time>2025-06-26T18:51:28Z</time>
    </trkpt>
    <trkpt lat="50.9614747" lon="6.8358434">
      <time>2025-06-26T18:51:32Z</time>
    </trkpt>
    <trkpt lat="50.9614752" lon="6.8358955">
      <time>2025-06-26T18:51:33Z</time>
    </trkpt>
    <trkpt lat="50.9614640" lon="6.8359486">
      <time>2025-06-26T18:51:34Z</time>
    </trkpt>
    <trkpt lat="50.9614253" lon="6.8360389">
      <time>2025-06-26T18:51:36Z</time>
    </trkpt>
    <trkpt lat="50.9614098" lon="6.8360804">
      <time>2025-06-26T18:51:37Z</time>
    </trkpt>
    <trkpt lat="50.9614304" lon="6.8362775">
      <time>2025-06-26T18:51:42Z</time>
    </trkpt>
    <trkpt lat="50.9614272" lon="6.8363478">
      <time>2025-06-26T18:51:44Z</time>
    </trkpt>
    <trkpt lat="50.9614072" lon="6.8363692">
      <time>2025-06-26T18:51:45Z</time>
    </trkpt>
    <trkpt lat="50.9613022" lon="6.8365381">
      <time>2025-06-26T18:51:50Z</time>
    </trkpt>
    <trkpt lat="50.9612849" lon="6.8367335">
      <time>2025-06-26T18:51:54Z</time>
    </trkpt>
    <trkpt lat="50.9612939" lon="6.8370055">
      <time>2025-06-26T18:51:59Z</time>
    </trkpt>
    <trkpt lat="50.9612706" lon="6.8371156">
      <time>2025-06-26T18:52:01Z</time>
    </trkpt>
    <trkpt lat="50.9612743" lon="6.8371831">
      <time>2025-06-26T18:52:03Z</time>
    </trkpt>
    <trkpt lat="50.9612654" lon="6.8374360">
      <time>2025-06-26T18:52:08Z</time>
    </trkpt>
    <trkpt lat="50.9612417" lon="6.8374860">
      <time>2025-06-26T18:52:09Z</time>
    </trkpt>
    <trkpt lat="50.9612350" lon="6.8376716">
      <time>2025-06-26T18:52:12Z</time>
    </trkpt>
    <trkpt lat="50.9612300" lon="6.8377274">
      <time>2025-06-26T18:52:13Z</time>
    </trkpt>
    <trkpt lat="50.9612010" lon="6.8379354">
      <time>2025-06-26T18:52:17Z</time>
    </trkpt>
    <trkpt lat="50.9612053" lon="6.8381330">
      <time>2025-06-26T18:52:21Z</time>
    </trkpt>
    <trkpt lat="50.9611963" lon="6.8383001">
      <time>2025-06-26T18:52:24Z</time>
    </trkpt>
    <trkpt lat="50.9611993" lon="6.8383889">
      <time>2025-06-26T18:52:26Z</time>
    </trkpt>
    <trkpt lat="50.9611995" lon="6.8384359">
      <time>2025-06-26T18:52:27Z</time>
    </trkpt>
    <trkpt lat="50.9611781" lon="6.8385313">
      <time>2025-06-26T18:52:29Z</time>
    </trkpt>
    <trkpt lat="50.9611737" lon="6.8386254">
      <time>2025-06-26T18:52:31Z</time>
    </trkpt>
    <trkpt lat="50.9611574" lon="6.8387286">
      <time>2025-06-26T18:52:33Z</time>
    </trkpt>
    <trkpt lat="50.9611572" lon="6.8387807">
      <time>2025-06-26T18:52:34Z</time>
    </trkpt>
    <trkpt lat="50.9611595" lon="6.8388258">
      <time>2025-06-26T18:52:35Z</time>
    </trkpt>
    <trkpt lat="50.9611472" lon="6.8389259">
      <time>2025-06-26T18:52:37Z</time>
    </trkpt>
    <trkpt lat="50.9611291" lon="6.8391022">
      <time>2025-06-26T18:52:41Z</time>
    </trkpt>
    <trkpt lat="50.9611271" lon="6.8392199">
      <time>2025-06-26T18:52:44Z</time>
    </trkpt>
    <trkpt lat="50.9611199" lon="6.8393381">
      <time>2025-06-26T18:52:47Z</time>
    </trkpt>
    <trkpt lat="50.9611065" lon="6.8394059">
      <time>2025-06-26T18:52:49Z</time>
    </trkpt>
    <trkpt lat="50.9610965" lon="6.8394824">
      <time>2025-06-26T18:52:51Z</time>
    </trkpt>
    <trkpt lat="50.9611064" lon="6.8396337">
      <time>2025-06-26T18:52:55Z</time>
    </trkpt>
    <trkpt lat="50.9610982" lon="6.8396596">
      <time>2025-06-26T18:52:56Z</time>
    </trkpt>
    <trkpt lat="50.9611338" lon="6.8397287">
      <time>2025-06-26T18:52:58Z</time>
    </trkpt>
    <trkpt lat="50.9611884" lon="6.8398613">
      <time>2025-06-26T18:53:02Z</time>
    </trkpt>
    <trkpt lat="50.9611955" lon="6.8399474">
      <time>2025-06-26T18:53:04Z</time>
    </trkpt>
    <trkpt lat="50.9611631" lon="6.8400456">
      <time>2025-06-26T18:53:06Z</time>
    </trkpt>
    <trkpt lat="50.9610914" lon="6.8402236">
      <time>2025-06-26T18:53:10Z</time>
    </trkpt>
    <trkpt lat="50.9610257" lon="6.8404013">
      <time>2025-06-26T18:53:14Z</time>
    </trkpt>
    <trkpt lat="50.9610216" lon="6.8404568">
      <time>2025-06-26T18:53:15Z</time>
    </trkpt>
    <trkpt lat="50.9610057" lon="6.8405569">
      <time>2025-06-26T18:53:17Z</time>
    </trkpt>
    <trkpt lat="50.9609995" lon="6.8407757">
      <time>2025-06-26T18:53:21Z</time>
    </trkpt>
    <trkpt lat="50.9609856" lon="6.8409534">
      <time>2025-06-26T18:53:24Z</time>
    </trkpt>
    <trkpt lat="50.9609850" lon="6.8411241">
      <time>2025-06-26T18:53:27Z</time>
    </trkpt>
    <trkpt lat="50.9609751" lon="6.8411836">
      <time>2025-06-26T18:53:28Z</time>
    </trkpt>
    <trkpt lat="50.9609590" lon="6.8413085">
      <time>2025-06-26T18:53:30Z</time>
    </trkpt>
    <trkpt lat="50.9609509" lon="6.8414310">
      <time>2025-06-26T18:53:32Z</time>
    </trkpt>
    <trkpt lat="50.9609329" lon="6.8418003">
      <time>2025-06-26T18:53:38Z</time>
    </trkpt>
    <trkpt lat="50.9609271" lon="6.8419916">
      <time>2025-06-26T18:53:41Z</time>
    </trkpt>
    <trkpt lat="50.9609297" lon="6.8421676">
      <time>2025-06-26T18:53:44Z</time>
    </trkpt>
    <trkpt lat="50.9609054" lon="6.8424096">
      <time>2025-06-26T18:53:48Z</time>
    </trkpt>
    <trkpt lat="50.9608814" lon="6.8427099">
      <time>2025-06-26T18:53:53Z</time>
    </trkpt>
    <trkpt lat="50.9608627" lon="6.8429324">
      <time>2025-06-26T18:53:57Z</time>
    </trkpt>
    <trkpt lat="50.9608493" lon="6.8431161">
      <time>2025-06-26T18:54:01Z</time>
    </trkpt>
    <trkpt lat="50.9608645" lon="6.8432438">
      <time>2025-06-26T18:54:04Z</time>
    </trkpt>
    <trkpt lat="50.9608507" lon="6.8433327">
      <time>2025-06-26T18:54:06Z</time>
    </trkpt>
    <trkpt lat="50.9608310" lon="6.8434198">
      <time>2025-06-26T18:54:08Z</time>
    </trkpt>
    <trkpt lat="50.9608157" lon="6.8435045">
      <time>2025-06-26T18:54:10Z</time>
    </trkpt>
    <trkpt lat="50.9608182" lon="6.8435513">
      <time>2025-06-26T18:54:11Z</time>
    </trkpt>
    <trkpt lat="50.9608234" lon="6.8436084">
      <time>2025-06-26T18:54:12Z</time>
    </trkpt>
    <trkpt lat="50.9608188" lon="6.8436416">
      <time>2025-06-26T18:54:13Z</time>
    </trkpt>
    <trkpt lat="50.9608132" lon="6.8437357">
      <time>2025-06-26T18:54:15Z</time>
    </trkpt>
    <trkpt lat="50.9608131" lon="6.8437786">
      <time>2025-06-26T18:54:16Z</time>
    </trkpt>
    <trkpt lat="50.9608078" lon="6.8438555">
      <time>2025-06-26T18:54:18Z</time>
    </trkpt>
    <trkpt lat="50.9608220" lon="6.8439090">
      <time>2025-06-26T18:54:19Z</time>
    </trkpt>
    <trkpt lat="50.9608125" lon="6.8439609">
      <time>2025-06-26T18:54:20Z</time>
    </trkpt>
    <trkpt lat="50.9608039" lon="6.8440562">
      <time>2025-06-26T18:54:22Z</time>
    </trkpt>
    <trkpt lat="50.9607796" lon="6.8442419">
      <time>2025-06-26T18:54:26Z</time>
    </trkpt>
    <trkpt lat="50.9607605" lon="6.8444599">
      <time>2025-06-26T18:54:31Z</time>
    </trkpt>
    <trkpt lat="50.9607843" lon="6.8445434">
      <time>2025-06-26T18:54:33Z</time>
    </trkpt>
    <trkpt lat="50.9607904" lon="6.8445910">
      <time>2025-06-26T18:54:34Z</time>
    </trkpt>
    <trkpt lat="50.9607760" lon="6.8446273">
      <time>2025-06-26T18:54:35Z</time>
    </trkpt>
    <trkpt lat="50.9607714" lon="6.8447232">
      <time>2025-06-26T18:54:37Z</time>
    </trkpt>
    <trkpt lat="50.9607606" lon="6.8447657">
      <time>2025-06-26T18:54:38Z</time>
    </trkpt>
    <trkpt lat="50.9607500" lon="6.8448483">
      <time>2025-06-26T18:54:40Z</time>
    </trkpt>
    <trkpt lat="50.9607279" lon="6.8449213">
      <time>2025-06-26T18:54:42Z</time>
    </trkpt>
    <trkpt lat="50.9607287" lon="6.8449671">
      <time>2025-06-26T18:54:43Z</time>
    </trkpt>
    <trkpt lat="50.9607171" lon="6.8450500">
      <time>2025-06-26T18:54:45Z</time>
    </trkpt>
    <trkpt lat="50.9607102" lon="6.8450822">
      <time>2025-06-26T18:54:46Z</time>
    </trkpt>
    <trkpt lat="50.9607170" lon="6.8451283">
      <time>2025-06-26T18:54:47Z</time>
    </trkpt>
    <trkpt lat="50.9607075" lon="6.8452018">
      <time>2025-06-26T18:54:49Z</time>
    </trkpt>
    <trkpt lat="50.9606940" lon="6.8453186">
      <time>2025-06-26T18:54:52Z</time>
    </trkpt>
    <trkpt lat="50.9606895" lon="6.8453582">
      <time>2025-06-26T18:54:53Z</time>
    </trkpt>
    <trkpt lat="50.9606795" lon="6.8454655">
      <time>2025-06-26T18:54:56Z</time>
    </trkpt>
    <trkpt lat="50.9606733" lon="6.8455005">
      <time>2025-06-26T18:54:57Z</time>
    </trkpt>
    <trkpt lat="50.9606694" lon="6.8455784">
      <time>2025-06-26T18:54:59Z</time>
    </trkpt>
    <trkpt lat="50.9606643" lon="6.8456196">
      <time>2025-06-26T18:55:00Z</time>
    </trkpt>
    <trkpt lat="50.9606530" lon="6.8456955">
      <time>2025-06-26T18:55:02Z</time>
    </trkpt>
    <trkpt lat="50.9606552" lon="6.8457652">
      <time>2025-06-26T18:55:04Z</time>
    </trkpt>
    <trkpt lat="50.9606619" lon="6.8458629">
      <time>2025-06-26T18:55:06Z</time>
    </trkpt>
    <trkpt lat="50.9606576" lon="6.8459557">
      <time>2025-06-26T18:55:08Z</time>
    </trkpt>
    <trkpt lat="50.9606486" lon="6.8459954">
      <time>2025-06-26T18:55:09Z</time>
    </trkpt>
    <trkpt lat="50.9606334" lon="6.8461206">
      <time>2025-06-26T18:55:12Z</time>
    </trkpt>
    <trkpt lat="50.9606267" lon="6.8461735">
      <time>2025-06-26T18:55:13Z</time>
    </trkpt>
    <trkpt lat="50.9606168" lon="6.8463776">
      <time>2025-06-26T18:55:17Z</time>
    </trkpt>
    <trkpt lat="50.9606108" lon="6.8465331">
      <time>2025-06-26T18:55:20Z</time>
    </trkpt>
    <trkpt lat="50.9606075" lon="6.8466389">
      <time>2025-06-26T18:55:22Z</time>
    </trkpt>
    <trkpt lat="50.9605956" lon="6.8468418">
      <time>2025-06-26T18:55:26Z</time>
    </trkpt>
    <trkpt lat="50.9605950" lon="6.8468880">
      <time>2025-06-26T18:55:27Z</time>
    </trkpt>
    <trkpt lat="50.9605790" lon="6.8471464">
      <time>2025-06-26T18:55:32Z</time>
    </trkpt>
    <trkpt lat="50.9605546" lon="6.8474681">
      <time>2025-06-26T18:55:38Z</time>
    </trkpt>
    <trkpt lat="50.9605433" lon="6.8476951">
      <time>2025-06-26T18:55:42Z</time>
    </trkpt>
    <trkpt lat="50.9605293" lon="6.8478701">
      <time>2025-06-26T18:55:45Z</time>
    </trkpt>
    <trkpt lat="50.9604999" lon="6.8482814">
      <time>2025-06-26T18:55:52Z</time>
    </trkpt>
    <trkpt lat="50.9604643" lon="6.8486899">
      <time>2025-06-26T18:55:59Z</time>
    </trkpt>
    <trkpt lat="50.9604521" lon="6.8490459">
      <time>2025-06-26T18:56:05Z</time>
    </trkpt>
    <trkpt lat="50.9604219" lon="6.8492739">
      <time>2025-06-26T18:56:09Z</time>
    </trkpt>
    <trkpt lat="50.9604141" lon="6.8494468">
      <time>2025-06-26T18:56:12Z</time>
    </trkpt>
    <trkpt lat="50.9604040" lon="6.8495099">
      <time>2025-06-26T18:56:13Z</time>
    </trkpt>
    <trkpt lat="50.9603976" lon="6.8495805">
      <time>2025-06-26T18:56:14Z</time>
    </trkpt>
    <trkpt lat="50.9603821" lon="6.8497182">
      <time>2025-06-26T18:56:16Z</time>
    </trkpt>
    <trkpt lat="50.9603803" lon="6.8497866">
      <time>2025-06-26T18:56:17Z</time>
    </trkpt>
    <trkpt lat="50.9603622" lon="6.8499993">
      <time>2025-06-26T18:56:20Z</time>
    </trkpt>
    <trkpt lat="50.9603442" lon="6.8502167">
      <time>2025-06-26T18:56:23Z</time>
    </trkpt>
    <trkpt lat="50.9603382" lon="6.8503036">
      <time>2025-06-26T18:56:24Z</time>
    </trkpt>
    <trkpt lat="50.9603066" lon="6.8506961">
      <time>2025-06-26T18:56:29Z</time>
    </trkpt>
    <trkpt lat="50.9602772" lon="6.8510914">
      <time>2025-06-26T18:56:34Z</time>
    </trkpt>
    <trkpt lat="50.9602734" lon="6.8511616">
      <time>2025-06-26T18:56:35Z</time>
    </trkpt>
    <trkpt lat="50.9602728" lon="6.8512275">
      <time>2025-06-26T18:56:36Z</time>
    </trkpt>
    <trkpt lat="50.9602644" lon="6.8514045">
      <time>2025-06-26T18:56:39Z</time>
    </trkpt>
    <trkpt lat="50.9602655" lon="6.8515165">
      <time>2025-06-26T18:56:41Z</time>
    </trkpt>
    <trkpt lat="50.9602589" lon="6.8515797">
      <time>2025-06-26T18:56:42Z</time>
    </trkpt>
    <trkpt lat="50.9602408" lon="6.8517003">
      <time>2025-06-26T18:56:44Z</time>
    </trkpt>
    <trkpt lat="50.9602284" lon="6.8518027">
      <time>2025-06-26T18:56:46Z</time>
    </trkpt>
    <trkpt lat="50.9602252" lon="6.8519168">
      <time>2025-06-26T18:56:48Z</time>
    </trkpt>
    <trkpt lat="50.9602211" lon="6.8519721">
      <time>2025-06-26T18:56:49Z</time>
    </trkpt>
    <trkpt lat="50.9602063" lon="6.8521779">
      <time>2025-06-26T18:56:53Z</time>
    </trkpt>
    <trkpt lat="50.9602047" lon="6.8522295">
      <time>2025-06-26T18:56:54Z</time>
    </trkpt>
    <trkpt lat="50.9602050" lon="6.8522888">
      <time>2025-06-26T18:56:55Z</time>
    </trkpt>
    <trkpt lat="50.9601891" lon="6.8524550">
      <time>2025-06-26T18:56:58Z</time>
    </trkpt>
    <trkpt lat="50.9601740" lon="6.8526894">
      <time>2025-06-26T18:57:02Z</time>
    </trkpt>
    <trkpt lat="50.9601677" lon="6.8527528">
      <time>2025-06-26T18:57:03Z</time>
    </trkpt>
    <trkpt lat="50.9601558" lon="6.8528722">
      <time>2025-06-26T18:57:05Z</time>
    </trkpt>
    <trkpt lat="50.9601417" lon="6.8530477">
      <time>2025-06-26T18:57:08Z</time>
    </trkpt>
    <trkpt lat="50.9601382" lon="6.8532809">
      <time>2025-06-26T18:57:12Z</time>
    </trkpt>
    <trkpt lat="50.9601230" lon="6.8534613">
      <time>2025-06-26T18:57:15Z</time>
    </trkpt>
    <trkpt lat="50.9601152" lon="6.8535216">
      <time>2025-06-26T18:57:16Z</time>
    </trkpt>
    <trkpt lat="50.9601056" lon="6.8536393">
      <time>2025-06-26T18:57:18Z</time>
    </trkpt>
    <trkpt lat="50.9600916" lon="6.8537451">
      <time>2025-06-26T18:57:20Z</time>
    </trkpt>
    <trkpt lat="50.9600700" lon="6.8539800">
      <time>2025-06-26T18:57:24Z</time>
    </trkpt>
    <trkpt lat="50.9600602" lon="6.8540943">
      <time>2025-06-26T18:57:26Z</time>
    </trkpt>
    <trkpt lat="50.9600545" lon="6.8542027">
      <time>2025-06-26T18:57:28Z</time>
    </trkpt>
    <trkpt lat="50.9600469" lon="6.8543309">
      <time>2025-06-26T18:57:30Z</time>
    </trkpt>
    <trkpt lat="50.9600434" lon="6.8543837">
      <time>2025-06-26T18:57:31Z</time>
    </trkpt>
    <trkpt lat="50.9600392" lon="6.8544918">
      <time>2025-06-26T18:57:33Z</time>
    </trkpt>
    <trkpt lat="50.9600302" lon="6.8546079">
      <time>2025-06-26T18:57:35Z</time>
    </trkpt>
    <trkpt lat="50.9600248" lon="6.8546586">
      <time>2025-06-26T18:57:36Z</time>
    </trkpt>
    <trkpt lat="50.9600089" lon="6.8548381">
      <time>2025-06-26T18:57:39Z</time>
    </trkpt>
    <trkpt lat="50.9599996" lon="6.8550766">
      <time>2025-06-26T18:57:43Z</time>
    </trkpt>
    <trkpt lat="50.9599926" lon="6.8552613">
      <time>2025-06-26T18:57:46Z</time>
    </trkpt>
    <trkpt lat="50.9599937" lon="6.8553224">
      <time>2025-06-26T18:57:47Z</time>
    </trkpt>
    <trkpt lat="50.9599820" lon="6.8554558">
      <time>2025-06-26T18:57:49Z</time>
    </trkpt>
    <trkpt lat="50.9599700" lon="6.8555881">
      <time>2025-06-26T18:57:51Z</time>
    </trkpt>
    <trkpt lat="50.9599452" lon="6.8558449">
      <time>2025-06-26T18:57:55Z</time>
    </trkpt>
    <trkpt lat="50.9599371" lon="6.8559101">
      <time>2025-06-26T18:57:56Z</time>
    </trkpt>
    <trkpt lat="50.9599254" lon="6.8561689">
      <time>2025-06-26T18:58:00Z</time>
    </trkpt>
    <trkpt lat="50.9599132" lon="6.8564174">
      <time>2025-06-26T18:58:04Z</time>
    </trkpt>
    <trkpt lat="50.9599062" lon="6.8564772">
      <time>2025-06-26T18:58:05Z</time>
    </trkpt>
    <trkpt lat="50.9599004" lon="6.8566042">
      <time>2025-06-26T18:58:07Z</time>
    </trkpt>
    <trkpt lat="50.9598895" lon="6.8567213">
      <time>2025-06-26T18:58:09Z</time>
    </trkpt>
    <trkpt lat="50.9598836" lon="6.8567818">
      <time>2025-06-26T18:58:10Z</time>
    </trkpt>
    <trkpt lat="50.9598738" lon="6.8569502">
      <time>2025-06-26T18:58:13Z</time>
    </trkpt>
    <trkpt lat="50.9598569" lon="6.8571435">
      <time>2025-06-26T18:58:16Z</time>
    </trkpt>
    <trkpt lat="50.9598536" lon="6.8572013">
      <time>2025-06-26T18:58:17Z</time>
    </trkpt>
    <trkpt lat="50.9598341" lon="6.8575144">
      <time>2025-06-26T18:58:22Z</time>
    </trkpt>
    <trkpt lat="50.9598010" lon="6.8579406">
      <time>2025-06-26T18:58:29Z</time>
    </trkpt>
    <trkpt lat="50.9597684" lon="6.8582945">
      <time>2025-06-26T18:58:35Z</time>
    </trkpt>
    <trkpt lat="50.9597344" lon="6.8587115">
      <time>2025-06-26T18:58:42Z</time>
    </trkpt>
    <trkpt lat="50.9597166" lon="6.8591286">
      <time>2025-06-26T18:58:49Z</time>
    </trkpt>
    <trkpt lat="50.9596792" lon="6.8595236">
      <time>2025-06-26T18:58:56Z</time>
    </trkpt>
    <trkpt lat="50.9596676" lon="6.8598709">
      <time>2025-06-26T18:59:02Z</time>
    </trkpt>
    <trkpt lat="50.9596547" lon="6.8601676">
      <time>2025-06-26T18:59:07Z</time>
    </trkpt>
    <trkpt lat="50.9596376" lon="6.8605261">
      <time>2025-06-26T18:59:13Z</time>
    </trkpt>
    <trkpt lat="50.9595986" lon="6.8609690">
      <time>2025-06-26T18:59:20Z</time>
    </trkpt>
    <trkpt lat="50.9595880" lon="6.8613376">
      <time>2025-06-26T18:59:26Z</time>
    </trkpt>
    <trkpt lat="50.9595709" lon="6.8617704">
      <time>2025-06-26T18:59:33Z</time>
    </trkpt>
    <trkpt lat="50.9595719" lon="6.8620291">
      <time>2025-06-26T18:59:38Z</time>
    </trkpt>
    <trkpt lat="50.9595593" lon="6.8620942">
      <time>2025-06-26T18:59:39Z</time>
    </trkpt>
    <trkpt lat="50.9595432" lon="6.8622080">
      <time>2025-06-26T18:59:41Z</time>
    </trkpt>
    <trkpt lat="50.9595327" lon="6.8623282">
      <time>2025-06-26T18:59:43Z</time>
    </trkpt>
    <trkpt lat="50.9595206" lon="6.8623728">
      <time>2025-06-26T18:59:44Z</time>
    </trkpt>
    <trkpt lat="50.9595131" lon="6.8624899">
      <time>2025-06-26T18:59:46Z</time>
    </trkpt>
    <trkpt lat="50.9595121" lon="6.8626124">
      <time>2025-06-26T18:59:48Z</time>
    </trkpt>
    <trkpt lat="50.9595205" lon="6.8627968">
      <time>2025-06-26T18:59:51Z</time>
    </trkpt>
    <trkpt lat="50.9595147" lon="6.8628653">
      <time>2025-06-26T18:59:52Z</time>
    </trkpt>
    <trkpt lat="50.9595152" lon="6.8629856">
      <time>2025-06-26T18:59:54Z</time>
    </trkpt>
    <trkpt lat="50.9595197" lon="6.8631023">
      <time>2025-06-26T18:59:56Z</time>
    </trkpt>
    <trkpt lat="50.9595480" lon="6.8634210">
      <time>2025-06-26T19:00:01Z</time>
    </trkpt>
    <trkpt lat="50.9595769" lon="6.8636016">
      <time>2025-06-26T19:00:04Z</time>
    </trkpt>
    <trkpt lat="50.9596103" lon="6.8638514">
      <time>2025-06-26T19:00:08Z</time>
    </trkpt>
    <trkpt lat="50.9596100" lon="6.8639113">
      <time>2025-06-26T19:00:09Z</time>
    </trkpt>
    <trkpt lat="50.9596172" lon="6.8641446">
      <time>2025-06-26T19:00:13Z</time>
    </trkpt>
    <trkpt lat="50.9596417" lon="6.8644364">
      <time>2025-06-26T19:00:18Z</time>
    </trkpt>
    <trkpt lat="50.9596509" lon="6.8646617">
      <time>2025-06-26T19:00:22Z</time>
    </trkpt>
    <trkpt lat="50.9596368" lon="6.8648181">
      <time>2025-06-26T19:00:25Z</time>
    </trkpt>
    <trkpt lat="50.9596019" lon="6.8650532">
      <time>2025-06-26T19:00:29Z</time>
    </trkpt>
    <trkpt lat="50.9595908" lon="6.8651102">
      <time>2025-06-26T19:00:30Z</time>
    </trkpt>
    <trkpt lat="50.9595452" lon="6.8653347">
      <time>2025-06-26T19:00:34Z</time>
    </trkpt>
    <trkpt lat="50.9594732" lon="6.8656217">
      <time>2025-06-26T19:00:39Z</time>
    </trkpt>
    <trkpt lat="50.9593733" lon="6.8659898">
      <time>2025-06-26T19:00:45Z</time>
    </trkpt>
    <trkpt lat="50.9593551" lon="6.8660577">
      <time>2025-06-26T19:00:46Z</time>
    </trkpt>
    <trkpt lat="50.9593348" lon="6.8661258">
      <time>2025-06-26T19:00:47Z</time>
    </trkpt>
    <trkpt lat="50.9592507" lon="6.8664081">
      <time>2025-06-26T19:00:51Z</time>
    </trkpt>
    <trkpt lat="50.9592089" lon="6.8665588">
      <time>2025-06-26T19:00:53Z</time>
    </trkpt>
    <trkpt lat="50.9590737" lon="6.8670288">
      <time>2025-06-26T19:00:59Z</time>
    </trkpt>
    <trkpt lat="50.9590500" lon="6.8671109">
      <time>2025-06-26T19:01:00Z</time>
    </trkpt>
    <trkpt lat="50.9589673" lon="6.8674525">
      <time>2025-06-26T19:01:04Z</time>
    </trkpt>
    <trkpt lat="50.9589320" lon="6.8676235">
      <time>2025-06-26T19:01:06Z</time>
    </trkpt>
    <trkpt lat="50.9588345" lon="6.8680139">
      <time>2025-06-26T19:01:11Z</time>
    </trkpt>
    <trkpt lat="50.9587424" lon="6.8681815">
      <time>2025-06-26T19:01:14Z</time>
    </trkpt>
    <trkpt lat="50.9587073" lon="6.8682190">
      <time>2025-06-26T19:01:15Z</time>
    </trkpt>
    <trkpt lat="50.9585762" lon="6.8683250">
      <time>2025-06-26T19:01:20Z</time>
    </trkpt>
    <trkpt lat="50.9584951" lon="6.8683458">
      <time>2025-06-26T19:01:25Z</time>
    </trkpt>
    <trkpt lat="50.9584978" lon="6.8683441">
      <time>2025-06-26T19:01:27Z</time>
    </trkpt>
    <trkpt lat="50.9584877" lon="6.8683487">
      <time>2025-06-26T19:01:28Z</time>
    </trkpt>
    <trkpt lat="50.9584790" lon="6.8683674">
      <time>2025-06-26T19:01:30Z</time>
    </trkpt>
    <trkpt lat="50.9584721" lon="6.8683589">
      <time>2025-06-26T19:01:34Z</time>
    </trkpt>
    <trkpt lat="50.9584772" lon="6.8683679">
      <time>2025-06-26T19:01:36Z</time>
    </trkpt>
    <trkpt lat="50.9584808" lon="6.8684351">
      <time>2025-06-26T19:01:39Z</time>
    </trkpt>
    <trkpt lat="50.9585181" lon="6.8686929">
      <time>2025-06-26T19:01:46Z</time>
    </trkpt>
    <trkpt lat="50.9585994" lon="6.8687206">
      <time>2025-06-26T19:01:51Z</time>
    </trkpt>
    <trkpt lat="50.9586793" lon="6.8688169">
      <time>2025-06-26T19:01:55Z</time>
    </trkpt>
    <trkpt lat="50.9586781" lon="6.8688594">
      <time>2025-06-26T19:01:56Z</time>
    </trkpt>
    <trkpt lat="50.9586412" lon="6.8690753">
      <time>2025-06-26T19:02:00Z</time>
    </trkpt>
    <trkpt lat="50.9585653" lon="6.8693589">
      <time>2025-06-26T19:02:06Z</time>
    </trkpt>
    <trkpt lat="50.9585117" lon="6.8696788">
      <time>2025-06-26T19:02:12Z</time>
    </trkpt>
    <trkpt lat="50.9584467" lon="6.8699303">
      <time>2025-06-26T19:02:16Z</time>
    </trkpt>
    <trkpt lat="50.9584223" lon="6.8700734">
      <time>2025-06-26T19:02:18Z</time>
    </trkpt>
    <trkpt lat="50.9583927" lon="6.8701975">
      <time>2025-06-26T19:02:20Z</time>
    </trkpt>
    <trkpt lat="50.9583388" lon="6.8705329">
      <time>2025-06-26T19:02:25Z</time>
    </trkpt>
    <trkpt lat="50.9582996" lon="6.8707266">
      <time>2025-06-26T19:02:28Z</time>
    </trkpt>
    <trkpt lat="50.9582829" lon="6.8707806">
      <time>2025-06-26T19:02:29Z</time>
    </trkpt>
    <trkpt lat="50.9582490" lon="6.8709091">
      <time>2025-06-26T19:02:31Z</time>
    </trkpt>
    <trkpt lat="50.9582214" lon="6.8710371">
      <time>2025-06-26T19:02:33Z</time>
    </trkpt>
    <trkpt lat="50.9581968" lon="6.8711541">
      <time>2025-06-26T19:02:35Z</time>
    </trkpt>
    <trkpt lat="50.9581855" lon="6.8712939">
      <time>2025-06-26T19:02:37Z</time>
    </trkpt>
    <trkpt lat="50.9581810" lon="6.8713542">
      <time>2025-06-26T19:02:38Z</time>
    </trkpt>
    <trkpt lat="50.9581715" lon="6.8714886">
      <time>2025-06-26T19:02:40Z</time>
    </trkpt>
    <trkpt lat="50.9581579" lon="6.8715575">
      <time>2025-06-26T19:02:41Z</time>
    </trkpt>
    <trkpt lat="50.9581477" lon="6.8716816">
      <time>2025-06-26T19:02:43Z</time>
    </trkpt>
    <trkpt lat="50.9581501" lon="6.8718667">
      <time>2025-06-26T19:02:46Z</time>
    </trkpt>
    <trkpt lat="50.9581255" lon="6.8720580">
      <time>2025-06-26T19:02:49Z</time>
    </trkpt>
    <trkpt lat="50.9581242" lon="6.8721197">
      <time>2025-06-26T19:02:50Z</time>
    </trkpt>
    <trkpt lat="50.9581180" lon="6.8722523">
      <time>2025-06-26T19:02:52Z</time>
    </trkpt>
    <trkpt lat="50.9581101" lon="6.8723850">
      <time>2025-06-26T19:02:54Z</time>
    </trkpt>
    <trkpt lat="50.9580981" lon="6.8726490">
      <time>2025-06-26T19:02:58Z</time>
    </trkpt>
    <trkpt lat="50.9580969" lon="6.8727195">
      <time>2025-06-26T19:02:59Z</time>
    </trkpt>
    <trkpt lat="50.9580722" lon="6.8729667">
      <time>2025-06-26T19:03:03Z</time>
    </trkpt>
    <trkpt lat="50.9580831" lon="6.8732034">
      <time>2025-06-26T19:03:07Z</time>
    </trkpt>
    <trkpt lat="50.9581459" lon="6.8732425">
      <time>2025-06-26T19:03:09Z</time>
    </trkpt>
    <trkpt lat="50.9581864" lon="6.8732339">
      <time>2025-06-26T19:03:10Z</time>
    </trkpt>
    <trkpt lat="50.9583022" lon="6.8732223">
      <time>2025-06-26T19:03:13Z</time>
    </trkpt>
    <trkpt lat="50.9583414" lon="6.8732298">
      <time>2025-06-26T19:03:14Z</time>
    </trkpt>
    <trkpt lat="50.9585297" lon="6.8732500">
      <time>2025-06-26T19:03:18Z</time>
    </trkpt>
    <trkpt lat="50.9585793" lon="6.8732434">
      <time>2025-06-26T19:03:19Z</time>
    </trkpt>
    <trkpt lat="50.9586599" lon="6.8732595">
      <time>2025-06-26T19:03:21Z</time>
    </trkpt>
    <trkpt lat="50.9587848" lon="6.8732654">
      <time>2025-06-26T19:03:24Z</time>
    </trkpt>
    <trkpt lat="50.9588272" lon="6.8732642">
      <time>2025-06-26T19:03:25Z</time>
    </trkpt>
    <trkpt lat="50.9589002" lon="6.8732598">
      <time>2025-06-26T19:03:27Z</time>
    </trkpt>
    <trkpt lat="50.9589765" lon="6.8732690">
      <time>2025-06-26T19:03:29Z</time>
    </trkpt>
    <trkpt lat="50.9591285" lon="6.8732909">
      <time>2025-06-26T19:03:33Z</time>
    </trkpt>
    <trkpt lat="50.9593147" lon="6.8732665">
      <time>2025-06-26T19:03:39Z</time>
    </trkpt>
    <trkpt lat="50.9594835" lon="6.8732052">
      <time>2025-06-26T19:03:44Z</time>
    </trkpt>
    <trkpt lat="50.9596241" lon="6.8731448">
      <time>2025-06-26T19:03:48Z</time>
    </trkpt>
    <trkpt lat="50.9597493" lon="6.8730766">
      <time>2025-06-26T19:03:52Z</time>
    </trkpt>
    <trkpt lat="50.9598349" lon="6.8730086">
      <time>2025-06-26T19:03:55Z</time>
    </trkpt>
    <trkpt lat="50.9599020" lon="6.8729588">
      <time>2025-06-26T19:03:57Z</time>
    </trkpt>
    <trkpt lat="50.9600655" lon="6.8728469">
      <time>2025-06-26T19:04:02Z</time>
    </trkpt>
    <trkpt lat="50.9602261" lon="6.8727913">
      <time>2025-06-26T19:04:06Z</time>
    </trkpt>
    <trkpt lat="50.9603809" lon="6.8727109">
      <time>2025-06-26T19:04:10Z</time>
    </trkpt>
    <trkpt lat="50.9604108" lon="6.8726776">
      <time>2025-06-26T19:04:11Z</time>
    </trkpt>
    <trkpt lat="50.9605162" lon="6.8726051">
      <time>2025-06-26T19:04:14Z</time>
    </trkpt>
    <trkpt lat="50.9605536" lon="6.8725767">
      <time>2025-06-26T19:04:15Z</time>
    </trkpt>
    <trkpt lat="50.9606224" lon="6.8725299">
      <time>2025-06-26T19:04:17Z</time>
    </trkpt>
    <trkpt lat="50.9607271" lon="6.8724565">
      <time>2025-06-26T19:04:20Z</time>
    </trkpt>
    <trkpt lat="50.9608366" lon="6.8723866">
      <time>2025-06-26T19:04:23Z</time>
    </trkpt>
    <trkpt lat="50.9609140" lon="6.8723440">
      <time>2025-06-26T19:04:25Z</time>
    </trkpt>
    <trkpt lat="50.9609946" lon="6.8723094">
      <time>2025-06-26T19:04:27Z</time>
    </trkpt>
    <trkpt lat="50.9611043" lon="6.8722539">
      <time>2025-06-26T19:04:30Z</time>
    </trkpt>
    <trkpt lat="50.9612532" lon="6.8721554">
      <time>2025-06-26T19:04:34Z</time>
    </trkpt>
    <trkpt lat="50.9613727" lon="6.8721239">
      <time>2025-06-26T19:04:37Z</time>
    </trkpt>
    <trkpt lat="50.9614084" lon="6.8721000">
      <time>2025-06-26T19:04:38Z</time>
    </trkpt>
    <trkpt lat="50.9615575" lon="6.8720429">
      <time>2025-06-26T19:04:42Z</time>
    </trkpt>
    <trkpt lat="50.9615931" lon="6.8720347">
      <time>2025-06-26T19:04:43Z</time>
    </trkpt>
    <trkpt lat="50.9617915" lon="6.8719468">
      <time>2025-06-26T19:04:49Z</time>
    </trkpt>
    <trkpt lat="50.9620108" lon="6.8718690">
      <time>2025-06-26T19:04:55Z</time>
    </trkpt>
    <trkpt lat="50.9621663" lon="6.8718306">
      <time>2025-06-26T19:04:59Z</time>
    </trkpt>
    <trkpt lat="50.9622693" lon="6.8718171">
      <time>2025-06-26T19:05:02Z</time>
    </trkpt>
    <trkpt lat="50.9624199" lon="6.8718320">
      <time>2025-06-26T19:05:06Z</time>
    </trkpt>
    <trkpt lat="50.9626070" lon="6.8718073">
      <time>2025-06-26T19:05:11Z</time>
    </trkpt>
    <trkpt lat="50.9626537" lon="6.8718088">
      <time>2025-06-26T19:05:12Z</time>
    </trkpt>
    <trkpt lat="50.9628183" lon="6.8718130">
      <time>2025-06-26T19:05:16Z</time>
    </trkpt>
    <trkpt lat="50.9629774" lon="6.8718125">
      <time>2025-06-26T19:05:20Z</time>
    </trkpt>
    <trkpt lat="50.9630570" lon="6.8718148">
      <time>2025-06-26T19:05:22Z</time>
    </trkpt>
    <trkpt lat="50.9630935" lon="6.8718246">
      <time>2025-06-26T19:05:23Z</time>
    </trkpt>
    <trkpt lat="50.9631903" lon="6.8718203">
      <time>2025-06-26T19:05:26Z</time>
    </trkpt>
    <trkpt lat="50.9632629" lon="6.8718117">
      <time>2025-06-26T19:05:28Z</time>
    </trkpt>
    <trkpt lat="50.9633540" lon="6.8718298">
      <time>2025-06-26T19:05:30Z</time>
    </trkpt>
    <trkpt lat="50.9633970" lon="6.8718389">
      <time>2025-06-26T19:05:31Z</time>
    </trkpt>
    <trkpt lat="50.9634632" lon="6.8718645">
      <time>2025-06-26T19:05:33Z</time>
    </trkpt>
    <trkpt lat="50.9634957" lon="6.8718782">
      <time>2025-06-26T19:05:34Z</time>
    </trkpt>
    <trkpt lat="50.9635355" lon="6.8718791">
      <time>2025-06-26T19:05:35Z</time>
    </trkpt>
    <trkpt lat="50.9636058" lon="6.8718894">
      <time>2025-06-26T19:05:37Z</time>
    </trkpt>
    <trkpt lat="50.9637126" lon="6.8719131">
      <time>2025-06-26T19:05:40Z</time>
    </trkpt>
    <trkpt lat="50.9637918" lon="6.8719229">
      <time>2025-06-26T19:05:42Z</time>
    </trkpt>
    <trkpt lat="50.9638692" lon="6.8719777">
      <time>2025-06-26T19:05:44Z</time>
    </trkpt>
    <trkpt lat="50.9638901" lon="6.8720262">
      <time>2025-06-26T19:05:45Z</time>
    </trkpt>
    <trkpt lat="50.9639187" lon="6.8722055">
      <time>2025-06-26T19:05:48Z</time>
    </trkpt>
    <trkpt lat="50.9639180" lon="6.8722600">
      <time>2025-06-26T19:05:49Z</time>
    </trkpt>
    <trkpt lat="50.9639224" lon="6.8723807">
      <time>2025-06-26T19:05:51Z</time>
    </trkpt>
    <trkpt lat="50.9639255" lon="6.8725074">
      <time>2025-06-26T19:05:53Z</time>
    </trkpt>
    <trkpt lat="50.9639038" lon="6.8727945">
      <time>2025-06-26T19:05:58Z</time>
    </trkpt>
    <trkpt lat="50.9639083" lon="6.8728554">
      <time>2025-06-26T19:05:59Z</time>
    </trkpt>
    <trkpt lat="50.9639048" lon="6.8729639">
      <time>2025-06-26T19:06:01Z</time>
    </trkpt>
    <trkpt lat="50.9639016" lon="6.8731256">
      <time>2025-06-26T19:06:04Z</time>
    </trkpt>
    <trkpt lat="50.9638878" lon="6.8731790">
      <time>2025-06-26T19:06:05Z</time>
    </trkpt>
    <trkpt lat="50.9638694" lon="6.8732994">
      <time>2025-06-26T19:06:07Z</time>
    </trkpt>
    <trkpt lat="50.9638314" lon="6.8733986">
      <time>2025-06-26T19:06:09Z</time>
    </trkpt>
    <trkpt lat="50.9637664" lon="6.8736683">
      <time>2025-06-26T19:06:14Z</time>
    </trkpt>
    <trkpt lat="50.9637226" lon="6.8738244">
      <time>2025-06-26T19:06:17Z</time>
    </trkpt>
    <trkpt lat="50.9637043" lon="6.8738837">
      <time>2025-06-26T19:06:18Z</time>
    </trkpt>
    <trkpt lat="50.9636746" lon="6.8740458">
      <time>2025-06-26T19:06:21Z</time>
    </trkpt>
    <trkpt lat="50.9636696" lon="6.8741029">
      <time>2025-06-26T19:06:22Z</time>
    </trkpt>
    <trkpt lat="50.9636420" lon="6.8743158">
      <time>2025-06-26T19:06:26Z</time>
    </trkpt>
    <trkpt lat="50.9635939" lon="6.8745474">
      <time>2025-06-26T19:06:30Z</time>
    </trkpt>
    <trkpt lat="50.9635290" lon="6.8747589">
      <time>2025-06-26T19:06:34Z</time>
    </trkpt>
    <trkpt lat="50.9635207" lon="6.8748184">
      <time>2025-06-26T19:06:35Z</time>
    </trkpt>
    <trkpt lat="50.9634882" lon="6.8749770">
      <time>2025-06-26T19:06:38Z</time>
    </trkpt>
    <trkpt lat="50.9634770" lon="6.8750283">
      <time>2025-06-26T19:06:39Z</time>
    </trkpt>
    <trkpt lat="50.9634011" lon="6.8753100">
      <time>2025-06-26T19:06:44Z</time>
    </trkpt>
    <trkpt lat="50.9633915" lon="6.8754569">
      <time>2025-06-26T19:06:47Z</time>
    </trkpt>
    <trkpt lat="50.9634059" lon="6.8755572">
      <time>2025-06-26T19:06:49Z</time>
    </trkpt>
    <trkpt lat="50.9633947" lon="6.8757155">
      <time>2025-06-26T19:06:53Z</time>
    </trkpt>
    <trkpt lat="50.9633932" lon="6.8757547">
      <time>2025-06-26T19:06:54Z</time>
    </trkpt>
    <trkpt lat="50.9633590" lon="6.8759271">
      <time>2025-06-26T19:07:00Z</time>
    </trkpt>
    <trkpt lat="50.9633998" lon="6.8759229">
      <time>2025-06-26T19:07:04Z</time>
    </trkpt>
    <trkpt lat="50.9634348" lon="6.8758834">
      <time>2025-06-26T19:07:09Z</time>
    </trkpt>
    <trkpt lat="50.9634555" lon="6.8758705">
      <time>2025-06-26T19:07:14Z</time>
    </trkpt>
    <trkpt lat="50.9634554" lon="6.8758869">
      <time>2025-06-26T19:07:18Z</time>
    </trkpt>
    <trkpt lat="50.9634340" lon="6.8760330">
      <time>2025-06-26T19:07:25Z</time>
    </trkpt>
    <trkpt lat="50.9634340" lon="6.8760330">
      <time>2025-06-26T19:07:31Z</time>
    </trkpt>
    <trkpt lat="50.9634340" lon="6.8760330">
      <time>2025-06-26T19:07:37Z</time>
    </trkpt>
    <trkpt lat="50.9634592" lon="6.8760267">
      <time>2025-06-26T19:07:46Z</time>
    </trkpt>
    <trkpt lat="50.9634460" lon="6.8759837">
      <time>2025-06-26T19:07:55Z</time>
    </trkpt>
    <trkpt lat="50.9634602" lon="6.8759165">
      <time>2025-06-26T19:07:56Z</time>
    </trkpt>
    <trkpt lat="50.9634519" lon="6.8758683">
      <time>2025-06-26T19:07:57Z</time>
    </trkpt>
    <trkpt lat="50.9634529" lon="6.8758549">
      <time>2025-06-26T19:07:58Z</time>
    </trkpt>
    <trkpt lat="50.9634522" lon="6.8758607">
      <time>2025-06-26T19:07:59Z</time>
    </trkpt>
    <trkpt lat="50.9634535" lon="6.8758419">
      <time>2025-06-26T19:08:01Z</time>
    </trkpt>
    <trkpt lat="50.9634641" lon="6.8758312">
      <time>2025-06-26T19:08:04Z</time>
    </trkpt>
    <trkpt lat="50.9634741" lon="6.8757994">
      <time>2025-06-26T19:08:05Z</time>
    </trkpt>
    <trkpt lat="50.9634731" lon="6.8757460">
      <time>2025-06-26T19:08:10Z</time>
    </trkpt>
    <trkpt lat="50.9634696" lon="6.8757470">
      <time>2025-06-26T19:08:11Z</time>
    </trkpt>
    <trkpt lat="50.9634826" lon="6.8757151">
      <time>2025-06-26T19:08:14Z</time>
    </trkpt>
    <trkpt lat="50.9634832" lon="6.8757258">
      <time>2025-06-26T19:08:17Z</time>
    </trkpt>
    <trkpt lat="50.9634834" lon="6.8757325">
      <time>2025-06-26T19:08:18Z</time>
    </trkpt>
    <trkpt lat="50.9634716" lon="6.8757043">
      <time>2025-06-26T19:08:29Z</time>
    </trkpt>
    <trkpt lat="50.9634501" lon="6.8757632">
      <time>2025-06-26T19:08:37Z</time>
    </trkpt>
    <trkpt lat="50.9634511" lon="6.8757732">
      <time>2025-06-26T19:08:38Z</time>
    </trkpt>
    <trkpt lat="50.9634622" lon="6.8758321">
      <time>2025-06-26T19:08:43Z</time>
    </trkpt>
    <trkpt lat="50.9634936" lon="6.8757547">
      <time>2025-06-26T19:08:47Z</time>
    </trkpt>
  </trkseg></trk>
</gpx>
