<?xml version="1.0" encoding="UTF-8"?>
<gpx version="1.1" creator="Diary FIT converter" xmlns="http://www.topografix.com/GPX/1/1">
  <trk><name>Cycling</name><trkseg>
    <trkpt lat="50.8984818" lon="7.0163357">
      <time>2025-04-04T14:37:45Z</time>
    </trkpt>
    <trkpt lat="50.8984044" lon="7.0162657">
      <time>2025-04-04T14:37:48Z</time>
    </trkpt>
    <trkpt lat="50.8983274" lon="7.0162078">
      <time>2025-04-04T14:37:50Z</time>
    </trkpt>
    <trkpt lat="50.8982898" lon="7.0161850">
      <time>2025-04-04T14:37:51Z</time>
    </trkpt>
    <trkpt lat="50.8982510" lon="7.0161662">
      <time>2025-04-04T14:37:52Z</time>
    </trkpt>
    <trkpt lat="50.8981290" lon="7.0160891">
      <time>2025-04-04T14:37:55Z</time>
    </trkpt>
    <trkpt lat="50.8980467" lon="7.0160247">
      <time>2025-04-04T14:37:57Z</time>
    </trkpt>
    <trkpt lat="50.8979632" lon="7.0159528">
      <time>2025-04-04T14:37:59Z</time>
    </trkpt>
    <trkpt lat="50.8976910" lon="7.0157040">
      <time>2025-04-04T14:38:06Z</time>
    </trkpt>
    <trkpt lat="50.8976123" lon="7.0156229">
      <time>2025-04-04T14:38:08Z</time>
    </trkpt>
    <trkpt lat="50.8974672" lon="7.0154799">
      <time>2025-04-04T14:38:12Z</time>
    </trkpt>
    <trkpt lat="50.8973979" lon="7.0154142">
      <time>2025-04-04T14:38:14Z</time>
    </trkpt>
    <trkpt lat="50.8972433" lon="7.0152981">
      <time>2025-04-04T14:38:18Z</time>
    </trkpt>
    <trkpt lat="50.8971606" lon="7.0152377">
      <time>2025-04-04T14:38:20Z</time>
    </trkpt>
    <trkpt lat="50.8970407" lon="7.0151509">
      <time>2025-04-04T14:38:23Z</time>
    </trkpt>
    <trkpt lat="50.8969897" lon="7.0150578">
      <time>2025-04-04T14:38:25Z</time>
    </trkpt>
    <trkpt lat="50.8969271" lon="7.0149489">
      <time>2025-04-04T14:38:27Z</time>
    </trkpt>
    <trkpt lat="50.8968446" lon="7.0148664">
      <time>2025-04-04T14:38:29Z</time>
    </trkpt>
    <trkpt lat="50.8967341" lon="7.0147546">
      <time>2025-04-04T14:38:32Z</time>
    </trkpt>
    <trkpt lat="50.8966174" lon="7.0146352">
      <time>2025-04-04T14:38:35Z</time>
    </trkpt>
    <trkpt lat="50.8965799" lon="7.0145987">
      <time>2025-04-04T14:38:36Z</time>
    </trkpt>
    <trkpt lat="50.8965416" lon="7.0145823">
      <time>2025-04-04T14:38:37Z</time>
    </trkpt>
    <trkpt lat="50.8964809" lon="7.0146060">
      <time>2025-04-04T14:38:39Z</time>
    </trkpt>
    <trkpt lat="50.8964575" lon="7.0146506">
      <time>2025-04-04T14:38:40Z</time>
    </trkpt>
    <trkpt lat="50.8963823" lon="7.0149029">
      <time>2025-04-04T14:38:44Z</time>
    </trkpt>
    <trkpt lat="50.8963657" lon="7.0149747">
      <time>2025-04-04T14:38:45Z</time>
    </trkpt>
    <trkpt lat="50.8963505" lon="7.0150530">
      <time>2025-04-04T14:38:46Z</time>
    </trkpt>
    <trkpt lat="50.8962946" lon="7.0154072">
      <time>2025-04-04T14:38:50Z</time>
    </trkpt>
    <trkpt lat="50.8962637" lon="7.0156918">
      <time>2025-04-04T14:38:53Z</time>
    </trkpt>
    <trkpt lat="50.8962375" lon="7.0159831">
      <time>2025-04-04T14:38:56Z</time>
    </trkpt>
    <trkpt lat="50.8962288" lon="7.0162544">
      <time>2025-04-04T14:38:59Z</time>
    </trkpt>
    <trkpt lat="50.8962371" lon="7.0165058">
      <time>2025-04-04T14:39:02Z</time>
    </trkpt>
    <trkpt lat="50.8962371" lon="7.0166640">
      <time>2025-04-04T14:39:04Z</time>
    </trkpt>
    <trkpt lat="50.8962346" lon="7.0167422">
      <time>2025-04-04T14:39:05Z</time>
    </trkpt>
    <trkpt lat="50.8962371" lon="7.0168908">
      <time>2025-04-04T14:39:07Z</time>
    </trkpt>
    <trkpt lat="50.8962396" lon="7.0170265">
      <time>2025-04-04T14:39:09Z</time>
    </trkpt>
    <trkpt lat="50.8962362" lon="7.0172067">
      <time>2025-04-04T14:39:12Z</time>
    </trkpt>
    <trkpt lat="50.8962536" lon="7.0174614">
      <time>2025-04-04T14:39:16Z</time>
    </trkpt>
    <trkpt lat="50.8962599" lon="7.0176659">
      <time>2025-04-04T14:39:19Z</time>
    </trkpt>
    <trkpt lat="50.8962635" lon="7.0177987">
      <time>2025-04-04T14:39:21Z</time>
    </trkpt>
    <trkpt lat="50.8962545" lon="7.0179120">
      <time>2025-04-04T14:39:23Z</time>
    </trkpt>
    <trkpt lat="50.8962487" lon="7.0180435">
      <time>2025-04-04T14:39:25Z</time>
    </trkpt>
    <trkpt lat="50.8962494" lon="7.0182610">
      <time>2025-04-04T14:39:28Z</time>
    </trkpt>
    <trkpt lat="50.8962485" lon="7.0183398">
      <time>2025-04-04T14:39:29Z</time>
    </trkpt>
    <trkpt lat="50.8962469" lon="7.0185634">
      <time>2025-04-04T14:39:32Z</time>
    </trkpt>
    <trkpt lat="50.8962427" lon="7.0190040">
      <time>2025-04-04T14:39:39Z</time>
    </trkpt>
    <trkpt lat="50.8962416" lon="7.0191279">
      <time>2025-04-04T14:39:41Z</time>
    </trkpt>
    <trkpt lat="50.8962406" lon="7.0193244">
      <time>2025-04-04T14:39:45Z</time>
    </trkpt>
    <trkpt lat="50.8962428" lon="7.0195201">
      <time>2025-04-04T14:39:50Z</time>
    </trkpt>
    <trkpt lat="50.8962428" lon="7.0195201">
      <time>2025-04-04T14:39:53Z</time>
    </trkpt>
    <trkpt lat="50.8962428" lon="7.0195201">
      <time>2025-04-04T14:40:00Z</time>
    </trkpt>
    <trkpt lat="50.8962428" lon="7.0195201">
      <time>2025-04-04T14:40:03Z</time>
    </trkpt>
    <trkpt lat="50.8962468" lon="7.0195344">
      <time>2025-04-04T14:40:06Z</time>
    </trkpt>
    <trkpt lat="50.8962497" lon="7.0195862">
      <time>2025-04-04T14:40:08Z</time>
    </trkpt>
    <trkpt lat="50.8962550" lon="7.0197879">
      <time>2025-04-04T14:40:12Z</time>
    </trkpt>
    <trkpt lat="50.8962646" lon="7.0201033">
      <time>2025-04-04T14:40:17Z</time>
    </trkpt>
    <trkpt lat="50.8962609" lon="7.0202360">
      <time>2025-04-04T14:40:19Z</time>
    </trkpt>
    <trkpt lat="50.8962729" lon="7.0204961">
      <time>2025-04-04T14:40:23Z</time>
    </trkpt>
    <trkpt lat="50.8962844" lon="7.0206280">
      <time>2025-04-04T14:40:25Z</time>
    </trkpt>
    <trkpt lat="50.8962878" lon="7.0207095">
      <time>2025-04-04T14:40:26Z</time>
    </trkpt>
    <trkpt lat="50.8962864" lon="7.0207880">
      <time>2025-04-04T14:40:27Z</time>
    </trkpt>
    <trkpt lat="50.8962895" lon="7.0210673">
      <time>2025-04-04T14:40:31Z</time>
    </trkpt>
    <trkpt lat="50.8963013" lon="7.0212458">
      <time>2025-04-04T14:40:34Z</time>
    </trkpt>
    <trkpt lat="50.8962986" lon="7.0213877">
      <time>2025-04-04T14:40:36Z</time>
    </trkpt>
    <trkpt lat="50.8963044" lon="7.0215444">
      <time>2025-04-04T14:40:38Z</time>
    </trkpt>
    <trkpt lat="50.8963054" lon="7.0216946">
      <time>2025-04-04T14:40:40Z</time>
    </trkpt>
    <trkpt lat="50.8963056" lon="7.0217625">
      <time>2025-04-04T14:40:41Z</time>
    </trkpt>
    <trkpt lat="50.8963127" lon="7.0221185">
      <time>2025-04-04T14:40:45Z</time>
    </trkpt>
    <trkpt lat="50.8963255" lon="7.0223932">
      <time>2025-04-04T14:40:48Z</time>
    </trkpt>
    <trkpt lat="50.8963286" lon="7.0229308">
      <time>2025-04-04T14:40:54Z</time>
    </trkpt>
    <trkpt lat="50.8963520" lon="7.0234882">
      <time>2025-04-04T14:41:00Z</time>
    </trkpt>
    <trkpt lat="50.8963927" lon="7.0238945">
      <time>2025-04-04T14:41:05Z</time>
    </trkpt>
    <trkpt lat="50.8963945" lon="7.0239301">
      <time>2025-04-04T14:41:06Z</time>
    </trkpt>
    <trkpt lat="50.8963960" lon="7.0239821">
      <time>2025-04-04T14:41:08Z</time>
    </trkpt>
    <trkpt lat="50.8963969" lon="7.0239747">
      <time>2025-04-04T14:41:09Z</time>
    </trkpt>
    <trkpt lat="50.8964106" lon="7.0239417">
      <time>2025-04-04T14:41:11Z</time>
    </trkpt>
    <trkpt lat="50.8964049" lon="7.0238490">
      <time>2025-04-04T14:41:14Z</time>
    </trkpt>
    <trkpt lat="50.8963936" lon="7.0236604">
      <time>2025-04-04T14:41:19Z</time>
    </trkpt>
    <trkpt lat="50.8963727" lon="7.0234863">
      <time>2025-04-04T14:41:24Z</time>
    </trkpt>
    <trkpt lat="50.8963717" lon="7.0234738">
      <time>2025-04-04T14:41:27Z</time>
    </trkpt>
    <trkpt lat="50.8963717" lon="7.0234738">
      <time>2025-04-04T14:41:38Z</time>
    </trkpt>
    <trkpt lat="50.8963717" lon="7.0234738">
      <time>2025-04-04T14:41:53Z</time>
    </trkpt>
    <trkpt lat="50.8963717" lon="7.0234738">
      <time>2025-04-04T14:42:01Z</time>
    </trkpt>
    <trkpt lat="50.8963732" lon="7.0234813">
      <time>2025-04-04T14:42:06Z</time>
    </trkpt>
    <trkpt lat="50.8963732" lon="7.0234813">
      <time>2025-04-04T14:42:09Z</time>
    </trkpt>
    <trkpt lat="50.8963732" lon="7.0234813">
      <time>2025-04-04T14:42:19Z</time>
    </trkpt>
    <trkpt lat="50.8963732" lon="7.0234813">
      <time>2025-04-04T14:42:21Z</time>
    </trkpt>
    <trkpt lat="50.8963732" lon="7.0234813">
      <time>2025-04-04T14:42:23Z</time>
    </trkpt>
    <trkpt lat="50.8963732" lon="7.0234813">
      <time>2025-04-04T14:42:28Z</time>
    </trkpt>
    <trkpt lat="50.8963732" lon="7.0234813">
      <time>2025-04-04T14:42:30Z</time>
    </trkpt>
    <trkpt lat="50.8963732" lon="7.0234813">
      <time>2025-04-04T14:42:36Z</time>
    </trkpt>
    <trkpt lat="50.8963732" lon="7.0234813">
      <time>2025-04-04T14:42:38Z</time>
    </trkpt>
    <trkpt lat="50.8963799" lon="7.0234781">
      <time>2025-04-04T14:42:46Z</time>
    </trkpt>
    <trkpt lat="50.8963799" lon="7.0234781">
      <time>2025-04-04T14:42:51Z</time>
    </trkpt>
    <trkpt lat="50.8963771" lon="7.0234718">
      <time>2025-04-04T14:42:52Z</time>
    </trkpt>
    <trkpt lat="50.8963761" lon="7.0234563">
      <time>2025-04-04T14:42:57Z</time>
    </trkpt>
    <trkpt lat="50.8963761" lon="7.0234563">
      <time>2025-04-04T14:43:07Z</time>
    </trkpt>
    <trkpt lat="50.8963761" lon="7.0234563">
      <time>2025-04-04T14:43:09Z</time>
    </trkpt>
    <trkpt lat="50.8963761" lon="7.0234563">
      <time>2025-04-04T14:43:12Z</time>
    </trkpt>
    <trkpt lat="50.8963761" lon="7.0234563">
      <time>2025-04-04T14:43:15Z</time>
    </trkpt>
    <trkpt lat="50.8963761" lon="7.0234563">
      <time>2025-04-04T14:43:27Z</time>
    </trkpt>
    <trkpt lat="50.8963761" lon="7.0234563">
      <time>2025-04-04T14:43:38Z</time>
    </trkpt>
    <trkpt lat="50.8963761" lon="7.0234563">
      <time>2025-04-04T14:43:45Z</time>
    </trkpt>
    <trkpt lat="50.8963761" lon="7.0234563">
      <time>2025-04-04T14:43:56Z</time>
    </trkpt>
    <trkpt lat="50.8963761" lon="7.0234563">
      <time>2025-04-04T14:44:01Z</time>
    </trkpt>
    <trkpt lat="50.8963761" lon="7.0234563">
      <time>2025-04-04T14:44:03Z</time>
    </trkpt>
    <trkpt lat="50.8963761" lon="7.0234563">
      <time>2025-04-04T14:44:06Z</time>
    </trkpt>
    <trkpt lat="50.8963761" lon="7.0234563">
      <time>2025-04-04T14:44:14Z</time>
    </trkpt>
    <trkpt lat="50.8963761" lon="7.0234563">
      <time>2025-04-04T14:44:19Z</time>
    </trkpt>
    <trkpt lat="50.8963761" lon="7.0234563">
      <time>2025-04-04T14:44:23Z</time>
    </trkpt>
    <trkpt lat="50.8963761" lon="7.0234563">
      <time>2025-04-04T14:44:31Z</time>
    </trkpt>
    <trkpt lat="50.8963761" lon="7.0234563">
      <time>2025-04-04T14:44:34Z</time>
    </trkpt>
    <trkpt lat="50.8963761" lon="7.0234563">
      <time>2025-04-04T14:44:37Z</time>
    </trkpt>
    <trkpt lat="50.8963761" lon="7.0234563">
      <time>2025-04-04T14:44:41Z</time>
    </trkpt>
    <trkpt lat="50.8963735" lon="7.0234528">
      <time>2025-04-04T14:44:53Z</time>
    </trkpt>
    <trkpt lat="50.8963735" lon="7.0234528">
      <time>2025-04-04T14:45:09Z</time>
    </trkpt>
    <trkpt lat="50.8963735" lon="7.0234528">
      <time>2025-04-04T14:45:11Z</time>
    </trkpt>
    <trkpt lat="50.8963735" lon="7.0234528">
      <time>2025-04-04T14:45:18Z</time>
    </trkpt>
    <trkpt lat="50.8963735" lon="7.0234528">
      <time>2025-04-04T14:45:23Z</time>
    </trkpt>
    <trkpt lat="50.8963735" lon="7.0234528">
      <time>2025-04-04T14:45:26Z</time>
    </trkpt>
    <trkpt lat="50.8963735" lon="7.0234528">
      <time>2025-04-04T14:45:36Z</time>
    </trkpt>
    <trkpt lat="50.8963735" lon="7.0234528">
      <time>2025-04-04T14:45:48Z</time>
    </trkpt>
    <trkpt lat="50.8963735" lon="7.0234528">
      <time>2025-04-04T14:45:57Z</time>
    </trkpt>
    <trkpt lat="50.8963735" lon="7.0234528">
      <time>2025-04-04T14:46:01Z</time>
    </trkpt>
    <trkpt lat="50.8963735" lon="7.0234528">
      <time>2025-04-04T14:46:07Z</time>
    </trkpt>
    <trkpt lat="50.8963735" lon="7.0234528">
      <time>2025-04-04T14:46:15Z</time>
    </trkpt>
    <trkpt lat="50.8963735" lon="7.0234528">
      <time>2025-04-04T14:46:17Z</time>
    </trkpt>
    <trkpt lat="50.8963735" lon="7.0234528">
      <time>2025-04-04T14:46:31Z</time>
    </trkpt>
    <trkpt lat="50.8963735" lon="7.0234528">
      <time>2025-04-04T14:46:33Z</time>
    </trkpt>
    <trkpt lat="50.8963735" lon="7.0234528">
      <time>2025-04-04T14:46:35Z</time>
    </trkpt>
    <trkpt lat="50.8963735" lon="7.0234528">
      <time>2025-04-04T14:46:42Z</time>
    </trkpt>
    <trkpt lat="50.8963735" lon="7.0234528">
      <time>2025-04-04T14:46:45Z</time>
    </trkpt>
    <trkpt lat="50.8963735" lon="7.0234528">
      <time>2025-04-04T14:46:47Z</time>
    </trkpt>
    <trkpt lat="50.8963735" lon="7.0234528">
      <time>2025-04-04T14:46:58Z</time>
    </trkpt>
    <trkpt lat="50.8963735" lon="7.0234528">
      <time>2025-04-04T14:47:02Z</time>
    </trkpt>
    <trkpt lat="50.8963735" lon="7.0234528">
      <time>2025-04-04T14:47:06Z</time>
    </trkpt>
    <trkpt lat="50.8963735" lon="7.0234528">
      <time>2025-04-04T14:47:09Z</time>
    </trkpt>
    <trkpt lat="50.8963726" lon="7.0234594">
      <time>2025-04-04T14:47:23Z</time>
    </trkpt>
    <trkpt lat="50.8963726" lon="7.0234594">
      <time>2025-04-04T14:47:24Z</time>
    </trkpt>
    <trkpt lat="50.8963726" lon="7.0234594">
      <time>2025-04-04T14:47:42Z</time>
    </trkpt>
    <trkpt lat="50.8963726" lon="7.0234594">
      <time>2025-04-04T14:47:43Z</time>
    </trkpt>
    <trkpt lat="50.8963726" lon="7.0234594">
      <time>2025-04-04T14:47:55Z</time>
    </trkpt>
    <trkpt lat="50.8963726" lon="7.0234594">
      <time>2025-04-04T14:47:58Z</time>
    </trkpt>
    <trkpt lat="50.8963726" lon="7.0234594">
      <time>2025-04-04T14:48:01Z</time>
    </trkpt>
    <trkpt lat="50.8963726" lon="7.0234594">
      <time>2025-04-04T14:48:20Z</time>
    </trkpt>
    <trkpt lat="50.8963726" lon="7.0234594">
      <time>2025-04-04T14:48:34Z</time>
    </trkpt>
    <trkpt lat="50.8963726" lon="7.0234594">
      <time>2025-04-04T14:48:40Z</time>
    </trkpt>
    <trkpt lat="50.8963726" lon="7.0234594">
      <time>2025-04-04T14:48:54Z</time>
    </trkpt>
    <trkpt lat="50.8963726" lon="7.0234594">
      <time>2025-04-04T14:49:01Z</time>
    </trkpt>
    <trkpt lat="50.8963726" lon="7.0234594">
      <time>2025-04-04T14:49:12Z</time>
    </trkpt>
    <trkpt lat="50.8963680" lon="7.0234645">
      <time>2025-04-04T14:49:19Z</time>
    </trkpt>
    <trkpt lat="50.8963699" lon="7.0234674">
      <time>2025-04-04T14:49:25Z</time>
    </trkpt>
    <trkpt lat="50.8963699" lon="7.0234674">
      <time>2025-04-04T14:49:29Z</time>
    </trkpt>
    <trkpt lat="50.8963699" lon="7.0234674">
      <time>2025-04-04T14:49:32Z</time>
    </trkpt>
    <trkpt lat="50.8963681" lon="7.0234684">
      <time>2025-04-04T14:49:35Z</time>
    </trkpt>
    <trkpt lat="50.8963665" lon="7.0234717">
      <time>2025-04-04T14:49:38Z</time>
    </trkpt>
    <trkpt lat="50.8963665" lon="7.0234717">
      <time>2025-04-04T14:49:41Z</time>
    </trkpt>
    <trkpt lat="50.8963665" lon="7.0234717">
      <time>2025-04-04T14:49:49Z</time>
    </trkpt>
    <trkpt lat="50.8963668" lon="7.0234735">
      <time>2025-04-04T14:49:57Z</time>
    </trkpt>
    <trkpt lat="50.8963680" lon="7.0234770">
      <time>2025-04-04T14:49:58Z</time>
    </trkpt>
    <trkpt lat="50.8963750" lon="7.0235218">
      <time>2025-04-04T14:50:02Z</time>
    </trkpt>
    <trkpt lat="50.8963742" lon="7.0235971">
      <time>2025-04-04T14:50:04Z</time>
    </trkpt>
    <trkpt lat="50.8963708" lon="7.0238402">
      <time>2025-04-04T14:50:08Z</time>
    </trkpt>
    <trkpt lat="50.8963866" lon="7.0244807">
      <time>2025-04-04T14:50:17Z</time>
    </trkpt>
    <trkpt lat="50.8963936" lon="7.0247097">
      <time>2025-04-04T14:50:20Z</time>
    </trkpt>
    <trkpt lat="50.8964123" lon="7.0249412">
      <time>2025-04-04T14:50:23Z</time>
    </trkpt>
    <trkpt lat="50.8964180" lon="7.0251895">
      <time>2025-04-04T14:50:26Z</time>
    </trkpt>
    <trkpt lat="50.8964209" lon="7.0253436">
      <time>2025-04-04T14:50:28Z</time>
    </trkpt>
    <trkpt lat="50.8964208" lon="7.0256697">
      <time>2025-04-04T14:50:32Z</time>
    </trkpt>
    <trkpt lat="50.8964276" lon="7.0259059">
      <time>2025-04-04T14:50:35Z</time>
    </trkpt>
    <trkpt lat="50.8964307" lon="7.0260619">
      <time>2025-04-04T14:50:37Z</time>
    </trkpt>
    <trkpt lat="50.8964379" lon="7.0262947">
      <time>2025-04-04T14:50:40Z</time>
    </trkpt>
    <trkpt lat="50.8964394" lon="7.0263731">
      <time>2025-04-04T14:50:41Z</time>
    </trkpt>
    <trkpt lat="50.8964411" lon="7.0265287">
      <time>2025-04-04T14:50:43Z</time>
    </trkpt>
    <trkpt lat="50.8964528" lon="7.0268988">
      <time>2025-04-04T14:50:48Z</time>
    </trkpt>
    <trkpt lat="50.8964604" lon="7.0271885">
      <time>2025-04-04T14:50:52Z</time>
    </trkpt>
    <trkpt lat="50.8964702" lon="7.0273373">
      <time>2025-04-04T14:50:54Z</time>
    </trkpt>
    <trkpt lat="50.8964753" lon="7.0274779">
      <time>2025-04-04T14:50:56Z</time>
    </trkpt>
    <trkpt lat="50.8964826" lon="7.0276099">
      <time>2025-04-04T14:50:58Z</time>
    </trkpt>
    <trkpt lat="50.8964706" lon="7.0281900">
      <time>2025-04-04T14:51:06Z</time>
    </trkpt>
    <trkpt lat="50.8964594" lon="7.0283378">
      <time>2025-04-04T14:51:08Z</time>
    </trkpt>
    <trkpt lat="50.8964495" lon="7.0288708">
      <time>2025-04-04T14:51:15Z</time>
    </trkpt>
    <trkpt lat="50.8964358" lon="7.0295333">
      <time>2025-04-04T14:51:24Z</time>
    </trkpt>
    <trkpt lat="50.8964168" lon="7.0303624">
      <time>2025-04-04T14:51:35Z</time>
    </trkpt>
    <trkpt lat="50.8964069" lon="7.0308884">
      <time>2025-04-04T14:51:42Z</time>
    </trkpt>
    <trkpt lat="50.8963407" lon="7.0316596">
      <time>2025-04-04T14:51:51Z</time>
    </trkpt>
    <trkpt lat="50.8963233" lon="7.0317515">
      <time>2025-04-04T14:51:52Z</time>
    </trkpt>
    <trkpt lat="50.8962805" lon="7.0321878">
      <time>2025-04-04T14:51:57Z</time>
    </trkpt>
    <trkpt lat="50.8962721" lon="7.0322759">
      <time>2025-04-04T14:51:58Z</time>
    </trkpt>
    <trkpt lat="50.8962626" lon="7.0323603">
      <time>2025-04-04T14:51:59Z</time>
    </trkpt>
    <trkpt lat="50.8962122" lon="7.0328564">
      <time>2025-04-04T14:52:05Z</time>
    </trkpt>
    <trkpt lat="50.8961449" lon="7.0335230">
      <time>2025-04-04T14:52:13Z</time>
    </trkpt>
    <trkpt lat="50.8960847" lon="7.0341775">
      <time>2025-04-04T14:52:21Z</time>
    </trkpt>
    <trkpt lat="50.8960743" lon="7.0342573">
      <time>2025-04-04T14:52:22Z</time>
    </trkpt>
    <trkpt lat="50.8960441" lon="7.0345023">
      <time>2025-04-04T14:52:25Z</time>
    </trkpt>
    <trkpt lat="50.8960267" lon="7.0346678">
      <time>2025-04-04T14:52:27Z</time>
    </trkpt>
    <trkpt lat="50.8959566" lon="7.0353203">
      <time>2025-04-04T14:52:35Z</time>
    </trkpt>
    <trkpt lat="50.8959279" lon="7.0355575">
      <time>2025-04-04T14:52:38Z</time>
    </trkpt>
    <trkpt lat="50.8958422" lon="7.0361906">
      <time>2025-04-04T14:52:46Z</time>
    </trkpt>
    <trkpt lat="50.8957710" lon="7.0366770">
      <time>2025-04-04T14:52:52Z</time>
    </trkpt>
    <trkpt lat="50.8957544" lon="7.0368401">
      <time>2025-04-04T14:52:54Z</time>
    </trkpt>
    <trkpt lat="50.8956494" lon="7.0376069">
      <time>2025-04-04T14:53:04Z</time>
    </trkpt>
    <trkpt lat="50.8955614" lon="7.0381435">
      <time>2025-04-04T14:53:11Z</time>
    </trkpt>
    <trkpt lat="50.8955229" lon="7.0383623">
      <time>2025-04-04T14:53:14Z</time>
    </trkpt>
    <trkpt lat="50.8954373" lon="7.0388047">
      <time>2025-04-04T14:53:20Z</time>
    </trkpt>
    <trkpt lat="50.8953803" lon="7.0391098">
      <time>2025-04-04T14:53:24Z</time>
    </trkpt>
    <trkpt lat="50.8953637" lon="7.0391841">
      <time>2025-04-04T14:53:25Z</time>
    </trkpt>
    <trkpt lat="50.8953179" lon="7.0393991">
      <time>2025-04-04T14:53:28Z</time>
    </trkpt>
    <trkpt lat="50.8953018" lon="7.0394735">
      <time>2025-04-04T14:53:29Z</time>
    </trkpt>
    <trkpt lat="50.8952439" lon="7.0397736">
      <time>2025-04-04T14:53:33Z</time>
    </trkpt>
    <trkpt lat="50.8951767" lon="7.0400834">
      <time>2025-04-04T14:53:37Z</time>
    </trkpt>
    <trkpt lat="50.8950933" lon="7.0403900">
      <time>2025-04-04T14:53:41Z</time>
    </trkpt>
    <trkpt lat="50.8950199" lon="7.0406967">
      <time>2025-04-04T14:53:45Z</time>
    </trkpt>
    <trkpt lat="50.8948862" lon="7.0412234">
      <time>2025-04-04T14:53:52Z</time>
    </trkpt>
    <trkpt lat="50.8946846" lon="7.0420487">
      <time>2025-04-04T14:54:03Z</time>
    </trkpt>
    <trkpt lat="50.8944924" lon="7.0427065">
      <time>2025-04-04T14:54:12Z</time>
    </trkpt>
    <trkpt lat="50.8943594" lon="7.0431896">
      <time>2025-04-04T14:54:19Z</time>
    </trkpt>
    <trkpt lat="50.8942854" lon="7.0434059">
      <time>2025-04-04T14:54:22Z</time>
    </trkpt>
    <trkpt lat="50.8942414" lon="7.0435390">
      <time>2025-04-04T14:54:24Z</time>
    </trkpt>
    <trkpt lat="50.8941914" lon="7.0436625">
      <time>2025-04-04T14:54:26Z</time>
    </trkpt>
    <trkpt lat="50.8940805" lon="7.0439614">
      <time>2025-04-04T14:54:30Z</time>
    </trkpt>
    <trkpt lat="50.8940509" lon="7.0440353">
      <time>2025-04-04T14:54:31Z</time>
    </trkpt>
    <trkpt lat="50.8938904" lon="7.0444734">
      <time>2025-04-04T14:54:37Z</time>
    </trkpt>
    <trkpt lat="50.8938585" lon="7.0445465">
      <time>2025-04-04T14:54:38Z</time>
    </trkpt>
    <trkpt lat="50.8937477" lon="7.0448237">
      <time>2025-04-04T14:54:42Z</time>
    </trkpt>
    <trkpt lat="50.8936448" lon="7.0450994">
      <time>2025-04-04T14:54:46Z</time>
    </trkpt>
    <trkpt lat="50.8935981" lon="7.0452190">
      <time>2025-04-04T14:54:48Z</time>
    </trkpt>
    <trkpt lat="50.8934778" lon="7.0454959">
      <time>2025-04-04T14:54:52Z</time>
    </trkpt>
    <trkpt lat="50.8934268" lon="7.0456297">
      <time>2025-04-04T14:54:54Z</time>
    </trkpt>
    <trkpt lat="50.8932467" lon="7.0460598">
      <time>2025-04-04T14:55:01Z</time>
    </trkpt>
    <trkpt lat="50.8932104" lon="7.0461258">
      <time>2025-04-04T14:55:02Z</time>
    </trkpt>
    <trkpt lat="50.8931000" lon="7.0463685">
      <time>2025-04-04T14:55:06Z</time>
    </trkpt>
    <trkpt lat="50.8930431" lon="7.0464957">
      <time>2025-04-04T14:55:08Z</time>
    </trkpt>
    <trkpt lat="50.8928866" lon="7.0467832">
      <time>2025-04-04T14:55:13Z</time>
    </trkpt>
    <trkpt lat="50.8927568" lon="7.0470435">
      <time>2025-04-04T14:55:17Z</time>
    </trkpt>
    <trkpt lat="50.8926303" lon="7.0472554">
      <time>2025-04-04T14:55:21Z</time>
    </trkpt>
    <trkpt lat="50.8923704" lon="7.0477126">
      <time>2025-04-04T14:55:29Z</time>
    </trkpt>
    <trkpt lat="50.8920693" lon="7.0482197">
      <time>2025-04-04T14:55:38Z</time>
    </trkpt>
    <trkpt lat="50.8920126" lon="7.0483277">
      <time>2025-04-04T14:55:40Z</time>
    </trkpt>
    <trkpt lat="50.8918454" lon="7.0485777">
      <time>2025-04-04T14:55:45Z</time>
    </trkpt>
    <trkpt lat="50.8917775" lon="7.0486680">
      <time>2025-04-04T14:55:47Z</time>
    </trkpt>
    <trkpt lat="50.8915890" lon="7.0488701">
      <time>2025-04-04T14:55:52Z</time>
    </trkpt>
    <trkpt lat="50.8915021" lon="7.0489543">
      <time>2025-04-04T14:55:54Z</time>
    </trkpt>
    <trkpt lat="50.8914718" lon="7.0489956">
      <time>2025-04-04T14:55:55Z</time>
    </trkpt>
    <trkpt lat="50.8914314" lon="7.0490470">
      <time>2025-04-04T14:55:56Z</time>
    </trkpt>
    <trkpt lat="50.8913934" lon="7.0490984">
      <time>2025-04-04T14:55:57Z</time>
    </trkpt>
    <trkpt lat="50.8913513" lon="7.0491491">
      <time>2025-04-04T14:55:58Z</time>
    </trkpt>
    <trkpt lat="50.8912652" lon="7.0492487">
      <time>2025-04-04T14:56:00Z</time>
    </trkpt>
    <trkpt lat="50.8911377" lon="7.0493895">
      <time>2025-04-04T14:56:03Z</time>
    </trkpt>
    <trkpt lat="50.8910484" lon="7.0494751">
      <time>2025-04-04T14:56:05Z</time>
    </trkpt>
    <trkpt lat="50.8910058" lon="7.0495191">
      <time>2025-04-04T14:56:06Z</time>
    </trkpt>
    <trkpt lat="50.8908678" lon="7.0497286">
      <time>2025-04-04T14:56:10Z</time>
    </trkpt>
    <trkpt lat="50.8907305" lon="7.0499260">
      <time>2025-04-04T14:56:14Z</time>
    </trkpt>
    <trkpt lat="50.8906179" lon="7.0500768">
      <time>2025-04-04T14:56:17Z</time>
    </trkpt>
    <trkpt lat="50.8905811" lon="7.0501311">
      <time>2025-04-04T14:56:18Z</time>
    </trkpt>
    <trkpt lat="50.8904688" lon="7.0502876">
      <time>2025-04-04T14:56:21Z</time>
    </trkpt>
    <trkpt lat="50.8904301" lon="7.0503348">
      <time>2025-04-04T14:56:22Z</time>
    </trkpt>
    <trkpt lat="50.8903991" lon="7.0503899">
      <time>2025-04-04T14:56:23Z</time>
    </trkpt>
    <trkpt lat="50.8903311" lon="7.0504943">
      <time>2025-04-04T14:56:25Z</time>
    </trkpt>
    <trkpt lat="50.8903012" lon="7.0505430">
      <time>2025-04-04T14:56:26Z</time>
    </trkpt>
    <trkpt lat="50.8899918" lon="7.0509171">
      <time>2025-04-04T14:56:33Z</time>
    </trkpt>
    <trkpt lat="50.8897060" lon="7.0511853">
      <time>2025-04-04T14:56:39Z</time>
    </trkpt>
    <trkpt lat="50.8896174" lon="7.0512798">
      <time>2025-04-04T14:56:41Z</time>
    </trkpt>
    <trkpt lat="50.8894453" lon="7.0514528">
      <time>2025-04-04T14:56:45Z</time>
    </trkpt>
    <trkpt lat="50.8892860" lon="7.0516309">
      <time>2025-04-04T14:56:49Z</time>
    </trkpt>
    <trkpt lat="50.8891840" lon="7.0517797">
      <time>2025-04-04T14:56:52Z</time>
    </trkpt>
    <trkpt lat="50.8891506" lon="7.0518282">
      <time>2025-04-04T14:56:53Z</time>
    </trkpt>
    <trkpt lat="50.8890771" lon="7.0518978">
      <time>2025-04-04T14:56:55Z</time>
    </trkpt>
    <trkpt lat="50.8890299" lon="7.0519254">
      <time>2025-04-04T14:56:56Z</time>
    </trkpt>
    <trkpt lat="50.8889851" lon="7.0519505">
      <time>2025-04-04T14:56:57Z</time>
    </trkpt>
    <trkpt lat="50.8888059" lon="7.0521131">
      <time>2025-04-04T14:57:01Z</time>
    </trkpt>
    <trkpt lat="50.8887693" lon="7.0521676">
      <time>2025-04-04T14:57:02Z</time>
    </trkpt>
    <trkpt lat="50.8886733" lon="7.0522482">
      <time>2025-04-04T14:57:04Z</time>
    </trkpt>
    <trkpt lat="50.8886225" lon="7.0522750">
      <time>2025-04-04T14:57:05Z</time>
    </trkpt>
    <trkpt lat="50.8884295" lon="7.0523932">
      <time>2025-04-04T14:57:09Z</time>
    </trkpt>
    <trkpt lat="50.8882815" lon="7.0524885">
      <time>2025-04-04T14:57:12Z</time>
    </trkpt>
    <trkpt lat="50.8878515" lon="7.0527641">
      <time>2025-04-04T14:57:21Z</time>
    </trkpt>
    <trkpt lat="50.8874947" lon="7.0529593">
      <time>2025-04-04T14:57:29Z</time>
    </trkpt>
    <trkpt lat="50.8871880" lon="7.0531483">
      <time>2025-04-04T14:57:36Z</time>
    </trkpt>
    <trkpt lat="50.8871109" lon="7.0532574">
      <time>2025-04-04T14:57:39Z</time>
    </trkpt>
    <trkpt lat="50.8869400" lon="7.0533357">
      <time>2025-04-04T14:57:43Z</time>
    </trkpt>
    <trkpt lat="50.8866568" lon="7.0534428">
      <time>2025-04-04T14:57:49Z</time>
    </trkpt>
    <trkpt lat="50.8866136" lon="7.0534668">
      <time>2025-04-04T14:57:50Z</time>
    </trkpt>
    <trkpt lat="50.8861983" lon="7.0536527">
      <time>2025-04-04T14:57:59Z</time>
    </trkpt>
    <trkpt lat="50.8859706" lon="7.0537614">
      <time>2025-04-04T14:58:04Z</time>
    </trkpt>
    <trkpt lat="50.8858907" lon="7.0537867">
      <time>2025-04-04T14:58:06Z</time>
    </trkpt>
    <trkpt lat="50.8855251" lon="7.0539085">
      <time>2025-04-04T14:58:14Z</time>
    </trkpt>
    <trkpt lat="50.8854848" lon="7.0539188">
      <time>2025-04-04T14:58:15Z</time>
    </trkpt>
    <trkpt lat="50.8851224" lon="7.0539738">
      <time>2025-04-04T14:58:23Z</time>
    </trkpt>
    <trkpt lat="50.8847116" lon="7.0540568">
      <time>2025-04-04T14:58:32Z</time>
    </trkpt>
    <trkpt lat="50.8844378" lon="7.0540872">
      <time>2025-04-04T14:58:38Z</time>
    </trkpt>
    <trkpt lat="50.8843488" lon="7.0540986">
      <time>2025-04-04T14:58:40Z</time>
    </trkpt>
    <trkpt lat="50.8842552" lon="7.0541139">
      <time>2025-04-04T14:58:42Z</time>
    </trkpt>
    <trkpt lat="50.8841169" lon="7.0541399">
      <time>2025-04-04T14:58:45Z</time>
    </trkpt>
    <trkpt lat="50.8839887" lon="7.0541717">
      <time>2025-04-04T14:58:48Z</time>
    </trkpt>
    <trkpt lat="50.8839483" lon="7.0541811">
      <time>2025-04-04T14:58:49Z</time>
    </trkpt>
    <trkpt lat="50.8836267" lon="7.0542191">
      <time>2025-04-04T14:58:56Z</time>
    </trkpt>
    <trkpt lat="50.8834842" lon="7.0542417">
      <time>2025-04-04T14:58:59Z</time>
    </trkpt>
    <trkpt lat="50.8833657" lon="7.0542732">
      <time>2025-04-04T14:59:02Z</time>
    </trkpt>
    <trkpt lat="50.8832733" lon="7.0542824">
      <time>2025-04-04T14:59:04Z</time>
    </trkpt>
    <trkpt lat="50.8831358" lon="7.0542851">
      <time>2025-04-04T14:59:07Z</time>
    </trkpt>
    <trkpt lat="50.8830445" lon="7.0542964">
      <time>2025-04-04T14:59:09Z</time>
    </trkpt>
    <trkpt lat="50.8830018" lon="7.0542968">
      <time>2025-04-04T14:59:10Z</time>
    </trkpt>
    <trkpt lat="50.8828770" lon="7.0542996">
      <time>2025-04-04T14:59:13Z</time>
    </trkpt>
    <trkpt lat="50.8826974" lon="7.0542987">
      <time>2025-04-04T14:59:17Z</time>
    </trkpt>
    <trkpt lat="50.8825106" lon="7.0543004">
      <time>2025-04-04T14:59:21Z</time>
    </trkpt>
    <trkpt lat="50.8824621" lon="7.0543093">
      <time>2025-04-04T14:59:22Z</time>
    </trkpt>
    <trkpt lat="50.8823738" lon="7.0543144">
      <time>2025-04-04T14:59:24Z</time>
    </trkpt>
    <trkpt lat="50.8822337" lon="7.0543108">
      <time>2025-04-04T14:59:27Z</time>
    </trkpt>
    <trkpt lat="50.8819436" lon="7.0542876">
      <time>2025-04-04T14:59:33Z</time>
    </trkpt>
    <trkpt lat="50.8818439" lon="7.0542804">
      <time>2025-04-04T14:59:35Z</time>
    </trkpt>
    <trkpt lat="50.8814721" lon="7.0542113">
      <time>2025-04-04T14:59:43Z</time>
    </trkpt>
    <trkpt lat="50.8814282" lon="7.0542054">
      <time>2025-04-04T14:59:44Z</time>
    </trkpt>
    <trkpt lat="50.8811632" lon="7.0541655">
      <time>2025-04-04T14:59:50Z</time>
    </trkpt>
    <trkpt lat="50.8808456" lon="7.0540857">
      <time>2025-04-04T14:59:56Z</time>
    </trkpt>
    <trkpt lat="50.8807573" lon="7.0540634">
      <time>2025-04-04T14:59:58Z</time>
    </trkpt>
    <trkpt lat="50.8804538" lon="7.0539619">
      <time>2025-04-04T15:00:04Z</time>
    </trkpt>
    <trkpt lat="50.8803482" lon="7.0539312">
      <time>2025-04-04T15:00:06Z</time>
    </trkpt>
    <trkpt lat="50.8801822" lon="7.0538887">
      <time>2025-04-04T15:00:09Z</time>
    </trkpt>
    <trkpt lat="50.8799517" lon="7.0538082">
      <time>2025-04-04T15:00:14Z</time>
    </trkpt>
    <trkpt lat="50.8796903" lon="7.0537325">
      <time>2025-04-04T15:00:19Z</time>
    </trkpt>
    <trkpt lat="50.8795929" lon="7.0537058">
      <time>2025-04-04T15:00:21Z</time>
    </trkpt>
    <trkpt lat="50.8794831" lon="7.0536304">
      <time>2025-04-04T15:00:23Z</time>
    </trkpt>
    <trkpt lat="50.8793218" lon="7.0535081">
      <time>2025-04-04T15:00:27Z</time>
    </trkpt>
    <trkpt lat="50.8792134" lon="7.0534616">
      <time>2025-04-04T15:00:29Z</time>
    </trkpt>
    <trkpt lat="50.8791497" lon="7.0534440">
      <time>2025-04-04T15:00:30Z</time>
    </trkpt>
    <trkpt lat="50.8790422" lon="7.0534153">
      <time>2025-04-04T15:00:32Z</time>
    </trkpt>
    <trkpt lat="50.8788139" lon="7.0533154">
      <time>2025-04-04T15:00:37Z</time>
    </trkpt>
    <trkpt lat="50.8785729" lon="7.0531630">
      <time>2025-04-04T15:00:43Z</time>
    </trkpt>
    <trkpt lat="50.8784950" lon="7.0531010">
      <time>2025-04-04T15:00:45Z</time>
    </trkpt>
    <trkpt lat="50.8782015" lon="7.0529440">
      <time>2025-04-04T15:00:50Z</time>
    </trkpt>
    <trkpt lat="50.8780328" lon="7.0528426">
      <time>2025-04-04T15:00:53Z</time>
    </trkpt>
    <trkpt lat="50.8778871" lon="7.0527529">
      <time>2025-04-04T15:00:56Z</time>
    </trkpt>
    <trkpt lat="50.8777806" lon="7.0527046">
      <time>2025-04-04T15:00:58Z</time>
    </trkpt>
    <trkpt lat="50.8776376" lon="7.0526074">
      <time>2025-04-04T15:01:01Z</time>
    </trkpt>
    <trkpt lat="50.8775904" lon="7.0525778">
      <time>2025-04-04T15:01:02Z</time>
    </trkpt>
    <trkpt lat="50.8772428" lon="7.0523628">
      <time>2025-04-04T15:01:09Z</time>
    </trkpt>
    <trkpt lat="50.8771043" lon="7.0522692">
      <time>2025-04-04T15:01:12Z</time>
    </trkpt>
    <trkpt lat="50.8769549" lon="7.0521508">
      <time>2025-04-04T15:01:15Z</time>
    </trkpt>
    <trkpt lat="50.8765445" lon="7.0518174">
      <time>2025-04-04T15:01:23Z</time>
    </trkpt>
    <trkpt lat="50.8762007" lon="7.0515336">
      <time>2025-04-04T15:01:30Z</time>
    </trkpt>
    <trkpt lat="50.8761492" lon="7.0514855">
      <time>2025-04-04T15:01:31Z</time>
    </trkpt>
    <trkpt lat="50.8757518" lon="7.0510926">
      <time>2025-04-04T15:01:39Z</time>
    </trkpt>
    <trkpt lat="50.8752701" lon="7.0506207">
      <time>2025-04-04T15:01:49Z</time>
    </trkpt>
    <trkpt lat="50.8749442" lon="7.0502977">
      <time>2025-04-04T15:01:56Z</time>
    </trkpt>
    <trkpt lat="50.8744698" lon="7.0497931">
      <time>2025-04-04T15:02:06Z</time>
    </trkpt>
    <trkpt lat="50.8742859" lon="7.0495928">
      <time>2025-04-04T15:02:10Z</time>
    </trkpt>
    <trkpt lat="50.8742432" lon="7.0495439">
      <time>2025-04-04T15:02:11Z</time>
    </trkpt>
    <trkpt lat="50.8740633" lon="7.0493506">
      <time>2025-04-04T15:02:15Z</time>
    </trkpt>
    <trkpt lat="50.8738459" lon="7.0490914">
      <time>2025-04-04T15:02:20Z</time>
    </trkpt>
    <trkpt lat="50.8737963" lon="7.0489964">
      <time>2025-04-04T15:02:22Z</time>
    </trkpt>
    <trkpt lat="50.8736582" lon="7.0488376">
      <time>2025-04-04T15:02:27Z</time>
    </trkpt>
    <trkpt lat="50.8735906" lon="7.0488015">
      <time>2025-04-04T15:02:29Z</time>
    </trkpt>
    <trkpt lat="50.8735154" lon="7.0488282">
      <time>2025-04-04T15:02:31Z</time>
    </trkpt>
    <trkpt lat="50.8734315" lon="7.0490304">
      <time>2025-04-04T15:02:35Z</time>
    </trkpt>
    <trkpt lat="50.8734175" lon="7.0493750">
      <time>2025-04-04T15:02:41Z</time>
    </trkpt>
    <trkpt lat="50.8733813" lon="7.0495537">
      <time>2025-04-04T15:02:45Z</time>
    </trkpt>
    <trkpt lat="50.8733815" lon="7.0495910">
      <time>2025-04-04T15:02:46Z</time>
    </trkpt>
    <trkpt lat="50.8733586" lon="7.0496923">
      <time>2025-04-04T15:02:49Z</time>
    </trkpt>
    <trkpt lat="50.8733403" lon="7.0497122">
      <time>2025-04-04T15:02:50Z</time>
    </trkpt>
    <trkpt lat="50.8732192" lon="7.0497580">
      <time>2025-04-04T15:02:54Z</time>
    </trkpt>
    <trkpt lat="50.8732047" lon="7.0497783">
      <time>2025-04-04T15:02:57Z</time>
    </trkpt>
    <trkpt lat="50.8732047" lon="7.0497783">
      <time>2025-04-04T15:03:02Z</time>
    </trkpt>
    <trkpt lat="50.8732047" lon="7.0497783">
      <time>2025-04-04T15:03:06Z</time>
    </trkpt>
    <trkpt lat="50.8732047" lon="7.0497783">
      <time>2025-04-04T15:03:13Z</time>
    </trkpt>
    <trkpt lat="50.8732047" lon="7.0497783">
      <time>2025-04-04T15:03:14Z</time>
    </trkpt>
    <trkpt lat="50.8732018" lon="7.0498060">
      <time>2025-04-04T15:03:17Z</time>
    </trkpt>
    <trkpt lat="50.8732061" lon="7.0498293">
      <time>2025-04-04T15:03:18Z</time>
    </trkpt>
    <trkpt lat="50.8732120" lon="7.0498790">
      <time>2025-04-04T15:03:20Z</time>
    </trkpt>
    <trkpt lat="50.8731930" lon="7.0499219">
      <time>2025-04-04T15:03:23Z</time>
    </trkpt>
    <trkpt lat="50.8731650" lon="7.0499246">
      <time>2025-04-04T15:03:26Z</time>
    </trkpt>
    <trkpt lat="50.8731492" lon="7.0499301">
      <time>2025-04-04T15:03:29Z</time>
    </trkpt>
    <trkpt lat="50.8731492" lon="7.0499301">
      <time>2025-04-04T15:03:38Z</time>
    </trkpt>
    <trkpt lat="50.8731492" lon="7.0499301">
      <time>2025-04-04T15:03:41Z</time>
    </trkpt>
    <trkpt lat="50.8731492" lon="7.0499301">
      <time>2025-04-04T15:03:43Z</time>
    </trkpt>
    <trkpt lat="50.8731492" lon="7.0499301">
      <time>2025-04-04T15:03:46Z</time>
    </trkpt>
    <trkpt lat="50.8731492" lon="7.0499301">
      <time>2025-04-04T15:03:49Z</time>
    </trkpt>
    <trkpt lat="50.8731492" lon="7.0499301">
      <time>2025-04-04T15:03:52Z</time>
    </trkpt>
    <trkpt lat="50.8731500" lon="7.0499526">
      <time>2025-04-04T15:03:56Z</time>
    </trkpt>
    <trkpt lat="50.8731515" lon="7.0499520">
      <time>2025-04-04T15:03:59Z</time>
    </trkpt>
    <trkpt lat="50.8731515" lon="7.0499520">
      <time>2025-04-04T15:04:03Z</time>
    </trkpt>
    <trkpt lat="50.8731317" lon="7.0499508">
      <time>2025-04-04T15:04:06Z</time>
    </trkpt>
    <trkpt lat="50.8730921" lon="7.0499505">
      <time>2025-04-04T15:04:09Z</time>
    </trkpt>
    <trkpt lat="50.8729395" lon="7.0499660">
      <time>2025-04-04T15:04:14Z</time>
    </trkpt>
    <trkpt lat="50.8726788" lon="7.0499524">
      <time>2025-04-04T15:04:21Z</time>
    </trkpt>
    <trkpt lat="50.8726372" lon="7.0499426">
      <time>2025-04-04T15:04:22Z</time>
    </trkpt>
    <trkpt lat="50.8725566" lon="7.0499054">
      <time>2025-04-04T15:04:24Z</time>
    </trkpt>
    <trkpt lat="50.8723529" lon="7.0498230">
      <time>2025-04-04T15:04:29Z</time>
    </trkpt>
    <trkpt lat="50.8722372" lon="7.0497698">
      <time>2025-04-04T15:04:34Z</time>
    </trkpt>
    <trkpt lat="50.8721977" lon="7.0497446">
      <time>2025-04-04T15:04:38Z</time>
    </trkpt>
    <trkpt lat="50.8721652" lon="7.0497143">
      <time>2025-04-04T15:04:41Z</time>
    </trkpt>
    <trkpt lat="50.8721423" lon="7.0497050">
      <time>2025-04-04T15:04:42Z</time>
    </trkpt>
    <trkpt lat="50.8719988" lon="7.0496695">
      <time>2025-04-04T15:04:47Z</time>
    </trkpt>
    <trkpt lat="50.8718105" lon="7.0495825">
      <time>2025-04-04T15:04:52Z</time>
    </trkpt>
    <trkpt lat="50.8715993" lon="7.0494904">
      <time>2025-04-04T15:04:58Z</time>
    </trkpt>
    <trkpt lat="50.8715713" lon="7.0494943">
      <time>2025-04-04T15:04:59Z</time>
    </trkpt>
    <trkpt lat="50.8715361" lon="7.0495651">
      <time>2025-04-04T15:05:01Z</time>
    </trkpt>
    <trkpt lat="50.8715036" lon="7.0497041">
      <time>2025-04-04T15:05:03Z</time>
    </trkpt>
    <trkpt lat="50.8714808" lon="7.0498619">
      <time>2025-04-04T15:05:05Z</time>
    </trkpt>
    <trkpt lat="50.8714449" lon="7.0500968">
      <time>2025-04-04T15:05:08Z</time>
    </trkpt>
    <trkpt lat="50.8714208" lon="7.0502517">
      <time>2025-04-04T15:05:10Z</time>
    </trkpt>
    <trkpt lat="50.8713940" lon="7.0503910">
      <time>2025-04-04T15:05:12Z</time>
    </trkpt>
    <trkpt lat="50.8713822" lon="7.0504594">
      <time>2025-04-04T15:05:13Z</time>
    </trkpt>
    <trkpt lat="50.8713551" lon="7.0505974">
      <time>2025-04-04T15:05:15Z</time>
    </trkpt>
    <trkpt lat="50.8713345" lon="7.0506631">
      <time>2025-04-04T15:05:16Z</time>
    </trkpt>
    <trkpt lat="50.8712772" lon="7.0509379">
      <time>2025-04-04T15:05:20Z</time>
    </trkpt>
    <trkpt lat="50.8712128" lon="7.0512176">
      <time>2025-04-04T15:05:24Z</time>
    </trkpt>
    <trkpt lat="50.8711828" lon="7.0514303">
      <time>2025-04-04T15:05:27Z</time>
    </trkpt>
    <trkpt lat="50.8711248" lon="7.0518561">
      <time>2025-04-04T15:05:33Z</time>
    </trkpt>
    <trkpt lat="50.8710768" lon="7.0521686">
      <time>2025-04-04T15:05:37Z</time>
    </trkpt>
    <trkpt lat="50.8710395" lon="7.0524760">
      <time>2025-04-04T15:05:41Z</time>
    </trkpt>
    <trkpt lat="50.8709365" lon="7.0532630">
      <time>2025-04-04T15:05:51Z</time>
    </trkpt>
    <trkpt lat="50.8709026" lon="7.0535935">
      <time>2025-04-04T15:05:55Z</time>
    </trkpt>
    <trkpt lat="50.8708269" lon="7.0541913">
      <time>2025-04-04T15:06:02Z</time>
    </trkpt>
    <trkpt lat="50.8707524" lon="7.0549540">
      <time>2025-04-04T15:06:11Z</time>
    </trkpt>
    <trkpt lat="50.8706983" lon="7.0556212">
      <time>2025-04-04T15:06:19Z</time>
    </trkpt>
    <trkpt lat="50.8706996" lon="7.0556789">
      <time>2025-04-04T15:06:20Z</time>
    </trkpt>
    <trkpt lat="50.8707039" lon="7.0558329">
      <time>2025-04-04T15:06:23Z</time>
    </trkpt>
    <trkpt lat="50.8707125" lon="7.0558588">
      <time>2025-04-04T15:06:24Z</time>
    </trkpt>
    <trkpt lat="50.8707246" lon="7.0558803">
      <time>2025-04-04T15:06:28Z</time>
    </trkpt>
    <trkpt lat="50.8707246" lon="7.0558803">
      <time>2025-04-04T15:06:37Z</time>
    </trkpt>
    <trkpt lat="50.8707257" lon="7.0558827">
      <time>2025-04-04T15:06:40Z</time>
    </trkpt>
    <trkpt lat="50.8707288" lon="7.0558952">
      <time>2025-04-04T15:06:41Z</time>
    </trkpt>
    <trkpt lat="50.8707257" lon="7.0559453">
      <time>2025-04-04T15:06:43Z</time>
    </trkpt>
    <trkpt lat="50.8707096" lon="7.0559581">
      <time>2025-04-04T15:06:44Z</time>
    </trkpt>
    <trkpt lat="50.8706813" lon="7.0559603">
      <time>2025-04-04T15:06:46Z</time>
    </trkpt>
    <trkpt lat="50.8706660" lon="7.0559976">
      <time>2025-04-04T15:06:48Z</time>
    </trkpt>
    <trkpt lat="50.8706664" lon="7.0560674">
      <time>2025-04-04T15:06:50Z</time>
    </trkpt>
    <trkpt lat="50.8706499" lon="7.0561466">
      <time>2025-04-04T15:06:52Z</time>
    </trkpt>
    <trkpt lat="50.8705701" lon="7.0563166">
      <time>2025-04-04T15:06:56Z</time>
    </trkpt>
    <trkpt lat="50.8704584" lon="7.0562683">
      <time>2025-04-04T15:06:59Z</time>
    </trkpt>
    <trkpt lat="50.8703362" lon="7.0561259">
      <time>2025-04-04T15:07:02Z</time>
    </trkpt>
    <trkpt lat="50.8702629" lon="7.0560099">
      <time>2025-04-04T15:07:04Z</time>
    </trkpt>
    <trkpt lat="50.8698997" lon="7.0554258">
      <time>2025-04-04T15:07:13Z</time>
    </trkpt>
    <trkpt lat="50.8695063" lon="7.0548147">
      <time>2025-04-04T15:07:23Z</time>
    </trkpt>
    <trkpt lat="50.8694709" lon="7.0547575">
      <time>2025-04-04T15:07:24Z</time>
    </trkpt>
    <trkpt lat="50.8691433" lon="7.0542478">
      <time>2025-04-04T15:07:33Z</time>
    </trkpt>
    <trkpt lat="50.8689942" lon="7.0540165">
      <time>2025-04-04T15:07:37Z</time>
    </trkpt>
    <trkpt lat="50.8688666" lon="7.0538243">
      <time>2025-04-04T15:07:40Z</time>
    </trkpt>
    <trkpt lat="50.8687464" lon="7.0536469">
      <time>2025-04-04T15:07:43Z</time>
    </trkpt>
    <trkpt lat="50.8685117" lon="7.0532766">
      <time>2025-04-04T15:07:49Z</time>
    </trkpt>
    <trkpt lat="50.8681554" lon="7.0527181">
      <time>2025-04-04T15:07:58Z</time>
    </trkpt>
    <trkpt lat="50.8678367" lon="7.0522027">
      <time>2025-04-04T15:08:07Z</time>
    </trkpt>
    <trkpt lat="50.8677046" lon="7.0519866">
      <time>2025-04-04T15:08:11Z</time>
    </trkpt>
    <trkpt lat="50.8676003" lon="7.0518202">
      <time>2025-04-04T15:08:14Z</time>
    </trkpt>
    <trkpt lat="50.8673678" lon="7.0514583">
      <time>2025-04-04T15:08:21Z</time>
    </trkpt>
    <trkpt lat="50.8673403" lon="7.0514080">
      <time>2025-04-04T15:08:22Z</time>
    </trkpt>
    <trkpt lat="50.8672831" lon="7.0513067">
      <time>2025-04-04T15:08:24Z</time>
    </trkpt>
    <trkpt lat="50.8670583" lon="7.0509661">
      <time>2025-04-04T15:08:31Z</time>
    </trkpt>
    <trkpt lat="50.8667263" lon="7.0504836">
      <time>2025-04-04T15:08:40Z</time>
    </trkpt>
    <trkpt lat="50.8666162" lon="7.0503208">
      <time>2025-04-04T15:08:43Z</time>
    </trkpt>
    <trkpt lat="50.8663677" lon="7.0499204">
      <time>2025-04-04T15:08:50Z</time>
    </trkpt>
    <trkpt lat="50.8660318" lon="7.0493951">
      <time>2025-04-04T15:08:59Z</time>
    </trkpt>
    <trkpt lat="50.8658342" lon="7.0490595">
      <time>2025-04-04T15:09:05Z</time>
    </trkpt>
    <trkpt lat="50.8658066" lon="7.0490070">
      <time>2025-04-04T15:09:06Z</time>
    </trkpt>
    <trkpt lat="50.8657535" lon="7.0488782">
      <time>2025-04-04T15:09:10Z</time>
    </trkpt>
    <trkpt lat="50.8657544" lon="7.0488628">
      <time>2025-04-04T15:09:11Z</time>
    </trkpt>
    <trkpt lat="50.8657564" lon="7.0488446">
      <time>2025-04-04T15:09:14Z</time>
    </trkpt>
    <trkpt lat="50.8657617" lon="7.0487080">
      <time>2025-04-04T15:09:18Z</time>
    </trkpt>
    <trkpt lat="50.8657505" lon="7.0485986">
      <time>2025-04-04T15:09:20Z</time>
    </trkpt>
    <trkpt lat="50.8657252" lon="7.0485522">
      <time>2025-04-04T15:09:21Z</time>
    </trkpt>
    <trkpt lat="50.8656905" lon="7.0485083">
      <time>2025-04-04T15:09:22Z</time>
    </trkpt>
    <trkpt lat="50.8655396" lon="7.0483026">
      <time>2025-04-04T15:09:26Z</time>
    </trkpt>
    <trkpt lat="50.8653117" lon="7.0480868">
      <time>2025-04-04T15:09:31Z</time>
    </trkpt>
    <trkpt lat="50.8652259" lon="7.0479860">
      <time>2025-04-04T15:09:33Z</time>
    </trkpt>
    <trkpt lat="50.8651398" lon="7.0478820">
      <time>2025-04-04T15:09:35Z</time>
    </trkpt>
    <trkpt lat="50.8648642" lon="7.0474986">
      <time>2025-04-04T15:09:42Z</time>
    </trkpt>
    <trkpt lat="50.8644281" lon="7.0468765">
      <time>2025-04-04T15:09:52Z</time>
    </trkpt>
    <trkpt lat="50.8639863" lon="7.0462390">
      <time>2025-04-04T15:10:02Z</time>
    </trkpt>
    <trkpt lat="50.8639399" lon="7.0461794">
      <time>2025-04-04T15:10:03Z</time>
    </trkpt>
    <trkpt lat="50.8637272" lon="7.0458683">
      <time>2025-04-04T15:10:08Z</time>
    </trkpt>
    <trkpt lat="50.8635116" lon="7.0455644">
      <time>2025-04-04T15:10:13Z</time>
    </trkpt>
    <trkpt lat="50.8630995" lon="7.0449446">
      <time>2025-04-04T15:10:23Z</time>
    </trkpt>
    <trkpt lat="50.8626664" lon="7.0443023">
      <time>2025-04-04T15:10:33Z</time>
    </trkpt>
    <trkpt lat="50.8625757" lon="7.0441688">
      <time>2025-04-04T15:10:35Z</time>
    </trkpt>
    <trkpt lat="50.8621378" lon="7.0435516">
      <time>2025-04-04T15:10:45Z</time>
    </trkpt>
    <trkpt lat="50.8620526" lon="7.0434253">
      <time>2025-04-04T15:10:47Z</time>
    </trkpt>
    <trkpt lat="50.8619334" lon="7.0432588">
      <time>2025-04-04T15:10:50Z</time>
    </trkpt>
    <trkpt lat="50.8618975" lon="7.0432122">
      <time>2025-04-04T15:10:51Z</time>
    </trkpt>
    <trkpt lat="50.8618663" lon="7.0431836">
      <time>2025-04-04T15:10:52Z</time>
    </trkpt>
    <trkpt lat="50.8618373" lon="7.0431795">
      <time>2025-04-04T15:10:53Z</time>
    </trkpt>
    <trkpt lat="50.8617629" lon="7.0432650">
      <time>2025-04-04T15:10:55Z</time>
    </trkpt>
    <trkpt lat="50.8616018" lon="7.0435764">
      <time>2025-04-04T15:11:00Z</time>
    </trkpt>
    <trkpt lat="50.8614040" lon="7.0439619">
      <time>2025-04-04T15:11:05Z</time>
    </trkpt>
    <trkpt lat="50.8613256" lon="7.0441239">
      <time>2025-04-04T15:11:07Z</time>
    </trkpt>
    <trkpt lat="50.8609647" lon="7.0448356">
      <time>2025-04-04T15:11:16Z</time>
    </trkpt>
    <trkpt lat="50.8607404" lon="7.0452761">
      <time>2025-04-04T15:11:23Z</time>
    </trkpt>
    <trkpt lat="50.8606352" lon="7.0453535">
      <time>2025-04-04T15:11:27Z</time>
    </trkpt>
    <trkpt lat="50.8605135" lon="7.0451746">
      <time>2025-04-04T15:11:31Z</time>
    </trkpt>
    <trkpt lat="50.8602009" lon="7.0447092">
      <time>2025-04-04T15:11:41Z</time>
    </trkpt>
    <trkpt lat="50.8599085" lon="7.0442899">
      <time>2025-04-04T15:11:50Z</time>
    </trkpt>
    <trkpt lat="50.8598752" lon="7.0442405">
      <time>2025-04-04T15:11:51Z</time>
    </trkpt>
    <trkpt lat="50.8594886" lon="7.0436607">
      <time>2025-04-04T15:12:02Z</time>
    </trkpt>
    <trkpt lat="50.8592019" lon="7.0432514">
      <time>2025-04-04T15:12:10Z</time>
    </trkpt>
    <trkpt lat="50.8590976" lon="7.0431066">
      <time>2025-04-04T15:12:13Z</time>
    </trkpt>
    <trkpt lat="50.8588638" lon="7.0427827">
      <time>2025-04-04T15:12:20Z</time>
    </trkpt>
    <trkpt lat="50.8588390" lon="7.0427263">
      <time>2025-04-04T15:12:21Z</time>
    </trkpt>
    <trkpt lat="50.8588195" lon="7.0426614">
      <time>2025-04-04T15:12:22Z</time>
    </trkpt>
    <trkpt lat="50.8587790" lon="7.0424198">
      <time>2025-04-04T15:12:25Z</time>
    </trkpt>
    <trkpt lat="50.8587119" lon="7.0419179">
      <time>2025-04-04T15:12:31Z</time>
    </trkpt>
    <trkpt lat="50.8587018" lon="7.0418250">
      <time>2025-04-04T15:12:32Z</time>
    </trkpt>
    <trkpt lat="50.8586819" lon="7.0416441">
      <time>2025-04-04T15:12:34Z</time>
    </trkpt>
    <trkpt lat="50.8586336" lon="7.0412384">
      <time>2025-04-04T15:12:38Z</time>
    </trkpt>
    <trkpt lat="50.8585320" lon="7.0404543">
      <time>2025-04-04T15:12:45Z</time>
    </trkpt>
    <trkpt lat="50.8584566" lon="7.0398687">
      <time>2025-04-04T15:12:51Z</time>
    </trkpt>
    <trkpt lat="50.8584027" lon="7.0394017">
      <time>2025-04-04T15:12:57Z</time>
    </trkpt>
    <trkpt lat="50.8583347" lon="7.0388810">
      <time>2025-04-04T15:13:05Z</time>
    </trkpt>
    <trkpt lat="50.8583179" lon="7.0387588">
      <time>2025-04-04T15:13:07Z</time>
    </trkpt>
    <trkpt lat="50.8583090" lon="7.0387127">
      <time>2025-04-04T15:13:08Z</time>
    </trkpt>
    <trkpt lat="50.8582662" lon="7.0386187">
      <time>2025-04-04T15:13:10Z</time>
    </trkpt>
    <trkpt lat="50.8581493" lon="7.0386196">
      <time>2025-04-04T15:13:13Z</time>
    </trkpt>
    <trkpt lat="50.8577309" lon="7.0387459">
      <time>2025-04-04T15:13:23Z</time>
    </trkpt>
    <trkpt lat="50.8575052" lon="7.0387959">
      <time>2025-04-04T15:13:28Z</time>
    </trkpt>
    <trkpt lat="50.8573320" lon="7.0388449">
      <time>2025-04-04T15:13:32Z</time>
    </trkpt>
    <trkpt lat="50.8572385" lon="7.0388752">
      <time>2025-04-04T15:13:34Z</time>
    </trkpt>
    <trkpt lat="50.8569250" lon="7.0389787">
      <time>2025-04-04T15:13:41Z</time>
    </trkpt>
    <trkpt lat="50.8565012" lon="7.0390962">
      <time>2025-04-04T15:13:49Z</time>
    </trkpt>
    <trkpt lat="50.8560736" lon="7.0392299">
      <time>2025-04-04T15:13:57Z</time>
    </trkpt>
    <trkpt lat="50.8559740" lon="7.0392600">
      <time>2025-04-04T15:13:59Z</time>
    </trkpt>
    <trkpt lat="50.8556612" lon="7.0393524">
      <time>2025-04-04T15:14:05Z</time>
    </trkpt>
    <trkpt lat="50.8556095" lon="7.0393668">
      <time>2025-04-04T15:14:06Z</time>
    </trkpt>
    <trkpt lat="50.8551179" lon="7.0395100">
      <time>2025-04-04T15:14:16Z</time>
    </trkpt>
    <trkpt lat="50.8550247" lon="7.0395426">
      <time>2025-04-04T15:14:18Z</time>
    </trkpt>
    <trkpt lat="50.8548869" lon="7.0395907">
      <time>2025-04-04T15:14:21Z</time>
    </trkpt>
    <trkpt lat="50.8546942" lon="7.0396372">
      <time>2025-04-04T15:14:25Z</time>
    </trkpt>
    <trkpt lat="50.8542562" lon="7.0397529">
      <time>2025-04-04T15:14:34Z</time>
    </trkpt>
    <trkpt lat="50.8539192" lon="7.0398580">
      <time>2025-04-04T15:14:41Z</time>
    </trkpt>
    <trkpt lat="50.8537722" lon="7.0398957">
      <time>2025-04-04T15:14:44Z</time>
    </trkpt>
    <trkpt lat="50.8533391" lon="7.0400150">
      <time>2025-04-04T15:14:53Z</time>
    </trkpt>
    <trkpt lat="50.8532800" lon="7.0400255">
      <time>2025-04-04T15:14:54Z</time>
    </trkpt>
    <trkpt lat="50.8532302" lon="7.0400303">
      <time>2025-04-04T15:14:55Z</time>
    </trkpt>
    <trkpt lat="50.8529333" lon="7.0401347">
      <time>2025-04-04T15:15:01Z</time>
    </trkpt>
    <trkpt lat="50.8525531" lon="7.0402577">
      <time>2025-04-04T15:15:09Z</time>
    </trkpt>
    <trkpt lat="50.8521342" lon="7.0403741">
      <time>2025-04-04T15:15:18Z</time>
    </trkpt>
    <trkpt lat="50.8519309" lon="7.0404332">
      <time>2025-04-04T15:15:22Z</time>
    </trkpt>
    <trkpt lat="50.8516278" lon="7.0405200">
      <time>2025-04-04T15:15:28Z</time>
    </trkpt>
    <trkpt lat="50.8515864" lon="7.0405361">
      <time>2025-04-04T15:15:29Z</time>
    </trkpt>
    <trkpt lat="50.8515325" lon="7.0405549">
      <time>2025-04-04T15:15:30Z</time>
    </trkpt>
    <trkpt lat="50.8514877" lon="7.0405679">
      <time>2025-04-04T15:15:31Z</time>
    </trkpt>
    <trkpt lat="50.8514007" lon="7.0405946">
      <time>2025-04-04T15:15:33Z</time>
    </trkpt>
    <trkpt lat="50.8512806" lon="7.0406262">
      <time>2025-04-04T15:15:36Z</time>
    </trkpt>
    <trkpt lat="50.8509661" lon="7.0407020">
      <time>2025-04-04T15:15:43Z</time>
    </trkpt>
    <trkpt lat="50.8508775" lon="7.0407266">
      <time>2025-04-04T15:15:45Z</time>
    </trkpt>
    <trkpt lat="50.8508293" lon="7.0407428">
      <time>2025-04-04T15:15:46Z</time>
    </trkpt>
    <trkpt lat="50.8505164" lon="7.0408289">
      <time>2025-04-04T15:15:53Z</time>
    </trkpt>
    <trkpt lat="50.8499775" lon="7.0409782">
      <time>2025-04-04T15:16:05Z</time>
    </trkpt>
    <trkpt lat="50.8495631" lon="7.0411155">
      <time>2025-04-04T15:16:14Z</time>
    </trkpt>
    <trkpt lat="50.8494700" lon="7.0411430">
      <time>2025-04-04T15:16:16Z</time>
    </trkpt>
    <trkpt lat="50.8493421" lon="7.0411789">
      <time>2025-04-04T15:16:19Z</time>
    </trkpt>
    <trkpt lat="50.8492966" lon="7.0411883">
      <time>2025-04-04T15:16:20Z</time>
    </trkpt>
    <trkpt lat="50.8492463" lon="7.0412004">
      <time>2025-04-04T15:16:21Z</time>
    </trkpt>
    <trkpt lat="50.8491650" lon="7.0412263">
      <time>2025-04-04T15:16:23Z</time>
    </trkpt>
    <trkpt lat="50.8490344" lon="7.0412475">
      <time>2025-04-04T15:16:27Z</time>
    </trkpt>
    <trkpt lat="50.8490130" lon="7.0412168">
      <time>2025-04-04T15:16:28Z</time>
    </trkpt>
    <trkpt lat="50.8490007" lon="7.0411679">
      <time>2025-04-04T15:16:29Z</time>
    </trkpt>
    <trkpt lat="50.8489961" lon="7.0409811">
      <time>2025-04-04T15:16:32Z</time>
    </trkpt>
    <trkpt lat="50.8489856" lon="7.0406275">
      <time>2025-04-04T15:16:37Z</time>
    </trkpt>
    <trkpt lat="50.8489833" lon="7.0405584">
      <time>2025-04-04T15:16:38Z</time>
    </trkpt>
    <trkpt lat="50.8489770" lon="7.0404328">
      <time>2025-04-04T15:16:40Z</time>
    </trkpt>
    <trkpt lat="50.8489643" lon="7.0400688">
      <time>2025-04-04T15:16:45Z</time>
    </trkpt>
    <trkpt lat="50.8489314" lon="7.0394999">
      <time>2025-04-04T15:16:53Z</time>
    </trkpt>
    <trkpt lat="50.8489172" lon="7.0390562">
      <time>2025-04-04T15:16:59Z</time>
    </trkpt>
    <trkpt lat="50.8489126" lon="7.0389050">
      <time>2025-04-04T15:17:01Z</time>
    </trkpt>
    <trkpt lat="50.8488994" lon="7.0386837">
      <time>2025-04-04T15:17:04Z</time>
    </trkpt>
    <trkpt lat="50.8488883" lon="7.0384680">
      <time>2025-04-04T15:17:07Z</time>
    </trkpt>
    <trkpt lat="50.8488749" lon="7.0381672">
      <time>2025-04-04T15:17:11Z</time>
    </trkpt>
    <trkpt lat="50.8488413" lon="7.0374428">
      <time>2025-04-04T15:17:21Z</time>
    </trkpt>
    <trkpt lat="50.8487997" lon="7.0373684">
      <time>2025-04-04T15:17:23Z</time>
    </trkpt>
    <trkpt lat="50.8487599" lon="7.0373618">
      <time>2025-04-04T15:17:24Z</time>
    </trkpt>
    <trkpt lat="50.8484775" lon="7.0373810">
      <time>2025-04-04T15:17:30Z</time>
    </trkpt>
    <trkpt lat="50.8480901" lon="7.0373996">
      <time>2025-04-04T15:17:38Z</time>
    </trkpt>
    <trkpt lat="50.8476032" lon="7.0374150">
      <time>2025-04-04T15:17:48Z</time>
    </trkpt>
    <trkpt lat="50.8472727" lon="7.0374234">
      <time>2025-04-04T15:17:55Z</time>
    </trkpt>
    <trkpt lat="50.8471314" lon="7.0374291">
      <time>2025-04-04T15:17:58Z</time>
    </trkpt>
    <trkpt lat="50.8470841" lon="7.0374317">
      <time>2025-04-04T15:17:59Z</time>
    </trkpt>
    <trkpt lat="50.8469862" lon="7.0374361">
      <time>2025-04-04T15:18:01Z</time>
    </trkpt>
    <trkpt lat="50.8468396" lon="7.0374401">
      <time>2025-04-04T15:18:04Z</time>
    </trkpt>
    <trkpt lat="50.8466971" lon="7.0374473">
      <time>2025-04-04T15:18:07Z</time>
    </trkpt>
    <trkpt lat="50.8466059" lon="7.0374444">
      <time>2025-04-04T15:18:09Z</time>
    </trkpt>
    <trkpt lat="50.8465156" lon="7.0374354">
      <time>2025-04-04T15:18:11Z</time>
    </trkpt>
    <trkpt lat="50.8462460" lon="7.0374182">
      <time>2025-04-04T15:18:17Z</time>
    </trkpt>
    <trkpt lat="50.8461027" lon="7.0374280">
      <time>2025-04-04T15:18:20Z</time>
    </trkpt>
    <trkpt lat="50.8457465" lon="7.0374351">
      <time>2025-04-04T15:18:27Z</time>
    </trkpt>
    <trkpt lat="50.8456415" lon="7.0374338">
      <time>2025-04-04T15:18:29Z</time>
    </trkpt>
    <trkpt lat="50.8451997" lon="7.0374536">
      <time>2025-04-04T15:18:38Z</time>
    </trkpt>
    <trkpt lat="50.8449663" lon="7.0374602">
      <time>2025-04-04T15:18:43Z</time>
    </trkpt>
    <trkpt lat="50.8447353" lon="7.0374744">
      <time>2025-04-04T15:18:48Z</time>
    </trkpt>
    <trkpt lat="50.8444101" lon="7.0374612">
      <time>2025-04-04T15:18:55Z</time>
    </trkpt>
    <trkpt lat="50.8439562" lon="7.0373967">
      <time>2025-04-04T15:19:04Z</time>
    </trkpt>
    <trkpt lat="50.8436678" lon="7.0373578">
      <time>2025-04-04T15:19:10Z</time>
    </trkpt>
    <trkpt lat="50.8435140" lon="7.0373378">
      <time>2025-04-04T15:19:13Z</time>
    </trkpt>
    <trkpt lat="50.8434533" lon="7.0373302">
      <time>2025-04-04T15:19:14Z</time>
    </trkpt>
    <trkpt lat="50.8432565" lon="7.0373119">
      <time>2025-04-04T15:19:18Z</time>
    </trkpt>
    <trkpt lat="50.8431566" lon="7.0372992">
      <time>2025-04-04T15:19:20Z</time>
    </trkpt>
    <trkpt lat="50.8429234" lon="7.0372724">
      <time>2025-04-04T15:19:25Z</time>
    </trkpt>
    <trkpt lat="50.8427697" lon="7.0372628">
      <time>2025-04-04T15:19:28Z</time>
    </trkpt>
    <trkpt lat="50.8426351" lon="7.0372478">
      <time>2025-04-04T15:19:31Z</time>
    </trkpt>
    <trkpt lat="50.8424774" lon="7.0372184">
      <time>2025-04-04T15:19:34Z</time>
    </trkpt>
    <trkpt lat="50.8421027" lon="7.0371778">
      <time>2025-04-04T15:19:42Z</time>
    </trkpt>
    <trkpt lat="50.8419726" lon="7.0371670">
      <time>2025-04-04T15:19:45Z</time>
    </trkpt>
    <trkpt lat="50.8417366" lon="7.0371353">
      <time>2025-04-04T15:19:50Z</time>
    </trkpt>
    <trkpt lat="50.8413939" lon="7.0370891">
      <time>2025-04-04T15:19:57Z</time>
    </trkpt>
    <trkpt lat="50.8409759" lon="7.0370364">
      <time>2025-04-04T15:20:06Z</time>
    </trkpt>
    <trkpt lat="50.8407987" lon="7.0370126">
      <time>2025-04-04T15:20:10Z</time>
    </trkpt>
    <trkpt lat="50.8405639" lon="7.0369778">
      <time>2025-04-04T15:20:15Z</time>
    </trkpt>
    <trkpt lat="50.8404746" lon="7.0369656">
      <time>2025-04-04T15:20:17Z</time>
    </trkpt>
    <trkpt lat="50.8399746" lon="7.0369067">
      <time>2025-04-04T15:20:27Z</time>
    </trkpt>
    <trkpt lat="50.8397813" lon="7.0368802">
      <time>2025-04-04T15:20:31Z</time>
    </trkpt>
    <trkpt lat="50.8396889" lon="7.0368686">
      <time>2025-04-04T15:20:33Z</time>
    </trkpt>
    <trkpt lat="50.8396548" lon="7.0368632">
      <time>2025-04-04T15:20:34Z</time>
    </trkpt>
    <trkpt lat="50.8392927" lon="7.0368126">
      <time>2025-04-04T15:20:42Z</time>
    </trkpt>
    <trkpt lat="50.8391511" lon="7.0367888">
      <time>2025-04-04T15:20:45Z</time>
    </trkpt>
    <trkpt lat="50.8388356" lon="7.0367410">
      <time>2025-04-04T15:20:52Z</time>
    </trkpt>
    <trkpt lat="50.8387163" lon="7.0367272">
      <time>2025-04-04T15:20:55Z</time>
    </trkpt>
    <trkpt lat="50.8386343" lon="7.0367252">
      <time>2025-04-04T15:20:58Z</time>
    </trkpt>
    <trkpt lat="50.8386105" lon="7.0367919">
      <time>2025-04-04T15:21:00Z</time>
    </trkpt>
    <trkpt lat="50.8386159" lon="7.0369097">
      <time>2025-04-04T15:21:02Z</time>
    </trkpt>
    <trkpt lat="50.8386710" lon="7.0375435">
      <time>2025-04-04T15:21:12Z</time>
    </trkpt>
    <trkpt lat="50.8386906" lon="7.0379359">
      <time>2025-04-04T15:21:18Z</time>
    </trkpt>
    <trkpt lat="50.8387267" lon="7.0385727">
      <time>2025-04-04T15:21:27Z</time>
    </trkpt>
    <trkpt lat="50.8387494" lon="7.0389263">
      <time>2025-04-04T15:21:32Z</time>
    </trkpt>
    <trkpt lat="50.8387586" lon="7.0390646">
      <time>2025-04-04T15:21:34Z</time>
    </trkpt>
    <trkpt lat="50.8387806" lon="7.0393413">
      <time>2025-04-04T15:21:38Z</time>
    </trkpt>
    <trkpt lat="50.8388218" lon="7.0400818">
      <time>2025-04-04T15:21:48Z</time>
    </trkpt>
    <trkpt lat="50.8388664" lon="7.0407522">
      <time>2025-04-04T15:21:57Z</time>
    </trkpt>
    <trkpt lat="50.8388850" lon="7.0410489">
      <time>2025-04-04T15:22:01Z</time>
    </trkpt>
    <trkpt lat="50.8388894" lon="7.0411266">
      <time>2025-04-04T15:22:02Z</time>
    </trkpt>
    <trkpt lat="50.8388955" lon="7.0412216">
      <time>2025-04-04T15:22:03Z</time>
    </trkpt>
    <trkpt lat="50.8389115" lon="7.0415289">
      <time>2025-04-04T15:22:07Z</time>
    </trkpt>
    <trkpt lat="50.8389164" lon="7.0415921">
      <time>2025-04-04T15:22:08Z</time>
    </trkpt>
    <trkpt lat="50.8389283" lon="7.0417571">
      <time>2025-04-04T15:22:10Z</time>
    </trkpt>
    <trkpt lat="50.8389648" lon="7.0421955">
      <time>2025-04-04T15:22:16Z</time>
    </trkpt>
    <trkpt lat="50.8390118" lon="7.0429306">
      <time>2025-04-04T15:22:26Z</time>
    </trkpt>
    <trkpt lat="50.8390535" lon="7.0435675">
      <time>2025-04-04T15:22:35Z</time>
    </trkpt>
    <trkpt lat="50.8390585" lon="7.0436385">
      <time>2025-04-04T15:22:36Z</time>
    </trkpt>
    <trkpt lat="50.8390755" lon="7.0439286">
      <time>2025-04-04T15:22:40Z</time>
    </trkpt>
    <trkpt lat="50.8390850" lon="7.0440726">
      <time>2025-04-04T15:22:42Z</time>
    </trkpt>
    <trkpt lat="50.8391078" lon="7.0443590">
      <time>2025-04-04T15:22:46Z</time>
    </trkpt>
    <trkpt lat="50.8391177" lon="7.0445751">
      <time>2025-04-04T15:22:49Z</time>
    </trkpt>
    <trkpt lat="50.8391520" lon="7.0450910">
      <time>2025-04-04T15:22:56Z</time>
    </trkpt>
    <trkpt lat="50.8392026" lon="7.0458284">
      <time>2025-04-04T15:23:06Z</time>
    </trkpt>
    <trkpt lat="50.8392357" lon="7.0464042">
      <time>2025-04-04T15:23:13Z</time>
    </trkpt>
    <trkpt lat="50.8392518" lon="7.0466583">
      <time>2025-04-04T15:23:16Z</time>
    </trkpt>
    <trkpt lat="50.8393010" lon="7.0474583">
      <time>2025-04-04T15:23:25Z</time>
    </trkpt>
    <trkpt lat="50.8393026" lon="7.0475261">
      <time>2025-04-04T15:23:26Z</time>
    </trkpt>
    <trkpt lat="50.8393453" lon="7.0481724">
      <time>2025-04-04T15:23:34Z</time>
    </trkpt>
    <trkpt lat="50.8393547" lon="7.0483145">
      <time>2025-04-04T15:23:36Z</time>
    </trkpt>
    <trkpt lat="50.8393515" lon="7.0483808">
      <time>2025-04-04T15:23:37Z</time>
    </trkpt>
    <trkpt lat="50.8393031" lon="7.0484775">
      <time>2025-04-04T15:23:39Z</time>
    </trkpt>
    <trkpt lat="50.8390990" lon="7.0484973">
      <time>2025-04-04T15:23:44Z</time>
    </trkpt>
    <trkpt lat="50.8387981" lon="7.0484991">
      <time>2025-04-04T15:23:50Z</time>
    </trkpt>
    <trkpt lat="50.8382322" lon="7.0485422">
      <time>2025-04-04T15:24:01Z</time>
    </trkpt>
    <trkpt lat="50.8381365" lon="7.0485508">
      <time>2025-04-04T15:24:03Z</time>
    </trkpt>
    <trkpt lat="50.8378414" lon="7.0485665">
      <time>2025-04-04T15:24:09Z</time>
    </trkpt>
    <trkpt lat="50.8372730" lon="7.0486017">
      <time>2025-04-04T15:24:21Z</time>
    </trkpt>
    <trkpt lat="50.8371186" lon="7.0486246">
      <time>2025-04-04T15:24:24Z</time>
    </trkpt>
    <trkpt lat="50.8369822" lon="7.0487159">
      <time>2025-04-04T15:24:27Z</time>
    </trkpt>
    <trkpt lat="50.8366993" lon="7.0490326">
      <time>2025-04-04T15:24:34Z</time>
    </trkpt>
    <trkpt lat="50.8366708" lon="7.0490701">
      <time>2025-04-04T15:24:35Z</time>
    </trkpt>
    <trkpt lat="50.8363934" lon="7.0494213">
      <time>2025-04-04T15:24:42Z</time>
    </trkpt>
    <trkpt lat="50.8362766" lon="7.0495737">
      <time>2025-04-04T15:24:45Z</time>
    </trkpt>
    <trkpt lat="50.8360612" lon="7.0499413">
      <time>2025-04-04T15:24:50Z</time>
    </trkpt>
    <trkpt lat="50.8358173" lon="7.0504799">
      <time>2025-04-04T15:24:57Z</time>
    </trkpt>
    <trkpt lat="50.8356151" lon="7.0509537">
      <time>2025-04-04T15:25:03Z</time>
    </trkpt>
    <trkpt lat="50.8354397" lon="7.0512534">
      <time>2025-04-04T15:25:08Z</time>
    </trkpt>
    <trkpt lat="50.8354077" lon="7.0513149">
      <time>2025-04-04T15:25:09Z</time>
    </trkpt>
    <trkpt lat="50.8353069" lon="7.0514777">
      <time>2025-04-04T15:25:12Z</time>
    </trkpt>
    <trkpt lat="50.8352076" lon="7.0516116">
      <time>2025-04-04T15:25:15Z</time>
    </trkpt>
    <trkpt lat="50.8350665" lon="7.0517825">
      <time>2025-04-04T15:25:20Z</time>
    </trkpt>
    <trkpt lat="50.8349074" lon="7.0519593">
      <time>2025-04-04T15:25:25Z</time>
    </trkpt>
    <trkpt lat="50.8348700" lon="7.0519976">
      <time>2025-04-04T15:25:26Z</time>
    </trkpt>
    <trkpt lat="50.8346814" lon="7.0521934">
      <time>2025-04-04T15:25:31Z</time>
    </trkpt>
    <trkpt lat="50.8343251" lon="7.0525425">
      <time>2025-04-04T15:25:41Z</time>
    </trkpt>
    <trkpt lat="50.8342576" lon="7.0526091">
      <time>2025-04-04T15:25:43Z</time>
    </trkpt>
    <trkpt lat="50.8342252" lon="7.0526433">
      <time>2025-04-04T15:25:44Z</time>
    </trkpt>
    <trkpt lat="50.8341891" lon="7.0526764">
      <time>2025-04-04T15:25:45Z</time>
    </trkpt>
    <trkpt lat="50.8340313" lon="7.0528009">
      <time>2025-04-04T15:25:49Z</time>
    </trkpt>
    <trkpt lat="50.8338452" lon="7.0529520">
      <time>2025-04-04T15:25:54Z</time>
    </trkpt>
    <trkpt lat="50.8337343" lon="7.0530398">
      <time>2025-04-04T15:25:57Z</time>
    </trkpt>
    <trkpt lat="50.8334442" lon="7.0532517">
      <time>2025-04-04T15:26:04Z</time>
    </trkpt>
    <trkpt lat="50.8334024" lon="7.0532868">
      <time>2025-04-04T15:26:05Z</time>
    </trkpt>
    <trkpt lat="50.8330155" lon="7.0535571">
      <time>2025-04-04T15:26:14Z</time>
    </trkpt>
    <trkpt lat="50.8329805" lon="7.0535848">
      <time>2025-04-04T15:26:15Z</time>
    </trkpt>
    <trkpt lat="50.8328815" lon="7.0536583">
      <time>2025-04-04T15:26:17Z</time>
    </trkpt>
    <trkpt lat="50.8326661" lon="7.0538459">
      <time>2025-04-04T15:26:22Z</time>
    </trkpt>
    <trkpt lat="50.8325935" lon="7.0539239">
      <time>2025-04-04T15:26:24Z</time>
    </trkpt>
    <trkpt lat="50.8324976" lon="7.0540215">
      <time>2025-04-04T15:26:26Z</time>
    </trkpt>
    <trkpt lat="50.8322302" lon="7.0543268">
      <time>2025-04-04T15:26:32Z</time>
    </trkpt>
    <trkpt lat="50.8319525" lon="7.0546531">
      <time>2025-04-04T15:26:38Z</time>
    </trkpt>
    <trkpt lat="50.8318696" lon="7.0547435">
      <time>2025-04-04T15:26:40Z</time>
    </trkpt>
    <trkpt lat="50.8314844" lon="7.0550486">
      <time>2025-04-04T15:26:48Z</time>
    </trkpt>
    <trkpt lat="50.8312570" lon="7.0552115">
      <time>2025-04-04T15:26:53Z</time>
    </trkpt>
    <trkpt lat="50.8310719" lon="7.0553284">
      <time>2025-04-04T15:26:57Z</time>
    </trkpt>
    <trkpt lat="50.8310246" lon="7.0553568">
      <time>2025-04-04T15:26:58Z</time>
    </trkpt>
    <trkpt lat="50.8305091" lon="7.0556920">
      <time>2025-04-04T15:27:09Z</time>
    </trkpt>
    <trkpt lat="50.8300875" lon="7.0559738">
      <time>2025-04-04T15:27:18Z</time>
    </trkpt>
    <trkpt lat="50.8296831" lon="7.0562413">
      <time>2025-04-04T15:27:27Z</time>
    </trkpt>
    <trkpt lat="50.8296088" lon="7.0562857">
      <time>2025-04-04T15:27:29Z</time>
    </trkpt>
    <trkpt lat="50.8295039" lon="7.0563614">
      <time>2025-04-04T15:27:32Z</time>
    </trkpt>
    <trkpt lat="50.8292707" lon="7.0565263">
      <time>2025-04-04T15:27:39Z</time>
    </trkpt>
    <trkpt lat="50.8290237" lon="7.0566966">
      <time>2025-04-04T15:27:45Z</time>
    </trkpt>
    <trkpt lat="50.8289734" lon="7.0567322">
      <time>2025-04-04T15:27:46Z</time>
    </trkpt>
    <trkpt lat="50.8289188" lon="7.0567722">
      <time>2025-04-04T15:27:47Z</time>
    </trkpt>
    <trkpt lat="50.8287451" lon="7.0569084">
      <time>2025-04-04T15:27:50Z</time>
    </trkpt>
    <trkpt lat="50.8286826" lon="7.0569577">
      <time>2025-04-04T15:27:51Z</time>
    </trkpt>
    <trkpt lat="50.8282921" lon="7.0572869">
      <time>2025-04-04T15:27:57Z</time>
    </trkpt>
    <trkpt lat="50.8279959" lon="7.0575495">
      <time>2025-04-04T15:28:02Z</time>
    </trkpt>
    <trkpt lat="50.8278219" lon="7.0577284">
      <time>2025-04-04T15:28:05Z</time>
    </trkpt>
    <trkpt lat="50.8277152" lon="7.0578615">
      <time>2025-04-04T15:28:07Z</time>
    </trkpt>
    <trkpt lat="50.8275648" lon="7.0580674">
      <time>2025-04-04T15:28:10Z</time>
    </trkpt>
    <trkpt lat="50.8274230" lon="7.0582681">
      <time>2025-04-04T15:28:13Z</time>
    </trkpt>
    <trkpt lat="50.8273322" lon="7.0584012">
      <time>2025-04-04T15:28:15Z</time>
    </trkpt>
    <trkpt lat="50.8269781" lon="7.0588523">
      <time>2025-04-04T15:28:23Z</time>
    </trkpt>
    <trkpt lat="50.8267587" lon="7.0591143">
      <time>2025-04-04T15:28:28Z</time>
    </trkpt>
    <trkpt lat="50.8266644" lon="7.0592181">
      <time>2025-04-04T15:28:30Z</time>
    </trkpt>
    <trkpt lat="50.8265698" lon="7.0593118">
      <time>2025-04-04T15:28:32Z</time>
    </trkpt>
    <trkpt lat="50.8261587" lon="7.0595976">
      <time>2025-04-04T15:28:40Z</time>
    </trkpt>
    <trkpt lat="50.8257233" lon="7.0599247">
      <time>2025-04-04T15:28:49Z</time>
    </trkpt>
    <trkpt lat="50.8255933" lon="7.0600667">
      <time>2025-04-04T15:28:52Z</time>
    </trkpt>
    <trkpt lat="50.8254443" lon="7.0603028">
      <time>2025-04-04T15:28:56Z</time>
    </trkpt>
    <trkpt lat="50.8253423" lon="7.0605191">
      <time>2025-04-04T15:28:59Z</time>
    </trkpt>
    <trkpt lat="50.8252790" lon="7.0606682">
      <time>2025-04-04T15:29:01Z</time>
    </trkpt>
    <trkpt lat="50.8251454" lon="7.0609670">
      <time>2025-04-04T15:29:05Z</time>
    </trkpt>
    <trkpt lat="50.8249820" lon="7.0613249">
      <time>2025-04-04T15:29:10Z</time>
    </trkpt>
    <trkpt lat="50.8248770" lon="7.0615261">
      <time>2025-04-04T15:29:13Z</time>
    </trkpt>
    <trkpt lat="50.8248414" lon="7.0615899">
      <time>2025-04-04T15:29:14Z</time>
    </trkpt>
    <trkpt lat="50.8245159" lon="7.0621270">
      <time>2025-04-04T15:29:23Z</time>
    </trkpt>
    <trkpt lat="50.8243595" lon="7.0623402">
      <time>2025-04-04T15:29:27Z</time>
    </trkpt>
    <trkpt lat="50.8241989" lon="7.0625463">
      <time>2025-04-04T15:29:31Z</time>
    </trkpt>
    <trkpt lat="50.8238163" lon="7.0630401">
      <time>2025-04-04T15:29:40Z</time>
    </trkpt>
    <trkpt lat="50.8235794" lon="7.0633265">
      <time>2025-04-04T15:29:46Z</time>
    </trkpt>
    <trkpt lat="50.8234195" lon="7.0635166">
      <time>2025-04-04T15:29:50Z</time>
    </trkpt>
    <trkpt lat="50.8232634" lon="7.0637043">
      <time>2025-04-04T15:29:54Z</time>
    </trkpt>
    <trkpt lat="50.8229723" lon="7.0639761">
      <time>2025-04-04T15:30:01Z</time>
    </trkpt>
    <trkpt lat="50.8229210" lon="7.0640195">
      <time>2025-04-04T15:30:02Z</time>
    </trkpt>
    <trkpt lat="50.8227893" lon="7.0640944">
      <time>2025-04-04T15:30:05Z</time>
    </trkpt>
    <trkpt lat="50.8226885" lon="7.0641488">
      <time>2025-04-04T15:30:07Z</time>
    </trkpt>
    <trkpt lat="50.8225395" lon="7.0642213">
      <time>2025-04-04T15:30:10Z</time>
    </trkpt>
    <trkpt lat="50.8223364" lon="7.0643019">
      <time>2025-04-04T15:30:14Z</time>
    </trkpt>
    <trkpt lat="50.8221641" lon="7.0643711">
      <time>2025-04-04T15:30:17Z</time>
    </trkpt>
    <trkpt lat="50.8220773" lon="7.0644259">
      <time>2025-04-04T15:30:19Z</time>
    </trkpt>
    <trkpt lat="50.8220255" lon="7.0644671">
      <time>2025-04-04T15:30:20Z</time>
    </trkpt>
    <trkpt lat="50.8218618" lon="7.0646049">
      <time>2025-04-04T15:30:25Z</time>
    </trkpt>
    <trkpt lat="50.8217690" lon="7.0646937">
      <time>2025-04-04T15:30:29Z</time>
    </trkpt>
    <trkpt lat="50.8217652" lon="7.0647495">
      <time>2025-04-04T15:30:30Z</time>
    </trkpt>
    <trkpt lat="50.8218481" lon="7.0649495">
      <time>2025-04-04T15:30:34Z</time>
    </trkpt>
    <trkpt lat="50.8219694" lon="7.0651842">
      <time>2025-04-04T15:30:38Z</time>
    </trkpt>
    <trkpt lat="50.8220403" lon="7.0653479">
      <time>2025-04-04T15:30:41Z</time>
    </trkpt>
    <trkpt lat="50.8222905" lon="7.0659088">
      <time>2025-04-04T15:30:50Z</time>
    </trkpt>
    <trkpt lat="50.8223237" lon="7.0659715">
      <time>2025-04-04T15:30:51Z</time>
    </trkpt>
    <trkpt lat="50.8225320" lon="7.0664376">
      <time>2025-04-04T15:30:59Z</time>
    </trkpt>
    <trkpt lat="50.8226228" lon="7.0666666">
      <time>2025-04-04T15:31:04Z</time>
    </trkpt>
    <trkpt lat="50.8226182" lon="7.0666964">
      <time>2025-04-04T15:31:05Z</time>
    </trkpt>
    <trkpt lat="50.8226073" lon="7.0667329">
      <time>2025-04-04T15:31:07Z</time>
    </trkpt>
    <trkpt lat="50.8226073" lon="7.0667329">
      <time>2025-04-04T15:31:12Z</time>
    </trkpt>
    <trkpt lat="50.8226091" lon="7.0667583">
      <time>2025-04-04T15:31:15Z</time>
    </trkpt>
    <trkpt lat="50.8226318" lon="7.0668308">
      <time>2025-04-04T15:31:17Z</time>
    </trkpt>
    <trkpt lat="50.8227443" lon="7.0670384">
      <time>2025-04-04T15:31:21Z</time>
    </trkpt>
    <trkpt lat="50.8229102" lon="7.0672696">
      <time>2025-04-04T15:31:26Z</time>
    </trkpt>
    <trkpt lat="50.8229631" lon="7.0673797">
      <time>2025-04-04T15:31:28Z</time>
    </trkpt>
    <trkpt lat="50.8230808" lon="7.0676837">
      <time>2025-04-04T15:31:33Z</time>
    </trkpt>
    <trkpt lat="50.8231043" lon="7.0677506">
      <time>2025-04-04T15:31:34Z</time>
    </trkpt>
    <trkpt lat="50.8231789" lon="7.0679528">
      <time>2025-04-04T15:31:37Z</time>
    </trkpt>
    <trkpt lat="50.8234271" lon="7.0685764">
      <time>2025-04-04T15:31:46Z</time>
    </trkpt>
    <trkpt lat="50.8237589" lon="7.0692436">
      <time>2025-04-04T15:31:56Z</time>
    </trkpt>
    <trkpt lat="50.8240602" lon="7.0697632">
      <time>2025-04-04T15:32:05Z</time>
    </trkpt>
    <trkpt lat="50.8242165" lon="7.0700608">
      <time>2025-04-04T15:32:10Z</time>
    </trkpt>
    <trkpt lat="50.8243376" lon="7.0702996">
      <time>2025-04-04T15:32:14Z</time>
    </trkpt>
    <trkpt lat="50.8245241" lon="7.0706525">
      <time>2025-04-04T15:32:20Z</time>
    </trkpt>
    <trkpt lat="50.8245709" lon="7.0707661">
      <time>2025-04-04T15:32:22Z</time>
    </trkpt>
    <trkpt lat="50.8246154" lon="7.0708729">
      <time>2025-04-04T15:32:24Z</time>
    </trkpt>
    <trkpt lat="50.8246856" lon="7.0710317">
      <time>2025-04-04T15:32:27Z</time>
    </trkpt>
    <trkpt lat="50.8247862" lon="7.0714186">
      <time>2025-04-04T15:32:34Z</time>
    </trkpt>
    <trkpt lat="50.8248085" lon="7.0715561">
      <time>2025-04-04T15:32:37Z</time>
    </trkpt>
    <trkpt lat="50.8248291" lon="7.0716703">
      <time>2025-04-04T15:32:40Z</time>
    </trkpt>
    <trkpt lat="50.8248424" lon="7.0717182">
      <time>2025-04-04T15:32:42Z</time>
    </trkpt>
    <trkpt lat="50.8248459" lon="7.0717242">
      <time>2025-04-04T15:32:44Z</time>
    </trkpt>
    <trkpt lat="50.8248423" lon="7.0717255">
      <time>2025-04-04T15:32:47Z</time>
    </trkpt>
    <trkpt lat="50.8248241" lon="7.0717295">
      <time>2025-04-04T15:32:50Z</time>
    </trkpt>
    <trkpt lat="50.8248241" lon="7.0717295">
      <time>2025-04-04T15:32:51Z</time>
    </trkpt>
    <trkpt lat="50.8248257" lon="7.0717414">
      <time>2025-04-04T15:33:01Z</time>
    </trkpt>
    <trkpt lat="50.8248182" lon="7.0717538">
      <time>2025-04-04T15:33:11Z</time>
    </trkpt>
    <trkpt lat="50.8248014" lon="7.0717475">
      <time>2025-04-04T15:33:15Z</time>
    </trkpt>
    <trkpt lat="50.8247625" lon="7.0717265">
      <time>2025-04-04T15:33:18Z</time>
    </trkpt>
    <trkpt lat="50.8247611" lon="7.0717212">
      <time>2025-04-04T15:33:26Z</time>
    </trkpt>
    <trkpt lat="50.8247609" lon="7.0717239">
      <time>2025-04-04T15:33:33Z</time>
    </trkpt>
    <trkpt lat="50.8247609" lon="7.0717239">
      <time>2025-04-04T15:33:36Z</time>
    </trkpt>
    <trkpt lat="50.8247609" lon="7.0717239">
      <time>2025-04-04T15:33:39Z</time>
    </trkpt>
    <trkpt lat="50.8247606" lon="7.0717322">
      <time>2025-04-04T15:33:49Z</time>
    </trkpt>
    <trkpt lat="50.8247620" lon="7.0717431">
      <time>2025-04-04T15:33:54Z</time>
    </trkpt>
    <trkpt lat="50.8247692" lon="7.0717668">
      <time>2025-04-04T15:33:58Z</time>
    </trkpt>
    <trkpt lat="50.8247340" lon="7.0718055">
      <time>2025-04-04T15:34:00Z</time>
    </trkpt>
    <trkpt lat="50.8247382" lon="7.0718429">
      <time>2025-04-04T15:34:01Z</time>
    </trkpt>
    <trkpt lat="50.8247652" lon="7.0719007">
      <time>2025-04-04T15:34:03Z</time>
    </trkpt>
    <trkpt lat="50.8248461" lon="7.0719402">
      <time>2025-04-04T15:34:05Z</time>
    </trkpt>
    <trkpt lat="50.8248455" lon="7.0719366">
      <time>2025-04-04T15:34:08Z</time>
    </trkpt>
    <trkpt lat="50.8247673" lon="7.0718684">
      <time>2025-04-04T15:34:11Z</time>
    </trkpt>
    <trkpt lat="50.8247754" lon="7.0718612">
      <time>2025-04-04T15:34:18Z</time>
    </trkpt>
    <trkpt lat="50.8247827" lon="7.0718376">
      <time>2025-04-04T15:34:22Z</time>
    </trkpt>
    <trkpt lat="50.8247864" lon="7.0718368">
      <time>2025-04-04T15:34:24Z</time>
    </trkpt>
    <trkpt lat="50.8247813" lon="7.0718301">
      <time>2025-04-04T15:34:28Z</time>
    </trkpt>
    <trkpt lat="50.8247858" lon="7.0718371">
      <time>2025-04-04T15:34:31Z</time>
    </trkpt>
    <trkpt lat="50.8247961" lon="7.0718644">
      <time>2025-04-04T15:34:33Z</time>
    </trkpt>
    <trkpt lat="50.8247936" lon="7.0718669">
      <time>2025-04-04T15:34:37Z</time>
    </trkpt>
    <trkpt lat="50.8247941" lon="7.0718647">
      <time>2025-04-04T15:34:41Z</time>
    </trkpt>
    <trkpt lat="50.8247916" lon="7.0718689">
      <time>2025-04-04T15:34:45Z</time>
    </trkpt>
    <trkpt lat="50.8247916" lon="7.0718689">
      <time>2025-04-04T15:34:47Z</time>
    </trkpt>
    <trkpt lat="50.8247916" lon="7.0718689">
      <time>2025-04-04T15:34:50Z</time>
    </trkpt>
    <trkpt lat="50.8247885" lon="7.0718654">
      <time>2025-04-04T15:34:52Z</time>
    </trkpt>
    <trkpt lat="50.8247936" lon="7.0718677">
      <time>2025-04-04T15:34:55Z</time>
    </trkpt>
    <trkpt lat="50.8247861" lon="7.0718773">
      <time>2025-04-04T15:35:04Z</time>
    </trkpt>
    <trkpt lat="50.8247823" lon="7.0718734">
      <time>2025-04-04T15:35:13Z</time>
    </trkpt>
    <trkpt lat="50.8247823" lon="7.0718734">
      <time>2025-04-04T15:35:17Z</time>
    </trkpt>
    <trkpt lat="50.8247656" lon="7.0718392">
      <time>2025-04-04T15:35:21Z</time>
    </trkpt>
    <trkpt lat="50.8247638" lon="7.0717963">
      <time>2025-04-04T15:35:25Z</time>
    </trkpt>
    <trkpt lat="50.8247638" lon="7.0717963">
      <time>2025-04-04T15:35:27Z</time>
    </trkpt>
    <trkpt lat="50.8247766" lon="7.0717787">
      <time>2025-04-04T15:35:30Z</time>
    </trkpt>
    <trkpt lat="50.8247988" lon="7.0717784">
      <time>2025-04-04T15:35:33Z</time>
    </trkpt>
    <trkpt lat="50.8248086" lon="7.0717955">
      <time>2025-04-04T15:35:35Z</time>
    </trkpt>
    <trkpt lat="50.8248164" lon="7.0717990">
      <time>2025-04-04T15:35:37Z</time>
    </trkpt>
    <trkpt lat="50.8248164" lon="7.0717990">
      <time>2025-04-04T15:35:41Z</time>
    </trkpt>
    <trkpt lat="50.8248164" lon="7.0717990">
      <time>2025-04-04T15:35:43Z</time>
    </trkpt>
    <trkpt lat="50.8248164" lon="7.0717990">
      <time>2025-04-04T15:35:46Z</time>
    </trkpt>
    <trkpt lat="50.8248164" lon="7.0717990">
      <time>2025-04-04T15:35:49Z</time>
    </trkpt>
    <trkpt lat="50.8248250" lon="7.0717967">
      <time>2025-04-04T15:35:54Z</time>
    </trkpt>
    <trkpt lat="50.8248057" lon="7.0717987">
      <time>2025-04-04T15:35:59Z</time>
    </trkpt>
    <trkpt lat="50.8247925" lon="7.0717997">
      <time>2025-04-04T15:36:00Z</time>
    </trkpt>
    <trkpt lat="50.8247897" lon="7.0717999">
      <time>2025-04-04T15:36:05Z</time>
    </trkpt>
    <trkpt lat="50.8247896" lon="7.0718036">
      <time>2025-04-04T15:36:16Z</time>
    </trkpt>
    <trkpt lat="50.8247827" lon="7.0718053">
      <time>2025-04-04T15:36:22Z</time>
    </trkpt>
    <trkpt lat="50.8247818" lon="7.0718054">
      <time>2025-04-04T15:36:27Z</time>
    </trkpt>
    <trkpt lat="50.8247818" lon="7.0718054">
      <time>2025-04-04T15:36:28Z</time>
    </trkpt>
    <trkpt lat="50.8247858" lon="7.0718063">
      <time>2025-04-04T15:36:29Z</time>
    </trkpt>
    <trkpt lat="50.8247940" lon="7.0718072">
      <time>2025-04-04T15:36:30Z</time>
    </trkpt>
    <trkpt lat="50.8247997" lon="7.0718052">
      <time>2025-04-04T15:36:34Z</time>
    </trkpt>
    <trkpt lat="50.8248117" lon="7.0717996">
      <time>2025-04-04T15:36:45Z</time>
    </trkpt>
    <trkpt lat="50.8248275" lon="7.0717944">
      <time>2025-04-04T15:36:50Z</time>
    </trkpt>
    <trkpt lat="50.8248275" lon="7.0717944">
      <time>2025-04-04T15:36:56Z</time>
    </trkpt>
    <trkpt lat="50.8248275" lon="7.0717944">
      <time>2025-04-04T15:36:58Z</time>
    </trkpt>
    <trkpt lat="50.8248261" lon="7.0717745">
      <time>2025-04-04T15:37:08Z</time>
    </trkpt>
    <trkpt lat="50.8248253" lon="7.0717438">
      <time>2025-04-04T15:37:09Z</time>
    </trkpt>
    <trkpt lat="50.8248150" lon="7.0716819">
      <time>2025-04-04T15:37:11Z</time>
    </trkpt>
    <trkpt lat="50.8247972" lon="7.0716360">
      <time>2025-04-04T15:37:12Z</time>
    </trkpt>
    <trkpt lat="50.8247496" lon="7.0714530">
      <time>2025-04-04T15:37:17Z</time>
    </trkpt>
    <trkpt lat="50.8247431" lon="7.0714213">
      <time>2025-04-04T15:37:18Z</time>
    </trkpt>
    <trkpt lat="50.8246682" lon="7.0710702">
      <time>2025-04-04T15:37:26Z</time>
    </trkpt>
    <trkpt lat="50.8246387" lon="7.0709547">
      <time>2025-04-04T15:37:28Z</time>
    </trkpt>
    <trkpt lat="50.8245806" lon="7.0707855">
      <time>2025-04-04T15:37:31Z</time>
    </trkpt>
    <trkpt lat="50.8244348" lon="7.0704458">
      <time>2025-04-04T15:37:37Z</time>
    </trkpt>
    <trkpt lat="50.8243615" lon="7.0702898">
      <time>2025-04-04T15:37:40Z</time>
    </trkpt>
    <trkpt lat="50.8242488" lon="7.0700772">
      <time>2025-04-04T15:37:44Z</time>
    </trkpt>
    <trkpt lat="50.8241624" lon="7.0699105">
      <time>2025-04-04T15:37:47Z</time>
    </trkpt>
    <trkpt lat="50.8239088" lon="7.0694701">
      <time>2025-04-04T15:37:55Z</time>
    </trkpt>
    <trkpt lat="50.8238097" lon="7.0693032">
      <time>2025-04-04T15:37:58Z</time>
    </trkpt>
    <trkpt lat="50.8237419" lon="7.0691924">
      <time>2025-04-04T15:38:00Z</time>
    </trkpt>
    <trkpt lat="50.8236844" lon="7.0690803">
      <time>2025-04-04T15:38:02Z</time>
    </trkpt>
    <trkpt lat="50.8234511" lon="7.0686104">
      <time>2025-04-04T15:38:10Z</time>
    </trkpt>
    <trkpt lat="50.8232804" lon="7.0682052">
      <time>2025-04-04T15:38:16Z</time>
    </trkpt>
    <trkpt lat="50.8230309" lon="7.0675527">
      <time>2025-04-04T15:38:25Z</time>
    </trkpt>
    <trkpt lat="50.8228015" lon="7.0670898">
      <time>2025-04-04T15:38:32Z</time>
    </trkpt>
    <trkpt lat="50.8226944" lon="7.0669286">
      <time>2025-04-04T15:38:36Z</time>
    </trkpt>
    <trkpt lat="50.8226586" lon="7.0667055">
      <time>2025-04-04T15:38:41Z</time>
    </trkpt>
    <trkpt lat="50.8225874" lon="7.0665100">
      <time>2025-04-04T15:38:45Z</time>
    </trkpt>
    <trkpt lat="50.8223891" lon="7.0660673">
      <time>2025-04-04T15:38:52Z</time>
    </trkpt>
    <trkpt lat="50.8221649" lon="7.0655724">
      <time>2025-04-04T15:38:59Z</time>
    </trkpt>
    <trkpt lat="50.8220714" lon="7.0653755">
      <time>2025-04-04T15:39:02Z</time>
    </trkpt>
    <trkpt lat="50.8219642" lon="7.0650998">
      <time>2025-04-04T15:39:06Z</time>
    </trkpt>
    <trkpt lat="50.8218428" lon="7.0647933">
      <time>2025-04-04T15:39:11Z</time>
    </trkpt>
    <trkpt lat="50.8217890" lon="7.0646842">
      <time>2025-04-04T15:39:13Z</time>
    </trkpt>
    <trkpt lat="50.8217616" lon="7.0646434">
      <time>2025-04-04T15:39:14Z</time>
    </trkpt>
    <trkpt lat="50.8216970" lon="7.0646487">
      <time>2025-04-04T15:39:16Z</time>
    </trkpt>
    <trkpt lat="50.8215409" lon="7.0647952">
      <time>2025-04-04T15:39:20Z</time>
    </trkpt>
    <trkpt lat="50.8212654" lon="7.0649921">
      <time>2025-04-04T15:39:26Z</time>
    </trkpt>
    <trkpt lat="50.8211135" lon="7.0650855">
      <time>2025-04-04T15:39:29Z</time>
    </trkpt>
    <trkpt lat="50.8208790" lon="7.0652474">
      <time>2025-04-04T15:39:34Z</time>
    </trkpt>
    <trkpt lat="50.8208246" lon="7.0652939">
      <time>2025-04-04T15:39:35Z</time>
    </trkpt>
    <trkpt lat="50.8207883" lon="7.0653188">
      <time>2025-04-04T15:39:36Z</time>
    </trkpt>
    <trkpt lat="50.8206916" lon="7.0653594">
      <time>2025-04-04T15:39:39Z</time>
    </trkpt>
    <trkpt lat="50.8206221" lon="7.0654217">
      <time>2025-04-04T15:39:43Z</time>
    </trkpt>
    <trkpt lat="50.8204907" lon="7.0654872">
      <time>2025-04-04T15:39:47Z</time>
    </trkpt>
    <trkpt lat="50.8204472" lon="7.0655065">
      <time>2025-04-04T15:39:48Z</time>
    </trkpt>
    <trkpt lat="50.8201996" lon="7.0656570">
      <time>2025-04-04T15:39:54Z</time>
    </trkpt>
    <trkpt lat="50.8201568" lon="7.0656765">
      <time>2025-04-04T15:39:55Z</time>
    </trkpt>
    <trkpt lat="50.8200631" lon="7.0657095">
      <time>2025-04-04T15:39:57Z</time>
    </trkpt>
    <trkpt lat="50.8198321" lon="7.0658258">
      <time>2025-04-04T15:40:02Z</time>
    </trkpt>
    <trkpt lat="50.8197800" lon="7.0658435">
      <time>2025-04-04T15:40:03Z</time>
    </trkpt>
    <trkpt lat="50.8195356" lon="7.0658969">
      <time>2025-04-04T15:40:08Z</time>
    </trkpt>
    <trkpt lat="50.8193949" lon="7.0659404">
      <time>2025-04-04T15:40:11Z</time>
    </trkpt>
    <trkpt lat="50.8193176" lon="7.0660005">
      <time>2025-04-04T15:40:13Z</time>
    </trkpt>
    <trkpt lat="50.8190117" lon="7.0662972">
      <time>2025-04-04T15:40:21Z</time>
    </trkpt>
    <trkpt lat="50.8189368" lon="7.0663698">
      <time>2025-04-04T15:40:23Z</time>
    </trkpt>
    <trkpt lat="50.8187950" lon="7.0664778">
      <time>2025-04-04T15:40:27Z</time>
    </trkpt>
    <trkpt lat="50.8187560" lon="7.0665093">
      <time>2025-04-04T15:40:28Z</time>
    </trkpt>
    <trkpt lat="50.8184541" lon="7.0667830">
      <time>2025-04-04T15:40:36Z</time>
    </trkpt>
    <trkpt lat="50.8184164" lon="7.0668130">
      <time>2025-04-04T15:40:37Z</time>
    </trkpt>
    <trkpt lat="50.8182914" lon="7.0669274">
      <time>2025-04-04T15:40:40Z</time>
    </trkpt>
    <trkpt lat="50.8182041" lon="7.0670106">
      <time>2025-04-04T15:40:42Z</time>
    </trkpt>
    <trkpt lat="50.8181121" lon="7.0670918">
      <time>2025-04-04T15:40:44Z</time>
    </trkpt>
    <trkpt lat="50.8179782" lon="7.0672121">
      <time>2025-04-04T15:40:47Z</time>
    </trkpt>
    <trkpt lat="50.8178023" lon="7.0673652">
      <time>2025-04-04T15:40:51Z</time>
    </trkpt>
    <trkpt lat="50.8174773" lon="7.0676522">
      <time>2025-04-04T15:40:58Z</time>
    </trkpt>
    <trkpt lat="50.8174301" lon="7.0676995">
      <time>2025-04-04T15:40:59Z</time>
    </trkpt>
    <trkpt lat="50.8171496" lon="7.0679807">
      <time>2025-04-04T15:41:05Z</time>
    </trkpt>
    <trkpt lat="50.8169603" lon="7.0681608">
      <time>2025-04-04T15:41:09Z</time>
    </trkpt>
    <trkpt lat="50.8169136" lon="7.0682071">
      <time>2025-04-04T15:41:10Z</time>
    </trkpt>
    <trkpt lat="50.8166732" lon="7.0684335">
      <time>2025-04-04T15:41:15Z</time>
    </trkpt>
    <trkpt lat="50.8162771" lon="7.0687920">
      <time>2025-04-04T15:41:23Z</time>
    </trkpt>
    <trkpt lat="50.8162238" lon="7.0688353">
      <time>2025-04-04T15:41:24Z</time>
    </trkpt>
    <trkpt lat="50.8157119" lon="7.0692948">
      <time>2025-04-04T15:41:34Z</time>
    </trkpt>
    <trkpt lat="50.8151949" lon="7.0697580">
      <time>2025-04-04T15:41:44Z</time>
    </trkpt>
    <trkpt lat="50.8148399" lon="7.0700015">
      <time>2025-04-04T15:41:51Z</time>
    </trkpt>
    <trkpt lat="50.8147947" lon="7.0700264">
      <time>2025-04-04T15:41:52Z</time>
    </trkpt>
    <trkpt lat="50.8147069" lon="7.0700737">
      <time>2025-04-04T15:41:54Z</time>
    </trkpt>
    <trkpt lat="50.8145299" lon="7.0701451">
      <time>2025-04-04T15:41:58Z</time>
    </trkpt>
    <trkpt lat="50.8143470" lon="7.0702170">
      <time>2025-04-04T15:42:02Z</time>
    </trkpt>
    <trkpt lat="50.8142660" lon="7.0702850">
      <time>2025-04-04T15:42:04Z</time>
    </trkpt>
    <trkpt lat="50.8141931" lon="7.0703713">
      <time>2025-04-04T15:42:06Z</time>
    </trkpt>
    <trkpt lat="50.8140307" lon="7.0706277">
      <time>2025-04-04T15:42:11Z</time>
    </trkpt>
    <trkpt lat="50.8138167" lon="7.0709717">
      <time>2025-04-04T15:42:17Z</time>
    </trkpt>
    <trkpt lat="50.8137386" lon="7.0710954">
      <time>2025-04-04T15:42:19Z</time>
    </trkpt>
    <trkpt lat="50.8136203" lon="7.0713045">
      <time>2025-04-04T15:42:22Z</time>
    </trkpt>
    <trkpt lat="50.8135139" lon="7.0714685">
      <time>2025-04-04T15:42:25Z</time>
    </trkpt>
    <trkpt lat="50.8133826" lon="7.0716628">
      <time>2025-04-04T15:42:28Z</time>
    </trkpt>
    <trkpt lat="50.8130691" lon="7.0721823">
      <time>2025-04-04T15:42:36Z</time>
    </trkpt>
    <trkpt lat="50.8129971" lon="7.0723084">
      <time>2025-04-04T15:42:38Z</time>
    </trkpt>
    <trkpt lat="50.8127929" lon="7.0725992">
      <time>2025-04-04T15:42:43Z</time>
    </trkpt>
    <trkpt lat="50.8124095" lon="7.0732018">
      <time>2025-04-04T15:42:53Z</time>
    </trkpt>
    <trkpt lat="50.8121569" lon="7.0736345">
      <time>2025-04-04T15:43:00Z</time>
    </trkpt>
    <trkpt lat="50.8117750" lon="7.0742415">
      <time>2025-04-04T15:43:10Z</time>
    </trkpt>
    <trkpt lat="50.8114732" lon="7.0747323">
      <time>2025-04-04T15:43:18Z</time>
    </trkpt>
    <trkpt lat="50.8111194" lon="7.0752599">
      <time>2025-04-04T15:43:27Z</time>
    </trkpt>
    <trkpt lat="50.8110834" lon="7.0753203">
      <time>2025-04-04T15:43:28Z</time>
    </trkpt>
    <trkpt lat="50.8106995" lon="7.0759219">
      <time>2025-04-04T15:43:38Z</time>
    </trkpt>
    <trkpt lat="50.8106613" lon="7.0759796">
      <time>2025-04-04T15:43:39Z</time>
    </trkpt>
    <trkpt lat="50.8103682" lon="7.0764509">
      <time>2025-04-04T15:43:47Z</time>
    </trkpt>
    <trkpt lat="50.8101561" lon="7.0767694">
      <time>2025-04-04T15:43:53Z</time>
    </trkpt>
    <trkpt lat="50.8101128" lon="7.0767994">
      <time>2025-04-04T15:43:54Z</time>
    </trkpt>
    <trkpt lat="50.8100692" lon="7.0768046">
      <time>2025-04-04T15:43:55Z</time>
    </trkpt>
    <trkpt lat="50.8099938" lon="7.0767314">
      <time>2025-04-04T15:43:57Z</time>
    </trkpt>
    <trkpt lat="50.8097460" lon="7.0762260">
      <time>2025-04-04T15:44:05Z</time>
    </trkpt>
    <trkpt lat="50.8094535" lon="7.0756224">
      <time>2025-04-04T15:44:15Z</time>
    </trkpt>
    <trkpt lat="50.8092713" lon="7.0752368">
      <time>2025-04-04T15:44:21Z</time>
    </trkpt>
    <trkpt lat="50.8091123" lon="7.0749182">
      <time>2025-04-04T15:44:26Z</time>
    </trkpt>
    <trkpt lat="50.8087830" lon="7.0742532">
      <time>2025-04-04T15:44:36Z</time>
    </trkpt>
    <trkpt lat="50.8084460" lon="7.0735770">
      <time>2025-04-04T15:44:46Z</time>
    </trkpt>
    <trkpt lat="50.8084126" lon="7.0735100">
      <time>2025-04-04T15:44:47Z</time>
    </trkpt>
    <trkpt lat="50.8081375" lon="7.0729717">
      <time>2025-04-04T15:44:55Z</time>
    </trkpt>
    <trkpt lat="50.8080451" lon="7.0727846">
      <time>2025-04-04T15:44:58Z</time>
    </trkpt>
    <trkpt lat="50.8079094" lon="7.0725146">
      <time>2025-04-04T15:45:02Z</time>
    </trkpt>
    <trkpt lat="50.8077143" lon="7.0721274">
      <time>2025-04-04T15:45:08Z</time>
    </trkpt>
    <trkpt lat="50.8074215" lon="7.0715501">
      <time>2025-04-04T15:45:17Z</time>
    </trkpt>
    <trkpt lat="50.8072367" lon="7.0711682">
      <time>2025-04-04T15:45:23Z</time>
    </trkpt>
    <trkpt lat="50.8071103" lon="7.0709152">
      <time>2025-04-04T15:45:27Z</time>
    </trkpt>
    <trkpt lat="50.8070168" lon="7.0707299">
      <time>2025-04-04T15:45:30Z</time>
    </trkpt>
    <trkpt lat="50.8068679" lon="7.0704179">
      <time>2025-04-04T15:45:35Z</time>
    </trkpt>
    <trkpt lat="50.8067377" lon="7.0701777">
      <time>2025-04-04T15:45:39Z</time>
    </trkpt>
    <trkpt lat="50.8066094" lon="7.0699213">
      <time>2025-04-04T15:45:43Z</time>
    </trkpt>
    <trkpt lat="50.8065193" lon="7.0697563">
      <time>2025-04-04T15:45:46Z</time>
    </trkpt>
    <trkpt lat="50.8064417" lon="7.0697274">
      <time>2025-04-04T15:45:48Z</time>
    </trkpt>
    <trkpt lat="50.8063509" lon="7.0697900">
      <time>2025-04-04T15:45:50Z</time>
    </trkpt>
    <trkpt lat="50.8062662" lon="7.0698886">
      <time>2025-04-04T15:45:52Z</time>
    </trkpt>
    <trkpt lat="50.8058936" lon="7.0703878">
      <time>2025-04-04T15:46:01Z</time>
    </trkpt>
    <trkpt lat="50.8054770" lon="7.0709475">
      <time>2025-04-04T15:46:12Z</time>
    </trkpt>
    <trkpt lat="50.8051363" lon="7.0713833">
      <time>2025-04-04T15:46:21Z</time>
    </trkpt>
    <trkpt lat="50.8047233" lon="7.0718652">
      <time>2025-04-04T15:46:31Z</time>
    </trkpt>
    <trkpt lat="50.8044506" lon="7.0721402">
      <time>2025-04-04T15:46:37Z</time>
    </trkpt>
    <trkpt lat="50.8043273" lon="7.0722694">
      <time>2025-04-04T15:46:40Z</time>
    </trkpt>
    <trkpt lat="50.8039188" lon="7.0726917">
      <time>2025-04-04T15:46:50Z</time>
    </trkpt>
    <trkpt lat="50.8034441" lon="7.0731967">
      <time>2025-04-04T15:47:01Z</time>
    </trkpt>
    <trkpt lat="50.8033674" lon="7.0732744">
      <time>2025-04-04T15:47:03Z</time>
    </trkpt>
    <trkpt lat="50.8030290" lon="7.0736235">
      <time>2025-04-04T15:47:11Z</time>
    </trkpt>
    <trkpt lat="50.8029345" lon="7.0737177">
      <time>2025-04-04T15:47:13Z</time>
    </trkpt>
    <trkpt lat="50.8025441" lon="7.0741436">
      <time>2025-04-04T15:47:23Z</time>
    </trkpt>
    <trkpt lat="50.8022091" lon="7.0744849">
      <time>2025-04-04T15:47:31Z</time>
    </trkpt>
    <trkpt lat="50.8017271" lon="7.0749956">
      <time>2025-04-04T15:47:43Z</time>
    </trkpt>
    <trkpt lat="50.8013498" lon="7.0753845">
      <time>2025-04-04T15:47:52Z</time>
    </trkpt>
    <trkpt lat="50.8012182" lon="7.0755082">
      <time>2025-04-04T15:47:55Z</time>
    </trkpt>
    <trkpt lat="50.8011756" lon="7.0755531">
      <time>2025-04-04T15:47:56Z</time>
    </trkpt>
    <trkpt lat="50.8009979" lon="7.0757110">
      <time>2025-04-04T15:48:00Z</time>
    </trkpt>
    <trkpt lat="50.8009001" lon="7.0758066">
      <time>2025-04-04T15:48:02Z</time>
    </trkpt>
    <trkpt lat="50.8004010" lon="7.0762847">
      <time>2025-04-04T15:48:13Z</time>
    </trkpt>
    <trkpt lat="50.8003171" lon="7.0763590">
      <time>2025-04-04T15:48:15Z</time>
    </trkpt>
    <trkpt lat="50.7999478" lon="7.0767151">
      <time>2025-04-04T15:48:23Z</time>
    </trkpt>
    <trkpt lat="50.7996360" lon="7.0770006">
      <time>2025-04-04T15:48:30Z</time>
    </trkpt>
    <trkpt lat="50.7995909" lon="7.0770459">
      <time>2025-04-04T15:48:31Z</time>
    </trkpt>
    <trkpt lat="50.7991826" lon="7.0774366">
      <time>2025-04-04T15:48:40Z</time>
    </trkpt>
    <trkpt lat="50.7989640" lon="7.0776422">
      <time>2025-04-04T15:48:45Z</time>
    </trkpt>
    <trkpt lat="50.7987053" lon="7.0778836">
      <time>2025-04-04T15:48:51Z</time>
    </trkpt>
    <trkpt lat="50.7985489" lon="7.0780367">
      <time>2025-04-04T15:48:55Z</time>
    </trkpt>
    <trkpt lat="50.7982130" lon="7.0783489">
      <time>2025-04-04T15:49:03Z</time>
    </trkpt>
    <trkpt lat="50.7980845" lon="7.0784645">
      <time>2025-04-04T15:49:06Z</time>
    </trkpt>
    <trkpt lat="50.7979936" lon="7.0785528">
      <time>2025-04-04T15:49:08Z</time>
    </trkpt>
    <trkpt lat="50.7977936" lon="7.0787453">
      <time>2025-04-04T15:49:13Z</time>
    </trkpt>
    <trkpt lat="50.7973440" lon="7.0792131">
      <time>2025-04-04T15:49:24Z</time>
    </trkpt>
    <trkpt lat="50.7968944" lon="7.0797098">
      <time>2025-04-04T15:49:35Z</time>
    </trkpt>
    <trkpt lat="50.7966118" lon="7.0800219">
      <time>2025-04-04T15:49:42Z</time>
    </trkpt>
    <trkpt lat="50.7962132" lon="7.0804685">
      <time>2025-04-04T15:49:51Z</time>
    </trkpt>
    <trkpt lat="50.7957362" lon="7.0810015">
      <time>2025-04-04T15:50:03Z</time>
    </trkpt>
    <trkpt lat="50.7955962" lon="7.0811787">
      <time>2025-04-04T15:50:08Z</time>
    </trkpt>
    <trkpt lat="50.7956205" lon="7.0811522">
      <time>2025-04-04T15:50:11Z</time>
    </trkpt>
    <trkpt lat="50.7957239" lon="7.0810285">
      <time>2025-04-04T15:50:15Z</time>
    </trkpt>
    <trkpt lat="50.7958814" lon="7.0808426">
      <time>2025-04-04T15:50:20Z</time>
    </trkpt>
    <trkpt lat="50.7959554" lon="7.0807546">
      <time>2025-04-04T15:50:22Z</time>
    </trkpt>
    <trkpt lat="50.7960761" lon="7.0806133">
      <time>2025-04-04T15:50:25Z</time>
    </trkpt>
    <trkpt lat="50.7961801" lon="7.0805376">
      <time>2025-04-04T15:50:27Z</time>
    </trkpt>
    <trkpt lat="50.7962714" lon="7.0805621">
      <time>2025-04-04T15:50:29Z</time>
    </trkpt>
    <trkpt lat="50.7963943" lon="7.0807485">
      <time>2025-04-04T15:50:32Z</time>
    </trkpt>
    <trkpt lat="50.7966192" lon="7.0811471">
      <time>2025-04-04T15:50:38Z</time>
    </trkpt>
    <trkpt lat="50.7969006" lon="7.0816377">
      <time>2025-04-04T15:50:45Z</time>
    </trkpt>
    <trkpt lat="50.7972336" lon="7.0821989">
      <time>2025-04-04T15:50:53Z</time>
    </trkpt>
    <trkpt lat="50.7973554" lon="7.0823930">
      <time>2025-04-04T15:50:56Z</time>
    </trkpt>
    <trkpt lat="50.7975044" lon="7.0826547">
      <time>2025-04-04T15:51:00Z</time>
    </trkpt>
    <trkpt lat="50.7975841" lon="7.0827798">
      <time>2025-04-04T15:51:02Z</time>
    </trkpt>
    <trkpt lat="50.7979715" lon="7.0834314">
      <time>2025-04-04T15:51:12Z</time>
    </trkpt>
    <trkpt lat="50.7980431" lon="7.0835499">
      <time>2025-04-04T15:51:14Z</time>
    </trkpt>
    <trkpt lat="50.7983517" lon="7.0840834">
      <time>2025-04-04T15:51:22Z</time>
    </trkpt>
    <trkpt lat="50.7987010" lon="7.0846708">
      <time>2025-04-04T15:51:31Z</time>
    </trkpt>
    <trkpt lat="50.7989838" lon="7.0851375">
      <time>2025-04-04T15:51:38Z</time>
    </trkpt>
    <trkpt lat="50.7991526" lon="7.0854203">
      <time>2025-04-04T15:51:42Z</time>
    </trkpt>
    <trkpt lat="50.7994215" lon="7.0858667">
      <time>2025-04-04T15:51:49Z</time>
    </trkpt>
    <trkpt lat="50.7997218" lon="7.0863941">
      <time>2025-04-04T15:51:57Z</time>
    </trkpt>
    <trkpt lat="50.8000129" lon="7.0868825">
      <time>2025-04-04T15:52:04Z</time>
    </trkpt>
    <trkpt lat="50.8003778" lon="7.0874864">
      <time>2025-04-04T15:52:13Z</time>
    </trkpt>
    <trkpt lat="50.8007223" lon="7.0880705">
      <time>2025-04-04T15:52:22Z</time>
    </trkpt>
    <trkpt lat="50.8009731" lon="7.0884894">
      <time>2025-04-04T15:52:28Z</time>
    </trkpt>
    <trkpt lat="50.8010142" lon="7.0885609">
      <time>2025-04-04T15:52:29Z</time>
    </trkpt>
    <trkpt lat="50.8013075" lon="7.0890339">
      <time>2025-04-04T15:52:36Z</time>
    </trkpt>
    <trkpt lat="50.8013842" lon="7.0891720">
      <time>2025-04-04T15:52:38Z</time>
    </trkpt>
    <trkpt lat="50.8014618" lon="7.0893074">
      <time>2025-04-04T15:52:40Z</time>
    </trkpt>
    <trkpt lat="50.8017002" lon="7.0897107">
      <time>2025-04-04T15:52:46Z</time>
    </trkpt>
    <trkpt lat="50.8020311" lon="7.0902661">
      <time>2025-04-04T15:52:55Z</time>
    </trkpt>
    <trkpt lat="50.8020975" lon="7.0903690">
      <time>2025-04-04T15:52:57Z</time>
    </trkpt>
    <trkpt lat="50.8021545" lon="7.0904599">
      <time>2025-04-04T15:52:59Z</time>
    </trkpt>
    <trkpt lat="50.8021831" lon="7.0905080">
      <time>2025-04-04T15:53:00Z</time>
    </trkpt>
    <trkpt lat="50.8022044" lon="7.0905569">
      <time>2025-04-04T15:53:01Z</time>
    </trkpt>
    <trkpt lat="50.8022374" lon="7.0906447">
      <time>2025-04-04T15:53:03Z</time>
    </trkpt>
    <trkpt lat="50.8022417" lon="7.0906787">
      <time>2025-04-04T15:53:04Z</time>
    </trkpt>
    <trkpt lat="50.8022322" lon="7.0907005">
      <time>2025-04-04T15:53:05Z</time>
    </trkpt>
    <trkpt lat="50.8021709" lon="7.0907458">
      <time>2025-04-04T15:53:08Z</time>
    </trkpt>
    <trkpt lat="50.8021036" lon="7.0908187">
      <time>2025-04-04T15:53:11Z</time>
    </trkpt>
    <trkpt lat="50.8020245" lon="7.0909085">
      <time>2025-04-04T15:53:14Z</time>
    </trkpt>
    <trkpt lat="50.8019205" lon="7.0910246">
      <time>2025-04-04T15:53:17Z</time>
    </trkpt>
    <trkpt lat="50.8017822" lon="7.0911928">
      <time>2025-04-04T15:53:21Z</time>
    </trkpt>
    <trkpt lat="50.8016708" lon="7.0913224">
      <time>2025-04-04T15:53:24Z</time>
    </trkpt>
    <trkpt lat="50.8014091" lon="7.0916285">
      <time>2025-04-04T15:53:31Z</time>
    </trkpt>
    <trkpt lat="50.8012852" lon="7.0917743">
      <time>2025-04-04T15:53:34Z</time>
    </trkpt>
    <trkpt lat="50.8012449" lon="7.0918243">
      <time>2025-04-04T15:53:35Z</time>
    </trkpt>
    <trkpt lat="50.8010688" lon="7.0920221">
      <time>2025-04-04T15:53:39Z</time>
    </trkpt>
    <trkpt lat="50.8010232" lon="7.0920732">
      <time>2025-04-04T15:53:40Z</time>
    </trkpt>
    <trkpt lat="50.8008871" lon="7.0922279">
      <time>2025-04-04T15:53:43Z</time>
    </trkpt>
    <trkpt lat="50.8007621" lon="7.0923737">
      <time>2025-04-04T15:53:46Z</time>
    </trkpt>
    <trkpt lat="50.8007207" lon="7.0924237">
      <time>2025-04-04T15:53:47Z</time>
    </trkpt>
    <trkpt lat="50.8004711" lon="7.0928383">
      <time>2025-04-04T15:53:54Z</time>
    </trkpt>
    <trkpt lat="50.8004024" lon="7.0929695">
      <time>2025-04-04T15:53:56Z</time>
    </trkpt>
    <trkpt lat="50.8003412" lon="7.0930853">
      <time>2025-04-04T15:53:58Z</time>
    </trkpt>
    <trkpt lat="50.8000694" lon="7.0935884">
      <time>2025-04-04T15:54:06Z</time>
    </trkpt>
    <trkpt lat="50.8000328" lon="7.0936474">
      <time>2025-04-04T15:54:07Z</time>
    </trkpt>
    <trkpt lat="50.7998310" lon="7.0940030">
      <time>2025-04-04T15:54:13Z</time>
    </trkpt>
    <trkpt lat="50.7998024" lon="7.0940610">
      <time>2025-04-04T15:54:14Z</time>
    </trkpt>
    <trkpt lat="50.7997825" lon="7.0941248">
      <time>2025-04-04T15:54:15Z</time>
    </trkpt>
    <trkpt lat="50.7997866" lon="7.0941918">
      <time>2025-04-04T15:54:16Z</time>
    </trkpt>
    <trkpt lat="50.7998447" lon="7.0943106">
      <time>2025-04-04T15:54:18Z</time>
    </trkpt>
    <trkpt lat="50.7999161" lon="7.0944092">
      <time>2025-04-04T15:54:20Z</time>
    </trkpt>
    <trkpt lat="50.8002688" lon="7.0949334">
      <time>2025-04-04T15:54:29Z</time>
    </trkpt>
    <trkpt lat="50.8003487" lon="7.0950547">
      <time>2025-04-04T15:54:31Z</time>
    </trkpt>
    <trkpt lat="50.8004287" lon="7.0951749">
      <time>2025-04-04T15:54:33Z</time>
    </trkpt>
    <trkpt lat="50.8006320" lon="7.0954845">
      <time>2025-04-04T15:54:38Z</time>
    </trkpt>
    <trkpt lat="50.8009619" lon="7.0959883">
      <time>2025-04-04T15:54:46Z</time>
    </trkpt>
    <trkpt lat="50.8013485" lon="7.0965843">
      <time>2025-04-04T15:54:56Z</time>
    </trkpt>
    <trkpt lat="50.8014388" lon="7.0967254">
      <time>2025-04-04T15:54:58Z</time>
    </trkpt>
    <trkpt lat="50.8017858" lon="7.0972726">
      <time>2025-04-04T15:55:07Z</time>
    </trkpt>
    <trkpt lat="50.8019161" lon="7.0974737">
      <time>2025-04-04T15:55:10Z</time>
    </trkpt>
    <trkpt lat="50.8020405" lon="7.0976633">
      <time>2025-04-04T15:55:13Z</time>
    </trkpt>
    <trkpt lat="50.8021632" lon="7.0978567">
      <time>2025-04-04T15:55:16Z</time>
    </trkpt>
    <trkpt lat="50.8022072" lon="7.0979182">
      <time>2025-04-04T15:55:17Z</time>
    </trkpt>
    <trkpt lat="50.8025412" lon="7.0984400">
      <time>2025-04-04T15:55:25Z</time>
    </trkpt>
    <trkpt lat="50.8029480" lon="7.0991051">
      <time>2025-04-04T15:55:35Z</time>
    </trkpt>
    <trkpt lat="50.8033651" lon="7.0997299">
      <time>2025-04-04T15:55:45Z</time>
    </trkpt>
    <trkpt lat="50.8034998" lon="7.0999343">
      <time>2025-04-04T15:55:48Z</time>
    </trkpt>
    <trkpt lat="50.8037380" lon="7.1003037">
      <time>2025-04-04T15:55:54Z</time>
    </trkpt>
    <trkpt lat="50.8038174" lon="7.1004293">
      <time>2025-04-04T15:55:56Z</time>
    </trkpt>
    <trkpt lat="50.8039006" lon="7.1005545">
      <time>2025-04-04T15:55:58Z</time>
    </trkpt>
    <trkpt lat="50.8041777" lon="7.1009687">
      <time>2025-04-04T15:56:05Z</time>
    </trkpt>
    <trkpt lat="50.8042515" lon="7.1010869">
      <time>2025-04-04T15:56:07Z</time>
    </trkpt>
    <trkpt lat="50.8045328" lon="7.1015114">
      <time>2025-04-04T15:56:14Z</time>
    </trkpt>
    <trkpt lat="50.8047787" lon="7.1018456">
      <time>2025-04-04T15:56:20Z</time>
    </trkpt>
    <trkpt lat="50.8048506" lon="7.1019334">
      <time>2025-04-04T15:56:22Z</time>
    </trkpt>
    <trkpt lat="50.8049756" lon="7.1020845">
      <time>2025-04-04T15:56:25Z</time>
    </trkpt>
    <trkpt lat="50.8050681" lon="7.1022222">
      <time>2025-04-04T15:56:28Z</time>
    </trkpt>
    <trkpt lat="50.8051844" lon="7.1023721">
      <time>2025-04-04T15:56:31Z</time>
    </trkpt>
    <trkpt lat="50.8052934" lon="7.1025189">
      <time>2025-04-04T15:56:34Z</time>
    </trkpt>
    <trkpt lat="50.8053636" lon="7.1026165">
      <time>2025-04-04T15:56:36Z</time>
    </trkpt>
    <trkpt lat="50.8054735" lon="7.1027536">
      <time>2025-04-04T15:56:39Z</time>
    </trkpt>
    <trkpt lat="50.8055896" lon="7.1028974">
      <time>2025-04-04T15:56:42Z</time>
    </trkpt>
    <trkpt lat="50.8056961" lon="7.1030454">
      <time>2025-04-04T15:56:45Z</time>
    </trkpt>
    <trkpt lat="50.8058103" lon="7.1032319">
      <time>2025-04-04T15:56:49Z</time>
    </trkpt>
    <trkpt lat="50.8058852" lon="7.1032853">
      <time>2025-04-04T15:56:51Z</time>
    </trkpt>
    <trkpt lat="50.8059815" lon="7.1032994">
      <time>2025-04-04T15:56:53Z</time>
    </trkpt>
    <trkpt lat="50.8060440" lon="7.1033110">
      <time>2025-04-04T15:56:54Z</time>
    </trkpt>
    <trkpt lat="50.8061364" lon="7.1033418">
      <time>2025-04-04T15:56:56Z</time>
    </trkpt>
    <trkpt lat="50.8064374" lon="7.1035010">
      <time>2025-04-04T15:57:02Z</time>
    </trkpt>
    <trkpt lat="50.8065004" lon="7.1035345">
      <time>2025-04-04T15:57:03Z</time>
    </trkpt>
    <trkpt lat="50.8068162" lon="7.1036796">
      <time>2025-04-04T15:57:09Z</time>
    </trkpt>
    <trkpt lat="50.8069112" lon="7.1037393">
      <time>2025-04-04T15:57:11Z</time>
    </trkpt>
    <trkpt lat="50.8074330" lon="7.1040431">
      <time>2025-04-04T15:57:21Z</time>
    </trkpt>
    <trkpt lat="50.8079587" lon="7.1042995">
      <time>2025-04-04T15:57:31Z</time>
    </trkpt>
    <trkpt lat="50.8083180" lon="7.1045290">
      <time>2025-04-04T15:57:38Z</time>
    </trkpt>
    <trkpt lat="50.8085130" lon="7.1046697">
      <time>2025-04-04T15:57:42Z</time>
    </trkpt>
    <trkpt lat="50.8086128" lon="7.1047596">
      <time>2025-04-04T15:57:44Z</time>
    </trkpt>
    <trkpt lat="50.8086472" lon="7.1047899">
      <time>2025-04-04T15:57:45Z</time>
    </trkpt>
    <trkpt lat="50.8088494" lon="7.1050163">
      <time>2025-04-04T15:57:50Z</time>
    </trkpt>
    <trkpt lat="50.8091414" lon="7.1053614">
      <time>2025-04-04T15:57:58Z</time>
    </trkpt>
    <trkpt lat="50.8094719" lon="7.1057655">
      <time>2025-04-04T15:58:06Z</time>
    </trkpt>
    <trkpt lat="50.8096279" lon="7.1060099">
      <time>2025-04-04T15:58:10Z</time>
    </trkpt>
    <trkpt lat="50.8096938" lon="7.1060722">
      <time>2025-04-04T15:58:12Z</time>
    </trkpt>
    <trkpt lat="50.8099205" lon="7.1064228">
      <time>2025-04-04T15:58:19Z</time>
    </trkpt>
    <trkpt lat="50.8099598" lon="7.1064793">
      <time>2025-04-04T15:58:20Z</time>
    </trkpt>
    <trkpt lat="50.8100214" lon="7.1065321">
      <time>2025-04-04T15:58:22Z</time>
    </trkpt>
    <trkpt lat="50.8100681" lon="7.1065543">
      <time>2025-04-04T15:58:23Z</time>
    </trkpt>
    <trkpt lat="50.8101429" lon="7.1066049">
      <time>2025-04-04T15:58:25Z</time>
    </trkpt>
    <trkpt lat="50.8102080" lon="7.1067120">
      <time>2025-04-04T15:58:27Z</time>
    </trkpt>
    <trkpt lat="50.8104770" lon="7.1071586">
      <time>2025-04-04T15:58:35Z</time>
    </trkpt>
    <trkpt lat="50.8106761" lon="7.1074969">
      <time>2025-04-04T15:58:41Z</time>
    </trkpt>
    <trkpt lat="50.8107143" lon="7.1076287">
      <time>2025-04-04T15:58:43Z</time>
    </trkpt>
    <trkpt lat="50.8107671" lon="7.1077950">
      <time>2025-04-04T15:58:47Z</time>
    </trkpt>
    <trkpt lat="50.8108213" lon="7.1078590">
      <time>2025-04-04T15:58:50Z</time>
    </trkpt>
    <trkpt lat="50.8108237" lon="7.1079147">
      <time>2025-04-04T15:58:52Z</time>
    </trkpt>
    <trkpt lat="50.8107819" lon="7.1080419">
      <time>2025-04-04T15:58:57Z</time>
    </trkpt>
    <trkpt lat="50.8107799" lon="7.1080484">
      <time>2025-04-04T15:59:03Z</time>
    </trkpt>
    <trkpt lat="50.8107771" lon="7.1080900">
      <time>2025-04-04T15:59:09Z</time>
    </trkpt>
    <trkpt lat="50.8107754" lon="7.1081308">
      <time>2025-04-04T15:59:10Z</time>
    </trkpt>
    <trkpt lat="50.8107331" lon="7.1082699">
      <time>2025-04-04T15:59:13Z</time>
    </trkpt>
    <trkpt lat="50.8107022" lon="7.1082985">
      <time>2025-04-04T15:59:14Z</time>
    </trkpt>
    <trkpt lat="50.8106017" lon="7.1083479">
      <time>2025-04-04T15:59:18Z</time>
    </trkpt>
    <trkpt lat="50.8105407" lon="7.1085260">
      <time>2025-04-04T15:59:24Z</time>
    </trkpt>
    <trkpt lat="50.8105348" lon="7.1085855">
      <time>2025-04-04T15:59:29Z</time>
    </trkpt>
    <trkpt lat="50.8105229" lon="7.1085980">
      <time>2025-04-04T15:59:41Z</time>
    </trkpt>
    <trkpt lat="50.8105229" lon="7.1085980">
      <time>2025-04-04T15:59:42Z</time>
    </trkpt>
    <trkpt lat="50.8105229" lon="7.1085980">
      <time>2025-04-04T15:59:50Z</time>
    </trkpt>
    <trkpt lat="50.8105280" lon="7.1086245">
      <time>2025-04-04T15:59:57Z</time>
    </trkpt>
    <trkpt lat="50.8105083" lon="7.1086544">
      <time>2025-04-04T16:00:02Z</time>
    </trkpt>
    <trkpt lat="50.8105025" lon="7.1087026">
      <time>2025-04-04T16:00:07Z</time>
    </trkpt>
    <trkpt lat="50.8104970" lon="7.1087171">
      <time>2025-04-04T16:00:08Z</time>
    </trkpt>
    <trkpt lat="50.8104841" lon="7.1087368">
      <time>2025-04-04T16:00:10Z</time>
    </trkpt>
    <trkpt lat="50.8104316" lon="7.1088236">
      <time>2025-04-04T16:00:17Z</time>
    </trkpt>
    <trkpt lat="50.8104050" lon="7.1088546">
      <time>2025-04-04T16:00:21Z</time>
    </trkpt>
    <trkpt lat="50.8104014" lon="7.1088546">
      <time>2025-04-04T16:00:22Z</time>
    </trkpt>
    <trkpt lat="50.8103789" lon="7.1088383">
      <time>2025-04-04T16:00:25Z</time>
    </trkpt>
    <trkpt lat="50.8103791" lon="7.1088076">
      <time>2025-04-04T16:00:28Z</time>
    </trkpt>
    <trkpt lat="50.8103802" lon="7.1088031">
      <time>2025-04-04T16:00:30Z</time>
    </trkpt>
    <trkpt lat="50.8103802" lon="7.1088031">
      <time>2025-04-04T16:00:33Z</time>
    </trkpt>
    <trkpt lat="50.8103802" lon="7.1088031">
      <time>2025-04-04T16:00:37Z</time>
    </trkpt>
    <trkpt lat="50.8103864" lon="7.1088196">
      <time>2025-04-04T16:00:41Z</time>
    </trkpt>
    <trkpt lat="50.8104015" lon="7.1088189">
      <time>2025-04-04T16:00:50Z</time>
    </trkpt>
    <trkpt lat="50.8103971" lon="7.1088142">
      <time>2025-04-04T16:00:57Z</time>
    </trkpt>
    <trkpt lat="50.8103971" lon="7.1088142">
      <time>2025-04-04T16:01:06Z</time>
    </trkpt>
    <trkpt lat="50.8103971" lon="7.1088142">
      <time>2025-04-04T16:01:16Z</time>
    </trkpt>
    <trkpt lat="50.8103971" lon="7.1088142">
      <time>2025-04-04T16:01:18Z</time>
    </trkpt>
    <trkpt lat="50.8103971" lon="7.1088142">
      <time>2025-04-04T16:01:29Z</time>
    </trkpt>
    <trkpt lat="50.8103971" lon="7.1088142">
      <time>2025-04-04T16:01:32Z</time>
    </trkpt>
    <trkpt lat="50.8103971" lon="7.1088142">
      <time>2025-04-04T16:01:38Z</time>
    </trkpt>
    <trkpt lat="50.8103971" lon="7.1088142">
      <time>2025-04-04T16:01:42Z</time>
    </trkpt>
    <trkpt lat="50.8103971" lon="7.1088142">
      <time>2025-04-04T16:01:54Z</time>
    </trkpt>
    <trkpt lat="50.8103971" lon="7.1088142">
      <time>2025-04-04T16:02:00Z</time>
    </trkpt>
    <trkpt lat="50.8103971" lon="7.1088142">
      <time>2025-04-04T16:02:06Z</time>
    </trkpt>
    <trkpt lat="50.8103971" lon="7.1088142">
      <time>2025-04-04T16:02:22Z</time>
    </trkpt>
    <trkpt lat="50.8103971" lon="7.1088142">
      <time>2025-04-04T16:02:28Z</time>
    </trkpt>
    <trkpt lat="50.8103971" lon="7.1088142">
      <time>2025-04-04T16:02:37Z</time>
    </trkpt>
    <trkpt lat="50.8103971" lon="7.1088142">
      <time>2025-04-04T16:02:38Z</time>
    </trkpt>
    <trkpt lat="50.8103971" lon="7.1088142">
      <time>2025-04-04T16:02:52Z</time>
    </trkpt>
    <trkpt lat="50.8103971" lon="7.1088142">
      <time>2025-04-04T16:03:03Z</time>
    </trkpt>
    <trkpt lat="50.8103971" lon="7.1088142">
      <time>2025-04-04T16:03:06Z</time>
    </trkpt>
    <trkpt lat="50.8103971" lon="7.1088142">
      <time>2025-04-04T16:03:11Z</time>
    </trkpt>
    <trkpt lat="50.8103971" lon="7.1088142">
      <time>2025-04-04T16:03:13Z</time>
    </trkpt>
    <trkpt lat="50.8103971" lon="7.1088142">
      <time>2025-04-04T16:03:15Z</time>
    </trkpt>
    <trkpt lat="50.8103971" lon="7.1088142">
      <time>2025-04-04T16:03:17Z</time>
    </trkpt>
    <trkpt lat="50.8103971" lon="7.1088142">
      <time>2025-04-04T16:03:23Z</time>
    </trkpt>
    <trkpt lat="50.8103971" lon="7.1088101">
      <time>2025-04-04T16:03:25Z</time>
    </trkpt>
    <trkpt lat="50.8103971" lon="7.1088101">
      <time>2025-04-04T16:03:30Z</time>
    </trkpt>
    <trkpt lat="50.8103971" lon="7.1088101">
      <time>2025-04-04T16:03:34Z</time>
    </trkpt>
    <trkpt lat="50.8103971" lon="7.1088101">
      <time>2025-04-04T16:03:36Z</time>
    </trkpt>
    <trkpt lat="50.8103971" lon="7.1088101">
      <time>2025-04-04T16:03:38Z</time>
    </trkpt>
    <trkpt lat="50.8103971" lon="7.1088101">
      <time>2025-04-04T16:03:42Z</time>
    </trkpt>
    <trkpt lat="50.8103908" lon="7.1088080">
      <time>2025-04-04T16:04:01Z</time>
    </trkpt>
    <trkpt lat="50.8103908" lon="7.1088080">
      <time>2025-04-04T16:04:05Z</time>
    </trkpt>
    <trkpt lat="50.8103908" lon="7.1088080">
      <time>2025-04-04T16:04:07Z</time>
    </trkpt>
    <trkpt lat="50.8103908" lon="7.1088080">
      <time>2025-04-04T16:04:20Z</time>
    </trkpt>
    <trkpt lat="50.8103908" lon="7.1088080">
      <time>2025-04-04T16:04:21Z</time>
    </trkpt>
    <trkpt lat="50.8103908" lon="7.1088080">
      <time>2025-04-04T16:04:22Z</time>
    </trkpt>
    <trkpt lat="50.8103924" lon="7.1088137">
      <time>2025-04-04T16:04:33Z</time>
    </trkpt>
    <trkpt lat="50.8103924" lon="7.1088137">
      <time>2025-04-04T16:04:35Z</time>
    </trkpt>
    <trkpt lat="50.8103924" lon="7.1088059">
      <time>2025-04-04T16:04:39Z</time>
    </trkpt>
    <trkpt lat="50.8103924" lon="7.1088059">
      <time>2025-04-04T16:04:44Z</time>
    </trkpt>
    <trkpt lat="50.8103924" lon="7.1088059">
      <time>2025-04-04T16:04:55Z</time>
    </trkpt>
    <trkpt lat="50.8103924" lon="7.1088059">
      <time>2025-04-04T16:05:04Z</time>
    </trkpt>
    <trkpt lat="50.8103924" lon="7.1088059">
      <time>2025-04-04T16:05:09Z</time>
    </trkpt>
    <trkpt lat="50.8103924" lon="7.1088059">
      <time>2025-04-04T16:05:13Z</time>
    </trkpt>
    <trkpt lat="50.8103924" lon="7.1088059">
      <time>2025-04-04T16:05:20Z</time>
    </trkpt>
    <trkpt lat="50.8103924" lon="7.1088059">
      <time>2025-04-04T16:05:35Z</time>
    </trkpt>
    <trkpt lat="50.8103924" lon="7.1088059">
      <time>2025-04-04T16:05:38Z</time>
    </trkpt>
    <trkpt lat="50.8103924" lon="7.1088059">
      <time>2025-04-04T16:05:49Z</time>
    </trkpt>
    <trkpt lat="50.8103924" lon="7.1088059">
      <time>2025-04-04T16:05:52Z</time>
    </trkpt>
    <trkpt lat="50.8103882" lon="7.1088061">
      <time>2025-04-04T16:06:00Z</time>
    </trkpt>
    <trkpt lat="50.8103882" lon="7.1088061">
      <time>2025-04-04T16:06:01Z</time>
    </trkpt>
    <trkpt lat="50.8103882" lon="7.1088061">
      <time>2025-04-04T16:06:12Z</time>
    </trkpt>
    <trkpt lat="50.8103882" lon="7.1088061">
      <time>2025-04-04T16:06:16Z</time>
    </trkpt>
    <trkpt lat="50.8103882" lon="7.1088061">
      <time>2025-04-04T16:06:18Z</time>
    </trkpt>
    <trkpt lat="50.8103882" lon="7.1088061">
      <time>2025-04-04T16:06:27Z</time>
    </trkpt>
    <trkpt lat="50.8103882" lon="7.1088061">
      <time>2025-04-04T16:06:39Z</time>
    </trkpt>
    <trkpt lat="50.8103882" lon="7.1088061">
      <time>2025-04-04T16:06:50Z</time>
    </trkpt>
    <trkpt lat="50.8103882" lon="7.1088061">
      <time>2025-04-04T16:07:01Z</time>
    </trkpt>
    <trkpt lat="50.8103882" lon="7.1088061">
      <time>2025-04-04T16:07:04Z</time>
    </trkpt>
    <trkpt lat="50.8103882" lon="7.1088061">
      <time>2025-04-04T16:07:09Z</time>
    </trkpt>
    <trkpt lat="50.8103882" lon="7.1088061">
      <time>2025-04-04T16:07:23Z</time>
    </trkpt>
    <trkpt lat="50.8103882" lon="7.1088061">
      <time>2025-04-04T16:07:29Z</time>
    </trkpt>
    <trkpt lat="50.8103882" lon="7.1088061">
      <time>2025-04-04T16:07:30Z</time>
    </trkpt>
    <trkpt lat="50.8103882" lon="7.1088061">
      <time>2025-04-04T16:07:51Z</time>
    </trkpt>
    <trkpt lat="50.8103895" lon="7.1088000">
      <time>2025-04-04T16:08:08Z</time>
    </trkpt>
    <trkpt lat="50.8103895" lon="7.1088000">
      <time>2025-04-04T16:08:13Z</time>
    </trkpt>
    <trkpt lat="50.8103895" lon="7.1088000">
      <time>2025-04-04T16:08:16Z</time>
    </trkpt>
    <trkpt lat="50.8103895" lon="7.1088000">
      <time>2025-04-04T16:08:18Z</time>
    </trkpt>
    <trkpt lat="50.8103895" lon="7.1088000">
      <time>2025-04-04T16:08:23Z</time>
    </trkpt>
    <trkpt lat="50.8103895" lon="7.1088000">
      <time>2025-04-04T16:08:25Z</time>
    </trkpt>
    <trkpt lat="50.8103895" lon="7.1088000">
      <time>2025-04-04T16:08:32Z</time>
    </trkpt>
    <trkpt lat="50.8103895" lon="7.1088000">
      <time>2025-04-04T16:08:35Z</time>
    </trkpt>
    <trkpt lat="50.8103895" lon="7.1088000">
      <time>2025-04-04T16:08:37Z</time>
    </trkpt>
    <trkpt lat="50.8103895" lon="7.1088000">
      <time>2025-04-04T16:08:42Z</time>
    </trkpt>
    <trkpt lat="50.8103895" lon="7.1088000">
      <time>2025-04-04T16:08:51Z</time>
    </trkpt>
    <trkpt lat="50.8103895" lon="7.1088000">
      <time>2025-04-04T16:08:52Z</time>
    </trkpt>
    <trkpt lat="50.8103895" lon="7.1088000">
      <time>2025-04-04T16:08:58Z</time>
    </trkpt>
    <trkpt lat="50.8103895" lon="7.1088000">
      <time>2025-04-04T16:09:12Z</time>
    </trkpt>
    <trkpt lat="50.8103895" lon="7.1088000">
      <time>2025-04-04T16:09:15Z</time>
    </trkpt>
    <trkpt lat="50.8103895" lon="7.1088000">
      <time>2025-04-04T16:09:26Z</time>
    </trkpt>
    <trkpt lat="50.8103895" lon="7.1088000">
      <time>2025-04-04T16:09:28Z</time>
    </trkpt>
    <trkpt lat="50.8103895" lon="7.1088000">
      <time>2025-04-04T16:09:29Z</time>
    </trkpt>
    <trkpt lat="50.8103895" lon="7.1088000">
      <time>2025-04-04T16:09:41Z</time>
    </trkpt>
    <trkpt lat="50.8103895" lon="7.1088000">
      <time>2025-04-04T16:09:43Z</time>
    </trkpt>
    <trkpt lat="50.8103895" lon="7.1088000">
      <time>2025-04-04T16:09:49Z</time>
    </trkpt>
    <trkpt lat="50.8103895" lon="7.1088000">
      <time>2025-04-04T16:09:52Z</time>
    </trkpt>
    <trkpt lat="50.8103895" lon="7.1088000">
      <time>2025-04-04T16:09:58Z</time>
    </trkpt>
    <trkpt lat="50.8103895" lon="7.1088000">
      <time>2025-04-04T16:10:02Z</time>
    </trkpt>
    <trkpt lat="50.8103895" lon="7.1088000">
      <time>2025-04-04T16:10:13Z</time>
    </trkpt>
    <trkpt lat="50.8103895" lon="7.1088000">
      <time>2025-04-04T16:10:29Z</time>
    </trkpt>
    <trkpt lat="50.8103895" lon="7.1088000">
      <time>2025-04-04T16:10:38Z</time>
    </trkpt>
    <trkpt lat="50.8103966" lon="7.1087967">
      <time>2025-04-04T16:10:50Z</time>
    </trkpt>
    <trkpt lat="50.8103966" lon="7.1087967">
      <time>2025-04-04T16:10:57Z</time>
    </trkpt>
    <trkpt lat="50.8103966" lon="7.1087967">
      <time>2025-04-04T16:10:58Z</time>
    </trkpt>
    <trkpt lat="50.8103966" lon="7.1087967">
      <time>2025-04-04T16:11:15Z</time>
    </trkpt>
    <trkpt lat="50.8103966" lon="7.1087967">
      <time>2025-04-04T16:11:20Z</time>
    </trkpt>
    <trkpt lat="50.8103966" lon="7.1087967">
      <time>2025-04-04T16:11:31Z</time>
    </trkpt>
    <trkpt lat="50.8103966" lon="7.1087967">
      <time>2025-04-04T16:11:41Z</time>
    </trkpt>
    <trkpt lat="50.8103966" lon="7.1087967">
      <time>2025-04-04T16:11:47Z</time>
    </trkpt>
    <trkpt lat="50.8103966" lon="7.1087967">
      <time>2025-04-04T16:11:50Z</time>
    </trkpt>
    <trkpt lat="50.8103966" lon="7.1087967">
      <time>2025-04-04T16:11:56Z</time>
    </trkpt>
    <trkpt lat="50.8103966" lon="7.1087967">
      <time>2025-04-04T16:12:07Z</time>
    </trkpt>
    <trkpt lat="50.8103966" lon="7.1087967">
      <time>2025-04-04T16:12:14Z</time>
    </trkpt>
    <trkpt lat="50.8103966" lon="7.1087967">
      <time>2025-04-04T16:12:15Z</time>
    </trkpt>
    <trkpt lat="50.8103966" lon="7.1087967">
      <time>2025-04-04T16:12:24Z</time>
    </trkpt>
    <trkpt lat="50.8103966" lon="7.1087967">
      <time>2025-04-04T16:12:31Z</time>
    </trkpt>
    <trkpt lat="50.8103966" lon="7.1087967">
      <time>2025-04-04T16:12:36Z</time>
    </trkpt>
    <trkpt lat="50.8103966" lon="7.1087967">
      <time>2025-04-04T16:12:40Z</time>
    </trkpt>
    <trkpt lat="50.8103952" lon="7.1087922">
      <time>2025-04-04T16:12:50Z</time>
    </trkpt>
    <trkpt lat="50.8103952" lon="7.1087922">
      <time>2025-04-04T16:12:57Z</time>
    </trkpt>
    <trkpt lat="50.8103952" lon="7.1087922">
      <time>2025-04-04T16:13:05Z</time>
    </trkpt>
    <trkpt lat="50.8103952" lon="7.1087922">
      <time>2025-04-04T16:13:14Z</time>
    </trkpt>
    <trkpt lat="50.8103952" lon="7.1087922">
      <time>2025-04-04T16:13:25Z</time>
    </trkpt>
    <trkpt lat="50.8103950" lon="7.1087922">
      <time>2025-04-04T16:13:34Z</time>
    </trkpt>
    <trkpt lat="50.8103943" lon="7.1087881">
      <time>2025-04-04T16:13:41Z</time>
    </trkpt>
    <trkpt lat="50.8103943" lon="7.1087881">
      <time>2025-04-04T16:13:44Z</time>
    </trkpt>
    <trkpt lat="50.8103943" lon="7.1087881">
      <time>2025-04-04T16:13:45Z</time>
    </trkpt>
    <trkpt lat="50.8103943" lon="7.1087881">
      <time>2025-04-04T16:13:52Z</time>
    </trkpt>
    <trkpt lat="50.8103943" lon="7.1087881">
      <time>2025-04-04T16:13:59Z</time>
    </trkpt>
    <trkpt lat="50.8103943" lon="7.1087881">
      <time>2025-04-04T16:14:05Z</time>
    </trkpt>
    <trkpt lat="50.8103959" lon="7.1087839">
      <time>2025-04-04T16:14:14Z</time>
    </trkpt>
    <trkpt lat="50.8103959" lon="7.1087839">
      <time>2025-04-04T16:14:19Z</time>
    </trkpt>
    <trkpt lat="50.8103959" lon="7.1087839">
      <time>2025-04-04T16:14:31Z</time>
    </trkpt>
    <trkpt lat="50.8103986" lon="7.1087973">
      <time>2025-04-04T16:14:38Z</time>
    </trkpt>
    <trkpt lat="50.8104007" lon="7.1088009">
      <time>2025-04-04T16:14:46Z</time>
    </trkpt>
    <trkpt lat="50.8104007" lon="7.1088009">
      <time>2025-04-04T16:14:48Z</time>
    </trkpt>
    <trkpt lat="50.8104007" lon="7.1088009">
      <time>2025-04-04T16:14:49Z</time>
    </trkpt>
    <trkpt lat="50.8104007" lon="7.1088009">
      <time>2025-04-04T16:14:55Z</time>
    </trkpt>
    <trkpt lat="50.8104007" lon="7.1088009">
      <time>2025-04-04T16:15:00Z</time>
    </trkpt>
    <trkpt lat="50.8104007" lon="7.1088009">
      <time>2025-04-04T16:15:04Z</time>
    </trkpt>
    <trkpt lat="50.8104007" lon="7.1088009">
      <time>2025-04-04T16:15:19Z</time>
    </trkpt>
    <trkpt lat="50.8104007" lon="7.1088009">
      <time>2025-04-04T16:15:26Z</time>
    </trkpt>
    <trkpt lat="50.8104007" lon="7.1088009">
      <time>2025-04-04T16:15:30Z</time>
    </trkpt>
    <trkpt lat="50.8104007" lon="7.1088009">
      <time>2025-04-04T16:15:32Z</time>
    </trkpt>
    <trkpt lat="50.8104007" lon="7.1088009">
      <time>2025-04-04T16:15:38Z</time>
    </trkpt>
    <trkpt lat="50.8104007" lon="7.1088009">
      <time>2025-04-04T16:15:40Z</time>
    </trkpt>
    <trkpt lat="50.8104007" lon="7.1088009">
      <time>2025-04-04T16:15:45Z</time>
    </trkpt>
    <trkpt lat="50.8104007" lon="7.1088009">
      <time>2025-04-04T16:15:49Z</time>
    </trkpt>
    <trkpt lat="50.8104007" lon="7.1088009">
      <time>2025-04-04T16:15:53Z</time>
    </trkpt>
    <trkpt lat="50.8104007" lon="7.1088009">
      <time>2025-04-04T16:15:57Z</time>
    </trkpt>
    <trkpt lat="50.8104007" lon="7.1088009">
      <time>2025-04-04T16:16:02Z</time>
    </trkpt>
    <trkpt lat="50.8104007" lon="7.1088009">
      <time>2025-04-04T16:16:13Z</time>
    </trkpt>
    <trkpt lat="50.8104007" lon="7.1088009">
      <time>2025-04-04T16:16:30Z</time>
    </trkpt>
  </trkseg></trk>
</gpx>
