<?xml version="1.0" encoding="UTF-8"?>
<gpx version="1.1" creator="Diary FIT converter" xmlns="http://www.topografix.com/GPX/1/1">
  <trk><name>Activity</name><trkseg>
    <trkpt lat="67.7992500" lon="24.8750527">
      <time>2025-03-21T09:30:03Z</time>
    </trkpt>
    <trkpt lat="67.7992500" lon="24.8750531">
      <time>2025-03-21T09:30:04Z</time>
    </trkpt>
    <trkpt lat="67.7992743" lon="24.8751118">
      <time>2025-03-21T09:30:10Z</time>
    </trkpt>
    <trkpt lat="67.7993235" lon="24.8751885">
      <time>2025-03-21T09:30:12Z</time>
    </trkpt>
    <trkpt lat="67.7994875" lon="24.8754623">
      <time>2025-03-21T09:30:18Z</time>
    </trkpt>
    <trkpt lat="67.7996324" lon="24.8758543">
      <time>2025-03-21T09:30:25Z</time>
    </trkpt>
    <trkpt lat="67.7996243" lon="24.8763679">
      <time>2025-03-21T09:30:31Z</time>
    </trkpt>
    <trkpt lat="67.7996238" lon="24.8770233">
      <time>2025-03-21T09:30:38Z</time>
    </trkpt>
    <trkpt lat="67.7996847" lon="24.8776229">
      <time>2025-03-21T09:30:45Z</time>
    </trkpt>
    <trkpt lat="67.7996827" lon="24.8777074">
      <time>2025-03-21T09:30:46Z</time>
    </trkpt>
    <trkpt lat="67.7996748" lon="24.8778888">
      <time>2025-03-21T09:30:48Z</time>
    </trkpt>
    <trkpt lat="67.7996562" lon="24.8780637">
      <time>2025-03-21T09:30:50Z</time>
    </trkpt>
    <trkpt lat="67.7996462" lon="24.8781478">
      <time>2025-03-21T09:30:51Z</time>
    </trkpt>
    <trkpt lat="67.7996099" lon="24.8784671">
      <time>2025-03-21T09:30:55Z</time>
    </trkpt>
    <trkpt lat="67.7995849" lon="24.8787172">
      <time>2025-03-21T09:30:58Z</time>
    </trkpt>
    <trkpt lat="67.7995691" lon="24.8788740">
      <time>2025-03-21T09:31:00Z</time>
    </trkpt>
    <trkpt lat="67.7995494" lon="24.8790364">
      <time>2025-03-21T09:31:02Z</time>
    </trkpt>
    <trkpt lat="67.7994978" lon="24.8793660">
      <time>2025-03-21T09:31:07Z</time>
    </trkpt>
    <trkpt lat="67.7994870" lon="24.8794229">
      <time>2025-03-21T09:31:08Z</time>
    </trkpt>
    <trkpt lat="67.7994217" lon="24.8797202">
      <time>2025-03-21T09:31:13Z</time>
    </trkpt>
    <trkpt lat="67.7992902" lon="24.8798834">
      <time>2025-03-21T09:31:18Z</time>
    </trkpt>
    <trkpt lat="67.7990542" lon="24.8799811">
      <time>2025-03-21T09:31:25Z</time>
    </trkpt>
    <trkpt lat="67.7989753" lon="24.8803541">
      <time>2025-03-21T09:31:30Z</time>
    </trkpt>
    <trkpt lat="67.7989641" lon="24.8805879">
      <time>2025-03-21T09:31:33Z</time>
    </trkpt>
    <trkpt lat="67.7989539" lon="24.8807534">
      <time>2025-03-21T09:31:35Z</time>
    </trkpt>
    <trkpt lat="67.7989379" lon="24.8809181">
      <time>2025-03-21T09:31:37Z</time>
    </trkpt>
    <trkpt lat="67.7989303" lon="24.8809865">
      <time>2025-03-21T09:31:38Z</time>
    </trkpt>
    <trkpt lat="67.7989208" lon="24.8810591">
      <time>2025-03-21T09:31:39Z</time>
    </trkpt>
    <trkpt lat="67.7989017" lon="24.8812011">
      <time>2025-03-21T09:31:41Z</time>
    </trkpt>
    <trkpt lat="67.7988493" lon="24.8815646">
      <time>2025-03-21T09:31:46Z</time>
    </trkpt>
    <trkpt lat="67.7988189" lon="24.8817762">
      <time>2025-03-21T09:31:49Z</time>
    </trkpt>
    <trkpt lat="67.7987526" lon="24.8822033">
      <time>2025-03-21T09:31:55Z</time>
    </trkpt>
    <trkpt lat="67.7987359" lon="24.8823496">
      <time>2025-03-21T09:31:57Z</time>
    </trkpt>
    <trkpt lat="67.7987216" lon="24.8830000">
      <time>2025-03-21T09:32:05Z</time>
    </trkpt>
    <trkpt lat="67.7987326" lon="24.8832815">
      <time>2025-03-21T09:32:09Z</time>
    </trkpt>
    <trkpt lat="67.7987496" lon="24.8835441">
      <time>2025-03-21T09:32:13Z</time>
    </trkpt>
    <trkpt lat="67.7987799" lon="24.8840376">
      <time>2025-03-21T09:32:21Z</time>
    </trkpt>
    <trkpt lat="67.7988616" lon="24.8846862">
      <time>2025-03-21T09:32:30Z</time>
    </trkpt>
    <trkpt lat="67.7989417" lon="24.8851080">
      <time>2025-03-21T09:32:37Z</time>
    </trkpt>
    <trkpt lat="67.7989822" lon="24.8856310">
      <time>2025-03-21T09:32:45Z</time>
    </trkpt>
    <trkpt lat="67.7989400" lon="24.8859179">
      <time>2025-03-21T09:32:50Z</time>
    </trkpt>
    <trkpt lat="67.7988449" lon="24.8864118">
      <time>2025-03-21T09:32:56Z</time>
    </trkpt>
    <trkpt lat="67.7987350" lon="24.8868269">
      <time>2025-03-21T09:33:03Z</time>
    </trkpt>
    <trkpt lat="67.7986525" lon="24.8870309">
      <time>2025-03-21T09:33:08Z</time>
    </trkpt>
    <trkpt lat="67.7985175" lon="24.8873420">
      <time>2025-03-21T09:33:15Z</time>
    </trkpt>
    <trkpt lat="67.7984412" lon="24.8877305">
      <time>2025-03-21T09:33:21Z</time>
    </trkpt>
    <trkpt lat="67.7983418" lon="24.8882830">
      <time>2025-03-21T09:33:29Z</time>
    </trkpt>
    <trkpt lat="67.7983044" lon="24.8883916">
      <time>2025-03-21T09:33:31Z</time>
    </trkpt>
    <trkpt lat="67.7981955" lon="24.8889043">
      <time>2025-03-21T09:33:39Z</time>
    </trkpt>
    <trkpt lat="67.7981880" lon="24.8893711">
      <time>2025-03-21T09:33:45Z</time>
    </trkpt>
    <trkpt lat="67.7982732" lon="24.8898946">
      <time>2025-03-21T09:33:52Z</time>
    </trkpt>
    <trkpt lat="67.7983331" lon="24.8903195">
      <time>2025-03-21T09:33:57Z</time>
    </trkpt>
    <trkpt lat="67.7983500" lon="24.8905192">
      <time>2025-03-21T09:33:59Z</time>
    </trkpt>
    <trkpt lat="67.7983406" lon="24.8911926">
      <time>2025-03-21T09:34:06Z</time>
    </trkpt>
    <trkpt lat="67.7982444" lon="24.8916289">
      <time>2025-03-21T09:34:11Z</time>
    </trkpt>
    <trkpt lat="67.7981295" lon="24.8920580">
      <time>2025-03-21T09:34:17Z</time>
    </trkpt>
    <trkpt lat="67.7981667" lon="24.8924105">
      <time>2025-03-21T09:34:21Z</time>
    </trkpt>
    <trkpt lat="67.7981942" lon="24.8924978">
      <time>2025-03-21T09:34:22Z</time>
    </trkpt>
    <trkpt lat="67.7982964" lon="24.8927071">
      <time>2025-03-21T09:34:25Z</time>
    </trkpt>
    <trkpt lat="67.7983991" lon="24.8928388">
      <time>2025-03-21T09:34:28Z</time>
    </trkpt>
    <trkpt lat="67.7985021" lon="24.8928744">
      <time>2025-03-21T09:34:31Z</time>
    </trkpt>
    <trkpt lat="67.7986283" lon="24.8927945">
      <time>2025-03-21T09:34:36Z</time>
    </trkpt>
    <trkpt lat="67.7987650" lon="24.8926376">
      <time>2025-03-21T09:34:42Z</time>
    </trkpt>
    <trkpt lat="67.7987904" lon="24.8926060">
      <time>2025-03-21T09:34:43Z</time>
    </trkpt>
    <trkpt lat="67.7988153" lon="24.8925734">
      <time>2025-03-21T09:34:44Z</time>
    </trkpt>
    <trkpt lat="67.7990123" lon="24.8925433">
      <time>2025-03-21T09:34:51Z</time>
    </trkpt>
    <trkpt lat="67.7992496" lon="24.8925765">
      <time>2025-03-21T09:34:59Z</time>
    </trkpt>
    <trkpt lat="67.7993386" lon="24.8926335">
      <time>2025-03-21T09:35:03Z</time>
    </trkpt>
    <trkpt lat="67.7994613" lon="24.8928064">
      <time>2025-03-21T09:35:09Z</time>
    </trkpt>
    <trkpt lat="67.7994824" lon="24.8928416">
      <time>2025-03-21T09:35:10Z</time>
    </trkpt>
    <trkpt lat="67.7996340" lon="24.8931687">
      <time>2025-03-21T09:35:17Z</time>
    </trkpt>
    <trkpt lat="67.7997442" lon="24.8936009">
      <time>2025-03-21T09:35:23Z</time>
    </trkpt>
    <trkpt lat="67.7998321" lon="24.8942116">
      <time>2025-03-21T09:35:30Z</time>
    </trkpt>
    <trkpt lat="67.7999217" lon="24.8947640">
      <time>2025-03-21T09:35:37Z</time>
    </trkpt>
    <trkpt lat="67.8000132" lon="24.8955575">
      <time>2025-03-21T09:35:47Z</time>
    </trkpt>
    <trkpt lat="67.8000494" lon="24.8962626">
      <time>2025-03-21T09:35:53Z</time>
    </trkpt>
    <trkpt lat="67.8000655" lon="24.8964574">
      <time>2025-03-21T09:35:55Z</time>
    </trkpt>
    <trkpt lat="67.8000607" lon="24.8966225">
      <time>2025-03-21T09:35:58Z</time>
    </trkpt>
    <trkpt lat="67.8000312" lon="24.8968119">
      <time>2025-03-21T09:36:02Z</time>
    </trkpt>
    <trkpt lat="67.8000223" lon="24.8968619">
      <time>2025-03-21T09:36:03Z</time>
    </trkpt>
    <trkpt lat="67.8000033" lon="24.8969780">
      <time>2025-03-21T09:36:05Z</time>
    </trkpt>
    <trkpt lat="67.7999887" lon="24.8970557">
      <time>2025-03-21T09:36:06Z</time>
    </trkpt>
    <trkpt lat="67.7999394" lon="24.8973704">
      <time>2025-03-21T09:36:09Z</time>
    </trkpt>
    <trkpt lat="67.7999293" lon="24.8974910">
      <time>2025-03-21T09:36:10Z</time>
    </trkpt>
    <trkpt lat="67.7998901" lon="24.8980909">
      <time>2025-03-21T09:36:15Z</time>
    </trkpt>
    <trkpt lat="67.7998428" lon="24.8985098">
      <time>2025-03-21T09:36:19Z</time>
    </trkpt>
    <trkpt lat="67.7998323" lon="24.8986073">
      <time>2025-03-21T09:36:20Z</time>
    </trkpt>
    <trkpt lat="67.7997672" lon="24.8993931">
      <time>2025-03-21T09:36:28Z</time>
    </trkpt>
    <trkpt lat="67.7996703" lon="24.8999373">
      <time>2025-03-21T09:36:34Z</time>
    </trkpt>
    <trkpt lat="67.7994618" lon="24.9003806">
      <time>2025-03-21T09:36:41Z</time>
    </trkpt>
    <trkpt lat="67.7991452" lon="24.9008017">
      <time>2025-03-21T09:36:50Z</time>
    </trkpt>
    <trkpt lat="67.7990140" lon="24.9010294">
      <time>2025-03-21T09:36:54Z</time>
    </trkpt>
    <trkpt lat="67.7989478" lon="24.9011484">
      <time>2025-03-21T09:36:56Z</time>
    </trkpt>
    <trkpt lat="67.7987371" lon="24.9015378">
      <time>2025-03-21T09:37:03Z</time>
    </trkpt>
    <trkpt lat="67.7984536" lon="24.9018860">
      <time>2025-03-21T09:37:12Z</time>
    </trkpt>
    <trkpt lat="67.7981674" lon="24.9021366">
      <time>2025-03-21T09:37:21Z</time>
    </trkpt>
    <trkpt lat="67.7979973" lon="24.9021416">
      <time>2025-03-21T09:37:27Z</time>
    </trkpt>
    <trkpt lat="67.7979178" lon="24.9021348">
      <time>2025-03-21T09:37:30Z</time>
    </trkpt>
    <trkpt lat="67.7978724" lon="24.9021306">
      <time>2025-03-21T09:37:32Z</time>
    </trkpt>
    <trkpt lat="67.7976776" lon="24.9020770">
      <time>2025-03-21T09:37:40Z</time>
    </trkpt>
    <trkpt lat="67.7975175" lon="24.9021827">
      <time>2025-03-21T09:37:46Z</time>
    </trkpt>
    <trkpt lat="67.7974914" lon="24.9022149">
      <time>2025-03-21T09:37:47Z</time>
    </trkpt>
    <trkpt lat="67.7972670" lon="24.9025064">
      <time>2025-03-21T09:37:55Z</time>
    </trkpt>
    <trkpt lat="67.7971488" lon="24.9027072">
      <time>2025-03-21T09:38:01Z</time>
    </trkpt>
    <trkpt lat="67.7970222" lon="24.9031427">
      <time>2025-03-21T09:38:08Z</time>
    </trkpt>
    <trkpt lat="67.7968820" lon="24.9038794">
      <time>2025-03-21T09:38:19Z</time>
    </trkpt>
    <trkpt lat="67.7968119" lon="24.9042749">
      <time>2025-03-21T09:38:25Z</time>
    </trkpt>
    <trkpt lat="67.7967541" lon="24.9046307">
      <time>2025-03-21T09:38:31Z</time>
    </trkpt>
    <trkpt lat="67.7966905" lon="24.9051873">
      <time>2025-03-21T09:38:39Z</time>
    </trkpt>
    <trkpt lat="67.7965901" lon="24.9057292">
      <time>2025-03-21T09:38:47Z</time>
    </trkpt>
    <trkpt lat="67.7965824" lon="24.9062385">
      <time>2025-03-21T09:38:53Z</time>
    </trkpt>
    <trkpt lat="67.7965900" lon="24.9065541">
      <time>2025-03-21T09:38:56Z</time>
    </trkpt>
    <trkpt lat="67.7965833" lon="24.9068952">
      <time>2025-03-21T09:38:59Z</time>
    </trkpt>
    <trkpt lat="67.7965554" lon="24.9073145">
      <time>2025-03-21T09:39:03Z</time>
    </trkpt>
    <trkpt lat="67.7965493" lon="24.9075995">
      <time>2025-03-21T09:39:06Z</time>
    </trkpt>
    <trkpt lat="67.7965792" lon="24.9079921">
      <time>2025-03-21T09:39:11Z</time>
    </trkpt>
    <trkpt lat="67.7965898" lon="24.9085308">
      <time>2025-03-21T09:39:18Z</time>
    </trkpt>
    <trkpt lat="67.7964938" lon="24.9088203">
      <time>2025-03-21T09:39:23Z</time>
    </trkpt>
    <trkpt lat="67.7964027" lon="24.9090064">
      <time>2025-03-21T09:39:28Z</time>
    </trkpt>
    <trkpt lat="67.7962679" lon="24.9093497">
      <time>2025-03-21T09:39:37Z</time>
    </trkpt>
    <trkpt lat="67.7962631" lon="24.9093647">
      <time>2025-03-21T09:39:38Z</time>
    </trkpt>
    <trkpt lat="67.7962610" lon="24.9093766">
      <time>2025-03-21T09:39:41Z</time>
    </trkpt>
    <trkpt lat="67.7961409" lon="24.9097637">
      <time>2025-03-21T09:40:35Z</time>
    </trkpt>
    <trkpt lat="67.7961267" lon="24.9098111">
      <time>2025-03-21T09:40:36Z</time>
    </trkpt>
    <trkpt lat="67.7960330" lon="24.9101567">
      <time>2025-03-21T09:40:42Z</time>
    </trkpt>
    <trkpt lat="67.7960071" lon="24.9102724">
      <time>2025-03-21T09:40:44Z</time>
    </trkpt>
    <trkpt lat="67.7959710" lon="24.9104416">
      <time>2025-03-21T09:40:47Z</time>
    </trkpt>
    <trkpt lat="67.7959457" lon="24.9105515">
      <time>2025-03-21T09:40:49Z</time>
    </trkpt>
    <trkpt lat="67.7959274" lon="24.9106696">
      <time>2025-03-21T09:40:51Z</time>
    </trkpt>
    <trkpt lat="67.7959039" lon="24.9108404">
      <time>2025-03-21T09:40:54Z</time>
    </trkpt>
    <trkpt lat="67.7958891" lon="24.9111666">
      <time>2025-03-21T09:40:59Z</time>
    </trkpt>
    <trkpt lat="67.7958337" lon="24.9115807">
      <time>2025-03-21T09:41:06Z</time>
    </trkpt>
    <trkpt lat="67.7957434" lon="24.9118739">
      <time>2025-03-21T09:41:13Z</time>
    </trkpt>
    <trkpt lat="67.7957063" lon="24.9120299">
      <time>2025-03-21T09:41:19Z</time>
    </trkpt>
    <trkpt lat="67.7957057" lon="24.9120331">
      <time>2025-03-21T09:41:20Z</time>
    </trkpt>
    <trkpt lat="67.7956771" lon="24.9121666">
      <time>2025-03-21T09:41:27Z</time>
    </trkpt>
    <trkpt lat="67.7956582" lon="24.9122636">
      <time>2025-03-21T09:41:29Z</time>
    </trkpt>
    <trkpt lat="67.7955558" lon="24.9126794">
      <time>2025-03-21T09:41:36Z</time>
    </trkpt>
    <trkpt lat="67.7954296" lon="24.9131915">
      <time>2025-03-21T09:41:44Z</time>
    </trkpt>
    <trkpt lat="67.7953519" lon="24.9138375">
      <time>2025-03-21T09:41:51Z</time>
    </trkpt>
    <trkpt lat="67.7952773" lon="24.9143701">
      <time>2025-03-21T09:41:57Z</time>
    </trkpt>
    <trkpt lat="67.7952258" lon="24.9147381">
      <time>2025-03-21T09:42:02Z</time>
    </trkpt>
    <trkpt lat="67.7951840" lon="24.9151298">
      <time>2025-03-21T09:42:07Z</time>
    </trkpt>
    <trkpt lat="67.7950663" lon="24.9155221">
      <time>2025-03-21T09:42:14Z</time>
    </trkpt>
    <trkpt lat="67.7949477" lon="24.9158198">
      <time>2025-03-21T09:42:20Z</time>
    </trkpt>
    <trkpt lat="67.7949305" lon="24.9158777">
      <time>2025-03-21T09:42:21Z</time>
    </trkpt>
    <trkpt lat="67.7948220" lon="24.9162526">
      <time>2025-03-21T09:42:28Z</time>
    </trkpt>
    <trkpt lat="67.7946735" lon="24.9167082">
      <time>2025-03-21T09:42:37Z</time>
    </trkpt>
    <trkpt lat="67.7946096" lon="24.9168707">
      <time>2025-03-21T09:42:41Z</time>
    </trkpt>
    <trkpt lat="67.7945734" lon="24.9169774">
      <time>2025-03-21T09:42:44Z</time>
    </trkpt>
    <trkpt lat="67.7945366" lon="24.9170796">
      <time>2025-03-21T09:42:47Z</time>
    </trkpt>
    <trkpt lat="67.7944982" lon="24.9171983">
      <time>2025-03-21T09:42:50Z</time>
    </trkpt>
    <trkpt lat="67.7944684" lon="24.9172931">
      <time>2025-03-21T09:42:52Z</time>
    </trkpt>
    <trkpt lat="67.7944524" lon="24.9173458">
      <time>2025-03-21T09:42:53Z</time>
    </trkpt>
    <trkpt lat="67.7943595" lon="24.9177834">
      <time>2025-03-21T09:43:01Z</time>
    </trkpt>
    <trkpt lat="67.7943353" lon="24.9180390">
      <time>2025-03-21T09:43:06Z</time>
    </trkpt>
    <trkpt lat="67.7943090" lon="24.9183415">
      <time>2025-03-21T09:43:12Z</time>
    </trkpt>
    <trkpt lat="67.7942631" lon="24.9186604">
      <time>2025-03-21T09:43:19Z</time>
    </trkpt>
    <trkpt lat="67.7941951" lon="24.9189541">
      <time>2025-03-21T09:43:26Z</time>
    </trkpt>
    <trkpt lat="67.7940797" lon="24.9193734">
      <time>2025-03-21T09:43:35Z</time>
    </trkpt>
    <trkpt lat="67.7939383" lon="24.9196990">
      <time>2025-03-21T09:43:43Z</time>
    </trkpt>
    <trkpt lat="67.7938482" lon="24.9198923">
      <time>2025-03-21T09:43:47Z</time>
    </trkpt>
    <trkpt lat="67.7937502" lon="24.9200761">
      <time>2025-03-21T09:43:51Z</time>
    </trkpt>
    <trkpt lat="67.7937259" lon="24.9201239">
      <time>2025-03-21T09:43:52Z</time>
    </trkpt>
    <trkpt lat="67.7936399" lon="24.9203382">
      <time>2025-03-21T09:43:56Z</time>
    </trkpt>
    <trkpt lat="67.7935058" lon="24.9206126">
      <time>2025-03-21T09:44:03Z</time>
    </trkpt>
    <trkpt lat="67.7934095" lon="24.9208580">
      <time>2025-03-21T09:44:08Z</time>
    </trkpt>
    <trkpt lat="67.7932932" lon="24.9211063">
      <time>2025-03-21T09:44:16Z</time>
    </trkpt>
    <trkpt lat="67.7932204" lon="24.9212991">
      <time>2025-03-21T09:44:23Z</time>
    </trkpt>
    <trkpt lat="67.7931980" lon="24.9213561">
      <time>2025-03-21T09:44:26Z</time>
    </trkpt>
    <trkpt lat="67.7931774" lon="24.9214063">
      <time>2025-03-21T09:44:28Z</time>
    </trkpt>
    <trkpt lat="67.7931102" lon="24.9216151">
      <time>2025-03-21T09:44:35Z</time>
    </trkpt>
    <trkpt lat="67.7931013" lon="24.9216471">
      <time>2025-03-21T09:44:36Z</time>
    </trkpt>
    <trkpt lat="67.7930560" lon="24.9218586">
      <time>2025-03-21T09:44:42Z</time>
    </trkpt>
    <trkpt lat="67.7930183" lon="24.9220398">
      <time>2025-03-21T09:44:47Z</time>
    </trkpt>
    <trkpt lat="67.7930100" lon="24.9221143">
      <time>2025-03-21T09:44:49Z</time>
    </trkpt>
    <trkpt lat="67.7930016" lon="24.9221862">
      <time>2025-03-21T09:44:51Z</time>
    </trkpt>
    <trkpt lat="67.7929820" lon="24.9222824">
      <time>2025-03-21T09:44:54Z</time>
    </trkpt>
    <trkpt lat="67.7929673" lon="24.9223480">
      <time>2025-03-21T09:45:00Z</time>
    </trkpt>
    <trkpt lat="67.7929515" lon="24.9224845">
      <time>2025-03-21T09:45:04Z</time>
    </trkpt>
    <trkpt lat="67.7929203" lon="24.9226479">
      <time>2025-03-21T09:45:07Z</time>
    </trkpt>
    <trkpt lat="67.7928018" lon="24.9229872">
      <time>2025-03-21T09:45:14Z</time>
    </trkpt>
    <trkpt lat="67.7927917" lon="24.9230312">
      <time>2025-03-21T09:45:15Z</time>
    </trkpt>
    <trkpt lat="67.7926972" lon="24.9232603">
      <time>2025-03-21T09:45:21Z</time>
    </trkpt>
    <trkpt lat="67.7926003" lon="24.9234251">
      <time>2025-03-21T09:45:27Z</time>
    </trkpt>
    <trkpt lat="67.7925212" lon="24.9235462">
      <time>2025-03-21T09:45:33Z</time>
    </trkpt>
    <trkpt lat="67.7924962" lon="24.9236017">
      <time>2025-03-21T09:45:35Z</time>
    </trkpt>
    <trkpt lat="67.7924155" lon="24.9238351">
      <time>2025-03-21T09:45:42Z</time>
    </trkpt>
    <trkpt lat="67.7924059" lon="24.9238733">
      <time>2025-03-21T09:45:43Z</time>
    </trkpt>
    <trkpt lat="67.7923587" lon="24.9242168">
      <time>2025-03-21T09:45:50Z</time>
    </trkpt>
    <trkpt lat="67.7923399" lon="24.9246750">
      <time>2025-03-21T09:45:56Z</time>
    </trkpt>
    <trkpt lat="67.7922778" lon="24.9250301">
      <time>2025-03-21T09:46:01Z</time>
    </trkpt>
    <trkpt lat="67.7922477" lon="24.9251805">
      <time>2025-03-21T09:46:04Z</time>
    </trkpt>
    <trkpt lat="67.7922003" lon="24.9254467">
      <time>2025-03-21T09:46:09Z</time>
    </trkpt>
    <trkpt lat="67.7921940" lon="24.9255083">
      <time>2025-03-21T09:46:10Z</time>
    </trkpt>
    <trkpt lat="67.7921773" lon="24.9256262">
      <time>2025-03-21T09:46:12Z</time>
    </trkpt>
    <trkpt lat="67.7921491" lon="24.9258801">
      <time>2025-03-21T09:46:17Z</time>
    </trkpt>
    <trkpt lat="67.7921381" lon="24.9263251">
      <time>2025-03-21T09:46:24Z</time>
    </trkpt>
    <trkpt lat="67.7921054" lon="24.9268895">
      <time>2025-03-21T09:46:31Z</time>
    </trkpt>
    <trkpt lat="67.7920797" lon="24.9271557">
      <time>2025-03-21T09:46:35Z</time>
    </trkpt>
    <trkpt lat="67.7920368" lon="24.9275706">
      <time>2025-03-21T09:46:42Z</time>
    </trkpt>
    <trkpt lat="67.7920057" lon="24.9278260">
      <time>2025-03-21T09:46:47Z</time>
    </trkpt>
    <trkpt lat="67.7919696" lon="24.9281275">
      <time>2025-03-21T09:46:52Z</time>
    </trkpt>
    <trkpt lat="67.7919566" lon="24.9282651">
      <time>2025-03-21T09:46:54Z</time>
    </trkpt>
    <trkpt lat="67.7919082" lon="24.9289502">
      <time>2025-03-21T09:47:04Z</time>
    </trkpt>
    <trkpt lat="67.7918816" lon="24.9294842">
      <time>2025-03-21T09:47:10Z</time>
    </trkpt>
    <trkpt lat="67.7918398" lon="24.9299785">
      <time>2025-03-21T09:47:15Z</time>
    </trkpt>
    <trkpt lat="67.7918064" lon="24.9301438">
      <time>2025-03-21T09:47:17Z</time>
    </trkpt>
    <trkpt lat="67.7917427" lon="24.9304002">
      <time>2025-03-21T09:47:21Z</time>
    </trkpt>
    <trkpt lat="67.7916648" lon="24.9306843">
      <time>2025-03-21T09:47:25Z</time>
    </trkpt>
    <trkpt lat="67.7916103" lon="24.9308895">
      <time>2025-03-21T09:47:28Z</time>
    </trkpt>
    <trkpt lat="67.7915116" lon="24.9311659">
      <time>2025-03-21T09:47:32Z</time>
    </trkpt>
    <trkpt lat="67.7913959" lon="24.9314804">
      <time>2025-03-21T09:47:38Z</time>
    </trkpt>
    <trkpt lat="67.7912838" lon="24.9317663">
      <time>2025-03-21T09:47:45Z</time>
    </trkpt>
    <trkpt lat="67.7911860" lon="24.9322443">
      <time>2025-03-21T09:47:52Z</time>
    </trkpt>
    <trkpt lat="67.7911218" lon="24.9327828">
      <time>2025-03-21T09:47:57Z</time>
    </trkpt>
    <trkpt lat="67.7910584" lon="24.9332180">
      <time>2025-03-21T09:48:00Z</time>
    </trkpt>
    <trkpt lat="67.7910042" lon="24.9335677">
      <time>2025-03-21T09:48:02Z</time>
    </trkpt>
    <trkpt lat="67.7909660" lon="24.9338493">
      <time>2025-03-21T09:48:04Z</time>
    </trkpt>
    <trkpt lat="67.7909486" lon="24.9339982">
      <time>2025-03-21T09:48:05Z</time>
    </trkpt>
    <trkpt lat="67.7909274" lon="24.9343012">
      <time>2025-03-21T09:48:07Z</time>
    </trkpt>
    <trkpt lat="67.7908562" lon="24.9350808">
      <time>2025-03-21T09:48:12Z</time>
    </trkpt>
    <trkpt lat="67.7908105" lon="24.9353157">
      <time>2025-03-21T09:48:14Z</time>
    </trkpt>
    <trkpt lat="67.7906567" lon="24.9358406">
      <time>2025-03-21T09:48:20Z</time>
    </trkpt>
    <trkpt lat="67.7905546" lon="24.9362137">
      <time>2025-03-21T09:48:25Z</time>
    </trkpt>
    <trkpt lat="67.7905030" lon="24.9363884">
      <time>2025-03-21T09:48:28Z</time>
    </trkpt>
    <trkpt lat="67.7904675" lon="24.9365469">
      <time>2025-03-21T09:48:31Z</time>
    </trkpt>
    <trkpt lat="67.7904243" lon="24.9367498">
      <time>2025-03-21T09:48:34Z</time>
    </trkpt>
    <trkpt lat="67.7903329" lon="24.9372554">
      <time>2025-03-21T09:48:40Z</time>
    </trkpt>
    <trkpt lat="67.7902281" lon="24.9375717">
      <time>2025-03-21T09:48:46Z</time>
    </trkpt>
    <trkpt lat="67.7901633" lon="24.9377449">
      <time>2025-03-21T09:48:49Z</time>
    </trkpt>
    <trkpt lat="67.7900545" lon="24.9380136">
      <time>2025-03-21T09:48:54Z</time>
    </trkpt>
    <trkpt lat="67.7899403" lon="24.9382293">
      <time>2025-03-21T09:49:00Z</time>
    </trkpt>
    <trkpt lat="67.7899023" lon="24.9382784">
      <time>2025-03-21T09:49:02Z</time>
    </trkpt>
    <trkpt lat="67.7898478" lon="24.9383403">
      <time>2025-03-21T09:49:06Z</time>
    </trkpt>
    <trkpt lat="67.7897768" lon="24.9384142">
      <time>2025-03-21T09:49:11Z</time>
    </trkpt>
    <trkpt lat="67.7897616" lon="24.9384440">
      <time>2025-03-21T09:49:12Z</time>
    </trkpt>
    <trkpt lat="67.7897289" lon="24.9385291">
      <time>2025-03-21T09:49:14Z</time>
    </trkpt>
    <trkpt lat="67.7896870" lon="24.9386339">
      <time>2025-03-21T09:49:16Z</time>
    </trkpt>
    <trkpt lat="67.7896668" lon="24.9386903">
      <time>2025-03-21T09:49:17Z</time>
    </trkpt>
    <trkpt lat="67.7895865" lon="24.9388377">
      <time>2025-03-21T09:49:21Z</time>
    </trkpt>
    <trkpt lat="67.7895507" lon="24.9388971">
      <time>2025-03-21T09:49:23Z</time>
    </trkpt>
    <trkpt lat="67.7893881" lon="24.9391956">
      <time>2025-03-21T09:49:29Z</time>
    </trkpt>
    <trkpt lat="67.7892313" lon="24.9395869">
      <time>2025-03-21T09:49:33Z</time>
    </trkpt>
    <trkpt lat="67.7891716" lon="24.9397012">
      <time>2025-03-21T09:49:34Z</time>
    </trkpt>
    <trkpt lat="67.7890456" lon="24.9398914">
      <time>2025-03-21T09:49:36Z</time>
    </trkpt>
    <trkpt lat="67.7889265" lon="24.9400179">
      <time>2025-03-21T09:49:38Z</time>
    </trkpt>
    <trkpt lat="67.7888387" lon="24.9400784">
      <time>2025-03-21T09:49:40Z</time>
    </trkpt>
    <trkpt lat="67.7887805" lon="24.9400842">
      <time>2025-03-21T09:49:42Z</time>
    </trkpt>
    <trkpt lat="67.7887110" lon="24.9400997">
      <time>2025-03-21T09:49:47Z</time>
    </trkpt>
    <trkpt lat="67.7886474" lon="24.9400894">
      <time>2025-03-21T09:49:53Z</time>
    </trkpt>
    <trkpt lat="67.7886129" lon="24.9400947">
      <time>2025-03-21T09:49:56Z</time>
    </trkpt>
    <trkpt lat="67.7885732" lon="24.9400996">
      <time>2025-03-21T09:49:59Z</time>
    </trkpt>
    <trkpt lat="67.7885448" lon="24.9401262">
      <time>2025-03-21T09:50:01Z</time>
    </trkpt>
    <trkpt lat="67.7885314" lon="24.9401354">
      <time>2025-03-21T09:50:02Z</time>
    </trkpt>
    <trkpt lat="67.7884873" lon="24.9401725">
      <time>2025-03-21T09:50:06Z</time>
    </trkpt>
    <trkpt lat="67.7884603" lon="24.9401977">
      <time>2025-03-21T09:50:09Z</time>
    </trkpt>
    <trkpt lat="67.7884577" lon="24.9402120">
      <time>2025-03-21T09:50:12Z</time>
    </trkpt>
    <trkpt lat="67.7884195" lon="24.9402535">
      <time>2025-03-21T09:50:39Z</time>
    </trkpt>
    <trkpt lat="67.7884029" lon="24.9402742">
      <time>2025-03-21T09:50:40Z</time>
    </trkpt>
    <trkpt lat="67.7882609" lon="24.9403808">
      <time>2025-03-21T09:50:46Z</time>
    </trkpt>
    <trkpt lat="67.7882050" lon="24.9403688">
      <time>2025-03-21T09:50:49Z</time>
    </trkpt>
    <trkpt lat="67.7881312" lon="24.9403885">
      <time>2025-03-21T09:50:53Z</time>
    </trkpt>
    <trkpt lat="67.7880142" lon="24.9403601">
      <time>2025-03-21T09:51:00Z</time>
    </trkpt>
    <trkpt lat="67.7878901" lon="24.9403283">
      <time>2025-03-21T09:51:08Z</time>
    </trkpt>
    <trkpt lat="67.7878226" lon="24.9403042">
      <time>2025-03-21T09:51:12Z</time>
    </trkpt>
    <trkpt lat="67.7877779" lon="24.9402992">
      <time>2025-03-21T09:51:14Z</time>
    </trkpt>
    <trkpt lat="67.7877342" lon="24.9403047">
      <time>2025-03-21T09:51:16Z</time>
    </trkpt>
    <trkpt lat="67.7875292" lon="24.9403055">
      <time>2025-03-21T09:51:25Z</time>
    </trkpt>
    <trkpt lat="67.7873830" lon="24.9403170">
      <time>2025-03-21T09:51:32Z</time>
    </trkpt>
    <trkpt lat="67.7871679" lon="24.9405265">
      <time>2025-03-21T09:51:40Z</time>
    </trkpt>
    <trkpt lat="67.7870447" lon="24.9405821">
      <time>2025-03-21T09:51:45Z</time>
    </trkpt>
    <trkpt lat="67.7869287" lon="24.9405158">
      <time>2025-03-21T09:51:52Z</time>
    </trkpt>
    <trkpt lat="67.7867029" lon="24.9404386">
      <time>2025-03-21T09:52:01Z</time>
    </trkpt>
    <trkpt lat="67.7865842" lon="24.9404429">
      <time>2025-03-21T09:52:06Z</time>
    </trkpt>
    <trkpt lat="67.7863973" lon="24.9404753">
      <time>2025-03-21T09:52:13Z</time>
    </trkpt>
    <trkpt lat="67.7863013" lon="24.9403246">
      <time>2025-03-21T09:52:17Z</time>
    </trkpt>
    <trkpt lat="67.7862325" lon="24.9402086">
      <time>2025-03-21T09:52:24Z</time>
    </trkpt>
    <trkpt lat="67.7861856" lon="24.9401418">
      <time>2025-03-21T09:52:28Z</time>
    </trkpt>
    <trkpt lat="67.7861545" lon="24.9401080">
      <time>2025-03-21T09:52:30Z</time>
    </trkpt>
    <trkpt lat="67.7860917" lon="24.9401043">
      <time>2025-03-21T09:52:33Z</time>
    </trkpt>
    <trkpt lat="67.7860006" lon="24.9401588">
      <time>2025-03-21T09:52:36Z</time>
    </trkpt>
    <trkpt lat="67.7859211" lon="24.9401745">
      <time>2025-03-21T09:52:38Z</time>
    </trkpt>
    <trkpt lat="67.7857843" lon="24.9401508">
      <time>2025-03-21T09:52:43Z</time>
    </trkpt>
    <trkpt lat="67.7856966" lon="24.9401083">
      <time>2025-03-21T09:52:49Z</time>
    </trkpt>
    <trkpt lat="67.7855497" lon="24.9399342">
      <time>2025-03-21T09:52:57Z</time>
    </trkpt>
    <trkpt lat="67.7854668" lon="24.9397967">
      <time>2025-03-21T09:53:03Z</time>
    </trkpt>
    <trkpt lat="67.7853754" lon="24.9396089">
      <time>2025-03-21T09:53:10Z</time>
    </trkpt>
    <trkpt lat="67.7852600" lon="24.9394850">
      <time>2025-03-21T09:53:18Z</time>
    </trkpt>
    <trkpt lat="67.7851995" lon="24.9393902">
      <time>2025-03-21T09:53:25Z</time>
    </trkpt>
    <trkpt lat="67.7851999" lon="24.9393911">
      <time>2025-03-21T09:53:26Z</time>
    </trkpt>
    <trkpt lat="67.7850469" lon="24.9392626">
      <time>2025-03-21T09:56:23Z</time>
    </trkpt>
    <trkpt lat="67.7850243" lon="24.9392694">
      <time>2025-03-21T09:56:24Z</time>
    </trkpt>
    <trkpt lat="67.7849974" lon="24.9392795">
      <time>2025-03-21T09:56:25Z</time>
    </trkpt>
    <trkpt lat="67.7848754" lon="24.9392246">
      <time>2025-03-21T09:56:29Z</time>
    </trkpt>
    <trkpt lat="67.7848522" lon="24.9391948">
      <time>2025-03-21T09:56:30Z</time>
    </trkpt>
    <trkpt lat="67.7847608" lon="24.9390459">
      <time>2025-03-21T09:56:35Z</time>
    </trkpt>
    <trkpt lat="67.7847418" lon="24.9390251">
      <time>2025-03-21T09:56:36Z</time>
    </trkpt>
    <trkpt lat="67.7846807" lon="24.9389197">
      <time>2025-03-21T09:56:40Z</time>
    </trkpt>
    <trkpt lat="67.7846402" lon="24.9387927">
      <time>2025-03-21T09:56:44Z</time>
    </trkpt>
    <trkpt lat="67.7846131" lon="24.9387332">
      <time>2025-03-21T09:56:46Z</time>
    </trkpt>
    <trkpt lat="67.7845810" lon="24.9386771">
      <time>2025-03-21T09:56:48Z</time>
    </trkpt>
    <trkpt lat="67.7845069" lon="24.9385315">
      <time>2025-03-21T09:56:53Z</time>
    </trkpt>
    <trkpt lat="67.7843747" lon="24.9384527">
      <time>2025-03-21T09:56:58Z</time>
    </trkpt>
    <trkpt lat="67.7843396" lon="24.9384566">
      <time>2025-03-21T09:56:59Z</time>
    </trkpt>
    <trkpt lat="67.7842081" lon="24.9384044">
      <time>2025-03-21T09:57:04Z</time>
    </trkpt>
    <trkpt lat="67.7841910" lon="24.9383765">
      <time>2025-03-21T09:57:05Z</time>
    </trkpt>
    <trkpt lat="67.7840881" lon="24.9381756">
      <time>2025-03-21T09:57:12Z</time>
    </trkpt>
    <trkpt lat="67.7839612" lon="24.9380550">
      <time>2025-03-21T09:57:19Z</time>
    </trkpt>
    <trkpt lat="67.7839444" lon="24.9380426">
      <time>2025-03-21T09:57:20Z</time>
    </trkpt>
    <trkpt lat="67.7839027" lon="24.9379904">
      <time>2025-03-21T09:57:22Z</time>
    </trkpt>
    <trkpt lat="67.7837967" lon="24.9377990">
      <time>2025-03-21T09:57:28Z</time>
    </trkpt>
    <trkpt lat="67.7837174" lon="24.9375101">
      <time>2025-03-21T09:57:35Z</time>
    </trkpt>
    <trkpt lat="67.7836572" lon="24.9373486">
      <time>2025-03-21T09:57:40Z</time>
    </trkpt>
    <trkpt lat="67.7835127" lon="24.9371946">
      <time>2025-03-21T09:57:48Z</time>
    </trkpt>
    <trkpt lat="67.7833060" lon="24.9371311">
      <time>2025-03-21T09:57:54Z</time>
    </trkpt>
    <trkpt lat="67.7832366" lon="24.9371026">
      <time>2025-03-21T09:57:56Z</time>
    </trkpt>
    <trkpt lat="67.7830761" lon="24.9370512">
      <time>2025-03-21T09:58:01Z</time>
    </trkpt>
    <trkpt lat="67.7828587" lon="24.9370539">
      <time>2025-03-21T09:58:08Z</time>
    </trkpt>
    <trkpt lat="67.7827996" lon="24.9370617">
      <time>2025-03-21T09:58:10Z</time>
    </trkpt>
    <trkpt lat="67.7826930" lon="24.9370577">
      <time>2025-03-21T09:58:13Z</time>
    </trkpt>
    <trkpt lat="67.7825735" lon="24.9371577">
      <time>2025-03-21T09:58:16Z</time>
    </trkpt>
    <trkpt lat="67.7825264" lon="24.9371831">
      <time>2025-03-21T09:58:17Z</time>
    </trkpt>
    <trkpt lat="67.7824267" lon="24.9371738">
      <time>2025-03-21T09:58:19Z</time>
    </trkpt>
    <trkpt lat="67.7823789" lon="24.9371396">
      <time>2025-03-21T09:58:20Z</time>
    </trkpt>
    <trkpt lat="67.7823409" lon="24.9370953">
      <time>2025-03-21T09:58:21Z</time>
    </trkpt>
    <trkpt lat="67.7822562" lon="24.9369716">
      <time>2025-03-21T09:58:24Z</time>
    </trkpt>
    <trkpt lat="67.7821211" lon="24.9368262">
      <time>2025-03-21T09:58:30Z</time>
    </trkpt>
    <trkpt lat="67.7819332" lon="24.9369052">
      <time>2025-03-21T09:58:36Z</time>
    </trkpt>
    <trkpt lat="67.7817998" lon="24.9370262">
      <time>2025-03-21T09:58:39Z</time>
    </trkpt>
    <trkpt lat="67.7817153" lon="24.9370285">
      <time>2025-03-21T09:58:41Z</time>
    </trkpt>
    <trkpt lat="67.7815485" lon="24.9369665">
      <time>2025-03-21T09:58:46Z</time>
    </trkpt>
    <trkpt lat="67.7814104" lon="24.9368763">
      <time>2025-03-21T09:58:51Z</time>
    </trkpt>
    <trkpt lat="67.7812819" lon="24.9366250">
      <time>2025-03-21T09:58:57Z</time>
    </trkpt>
    <trkpt lat="67.7811193" lon="24.9362493">
      <time>2025-03-21T09:59:07Z</time>
    </trkpt>
    <trkpt lat="67.7810419" lon="24.9360580">
      <time>2025-03-21T09:59:12Z</time>
    </trkpt>
    <trkpt lat="67.7809283" lon="24.9358859">
      <time>2025-03-21T09:59:19Z</time>
    </trkpt>
    <trkpt lat="67.7809103" lon="24.9358764">
      <time>2025-03-21T09:59:20Z</time>
    </trkpt>
    <trkpt lat="67.7808761" lon="24.9358640">
      <time>2025-03-21T09:59:22Z</time>
    </trkpt>
    <trkpt lat="67.7807686" lon="24.9358282">
      <time>2025-03-21T09:59:27Z</time>
    </trkpt>
    <trkpt lat="67.7806419" lon="24.9357736">
      <time>2025-03-21T09:59:31Z</time>
    </trkpt>
    <trkpt lat="67.7805512" lon="24.9357173">
      <time>2025-03-21T09:59:34Z</time>
    </trkpt>
    <trkpt lat="67.7804073" lon="24.9356437">
      <time>2025-03-21T09:59:40Z</time>
    </trkpt>
    <trkpt lat="67.7802150" lon="24.9354291">
      <time>2025-03-21T09:59:49Z</time>
    </trkpt>
    <trkpt lat="67.7801445" lon="24.9352542">
      <time>2025-03-21T09:59:55Z</time>
    </trkpt>
    <trkpt lat="67.7800793" lon="24.9349286">
      <time>2025-03-21T10:00:04Z</time>
    </trkpt>
    <trkpt lat="67.7800479" lon="24.9348396">
      <time>2025-03-21T10:00:10Z</time>
    </trkpt>
    <trkpt lat="67.7800468" lon="24.9348372">
      <time>2025-03-21T10:00:11Z</time>
    </trkpt>
    <trkpt lat="67.7800302" lon="24.9348068">
      <time>2025-03-21T10:01:05Z</time>
    </trkpt>
    <trkpt lat="67.7800063" lon="24.9348150">
      <time>2025-03-21T10:01:06Z</time>
    </trkpt>
    <trkpt lat="67.7799804" lon="24.9348307">
      <time>2025-03-21T10:01:07Z</time>
    </trkpt>
    <trkpt lat="67.7799047" lon="24.9349475">
      <time>2025-03-21T10:01:10Z</time>
    </trkpt>
    <trkpt lat="67.7798614" lon="24.9350941">
      <time>2025-03-21T10:01:12Z</time>
    </trkpt>
    <trkpt lat="67.7797325" lon="24.9356397">
      <time>2025-03-21T10:01:20Z</time>
    </trkpt>
    <trkpt lat="67.7796853" lon="24.9360588">
      <time>2025-03-21T10:01:25Z</time>
    </trkpt>
    <trkpt lat="67.7797403" lon="24.9363777">
      <time>2025-03-21T10:01:29Z</time>
    </trkpt>
    <trkpt lat="67.7798819" lon="24.9366715">
      <time>2025-03-21T10:01:35Z</time>
    </trkpt>
    <trkpt lat="67.7799031" lon="24.9367207">
      <time>2025-03-21T10:01:36Z</time>
    </trkpt>
    <trkpt lat="67.7799505" lon="24.9369966">
      <time>2025-03-21T10:01:40Z</time>
    </trkpt>
    <trkpt lat="67.7799215" lon="24.9375004">
      <time>2025-03-21T10:01:45Z</time>
    </trkpt>
    <trkpt lat="67.7798882" lon="24.9378217">
      <time>2025-03-21T10:01:48Z</time>
    </trkpt>
    <trkpt lat="67.7798399" lon="24.9382273">
      <time>2025-03-21T10:01:52Z</time>
    </trkpt>
    <trkpt lat="67.7798226" lon="24.9386633">
      <time>2025-03-21T10:01:58Z</time>
    </trkpt>
    <trkpt lat="67.7797917" lon="24.9392440">
      <time>2025-03-21T10:02:06Z</time>
    </trkpt>
    <trkpt lat="67.7796831" lon="24.9394927">
      <time>2025-03-21T10:02:10Z</time>
    </trkpt>
    <trkpt lat="67.7795099" lon="24.9397199">
      <time>2025-03-21T10:02:16Z</time>
    </trkpt>
    <trkpt lat="67.7793990" lon="24.9402167">
      <time>2025-03-21T10:02:23Z</time>
    </trkpt>
    <trkpt lat="67.7793530" lon="24.9404023">
      <time>2025-03-21T10:02:25Z</time>
    </trkpt>
    <trkpt lat="67.7792571" lon="24.9405629">
      <time>2025-03-21T10:02:28Z</time>
    </trkpt>
    <trkpt lat="67.7790530" lon="24.9406443">
      <time>2025-03-21T10:02:34Z</time>
    </trkpt>
    <trkpt lat="67.7788248" lon="24.9407089">
      <time>2025-03-21T10:02:41Z</time>
    </trkpt>
    <trkpt lat="67.7787642" lon="24.9407380">
      <time>2025-03-21T10:02:43Z</time>
    </trkpt>
    <trkpt lat="67.7787304" lon="24.9407560">
      <time>2025-03-21T10:02:44Z</time>
    </trkpt>
    <trkpt lat="67.7785851" lon="24.9408761">
      <time>2025-03-21T10:02:49Z</time>
    </trkpt>
    <trkpt lat="67.7784935" lon="24.9412004">
      <time>2025-03-21T10:02:53Z</time>
    </trkpt>
    <trkpt lat="67.7784638" lon="24.9414647">
      <time>2025-03-21T10:02:55Z</time>
    </trkpt>
    <trkpt lat="67.7784466" lon="24.9416986">
      <time>2025-03-21T10:02:57Z</time>
    </trkpt>
    <trkpt lat="67.7784348" lon="24.9419086">
      <time>2025-03-21T10:03:00Z</time>
    </trkpt>
    <trkpt lat="67.7784352" lon="24.9419553">
      <time>2025-03-21T10:03:01Z</time>
    </trkpt>
    <trkpt lat="67.7784367" lon="24.9420455">
      <time>2025-03-21T10:03:04Z</time>
    </trkpt>
    <trkpt lat="67.7784489" lon="24.9420816">
      <time>2025-03-21T10:03:07Z</time>
    </trkpt>
    <trkpt lat="67.7784530" lon="24.9420884">
      <time>2025-03-21T10:03:09Z</time>
    </trkpt>
    <trkpt lat="67.7784534" lon="24.9420892">
      <time>2025-03-21T10:03:11Z</time>
    </trkpt>
    <trkpt lat="67.7784312" lon="24.9420854">
      <time>2025-03-21T10:03:36Z</time>
    </trkpt>
    <trkpt lat="67.7784082" lon="24.9420710">
      <time>2025-03-21T10:03:37Z</time>
    </trkpt>
    <trkpt lat="67.7782153" lon="24.9419855">
      <time>2025-03-21T10:03:46Z</time>
    </trkpt>
    <trkpt lat="67.7780152" lon="24.9419998">
      <time>2025-03-21T10:03:54Z</time>
    </trkpt>
    <trkpt lat="67.7777965" lon="24.9420402">
      <time>2025-03-21T10:04:01Z</time>
    </trkpt>
    <trkpt lat="67.7776264" lon="24.9420123">
      <time>2025-03-21T10:04:06Z</time>
    </trkpt>
    <trkpt lat="67.7775365" lon="24.9419673">
      <time>2025-03-21T10:04:09Z</time>
    </trkpt>
    <trkpt lat="67.7775069" lon="24.9419410">
      <time>2025-03-21T10:04:10Z</time>
    </trkpt>
    <trkpt lat="67.7774815" lon="24.9419179">
      <time>2025-03-21T10:04:11Z</time>
    </trkpt>
    <trkpt lat="67.7774588" lon="24.9418933">
      <time>2025-03-21T10:04:12Z</time>
    </trkpt>
    <trkpt lat="67.7773713" lon="24.9418283">
      <time>2025-03-21T10:04:16Z</time>
    </trkpt>
    <trkpt lat="67.7772789" lon="24.9417414">
      <time>2025-03-21T10:04:21Z</time>
    </trkpt>
    <trkpt lat="67.7772630" lon="24.9417307">
      <time>2025-03-21T10:04:22Z</time>
    </trkpt>
    <trkpt lat="67.7771663" lon="24.9416125">
      <time>2025-03-21T10:04:28Z</time>
    </trkpt>
    <trkpt lat="67.7770846" lon="24.9415367">
      <time>2025-03-21T10:04:32Z</time>
    </trkpt>
    <trkpt lat="67.7770030" lon="24.9415191">
      <time>2025-03-21T10:04:37Z</time>
    </trkpt>
    <trkpt lat="67.7769855" lon="24.9415249">
      <time>2025-03-21T10:04:38Z</time>
    </trkpt>
    <trkpt lat="67.7769667" lon="24.9415298">
      <time>2025-03-21T10:04:39Z</time>
    </trkpt>
    <trkpt lat="67.7768231" lon="24.9415763">
      <time>2025-03-21T10:04:45Z</time>
    </trkpt>
    <trkpt lat="67.7766033" lon="24.9414783">
      <time>2025-03-21T10:04:51Z</time>
    </trkpt>
    <trkpt lat="67.7763863" lon="24.9413982">
      <time>2025-03-21T10:04:55Z</time>
    </trkpt>
    <trkpt lat="67.7761560" lon="24.9412255">
      <time>2025-03-21T10:04:59Z</time>
    </trkpt>
    <trkpt lat="67.7761202" lon="24.9411866">
      <time>2025-03-21T10:05:00Z</time>
    </trkpt>
    <trkpt lat="67.7760355" lon="24.9410772">
      <time>2025-03-21T10:05:04Z</time>
    </trkpt>
    <trkpt lat="67.7759541" lon="24.9409500">
      <time>2025-03-21T10:05:10Z</time>
    </trkpt>
    <trkpt lat="67.7758421" lon="24.9408054">
      <time>2025-03-21T10:05:17Z</time>
    </trkpt>
    <trkpt lat="67.7758043" lon="24.9407642">
      <time>2025-03-21T10:05:19Z</time>
    </trkpt>
    <trkpt lat="67.7757413" lon="24.9407201">
      <time>2025-03-21T10:05:22Z</time>
    </trkpt>
    <trkpt lat="67.7756940" lon="24.9406672">
      <time>2025-03-21T10:05:24Z</time>
    </trkpt>
    <trkpt lat="67.7756707" lon="24.9406344">
      <time>2025-03-21T10:05:25Z</time>
    </trkpt>
    <trkpt lat="67.7755907" lon="24.9404578">
      <time>2025-03-21T10:05:30Z</time>
    </trkpt>
    <trkpt lat="67.7755162" lon="24.9402973">
      <time>2025-03-21T10:05:35Z</time>
    </trkpt>
    <trkpt lat="67.7755037" lon="24.9402712">
      <time>2025-03-21T10:05:36Z</time>
    </trkpt>
    <trkpt lat="67.7754314" lon="24.9401125">
      <time>2025-03-21T10:05:42Z</time>
    </trkpt>
    <trkpt lat="67.7754132" lon="24.9400952">
      <time>2025-03-21T10:05:43Z</time>
    </trkpt>
    <trkpt lat="67.7753816" lon="24.9400496">
      <time>2025-03-21T10:05:45Z</time>
    </trkpt>
    <trkpt lat="67.7753440" lon="24.9399962">
      <time>2025-03-21T10:05:47Z</time>
    </trkpt>
    <trkpt lat="67.7753268" lon="24.9399713">
      <time>2025-03-21T10:05:48Z</time>
    </trkpt>
    <trkpt lat="67.7752175" lon="24.9399096">
      <time>2025-03-21T10:05:53Z</time>
    </trkpt>
    <trkpt lat="67.7751946" lon="24.9399090">
      <time>2025-03-21T10:05:54Z</time>
    </trkpt>
    <trkpt lat="67.7751734" lon="24.9399089">
      <time>2025-03-21T10:05:55Z</time>
    </trkpt>
    <trkpt lat="67.7750118" lon="24.9399274">
      <time>2025-03-21T10:06:01Z</time>
    </trkpt>
    <trkpt lat="67.7748927" lon="24.9399123">
      <time>2025-03-21T10:06:06Z</time>
    </trkpt>
    <trkpt lat="67.7748462" lon="24.9399014">
      <time>2025-03-21T10:06:08Z</time>
    </trkpt>
    <trkpt lat="67.7747667" lon="24.9398879">
      <time>2025-03-21T10:06:11Z</time>
    </trkpt>
    <trkpt lat="67.7747405" lon="24.9398902">
      <time>2025-03-21T10:06:12Z</time>
    </trkpt>
    <trkpt lat="67.7746677" lon="24.9398824">
      <time>2025-03-21T10:06:15Z</time>
    </trkpt>
    <trkpt lat="67.7746128" lon="24.9398656">
      <time>2025-03-21T10:06:17Z</time>
    </trkpt>
    <trkpt lat="67.7745869" lon="24.9398590">
      <time>2025-03-21T10:06:18Z</time>
    </trkpt>
    <trkpt lat="67.7745083" lon="24.9398381">
      <time>2025-03-21T10:06:21Z</time>
    </trkpt>
    <trkpt lat="67.7744829" lon="24.9398393">
      <time>2025-03-21T10:06:22Z</time>
    </trkpt>
    <trkpt lat="67.7744589" lon="24.9398299">
      <time>2025-03-21T10:06:23Z</time>
    </trkpt>
    <trkpt lat="67.7742595" lon="24.9397238">
      <time>2025-03-21T10:06:31Z</time>
    </trkpt>
    <trkpt lat="67.7740931" lon="24.9396136">
      <time>2025-03-21T10:06:38Z</time>
    </trkpt>
    <trkpt lat="67.7739237" lon="24.9394535">
      <time>2025-03-21T10:06:45Z</time>
    </trkpt>
    <trkpt lat="67.7737060" lon="24.9392732">
      <time>2025-03-21T10:06:53Z</time>
    </trkpt>
    <trkpt lat="67.7735234" lon="24.9391285">
      <time>2025-03-21T10:07:01Z</time>
    </trkpt>
    <trkpt lat="67.7733208" lon="24.9390944">
      <time>2025-03-21T10:07:07Z</time>
    </trkpt>
    <trkpt lat="67.7730644" lon="24.9391263">
      <time>2025-03-21T10:07:12Z</time>
    </trkpt>
    <trkpt lat="67.7728101" lon="24.9391482">
      <time>2025-03-21T10:07:18Z</time>
    </trkpt>
    <trkpt lat="67.7727286" lon="24.9391356">
      <time>2025-03-21T10:07:21Z</time>
    </trkpt>
    <trkpt lat="67.7726844" lon="24.9391008">
      <time>2025-03-21T10:07:23Z</time>
    </trkpt>
    <trkpt lat="67.7726624" lon="24.9390796">
      <time>2025-03-21T10:07:24Z</time>
    </trkpt>
    <trkpt lat="67.7725311" lon="24.9389700">
      <time>2025-03-21T10:07:30Z</time>
    </trkpt>
    <trkpt lat="67.7725087" lon="24.9389513">
      <time>2025-03-21T10:07:31Z</time>
    </trkpt>
    <trkpt lat="67.7723695" lon="24.9388957">
      <time>2025-03-21T10:07:37Z</time>
    </trkpt>
    <trkpt lat="67.7723460" lon="24.9389005">
      <time>2025-03-21T10:07:38Z</time>
    </trkpt>
    <trkpt lat="67.7722987" lon="24.9389105">
      <time>2025-03-21T10:07:40Z</time>
    </trkpt>
    <trkpt lat="67.7721133" lon="24.9389344">
      <time>2025-03-21T10:07:48Z</time>
    </trkpt>
    <trkpt lat="67.7719935" lon="24.9389121">
      <time>2025-03-21T10:07:53Z</time>
    </trkpt>
    <trkpt lat="67.7719053" lon="24.9389299">
      <time>2025-03-21T10:07:56Z</time>
    </trkpt>
    <trkpt lat="67.7718751" lon="24.9389511">
      <time>2025-03-21T10:07:57Z</time>
    </trkpt>
    <trkpt lat="67.7716478" lon="24.9391499">
      <time>2025-03-21T10:08:05Z</time>
    </trkpt>
    <trkpt lat="67.7714046" lon="24.9393108">
      <time>2025-03-21T10:08:13Z</time>
    </trkpt>
    <trkpt lat="67.7712065" lon="24.9393915">
      <time>2025-03-21T10:08:19Z</time>
    </trkpt>
    <trkpt lat="67.7709451" lon="24.9394638">
      <time>2025-03-21T10:08:27Z</time>
    </trkpt>
    <trkpt lat="67.7707211" lon="24.9395110">
      <time>2025-03-21T10:08:34Z</time>
    </trkpt>
    <trkpt lat="67.7705109" lon="24.9396141">
      <time>2025-03-21T10:08:41Z</time>
    </trkpt>
    <trkpt lat="67.7702987" lon="24.9397333">
      <time>2025-03-21T10:08:48Z</time>
    </trkpt>
    <trkpt lat="67.7700927" lon="24.9398915">
      <time>2025-03-21T10:08:56Z</time>
    </trkpt>
    <trkpt lat="67.7699837" lon="24.9399261">
      <time>2025-03-21T10:09:01Z</time>
    </trkpt>
    <trkpt lat="67.7698113" lon="24.9398589">
      <time>2025-03-21T10:09:07Z</time>
    </trkpt>
    <trkpt lat="67.7697441" lon="24.9397950">
      <time>2025-03-21T10:09:10Z</time>
    </trkpt>
    <trkpt lat="67.7696307" lon="24.9396673">
      <time>2025-03-21T10:09:15Z</time>
    </trkpt>
    <trkpt lat="67.7694365" lon="24.9394947">
      <time>2025-03-21T10:09:23Z</time>
    </trkpt>
    <trkpt lat="67.7692635" lon="24.9392998">
      <time>2025-03-21T10:09:30Z</time>
    </trkpt>
    <trkpt lat="67.7690880" lon="24.9390644">
      <time>2025-03-21T10:09:35Z</time>
    </trkpt>
    <trkpt lat="67.7690433" lon="24.9389806">
      <time>2025-03-21T10:09:37Z</time>
    </trkpt>
    <trkpt lat="67.7689971" lon="24.9388807">
      <time>2025-03-21T10:09:40Z</time>
    </trkpt>
    <trkpt lat="67.7688763" lon="24.9386272">
      <time>2025-03-21T10:09:46Z</time>
    </trkpt>
    <trkpt lat="67.7687345" lon="24.9382511">
      <time>2025-03-21T10:09:54Z</time>
    </trkpt>
    <trkpt lat="67.7686284" lon="24.9378880">
      <time>2025-03-21T10:10:01Z</time>
    </trkpt>
    <trkpt lat="67.7685924" lon="24.9377925">
      <time>2025-03-21T10:10:04Z</time>
    </trkpt>
    <trkpt lat="67.7685621" lon="24.9377202">
      <time>2025-03-21T10:10:08Z</time>
    </trkpt>
    <trkpt lat="67.7685190" lon="24.9376669">
      <time>2025-03-21T10:10:15Z</time>
    </trkpt>
    <trkpt lat="67.7684377" lon="24.9375210">
      <time>2025-03-21T10:10:21Z</time>
    </trkpt>
    <trkpt lat="67.7683857" lon="24.9374465">
      <time>2025-03-21T10:10:24Z</time>
    </trkpt>
    <trkpt lat="67.7683197" lon="24.9373662">
      <time>2025-03-21T10:10:28Z</time>
    </trkpt>
    <trkpt lat="67.7682506" lon="24.9373109">
      <time>2025-03-21T10:10:32Z</time>
    </trkpt>
    <trkpt lat="67.7682165" lon="24.9372915">
      <time>2025-03-21T10:10:34Z</time>
    </trkpt>
    <trkpt lat="67.7681648" lon="24.9372740">
      <time>2025-03-21T10:10:37Z</time>
    </trkpt>
    <trkpt lat="67.7680841" lon="24.9372129">
      <time>2025-03-21T10:10:45Z</time>
    </trkpt>
    <trkpt lat="67.7680844" lon="24.9372103">
      <time>2025-03-21T10:10:46Z</time>
    </trkpt>
    <trkpt lat="67.7680227" lon="24.9371288">
      <time>2025-03-21T10:11:25Z</time>
    </trkpt>
    <trkpt lat="67.7679798" lon="24.9370639">
      <time>2025-03-21T10:11:27Z</time>
    </trkpt>
    <trkpt lat="67.7678392" lon="24.9368509">
      <time>2025-03-21T10:11:32Z</time>
    </trkpt>
    <trkpt lat="67.7677906" lon="24.9367569">
      <time>2025-03-21T10:11:34Z</time>
    </trkpt>
    <trkpt lat="67.7676699" lon="24.9365202">
      <time>2025-03-21T10:11:40Z</time>
    </trkpt>
    <trkpt lat="67.7675420" lon="24.9363224">
      <time>2025-03-21T10:11:46Z</time>
    </trkpt>
    <trkpt lat="67.7674654" lon="24.9361691">
      <time>2025-03-21T10:11:50Z</time>
    </trkpt>
    <trkpt lat="67.7674292" lon="24.9360837">
      <time>2025-03-21T10:11:52Z</time>
    </trkpt>
    <trkpt lat="67.7673122" lon="24.9358707">
      <time>2025-03-21T10:11:58Z</time>
    </trkpt>
    <trkpt lat="67.7671585" lon="24.9356527">
      <time>2025-03-21T10:12:06Z</time>
    </trkpt>
    <trkpt lat="67.7670072" lon="24.9355175">
      <time>2025-03-21T10:12:13Z</time>
    </trkpt>
    <trkpt lat="67.7668409" lon="24.9354451">
      <time>2025-03-21T10:12:20Z</time>
    </trkpt>
    <trkpt lat="67.7666495" lon="24.9354020">
      <time>2025-03-21T10:12:27Z</time>
    </trkpt>
    <trkpt lat="67.7664972" lon="24.9353657">
      <time>2025-03-21T10:12:33Z</time>
    </trkpt>
    <trkpt lat="67.7662864" lon="24.9353180">
      <time>2025-03-21T10:12:41Z</time>
    </trkpt>
    <trkpt lat="67.7660699" lon="24.9352367">
      <time>2025-03-21T10:12:49Z</time>
    </trkpt>
    <trkpt lat="67.7658381" lon="24.9350889">
      <time>2025-03-21T10:12:57Z</time>
    </trkpt>
    <trkpt lat="67.7657073" lon="24.9350078">
      <time>2025-03-21T10:13:02Z</time>
    </trkpt>
    <trkpt lat="67.7655037" lon="24.9350452">
      <time>2025-03-21T10:13:09Z</time>
    </trkpt>
    <trkpt lat="67.7652920" lon="24.9351574">
      <time>2025-03-21T10:13:17Z</time>
    </trkpt>
    <trkpt lat="67.7650799" lon="24.9351533">
      <time>2025-03-21T10:13:24Z</time>
    </trkpt>
    <trkpt lat="67.7648728" lon="24.9350351">
      <time>2025-03-21T10:13:31Z</time>
    </trkpt>
    <trkpt lat="67.7646718" lon="24.9348347">
      <time>2025-03-21T10:13:38Z</time>
    </trkpt>
    <trkpt lat="67.7644705" lon="24.9346588">
      <time>2025-03-21T10:13:45Z</time>
    </trkpt>
    <trkpt lat="67.7643508" lon="24.9343143">
      <time>2025-03-21T10:13:51Z</time>
    </trkpt>
    <trkpt lat="67.7642299" lon="24.9338217">
      <time>2025-03-21T10:13:59Z</time>
    </trkpt>
    <trkpt lat="67.7641232" lon="24.9333786">
      <time>2025-03-21T10:14:06Z</time>
    </trkpt>
    <trkpt lat="67.7640404" lon="24.9329960">
      <time>2025-03-21T10:14:12Z</time>
    </trkpt>
    <trkpt lat="67.7639341" lon="24.9325125">
      <time>2025-03-21T10:14:20Z</time>
    </trkpt>
    <trkpt lat="67.7638610" lon="24.9321920">
      <time>2025-03-21T10:14:25Z</time>
    </trkpt>
    <trkpt lat="67.7637254" lon="24.9317200">
      <time>2025-03-21T10:14:34Z</time>
    </trkpt>
    <trkpt lat="67.7636163" lon="24.9315102">
      <time>2025-03-21T10:14:42Z</time>
    </trkpt>
    <trkpt lat="67.7636109" lon="24.9315046">
      <time>2025-03-21T10:14:45Z</time>
    </trkpt>
    <trkpt lat="67.7635809" lon="24.9314868">
      <time>2025-03-21T10:15:42Z</time>
    </trkpt>
    <trkpt lat="67.7635618" lon="24.9314651">
      <time>2025-03-21T10:15:43Z</time>
    </trkpt>
    <trkpt lat="67.7634444" lon="24.9313442">
      <time>2025-03-21T10:15:48Z</time>
    </trkpt>
    <trkpt lat="67.7632986" lon="24.9312545">
      <time>2025-03-21T10:15:54Z</time>
    </trkpt>
    <trkpt lat="67.7631255" lon="24.9311427">
      <time>2025-03-21T10:16:01Z</time>
    </trkpt>
    <trkpt lat="67.7629991" lon="24.9310283">
      <time>2025-03-21T10:16:06Z</time>
    </trkpt>
    <trkpt lat="67.7629400" lon="24.9309384">
      <time>2025-03-21T10:16:09Z</time>
    </trkpt>
    <trkpt lat="67.7628239" lon="24.9307540">
      <time>2025-03-21T10:16:14Z</time>
    </trkpt>
    <trkpt lat="67.7627950" lon="24.9307129">
      <time>2025-03-21T10:16:15Z</time>
    </trkpt>
    <trkpt lat="67.7626450" lon="24.9305527">
      <time>2025-03-21T10:16:21Z</time>
    </trkpt>
    <trkpt lat="67.7626196" lon="24.9305352">
      <time>2025-03-21T10:16:22Z</time>
    </trkpt>
    <trkpt lat="67.7624604" lon="24.9305078">
      <time>2025-03-21T10:16:29Z</time>
    </trkpt>
    <trkpt lat="67.7622942" lon="24.9304845">
      <time>2025-03-21T10:16:36Z</time>
    </trkpt>
    <trkpt lat="67.7620812" lon="24.9304482">
      <time>2025-03-21T10:16:45Z</time>
    </trkpt>
    <trkpt lat="67.7619485" lon="24.9303967">
      <time>2025-03-21T10:16:51Z</time>
    </trkpt>
    <trkpt lat="67.7617709" lon="24.9303431">
      <time>2025-03-21T10:16:59Z</time>
    </trkpt>
    <trkpt lat="67.7615998" lon="24.9303646">
      <time>2025-03-21T10:17:06Z</time>
    </trkpt>
    <trkpt lat="67.7613615" lon="24.9304503">
      <time>2025-03-21T10:17:15Z</time>
    </trkpt>
    <trkpt lat="67.7612120" lon="24.9304721">
      <time>2025-03-21T10:17:21Z</time>
    </trkpt>
    <trkpt lat="67.7610543" lon="24.9304312">
      <time>2025-03-21T10:17:27Z</time>
    </trkpt>
    <trkpt lat="67.7608972" lon="24.9303897">
      <time>2025-03-21T10:17:33Z</time>
    </trkpt>
    <trkpt lat="67.7607455" lon="24.9303846">
      <time>2025-03-21T10:17:39Z</time>
    </trkpt>
    <trkpt lat="67.7605490" lon="24.9303783">
      <time>2025-03-21T10:17:46Z</time>
    </trkpt>
    <trkpt lat="67.7603321" lon="24.9303992">
      <time>2025-03-21T10:17:53Z</time>
    </trkpt>
    <trkpt lat="67.7601127" lon="24.9304709">
      <time>2025-03-21T10:18:00Z</time>
    </trkpt>
    <trkpt lat="67.7599057" lon="24.9305408">
      <time>2025-03-21T10:18:07Z</time>
    </trkpt>
    <trkpt lat="67.7597013" lon="24.9305308">
      <time>2025-03-21T10:18:14Z</time>
    </trkpt>
    <trkpt lat="67.7595408" lon="24.9304311">
      <time>2025-03-21T10:18:20Z</time>
    </trkpt>
    <trkpt lat="67.7594086" lon="24.9302628">
      <time>2025-03-21T10:18:27Z</time>
    </trkpt>
    <trkpt lat="67.7593704" lon="24.9302395">
      <time>2025-03-21T10:18:33Z</time>
    </trkpt>
    <trkpt lat="67.7593525" lon="24.9303051">
      <time>2025-03-21T10:18:37Z</time>
    </trkpt>
    <trkpt lat="67.7593326" lon="24.9304265">
      <time>2025-03-21T10:18:40Z</time>
    </trkpt>
    <trkpt lat="67.7592272" lon="24.9308150">
      <time>2025-03-21T10:18:47Z</time>
    </trkpt>
    <trkpt lat="67.7590622" lon="24.9312284">
      <time>2025-03-21T10:18:55Z</time>
    </trkpt>
    <trkpt lat="67.7588475" lon="24.9315267">
      <time>2025-03-21T10:19:02Z</time>
    </trkpt>
    <trkpt lat="67.7586214" lon="24.9316714">
      <time>2025-03-21T10:19:09Z</time>
    </trkpt>
    <trkpt lat="67.7583356" lon="24.9316441">
      <time>2025-03-21T10:19:18Z</time>
    </trkpt>
    <trkpt lat="67.7582070" lon="24.9317821">
      <time>2025-03-21T10:19:23Z</time>
    </trkpt>
    <trkpt lat="67.7581205" lon="24.9321544">
      <time>2025-03-21T10:19:29Z</time>
    </trkpt>
    <trkpt lat="67.7579770" lon="24.9326024">
      <time>2025-03-21T10:19:37Z</time>
    </trkpt>
    <trkpt lat="67.7578002" lon="24.9327586">
      <time>2025-03-21T10:19:44Z</time>
    </trkpt>
    <trkpt lat="67.7575810" lon="24.9327310">
      <time>2025-03-21T10:19:52Z</time>
    </trkpt>
    <trkpt lat="67.7573706" lon="24.9326397">
      <time>2025-03-21T10:20:00Z</time>
    </trkpt>
    <trkpt lat="67.7572020" lon="24.9328489">
      <time>2025-03-21T10:20:07Z</time>
    </trkpt>
    <trkpt lat="67.7571077" lon="24.9330296">
      <time>2025-03-21T10:20:11Z</time>
    </trkpt>
    <trkpt lat="67.7570620" lon="24.9331237">
      <time>2025-03-21T10:20:13Z</time>
    </trkpt>
    <trkpt lat="67.7568910" lon="24.9333951">
      <time>2025-03-21T10:20:20Z</time>
    </trkpt>
    <trkpt lat="67.7567486" lon="24.9335949">
      <time>2025-03-21T10:20:26Z</time>
    </trkpt>
    <trkpt lat="67.7566324" lon="24.9338306">
      <time>2025-03-21T10:20:32Z</time>
    </trkpt>
    <trkpt lat="67.7565446" lon="24.9340927">
      <time>2025-03-21T10:20:38Z</time>
    </trkpt>
    <trkpt lat="67.7564994" lon="24.9343790">
      <time>2025-03-21T10:20:43Z</time>
    </trkpt>
    <trkpt lat="67.7564969" lon="24.9344413">
      <time>2025-03-21T10:20:44Z</time>
    </trkpt>
    <trkpt lat="67.7564836" lon="24.9347938">
      <time>2025-03-21T10:20:49Z</time>
    </trkpt>
    <trkpt lat="67.7564723" lon="24.9352631">
      <time>2025-03-21T10:20:56Z</time>
    </trkpt>
    <trkpt lat="67.7564536" lon="24.9356094">
      <time>2025-03-21T10:21:02Z</time>
    </trkpt>
    <trkpt lat="67.7564291" lon="24.9360607">
      <time>2025-03-21T10:21:09Z</time>
    </trkpt>
    <trkpt lat="67.7564002" lon="24.9364530">
      <time>2025-03-21T10:21:15Z</time>
    </trkpt>
    <trkpt lat="67.7564256" lon="24.9368052">
      <time>2025-03-21T10:21:21Z</time>
    </trkpt>
    <trkpt lat="67.7564492" lon="24.9373054">
      <time>2025-03-21T10:21:29Z</time>
    </trkpt>
    <trkpt lat="67.7564336" lon="24.9377352">
      <time>2025-03-21T10:21:35Z</time>
    </trkpt>
    <trkpt lat="67.7563892" lon="24.9381463">
      <time>2025-03-21T10:21:41Z</time>
    </trkpt>
    <trkpt lat="67.7563699" lon="24.9382784">
      <time>2025-03-21T10:21:43Z</time>
    </trkpt>
    <trkpt lat="67.7562953" lon="24.9388443">
      <time>2025-03-21T10:21:51Z</time>
    </trkpt>
    <trkpt lat="67.7561884" lon="24.9394415">
      <time>2025-03-21T10:21:59Z</time>
    </trkpt>
    <trkpt lat="67.7561434" lon="24.9399955">
      <time>2025-03-21T10:22:07Z</time>
    </trkpt>
    <trkpt lat="67.7561276" lon="24.9404489">
      <time>2025-03-21T10:22:14Z</time>
    </trkpt>
    <trkpt lat="67.7560688" lon="24.9407960">
      <time>2025-03-21T10:22:19Z</time>
    </trkpt>
    <trkpt lat="67.7559335" lon="24.9412007">
      <time>2025-03-21T10:22:26Z</time>
    </trkpt>
    <trkpt lat="67.7558455" lon="24.9413677">
      <time>2025-03-21T10:22:30Z</time>
    </trkpt>
    <trkpt lat="67.7557480" lon="24.9415848">
      <time>2025-03-21T10:22:35Z</time>
    </trkpt>
    <trkpt lat="67.7555941" lon="24.9419699">
      <time>2025-03-21T10:22:43Z</time>
    </trkpt>
    <trkpt lat="67.7554181" lon="24.9424035">
      <time>2025-03-21T10:22:52Z</time>
    </trkpt>
    <trkpt lat="67.7552974" lon="24.9427111">
      <time>2025-03-21T10:22:58Z</time>
    </trkpt>
    <trkpt lat="67.7552849" lon="24.9427801">
      <time>2025-03-21T10:22:59Z</time>
    </trkpt>
    <trkpt lat="67.7552456" lon="24.9430956">
      <time>2025-03-21T10:23:04Z</time>
    </trkpt>
    <trkpt lat="67.7552373" lon="24.9431576">
      <time>2025-03-21T10:23:05Z</time>
    </trkpt>
    <trkpt lat="67.7552094" lon="24.9434885">
      <time>2025-03-21T10:23:10Z</time>
    </trkpt>
    <trkpt lat="67.7551706" lon="24.9438840">
      <time>2025-03-21T10:23:16Z</time>
    </trkpt>
    <trkpt lat="67.7550912" lon="24.9442056">
      <time>2025-03-21T10:23:22Z</time>
    </trkpt>
    <trkpt lat="67.7550475" lon="24.9443335">
      <time>2025-03-21T10:23:25Z</time>
    </trkpt>
    <trkpt lat="67.7549935" lon="24.9444654">
      <time>2025-03-21T10:23:28Z</time>
    </trkpt>
    <trkpt lat="67.7548907" lon="24.9448729">
      <time>2025-03-21T10:23:35Z</time>
    </trkpt>
    <trkpt lat="67.7548601" lon="24.9452115">
      <time>2025-03-21T10:23:40Z</time>
    </trkpt>
    <trkpt lat="67.7548541" lon="24.9452815">
      <time>2025-03-21T10:23:41Z</time>
    </trkpt>
    <trkpt lat="67.7548151" lon="24.9456278">
      <time>2025-03-21T10:23:46Z</time>
    </trkpt>
    <trkpt lat="67.7547798" lon="24.9460657">
      <time>2025-03-21T10:23:53Z</time>
    </trkpt>
    <trkpt lat="67.7547843" lon="24.9463527">
      <time>2025-03-21T10:23:58Z</time>
    </trkpt>
    <trkpt lat="67.7547838" lon="24.9465150">
      <time>2025-03-21T10:24:02Z</time>
    </trkpt>
    <trkpt lat="67.7547860" lon="24.9465728">
      <time>2025-03-21T10:24:07Z</time>
    </trkpt>
    <trkpt lat="67.7548026" lon="24.9466698">
      <time>2025-03-21T10:25:51Z</time>
    </trkpt>
    <trkpt lat="67.7547980" lon="24.9467381">
      <time>2025-03-21T10:25:52Z</time>
    </trkpt>
    <trkpt lat="67.7547591" lon="24.9471134">
      <time>2025-03-21T10:25:57Z</time>
    </trkpt>
    <trkpt lat="67.7546353" lon="24.9474286">
      <time>2025-03-21T10:26:03Z</time>
    </trkpt>
    <trkpt lat="67.7544924" lon="24.9475912">
      <time>2025-03-21T10:26:08Z</time>
    </trkpt>
    <trkpt lat="67.7544603" lon="24.9476289">
      <time>2025-03-21T10:26:09Z</time>
    </trkpt>
    <trkpt lat="67.7542973" lon="24.9478718">
      <time>2025-03-21T10:26:14Z</time>
    </trkpt>
    <trkpt lat="67.7542346" lon="24.9479474">
      <time>2025-03-21T10:26:16Z</time>
    </trkpt>
    <trkpt lat="67.7541113" lon="24.9480930">
      <time>2025-03-21T10:26:20Z</time>
    </trkpt>
    <trkpt lat="67.7540026" lon="24.9482178">
      <time>2025-03-21T10:26:24Z</time>
    </trkpt>
    <trkpt lat="67.7537759" lon="24.9484173">
      <time>2025-03-21T10:26:32Z</time>
    </trkpt>
    <trkpt lat="67.7536143" lon="24.9486351">
      <time>2025-03-21T10:26:39Z</time>
    </trkpt>
    <trkpt lat="67.7534789" lon="24.9488267">
      <time>2025-03-21T10:26:45Z</time>
    </trkpt>
    <trkpt lat="67.7533469" lon="24.9489963">
      <time>2025-03-21T10:26:51Z</time>
    </trkpt>
    <trkpt lat="67.7532025" lon="24.9491554">
      <time>2025-03-21T10:26:57Z</time>
    </trkpt>
    <trkpt lat="67.7530862" lon="24.9492960">
      <time>2025-03-21T10:27:02Z</time>
    </trkpt>
    <trkpt lat="67.7530620" lon="24.9493288">
      <time>2025-03-21T10:27:03Z</time>
    </trkpt>
    <trkpt lat="67.7529031" lon="24.9495644">
      <time>2025-03-21T10:27:09Z</time>
    </trkpt>
    <trkpt lat="67.7527290" lon="24.9497932">
      <time>2025-03-21T10:27:16Z</time>
    </trkpt>
    <trkpt lat="67.7526257" lon="24.9499067">
      <time>2025-03-21T10:27:22Z</time>
    </trkpt>
    <trkpt lat="67.7525579" lon="24.9500013">
      <time>2025-03-21T10:27:26Z</time>
    </trkpt>
    <trkpt lat="67.7525097" lon="24.9500653">
      <time>2025-03-21T10:27:28Z</time>
    </trkpt>
    <trkpt lat="67.7523984" lon="24.9501884">
      <time>2025-03-21T10:27:33Z</time>
    </trkpt>
    <trkpt lat="67.7522695" lon="24.9503284">
      <time>2025-03-21T10:27:42Z</time>
    </trkpt>
    <trkpt lat="67.7522691" lon="24.9503253">
      <time>2025-03-21T10:27:44Z</time>
    </trkpt>
    <trkpt lat="67.7525007" lon="24.9504620">
      <time>2025-03-21T10:29:14Z</time>
    </trkpt>
    <trkpt lat="67.7525071" lon="24.9504890">
      <time>2025-03-21T10:29:15Z</time>
    </trkpt>
    <trkpt lat="67.7525603" lon="24.9507495">
      <time>2025-03-21T10:29:22Z</time>
    </trkpt>
    <trkpt lat="67.7526148" lon="24.9510553">
      <time>2025-03-21T10:29:28Z</time>
    </trkpt>
    <trkpt lat="67.7526201" lon="24.9511060">
      <time>2025-03-21T10:29:29Z</time>
    </trkpt>
    <trkpt lat="67.7526469" lon="24.9513169">
      <time>2025-03-21T10:29:33Z</time>
    </trkpt>
    <trkpt lat="67.7526653" lon="24.9514275">
      <time>2025-03-21T10:29:35Z</time>
    </trkpt>
    <trkpt lat="67.7526874" lon="24.9517287">
      <time>2025-03-21T10:29:40Z</time>
    </trkpt>
    <trkpt lat="67.7527161" lon="24.9519612">
      <time>2025-03-21T10:29:46Z</time>
    </trkpt>
    <trkpt lat="67.7527358" lon="24.9521532">
      <time>2025-03-21T10:29:50Z</time>
    </trkpt>
    <trkpt lat="67.7527472" lon="24.9522658">
      <time>2025-03-21T10:29:52Z</time>
    </trkpt>
    <trkpt lat="67.7527543" lon="24.9523287">
      <time>2025-03-21T10:29:53Z</time>
    </trkpt>
    <trkpt lat="67.7527788" lon="24.9525419">
      <time>2025-03-21T10:29:56Z</time>
    </trkpt>
    <trkpt lat="67.7527886" lon="24.9526194">
      <time>2025-03-21T10:29:57Z</time>
    </trkpt>
    <trkpt lat="67.7528166" lon="24.9529475">
      <time>2025-03-21T10:30:01Z</time>
    </trkpt>
    <trkpt lat="67.7528253" lon="24.9530349">
      <time>2025-03-21T10:30:02Z</time>
    </trkpt>
    <trkpt lat="67.7528800" lon="24.9536397">
      <time>2025-03-21T10:30:09Z</time>
    </trkpt>
    <trkpt lat="67.7528927" lon="24.9537283">
      <time>2025-03-21T10:30:10Z</time>
    </trkpt>
    <trkpt lat="67.7529078" lon="24.9538162">
      <time>2025-03-21T10:30:11Z</time>
    </trkpt>
    <trkpt lat="67.7529438" lon="24.9540674">
      <time>2025-03-21T10:30:14Z</time>
    </trkpt>
    <trkpt lat="67.7530060" lon="24.9545689">
      <time>2025-03-21T10:30:21Z</time>
    </trkpt>
    <trkpt lat="67.7530109" lon="24.9549540">
      <time>2025-03-21T10:30:26Z</time>
    </trkpt>
    <trkpt lat="67.7530176" lon="24.9551686">
      <time>2025-03-21T10:30:29Z</time>
    </trkpt>
    <trkpt lat="67.7530771" lon="24.9556335">
      <time>2025-03-21T10:30:36Z</time>
    </trkpt>
    <trkpt lat="67.7531445" lon="24.9560990">
      <time>2025-03-21T10:30:42Z</time>
    </trkpt>
    <trkpt lat="67.7531809" lon="24.9563406">
      <time>2025-03-21T10:30:45Z</time>
    </trkpt>
    <trkpt lat="67.7532504" lon="24.9568634">
      <time>2025-03-21T10:30:51Z</time>
    </trkpt>
    <trkpt lat="67.7532727" lon="24.9570458">
      <time>2025-03-21T10:30:53Z</time>
    </trkpt>
    <trkpt lat="67.7533086" lon="24.9573862">
      <time>2025-03-21T10:30:56Z</time>
    </trkpt>
    <trkpt lat="67.7533682" lon="24.9580026">
      <time>2025-03-21T10:31:02Z</time>
    </trkpt>
    <trkpt lat="67.7534460" lon="24.9587009">
      <time>2025-03-21T10:31:09Z</time>
    </trkpt>
    <trkpt lat="67.7534974" lon="24.9589485">
      <time>2025-03-21T10:31:12Z</time>
    </trkpt>
    <trkpt lat="67.7535176" lon="24.9589704">
      <time>2025-03-21T10:31:13Z</time>
    </trkpt>
    <trkpt lat="67.7535604" lon="24.9589533">
      <time>2025-03-21T10:31:16Z</time>
    </trkpt>
    <trkpt lat="67.7535928" lon="24.9589175">
      <time>2025-03-21T10:31:18Z</time>
    </trkpt>
    <trkpt lat="67.7537190" lon="24.9586929">
      <time>2025-03-21T10:31:23Z</time>
    </trkpt>
    <trkpt lat="67.7538814" lon="24.9582944">
      <time>2025-03-21T10:31:30Z</time>
    </trkpt>
    <trkpt lat="67.7540026" lon="24.9580646">
      <time>2025-03-21T10:31:35Z</time>
    </trkpt>
    <trkpt lat="67.7541083" lon="24.9578397">
      <time>2025-03-21T10:31:40Z</time>
    </trkpt>
    <trkpt lat="67.7542233" lon="24.9575066">
      <time>2025-03-21T10:31:46Z</time>
    </trkpt>
    <trkpt lat="67.7542622" lon="24.9574048">
      <time>2025-03-21T10:31:48Z</time>
    </trkpt>
    <trkpt lat="67.7543543" lon="24.9571550">
      <time>2025-03-21T10:31:53Z</time>
    </trkpt>
    <trkpt lat="67.7544414" lon="24.9568270">
      <time>2025-03-21T10:31:59Z</time>
    </trkpt>
    <trkpt lat="67.7544991" lon="24.9565343">
      <time>2025-03-21T10:32:04Z</time>
    </trkpt>
    <trkpt lat="67.7545081" lon="24.9564806">
      <time>2025-03-21T10:32:05Z</time>
    </trkpt>
    <trkpt lat="67.7546094" lon="24.9560562">
      <time>2025-03-21T10:32:14Z</time>
    </trkpt>
    <trkpt lat="67.7547167" lon="24.9557107">
      <time>2025-03-21T10:32:21Z</time>
    </trkpt>
    <trkpt lat="67.7548052" lon="24.9552468">
      <time>2025-03-21T10:32:30Z</time>
    </trkpt>
    <trkpt lat="67.7548401" lon="24.9549748">
      <time>2025-03-21T10:32:35Z</time>
    </trkpt>
    <trkpt lat="67.7548730" lon="24.9546872">
      <time>2025-03-21T10:32:40Z</time>
    </trkpt>
    <trkpt lat="67.7549007" lon="24.9542027">
      <time>2025-03-21T10:32:48Z</time>
    </trkpt>
    <trkpt lat="67.7549070" lon="24.9537328">
      <time>2025-03-21T10:32:56Z</time>
    </trkpt>
    <trkpt lat="67.7549135" lon="24.9534119">
      <time>2025-03-21T10:33:01Z</time>
    </trkpt>
    <trkpt lat="67.7549531" lon="24.9532328">
      <time>2025-03-21T10:33:04Z</time>
    </trkpt>
    <trkpt lat="67.7550550" lon="24.9528876">
      <time>2025-03-21T10:33:11Z</time>
    </trkpt>
    <trkpt lat="67.7551137" lon="24.9526226">
      <time>2025-03-21T10:33:16Z</time>
    </trkpt>
    <trkpt lat="67.7551748" lon="24.9522710">
      <time>2025-03-21T10:33:22Z</time>
    </trkpt>
    <trkpt lat="67.7551810" lon="24.9522167">
      <time>2025-03-21T10:33:23Z</time>
    </trkpt>
    <trkpt lat="67.7552601" lon="24.9516711">
      <time>2025-03-21T10:33:32Z</time>
    </trkpt>
    <trkpt lat="67.7553199" lon="24.9511566">
      <time>2025-03-21T10:33:40Z</time>
    </trkpt>
    <trkpt lat="67.7553967" lon="24.9506304">
      <time>2025-03-21T10:33:48Z</time>
    </trkpt>
    <trkpt lat="67.7554334" lon="24.9502212">
      <time>2025-03-21T10:33:54Z</time>
    </trkpt>
    <trkpt lat="67.7554905" lon="24.9498891">
      <time>2025-03-21T10:33:59Z</time>
    </trkpt>
    <trkpt lat="67.7555656" lon="24.9495653">
      <time>2025-03-21T10:34:05Z</time>
    </trkpt>
    <trkpt lat="67.7556372" lon="24.9492130">
      <time>2025-03-21T10:34:11Z</time>
    </trkpt>
    <trkpt lat="67.7557071" lon="24.9488936">
      <time>2025-03-21T10:34:17Z</time>
    </trkpt>
    <trkpt lat="67.7558257" lon="24.9486666">
      <time>2025-03-21T10:34:23Z</time>
    </trkpt>
    <trkpt lat="67.7559837" lon="24.9484755">
      <time>2025-03-21T10:34:31Z</time>
    </trkpt>
    <trkpt lat="67.7561195" lon="24.9482730">
      <time>2025-03-21T10:34:38Z</time>
    </trkpt>
    <trkpt lat="67.7562695" lon="24.9480692">
      <time>2025-03-21T10:34:45Z</time>
    </trkpt>
    <trkpt lat="67.7563844" lon="24.9478956">
      <time>2025-03-21T10:34:51Z</time>
    </trkpt>
    <trkpt lat="67.7564017" lon="24.9478728">
      <time>2025-03-21T10:34:52Z</time>
    </trkpt>
    <trkpt lat="67.7565075" lon="24.9476679">
      <time>2025-03-21T10:34:58Z</time>
    </trkpt>
    <trkpt lat="67.7566423" lon="24.9473728">
      <time>2025-03-21T10:35:06Z</time>
    </trkpt>
    <trkpt lat="67.7567710" lon="24.9471060">
      <time>2025-03-21T10:35:13Z</time>
    </trkpt>
    <trkpt lat="67.7569065" lon="24.9469562">
      <time>2025-03-21T10:35:19Z</time>
    </trkpt>
    <trkpt lat="67.7570500" lon="24.9468307">
      <time>2025-03-21T10:35:26Z</time>
    </trkpt>
    <trkpt lat="67.7572080" lon="24.9466963">
      <time>2025-03-21T10:35:33Z</time>
    </trkpt>
    <trkpt lat="67.7573127" lon="24.9464480">
      <time>2025-03-21T10:35:39Z</time>
    </trkpt>
    <trkpt lat="67.7573986" lon="24.9462408">
      <time>2025-03-21T10:35:44Z</time>
    </trkpt>
    <trkpt lat="67.7574371" lon="24.9461718">
      <time>2025-03-21T10:35:47Z</time>
    </trkpt>
    <trkpt lat="67.7574535" lon="24.9461580">
      <time>2025-03-21T10:35:52Z</time>
    </trkpt>
    <trkpt lat="67.7575055" lon="24.9460936">
      <time>2025-03-21T10:37:22Z</time>
    </trkpt>
    <trkpt lat="67.7575772" lon="24.9460036">
      <time>2025-03-21T10:37:25Z</time>
    </trkpt>
    <trkpt lat="67.7576016" lon="24.9459668">
      <time>2025-03-21T10:37:26Z</time>
    </trkpt>
    <trkpt lat="67.7576272" lon="24.9459402">
      <time>2025-03-21T10:37:27Z</time>
    </trkpt>
    <trkpt lat="67.7576535" lon="24.9459117">
      <time>2025-03-21T10:37:28Z</time>
    </trkpt>
    <trkpt lat="67.7578478" lon="24.9456538">
      <time>2025-03-21T10:37:36Z</time>
    </trkpt>
    <trkpt lat="67.7578774" lon="24.9456150">
      <time>2025-03-21T10:37:37Z</time>
    </trkpt>
    <trkpt lat="67.7579398" lon="24.9455400">
      <time>2025-03-21T10:37:39Z</time>
    </trkpt>
    <trkpt lat="67.7579745" lon="24.9454932">
      <time>2025-03-21T10:37:40Z</time>
    </trkpt>
    <trkpt lat="67.7580465" lon="24.9454037">
      <time>2025-03-21T10:37:42Z</time>
    </trkpt>
    <trkpt lat="67.7582574" lon="24.9450505">
      <time>2025-03-21T10:37:49Z</time>
    </trkpt>
    <trkpt lat="67.7583538" lon="24.9448255">
      <time>2025-03-21T10:37:55Z</time>
    </trkpt>
    <trkpt lat="67.7585649" lon="24.9444168">
      <time>2025-03-21T10:38:06Z</time>
    </trkpt>
    <trkpt lat="67.7586385" lon="24.9442853">
      <time>2025-03-21T10:38:13Z</time>
    </trkpt>
    <trkpt lat="67.7586394" lon="24.9442836">
      <time>2025-03-21T10:38:14Z</time>
    </trkpt>
    <trkpt lat="67.7586811" lon="24.9442127">
      <time>2025-03-21T10:40:02Z</time>
    </trkpt>
    <trkpt lat="67.7586934" lon="24.9441801">
      <time>2025-03-21T10:40:03Z</time>
    </trkpt>
    <trkpt lat="67.7587062" lon="24.9441362">
      <time>2025-03-21T10:40:04Z</time>
    </trkpt>
    <trkpt lat="67.7587840" lon="24.9438619">
      <time>2025-03-21T10:40:10Z</time>
    </trkpt>
    <trkpt lat="67.7588659" lon="24.9435770">
      <time>2025-03-21T10:40:16Z</time>
    </trkpt>
    <trkpt lat="67.7589657" lon="24.9432415">
      <time>2025-03-21T10:40:22Z</time>
    </trkpt>
    <trkpt lat="67.7590146" lon="24.9430633">
      <time>2025-03-21T10:40:25Z</time>
    </trkpt>
    <trkpt lat="67.7590702" lon="24.9428930">
      <time>2025-03-21T10:40:28Z</time>
    </trkpt>
    <trkpt lat="67.7591232" lon="24.9427076">
      <time>2025-03-21T10:40:31Z</time>
    </trkpt>
    <trkpt lat="67.7592263" lon="24.9424419">
      <time>2025-03-21T10:40:36Z</time>
    </trkpt>
    <trkpt lat="67.7592912" lon="24.9422961">
      <time>2025-03-21T10:40:39Z</time>
    </trkpt>
    <trkpt lat="67.7594244" lon="24.9419656">
      <time>2025-03-21T10:40:46Z</time>
    </trkpt>
    <trkpt lat="67.7594850" lon="24.9417907">
      <time>2025-03-21T10:40:51Z</time>
    </trkpt>
    <trkpt lat="67.7594922" lon="24.9417681">
      <time>2025-03-21T10:40:52Z</time>
    </trkpt>
    <trkpt lat="67.7595072" lon="24.9417224">
      <time>2025-03-21T10:40:54Z</time>
    </trkpt>
    <trkpt lat="67.7595533" lon="24.9416007">
      <time>2025-03-21T10:40:58Z</time>
    </trkpt>
    <trkpt lat="67.7596559" lon="24.9413166">
      <time>2025-03-21T10:41:06Z</time>
    </trkpt>
    <trkpt lat="67.7597910" lon="24.9409845">
      <time>2025-03-21T10:41:15Z</time>
    </trkpt>
    <trkpt lat="67.7599658" lon="24.9407213">
      <time>2025-03-21T10:41:24Z</time>
    </trkpt>
    <trkpt lat="67.7600616" lon="24.9406354">
      <time>2025-03-21T10:41:28Z</time>
    </trkpt>
    <trkpt lat="67.7601102" lon="24.9405951">
      <time>2025-03-21T10:41:30Z</time>
    </trkpt>
    <trkpt lat="67.7601811" lon="24.9405195">
      <time>2025-03-21T10:41:33Z</time>
    </trkpt>
    <trkpt lat="67.7602883" lon="24.9403509">
      <time>2025-03-21T10:41:38Z</time>
    </trkpt>
    <trkpt lat="67.7605065" lon="24.9400384">
      <time>2025-03-21T10:41:48Z</time>
    </trkpt>
    <trkpt lat="67.7607153" lon="24.9398380">
      <time>2025-03-21T10:41:57Z</time>
    </trkpt>
    <trkpt lat="67.7609778" lon="24.9395103">
      <time>2025-03-21T10:42:10Z</time>
    </trkpt>
    <trkpt lat="67.7610620" lon="24.9393885">
      <time>2025-03-21T10:42:15Z</time>
    </trkpt>
    <trkpt lat="67.7612056" lon="24.9392149">
      <time>2025-03-21T10:42:22Z</time>
    </trkpt>
    <trkpt lat="67.7613022" lon="24.9391193">
      <time>2025-03-21T10:42:26Z</time>
    </trkpt>
    <trkpt lat="67.7614138" lon="24.9389912">
      <time>2025-03-21T10:42:31Z</time>
    </trkpt>
    <trkpt lat="67.7616256" lon="24.9387061">
      <time>2025-03-21T10:42:40Z</time>
    </trkpt>
    <trkpt lat="67.7617577" lon="24.9385136">
      <time>2025-03-21T10:42:46Z</time>
    </trkpt>
    <trkpt lat="67.7619282" lon="24.9382927">
      <time>2025-03-21T10:42:54Z</time>
    </trkpt>
    <trkpt lat="67.7620988" lon="24.9381576">
      <time>2025-03-21T10:43:01Z</time>
    </trkpt>
    <trkpt lat="67.7622044" lon="24.9380308">
      <time>2025-03-21T10:43:06Z</time>
    </trkpt>
    <trkpt lat="67.7623503" lon="24.9378726">
      <time>2025-03-21T10:43:13Z</time>
    </trkpt>
    <trkpt lat="67.7624419" lon="24.9377637">
      <time>2025-03-21T10:43:17Z</time>
    </trkpt>
    <trkpt lat="67.7624889" lon="24.9377070">
      <time>2025-03-21T10:43:19Z</time>
    </trkpt>
    <trkpt lat="67.7626302" lon="24.9375613">
      <time>2025-03-21T10:43:25Z</time>
    </trkpt>
    <trkpt lat="67.7626906" lon="24.9374678">
      <time>2025-03-21T10:43:28Z</time>
    </trkpt>
    <trkpt lat="67.7627923" lon="24.9372714">
      <time>2025-03-21T10:43:33Z</time>
    </trkpt>
    <trkpt lat="67.7629421" lon="24.9370596">
      <time>2025-03-21T10:43:39Z</time>
    </trkpt>
    <trkpt lat="67.7630043" lon="24.9369527">
      <time>2025-03-21T10:43:42Z</time>
    </trkpt>
    <trkpt lat="67.7630351" lon="24.9367833">
      <time>2025-03-21T10:43:45Z</time>
    </trkpt>
    <trkpt lat="67.7630721" lon="24.9364292">
      <time>2025-03-21T10:43:51Z</time>
    </trkpt>
    <trkpt lat="67.7631081" lon="24.9360883">
      <time>2025-03-21T10:43:57Z</time>
    </trkpt>
    <trkpt lat="67.7631331" lon="24.9356717">
      <time>2025-03-21T10:44:04Z</time>
    </trkpt>
    <trkpt lat="67.7631393" lon="24.9351988">
      <time>2025-03-21T10:44:11Z</time>
    </trkpt>
    <trkpt lat="67.7631314" lon="24.9346728">
      <time>2025-03-21T10:44:19Z</time>
    </trkpt>
    <trkpt lat="67.7630998" lon="24.9341845">
      <time>2025-03-21T10:44:27Z</time>
    </trkpt>
    <trkpt lat="67.7630666" lon="24.9337103">
      <time>2025-03-21T10:44:35Z</time>
    </trkpt>
    <trkpt lat="67.7629583" lon="24.9331396">
      <time>2025-03-21T10:44:45Z</time>
    </trkpt>
    <trkpt lat="67.7628478" lon="24.9326674">
      <time>2025-03-21T10:44:54Z</time>
    </trkpt>
    <trkpt lat="67.7627398" lon="24.9320981">
      <time>2025-03-21T10:45:04Z</time>
    </trkpt>
    <trkpt lat="67.7626762" lon="24.9316547">
      <time>2025-03-21T10:45:11Z</time>
    </trkpt>
    <trkpt lat="67.7626296" lon="24.9312911">
      <time>2025-03-21T10:45:17Z</time>
    </trkpt>
    <trkpt lat="67.7625557" lon="24.9308564">
      <time>2025-03-21T10:45:25Z</time>
    </trkpt>
    <trkpt lat="67.7625350" lon="24.9307312">
      <time>2025-03-21T10:45:30Z</time>
    </trkpt>
    <trkpt lat="67.7625326" lon="24.9307181">
      <time>2025-03-21T10:45:31Z</time>
    </trkpt>
    <trkpt lat="67.7625240" lon="24.9306469">
      <time>2025-03-21T10:45:36Z</time>
    </trkpt>
    <trkpt lat="67.7625052" lon="24.9306057">
      <time>2025-03-21T10:45:41Z</time>
    </trkpt>
    <trkpt lat="67.7624872" lon="24.9305534">
      <time>2025-03-21T10:46:31Z</time>
    </trkpt>
    <trkpt lat="67.7624673" lon="24.9305264">
      <time>2025-03-21T10:46:32Z</time>
    </trkpt>
    <trkpt lat="67.7623089" lon="24.9304411">
      <time>2025-03-21T10:46:38Z</time>
    </trkpt>
    <trkpt lat="67.7622542" lon="24.9304322">
      <time>2025-03-21T10:46:40Z</time>
    </trkpt>
    <trkpt lat="67.7620753" lon="24.9303906">
      <time>2025-03-21T10:46:46Z</time>
    </trkpt>
    <trkpt lat="67.7618707" lon="24.9303207">
      <time>2025-03-21T10:46:53Z</time>
    </trkpt>
    <trkpt lat="67.7616771" lon="24.9303002">
      <time>2025-03-21T10:46:59Z</time>
    </trkpt>
    <trkpt lat="67.7616450" lon="24.9303127">
      <time>2025-03-21T10:47:00Z</time>
    </trkpt>
    <trkpt lat="67.7615081" lon="24.9303854">
      <time>2025-03-21T10:47:04Z</time>
    </trkpt>
    <trkpt lat="67.7614045" lon="24.9304313">
      <time>2025-03-21T10:47:07Z</time>
    </trkpt>
    <trkpt lat="67.7612115" lon="24.9304934">
      <time>2025-03-21T10:47:13Z</time>
    </trkpt>
    <trkpt lat="67.7610184" lon="24.9304455">
      <time>2025-03-21T10:47:19Z</time>
    </trkpt>
    <trkpt lat="67.7607750" lon="24.9304068">
      <time>2025-03-21T10:47:27Z</time>
    </trkpt>
    <trkpt lat="67.7605639" lon="24.9304032">
      <time>2025-03-21T10:47:34Z</time>
    </trkpt>
    <trkpt lat="67.7603764" lon="24.9303985">
      <time>2025-03-21T10:47:40Z</time>
    </trkpt>
    <trkpt lat="67.7601027" lon="24.9305104">
      <time>2025-03-21T10:47:48Z</time>
    </trkpt>
    <trkpt lat="67.7598722" lon="24.9305836">
      <time>2025-03-21T10:47:54Z</time>
    </trkpt>
    <trkpt lat="67.7596043" lon="24.9305126">
      <time>2025-03-21T10:48:01Z</time>
    </trkpt>
    <trkpt lat="67.7595074" lon="24.9304364">
      <time>2025-03-21T10:48:04Z</time>
    </trkpt>
    <trkpt lat="67.7594603" lon="24.9303759">
      <time>2025-03-21T10:48:06Z</time>
    </trkpt>
    <trkpt lat="67.7594404" lon="24.9303464">
      <time>2025-03-21T10:48:07Z</time>
    </trkpt>
    <trkpt lat="67.7593943" lon="24.9302690">
      <time>2025-03-21T10:48:10Z</time>
    </trkpt>
    <trkpt lat="67.7593749" lon="24.9302193">
      <time>2025-03-21T10:48:13Z</time>
    </trkpt>
    <trkpt lat="67.7593591" lon="24.9301861">
      <time>2025-03-21T10:48:16Z</time>
    </trkpt>
    <trkpt lat="67.7593437" lon="24.9301729">
      <time>2025-03-21T10:48:18Z</time>
    </trkpt>
    <trkpt lat="67.7593357" lon="24.9301681">
      <time>2025-03-21T10:48:19Z</time>
    </trkpt>
    <trkpt lat="67.7593275" lon="24.9301577">
      <time>2025-03-21T10:48:21Z</time>
    </trkpt>
    <trkpt lat="67.7593263" lon="24.9301553">
      <time>2025-03-21T10:48:22Z</time>
    </trkpt>
    <trkpt lat="67.7593503" lon="24.9300251">
      <time>2025-03-21T10:48:31Z</time>
    </trkpt>
    <trkpt lat="67.7593634" lon="24.9299817">
      <time>2025-03-21T10:48:32Z</time>
    </trkpt>
    <trkpt lat="67.7594538" lon="24.9295991">
      <time>2025-03-21T10:48:39Z</time>
    </trkpt>
    <trkpt lat="67.7594906" lon="24.9293907">
      <time>2025-03-21T10:48:42Z</time>
    </trkpt>
    <trkpt lat="67.7595233" lon="24.9291936">
      <time>2025-03-21T10:48:45Z</time>
    </trkpt>
    <trkpt lat="67.7596081" lon="24.9287879">
      <time>2025-03-21T10:48:52Z</time>
    </trkpt>
    <trkpt lat="67.7597031" lon="24.9284491">
      <time>2025-03-21T10:48:58Z</time>
    </trkpt>
    <trkpt lat="67.7597598" lon="24.9282050">
      <time>2025-03-21T10:49:02Z</time>
    </trkpt>
    <trkpt lat="67.7598143" lon="24.9279735">
      <time>2025-03-21T10:49:06Z</time>
    </trkpt>
    <trkpt lat="67.7599044" lon="24.9277385">
      <time>2025-03-21T10:49:11Z</time>
    </trkpt>
    <trkpt lat="67.7600517" lon="24.9273588">
      <time>2025-03-21T10:49:19Z</time>
    </trkpt>
    <trkpt lat="67.7601340" lon="24.9269981">
      <time>2025-03-21T10:49:25Z</time>
    </trkpt>
    <trkpt lat="67.7602047" lon="24.9266693">
      <time>2025-03-21T10:49:30Z</time>
    </trkpt>
    <trkpt lat="67.7602447" lon="24.9265388">
      <time>2025-03-21T10:49:32Z</time>
    </trkpt>
    <trkpt lat="67.7603516" lon="24.9262628">
      <time>2025-03-21T10:49:37Z</time>
    </trkpt>
    <trkpt lat="67.7603709" lon="24.9262126">
      <time>2025-03-21T10:49:38Z</time>
    </trkpt>
    <trkpt lat="67.7604378" lon="24.9259142">
      <time>2025-03-21T10:49:43Z</time>
    </trkpt>
    <trkpt lat="67.7605002" lon="24.9254494">
      <time>2025-03-21T10:49:50Z</time>
    </trkpt>
    <trkpt lat="67.7605795" lon="24.9251031">
      <time>2025-03-21T10:49:56Z</time>
    </trkpt>
    <trkpt lat="67.7605929" lon="24.9250694">
      <time>2025-03-21T10:49:57Z</time>
    </trkpt>
    <trkpt lat="67.7606740" lon="24.9248178">
      <time>2025-03-21T10:50:02Z</time>
    </trkpt>
    <trkpt lat="67.7606872" lon="24.9247576">
      <time>2025-03-21T10:50:03Z</time>
    </trkpt>
    <trkpt lat="67.7607209" lon="24.9242920">
      <time>2025-03-21T10:50:10Z</time>
    </trkpt>
    <trkpt lat="67.7606658" lon="24.9239265">
      <time>2025-03-21T10:50:16Z</time>
    </trkpt>
    <trkpt lat="67.7605513" lon="24.9236575">
      <time>2025-03-21T10:50:22Z</time>
    </trkpt>
    <trkpt lat="67.7604432" lon="24.9233598">
      <time>2025-03-21T10:50:28Z</time>
    </trkpt>
    <trkpt lat="67.7603204" lon="24.9230441">
      <time>2025-03-21T10:50:34Z</time>
    </trkpt>
    <trkpt lat="67.7602260" lon="24.9226672">
      <time>2025-03-21T10:50:40Z</time>
    </trkpt>
    <trkpt lat="67.7601668" lon="24.9223862">
      <time>2025-03-21T10:50:44Z</time>
    </trkpt>
    <trkpt lat="67.7601131" lon="24.9221183">
      <time>2025-03-21T10:50:48Z</time>
    </trkpt>
    <trkpt lat="67.7600146" lon="24.9215445">
      <time>2025-03-21T10:50:57Z</time>
    </trkpt>
    <trkpt lat="67.7599315" lon="24.9209145">
      <time>2025-03-21T10:51:06Z</time>
    </trkpt>
    <trkpt lat="67.7598901" lon="24.9204700">
      <time>2025-03-21T10:51:12Z</time>
    </trkpt>
    <trkpt lat="67.7598733" lon="24.9199614">
      <time>2025-03-21T10:51:19Z</time>
    </trkpt>
    <trkpt lat="67.7598684" lon="24.9197088">
      <time>2025-03-21T10:51:23Z</time>
    </trkpt>
    <trkpt lat="67.7598750" lon="24.9194068">
      <time>2025-03-21T10:51:28Z</time>
    </trkpt>
    <trkpt lat="67.7598820" lon="24.9190038">
      <time>2025-03-21T10:51:35Z</time>
    </trkpt>
    <trkpt lat="67.7599048" lon="24.9184989">
      <time>2025-03-21T10:51:44Z</time>
    </trkpt>
    <trkpt lat="67.7599370" lon="24.9181522">
      <time>2025-03-21T10:51:50Z</time>
    </trkpt>
    <trkpt lat="67.7599458" lon="24.9180434">
      <time>2025-03-21T10:51:52Z</time>
    </trkpt>
    <trkpt lat="67.7599773" lon="24.9176478">
      <time>2025-03-21T10:51:59Z</time>
    </trkpt>
    <trkpt lat="67.7600053" lon="24.9171223">
      <time>2025-03-21T10:52:08Z</time>
    </trkpt>
    <trkpt lat="67.7600254" lon="24.9167619">
      <time>2025-03-21T10:52:13Z</time>
    </trkpt>
    <trkpt lat="67.7600532" lon="24.9164473">
      <time>2025-03-21T10:52:17Z</time>
    </trkpt>
    <trkpt lat="67.7601265" lon="24.9157675">
      <time>2025-03-21T10:52:27Z</time>
    </trkpt>
    <trkpt lat="67.7601785" lon="24.9154093">
      <time>2025-03-21T10:52:33Z</time>
    </trkpt>
    <trkpt lat="67.7602456" lon="24.9150599">
      <time>2025-03-21T10:52:39Z</time>
    </trkpt>
    <trkpt lat="67.7603500" lon="24.9147196">
      <time>2025-03-21T10:52:46Z</time>
    </trkpt>
    <trkpt lat="67.7604183" lon="24.9145280">
      <time>2025-03-21T10:52:50Z</time>
    </trkpt>
    <trkpt lat="67.7604502" lon="24.9144329">
      <time>2025-03-21T10:52:52Z</time>
    </trkpt>
    <trkpt lat="67.7606127" lon="24.9139833">
      <time>2025-03-21T10:53:01Z</time>
    </trkpt>
    <trkpt lat="67.7607003" lon="24.9136310">
      <time>2025-03-21T10:53:07Z</time>
    </trkpt>
    <trkpt lat="67.7608156" lon="24.9130705">
      <time>2025-03-21T10:53:16Z</time>
    </trkpt>
    <trkpt lat="67.7609775" lon="24.9126923">
      <time>2025-03-21T10:53:24Z</time>
    </trkpt>
    <trkpt lat="67.7611157" lon="24.9123543">
      <time>2025-03-21T10:53:31Z</time>
    </trkpt>
    <trkpt lat="67.7611911" lon="24.9119323">
      <time>2025-03-21T10:53:37Z</time>
    </trkpt>
    <trkpt lat="67.7612375" lon="24.9117272">
      <time>2025-03-21T10:53:40Z</time>
    </trkpt>
    <trkpt lat="67.7613094" lon="24.9115157">
      <time>2025-03-21T10:53:44Z</time>
    </trkpt>
    <trkpt lat="67.7614291" lon="24.9112583">
      <time>2025-03-21T10:53:50Z</time>
    </trkpt>
    <trkpt lat="67.7615478" lon="24.9109066">
      <time>2025-03-21T10:53:57Z</time>
    </trkpt>
    <trkpt lat="67.7616464" lon="24.9106372">
      <time>2025-03-21T10:54:02Z</time>
    </trkpt>
    <trkpt lat="67.7617946" lon="24.9102795">
      <time>2025-03-21T10:54:09Z</time>
    </trkpt>
    <trkpt lat="67.7619087" lon="24.9100614">
      <time>2025-03-21T10:54:14Z</time>
    </trkpt>
    <trkpt lat="67.7619516" lon="24.9099655">
      <time>2025-03-21T10:54:16Z</time>
    </trkpt>
    <trkpt lat="67.7620503" lon="24.9096963">
      <time>2025-03-21T10:54:21Z</time>
    </trkpt>
    <trkpt lat="67.7620973" lon="24.9095099">
      <time>2025-03-21T10:54:24Z</time>
    </trkpt>
    <trkpt lat="67.7622144" lon="24.9090907">
      <time>2025-03-21T10:54:31Z</time>
    </trkpt>
    <trkpt lat="67.7623303" lon="24.9087087">
      <time>2025-03-21T10:54:38Z</time>
    </trkpt>
    <trkpt lat="67.7623880" lon="24.9084670">
      <time>2025-03-21T10:54:42Z</time>
    </trkpt>
    <trkpt lat="67.7624192" lon="24.9083656">
      <time>2025-03-21T10:54:44Z</time>
    </trkpt>
    <trkpt lat="67.7625668" lon="24.9079298">
      <time>2025-03-21T10:54:53Z</time>
    </trkpt>
    <trkpt lat="67.7626545" lon="24.9076653">
      <time>2025-03-21T10:54:58Z</time>
    </trkpt>
    <trkpt lat="67.7627603" lon="24.9072958">
      <time>2025-03-21T10:55:05Z</time>
    </trkpt>
    <trkpt lat="67.7628533" lon="24.9069597">
      <time>2025-03-21T10:55:11Z</time>
    </trkpt>
    <trkpt lat="67.7629628" lon="24.9066332">
      <time>2025-03-21T10:55:18Z</time>
    </trkpt>
    <trkpt lat="67.7630577" lon="24.9063745">
      <time>2025-03-21T10:55:23Z</time>
    </trkpt>
    <trkpt lat="67.7631694" lon="24.9060630">
      <time>2025-03-21T10:55:30Z</time>
    </trkpt>
    <trkpt lat="67.7632341" lon="24.9057892">
      <time>2025-03-21T10:55:35Z</time>
    </trkpt>
    <trkpt lat="67.7632953" lon="24.9055145">
      <time>2025-03-21T10:55:40Z</time>
    </trkpt>
    <trkpt lat="67.7633641" lon="24.9051657">
      <time>2025-03-21T10:55:46Z</time>
    </trkpt>
    <trkpt lat="67.7634073" lon="24.9048678">
      <time>2025-03-21T10:55:51Z</time>
    </trkpt>
    <trkpt lat="67.7634313" lon="24.9046141">
      <time>2025-03-21T10:55:55Z</time>
    </trkpt>
    <trkpt lat="67.7634381" lon="24.9040315">
      <time>2025-03-21T10:56:03Z</time>
    </trkpt>
    <trkpt lat="67.7634357" lon="24.9037543">
      <time>2025-03-21T10:56:07Z</time>
    </trkpt>
    <trkpt lat="67.7634430" lon="24.9034875">
      <time>2025-03-21T10:56:11Z</time>
    </trkpt>
    <trkpt lat="67.7634972" lon="24.9030984">
      <time>2025-03-21T10:56:17Z</time>
    </trkpt>
    <trkpt lat="67.7635580" lon="24.9026404">
      <time>2025-03-21T10:56:24Z</time>
    </trkpt>
    <trkpt lat="67.7635842" lon="24.9021539">
      <time>2025-03-21T10:56:31Z</time>
    </trkpt>
    <trkpt lat="67.7635842" lon="24.9018096">
      <time>2025-03-21T10:56:36Z</time>
    </trkpt>
    <trkpt lat="67.7635710" lon="24.9014980">
      <time>2025-03-21T10:56:41Z</time>
    </trkpt>
    <trkpt lat="67.7635365" lon="24.9009213">
      <time>2025-03-21T10:56:50Z</time>
    </trkpt>
    <trkpt lat="67.7635221" lon="24.9005417">
      <time>2025-03-21T10:56:55Z</time>
    </trkpt>
    <trkpt lat="67.7635136" lon="24.9000364">
      <time>2025-03-21T10:57:02Z</time>
    </trkpt>
    <trkpt lat="67.7635126" lon="24.8994796">
      <time>2025-03-21T10:57:10Z</time>
    </trkpt>
    <trkpt lat="67.7635192" lon="24.8990467">
      <time>2025-03-21T10:57:16Z</time>
    </trkpt>
    <trkpt lat="67.7635461" lon="24.8985974">
      <time>2025-03-21T10:57:22Z</time>
    </trkpt>
    <trkpt lat="67.7636050" lon="24.8981343">
      <time>2025-03-21T10:57:29Z</time>
    </trkpt>
    <trkpt lat="67.7636894" lon="24.8976012">
      <time>2025-03-21T10:57:37Z</time>
    </trkpt>
    <trkpt lat="67.7637798" lon="24.8973704">
      <time>2025-03-21T10:57:42Z</time>
    </trkpt>
    <trkpt lat="67.7638213" lon="24.8969999">
      <time>2025-03-21T10:57:48Z</time>
    </trkpt>
    <trkpt lat="67.7638276" lon="24.8964706">
      <time>2025-03-21T10:57:56Z</time>
    </trkpt>
    <trkpt lat="67.7638602" lon="24.8961197">
      <time>2025-03-21T10:58:02Z</time>
    </trkpt>
    <trkpt lat="67.7638932" lon="24.8958280">
      <time>2025-03-21T10:58:07Z</time>
    </trkpt>
    <trkpt lat="67.7639108" lon="24.8957113">
      <time>2025-03-21T10:58:09Z</time>
    </trkpt>
    <trkpt lat="67.7639652" lon="24.8951511">
      <time>2025-03-21T10:58:18Z</time>
    </trkpt>
    <trkpt lat="67.7640222" lon="24.8947786">
      <time>2025-03-21T10:58:24Z</time>
    </trkpt>
    <trkpt lat="67.7641118" lon="24.8943543">
      <time>2025-03-21T10:58:32Z</time>
    </trkpt>
    <trkpt lat="67.7641863" lon="24.8938562">
      <time>2025-03-21T10:58:41Z</time>
    </trkpt>
    <trkpt lat="67.7642515" lon="24.8933061">
      <time>2025-03-21T10:58:50Z</time>
    </trkpt>
    <trkpt lat="67.7643155" lon="24.8927820">
      <time>2025-03-21T10:58:58Z</time>
    </trkpt>
    <trkpt lat="67.7644212" lon="24.8923730">
      <time>2025-03-21T10:59:05Z</time>
    </trkpt>
    <trkpt lat="67.7645759" lon="24.8920607">
      <time>2025-03-21T10:59:13Z</time>
    </trkpt>
    <trkpt lat="67.7646388" lon="24.8919544">
      <time>2025-03-21T10:59:16Z</time>
    </trkpt>
    <trkpt lat="67.7647160" lon="24.8917936">
      <time>2025-03-21T10:59:21Z</time>
    </trkpt>
    <trkpt lat="67.7648232" lon="24.8914482">
      <time>2025-03-21T10:59:29Z</time>
    </trkpt>
    <trkpt lat="67.7648897" lon="24.8911442">
      <time>2025-03-21T10:59:35Z</time>
    </trkpt>
    <trkpt lat="67.7649004" lon="24.8910916">
      <time>2025-03-21T10:59:36Z</time>
    </trkpt>
    <trkpt lat="67.7649689" lon="24.8907056">
      <time>2025-03-21T10:59:42Z</time>
    </trkpt>
    <trkpt lat="67.7650991" lon="24.8902298">
      <time>2025-03-21T10:59:51Z</time>
    </trkpt>
    <trkpt lat="67.7652177" lon="24.8899649">
      <time>2025-03-21T10:59:58Z</time>
    </trkpt>
    <trkpt lat="67.7652830" lon="24.8897900">
      <time>2025-03-21T11:00:02Z</time>
    </trkpt>
    <trkpt lat="67.7653421" lon="24.8895997">
      <time>2025-03-21T11:00:06Z</time>
    </trkpt>
    <trkpt lat="67.7654047" lon="24.8893858">
      <time>2025-03-21T11:00:10Z</time>
    </trkpt>
    <trkpt lat="67.7654361" lon="24.8892712">
      <time>2025-03-21T11:00:12Z</time>
    </trkpt>
    <trkpt lat="67.7655563" lon="24.8888692">
      <time>2025-03-21T11:00:19Z</time>
    </trkpt>
    <trkpt lat="67.7656741" lon="24.8885019">
      <time>2025-03-21T11:00:25Z</time>
    </trkpt>
    <trkpt lat="67.7657085" lon="24.8883776">
      <time>2025-03-21T11:00:27Z</time>
    </trkpt>
    <trkpt lat="67.7657759" lon="24.8881725">
      <time>2025-03-21T11:00:31Z</time>
    </trkpt>
    <trkpt lat="67.7657892" lon="24.8881200">
      <time>2025-03-21T11:00:32Z</time>
    </trkpt>
    <trkpt lat="67.7658459" lon="24.8878460">
      <time>2025-03-21T11:00:39Z</time>
    </trkpt>
    <trkpt lat="67.7658543" lon="24.8876755">
      <time>2025-03-21T11:00:42Z</time>
    </trkpt>
    <trkpt lat="67.7658479" lon="24.8875166">
      <time>2025-03-21T11:00:45Z</time>
    </trkpt>
    <trkpt lat="67.7658703" lon="24.8871110">
      <time>2025-03-21T11:00:52Z</time>
    </trkpt>
    <trkpt lat="67.7658335" lon="24.8867512">
      <time>2025-03-21T11:00:59Z</time>
    </trkpt>
    <trkpt lat="67.7656968" lon="24.8865093">
      <time>2025-03-21T11:01:05Z</time>
    </trkpt>
    <trkpt lat="67.7655319" lon="24.8863251">
      <time>2025-03-21T11:01:11Z</time>
    </trkpt>
    <trkpt lat="67.7654411" lon="24.8862184">
      <time>2025-03-21T11:01:15Z</time>
    </trkpt>
    <trkpt lat="67.7653894" lon="24.8861370">
      <time>2025-03-21T11:01:17Z</time>
    </trkpt>
    <trkpt lat="67.7653114" lon="24.8859242">
      <time>2025-03-21T11:01:21Z</time>
    </trkpt>
    <trkpt lat="67.7652732" lon="24.8857387">
      <time>2025-03-21T11:01:24Z</time>
    </trkpt>
    <trkpt lat="67.7651760" lon="24.8853901">
      <time>2025-03-21T11:01:30Z</time>
    </trkpt>
    <trkpt lat="67.7650563" lon="24.8850659">
      <time>2025-03-21T11:01:35Z</time>
    </trkpt>
    <trkpt lat="67.7648842" lon="24.8846497">
      <time>2025-03-21T11:01:43Z</time>
    </trkpt>
    <trkpt lat="67.7647056" lon="24.8844310">
      <time>2025-03-21T11:01:50Z</time>
    </trkpt>
    <trkpt lat="67.7646802" lon="24.8843895">
      <time>2025-03-21T11:01:51Z</time>
    </trkpt>
    <trkpt lat="67.7645991" lon="24.8842109">
      <time>2025-03-21T11:01:55Z</time>
    </trkpt>
    <trkpt lat="67.7645531" lon="24.8840495">
      <time>2025-03-21T11:01:58Z</time>
    </trkpt>
    <trkpt lat="67.7645361" lon="24.8839926">
      <time>2025-03-21T11:01:59Z</time>
    </trkpt>
    <trkpt lat="67.7644134" lon="24.8835626">
      <time>2025-03-21T11:02:07Z</time>
    </trkpt>
    <trkpt lat="67.7643264" lon="24.8832541">
      <time>2025-03-21T11:02:13Z</time>
    </trkpt>
    <trkpt lat="67.7642591" lon="24.8830302">
      <time>2025-03-21T11:02:18Z</time>
    </trkpt>
    <trkpt lat="67.7641561" lon="24.8825259">
      <time>2025-03-21T11:02:27Z</time>
    </trkpt>
    <trkpt lat="67.7641658" lon="24.8821387">
      <time>2025-03-21T11:02:33Z</time>
    </trkpt>
    <trkpt lat="67.7641884" lon="24.8816449">
      <time>2025-03-21T11:02:41Z</time>
    </trkpt>
    <trkpt lat="67.7642334" lon="24.8811337">
      <time>2025-03-21T11:02:50Z</time>
    </trkpt>
    <trkpt lat="67.7642535" lon="24.8807524">
      <time>2025-03-21T11:02:57Z</time>
    </trkpt>
    <trkpt lat="67.7642456" lon="24.8803331">
      <time>2025-03-21T11:03:03Z</time>
    </trkpt>
    <trkpt lat="67.7642364" lon="24.8798913">
      <time>2025-03-21T11:03:09Z</time>
    </trkpt>
    <trkpt lat="67.7642406" lon="24.8793992">
      <time>2025-03-21T11:03:16Z</time>
    </trkpt>
    <trkpt lat="67.7642485" lon="24.8790189">
      <time>2025-03-21T11:03:22Z</time>
    </trkpt>
    <trkpt lat="67.7642330" lon="24.8788651">
      <time>2025-03-21T11:03:25Z</time>
    </trkpt>
    <trkpt lat="67.7641986" lon="24.8787795">
      <time>2025-03-21T11:03:27Z</time>
    </trkpt>
    <trkpt lat="67.7641201" lon="24.8787443">
      <time>2025-03-21T11:03:30Z</time>
    </trkpt>
    <trkpt lat="67.7638968" lon="24.8786487">
      <time>2025-03-21T11:03:36Z</time>
    </trkpt>
    <trkpt lat="67.7636033" lon="24.8783782">
      <time>2025-03-21T11:03:43Z</time>
    </trkpt>
    <trkpt lat="67.7634840" lon="24.8782120">
      <time>2025-03-21T11:03:46Z</time>
    </trkpt>
    <trkpt lat="67.7634114" lon="24.8780971">
      <time>2025-03-21T11:03:48Z</time>
    </trkpt>
    <trkpt lat="67.7632672" lon="24.8778894">
      <time>2025-03-21T11:03:52Z</time>
    </trkpt>
    <trkpt lat="67.7631594" lon="24.8777282">
      <time>2025-03-21T11:03:55Z</time>
    </trkpt>
    <trkpt lat="67.7629342" lon="24.8771721">
      <time>2025-03-21T11:04:03Z</time>
    </trkpt>
    <trkpt lat="67.7628035" lon="24.8766766">
      <time>2025-03-21T11:04:10Z</time>
    </trkpt>
    <trkpt lat="67.7626458" lon="24.8761540">
      <time>2025-03-21T11:04:18Z</time>
    </trkpt>
    <trkpt lat="67.7625433" lon="24.8756378">
      <time>2025-03-21T11:04:25Z</time>
    </trkpt>
    <trkpt lat="67.7625846" lon="24.8752580">
      <time>2025-03-21T11:04:30Z</time>
    </trkpt>
    <trkpt lat="67.7626982" lon="24.8748799">
      <time>2025-03-21T11:04:37Z</time>
    </trkpt>
    <trkpt lat="67.7627881" lon="24.8745187">
      <time>2025-03-21T11:04:44Z</time>
    </trkpt>
    <trkpt lat="67.7628718" lon="24.8741963">
      <time>2025-03-21T11:04:50Z</time>
    </trkpt>
    <trkpt lat="67.7629011" lon="24.8740842">
      <time>2025-03-21T11:04:52Z</time>
    </trkpt>
    <trkpt lat="67.7629426" lon="24.8739325">
      <time>2025-03-21T11:04:55Z</time>
    </trkpt>
    <trkpt lat="67.7629680" lon="24.8738434">
      <time>2025-03-21T11:04:57Z</time>
    </trkpt>
    <trkpt lat="67.7630053" lon="24.8737118">
      <time>2025-03-21T11:05:00Z</time>
    </trkpt>
    <trkpt lat="67.7630717" lon="24.8734465">
      <time>2025-03-21T11:05:05Z</time>
    </trkpt>
    <trkpt lat="67.7631602" lon="24.8730503">
      <time>2025-03-21T11:05:12Z</time>
    </trkpt>
    <trkpt lat="67.7632586" lon="24.8726554">
      <time>2025-03-21T11:05:19Z</time>
    </trkpt>
    <trkpt lat="67.7633487" lon="24.8723722">
      <time>2025-03-21T11:05:25Z</time>
    </trkpt>
    <trkpt lat="67.7634648" lon="24.8719559">
      <time>2025-03-21T11:05:33Z</time>
    </trkpt>
    <trkpt lat="67.7635791" lon="24.8714810">
      <time>2025-03-21T11:05:41Z</time>
    </trkpt>
    <trkpt lat="67.7636452" lon="24.8712483">
      <time>2025-03-21T11:05:45Z</time>
    </trkpt>
    <trkpt lat="67.7637011" lon="24.8711216">
      <time>2025-03-21T11:05:48Z</time>
    </trkpt>
    <trkpt lat="67.7637833" lon="24.8710174">
      <time>2025-03-21T11:05:53Z</time>
    </trkpt>
    <trkpt lat="67.7639301" lon="24.8709115">
      <time>2025-03-21T11:06:00Z</time>
    </trkpt>
    <trkpt lat="67.7640671" lon="24.8707840">
      <time>2025-03-21T11:06:06Z</time>
    </trkpt>
    <trkpt lat="67.7642714" lon="24.8706662">
      <time>2025-03-21T11:06:14Z</time>
    </trkpt>
    <trkpt lat="67.7644666" lon="24.8705533">
      <time>2025-03-21T11:06:23Z</time>
    </trkpt>
    <trkpt lat="67.7645051" lon="24.8705056">
      <time>2025-03-21T11:06:25Z</time>
    </trkpt>
    <trkpt lat="67.7645619" lon="24.8704114">
      <time>2025-03-21T11:06:28Z</time>
    </trkpt>
    <trkpt lat="67.7646516" lon="24.8702187">
      <time>2025-03-21T11:06:32Z</time>
    </trkpt>
    <trkpt lat="67.7647636" lon="24.8698496">
      <time>2025-03-21T11:06:38Z</time>
    </trkpt>
    <trkpt lat="67.7648085" lon="24.8694965">
      <time>2025-03-21T11:06:43Z</time>
    </trkpt>
    <trkpt lat="67.7648356" lon="24.8691792">
      <time>2025-03-21T11:06:47Z</time>
    </trkpt>
    <trkpt lat="67.7648589" lon="24.8689576">
      <time>2025-03-21T11:06:50Z</time>
    </trkpt>
    <trkpt lat="67.7648934" lon="24.8687752">
      <time>2025-03-21T11:06:53Z</time>
    </trkpt>
    <trkpt lat="67.7649040" lon="24.8687323">
      <time>2025-03-21T11:06:54Z</time>
    </trkpt>
    <trkpt lat="67.7649277" lon="24.8685937">
      <time>2025-03-21T11:06:56Z</time>
    </trkpt>
    <trkpt lat="67.7649438" lon="24.8683854">
      <time>2025-03-21T11:06:59Z</time>
    </trkpt>
    <trkpt lat="67.7649451" lon="24.8683144">
      <time>2025-03-21T11:07:00Z</time>
    </trkpt>
    <trkpt lat="67.7649126" lon="24.8676915">
      <time>2025-03-21T11:07:08Z</time>
    </trkpt>
    <trkpt lat="67.7649427" lon="24.8671545">
      <time>2025-03-21T11:07:14Z</time>
    </trkpt>
    <trkpt lat="67.7650001" lon="24.8665018">
      <time>2025-03-21T11:07:23Z</time>
    </trkpt>
    <trkpt lat="67.7650375" lon="24.8661682">
      <time>2025-03-21T11:07:28Z</time>
    </trkpt>
    <trkpt lat="67.7650805" lon="24.8658141">
      <time>2025-03-21T11:07:34Z</time>
    </trkpt>
    <trkpt lat="67.7650703" lon="24.8656997">
      <time>2025-03-21T11:07:36Z</time>
    </trkpt>
    <trkpt lat="67.7649618" lon="24.8652618">
      <time>2025-03-21T11:07:44Z</time>
    </trkpt>
    <trkpt lat="67.7649220" lon="24.8650379">
      <time>2025-03-21T11:07:48Z</time>
    </trkpt>
    <trkpt lat="67.7648837" lon="24.8647610">
      <time>2025-03-21T11:07:53Z</time>
    </trkpt>
    <trkpt lat="67.7648215" lon="24.8643941">
      <time>2025-03-21T11:08:00Z</time>
    </trkpt>
    <trkpt lat="67.7647512" lon="24.8640941">
      <time>2025-03-21T11:08:06Z</time>
    </trkpt>
    <trkpt lat="67.7646593" lon="24.8636768">
      <time>2025-03-21T11:08:15Z</time>
    </trkpt>
    <trkpt lat="67.7645856" lon="24.8633780">
      <time>2025-03-21T11:08:21Z</time>
    </trkpt>
    <trkpt lat="67.7645595" lon="24.8632797">
      <time>2025-03-21T11:08:23Z</time>
    </trkpt>
    <trkpt lat="67.7644744" lon="24.8628112">
      <time>2025-03-21T11:08:32Z</time>
    </trkpt>
    <trkpt lat="67.7644429" lon="24.8624678">
      <time>2025-03-21T11:08:39Z</time>
    </trkpt>
    <trkpt lat="67.7644376" lon="24.8621382">
      <time>2025-03-21T11:08:45Z</time>
    </trkpt>
    <trkpt lat="67.7644800" lon="24.8618342">
      <time>2025-03-21T11:08:52Z</time>
    </trkpt>
    <trkpt lat="67.7645293" lon="24.8615743">
      <time>2025-03-21T11:08:59Z</time>
    </trkpt>
    <trkpt lat="67.7645987" lon="24.8612200">
      <time>2025-03-21T11:09:06Z</time>
    </trkpt>
    <trkpt lat="67.7646650" lon="24.8608409">
      <time>2025-03-21T11:09:12Z</time>
    </trkpt>
    <trkpt lat="67.7647287" lon="24.8605557">
      <time>2025-03-21T11:09:17Z</time>
    </trkpt>
    <trkpt lat="67.7647445" lon="24.8605087">
      <time>2025-03-21T11:09:18Z</time>
    </trkpt>
    <trkpt lat="67.7648822" lon="24.8602667">
      <time>2025-03-21T11:09:25Z</time>
    </trkpt>
    <trkpt lat="67.7650787" lon="24.8600373">
      <time>2025-03-21T11:09:33Z</time>
    </trkpt>
    <trkpt lat="67.7652082" lon="24.8598103">
      <time>2025-03-21T11:09:40Z</time>
    </trkpt>
    <trkpt lat="67.7653670" lon="24.8596471">
      <time>2025-03-21T11:09:49Z</time>
    </trkpt>
    <trkpt lat="67.7655392" lon="24.8595764">
      <time>2025-03-21T11:09:57Z</time>
    </trkpt>
    <trkpt lat="67.7656923" lon="24.8594431">
      <time>2025-03-21T11:10:04Z</time>
    </trkpt>
    <trkpt lat="67.7657438" lon="24.8591521">
      <time>2025-03-21T11:10:10Z</time>
    </trkpt>
    <trkpt lat="67.7657709" lon="24.8587379">
      <time>2025-03-21T11:10:17Z</time>
    </trkpt>
    <trkpt lat="67.7657979" lon="24.8583469">
      <time>2025-03-21T11:10:24Z</time>
    </trkpt>
    <trkpt lat="67.7658166" lon="24.8581050">
      <time>2025-03-21T11:10:30Z</time>
    </trkpt>
    <trkpt lat="67.7658280" lon="24.8580166">
      <time>2025-03-21T11:10:33Z</time>
    </trkpt>
    <trkpt lat="67.7658306" lon="24.8579916">
      <time>2025-03-21T11:10:34Z</time>
    </trkpt>
    <trkpt lat="67.7658361" lon="24.8579455">
      <time>2025-03-21T11:10:38Z</time>
    </trkpt>
    <trkpt lat="67.7658824" lon="24.8580204">
      <time>2025-03-21T11:25:39Z</time>
    </trkpt>
    <trkpt lat="67.7658824" lon="24.8580206">
      <time>2025-03-21T11:25:40Z</time>
    </trkpt>
    <trkpt lat="67.7658375" lon="24.8581781">
      <time>2025-03-21T11:25:49Z</time>
    </trkpt>
    <trkpt lat="67.7658130" lon="24.8583082">
      <time>2025-03-21T11:25:51Z</time>
    </trkpt>
    <trkpt lat="67.7657902" lon="24.8585326">
      <time>2025-03-21T11:25:54Z</time>
    </trkpt>
    <trkpt lat="67.7657762" lon="24.8588131">
      <time>2025-03-21T11:25:57Z</time>
    </trkpt>
    <trkpt lat="67.7657433" lon="24.8592483">
      <time>2025-03-21T11:26:02Z</time>
    </trkpt>
    <trkpt lat="67.7656294" lon="24.8595810">
      <time>2025-03-21T11:26:07Z</time>
    </trkpt>
    <trkpt lat="67.7654395" lon="24.8596321">
      <time>2025-03-21T11:26:13Z</time>
    </trkpt>
    <trkpt lat="67.7652647" lon="24.8597966">
      <time>2025-03-21T11:26:19Z</time>
    </trkpt>
    <trkpt lat="67.7652380" lon="24.8598363">
      <time>2025-03-21T11:26:20Z</time>
    </trkpt>
    <trkpt lat="67.7652120" lon="24.8598778">
      <time>2025-03-21T11:26:21Z</time>
    </trkpt>
    <trkpt lat="67.7650778" lon="24.8601047">
      <time>2025-03-21T11:26:26Z</time>
    </trkpt>
    <trkpt lat="67.7650486" lon="24.8601326">
      <time>2025-03-21T11:26:27Z</time>
    </trkpt>
    <trkpt lat="67.7648273" lon="24.8603860">
      <time>2025-03-21T11:26:35Z</time>
    </trkpt>
    <trkpt lat="67.7647510" lon="24.8605673">
      <time>2025-03-21T11:26:39Z</time>
    </trkpt>
    <trkpt lat="67.7647184" lon="24.8606702">
      <time>2025-03-21T11:26:41Z</time>
    </trkpt>
    <trkpt lat="67.7647028" lon="24.8607274">
      <time>2025-03-21T11:26:42Z</time>
    </trkpt>
    <trkpt lat="67.7646889" lon="24.8607947">
      <time>2025-03-21T11:26:43Z</time>
    </trkpt>
    <trkpt lat="67.7646323" lon="24.8611160">
      <time>2025-03-21T11:26:48Z</time>
    </trkpt>
    <trkpt lat="67.7646179" lon="24.8611753">
      <time>2025-03-21T11:26:49Z</time>
    </trkpt>
    <trkpt lat="67.7645844" lon="24.8614286">
      <time>2025-03-21T11:26:53Z</time>
    </trkpt>
    <trkpt lat="67.7645726" lon="24.8614881">
      <time>2025-03-21T11:26:54Z</time>
    </trkpt>
    <trkpt lat="67.7645584" lon="24.8615387">
      <time>2025-03-21T11:26:55Z</time>
    </trkpt>
    <trkpt lat="67.7644607" lon="24.8620406">
      <time>2025-03-21T11:27:02Z</time>
    </trkpt>
    <trkpt lat="67.7644434" lon="24.8625536">
      <time>2025-03-21T11:27:09Z</time>
    </trkpt>
    <trkpt lat="67.7645351" lon="24.8632028">
      <time>2025-03-21T11:27:17Z</time>
    </trkpt>
    <trkpt lat="67.7647095" lon="24.8638694">
      <time>2025-03-21T11:27:27Z</time>
    </trkpt>
    <trkpt lat="67.7648243" lon="24.8644090">
      <time>2025-03-21T11:27:35Z</time>
    </trkpt>
    <trkpt lat="67.7649154" lon="24.8649081">
      <time>2025-03-21T11:27:42Z</time>
    </trkpt>
    <trkpt lat="67.7650246" lon="24.8654572">
      <time>2025-03-21T11:27:50Z</time>
    </trkpt>
    <trkpt lat="67.7650958" lon="24.8659062">
      <time>2025-03-21T11:27:57Z</time>
    </trkpt>
    <trkpt lat="67.7650424" lon="24.8663219">
      <time>2025-03-21T11:28:03Z</time>
    </trkpt>
    <trkpt lat="67.7649774" lon="24.8669568">
      <time>2025-03-21T11:28:12Z</time>
    </trkpt>
    <trkpt lat="67.7649469" lon="24.8672977">
      <time>2025-03-21T11:28:17Z</time>
    </trkpt>
    <trkpt lat="67.7649259" lon="24.8676664">
      <time>2025-03-21T11:28:23Z</time>
    </trkpt>
    <trkpt lat="67.7649442" lon="24.8679820">
      <time>2025-03-21T11:28:28Z</time>
    </trkpt>
    <trkpt lat="67.7649486" lon="24.8680508">
      <time>2025-03-21T11:28:29Z</time>
    </trkpt>
    <trkpt lat="67.7649515" lon="24.8681767">
      <time>2025-03-21T11:28:31Z</time>
    </trkpt>
    <trkpt lat="67.7649501" lon="24.8684413">
      <time>2025-03-21T11:28:35Z</time>
    </trkpt>
    <trkpt lat="67.7649302" lon="24.8686607">
      <time>2025-03-21T11:28:38Z</time>
    </trkpt>
    <trkpt lat="67.7649062" lon="24.8687904">
      <time>2025-03-21T11:28:40Z</time>
    </trkpt>
    <trkpt lat="67.7648570" lon="24.8690290">
      <time>2025-03-21T11:28:44Z</time>
    </trkpt>
    <trkpt lat="67.7647986" lon="24.8694217">
      <time>2025-03-21T11:28:50Z</time>
    </trkpt>
    <trkpt lat="67.7647726" lon="24.8697291">
      <time>2025-03-21T11:28:55Z</time>
    </trkpt>
    <trkpt lat="67.7647607" lon="24.8698353">
      <time>2025-03-21T11:28:57Z</time>
    </trkpt>
    <trkpt lat="67.7647501" lon="24.8699366">
      <time>2025-03-21T11:28:59Z</time>
    </trkpt>
    <trkpt lat="67.7646663" lon="24.8702267">
      <time>2025-03-21T11:29:05Z</time>
    </trkpt>
    <trkpt lat="67.7646152" lon="24.8703437">
      <time>2025-03-21T11:29:08Z</time>
    </trkpt>
    <trkpt lat="67.7645700" lon="24.8704475">
      <time>2025-03-21T11:29:11Z</time>
    </trkpt>
    <trkpt lat="67.7645017" lon="24.8705932">
      <time>2025-03-21T11:29:16Z</time>
    </trkpt>
    <trkpt lat="67.7644520" lon="24.8706560">
      <time>2025-03-21T11:29:19Z</time>
    </trkpt>
    <trkpt lat="67.7643848" lon="24.8707132">
      <time>2025-03-21T11:29:22Z</time>
    </trkpt>
    <trkpt lat="67.7641639" lon="24.8707840">
      <time>2025-03-21T11:29:31Z</time>
    </trkpt>
    <trkpt lat="67.7640599" lon="24.8708527">
      <time>2025-03-21T11:29:36Z</time>
    </trkpt>
    <trkpt lat="67.7640411" lon="24.8708659">
      <time>2025-03-21T11:29:37Z</time>
    </trkpt>
    <trkpt lat="67.7639247" lon="24.8709946">
      <time>2025-03-21T11:29:43Z</time>
    </trkpt>
    <trkpt lat="67.7637176" lon="24.8712179">
      <time>2025-03-21T11:29:51Z</time>
    </trkpt>
    <trkpt lat="67.7636190" lon="24.8714956">
      <time>2025-03-21T11:29:55Z</time>
    </trkpt>
    <trkpt lat="67.7635199" lon="24.8718975">
      <time>2025-03-21T11:30:01Z</time>
    </trkpt>
    <trkpt lat="67.7634012" lon="24.8723261">
      <time>2025-03-21T11:30:08Z</time>
    </trkpt>
    <trkpt lat="67.7632493" lon="24.8728285">
      <time>2025-03-21T11:30:16Z</time>
    </trkpt>
    <trkpt lat="67.7631367" lon="24.8732465">
      <time>2025-03-21T11:30:23Z</time>
    </trkpt>
    <trkpt lat="67.7630553" lon="24.8735561">
      <time>2025-03-21T11:30:30Z</time>
    </trkpt>
    <trkpt lat="67.7630398" lon="24.8736439">
      <time>2025-03-21T11:30:35Z</time>
    </trkpt>
    <trkpt lat="67.7630382" lon="24.8736468">
      <time>2025-03-21T11:30:36Z</time>
    </trkpt>
    <trkpt lat="67.7630030" lon="24.8737832">
      <time>2025-03-21T11:30:43Z</time>
    </trkpt>
    <trkpt lat="67.7629834" lon="24.8738374">
      <time>2025-03-21T11:30:45Z</time>
    </trkpt>
    <trkpt lat="67.7629754" lon="24.8738627">
      <time>2025-03-21T11:30:46Z</time>
    </trkpt>
    <trkpt lat="67.7628843" lon="24.8741823">
      <time>2025-03-21T11:30:52Z</time>
    </trkpt>
    <trkpt lat="67.7627708" lon="24.8746461">
      <time>2025-03-21T11:30:58Z</time>
    </trkpt>
    <trkpt lat="67.7626519" lon="24.8751195">
      <time>2025-03-21T11:31:04Z</time>
    </trkpt>
    <trkpt lat="67.7625460" lon="24.8756226">
      <time>2025-03-21T11:31:11Z</time>
    </trkpt>
    <trkpt lat="67.7625602" lon="24.8758551">
      <time>2025-03-21T11:31:15Z</time>
    </trkpt>
    <trkpt lat="67.7626396" lon="24.8761242">
      <time>2025-03-21T11:31:21Z</time>
    </trkpt>
    <trkpt lat="67.7627034" lon="24.8763064">
      <time>2025-03-21T11:31:25Z</time>
    </trkpt>
    <trkpt lat="67.7627546" lon="24.8764723">
      <time>2025-03-21T11:31:29Z</time>
    </trkpt>
    <trkpt lat="67.7628066" lon="24.8766544">
      <time>2025-03-21T11:31:33Z</time>
    </trkpt>
    <trkpt lat="67.7628473" lon="24.8767975">
      <time>2025-03-21T11:31:36Z</time>
    </trkpt>
    <trkpt lat="67.7628593" lon="24.8768461">
      <time>2025-03-21T11:31:37Z</time>
    </trkpt>
    <trkpt lat="67.7629470" lon="24.8772358">
      <time>2025-03-21T11:31:45Z</time>
    </trkpt>
    <trkpt lat="67.7630488" lon="24.8774872">
      <time>2025-03-21T11:31:51Z</time>
    </trkpt>
    <trkpt lat="67.7631478" lon="24.8777045">
      <time>2025-03-21T11:31:57Z</time>
    </trkpt>
    <trkpt lat="67.7631664" lon="24.8777357">
      <time>2025-03-21T11:31:58Z</time>
    </trkpt>
    <trkpt lat="67.7631820" lon="24.8777652">
      <time>2025-03-21T11:31:59Z</time>
    </trkpt>
    <trkpt lat="67.7633295" lon="24.8779816">
      <time>2025-03-21T11:32:07Z</time>
    </trkpt>
    <trkpt lat="67.7634126" lon="24.8781059">
      <time>2025-03-21T11:32:13Z</time>
    </trkpt>
    <trkpt lat="67.7634669" lon="24.8781901">
      <time>2025-03-21T11:32:16Z</time>
    </trkpt>
    <trkpt lat="67.7635416" lon="24.8783049">
      <time>2025-03-21T11:32:20Z</time>
    </trkpt>
    <trkpt lat="67.7635596" lon="24.8783281">
      <time>2025-03-21T11:32:21Z</time>
    </trkpt>
    <trkpt lat="67.7636237" lon="24.8784398">
      <time>2025-03-21T11:32:25Z</time>
    </trkpt>
    <trkpt lat="67.7636996" lon="24.8785270">
      <time>2025-03-21T11:32:29Z</time>
    </trkpt>
    <trkpt lat="67.7638108" lon="24.8785996">
      <time>2025-03-21T11:32:35Z</time>
    </trkpt>
    <trkpt lat="67.7639570" lon="24.8786877">
      <time>2025-03-21T11:32:43Z</time>
    </trkpt>
    <trkpt lat="67.7640937" lon="24.8787376">
      <time>2025-03-21T11:32:51Z</time>
    </trkpt>
    <trkpt lat="67.7642106" lon="24.8787911">
      <time>2025-03-21T11:33:00Z</time>
    </trkpt>
    <trkpt lat="67.7642267" lon="24.8788046">
      <time>2025-03-21T11:33:04Z</time>
    </trkpt>
    <trkpt lat="67.7642909" lon="24.8788009">
      <time>2025-03-21T11:33:10Z</time>
    </trkpt>
    <trkpt lat="67.7643415" lon="24.8788055">
      <time>2025-03-21T11:33:13Z</time>
    </trkpt>
    <trkpt lat="67.7643800" lon="24.8788332">
      <time>2025-03-21T11:33:15Z</time>
    </trkpt>
    <trkpt lat="67.7644198" lon="24.8788700">
      <time>2025-03-21T11:33:17Z</time>
    </trkpt>
    <trkpt lat="67.7645278" lon="24.8790084">
      <time>2025-03-21T11:33:22Z</time>
    </trkpt>
    <trkpt lat="67.7646392" lon="24.8791284">
      <time>2025-03-21T11:33:28Z</time>
    </trkpt>
    <trkpt lat="67.7647403" lon="24.8792231">
      <time>2025-03-21T11:33:35Z</time>
    </trkpt>
    <trkpt lat="67.7648731" lon="24.8793274">
      <time>2025-03-21T11:33:43Z</time>
    </trkpt>
    <trkpt lat="67.7648934" lon="24.8793356">
      <time>2025-03-21T11:33:44Z</time>
    </trkpt>
    <trkpt lat="67.7650881" lon="24.8794785">
      <time>2025-03-21T11:33:53Z</time>
    </trkpt>
    <trkpt lat="67.7651820" lon="24.8795402">
      <time>2025-03-21T11:33:59Z</time>
    </trkpt>
    <trkpt lat="67.7652053" lon="24.8795589">
      <time>2025-03-21T11:34:01Z</time>
    </trkpt>
    <trkpt lat="67.7652629" lon="24.8795787">
      <time>2025-03-21T11:34:07Z</time>
    </trkpt>
    <trkpt lat="67.7652985" lon="24.8796071">
      <time>2025-03-21T11:34:14Z</time>
    </trkpt>
    <trkpt lat="67.7652980" lon="24.8796112">
      <time>2025-03-21T11:34:15Z</time>
    </trkpt>
    <trkpt lat="67.7653328" lon="24.8796695">
      <time>2025-03-21T11:35:15Z</time>
    </trkpt>
    <trkpt lat="67.7653472" lon="24.8796933">
      <time>2025-03-21T11:35:16Z</time>
    </trkpt>
    <trkpt lat="67.7653803" lon="24.8797407">
      <time>2025-03-21T11:35:18Z</time>
    </trkpt>
    <trkpt lat="67.7654208" lon="24.8798280">
      <time>2025-03-21T11:35:21Z</time>
    </trkpt>
    <trkpt lat="67.7654482" lon="24.8799826">
      <time>2025-03-21T11:35:24Z</time>
    </trkpt>
    <trkpt lat="67.7654529" lon="24.8801135">
      <time>2025-03-21T11:35:27Z</time>
    </trkpt>
    <trkpt lat="67.7654297" lon="24.8803330">
      <time>2025-03-21T11:35:31Z</time>
    </trkpt>
    <trkpt lat="67.7654053" lon="24.8808591">
      <time>2025-03-21T11:35:39Z</time>
    </trkpt>
    <trkpt lat="67.7654048" lon="24.8809192">
      <time>2025-03-21T11:35:40Z</time>
    </trkpt>
    <trkpt lat="67.7653944" lon="24.8811909">
      <time>2025-03-21T11:35:45Z</time>
    </trkpt>
    <trkpt lat="67.7653823" lon="24.8813075">
      <time>2025-03-21T11:35:47Z</time>
    </trkpt>
    <trkpt lat="67.7653751" lon="24.8813756">
      <time>2025-03-21T11:35:48Z</time>
    </trkpt>
    <trkpt lat="67.7653697" lon="24.8814414">
      <time>2025-03-21T11:35:49Z</time>
    </trkpt>
    <trkpt lat="67.7653353" lon="24.8817781">
      <time>2025-03-21T11:35:54Z</time>
    </trkpt>
    <trkpt lat="67.7652897" lon="24.8822550">
      <time>2025-03-21T11:36:00Z</time>
    </trkpt>
    <trkpt lat="67.7652732" lon="24.8825263">
      <time>2025-03-21T11:36:03Z</time>
    </trkpt>
    <trkpt lat="67.7652737" lon="24.8826176">
      <time>2025-03-21T11:36:04Z</time>
    </trkpt>
    <trkpt lat="67.7653020" lon="24.8828391">
      <time>2025-03-21T11:36:07Z</time>
    </trkpt>
    <trkpt lat="67.7653475" lon="24.8829587">
      <time>2025-03-21T11:36:10Z</time>
    </trkpt>
    <trkpt lat="67.7653683" lon="24.8829933">
      <time>2025-03-21T11:36:11Z</time>
    </trkpt>
    <trkpt lat="67.7653925" lon="24.8830262">
      <time>2025-03-21T11:36:12Z</time>
    </trkpt>
    <trkpt lat="67.7654104" lon="24.8830566">
      <time>2025-03-21T11:36:13Z</time>
    </trkpt>
    <trkpt lat="67.7654707" lon="24.8831763">
      <time>2025-03-21T11:36:16Z</time>
    </trkpt>
    <trkpt lat="67.7654893" lon="24.8832052">
      <time>2025-03-21T11:36:17Z</time>
    </trkpt>
    <trkpt lat="67.7655055" lon="24.8832345">
      <time>2025-03-21T11:36:18Z</time>
    </trkpt>
    <trkpt lat="67.7656423" lon="24.8833280">
      <time>2025-03-21T11:36:25Z</time>
    </trkpt>
    <trkpt lat="67.7657386" lon="24.8832756">
      <time>2025-03-21T11:36:31Z</time>
    </trkpt>
    <trkpt lat="67.7658765" lon="24.8831930">
      <time>2025-03-21T11:36:40Z</time>
    </trkpt>
    <trkpt lat="67.7659784" lon="24.8831111">
      <time>2025-03-21T11:36:47Z</time>
    </trkpt>
    <trkpt lat="67.7660954" lon="24.8831273">
      <time>2025-03-21T11:36:56Z</time>
    </trkpt>
    <trkpt lat="67.7661263" lon="24.8831139">
      <time>2025-03-21T11:36:59Z</time>
    </trkpt>
    <trkpt lat="67.7661585" lon="24.8831207">
      <time>2025-03-21T11:37:02Z</time>
    </trkpt>
    <trkpt lat="67.7662378" lon="24.8831489">
      <time>2025-03-21T11:37:07Z</time>
    </trkpt>
    <trkpt lat="67.7662906" lon="24.8832107">
      <time>2025-03-21T11:37:11Z</time>
    </trkpt>
    <trkpt lat="67.7663859" lon="24.8832947">
      <time>2025-03-21T11:37:18Z</time>
    </trkpt>
    <trkpt lat="67.7665164" lon="24.8833825">
      <time>2025-03-21T11:37:26Z</time>
    </trkpt>
    <trkpt lat="67.7666439" lon="24.8834657">
      <time>2025-03-21T11:37:35Z</time>
    </trkpt>
    <trkpt lat="67.7667331" lon="24.8835186">
      <time>2025-03-21T11:37:43Z</time>
    </trkpt>
    <trkpt lat="67.7667333" lon="24.8835242">
      <time>2025-03-21T11:37:44Z</time>
    </trkpt>
    <trkpt lat="67.7669961" lon="24.8836139">
      <time>2025-03-21T11:39:12Z</time>
    </trkpt>
    <trkpt lat="67.7670093" lon="24.8836143">
      <time>2025-03-21T11:39:13Z</time>
    </trkpt>
    <trkpt lat="67.7670228" lon="24.8836188">
      <time>2025-03-21T11:39:14Z</time>
    </trkpt>
    <trkpt lat="67.7670359" lon="24.8836315">
      <time>2025-03-21T11:39:15Z</time>
    </trkpt>
    <trkpt lat="67.7671373" lon="24.8836611">
      <time>2025-03-21T11:39:22Z</time>
    </trkpt>
    <trkpt lat="67.7672271" lon="24.8836877">
      <time>2025-03-21T11:39:29Z</time>
    </trkpt>
    <trkpt lat="67.7672949" lon="24.8836957">
      <time>2025-03-21T11:39:35Z</time>
    </trkpt>
    <trkpt lat="67.7673064" lon="24.8837017">
      <time>2025-03-21T11:39:36Z</time>
    </trkpt>
    <trkpt lat="67.7673628" lon="24.8837004">
      <time>2025-03-21T11:39:42Z</time>
    </trkpt>
    <trkpt lat="67.7674322" lon="24.8836957">
      <time>2025-03-21T11:39:48Z</time>
    </trkpt>
    <trkpt lat="67.7674543" lon="24.8836936">
      <time>2025-03-21T11:39:50Z</time>
    </trkpt>
    <trkpt lat="67.7674895" lon="24.8837035">
      <time>2025-03-21T11:39:56Z</time>
    </trkpt>
    <trkpt lat="67.7677887" lon="24.8836987">
      <time>2025-03-21T11:40:50Z</time>
    </trkpt>
    <trkpt lat="67.7678000" lon="24.8837017">
      <time>2025-03-21T11:40:51Z</time>
    </trkpt>
    <trkpt lat="67.7678419" lon="24.8837060">
      <time>2025-03-21T11:40:55Z</time>
    </trkpt>
    <trkpt lat="67.7678727" lon="24.8837328">
      <time>2025-03-21T11:40:58Z</time>
    </trkpt>
    <trkpt lat="67.7678857" lon="24.8837328">
      <time>2025-03-21T11:40:59Z</time>
    </trkpt>
    <trkpt lat="67.7679392" lon="24.8837558">
      <time>2025-03-21T11:41:04Z</time>
    </trkpt>
    <trkpt lat="67.7679481" lon="24.8837616">
      <time>2025-03-21T11:41:05Z</time>
    </trkpt>
    <trkpt lat="67.7679770" lon="24.8837692">
      <time>2025-03-21T11:41:08Z</time>
    </trkpt>
    <trkpt lat="67.7679892" lon="24.8837782">
      <time>2025-03-21T11:41:09Z</time>
    </trkpt>
    <trkpt lat="67.7680020" lon="24.8837975">
      <time>2025-03-21T11:41:10Z</time>
    </trkpt>
    <trkpt lat="67.7680536" lon="24.8839090">
      <time>2025-03-21T11:41:17Z</time>
    </trkpt>
    <trkpt lat="67.7680943" lon="24.8840182">
      <time>2025-03-21T11:41:52Z</time>
    </trkpt>
    <trkpt lat="67.7681264" lon="24.8841171">
      <time>2025-03-21T11:41:54Z</time>
    </trkpt>
    <trkpt lat="67.7681766" lon="24.8842887">
      <time>2025-03-21T11:41:57Z</time>
    </trkpt>
    <trkpt lat="67.7682063" lon="24.8844130">
      <time>2025-03-21T11:41:59Z</time>
    </trkpt>
    <trkpt lat="67.7682975" lon="24.8847307">
      <time>2025-03-21T11:42:06Z</time>
    </trkpt>
    <trkpt lat="67.7683833" lon="24.8849662">
      <time>2025-03-21T11:42:12Z</time>
    </trkpt>
    <trkpt lat="67.7684962" lon="24.8851425">
      <time>2025-03-21T11:42:19Z</time>
    </trkpt>
    <trkpt lat="67.7685947" lon="24.8853575">
      <time>2025-03-21T11:42:26Z</time>
    </trkpt>
    <trkpt lat="67.7686798" lon="24.8855536">
      <time>2025-03-21T11:42:32Z</time>
    </trkpt>
    <trkpt lat="67.7686980" lon="24.8855946">
      <time>2025-03-21T11:42:33Z</time>
    </trkpt>
    <trkpt lat="67.7687549" lon="24.8857521">
      <time>2025-03-21T11:42:37Z</time>
    </trkpt>
    <trkpt lat="67.7687931" lon="24.8858798">
      <time>2025-03-21T11:42:40Z</time>
    </trkpt>
    <trkpt lat="67.7688485" lon="24.8860294">
      <time>2025-03-21T11:42:44Z</time>
    </trkpt>
    <trkpt lat="67.7689358" lon="24.8862647">
      <time>2025-03-21T11:42:50Z</time>
    </trkpt>
    <trkpt lat="67.7690831" lon="24.8867178">
      <time>2025-03-21T11:43:01Z</time>
    </trkpt>
    <trkpt lat="67.7691853" lon="24.8870794">
      <time>2025-03-21T11:43:09Z</time>
    </trkpt>
    <trkpt lat="67.7692805" lon="24.8873607">
      <time>2025-03-21T11:43:15Z</time>
    </trkpt>
    <trkpt lat="67.7693602" lon="24.8875813">
      <time>2025-03-21T11:43:21Z</time>
    </trkpt>
    <trkpt lat="67.7694541" lon="24.8877838">
      <time>2025-03-21T11:43:27Z</time>
    </trkpt>
    <trkpt lat="67.7695670" lon="24.8880221">
      <time>2025-03-21T11:43:34Z</time>
    </trkpt>
    <trkpt lat="67.7696794" lon="24.8883040">
      <time>2025-03-21T11:43:42Z</time>
    </trkpt>
    <trkpt lat="67.7697804" lon="24.8885825">
      <time>2025-03-21T11:43:49Z</time>
    </trkpt>
    <trkpt lat="67.7698252" lon="24.8886751">
      <time>2025-03-21T11:43:52Z</time>
    </trkpt>
    <trkpt lat="67.7698529" lon="24.8887474">
      <time>2025-03-21T11:43:54Z</time>
    </trkpt>
    <trkpt lat="67.7699757" lon="24.8891266">
      <time>2025-03-21T11:44:02Z</time>
    </trkpt>
    <trkpt lat="67.7700769" lon="24.8893840">
      <time>2025-03-21T11:44:08Z</time>
    </trkpt>
    <trkpt lat="67.7701808" lon="24.8896391">
      <time>2025-03-21T11:44:15Z</time>
    </trkpt>
    <trkpt lat="67.7702305" lon="24.8897668">
      <time>2025-03-21T11:44:19Z</time>
    </trkpt>
    <trkpt lat="67.7702555" lon="24.8898500">
      <time>2025-03-21T11:44:21Z</time>
    </trkpt>
    <trkpt lat="67.7703437" lon="24.8900503">
      <time>2025-03-21T11:44:28Z</time>
    </trkpt>
    <trkpt lat="67.7703451" lon="24.8900734">
      <time>2025-03-21T11:44:31Z</time>
    </trkpt>
    <trkpt lat="67.7704005" lon="24.8902078">
      <time>2025-03-21T11:45:05Z</time>
    </trkpt>
    <trkpt lat="67.7704156" lon="24.8902464">
      <time>2025-03-21T11:45:06Z</time>
    </trkpt>
    <trkpt lat="67.7705082" lon="24.8905031">
      <time>2025-03-21T11:45:13Z</time>
    </trkpt>
    <trkpt lat="67.7705167" lon="24.8905322">
      <time>2025-03-21T11:45:14Z</time>
    </trkpt>
    <trkpt lat="67.7705603" lon="24.8906514">
      <time>2025-03-21T11:45:18Z</time>
    </trkpt>
    <trkpt lat="67.7706305" lon="24.8908583">
      <time>2025-03-21T11:45:25Z</time>
    </trkpt>
    <trkpt lat="67.7707240" lon="24.8910911">
      <time>2025-03-21T11:45:32Z</time>
    </trkpt>
    <trkpt lat="67.7707536" lon="24.8911772">
      <time>2025-03-21T11:45:35Z</time>
    </trkpt>
    <trkpt lat="67.7707882" lon="24.8912802">
      <time>2025-03-21T11:45:38Z</time>
    </trkpt>
    <trkpt lat="67.7708298" lon="24.8913939">
      <time>2025-03-21T11:45:41Z</time>
    </trkpt>
    <trkpt lat="67.7709204" lon="24.8916817">
      <time>2025-03-21T11:45:48Z</time>
    </trkpt>
    <trkpt lat="67.7709357" lon="24.8917054">
      <time>2025-03-21T11:45:49Z</time>
    </trkpt>
    <trkpt lat="67.7709924" lon="24.8918347">
      <time>2025-03-21T11:45:53Z</time>
    </trkpt>
    <trkpt lat="67.7710424" lon="24.8919247">
      <time>2025-03-21T11:45:56Z</time>
    </trkpt>
    <trkpt lat="67.7710903" lon="24.8920490">
      <time>2025-03-21T11:46:00Z</time>
    </trkpt>
    <trkpt lat="67.7711718" lon="24.8922657">
      <time>2025-03-21T11:46:06Z</time>
    </trkpt>
    <trkpt lat="67.7712483" lon="24.8924951">
      <time>2025-03-21T11:46:12Z</time>
    </trkpt>
    <trkpt lat="67.7713183" lon="24.8926978">
      <time>2025-03-21T11:46:18Z</time>
    </trkpt>
    <trkpt lat="67.7713366" lon="24.8927333">
      <time>2025-03-21T11:46:19Z</time>
    </trkpt>
    <trkpt lat="67.7714141" lon="24.8929137">
      <time>2025-03-21T11:46:24Z</time>
    </trkpt>
    <trkpt lat="67.7714634" lon="24.8930808">
      <time>2025-03-21T11:46:30Z</time>
    </trkpt>
    <trkpt lat="67.7714959" lon="24.8931825">
      <time>2025-03-21T11:46:33Z</time>
    </trkpt>
    <trkpt lat="67.7715304" lon="24.8932619">
      <time>2025-03-21T11:46:36Z</time>
    </trkpt>
    <trkpt lat="67.7715609" lon="24.8933395">
      <time>2025-03-21T11:46:39Z</time>
    </trkpt>
    <trkpt lat="67.7715993" lon="24.8934240">
      <time>2025-03-21T11:46:42Z</time>
    </trkpt>
    <trkpt lat="67.7717684" lon="24.8937548">
      <time>2025-03-21T11:46:54Z</time>
    </trkpt>
    <trkpt lat="67.7718649" lon="24.8939389">
      <time>2025-03-21T11:47:00Z</time>
    </trkpt>
    <trkpt lat="67.7719895" lon="24.8941714">
      <time>2025-03-21T11:47:08Z</time>
    </trkpt>
    <trkpt lat="67.7720584" lon="24.8943297">
      <time>2025-03-21T11:47:14Z</time>
    </trkpt>
    <trkpt lat="67.7721394" lon="24.8944636">
      <time>2025-03-21T11:47:20Z</time>
    </trkpt>
    <trkpt lat="67.7722051" lon="24.8945917">
      <time>2025-03-21T11:47:24Z</time>
    </trkpt>
    <trkpt lat="67.7722600" lon="24.8946755">
      <time>2025-03-21T11:47:27Z</time>
    </trkpt>
    <trkpt lat="67.7723775" lon="24.8948719">
      <time>2025-03-21T11:47:35Z</time>
    </trkpt>
    <trkpt lat="67.7723896" lon="24.8949163">
      <time>2025-03-21T11:47:37Z</time>
    </trkpt>
    <trkpt lat="67.7723968" lon="24.8949268">
      <time>2025-03-21T11:47:40Z</time>
    </trkpt>
    <trkpt lat="67.7724014" lon="24.8949130">
      <time>2025-03-21T11:47:42Z</time>
    </trkpt>
    <trkpt lat="67.7725194" lon="24.8951665">
      <time>2025-03-21T11:47:55Z</time>
    </trkpt>
    <trkpt lat="67.7725357" lon="24.8951931">
      <time>2025-03-21T11:47:56Z</time>
    </trkpt>
    <trkpt lat="67.7725498" lon="24.8952215">
      <time>2025-03-21T11:47:57Z</time>
    </trkpt>
    <trkpt lat="67.7726185" lon="24.8953061">
      <time>2025-03-21T11:48:03Z</time>
    </trkpt>
    <trkpt lat="67.7726243" lon="24.8953111">
      <time>2025-03-21T11:48:05Z</time>
    </trkpt>
    <trkpt lat="67.7726485" lon="24.8953535">
      <time>2025-03-21T11:48:10Z</time>
    </trkpt>
    <trkpt lat="67.7726753" lon="24.8953658">
      <time>2025-03-21T11:48:13Z</time>
    </trkpt>
    <trkpt lat="67.7727019" lon="24.8954020">
      <time>2025-03-21T11:48:18Z</time>
    </trkpt>
    <trkpt lat="67.7727425" lon="24.8954144">
      <time>2025-03-21T11:48:24Z</time>
    </trkpt>
    <trkpt lat="67.7728165" lon="24.8955070">
      <time>2025-03-21T11:48:29Z</time>
    </trkpt>
    <trkpt lat="67.7729152" lon="24.8955888">
      <time>2025-03-21T11:48:35Z</time>
    </trkpt>
    <trkpt lat="67.7730335" lon="24.8957112">
      <time>2025-03-21T11:48:42Z</time>
    </trkpt>
    <trkpt lat="67.7731102" lon="24.8957757">
      <time>2025-03-21T11:48:46Z</time>
    </trkpt>
    <trkpt lat="67.7731507" lon="24.8958298">
      <time>2025-03-21T11:48:49Z</time>
    </trkpt>
    <trkpt lat="67.7733119" lon="24.8960143">
      <time>2025-03-21T11:48:58Z</time>
    </trkpt>
    <trkpt lat="67.7734568" lon="24.8961373">
      <time>2025-03-21T11:49:06Z</time>
    </trkpt>
    <trkpt lat="67.7735008" lon="24.8961808">
      <time>2025-03-21T11:49:09Z</time>
    </trkpt>
    <trkpt lat="67.7735257" lon="24.8962088">
      <time>2025-03-21T11:49:11Z</time>
    </trkpt>
    <trkpt lat="67.7735472" lon="24.8962569">
      <time>2025-03-21T11:49:13Z</time>
    </trkpt>
    <trkpt lat="67.7736434" lon="24.8964608">
      <time>2025-03-21T11:49:20Z</time>
    </trkpt>
    <trkpt lat="67.7737124" lon="24.8967894">
      <time>2025-03-21T11:49:25Z</time>
    </trkpt>
    <trkpt lat="67.7738128" lon="24.8972702">
      <time>2025-03-21T11:49:30Z</time>
    </trkpt>
    <trkpt lat="67.7738699" lon="24.8980191">
      <time>2025-03-21T11:49:35Z</time>
    </trkpt>
    <trkpt lat="67.7739787" lon="24.8988084">
      <time>2025-03-21T11:49:40Z</time>
    </trkpt>
    <trkpt lat="67.7740018" lon="24.8989875">
      <time>2025-03-21T11:49:41Z</time>
    </trkpt>
    <trkpt lat="67.7740357" lon="24.8994347">
      <time>2025-03-21T11:49:44Z</time>
    </trkpt>
    <trkpt lat="67.7740545" lon="24.8996875">
      <time>2025-03-21T11:49:46Z</time>
    </trkpt>
    <trkpt lat="67.7740629" lon="24.8998012">
      <time>2025-03-21T11:49:47Z</time>
    </trkpt>
    <trkpt lat="67.7741575" lon="24.9002778">
      <time>2025-03-21T11:49:52Z</time>
    </trkpt>
    <trkpt lat="67.7742607" lon="24.9007745">
      <time>2025-03-21T11:49:56Z</time>
    </trkpt>
    <trkpt lat="67.7742943" lon="24.9008823">
      <time>2025-03-21T11:49:57Z</time>
    </trkpt>
    <trkpt lat="67.7745024" lon="24.9014773">
      <time>2025-03-21T11:50:02Z</time>
    </trkpt>
    <trkpt lat="67.7745728" lon="24.9017433">
      <time>2025-03-21T11:50:04Z</time>
    </trkpt>
    <trkpt lat="67.7746674" lon="24.9021774">
      <time>2025-03-21T11:50:07Z</time>
    </trkpt>
    <trkpt lat="67.7748961" lon="24.9032416">
      <time>2025-03-21T11:50:14Z</time>
    </trkpt>
    <trkpt lat="67.7750097" lon="24.9038163">
      <time>2025-03-21T11:50:17Z</time>
    </trkpt>
    <trkpt lat="67.7751006" lon="24.9041869">
      <time>2025-03-21T11:50:21Z</time>
    </trkpt>
    <trkpt lat="67.7751905" lon="24.9044980">
      <time>2025-03-21T11:50:27Z</time>
    </trkpt>
    <trkpt lat="67.7752289" lon="24.9045507">
      <time>2025-03-21T11:50:30Z</time>
    </trkpt>
    <trkpt lat="67.7752548" lon="24.9046146">
      <time>2025-03-21T11:50:33Z</time>
    </trkpt>
    <trkpt lat="67.7753062" lon="24.9047086">
      <time>2025-03-21T11:50:36Z</time>
    </trkpt>
    <trkpt lat="67.7754143" lon="24.9048683">
      <time>2025-03-21T11:50:44Z</time>
    </trkpt>
    <trkpt lat="67.7754570" lon="24.9048933">
      <time>2025-03-21T11:50:47Z</time>
    </trkpt>
    <trkpt lat="67.7754932" lon="24.9049297">
      <time>2025-03-21T11:50:50Z</time>
    </trkpt>
    <trkpt lat="67.7755165" lon="24.9049508">
      <time>2025-03-21T11:50:52Z</time>
    </trkpt>
    <trkpt lat="67.7756417" lon="24.9050393">
      <time>2025-03-21T11:51:00Z</time>
    </trkpt>
    <trkpt lat="67.7758100" lon="24.9050118">
      <time>2025-03-21T11:51:09Z</time>
    </trkpt>
    <trkpt lat="67.7758966" lon="24.9048459">
      <time>2025-03-21T11:51:16Z</time>
    </trkpt>
    <trkpt lat="67.7759514" lon="24.9045944">
      <time>2025-03-21T11:51:23Z</time>
    </trkpt>
    <trkpt lat="67.7760040" lon="24.9041917">
      <time>2025-03-21T11:51:31Z</time>
    </trkpt>
    <trkpt lat="67.7760641" lon="24.9039235">
      <time>2025-03-21T11:51:36Z</time>
    </trkpt>
    <trkpt lat="67.7762140" lon="24.9035827">
      <time>2025-03-21T11:51:46Z</time>
    </trkpt>
    <trkpt lat="67.7762258" lon="24.9035668">
      <time>2025-03-21T11:51:49Z</time>
    </trkpt>
    <trkpt lat="67.7762407" lon="24.9035333">
      <time>2025-03-21T11:52:56Z</time>
    </trkpt>
    <trkpt lat="67.7763671" lon="24.9033026">
      <time>2025-03-21T11:53:04Z</time>
    </trkpt>
    <trkpt lat="67.7764654" lon="24.9030956">
      <time>2025-03-21T11:53:12Z</time>
    </trkpt>
    <trkpt lat="67.7765407" lon="24.9029399">
      <time>2025-03-21T11:53:18Z</time>
    </trkpt>
    <trkpt lat="67.7765716" lon="24.9028565">
      <time>2025-03-21T11:53:21Z</time>
    </trkpt>
    <trkpt lat="67.7766373" lon="24.9026943">
      <time>2025-03-21T11:53:28Z</time>
    </trkpt>
    <trkpt lat="67.7767345" lon="24.9025471">
      <time>2025-03-21T11:53:36Z</time>
    </trkpt>
    <trkpt lat="67.7767481" lon="24.9025358">
      <time>2025-03-21T11:53:37Z</time>
    </trkpt>
    <trkpt lat="67.7768184" lon="24.9024446">
      <time>2025-03-21T11:53:44Z</time>
    </trkpt>
    <trkpt lat="67.7768633" lon="24.9023726">
      <time>2025-03-21T11:53:48Z</time>
    </trkpt>
    <trkpt lat="67.7769414" lon="24.9021504">
      <time>2025-03-21T11:53:56Z</time>
    </trkpt>
    <trkpt lat="67.7769851" lon="24.9018857">
      <time>2025-03-21T11:54:04Z</time>
    </trkpt>
    <trkpt lat="67.7770149" lon="24.9016523">
      <time>2025-03-21T11:54:12Z</time>
    </trkpt>
    <trkpt lat="67.7770281" lon="24.9015511">
      <time>2025-03-21T11:54:16Z</time>
    </trkpt>
    <trkpt lat="67.7770478" lon="24.9014780">
      <time>2025-03-21T11:54:19Z</time>
    </trkpt>
    <trkpt lat="67.7771011" lon="24.9012635">
      <time>2025-03-21T11:54:27Z</time>
    </trkpt>
    <trkpt lat="67.7771086" lon="24.9012405">
      <time>2025-03-21T11:54:28Z</time>
    </trkpt>
    <trkpt lat="67.7771257" lon="24.9011889">
      <time>2025-03-21T11:54:30Z</time>
    </trkpt>
    <trkpt lat="67.7771516" lon="24.9010750">
      <time>2025-03-21T11:54:34Z</time>
    </trkpt>
    <trkpt lat="67.7771594" lon="24.9010467">
      <time>2025-03-21T11:54:38Z</time>
    </trkpt>
    <trkpt lat="67.7772376" lon="24.9005917">
      <time>2025-03-21T11:55:48Z</time>
    </trkpt>
    <trkpt lat="67.7772382" lon="24.9005460">
      <time>2025-03-21T11:55:49Z</time>
    </trkpt>
    <trkpt lat="67.7772464" lon="24.9003691">
      <time>2025-03-21T11:55:54Z</time>
    </trkpt>
    <trkpt lat="67.7772640" lon="24.9001705">
      <time>2025-03-21T11:55:59Z</time>
    </trkpt>
    <trkpt lat="67.7772835" lon="24.9000988">
      <time>2025-03-21T11:56:02Z</time>
    </trkpt>
    <trkpt lat="67.7773221" lon="24.8999937">
      <time>2025-03-21T11:56:07Z</time>
    </trkpt>
    <trkpt lat="67.7773601" lon="24.8999393">
      <time>2025-03-21T11:56:11Z</time>
    </trkpt>
    <trkpt lat="67.7774430" lon="24.8999144">
      <time>2025-03-21T11:56:20Z</time>
    </trkpt>
    <trkpt lat="67.7774438" lon="24.8999136">
      <time>2025-03-21T11:56:21Z</time>
    </trkpt>
    <trkpt lat="67.7774998" lon="24.8999508">
      <time>2025-03-21T11:58:04Z</time>
    </trkpt>
    <trkpt lat="67.7775189" lon="24.8999680">
      <time>2025-03-21T11:58:05Z</time>
    </trkpt>
    <trkpt lat="67.7775479" lon="24.8999933">
      <time>2025-03-21T11:58:06Z</time>
    </trkpt>
    <trkpt lat="67.7776676" lon="24.9000737">
      <time>2025-03-21T11:58:11Z</time>
    </trkpt>
    <trkpt lat="67.7777055" lon="24.9001018">
      <time>2025-03-21T11:58:13Z</time>
    </trkpt>
    <trkpt lat="67.7777830" lon="24.9001543">
      <time>2025-03-21T11:58:19Z</time>
    </trkpt>
    <trkpt lat="67.7778748" lon="24.9002073">
      <time>2025-03-21T11:58:25Z</time>
    </trkpt>
    <trkpt lat="67.7778976" lon="24.9002255">
      <time>2025-03-21T11:58:27Z</time>
    </trkpt>
    <trkpt lat="67.7779053" lon="24.9002330">
      <time>2025-03-21T11:58:28Z</time>
    </trkpt>
    <trkpt lat="67.7779312" lon="24.9002809">
      <time>2025-03-21T11:58:32Z</time>
    </trkpt>
    <trkpt lat="67.7779442" lon="24.9002976">
      <time>2025-03-21T11:58:33Z</time>
    </trkpt>
    <trkpt lat="67.7779970" lon="24.9003899">
      <time>2025-03-21T11:58:38Z</time>
    </trkpt>
    <trkpt lat="67.7780680" lon="24.9005124">
      <time>2025-03-21T11:58:44Z</time>
    </trkpt>
    <trkpt lat="67.7780848" lon="24.9005500">
      <time>2025-03-21T11:58:47Z</time>
    </trkpt>
    <trkpt lat="67.7781100" lon="24.9006015">
      <time>2025-03-21T11:58:52Z</time>
    </trkpt>
    <trkpt lat="67.7781119" lon="24.9006094">
      <time>2025-03-21T11:58:53Z</time>
    </trkpt>
    <trkpt lat="67.7781138" lon="24.9006160">
      <time>2025-03-21T11:58:54Z</time>
    </trkpt>
    <trkpt lat="67.7781146" lon="24.9006186">
      <time>2025-03-21T11:58:55Z</time>
    </trkpt>
    <trkpt lat="67.7781847" lon="24.9007909">
      <time>2025-03-21T12:00:35Z</time>
    </trkpt>
    <trkpt lat="67.7782038" lon="24.9008443">
      <time>2025-03-21T12:00:36Z</time>
    </trkpt>
    <trkpt lat="67.7783476" lon="24.9011447">
      <time>2025-03-21T12:00:41Z</time>
    </trkpt>
    <trkpt lat="67.7784798" lon="24.9012911">
      <time>2025-03-21T12:00:46Z</time>
    </trkpt>
    <trkpt lat="67.7785368" lon="24.9013309">
      <time>2025-03-21T12:00:51Z</time>
    </trkpt>
    <trkpt lat="67.7785475" lon="24.9013449">
      <time>2025-03-21T12:00:52Z</time>
    </trkpt>
    <trkpt lat="67.7786150" lon="24.9013957">
      <time>2025-03-21T12:00:58Z</time>
    </trkpt>
    <trkpt lat="67.7787036" lon="24.9014878">
      <time>2025-03-21T12:01:04Z</time>
    </trkpt>
    <trkpt lat="67.7788083" lon="24.9016459">
      <time>2025-03-21T12:01:13Z</time>
    </trkpt>
    <trkpt lat="67.7788445" lon="24.9017033">
      <time>2025-03-21T12:01:16Z</time>
    </trkpt>
    <trkpt lat="67.7789039" lon="24.9017551">
      <time>2025-03-21T12:01:22Z</time>
    </trkpt>
    <trkpt lat="67.7789932" lon="24.9018815">
      <time>2025-03-21T12:01:28Z</time>
    </trkpt>
    <trkpt lat="67.7790954" lon="24.9020232">
      <time>2025-03-21T12:01:35Z</time>
    </trkpt>
    <trkpt lat="67.7791995" lon="24.9021564">
      <time>2025-03-21T12:01:42Z</time>
    </trkpt>
    <trkpt lat="67.7792568" lon="24.9022332">
      <time>2025-03-21T12:01:46Z</time>
    </trkpt>
    <trkpt lat="67.7792729" lon="24.9022545">
      <time>2025-03-21T12:01:47Z</time>
    </trkpt>
    <trkpt lat="67.7792874" lon="24.9022705">
      <time>2025-03-21T12:01:48Z</time>
    </trkpt>
    <trkpt lat="67.7793649" lon="24.9023619">
      <time>2025-03-21T12:01:53Z</time>
    </trkpt>
    <trkpt lat="67.7794630" lon="24.9024705">
      <time>2025-03-21T12:02:00Z</time>
    </trkpt>
    <trkpt lat="67.7796219" lon="24.9025752">
      <time>2025-03-21T12:02:10Z</time>
    </trkpt>
    <trkpt lat="67.7797072" lon="24.9026009">
      <time>2025-03-21T12:02:16Z</time>
    </trkpt>
    <trkpt lat="67.7797219" lon="24.9025944">
      <time>2025-03-21T12:02:17Z</time>
    </trkpt>
    <trkpt lat="67.7798478" lon="24.9026264">
      <time>2025-03-21T12:02:25Z</time>
    </trkpt>
    <trkpt lat="67.7799414" lon="24.9027103">
      <time>2025-03-21T12:02:32Z</time>
    </trkpt>
    <trkpt lat="67.7799479" lon="24.9027243">
      <time>2025-03-21T12:02:35Z</time>
    </trkpt>
    <trkpt lat="67.7799654" lon="24.9027393">
      <time>2025-03-21T12:02:58Z</time>
    </trkpt>
    <trkpt lat="67.7800424" lon="24.9028125">
      <time>2025-03-21T12:03:02Z</time>
    </trkpt>
    <trkpt lat="67.7801046" lon="24.9028512">
      <time>2025-03-21T12:03:05Z</time>
    </trkpt>
    <trkpt lat="67.7802193" lon="24.9029310">
      <time>2025-03-21T12:03:11Z</time>
    </trkpt>
    <trkpt lat="67.7803668" lon="24.9029955">
      <time>2025-03-21T12:03:19Z</time>
    </trkpt>
    <trkpt lat="67.7805498" lon="24.9030783">
      <time>2025-03-21T12:03:29Z</time>
    </trkpt>
    <trkpt lat="67.7806159" lon="24.9031427">
      <time>2025-03-21T12:03:34Z</time>
    </trkpt>
    <trkpt lat="67.7806333" lon="24.9031705">
      <time>2025-03-21T12:03:35Z</time>
    </trkpt>
    <trkpt lat="67.7807207" lon="24.9033037">
      <time>2025-03-21T12:03:39Z</time>
    </trkpt>
    <trkpt lat="67.7807596" lon="24.9034020">
      <time>2025-03-21T12:03:41Z</time>
    </trkpt>
    <trkpt lat="67.7808403" lon="24.9037381">
      <time>2025-03-21T12:03:47Z</time>
    </trkpt>
    <trkpt lat="67.7809920" lon="24.9042915">
      <time>2025-03-21T12:03:55Z</time>
    </trkpt>
    <trkpt lat="67.7811169" lon="24.9045091">
      <time>2025-03-21T12:04:01Z</time>
    </trkpt>
    <trkpt lat="67.7812245" lon="24.9046368">
      <time>2025-03-21T12:04:07Z</time>
    </trkpt>
    <trkpt lat="67.7813577" lon="24.9047787">
      <time>2025-03-21T12:04:14Z</time>
    </trkpt>
    <trkpt lat="67.7814563" lon="24.9048627">
      <time>2025-03-21T12:04:19Z</time>
    </trkpt>
    <trkpt lat="67.7816224" lon="24.9049662">
      <time>2025-03-21T12:04:27Z</time>
    </trkpt>
    <trkpt lat="67.7816771" lon="24.9049910">
      <time>2025-03-21T12:04:30Z</time>
    </trkpt>
    <trkpt lat="67.7817490" lon="24.9050473">
      <time>2025-03-21T12:04:34Z</time>
    </trkpt>
    <trkpt lat="67.7818686" lon="24.9051507">
      <time>2025-03-21T12:04:41Z</time>
    </trkpt>
    <trkpt lat="67.7819998" lon="24.9052508">
      <time>2025-03-21T12:04:48Z</time>
    </trkpt>
    <trkpt lat="67.7820152" lon="24.9052649">
      <time>2025-03-21T12:04:49Z</time>
    </trkpt>
    <trkpt lat="67.7820921" lon="24.9053583">
      <time>2025-03-21T12:04:55Z</time>
    </trkpt>
    <trkpt lat="67.7820991" lon="24.9053746">
      <time>2025-03-21T12:04:56Z</time>
    </trkpt>
    <trkpt lat="67.7821895" lon="24.9055649">
      <time>2025-03-21T12:05:04Z</time>
    </trkpt>
    <trkpt lat="67.7822681" lon="24.9058863">
      <time>2025-03-21T12:05:10Z</time>
    </trkpt>
    <trkpt lat="67.7822683" lon="24.9058996">
      <time>2025-03-21T12:05:13Z</time>
    </trkpt>
    <trkpt lat="67.7822548" lon="24.9060910">
      <time>2025-03-21T12:05:23Z</time>
    </trkpt>
    <trkpt lat="67.7822525" lon="24.9061554">
      <time>2025-03-21T12:05:24Z</time>
    </trkpt>
    <trkpt lat="67.7822484" lon="24.9062318">
      <time>2025-03-21T12:05:25Z</time>
    </trkpt>
    <trkpt lat="67.7821947" lon="24.9067075">
      <time>2025-03-21T12:05:31Z</time>
    </trkpt>
    <trkpt lat="67.7821763" lon="24.9068476">
      <time>2025-03-21T12:05:33Z</time>
    </trkpt>
    <trkpt lat="67.7821552" lon="24.9070645">
      <time>2025-03-21T12:05:36Z</time>
    </trkpt>
    <trkpt lat="67.7821349" lon="24.9073281">
      <time>2025-03-21T12:05:39Z</time>
    </trkpt>
    <trkpt lat="67.7820686" lon="24.9077783">
      <time>2025-03-21T12:05:45Z</time>
    </trkpt>
    <trkpt lat="67.7820598" lon="24.9078519">
      <time>2025-03-21T12:05:46Z</time>
    </trkpt>
    <trkpt lat="67.7820468" lon="24.9079902">
      <time>2025-03-21T12:05:48Z</time>
    </trkpt>
    <trkpt lat="67.7820336" lon="24.9081161">
      <time>2025-03-21T12:05:50Z</time>
    </trkpt>
    <trkpt lat="67.7820040" lon="24.9084547">
      <time>2025-03-21T12:05:54Z</time>
    </trkpt>
    <trkpt lat="67.7820035" lon="24.9090196">
      <time>2025-03-21T12:06:00Z</time>
    </trkpt>
    <trkpt lat="67.7820408" lon="24.9094545">
      <time>2025-03-21T12:06:06Z</time>
    </trkpt>
    <trkpt lat="67.7820851" lon="24.9097681">
      <time>2025-03-21T12:06:12Z</time>
    </trkpt>
    <trkpt lat="67.7821080" lon="24.9099770">
      <time>2025-03-21T12:06:16Z</time>
    </trkpt>
    <trkpt lat="67.7821240" lon="24.9102083">
      <time>2025-03-21T12:06:19Z</time>
    </trkpt>
    <trkpt lat="67.7821360" lon="24.9104631">
      <time>2025-03-21T12:06:22Z</time>
    </trkpt>
    <trkpt lat="67.7821383" lon="24.9105444">
      <time>2025-03-21T12:06:23Z</time>
    </trkpt>
    <trkpt lat="67.7821288" lon="24.9107239">
      <time>2025-03-21T12:06:26Z</time>
    </trkpt>
    <trkpt lat="67.7821246" lon="24.9107679">
      <time>2025-03-21T12:06:27Z</time>
    </trkpt>
    <trkpt lat="67.7820771" lon="24.9109972">
      <time>2025-03-21T12:06:33Z</time>
    </trkpt>
    <trkpt lat="67.7820492" lon="24.9111080">
      <time>2025-03-21T12:06:36Z</time>
    </trkpt>
    <trkpt lat="67.7819952" lon="24.9112344">
      <time>2025-03-21T12:06:39Z</time>
    </trkpt>
    <trkpt lat="67.7819647" lon="24.9113175">
      <time>2025-03-21T12:06:41Z</time>
    </trkpt>
    <trkpt lat="67.7818879" lon="24.9115407">
      <time>2025-03-21T12:06:45Z</time>
    </trkpt>
    <trkpt lat="67.7817589" lon="24.9119684">
      <time>2025-03-21T12:06:52Z</time>
    </trkpt>
    <trkpt lat="67.7817216" lon="24.9122373">
      <time>2025-03-21T12:06:57Z</time>
    </trkpt>
    <trkpt lat="67.7817186" lon="24.9122877">
      <time>2025-03-21T12:06:58Z</time>
    </trkpt>
    <trkpt lat="67.7817096" lon="24.9125122">
      <time>2025-03-21T12:07:03Z</time>
    </trkpt>
    <trkpt lat="67.7817073" lon="24.9125573">
      <time>2025-03-21T12:07:04Z</time>
    </trkpt>
    <trkpt lat="67.7817009" lon="24.9126888">
      <time>2025-03-21T12:07:07Z</time>
    </trkpt>
    <trkpt lat="67.7817002" lon="24.9128139">
      <time>2025-03-21T12:07:10Z</time>
    </trkpt>
    <trkpt lat="67.7817014" lon="24.9129406">
      <time>2025-03-21T12:07:13Z</time>
    </trkpt>
    <trkpt lat="67.7817043" lon="24.9130318">
      <time>2025-03-21T12:07:15Z</time>
    </trkpt>
    <trkpt lat="67.7816936" lon="24.9131026">
      <time>2025-03-21T12:07:17Z</time>
    </trkpt>
    <trkpt lat="67.7816695" lon="24.9132247">
      <time>2025-03-21T12:07:21Z</time>
    </trkpt>
    <trkpt lat="67.7816659" lon="24.9132414">
      <time>2025-03-21T12:07:24Z</time>
    </trkpt>
    <trkpt lat="67.7816731" lon="24.9133856">
      <time>2025-03-21T12:07:45Z</time>
    </trkpt>
    <trkpt lat="67.7816679" lon="24.9134226">
      <time>2025-03-21T12:07:46Z</time>
    </trkpt>
    <trkpt lat="67.7816499" lon="24.9136561">
      <time>2025-03-21T12:07:52Z</time>
    </trkpt>
    <trkpt lat="67.7816094" lon="24.9139693">
      <time>2025-03-21T12:07:59Z</time>
    </trkpt>
    <trkpt lat="67.7815828" lon="24.9143015">
      <time>2025-03-21T12:08:07Z</time>
    </trkpt>
    <trkpt lat="67.7815433" lon="24.9147452">
      <time>2025-03-21T12:08:16Z</time>
    </trkpt>
    <trkpt lat="67.7815377" lon="24.9148366">
      <time>2025-03-21T12:08:18Z</time>
    </trkpt>
    <trkpt lat="67.7815326" lon="24.9150094">
      <time>2025-03-21T12:08:22Z</time>
    </trkpt>
    <trkpt lat="67.7815152" lon="24.9151625">
      <time>2025-03-21T12:08:25Z</time>
    </trkpt>
    <trkpt lat="67.7814910" lon="24.9153878">
      <time>2025-03-21T12:08:30Z</time>
    </trkpt>
    <trkpt lat="67.7814195" lon="24.9158072">
      <time>2025-03-21T12:08:40Z</time>
    </trkpt>
    <trkpt lat="67.7813916" lon="24.9159745">
      <time>2025-03-21T12:08:44Z</time>
    </trkpt>
    <trkpt lat="67.7813814" lon="24.9160716">
      <time>2025-03-21T12:08:46Z</time>
    </trkpt>
    <trkpt lat="67.7813580" lon="24.9162593">
      <time>2025-03-21T12:08:49Z</time>
    </trkpt>
    <trkpt lat="67.7813087" lon="24.9165586">
      <time>2025-03-21T12:08:55Z</time>
    </trkpt>
    <trkpt lat="67.7812754" lon="24.9170293">
      <time>2025-03-21T12:09:04Z</time>
    </trkpt>
    <trkpt lat="67.7812572" lon="24.9173486">
      <time>2025-03-21T12:09:10Z</time>
    </trkpt>
    <trkpt lat="67.7812371" lon="24.9177581">
      <time>2025-03-21T12:09:18Z</time>
    </trkpt>
    <trkpt lat="67.7812003" lon="24.9182113">
      <time>2025-03-21T12:09:27Z</time>
    </trkpt>
    <trkpt lat="67.7811721" lon="24.9185270">
      <time>2025-03-21T12:09:33Z</time>
    </trkpt>
    <trkpt lat="67.7811545" lon="24.9187358">
      <time>2025-03-21T12:09:37Z</time>
    </trkpt>
    <trkpt lat="67.7811454" lon="24.9188588">
      <time>2025-03-21T12:09:40Z</time>
    </trkpt>
    <trkpt lat="67.7811341" lon="24.9190584">
      <time>2025-03-21T12:09:44Z</time>
    </trkpt>
    <trkpt lat="67.7811305" lon="24.9191064">
      <time>2025-03-21T12:09:45Z</time>
    </trkpt>
    <trkpt lat="67.7811239" lon="24.9194029">
      <time>2025-03-21T12:09:51Z</time>
    </trkpt>
    <trkpt lat="67.7811139" lon="24.9194766">
      <time>2025-03-21T12:09:53Z</time>
    </trkpt>
    <trkpt lat="67.7811002" lon="24.9196478">
      <time>2025-03-21T12:09:58Z</time>
    </trkpt>
    <trkpt lat="67.7810942" lon="24.9197145">
      <time>2025-03-21T12:10:00Z</time>
    </trkpt>
    <trkpt lat="67.7810759" lon="24.9198913">
      <time>2025-03-21T12:10:05Z</time>
    </trkpt>
    <trkpt lat="67.7810366" lon="24.9200740">
      <time>2025-03-21T12:10:10Z</time>
    </trkpt>
    <trkpt lat="67.7810324" lon="24.9201094">
      <time>2025-03-21T12:10:11Z</time>
    </trkpt>
    <trkpt lat="67.7810154" lon="24.9202476">
      <time>2025-03-21T12:10:15Z</time>
    </trkpt>
    <trkpt lat="67.7810119" lon="24.9203862">
      <time>2025-03-21T12:10:19Z</time>
    </trkpt>
    <trkpt lat="67.7809875" lon="24.9207232">
      <time>2025-03-21T12:10:28Z</time>
    </trkpt>
    <trkpt lat="67.7809823" lon="24.9208609">
      <time>2025-03-21T12:10:32Z</time>
    </trkpt>
    <trkpt lat="67.7809855" lon="24.9208881">
      <time>2025-03-21T12:10:33Z</time>
    </trkpt>
    <trkpt lat="67.7809792" lon="24.9209577">
      <time>2025-03-21T12:10:35Z</time>
    </trkpt>
    <trkpt lat="67.7809652" lon="24.9211901">
      <time>2025-03-21T12:10:42Z</time>
    </trkpt>
    <trkpt lat="67.7809587" lon="24.9213013">
      <time>2025-03-21T12:10:45Z</time>
    </trkpt>
    <trkpt lat="67.7809414" lon="24.9215571">
      <time>2025-03-21T12:10:51Z</time>
    </trkpt>
    <trkpt lat="67.7808971" lon="24.9220931">
      <time>2025-03-21T12:11:01Z</time>
    </trkpt>
    <trkpt lat="67.7808587" lon="24.9225498">
      <time>2025-03-21T12:11:07Z</time>
    </trkpt>
    <trkpt lat="67.7808679" lon="24.9231379">
      <time>2025-03-21T12:11:14Z</time>
    </trkpt>
    <trkpt lat="67.7808440" lon="24.9235407">
      <time>2025-03-21T12:11:18Z</time>
    </trkpt>
    <trkpt lat="67.7808440" lon="24.9236571">
      <time>2025-03-21T12:11:19Z</time>
    </trkpt>
    <trkpt lat="67.7808623" lon="24.9239850">
      <time>2025-03-21T12:11:22Z</time>
    </trkpt>
    <trkpt lat="67.7808612" lon="24.9245359">
      <time>2025-03-21T12:11:27Z</time>
    </trkpt>
    <trkpt lat="67.7808364" lon="24.9250286">
      <time>2025-03-21T12:11:31Z</time>
    </trkpt>
    <trkpt lat="67.7807856" lon="24.9254139">
      <time>2025-03-21T12:11:34Z</time>
    </trkpt>
    <trkpt lat="67.7807227" lon="24.9260524">
      <time>2025-03-21T12:11:38Z</time>
    </trkpt>
    <trkpt lat="67.7806805" lon="24.9268282">
      <time>2025-03-21T12:11:44Z</time>
    </trkpt>
    <trkpt lat="67.7806741" lon="24.9269646">
      <time>2025-03-21T12:11:45Z</time>
    </trkpt>
    <trkpt lat="67.7806238" lon="24.9276381">
      <time>2025-03-21T12:11:50Z</time>
    </trkpt>
    <trkpt lat="67.7806074" lon="24.9284802">
      <time>2025-03-21T12:11:56Z</time>
    </trkpt>
    <trkpt lat="67.7805982" lon="24.9286066">
      <time>2025-03-21T12:11:57Z</time>
    </trkpt>
    <trkpt lat="67.7805579" lon="24.9290270">
      <time>2025-03-21T12:12:00Z</time>
    </trkpt>
    <trkpt lat="67.7805148" lon="24.9295203">
      <time>2025-03-21T12:12:03Z</time>
    </trkpt>
    <trkpt lat="67.7805098" lon="24.9296910">
      <time>2025-03-21T12:12:04Z</time>
    </trkpt>
    <trkpt lat="67.7804567" lon="24.9304683">
      <time>2025-03-21T12:12:09Z</time>
    </trkpt>
    <trkpt lat="67.7804536" lon="24.9306042">
      <time>2025-03-21T12:12:10Z</time>
    </trkpt>
    <trkpt lat="67.7804136" lon="24.9311711">
      <time>2025-03-21T12:12:14Z</time>
    </trkpt>
    <trkpt lat="67.7803908" lon="24.9313014">
      <time>2025-03-21T12:12:15Z</time>
    </trkpt>
    <trkpt lat="67.7803693" lon="24.9314096">
      <time>2025-03-21T12:12:16Z</time>
    </trkpt>
    <trkpt lat="67.7802860" lon="24.9316274">
      <time>2025-03-21T12:12:19Z</time>
    </trkpt>
    <trkpt lat="67.7801017" lon="24.9321281">
      <time>2025-03-21T12:12:24Z</time>
    </trkpt>
    <trkpt lat="67.7800144" lon="24.9326435">
      <time>2025-03-21T12:12:30Z</time>
    </trkpt>
    <trkpt lat="67.7799722" lon="24.9331169">
      <time>2025-03-21T12:12:35Z</time>
    </trkpt>
    <trkpt lat="67.7799676" lon="24.9332470">
      <time>2025-03-21T12:12:36Z</time>
    </trkpt>
    <trkpt lat="67.7799864" lon="24.9334573">
      <time>2025-03-21T12:12:38Z</time>
    </trkpt>
    <trkpt lat="67.7800214" lon="24.9336400">
      <time>2025-03-21T12:12:40Z</time>
    </trkpt>
    <trkpt lat="67.7801505" lon="24.9340111">
      <time>2025-03-21T12:12:45Z</time>
    </trkpt>
    <trkpt lat="67.7801890" lon="24.9341527">
      <time>2025-03-21T12:12:47Z</time>
    </trkpt>
    <trkpt lat="67.7802086" lon="24.9345502">
      <time>2025-03-21T12:12:52Z</time>
    </trkpt>
    <trkpt lat="67.7801629" lon="24.9348575">
      <time>2025-03-21T12:12:57Z</time>
    </trkpt>
    <trkpt lat="67.7801640" lon="24.9350367">
      <time>2025-03-21T12:12:59Z</time>
    </trkpt>
    <trkpt lat="67.7801855" lon="24.9351923">
      <time>2025-03-21T12:13:01Z</time>
    </trkpt>
    <trkpt lat="67.7803005" lon="24.9355206">
      <time>2025-03-21T12:13:06Z</time>
    </trkpt>
    <trkpt lat="67.7804618" lon="24.9357224">
      <time>2025-03-21T12:13:12Z</time>
    </trkpt>
    <trkpt lat="67.7807115" lon="24.9358196">
      <time>2025-03-21T12:13:19Z</time>
    </trkpt>
    <trkpt lat="67.7809022" lon="24.9358661">
      <time>2025-03-21T12:13:25Z</time>
    </trkpt>
    <trkpt lat="67.7810394" lon="24.9359400">
      <time>2025-03-21T12:13:30Z</time>
    </trkpt>
    <trkpt lat="67.7812075" lon="24.9363449">
      <time>2025-03-21T12:13:36Z</time>
    </trkpt>
    <trkpt lat="67.7812631" lon="24.9364997">
      <time>2025-03-21T12:13:38Z</time>
    </trkpt>
    <trkpt lat="67.7813441" lon="24.9366874">
      <time>2025-03-21T12:13:40Z</time>
    </trkpt>
    <trkpt lat="67.7813824" lon="24.9367752">
      <time>2025-03-21T12:13:41Z</time>
    </trkpt>
    <trkpt lat="67.7814262" lon="24.9368470">
      <time>2025-03-21T12:13:42Z</time>
    </trkpt>
    <trkpt lat="67.7814729" lon="24.9369046">
      <time>2025-03-21T12:13:43Z</time>
    </trkpt>
    <trkpt lat="67.7815645" lon="24.9369868">
      <time>2025-03-21T12:13:45Z</time>
    </trkpt>
    <trkpt lat="67.7816809" lon="24.9370268">
      <time>2025-03-21T12:13:48Z</time>
    </trkpt>
    <trkpt lat="67.7817640" lon="24.9370408">
      <time>2025-03-21T12:13:50Z</time>
    </trkpt>
    <trkpt lat="67.7819363" lon="24.9369624">
      <time>2025-03-21T12:13:55Z</time>
    </trkpt>
    <trkpt lat="67.7820863" lon="24.9368368">
      <time>2025-03-21T12:14:02Z</time>
    </trkpt>
    <trkpt lat="67.7822356" lon="24.9369797">
      <time>2025-03-21T12:14:08Z</time>
    </trkpt>
    <trkpt lat="67.7824138" lon="24.9371852">
      <time>2025-03-21T12:14:13Z</time>
    </trkpt>
    <trkpt lat="67.7824426" lon="24.9372067">
      <time>2025-03-21T12:14:14Z</time>
    </trkpt>
    <trkpt lat="67.7825348" lon="24.9371986">
      <time>2025-03-21T12:14:18Z</time>
    </trkpt>
    <trkpt lat="67.7826501" lon="24.9370998">
      <time>2025-03-21T12:14:24Z</time>
    </trkpt>
    <trkpt lat="67.7827634" lon="24.9370562">
      <time>2025-03-21T12:14:31Z</time>
    </trkpt>
    <trkpt lat="67.7828624" lon="24.9370520">
      <time>2025-03-21T12:14:36Z</time>
    </trkpt>
    <trkpt lat="67.7830192" lon="24.9370850">
      <time>2025-03-21T12:14:43Z</time>
    </trkpt>
    <trkpt lat="67.7831242" lon="24.9371298">
      <time>2025-03-21T12:14:49Z</time>
    </trkpt>
    <trkpt lat="67.7832278" lon="24.9371605">
      <time>2025-03-21T12:14:54Z</time>
    </trkpt>
    <trkpt lat="67.7832842" lon="24.9371577">
      <time>2025-03-21T12:14:57Z</time>
    </trkpt>
    <trkpt lat="67.7834454" lon="24.9371699">
      <time>2025-03-21T12:15:05Z</time>
    </trkpt>
    <trkpt lat="67.7835286" lon="24.9371919">
      <time>2025-03-21T12:15:09Z</time>
    </trkpt>
    <trkpt lat="67.7835715" lon="24.9372304">
      <time>2025-03-21T12:15:11Z</time>
    </trkpt>
    <trkpt lat="67.7836542" lon="24.9373660">
      <time>2025-03-21T12:15:15Z</time>
    </trkpt>
    <trkpt lat="67.7837525" lon="24.9376326">
      <time>2025-03-21T12:15:19Z</time>
    </trkpt>
    <trkpt lat="67.7837794" lon="24.9377378">
      <time>2025-03-21T12:15:20Z</time>
    </trkpt>
    <trkpt lat="67.7838930" lon="24.9380006">
      <time>2025-03-21T12:15:24Z</time>
    </trkpt>
    <trkpt lat="67.7840279" lon="24.9381303">
      <time>2025-03-21T12:15:28Z</time>
    </trkpt>
    <trkpt lat="67.7841337" lon="24.9382478">
      <time>2025-03-21T12:15:31Z</time>
    </trkpt>
    <trkpt lat="67.7842774" lon="24.9384510">
      <time>2025-03-21T12:15:35Z</time>
    </trkpt>
    <trkpt lat="67.7843593" lon="24.9384937">
      <time>2025-03-21T12:15:37Z</time>
    </trkpt>
    <trkpt lat="67.7844945" lon="24.9385758">
      <time>2025-03-21T12:15:42Z</time>
    </trkpt>
    <trkpt lat="67.7845274" lon="24.9386136">
      <time>2025-03-21T12:15:47Z</time>
    </trkpt>
    <trkpt lat="67.7845950" lon="24.9387456">
      <time>2025-03-21T12:15:53Z</time>
    </trkpt>
    <trkpt lat="67.7847120" lon="24.9390040">
      <time>2025-03-21T12:15:58Z</time>
    </trkpt>
    <trkpt lat="67.7847452" lon="24.9390671">
      <time>2025-03-21T12:15:59Z</time>
    </trkpt>
    <trkpt lat="67.7847845" lon="24.9391166">
      <time>2025-03-21T12:16:00Z</time>
    </trkpt>
    <trkpt lat="67.7848565" lon="24.9392134">
      <time>2025-03-21T12:16:02Z</time>
    </trkpt>
    <trkpt lat="67.7849247" lon="24.9392536">
      <time>2025-03-21T12:16:04Z</time>
    </trkpt>
    <trkpt lat="67.7851852" lon="24.9393732">
      <time>2025-03-21T12:16:12Z</time>
    </trkpt>
    <trkpt lat="67.7853704" lon="24.9396070">
      <time>2025-03-21T12:16:17Z</time>
    </trkpt>
    <trkpt lat="67.7855845" lon="24.9399730">
      <time>2025-03-21T12:16:22Z</time>
    </trkpt>
    <trkpt lat="67.7856211" lon="24.9400223">
      <time>2025-03-21T12:16:23Z</time>
    </trkpt>
    <trkpt lat="67.7856615" lon="24.9400348">
      <time>2025-03-21T12:16:24Z</time>
    </trkpt>
    <trkpt lat="67.7857544" lon="24.9400538">
      <time>2025-03-21T12:16:26Z</time>
    </trkpt>
    <trkpt lat="67.7857989" lon="24.9400713">
      <time>2025-03-21T12:16:27Z</time>
    </trkpt>
    <trkpt lat="67.7859559" lon="24.9400541">
      <time>2025-03-21T12:16:31Z</time>
    </trkpt>
    <trkpt lat="67.7859841" lon="24.9400470">
      <time>2025-03-21T12:16:32Z</time>
    </trkpt>
    <trkpt lat="67.7861150" lon="24.9401003">
      <time>2025-03-21T12:16:37Z</time>
    </trkpt>
    <trkpt lat="67.7863303" lon="24.9403779">
      <time>2025-03-21T12:16:42Z</time>
    </trkpt>
    <trkpt lat="67.7864532" lon="24.9404438">
      <time>2025-03-21T12:16:45Z</time>
    </trkpt>
    <trkpt lat="67.7866722" lon="24.9404235">
      <time>2025-03-21T12:16:51Z</time>
    </trkpt>
    <trkpt lat="67.7868224" lon="24.9404677">
      <time>2025-03-21T12:16:56Z</time>
    </trkpt>
    <trkpt lat="67.7869764" lon="24.9405094">
      <time>2025-03-21T12:17:01Z</time>
    </trkpt>
    <trkpt lat="67.7870482" lon="24.9405489">
      <time>2025-03-21T12:17:03Z</time>
    </trkpt>
    <trkpt lat="67.7872160" lon="24.9404448">
      <time>2025-03-21T12:17:08Z</time>
    </trkpt>
    <trkpt lat="67.7873570" lon="24.9402938">
      <time>2025-03-21T12:17:14Z</time>
    </trkpt>
    <trkpt lat="67.7873775" lon="24.9402806">
      <time>2025-03-21T12:17:15Z</time>
    </trkpt>
    <trkpt lat="67.7874909" lon="24.9402650">
      <time>2025-03-21T12:17:19Z</time>
    </trkpt>
    <trkpt lat="67.7875952" lon="24.9402782">
      <time>2025-03-21T12:17:22Z</time>
    </trkpt>
    <trkpt lat="67.7878548" lon="24.9402740">
      <time>2025-03-21T12:17:30Z</time>
    </trkpt>
    <trkpt lat="67.7880325" lon="24.9403184">
      <time>2025-03-21T12:17:34Z</time>
    </trkpt>
    <trkpt lat="67.7880788" lon="24.9403480">
      <time>2025-03-21T12:17:35Z</time>
    </trkpt>
    <trkpt lat="67.7883001" lon="24.9403155">
      <time>2025-03-21T12:17:40Z</time>
    </trkpt>
    <trkpt lat="67.7883378" lon="24.9402826">
      <time>2025-03-21T12:17:41Z</time>
    </trkpt>
    <trkpt lat="67.7884255" lon="24.9401995">
      <time>2025-03-21T12:17:44Z</time>
    </trkpt>
    <trkpt lat="67.7884852" lon="24.9401538">
      <time>2025-03-21T12:17:46Z</time>
    </trkpt>
    <trkpt lat="67.7887774" lon="24.9400665">
      <time>2025-03-21T12:17:52Z</time>
    </trkpt>
    <trkpt lat="67.7889965" lon="24.9399565">
      <time>2025-03-21T12:17:55Z</time>
    </trkpt>
    <trkpt lat="67.7890553" lon="24.9398883">
      <time>2025-03-21T12:17:56Z</time>
    </trkpt>
    <trkpt lat="67.7891127" lon="24.9397977">
      <time>2025-03-21T12:17:57Z</time>
    </trkpt>
    <trkpt lat="67.7891995" lon="24.9396224">
      <time>2025-03-21T12:18:00Z</time>
    </trkpt>
    <trkpt lat="67.7892859" lon="24.9394320">
      <time>2025-03-21T12:18:06Z</time>
    </trkpt>
    <trkpt lat="67.7893342" lon="24.9392529">
      <time>2025-03-21T12:18:12Z</time>
    </trkpt>
    <trkpt lat="67.7893507" lon="24.9392176">
      <time>2025-03-21T12:18:13Z</time>
    </trkpt>
    <trkpt lat="67.7894883" lon="24.9389568">
      <time>2025-03-21T12:18:22Z</time>
    </trkpt>
    <trkpt lat="67.7895336" lon="24.9388907">
      <time>2025-03-21T12:18:26Z</time>
    </trkpt>
    <trkpt lat="67.7895514" lon="24.9388586">
      <time>2025-03-21T12:18:27Z</time>
    </trkpt>
    <trkpt lat="67.7896684" lon="24.9386252">
      <time>2025-03-21T12:18:32Z</time>
    </trkpt>
    <trkpt lat="67.7897527" lon="24.9384040">
      <time>2025-03-21T12:18:36Z</time>
    </trkpt>
    <trkpt lat="67.7897798" lon="24.9383697">
      <time>2025-03-21T12:18:37Z</time>
    </trkpt>
    <trkpt lat="67.7898385" lon="24.9383125">
      <time>2025-03-21T12:18:39Z</time>
    </trkpt>
    <trkpt lat="67.7900045" lon="24.9380515">
      <time>2025-03-21T12:18:43Z</time>
    </trkpt>
    <trkpt lat="67.7902277" lon="24.9375138">
      <time>2025-03-21T12:18:49Z</time>
    </trkpt>
    <trkpt lat="67.7903466" lon="24.9371516">
      <time>2025-03-21T12:18:54Z</time>
    </trkpt>
    <trkpt lat="67.7904130" lon="24.9367325">
      <time>2025-03-21T12:18:59Z</time>
    </trkpt>
    <trkpt lat="67.7904753" lon="24.9364245">
      <time>2025-03-21T12:19:04Z</time>
    </trkpt>
    <trkpt lat="67.7906038" lon="24.9359937">
      <time>2025-03-21T12:19:12Z</time>
    </trkpt>
    <trkpt lat="67.7906867" lon="24.9356780">
      <time>2025-03-21T12:19:18Z</time>
    </trkpt>
    <trkpt lat="67.7908207" lon="24.9352216">
      <time>2025-03-21T12:19:25Z</time>
    </trkpt>
    <trkpt lat="67.7908718" lon="24.9349789">
      <time>2025-03-21T12:19:29Z</time>
    </trkpt>
    <trkpt lat="67.7908809" lon="24.9349110">
      <time>2025-03-21T12:19:30Z</time>
    </trkpt>
    <trkpt lat="67.7909017" lon="24.9346923">
      <time>2025-03-21T12:19:33Z</time>
    </trkpt>
    <trkpt lat="67.7909199" lon="24.9343820">
      <time>2025-03-21T12:19:38Z</time>
    </trkpt>
    <trkpt lat="67.7909234" lon="24.9342852">
      <time>2025-03-21T12:19:40Z</time>
    </trkpt>
    <trkpt lat="67.7909287" lon="24.9342003">
      <time>2025-03-21T12:19:42Z</time>
    </trkpt>
    <trkpt lat="67.7909318" lon="24.9341640">
      <time>2025-03-21T12:19:43Z</time>
    </trkpt>
    <trkpt lat="67.7909569" lon="24.9338941">
      <time>2025-03-21T12:19:49Z</time>
    </trkpt>
    <trkpt lat="67.7909655" lon="24.9336609">
      <time>2025-03-21T12:19:53Z</time>
    </trkpt>
    <trkpt lat="67.7909779" lon="24.9336065">
      <time>2025-03-21T12:19:54Z</time>
    </trkpt>
    <trkpt lat="67.7910006" lon="24.9335403">
      <time>2025-03-21T12:19:55Z</time>
    </trkpt>
    <trkpt lat="67.7910654" lon="24.9330654">
      <time>2025-03-21T12:20:04Z</time>
    </trkpt>
    <trkpt lat="67.7910707" lon="24.9328573">
      <time>2025-03-21T12:20:09Z</time>
    </trkpt>
    <trkpt lat="67.7910833" lon="24.9327834">
      <time>2025-03-21T12:20:11Z</time>
    </trkpt>
    <trkpt lat="67.7910934" lon="24.9326643">
      <time>2025-03-21T12:20:14Z</time>
    </trkpt>
    <trkpt lat="67.7911028" lon="24.9325824">
      <time>2025-03-21T12:20:16Z</time>
    </trkpt>
    <trkpt lat="67.7911125" lon="24.9325016">
      <time>2025-03-21T12:20:18Z</time>
    </trkpt>
    <trkpt lat="67.7911235" lon="24.9324009">
      <time>2025-03-21T12:20:21Z</time>
    </trkpt>
    <trkpt lat="67.7911423" lon="24.9322840">
      <time>2025-03-21T12:20:24Z</time>
    </trkpt>
    <trkpt lat="67.7911540" lon="24.9322219">
      <time>2025-03-21T12:20:26Z</time>
    </trkpt>
    <trkpt lat="67.7911848" lon="24.9319928">
      <time>2025-03-21T12:20:31Z</time>
    </trkpt>
    <trkpt lat="67.7911963" lon="24.9319019">
      <time>2025-03-21T12:20:33Z</time>
    </trkpt>
    <trkpt lat="67.7912058" lon="24.9318650">
      <time>2025-03-21T12:20:34Z</time>
    </trkpt>
    <trkpt lat="67.7912501" lon="24.9317100">
      <time>2025-03-21T12:20:39Z</time>
    </trkpt>
    <trkpt lat="67.7912612" lon="24.9316837">
      <time>2025-03-21T12:20:41Z</time>
    </trkpt>
    <trkpt lat="67.7912653" lon="24.9316761">
      <time>2025-03-21T12:20:43Z</time>
    </trkpt>
    <trkpt lat="67.7912657" lon="24.9316727">
      <time>2025-03-21T12:20:44Z</time>
    </trkpt>
    <trkpt lat="67.7912837" lon="24.9316188">
      <time>2025-03-21T12:21:04Z</time>
    </trkpt>
    <trkpt lat="67.7913035" lon="24.9315683">
      <time>2025-03-21T12:21:05Z</time>
    </trkpt>
    <trkpt lat="67.7914245" lon="24.9313051">
      <time>2025-03-21T12:21:10Z</time>
    </trkpt>
    <trkpt lat="67.7915728" lon="24.9309128">
      <time>2025-03-21T12:21:16Z</time>
    </trkpt>
    <trkpt lat="67.7916741" lon="24.9305503">
      <time>2025-03-21T12:21:22Z</time>
    </trkpt>
    <trkpt lat="67.7917870" lon="24.9301322">
      <time>2025-03-21T12:21:28Z</time>
    </trkpt>
    <trkpt lat="67.7918604" lon="24.9296420">
      <time>2025-03-21T12:21:35Z</time>
    </trkpt>
    <trkpt lat="67.7918743" lon="24.9295063">
      <time>2025-03-21T12:21:37Z</time>
    </trkpt>
    <trkpt lat="67.7918828" lon="24.9293658">
      <time>2025-03-21T12:21:39Z</time>
    </trkpt>
    <trkpt lat="67.7918832" lon="24.9290949">
      <time>2025-03-21T12:21:43Z</time>
    </trkpt>
    <trkpt lat="67.7918905" lon="24.9287678">
      <time>2025-03-21T12:21:49Z</time>
    </trkpt>
    <trkpt lat="67.7919468" lon="24.9281973">
      <time>2025-03-21T12:21:58Z</time>
    </trkpt>
    <trkpt lat="67.7919843" lon="24.9279482">
      <time>2025-03-21T12:22:04Z</time>
    </trkpt>
    <trkpt lat="67.7920382" lon="24.9275351">
      <time>2025-03-21T12:22:10Z</time>
    </trkpt>
    <trkpt lat="67.7921009" lon="24.9269949">
      <time>2025-03-21T12:22:16Z</time>
    </trkpt>
    <trkpt lat="67.7921517" lon="24.9264243">
      <time>2025-03-21T12:22:22Z</time>
    </trkpt>
    <trkpt lat="67.7921430" lon="24.9260016">
      <time>2025-03-21T12:22:28Z</time>
    </trkpt>
    <trkpt lat="67.7921888" lon="24.9256834">
      <time>2025-03-21T12:22:33Z</time>
    </trkpt>
    <trkpt lat="67.7922251" lon="24.9254468">
      <time>2025-03-21T12:22:36Z</time>
    </trkpt>
    <trkpt lat="67.7923094" lon="24.9250383">
      <time>2025-03-21T12:22:41Z</time>
    </trkpt>
    <trkpt lat="67.7923944" lon="24.9245449">
      <time>2025-03-21T12:22:48Z</time>
    </trkpt>
    <trkpt lat="67.7924017" lon="24.9242907">
      <time>2025-03-21T12:22:54Z</time>
    </trkpt>
    <trkpt lat="67.7923955" lon="24.9242629">
      <time>2025-03-21T12:22:55Z</time>
    </trkpt>
    <trkpt lat="67.7924226" lon="24.9239845">
      <time>2025-03-21T12:23:00Z</time>
    </trkpt>
    <trkpt lat="67.7925539" lon="24.9235822">
      <time>2025-03-21T12:23:05Z</time>
    </trkpt>
    <trkpt lat="67.7927920" lon="24.9231298">
      <time>2025-03-21T12:23:10Z</time>
    </trkpt>
    <trkpt lat="67.7929057" lon="24.9227827">
      <time>2025-03-21T12:23:13Z</time>
    </trkpt>
    <trkpt lat="67.7929471" lon="24.9225751">
      <time>2025-03-21T12:23:15Z</time>
    </trkpt>
    <trkpt lat="67.7930325" lon="24.9220865">
      <time>2025-03-21T12:23:21Z</time>
    </trkpt>
    <trkpt lat="67.7931250" lon="24.9216070">
      <time>2025-03-21T12:23:26Z</time>
    </trkpt>
    <trkpt lat="67.7931554" lon="24.9214894">
      <time>2025-03-21T12:23:27Z</time>
    </trkpt>
    <trkpt lat="67.7933699" lon="24.9208913">
      <time>2025-03-21T12:23:32Z</time>
    </trkpt>
    <trkpt lat="67.7935552" lon="24.9204491">
      <time>2025-03-21T12:23:36Z</time>
    </trkpt>
    <trkpt lat="67.7935943" lon="24.9203729">
      <time>2025-03-21T12:23:37Z</time>
    </trkpt>
    <trkpt lat="67.7937062" lon="24.9201700">
      <time>2025-03-21T12:23:39Z</time>
    </trkpt>
    <trkpt lat="67.7938292" lon="24.9199466">
      <time>2025-03-21T12:23:43Z</time>
    </trkpt>
    <trkpt lat="67.7940400" lon="24.9195143">
      <time>2025-03-21T12:23:51Z</time>
    </trkpt>
    <trkpt lat="67.7942011" lon="24.9191043">
      <time>2025-03-21T12:23:58Z</time>
    </trkpt>
    <trkpt lat="67.7943159" lon="24.9185915">
      <time>2025-03-21T12:24:04Z</time>
    </trkpt>
    <trkpt lat="67.7943633" lon="24.9179455">
      <time>2025-03-21T12:24:10Z</time>
    </trkpt>
    <trkpt lat="67.7943693" lon="24.9178139">
      <time>2025-03-21T12:24:11Z</time>
    </trkpt>
    <trkpt lat="67.7944024" lon="24.9175679">
      <time>2025-03-21T12:24:13Z</time>
    </trkpt>
    <trkpt lat="67.7944211" lon="24.9174629">
      <time>2025-03-21T12:24:14Z</time>
    </trkpt>
    <trkpt lat="67.7945492" lon="24.9169743">
      <time>2025-03-21T12:24:20Z</time>
    </trkpt>
    <trkpt lat="67.7946672" lon="24.9166299">
      <time>2025-03-21T12:24:24Z</time>
    </trkpt>
    <trkpt lat="67.7947353" lon="24.9164358">
      <time>2025-03-21T12:24:26Z</time>
    </trkpt>
    <trkpt lat="67.7949190" lon="24.9158711">
      <time>2025-03-21T12:24:32Z</time>
    </trkpt>
    <trkpt lat="67.7950842" lon="24.9154288">
      <time>2025-03-21T12:24:38Z</time>
    </trkpt>
    <trkpt lat="67.7951947" lon="24.9150138">
      <time>2025-03-21T12:24:43Z</time>
    </trkpt>
    <trkpt lat="67.7952448" lon="24.9147188">
      <time>2025-03-21T12:24:46Z</time>
    </trkpt>
    <trkpt lat="67.7952717" lon="24.9144827">
      <time>2025-03-21T12:24:49Z</time>
    </trkpt>
    <trkpt lat="67.7952830" lon="24.9143863">
      <time>2025-03-21T12:24:50Z</time>
    </trkpt>
    <trkpt lat="67.7953673" lon="24.9138686">
      <time>2025-03-21T12:24:57Z</time>
    </trkpt>
    <trkpt lat="67.7953996" lon="24.9133656">
      <time>2025-03-21T12:25:04Z</time>
    </trkpt>
    <trkpt lat="67.7954091" lon="24.9133012">
      <time>2025-03-21T12:25:05Z</time>
    </trkpt>
    <trkpt lat="67.7954809" lon="24.9130145">
      <time>2025-03-21T12:25:10Z</time>
    </trkpt>
    <trkpt lat="67.7955281" lon="24.9128256">
      <time>2025-03-21T12:25:13Z</time>
    </trkpt>
    <trkpt lat="67.7956280" lon="24.9123931">
      <time>2025-03-21T12:25:20Z</time>
    </trkpt>
    <trkpt lat="67.7957681" lon="24.9118257">
      <time>2025-03-21T12:25:29Z</time>
    </trkpt>
    <trkpt lat="67.7958673" lon="24.9114367">
      <time>2025-03-21T12:25:34Z</time>
    </trkpt>
    <trkpt lat="67.7958899" lon="24.9112666">
      <time>2025-03-21T12:25:36Z</time>
    </trkpt>
    <trkpt lat="67.7959119" lon="24.9110267">
      <time>2025-03-21T12:25:39Z</time>
    </trkpt>
    <trkpt lat="67.7959239" lon="24.9107787">
      <time>2025-03-21T12:25:42Z</time>
    </trkpt>
    <trkpt lat="67.7959997" lon="24.9102857">
      <time>2025-03-21T12:25:48Z</time>
    </trkpt>
    <trkpt lat="67.7961400" lon="24.9097174">
      <time>2025-03-21T12:25:57Z</time>
    </trkpt>
    <trkpt lat="67.7961777" lon="24.9096191">
      <time>2025-03-21T12:26:02Z</time>
    </trkpt>
    <trkpt lat="67.7961822" lon="24.9096125">
      <time>2025-03-21T12:26:03Z</time>
    </trkpt>
    <trkpt lat="67.7961926" lon="24.9095712">
      <time>2025-03-21T12:26:09Z</time>
    </trkpt>
    <trkpt lat="67.7961968" lon="24.9095527">
      <time>2025-03-21T12:26:10Z</time>
    </trkpt>
    <trkpt lat="67.7962417" lon="24.9093932">
      <time>2025-03-21T12:26:18Z</time>
    </trkpt>
    <trkpt lat="67.7962610" lon="24.9093087">
      <time>2025-03-21T12:26:24Z</time>
    </trkpt>
    <trkpt lat="67.7962797" lon="24.9092408">
      <time>2025-03-21T12:26:46Z</time>
    </trkpt>
    <trkpt lat="67.7964361" lon="24.9088664">
      <time>2025-03-21T12:26:52Z</time>
    </trkpt>
    <trkpt lat="67.7965751" lon="24.9083566">
      <time>2025-03-21T12:26:58Z</time>
    </trkpt>
    <trkpt lat="67.7965686" lon="24.9079193">
      <time>2025-03-21T12:27:03Z</time>
    </trkpt>
    <trkpt lat="67.7965515" lon="24.9074088">
      <time>2025-03-21T12:27:08Z</time>
    </trkpt>
    <trkpt lat="67.7965859" lon="24.9068248">
      <time>2025-03-21T12:27:14Z</time>
    </trkpt>
    <trkpt lat="67.7965917" lon="24.9064903">
      <time>2025-03-21T12:27:18Z</time>
    </trkpt>
    <trkpt lat="67.7965818" lon="24.9061216">
      <time>2025-03-21T12:27:23Z</time>
    </trkpt>
    <trkpt lat="67.7965843" lon="24.9060441">
      <time>2025-03-21T12:27:24Z</time>
    </trkpt>
    <trkpt lat="67.7966504" lon="24.9054869">
      <time>2025-03-21T12:27:31Z</time>
    </trkpt>
    <trkpt lat="67.7967458" lon="24.9049348">
      <time>2025-03-21T12:27:38Z</time>
    </trkpt>
    <trkpt lat="67.7968241" lon="24.9042882">
      <time>2025-03-21T12:27:46Z</time>
    </trkpt>
    <trkpt lat="67.7969127" lon="24.9037339">
      <time>2025-03-21T12:27:52Z</time>
    </trkpt>
    <trkpt lat="67.7970552" lon="24.9030720">
      <time>2025-03-21T12:28:00Z</time>
    </trkpt>
    <trkpt lat="67.7972432" lon="24.9025683">
      <time>2025-03-21T12:28:08Z</time>
    </trkpt>
    <trkpt lat="67.7975284" lon="24.9021975">
      <time>2025-03-21T12:28:16Z</time>
    </trkpt>
    <trkpt lat="67.7977514" lon="24.9021219">
      <time>2025-03-21T12:28:22Z</time>
    </trkpt>
    <trkpt lat="67.7978741" lon="24.9021480">
      <time>2025-03-21T12:28:25Z</time>
    </trkpt>
    <trkpt lat="67.7979647" lon="24.9021586">
      <time>2025-03-21T12:28:27Z</time>
    </trkpt>
    <trkpt lat="67.7980618" lon="24.9021710">
      <time>2025-03-21T12:28:29Z</time>
    </trkpt>
    <trkpt lat="67.7981097" lon="24.9021690">
      <time>2025-03-21T12:28:30Z</time>
    </trkpt>
    <trkpt lat="67.7982587" lon="24.9021010">
      <time>2025-03-21T12:28:33Z</time>
    </trkpt>
    <trkpt lat="67.7983540" lon="24.9020141">
      <time>2025-03-21T12:28:35Z</time>
    </trkpt>
    <trkpt lat="67.7985274" lon="24.9018349">
      <time>2025-03-21T12:28:40Z</time>
    </trkpt>
    <trkpt lat="67.7987544" lon="24.9015051">
      <time>2025-03-21T12:28:47Z</time>
    </trkpt>
    <trkpt lat="67.7989578" lon="24.9011026">
      <time>2025-03-21T12:28:54Z</time>
    </trkpt>
    <trkpt lat="67.7992055" lon="24.9007547">
      <time>2025-03-21T12:29:01Z</time>
    </trkpt>
    <trkpt lat="67.7992406" lon="24.9007125">
      <time>2025-03-21T12:29:02Z</time>
    </trkpt>
    <trkpt lat="67.7993528" lon="24.9005334">
      <time>2025-03-21T12:29:06Z</time>
    </trkpt>
    <trkpt lat="67.7994189" lon="24.9004436">
      <time>2025-03-21T12:29:08Z</time>
    </trkpt>
    <trkpt lat="67.7996167" lon="24.9000816">
      <time>2025-03-21T12:29:14Z</time>
    </trkpt>
    <trkpt lat="67.7997383" lon="24.8995398">
      <time>2025-03-21T12:29:21Z</time>
    </trkpt>
    <trkpt lat="67.7997973" lon="24.8989894">
      <time>2025-03-21T12:29:27Z</time>
    </trkpt>
    <trkpt lat="67.7998101" lon="24.8985954">
      <time>2025-03-21T12:29:32Z</time>
    </trkpt>
    <trkpt lat="67.7998532" lon="24.8982438">
      <time>2025-03-21T12:29:36Z</time>
    </trkpt>
    <trkpt lat="67.7998911" lon="24.8979595">
      <time>2025-03-21T12:29:39Z</time>
    </trkpt>
    <trkpt lat="67.7999254" lon="24.8974171">
      <time>2025-03-21T12:29:45Z</time>
    </trkpt>
    <trkpt lat="67.7999809" lon="24.8969485">
      <time>2025-03-21T12:29:51Z</time>
    </trkpt>
    <trkpt lat="67.8000307" lon="24.8966238">
      <time>2025-03-21T12:29:56Z</time>
    </trkpt>
    <trkpt lat="67.8000484" lon="24.8961747">
      <time>2025-03-21T12:30:00Z</time>
    </trkpt>
    <trkpt lat="67.8000558" lon="24.8960588">
      <time>2025-03-21T12:30:01Z</time>
    </trkpt>
    <trkpt lat="67.8000672" lon="24.8959824">
      <time>2025-03-21T12:30:02Z</time>
    </trkpt>
    <trkpt lat="67.8000567" lon="24.8957736">
      <time>2025-03-21T12:30:04Z</time>
    </trkpt>
    <trkpt lat="67.8000316" lon="24.8955389">
      <time>2025-03-21T12:30:07Z</time>
    </trkpt>
    <trkpt lat="67.8000124" lon="24.8954147">
      <time>2025-03-21T12:30:09Z</time>
    </trkpt>
    <trkpt lat="67.8000026" lon="24.8953610">
      <time>2025-03-21T12:30:10Z</time>
    </trkpt>
    <trkpt lat="67.7999441" lon="24.8950711">
      <time>2025-03-21T12:30:15Z</time>
    </trkpt>
    <trkpt lat="67.7998887" lon="24.8947069">
      <time>2025-03-21T12:30:20Z</time>
    </trkpt>
    <trkpt lat="67.7998185" lon="24.8942708">
      <time>2025-03-21T12:30:25Z</time>
    </trkpt>
    <trkpt lat="67.7997484" lon="24.8937253">
      <time>2025-03-21T12:30:32Z</time>
    </trkpt>
    <trkpt lat="67.7996664" lon="24.8933286">
      <time>2025-03-21T12:30:38Z</time>
    </trkpt>
    <trkpt lat="67.7996331" lon="24.8932101">
      <time>2025-03-21T12:30:40Z</time>
    </trkpt>
    <trkpt lat="67.7995187" lon="24.8929840">
      <time>2025-03-21T12:30:45Z</time>
    </trkpt>
    <trkpt lat="67.7993655" lon="24.8927428">
      <time>2025-03-21T12:30:51Z</time>
    </trkpt>
    <trkpt lat="67.7993092" lon="24.8926807">
      <time>2025-03-21T12:30:53Z</time>
    </trkpt>
    <trkpt lat="67.7990724" lon="24.8925823">
      <time>2025-03-21T12:31:00Z</time>
    </trkpt>
    <trkpt lat="67.7989057" lon="24.8925550">
      <time>2025-03-21T12:31:05Z</time>
    </trkpt>
    <trkpt lat="67.7987668" lon="24.8926226">
      <time>2025-03-21T12:31:10Z</time>
    </trkpt>
    <trkpt lat="67.7985560" lon="24.8928227">
      <time>2025-03-21T12:31:17Z</time>
    </trkpt>
    <trkpt lat="67.7984689" lon="24.8928494">
      <time>2025-03-21T12:31:19Z</time>
    </trkpt>
    <trkpt lat="67.7983851" lon="24.8928408">
      <time>2025-03-21T12:31:21Z</time>
    </trkpt>
    <trkpt lat="67.7983450" lon="24.8928151">
      <time>2025-03-21T12:31:22Z</time>
    </trkpt>
    <trkpt lat="67.7981735" lon="24.8925071">
      <time>2025-03-21T12:31:28Z</time>
    </trkpt>
    <trkpt lat="67.7981023" lon="24.8922030">
      <time>2025-03-21T12:31:33Z</time>
    </trkpt>
    <trkpt lat="67.7981294" lon="24.8918575">
      <time>2025-03-21T12:31:38Z</time>
    </trkpt>
    <trkpt lat="67.7982733" lon="24.8914350">
      <time>2025-03-21T12:31:45Z</time>
    </trkpt>
    <trkpt lat="67.7983455" lon="24.8909691">
      <time>2025-03-21T12:31:51Z</time>
    </trkpt>
    <trkpt lat="67.7983307" lon="24.8903843">
      <time>2025-03-21T12:31:59Z</time>
    </trkpt>
    <trkpt lat="67.7982875" lon="24.8900507">
      <time>2025-03-21T12:32:04Z</time>
    </trkpt>
    <trkpt lat="67.7982098" lon="24.8896146">
      <time>2025-03-21T12:32:11Z</time>
    </trkpt>
    <trkpt lat="67.7981857" lon="24.8894344">
      <time>2025-03-21T12:32:14Z</time>
    </trkpt>
    <trkpt lat="67.7981752" lon="24.8892714">
      <time>2025-03-21T12:32:16Z</time>
    </trkpt>
    <trkpt lat="67.7981849" lon="24.8890312">
      <time>2025-03-21T12:32:19Z</time>
    </trkpt>
    <trkpt lat="67.7981973" lon="24.8888753">
      <time>2025-03-21T12:32:21Z</time>
    </trkpt>
    <trkpt lat="67.7982039" lon="24.8887964">
      <time>2025-03-21T12:32:22Z</time>
    </trkpt>
    <trkpt lat="67.7982230" lon="24.8886622">
      <time>2025-03-21T12:32:24Z</time>
    </trkpt>
    <trkpt lat="67.7982493" lon="24.8885189">
      <time>2025-03-21T12:32:26Z</time>
    </trkpt>
    <trkpt lat="67.7982881" lon="24.8883742">
      <time>2025-03-21T12:32:28Z</time>
    </trkpt>
    <trkpt lat="67.7984139" lon="24.8878815">
      <time>2025-03-21T12:32:35Z</time>
    </trkpt>
    <trkpt lat="67.7984294" lon="24.8876456">
      <time>2025-03-21T12:32:38Z</time>
    </trkpt>
    <trkpt lat="67.7984411" lon="24.8875127">
      <time>2025-03-21T12:32:40Z</time>
    </trkpt>
    <trkpt lat="67.7984755" lon="24.8873685">
      <time>2025-03-21T12:32:42Z</time>
    </trkpt>
    <trkpt lat="67.7985161" lon="24.8872385">
      <time>2025-03-21T12:32:44Z</time>
    </trkpt>
    <trkpt lat="67.7985377" lon="24.8871844">
      <time>2025-03-21T12:32:45Z</time>
    </trkpt>
    <trkpt lat="67.7985841" lon="24.8870749">
      <time>2025-03-21T12:32:47Z</time>
    </trkpt>
    <trkpt lat="67.7987336" lon="24.8867074">
      <time>2025-03-21T12:32:53Z</time>
    </trkpt>
    <trkpt lat="67.7988006" lon="24.8864592">
      <time>2025-03-21T12:32:56Z</time>
    </trkpt>
    <trkpt lat="67.7988214" lon="24.8863692">
      <time>2025-03-21T12:32:57Z</time>
    </trkpt>
    <trkpt lat="67.7988851" lon="24.8860211">
      <time>2025-03-21T12:33:01Z</time>
    </trkpt>
    <trkpt lat="67.7989568" lon="24.8856259">
      <time>2025-03-21T12:33:06Z</time>
    </trkpt>
    <trkpt lat="67.7989664" lon="24.8855484">
      <time>2025-03-21T12:33:07Z</time>
    </trkpt>
    <trkpt lat="67.7989583" lon="24.8852778">
      <time>2025-03-21T12:33:10Z</time>
    </trkpt>
    <trkpt lat="67.7989521" lon="24.8851958">
      <time>2025-03-21T12:33:11Z</time>
    </trkpt>
    <trkpt lat="67.7989428" lon="24.8851151">
      <time>2025-03-21T12:33:12Z</time>
    </trkpt>
    <trkpt lat="67.7988642" lon="24.8847007">
      <time>2025-03-21T12:33:18Z</time>
    </trkpt>
    <trkpt lat="67.7988014" lon="24.8842807">
      <time>2025-03-21T12:33:24Z</time>
    </trkpt>
    <trkpt lat="67.7987522" lon="24.8837253">
      <time>2025-03-21T12:33:32Z</time>
    </trkpt>
    <trkpt lat="67.7987278" lon="24.8831335">
      <time>2025-03-21T12:33:40Z</time>
    </trkpt>
    <trkpt lat="67.7987376" lon="24.8824156">
      <time>2025-03-21T12:33:49Z</time>
    </trkpt>
    <trkpt lat="67.7988050" lon="24.8818799">
      <time>2025-03-21T12:33:56Z</time>
    </trkpt>
    <trkpt lat="67.7988349" lon="24.8817220">
      <time>2025-03-21T12:33:58Z</time>
    </trkpt>
    <trkpt lat="67.7988727" lon="24.8814874">
      <time>2025-03-21T12:34:01Z</time>
    </trkpt>
    <trkpt lat="67.7989143" lon="24.8812611">
      <time>2025-03-21T12:34:04Z</time>
    </trkpt>
    <trkpt lat="67.7989522" lon="24.8809478">
      <time>2025-03-21T12:34:08Z</time>
    </trkpt>
    <trkpt lat="67.7989781" lon="24.8804457">
      <time>2025-03-21T12:34:14Z</time>
    </trkpt>
    <trkpt lat="67.7989777" lon="24.8803700">
      <time>2025-03-21T12:34:15Z</time>
    </trkpt>
    <trkpt lat="67.7989922" lon="24.8802039">
      <time>2025-03-21T12:34:17Z</time>
    </trkpt>
    <trkpt lat="67.7990888" lon="24.8798685">
      <time>2025-03-21T12:34:22Z</time>
    </trkpt>
    <trkpt lat="67.7991941" lon="24.8797971">
      <time>2025-03-21T12:34:26Z</time>
    </trkpt>
    <trkpt lat="67.7992148" lon="24.8797995">
      <time>2025-03-21T12:34:27Z</time>
    </trkpt>
    <trkpt lat="67.7993610" lon="24.8797200">
      <time>2025-03-21T12:34:33Z</time>
    </trkpt>
    <trkpt lat="67.7994642" lon="24.8793799">
      <time>2025-03-21T12:34:39Z</time>
    </trkpt>
    <trkpt lat="67.7995248" lon="24.8790068">
      <time>2025-03-21T12:34:44Z</time>
    </trkpt>
    <trkpt lat="67.7995991" lon="24.8784473">
      <time>2025-03-21T12:34:51Z</time>
    </trkpt>
    <trkpt lat="67.7996437" lon="24.8778624">
      <time>2025-03-21T12:34:59Z</time>
    </trkpt>
    <trkpt lat="67.7996619" lon="24.8776700">
      <time>2025-03-21T12:35:02Z</time>
    </trkpt>
    <trkpt lat="67.7996611" lon="24.8774441">
      <time>2025-03-21T12:35:05Z</time>
    </trkpt>
    <trkpt lat="67.7996243" lon="24.8770222">
      <time>2025-03-21T12:35:11Z</time>
    </trkpt>
    <trkpt lat="67.7995827" lon="24.8767067">
      <time>2025-03-21T12:35:15Z</time>
    </trkpt>
    <trkpt lat="67.7995817" lon="24.8766244">
      <time>2025-03-21T12:35:16Z</time>
    </trkpt>
    <trkpt lat="67.7995852" lon="24.8764728">
      <time>2025-03-21T12:35:18Z</time>
    </trkpt>
    <trkpt lat="67.7996079" lon="24.8760455">
      <time>2025-03-21T12:35:24Z</time>
    </trkpt>
    <trkpt lat="67.7995665" lon="24.8756554">
      <time>2025-03-21T12:35:30Z</time>
    </trkpt>
    <trkpt lat="67.7994059" lon="24.8753653">
      <time>2025-03-21T12:35:38Z</time>
    </trkpt>
    <trkpt lat="67.7992512" lon="24.8750859">
      <time>2025-03-21T12:35:47Z</time>
    </trkpt>
    <trkpt lat="67.7992380" lon="24.8750393">
      <time>2025-03-21T12:35:52Z</time>
    </trkpt>
  </trkseg></trk>
</gpx>
