<?xml version="1.0" encoding="UTF-8"?>
<gpx version="1.1" creator="Diary FIT converter" xmlns="http://www.topografix.com/GPX/1/1">
  <trk><name>Cycling</name><trkseg>
    <trkpt lat="50.9638865" lon="6.8735549">
      <ele>51.4</ele>
      <time>2025-07-13T13:42:57Z</time>
    </trkpt>
    <trkpt lat="50.9638662" lon="6.8734576">
      <ele>51.4</ele>
      <time>2025-07-13T13:42:58Z</time>
    </trkpt>
    <trkpt lat="50.9638560" lon="6.8734372">
      <ele>51.4</ele>
      <time>2025-07-13T13:42:59Z</time>
    </trkpt>
    <trkpt lat="50.9638728" lon="6.8733479">
      <ele>51.4</ele>
      <time>2025-07-13T13:43:00Z</time>
    </trkpt>
    <trkpt lat="50.9639191" lon="6.8731627">
      <ele>51.2</ele>
      <time>2025-07-13T13:43:02Z</time>
    </trkpt>
    <trkpt lat="50.9639221" lon="6.8730997">
      <ele>51.2</ele>
      <time>2025-07-13T13:43:03Z</time>
    </trkpt>
    <trkpt lat="50.9639351" lon="6.8727738">
      <ele>51.0</ele>
      <time>2025-07-13T13:43:08Z</time>
    </trkpt>
    <trkpt lat="50.9639859" lon="6.8723381">
      <ele>51.0</ele>
      <time>2025-07-13T13:43:12Z</time>
    </trkpt>
    <trkpt lat="50.9640252" lon="6.8720429">
      <ele>51.0</ele>
      <time>2025-07-13T13:43:15Z</time>
    </trkpt>
    <trkpt lat="50.9639707" lon="6.8715265">
      <ele>50.4</ele>
      <time>2025-07-13T13:43:22Z</time>
    </trkpt>
    <trkpt lat="50.9638928" lon="6.8715495">
      <ele>50.4</ele>
      <time>2025-07-13T13:43:23Z</time>
    </trkpt>
    <trkpt lat="50.9637976" lon="6.8715853">
      <ele>50.4</ele>
      <time>2025-07-13T13:43:24Z</time>
    </trkpt>
    <trkpt lat="50.9636550" lon="6.8716152">
      <ele>50.2</ele>
      <time>2025-07-13T13:43:26Z</time>
    </trkpt>
    <trkpt lat="50.9635451" lon="6.8716109">
      <ele>50.0</ele>
      <time>2025-07-13T13:43:28Z</time>
    </trkpt>
    <trkpt lat="50.9634621" lon="6.8716182">
      <ele>50.0</ele>
      <time>2025-07-13T13:43:29Z</time>
    </trkpt>
    <trkpt lat="50.9632111" lon="6.8716396">
      <ele>49.8</ele>
      <time>2025-07-13T13:43:32Z</time>
    </trkpt>
    <trkpt lat="50.9630762" lon="6.8716681">
      <ele>49.6</ele>
      <time>2025-07-13T13:43:34Z</time>
    </trkpt>
    <trkpt lat="50.9630100" lon="6.8716736">
      <ele>49.6</ele>
      <time>2025-07-13T13:43:35Z</time>
    </trkpt>
    <trkpt lat="50.9626862" lon="6.8716910">
      <ele>49.6</ele>
      <time>2025-07-13T13:43:40Z</time>
    </trkpt>
    <trkpt lat="50.9621930" lon="6.8718164">
      <ele>50.0</ele>
      <time>2025-07-13T13:43:48Z</time>
    </trkpt>
    <trkpt lat="50.9617229" lon="6.8719773">
      <ele>50.4</ele>
      <time>2025-07-13T13:43:56Z</time>
    </trkpt>
    <trkpt lat="50.9611567" lon="6.8722093">
      <ele>50.6</ele>
      <time>2025-07-13T13:44:06Z</time>
    </trkpt>
    <trkpt lat="50.9611021" lon="6.8722354">
      <ele>50.6</ele>
      <time>2025-07-13T13:44:07Z</time>
    </trkpt>
    <trkpt lat="50.9610462" lon="6.8722704">
      <ele>50.6</ele>
      <time>2025-07-13T13:44:08Z</time>
    </trkpt>
    <trkpt lat="50.9608841" lon="6.8723611">
      <ele>50.6</ele>
      <time>2025-07-13T13:44:11Z</time>
    </trkpt>
    <trkpt lat="50.9605586" lon="6.8725477">
      <ele>50.6</ele>
      <time>2025-07-13T13:44:17Z</time>
    </trkpt>
    <trkpt lat="50.9603445" lon="6.8726743">
      <ele>50.6</ele>
      <time>2025-07-13T13:44:21Z</time>
    </trkpt>
    <trkpt lat="50.9600340" lon="6.8728627">
      <ele>50.8</ele>
      <time>2025-07-13T13:44:27Z</time>
    </trkpt>
    <trkpt lat="50.9597622" lon="6.8729926">
      <ele>51.0</ele>
      <time>2025-07-13T13:44:33Z</time>
    </trkpt>
    <trkpt lat="50.9597052" lon="6.8728556">
      <ele>51.2</ele>
      <time>2025-07-13T13:44:36Z</time>
    </trkpt>
    <trkpt lat="50.9596514" lon="6.8725294">
      <ele>51.0</ele>
      <time>2025-07-13T13:44:40Z</time>
    </trkpt>
    <trkpt lat="50.9596234" lon="6.8723485">
      <ele>51.0</ele>
      <time>2025-07-13T13:44:42Z</time>
    </trkpt>
    <trkpt lat="50.9595692" lon="6.8720549">
      <ele>50.6</ele>
      <time>2025-07-13T13:44:45Z</time>
    </trkpt>
    <trkpt lat="50.9593972" lon="6.8713440">
      <ele>49.4</ele>
      <time>2025-07-13T13:44:52Z</time>
    </trkpt>
    <trkpt lat="50.9593651" lon="6.8712478">
      <ele>49.4</ele>
      <time>2025-07-13T13:44:53Z</time>
    </trkpt>
    <trkpt lat="50.9593105" lon="6.8710702">
      <ele>49.0</ele>
      <time>2025-07-13T13:44:55Z</time>
    </trkpt>
    <trkpt lat="50.9592222" lon="6.8709452">
      <ele>48.8</ele>
      <time>2025-07-13T13:44:57Z</time>
    </trkpt>
    <trkpt lat="50.9591240" lon="6.8708728">
      <ele>49.0</ele>
      <time>2025-07-13T13:44:59Z</time>
    </trkpt>
    <trkpt lat="50.9590724" lon="6.8708623">
      <ele>49.0</ele>
      <time>2025-07-13T13:45:00Z</time>
    </trkpt>
    <trkpt lat="50.9587330" lon="6.8708457">
      <ele>50.4</ele>
      <time>2025-07-13T13:45:06Z</time>
    </trkpt>
    <trkpt lat="50.9586728" lon="6.8708350">
      <ele>50.6</ele>
      <time>2025-07-13T13:45:07Z</time>
    </trkpt>
    <trkpt lat="50.9585057" lon="6.8707661">
      <ele>51.0</ele>
      <time>2025-07-13T13:45:10Z</time>
    </trkpt>
    <trkpt lat="50.9584573" lon="6.8707199">
      <ele>51.0</ele>
      <time>2025-07-13T13:45:11Z</time>
    </trkpt>
    <trkpt lat="50.9584202" lon="6.8706604">
      <ele>51.0</ele>
      <time>2025-07-13T13:45:12Z</time>
    </trkpt>
    <trkpt lat="50.9583597" lon="6.8705389">
      <ele>51.2</ele>
      <time>2025-07-13T13:45:14Z</time>
    </trkpt>
    <trkpt lat="50.9583517" lon="6.8704786">
      <ele>51.4</ele>
      <time>2025-07-13T13:45:15Z</time>
    </trkpt>
    <trkpt lat="50.9583662" lon="6.8703477">
      <ele>51.4</ele>
      <time>2025-07-13T13:45:17Z</time>
    </trkpt>
    <trkpt lat="50.9584035" lon="6.8702004">
      <ele>52.2</ele>
      <time>2025-07-13T13:45:19Z</time>
    </trkpt>
    <trkpt lat="50.9584244" lon="6.8701148">
      <ele>52.6</ele>
      <time>2025-07-13T13:45:20Z</time>
    </trkpt>
    <trkpt lat="50.9584754" lon="6.8698588">
      <ele>52.8</ele>
      <time>2025-07-13T13:45:23Z</time>
    </trkpt>
    <trkpt lat="50.9584936" lon="6.8697758">
      <ele>52.8</ele>
      <time>2025-07-13T13:45:24Z</time>
    </trkpt>
    <trkpt lat="50.9585164" lon="6.8696088">
      <ele>52.8</ele>
      <time>2025-07-13T13:45:26Z</time>
    </trkpt>
    <trkpt lat="50.9585554" lon="6.8694348">
      <ele>53.0</ele>
      <time>2025-07-13T13:45:28Z</time>
    </trkpt>
    <trkpt lat="50.9586728" lon="6.8688655">
      <ele>53.2</ele>
      <time>2025-07-13T13:45:35Z</time>
    </trkpt>
    <trkpt lat="50.9586241" lon="6.8687704">
      <ele>53.6</ele>
      <time>2025-07-13T13:45:37Z</time>
    </trkpt>
    <trkpt lat="50.9585946" lon="6.8687556">
      <ele>53.6</ele>
      <time>2025-07-13T13:45:38Z</time>
    </trkpt>
    <trkpt lat="50.9585189" lon="6.8687485">
      <ele>54.6</ele>
      <time>2025-07-13T13:45:42Z</time>
    </trkpt>
    <trkpt lat="50.9585157" lon="6.8687485">
      <ele>54.6</ele>
      <time>2025-07-13T13:45:43Z</time>
    </trkpt>
    <trkpt lat="50.9585157" lon="6.8687485">
      <ele>55.4</ele>
      <time>2025-07-13T13:45:48Z</time>
    </trkpt>
    <trkpt lat="50.9585157" lon="6.8687485">
      <ele>55.4</ele>
      <time>2025-07-13T13:46:14Z</time>
    </trkpt>
    <trkpt lat="50.9585106" lon="6.8687272">
      <ele>55.6</ele>
      <time>2025-07-13T13:46:21Z</time>
    </trkpt>
    <trkpt lat="50.9585100" lon="6.8686815">
      <ele>55.6</ele>
      <time>2025-07-13T13:46:23Z</time>
    </trkpt>
    <trkpt lat="50.9584962" lon="6.8685418">
      <ele>55.6</ele>
      <time>2025-07-13T13:46:28Z</time>
    </trkpt>
    <trkpt lat="50.9584805" lon="6.8683837">
      <ele>55.6</ele>
      <time>2025-07-13T13:46:31Z</time>
    </trkpt>
    <trkpt lat="50.9585135" lon="6.8683536">
      <ele>55.6</ele>
      <time>2025-07-13T13:46:32Z</time>
    </trkpt>
    <trkpt lat="50.9587029" lon="6.8682563">
      <ele>55.6</ele>
      <time>2025-07-13T13:46:36Z</time>
    </trkpt>
    <trkpt lat="50.9587899" lon="6.8681305">
      <ele>55.4</ele>
      <time>2025-07-13T13:46:38Z</time>
    </trkpt>
    <trkpt lat="50.9588236" lon="6.8680491">
      <ele>55.4</ele>
      <time>2025-07-13T13:46:39Z</time>
    </trkpt>
    <trkpt lat="50.9589651" lon="6.8675248">
      <ele>54.2</ele>
      <time>2025-07-13T13:46:45Z</time>
    </trkpt>
    <trkpt lat="50.9591603" lon="6.8667874">
      <ele>55.0</ele>
      <time>2025-07-13T13:46:54Z</time>
    </trkpt>
    <trkpt lat="50.9592598" lon="6.8664758">
      <ele>55.8</ele>
      <time>2025-07-13T13:46:58Z</time>
    </trkpt>
    <trkpt lat="50.9593685" lon="6.8661065">
      <ele>56.2</ele>
      <time>2025-07-13T13:47:03Z</time>
    </trkpt>
    <trkpt lat="50.9594119" lon="6.8659569">
      <ele>56.4</ele>
      <time>2025-07-13T13:47:05Z</time>
    </trkpt>
    <trkpt lat="50.9594976" lon="6.8656577">
      <ele>56.8</ele>
      <time>2025-07-13T13:47:09Z</time>
    </trkpt>
    <trkpt lat="50.9595181" lon="6.8655825">
      <ele>57.2</ele>
      <time>2025-07-13T13:47:10Z</time>
    </trkpt>
    <trkpt lat="50.9595843" lon="6.8652705">
      <ele>58.2</ele>
      <time>2025-07-13T13:47:14Z</time>
    </trkpt>
    <trkpt lat="50.9596253" lon="6.8650276">
      <ele>58.6</ele>
      <time>2025-07-13T13:47:17Z</time>
    </trkpt>
    <trkpt lat="50.9596414" lon="6.8645153">
      <ele>58.8</ele>
      <time>2025-07-13T13:47:23Z</time>
    </trkpt>
    <trkpt lat="50.9595892" lon="6.8638434">
      <ele>59.0</ele>
      <time>2025-07-13T13:47:31Z</time>
    </trkpt>
    <trkpt lat="50.9595422" lon="6.8634070">
      <ele>59.2</ele>
      <time>2025-07-13T13:47:36Z</time>
    </trkpt>
    <trkpt lat="50.9595196" lon="6.8630497">
      <ele>59.2</ele>
      <time>2025-07-13T13:47:40Z</time>
    </trkpt>
    <trkpt lat="50.9595317" lon="6.8625902">
      <ele>59.2</ele>
      <time>2025-07-13T13:47:45Z</time>
    </trkpt>
    <trkpt lat="50.9595306" lon="6.8625022">
      <ele>59.2</ele>
      <time>2025-07-13T13:47:46Z</time>
    </trkpt>
    <trkpt lat="50.9595171" lon="6.8624173">
      <ele>59.2</ele>
      <time>2025-07-13T13:47:47Z</time>
    </trkpt>
    <trkpt lat="50.9594462" lon="6.8622922">
      <ele>59.0</ele>
      <time>2025-07-13T13:47:49Z</time>
    </trkpt>
    <trkpt lat="50.9593529" lon="6.8622583">
      <ele>59.0</ele>
      <time>2025-07-13T13:47:51Z</time>
    </trkpt>
    <trkpt lat="50.9593113" lon="6.8622714">
      <ele>59.2</ele>
      <time>2025-07-13T13:47:52Z</time>
    </trkpt>
    <trkpt lat="50.9591006" lon="6.8624148">
      <ele>59.2</ele>
      <time>2025-07-13T13:47:56Z</time>
    </trkpt>
    <trkpt lat="50.9589990" lon="6.8624914">
      <ele>59.2</ele>
      <time>2025-07-13T13:47:58Z</time>
    </trkpt>
    <trkpt lat="50.9588751" lon="6.8625810">
      <ele>59.0</ele>
      <time>2025-07-13T13:48:00Z</time>
    </trkpt>
    <trkpt lat="50.9584380" lon="6.8628637">
      <ele>58.6</ele>
      <time>2025-07-13T13:48:06Z</time>
    </trkpt>
    <trkpt lat="50.9583018" lon="6.8629524">
      <ele>58.6</ele>
      <time>2025-07-13T13:48:08Z</time>
    </trkpt>
    <trkpt lat="50.9580636" lon="6.8630492">
      <ele>58.8</ele>
      <time>2025-07-13T13:48:11Z</time>
    </trkpt>
    <trkpt lat="50.9576462" lon="6.8632117">
      <ele>59.0</ele>
      <time>2025-07-13T13:48:17Z</time>
    </trkpt>
    <trkpt lat="50.9570480" lon="6.8633810">
      <ele>59.0</ele>
      <time>2025-07-13T13:48:26Z</time>
    </trkpt>
    <trkpt lat="50.9564873" lon="6.8635459">
      <ele>58.8</ele>
      <time>2025-07-13T13:48:34Z</time>
    </trkpt>
    <trkpt lat="50.9564154" lon="6.8635653">
      <ele>58.8</ele>
      <time>2025-07-13T13:48:35Z</time>
    </trkpt>
    <trkpt lat="50.9558586" lon="6.8637346">
      <ele>58.6</ele>
      <time>2025-07-13T13:48:43Z</time>
    </trkpt>
    <trkpt lat="50.9556584" lon="6.8637978">
      <ele>58.6</ele>
      <time>2025-07-13T13:48:46Z</time>
    </trkpt>
    <trkpt lat="50.9551200" lon="6.8639664">
      <ele>58.8</ele>
      <time>2025-07-13T13:48:54Z</time>
    </trkpt>
    <trkpt lat="50.9545273" lon="6.8641516">
      <ele>59.0</ele>
      <time>2025-07-13T13:49:03Z</time>
    </trkpt>
    <trkpt lat="50.9544642" lon="6.8641731">
      <ele>59.0</ele>
      <time>2025-07-13T13:49:04Z</time>
    </trkpt>
    <trkpt lat="50.9541526" lon="6.8642661">
      <ele>59.2</ele>
      <time>2025-07-13T13:49:09Z</time>
    </trkpt>
    <trkpt lat="50.9539144" lon="6.8643395">
      <ele>59.2</ele>
      <time>2025-07-13T13:49:13Z</time>
    </trkpt>
    <trkpt lat="50.9534735" lon="6.8644598">
      <ele>60.0</ele>
      <time>2025-07-13T13:49:21Z</time>
    </trkpt>
    <trkpt lat="50.9532695" lon="6.8644955">
      <ele>60.2</ele>
      <time>2025-07-13T13:49:25Z</time>
    </trkpt>
    <trkpt lat="50.9531618" lon="6.8645049">
      <ele>60.4</ele>
      <time>2025-07-13T13:49:27Z</time>
    </trkpt>
    <trkpt lat="50.9531086" lon="6.8645017">
      <ele>60.6</ele>
      <time>2025-07-13T13:49:28Z</time>
    </trkpt>
    <trkpt lat="50.9529016" lon="6.8644454">
      <ele>60.6</ele>
      <time>2025-07-13T13:49:32Z</time>
    </trkpt>
    <trkpt lat="50.9527563" lon="6.8644047">
      <ele>60.8</ele>
      <time>2025-07-13T13:49:35Z</time>
    </trkpt>
    <trkpt lat="50.9527081" lon="6.8643086">
      <ele>60.8</ele>
      <time>2025-07-13T13:49:37Z</time>
    </trkpt>
    <trkpt lat="50.9526964" lon="6.8639848">
      <ele>60.8</ele>
      <time>2025-07-13T13:49:41Z</time>
    </trkpt>
    <trkpt lat="50.9526510" lon="6.8632742">
      <ele>60.6</ele>
      <time>2025-07-13T13:49:49Z</time>
    </trkpt>
    <trkpt lat="50.9526340" lon="6.8629708">
      <ele>60.6</ele>
      <time>2025-07-13T13:49:53Z</time>
    </trkpt>
    <trkpt lat="50.9526204" lon="6.8629238">
      <ele>60.8</ele>
      <time>2025-07-13T13:49:54Z</time>
    </trkpt>
    <trkpt lat="50.9525981" lon="6.8629080">
      <ele>60.8</ele>
      <time>2025-07-13T13:49:55Z</time>
    </trkpt>
    <trkpt lat="50.9525544" lon="6.8629180">
      <ele>61.0</ele>
      <time>2025-07-13T13:49:57Z</time>
    </trkpt>
    <trkpt lat="50.9525342" lon="6.8629183">
      <ele>61.0</ele>
      <time>2025-07-13T13:49:58Z</time>
    </trkpt>
    <trkpt lat="50.9525165" lon="6.8628418">
      <ele>61.2</ele>
      <time>2025-07-13T13:50:00Z</time>
    </trkpt>
    <trkpt lat="50.9525121" lon="6.8626981">
      <ele>61.4</ele>
      <time>2025-07-13T13:50:02Z</time>
    </trkpt>
    <trkpt lat="50.9524970" lon="6.8625334">
      <ele>61.4</ele>
      <time>2025-07-13T13:50:04Z</time>
    </trkpt>
    <trkpt lat="50.9524313" lon="6.8618263">
      <ele>61.4</ele>
      <time>2025-07-13T13:50:12Z</time>
    </trkpt>
    <trkpt lat="50.9523529" lon="6.8610559">
      <ele>61.0</ele>
      <time>2025-07-13T13:50:20Z</time>
    </trkpt>
    <trkpt lat="50.9522763" lon="6.8601953">
      <ele>60.8</ele>
      <time>2025-07-13T13:50:29Z</time>
    </trkpt>
    <trkpt lat="50.9521903" lon="6.8592784">
      <ele>61.2</ele>
      <time>2025-07-13T13:50:39Z</time>
    </trkpt>
    <trkpt lat="50.9521801" lon="6.8591875">
      <ele>61.2</ele>
      <time>2025-07-13T13:50:40Z</time>
    </trkpt>
    <trkpt lat="50.9521192" lon="6.8585400">
      <ele>61.8</ele>
      <time>2025-07-13T13:50:47Z</time>
    </trkpt>
    <trkpt lat="50.9520431" lon="6.8576960">
      <ele>62.0</ele>
      <time>2025-07-13T13:50:56Z</time>
    </trkpt>
    <trkpt lat="50.9519564" lon="6.8568424">
      <ele>62.0</ele>
      <time>2025-07-13T13:51:05Z</time>
    </trkpt>
    <trkpt lat="50.9518759" lon="6.8559670">
      <ele>62.2</ele>
      <time>2025-07-13T13:51:14Z</time>
    </trkpt>
    <trkpt lat="50.9518453" lon="6.8556624">
      <ele>62.4</ele>
      <time>2025-07-13T13:51:17Z</time>
    </trkpt>
    <trkpt lat="50.9517703" lon="6.8548337">
      <ele>62.4</ele>
      <time>2025-07-13T13:51:25Z</time>
    </trkpt>
    <trkpt lat="50.9516833" lon="6.8539178">
      <ele>61.8</ele>
      <time>2025-07-13T13:51:34Z</time>
    </trkpt>
    <trkpt lat="50.9516595" lon="6.8536073">
      <ele>61.6</ele>
      <time>2025-07-13T13:51:37Z</time>
    </trkpt>
    <trkpt lat="50.9516298" lon="6.8533049">
      <ele>61.6</ele>
      <time>2025-07-13T13:51:40Z</time>
    </trkpt>
    <trkpt lat="50.9515885" lon="6.8530260">
      <ele>61.6</ele>
      <time>2025-07-13T13:51:43Z</time>
    </trkpt>
    <trkpt lat="50.9515370" lon="6.8524348">
      <ele>61.4</ele>
      <time>2025-07-13T13:51:50Z</time>
    </trkpt>
    <trkpt lat="50.9515280" lon="6.8523732">
      <ele>61.4</ele>
      <time>2025-07-13T13:51:51Z</time>
    </trkpt>
    <trkpt lat="50.9515038" lon="6.8522737">
      <ele>61.6</ele>
      <time>2025-07-13T13:51:53Z</time>
    </trkpt>
    <trkpt lat="50.9514812" lon="6.8522325">
      <ele>61.6</ele>
      <time>2025-07-13T13:51:54Z</time>
    </trkpt>
    <trkpt lat="50.9514423" lon="6.8521143">
      <ele>61.6</ele>
      <time>2025-07-13T13:51:56Z</time>
    </trkpt>
    <trkpt lat="50.9514133" lon="6.8519895">
      <ele>61.8</ele>
      <time>2025-07-13T13:51:58Z</time>
    </trkpt>
    <trkpt lat="50.9513239" lon="6.8519431">
      <ele>61.8</ele>
      <time>2025-07-13T13:52:00Z</time>
    </trkpt>
    <trkpt lat="50.9512658" lon="6.8519407">
      <ele>61.8</ele>
      <time>2025-07-13T13:52:01Z</time>
    </trkpt>
    <trkpt lat="50.9509926" lon="6.8519458">
      <ele>61.8</ele>
      <time>2025-07-13T13:52:05Z</time>
    </trkpt>
    <trkpt lat="50.9504953" lon="6.8518789">
      <ele>61.0</ele>
      <time>2025-07-13T13:52:12Z</time>
    </trkpt>
    <trkpt lat="50.9500226" lon="6.8517593">
      <ele>61.2</ele>
      <time>2025-07-13T13:52:19Z</time>
    </trkpt>
    <trkpt lat="50.9494813" lon="6.8516253">
      <ele>61.8</ele>
      <time>2025-07-13T13:52:27Z</time>
    </trkpt>
    <trkpt lat="50.9493481" lon="6.8515923">
      <ele>62.0</ele>
      <time>2025-07-13T13:52:29Z</time>
    </trkpt>
    <trkpt lat="50.9487657" lon="6.8514452">
      <ele>62.4</ele>
      <time>2025-07-13T13:52:38Z</time>
    </trkpt>
    <trkpt lat="50.9486504" lon="6.8513947">
      <ele>62.6</ele>
      <time>2025-07-13T13:52:40Z</time>
    </trkpt>
    <trkpt lat="50.9484975" lon="6.8512778">
      <ele>62.8</ele>
      <time>2025-07-13T13:52:43Z</time>
    </trkpt>
    <trkpt lat="50.9482924" lon="6.8510482">
      <ele>62.8</ele>
      <time>2025-07-13T13:52:47Z</time>
    </trkpt>
    <trkpt lat="50.9482411" lon="6.8509749">
      <ele>63.0</ele>
      <time>2025-07-13T13:52:48Z</time>
    </trkpt>
    <trkpt lat="50.9482011" lon="6.8509100">
      <ele>63.0</ele>
      <time>2025-07-13T13:52:49Z</time>
    </trkpt>
    <trkpt lat="50.9480431" lon="6.8505361">
      <ele>63.2</ele>
      <time>2025-07-13T13:52:53Z</time>
    </trkpt>
    <trkpt lat="50.9479844" lon="6.8503456">
      <ele>63.2</ele>
      <time>2025-07-13T13:52:55Z</time>
    </trkpt>
    <trkpt lat="50.9479519" lon="6.8501311">
      <ele>63.2</ele>
      <time>2025-07-13T13:52:57Z</time>
    </trkpt>
    <trkpt lat="50.9478862" lon="6.8493777">
      <ele>63.6</ele>
      <time>2025-07-13T13:53:04Z</time>
    </trkpt>
    <trkpt lat="50.9478676" lon="6.8491644">
      <ele>63.8</ele>
      <time>2025-07-13T13:53:06Z</time>
    </trkpt>
    <trkpt lat="50.9477725" lon="6.8483099">
      <ele>63.4</ele>
      <time>2025-07-13T13:53:14Z</time>
    </trkpt>
    <trkpt lat="50.9477557" lon="6.8480944">
      <ele>63.2</ele>
      <time>2025-07-13T13:53:16Z</time>
    </trkpt>
    <trkpt lat="50.9476963" lon="6.8474621">
      <ele>63.2</ele>
      <time>2025-07-13T13:53:22Z</time>
    </trkpt>
    <trkpt lat="50.9476154" lon="6.8465222">
      <ele>62.8</ele>
      <time>2025-07-13T13:53:31Z</time>
    </trkpt>
    <trkpt lat="50.9476060" lon="6.8464181">
      <ele>62.8</ele>
      <time>2025-07-13T13:53:32Z</time>
    </trkpt>
    <trkpt lat="50.9475457" lon="6.8456887">
      <ele>62.6</ele>
      <time>2025-07-13T13:53:39Z</time>
    </trkpt>
    <trkpt lat="50.9474732" lon="6.8448189">
      <ele>62.6</ele>
      <time>2025-07-13T13:53:47Z</time>
    </trkpt>
    <trkpt lat="50.9474622" lon="6.8447086">
      <ele>62.6</ele>
      <time>2025-07-13T13:53:48Z</time>
    </trkpt>
    <trkpt lat="50.9473853" lon="6.8438436">
      <ele>62.2</ele>
      <time>2025-07-13T13:53:56Z</time>
    </trkpt>
    <trkpt lat="50.9473785" lon="6.8437353">
      <ele>62.0</ele>
      <time>2025-07-13T13:53:57Z</time>
    </trkpt>
    <trkpt lat="50.9473040" lon="6.8428744">
      <ele>62.2</ele>
      <time>2025-07-13T13:54:05Z</time>
    </trkpt>
    <trkpt lat="50.9472947" lon="6.8427671">
      <ele>62.2</ele>
      <time>2025-07-13T13:54:06Z</time>
    </trkpt>
    <trkpt lat="50.9472113" lon="6.8418883">
      <ele>62.6</ele>
      <time>2025-07-13T13:54:14Z</time>
    </trkpt>
    <trkpt lat="50.9471907" lon="6.8416679">
      <ele>62.6</ele>
      <time>2025-07-13T13:54:16Z</time>
    </trkpt>
    <trkpt lat="50.9471071" lon="6.8408061">
      <ele>62.0</ele>
      <time>2025-07-13T13:54:24Z</time>
    </trkpt>
    <trkpt lat="50.9470972" lon="6.8406987">
      <ele>61.8</ele>
      <time>2025-07-13T13:54:25Z</time>
    </trkpt>
    <trkpt lat="50.9470888" lon="6.8405880">
      <ele>61.8</ele>
      <time>2025-07-13T13:54:26Z</time>
    </trkpt>
    <trkpt lat="50.9470047" lon="6.8397001">
      <ele>61.8</ele>
      <time>2025-07-13T13:54:34Z</time>
    </trkpt>
    <trkpt lat="50.9469694" lon="6.8393735">
      <ele>61.4</ele>
      <time>2025-07-13T13:54:37Z</time>
    </trkpt>
    <trkpt lat="50.9469528" lon="6.8392581">
      <ele>61.4</ele>
      <time>2025-07-13T13:54:38Z</time>
    </trkpt>
    <trkpt lat="50.9469238" lon="6.8389140">
      <ele>61.2</ele>
      <time>2025-07-13T13:54:41Z</time>
    </trkpt>
    <trkpt lat="50.9468719" lon="6.8381320">
      <ele>61.2</ele>
      <time>2025-07-13T13:54:48Z</time>
    </trkpt>
    <trkpt lat="50.9468124" lon="6.8373912">
      <ele>61.2</ele>
      <time>2025-07-13T13:54:55Z</time>
    </trkpt>
    <trkpt lat="50.9468024" lon="6.8371801">
      <ele>61.2</ele>
      <time>2025-07-13T13:54:57Z</time>
    </trkpt>
    <trkpt lat="50.9467422" lon="6.8366699">
      <ele>61.2</ele>
      <time>2025-07-13T13:55:02Z</time>
    </trkpt>
    <trkpt lat="50.9466891" lon="6.8359505">
      <ele>61.2</ele>
      <time>2025-07-13T13:55:09Z</time>
    </trkpt>
    <trkpt lat="50.9466523" lon="6.8356481">
      <ele>61.2</ele>
      <time>2025-07-13T13:55:12Z</time>
    </trkpt>
    <trkpt lat="50.9466439" lon="6.8354400">
      <ele>61.0</ele>
      <time>2025-07-13T13:55:14Z</time>
    </trkpt>
    <trkpt lat="50.9465913" lon="6.8347013">
      <ele>60.8</ele>
      <time>2025-07-13T13:55:21Z</time>
    </trkpt>
    <trkpt lat="50.9465705" lon="6.8344822">
      <ele>60.8</ele>
      <time>2025-07-13T13:55:23Z</time>
    </trkpt>
    <trkpt lat="50.9465129" lon="6.8338394">
      <ele>60.4</ele>
      <time>2025-07-13T13:55:29Z</time>
    </trkpt>
    <trkpt lat="50.9464410" lon="6.8330106">
      <ele>60.2</ele>
      <time>2025-07-13T13:55:37Z</time>
    </trkpt>
    <trkpt lat="50.9464011" lon="6.8323628">
      <ele>60.4</ele>
      <time>2025-07-13T13:55:43Z</time>
    </trkpt>
    <trkpt lat="50.9463844" lon="6.8322548">
      <ele>60.6</ele>
      <time>2025-07-13T13:55:44Z</time>
    </trkpt>
    <trkpt lat="50.9463679" lon="6.8321575">
      <ele>60.8</ele>
      <time>2025-07-13T13:55:45Z</time>
    </trkpt>
    <trkpt lat="50.9463045" lon="6.8319639">
      <ele>61.0</ele>
      <time>2025-07-13T13:55:47Z</time>
    </trkpt>
    <trkpt lat="50.9462592" lon="6.8318729">
      <ele>61.0</ele>
      <time>2025-07-13T13:55:48Z</time>
    </trkpt>
    <trkpt lat="50.9461614" lon="6.8316916">
      <ele>61.0</ele>
      <time>2025-07-13T13:55:50Z</time>
    </trkpt>
    <trkpt lat="50.9459856" lon="6.8313054">
      <ele>60.8</ele>
      <time>2025-07-13T13:55:54Z</time>
    </trkpt>
    <trkpt lat="50.9457786" lon="6.8309066">
      <ele>60.4</ele>
      <time>2025-07-13T13:55:59Z</time>
    </trkpt>
    <trkpt lat="50.9457237" lon="6.8307967">
      <ele>60.4</ele>
      <time>2025-07-13T13:56:02Z</time>
    </trkpt>
    <trkpt lat="50.9457133" lon="6.8307781">
      <ele>60.6</ele>
      <time>2025-07-13T13:56:06Z</time>
    </trkpt>
    <trkpt lat="50.9457133" lon="6.8307781">
      <ele>61.2</ele>
      <time>2025-07-13T13:56:16Z</time>
    </trkpt>
    <trkpt lat="50.9457133" lon="6.8307781">
      <ele>61.0</ele>
      <time>2025-07-13T13:56:56Z</time>
    </trkpt>
    <trkpt lat="50.9456689" lon="6.8307172">
      <ele>61.0</ele>
      <time>2025-07-13T13:57:07Z</time>
    </trkpt>
    <trkpt lat="50.9455712" lon="6.8307138">
      <ele>61.0</ele>
      <time>2025-07-13T13:57:09Z</time>
    </trkpt>
    <trkpt lat="50.9455171" lon="6.8307435">
      <ele>60.8</ele>
      <time>2025-07-13T13:57:10Z</time>
    </trkpt>
    <trkpt lat="50.9451664" lon="6.8309790">
      <ele>60.6</ele>
      <time>2025-07-13T13:57:16Z</time>
    </trkpt>
    <trkpt lat="50.9448690" lon="6.8311407">
      <ele>60.2</ele>
      <time>2025-07-13T13:57:21Z</time>
    </trkpt>
    <trkpt lat="50.9447824" lon="6.8311006">
      <ele>60.2</ele>
      <time>2025-07-13T13:57:23Z</time>
    </trkpt>
    <trkpt lat="50.9447015" lon="6.8307846">
      <ele>60.2</ele>
      <time>2025-07-13T13:57:27Z</time>
    </trkpt>
    <trkpt lat="50.9446241" lon="6.8305238">
      <ele>59.8</ele>
      <time>2025-07-13T13:57:30Z</time>
    </trkpt>
    <trkpt lat="50.9445407" lon="6.8302699">
      <ele>59.4</ele>
      <time>2025-07-13T13:57:33Z</time>
    </trkpt>
    <trkpt lat="50.9445000" lon="6.8301909">
      <ele>59.2</ele>
      <time>2025-07-13T13:57:34Z</time>
    </trkpt>
    <trkpt lat="50.9443737" lon="6.8299548">
      <ele>58.8</ele>
      <time>2025-07-13T13:57:37Z</time>
    </trkpt>
    <trkpt lat="50.9443288" lon="6.8298777">
      <ele>58.6</ele>
      <time>2025-07-13T13:57:38Z</time>
    </trkpt>
    <trkpt lat="50.9440654" lon="6.8294090">
      <ele>58.4</ele>
      <time>2025-07-13T13:57:44Z</time>
    </trkpt>
    <trkpt lat="50.9440179" lon="6.8293350">
      <ele>58.6</ele>
      <time>2025-07-13T13:57:45Z</time>
    </trkpt>
    <trkpt lat="50.9439059" lon="6.8292398">
      <ele>58.8</ele>
      <time>2025-07-13T13:57:47Z</time>
    </trkpt>
    <trkpt lat="50.9437748" lon="6.8292018">
      <ele>59.6</ele>
      <time>2025-07-13T13:57:49Z</time>
    </trkpt>
    <trkpt lat="50.9436398" lon="6.8291926">
      <ele>59.8</ele>
      <time>2025-07-13T13:57:51Z</time>
    </trkpt>
    <trkpt lat="50.9433813" lon="6.8291800">
      <ele>59.8</ele>
      <time>2025-07-13T13:57:55Z</time>
    </trkpt>
    <trkpt lat="50.9430616" lon="6.8291466">
      <ele>60.0</ele>
      <time>2025-07-13T13:58:00Z</time>
    </trkpt>
    <trkpt lat="50.9426136" lon="6.8290530">
      <ele>60.6</ele>
      <time>2025-07-13T13:58:07Z</time>
    </trkpt>
    <trkpt lat="50.9424532" lon="6.8290144">
      <ele>60.8</ele>
      <time>2025-07-13T13:58:10Z</time>
    </trkpt>
    <trkpt lat="50.9424088" lon="6.8290138">
      <ele>61.0</ele>
      <time>2025-07-13T13:58:11Z</time>
    </trkpt>
    <trkpt lat="50.9423605" lon="6.8290179">
      <ele>61.0</ele>
      <time>2025-07-13T13:58:12Z</time>
    </trkpt>
    <trkpt lat="50.9422184" lon="6.8290076">
      <ele>61.4</ele>
      <time>2025-07-13T13:58:14Z</time>
    </trkpt>
    <trkpt lat="50.9420861" lon="6.8288304">
      <ele>61.6</ele>
      <time>2025-07-13T13:58:16Z</time>
    </trkpt>
    <trkpt lat="50.9416706" lon="6.8284212">
      <ele>61.4</ele>
      <time>2025-07-13T13:58:23Z</time>
    </trkpt>
    <trkpt lat="50.9413338" lon="6.8280691">
      <ele>61.0</ele>
      <time>2025-07-13T13:58:29Z</time>
    </trkpt>
    <trkpt lat="50.9408119" lon="6.8276019">
      <ele>60.8</ele>
      <time>2025-07-13T13:58:38Z</time>
    </trkpt>
    <trkpt lat="50.9403262" lon="6.8272377">
      <ele>61.0</ele>
      <time>2025-07-13T13:58:46Z</time>
    </trkpt>
    <trkpt lat="50.9399514" lon="6.8270012">
      <ele>61.4</ele>
      <time>2025-07-13T13:58:52Z</time>
    </trkpt>
    <trkpt lat="50.9394581" lon="6.8267699">
      <ele>61.4</ele>
      <time>2025-07-13T13:59:00Z</time>
    </trkpt>
    <trkpt lat="50.9390216" lon="6.8266117">
      <ele>61.8</ele>
      <time>2025-07-13T13:59:07Z</time>
    </trkpt>
    <trkpt lat="50.9389670" lon="6.8265736">
      <ele>62.0</ele>
      <time>2025-07-13T13:59:08Z</time>
    </trkpt>
    <trkpt lat="50.9388199" lon="6.8264735">
      <ele>62.2</ele>
      <time>2025-07-13T13:59:11Z</time>
    </trkpt>
    <trkpt lat="50.9387651" lon="6.8264280">
      <ele>62.4</ele>
      <time>2025-07-13T13:59:13Z</time>
    </trkpt>
    <trkpt lat="50.9387304" lon="6.8263896">
      <ele>62.8</ele>
      <time>2025-07-13T13:59:17Z</time>
    </trkpt>
    <trkpt lat="50.9386982" lon="6.8263581">
      <ele>63.0</ele>
      <time>2025-07-13T13:59:20Z</time>
    </trkpt>
    <trkpt lat="50.9386847" lon="6.8263447">
      <ele>63.0</ele>
      <time>2025-07-13T13:59:21Z</time>
    </trkpt>
    <trkpt lat="50.9386750" lon="6.8263217">
      <ele>63.0</ele>
      <time>2025-07-13T13:59:22Z</time>
    </trkpt>
    <trkpt lat="50.9386525" lon="6.8261043">
      <ele>63.0</ele>
      <time>2025-07-13T13:59:27Z</time>
    </trkpt>
    <trkpt lat="50.9386420" lon="6.8259665">
      <ele>63.0</ele>
      <time>2025-07-13T13:59:29Z</time>
    </trkpt>
    <trkpt lat="50.9386322" lon="6.8257811">
      <ele>63.0</ele>
      <time>2025-07-13T13:59:31Z</time>
    </trkpt>
    <trkpt lat="50.9386031" lon="6.8251016">
      <ele>62.2</ele>
      <time>2025-07-13T13:59:38Z</time>
    </trkpt>
    <trkpt lat="50.9386068" lon="6.8248093">
      <ele>61.8</ele>
      <time>2025-07-13T13:59:41Z</time>
    </trkpt>
    <trkpt lat="50.9386185" lon="6.8243547">
      <ele>61.6</ele>
      <time>2025-07-13T13:59:46Z</time>
    </trkpt>
    <trkpt lat="50.9386123" lon="6.8237248">
      <ele>62.0</ele>
      <time>2025-07-13T13:59:53Z</time>
    </trkpt>
    <trkpt lat="50.9386220" lon="6.8231621">
      <ele>62.2</ele>
      <time>2025-07-13T13:59:59Z</time>
    </trkpt>
    <trkpt lat="50.9386204" lon="6.8229730">
      <ele>62.4</ele>
      <time>2025-07-13T14:00:01Z</time>
    </trkpt>
    <trkpt lat="50.9386415" lon="6.8226813">
      <ele>62.4</ele>
      <time>2025-07-13T14:00:04Z</time>
    </trkpt>
    <trkpt lat="50.9386599" lon="6.8218855">
      <ele>62.8</ele>
      <time>2025-07-13T14:00:12Z</time>
    </trkpt>
    <trkpt lat="50.9386641" lon="6.8215938">
      <ele>63.0</ele>
      <time>2025-07-13T14:00:15Z</time>
    </trkpt>
    <trkpt lat="50.9386636" lon="6.8211977">
      <ele>63.2</ele>
      <time>2025-07-13T14:00:19Z</time>
    </trkpt>
    <trkpt lat="50.9386534" lon="6.8208973">
      <ele>63.2</ele>
      <time>2025-07-13T14:00:22Z</time>
    </trkpt>
    <trkpt lat="50.9386529" lon="6.8206983">
      <ele>63.4</ele>
      <time>2025-07-13T14:00:24Z</time>
    </trkpt>
    <trkpt lat="50.9386957" lon="6.8200275">
      <ele>63.2</ele>
      <time>2025-07-13T14:00:31Z</time>
    </trkpt>
    <trkpt lat="50.9386988" lon="6.8193731">
      <ele>63.6</ele>
      <time>2025-07-13T14:00:38Z</time>
    </trkpt>
    <trkpt lat="50.9387045" lon="6.8185988">
      <ele>63.8</ele>
      <time>2025-07-13T14:00:46Z</time>
    </trkpt>
    <trkpt lat="50.9387035" lon="6.8179369">
      <ele>64.0</ele>
      <time>2025-07-13T14:00:53Z</time>
    </trkpt>
    <trkpt lat="50.9387294" lon="6.8177529">
      <ele>64.2</ele>
      <time>2025-07-13T14:00:55Z</time>
    </trkpt>
    <trkpt lat="50.9387687" lon="6.8175763">
      <ele>64.2</ele>
      <time>2025-07-13T14:00:57Z</time>
    </trkpt>
    <trkpt lat="50.9387694" lon="6.8174854">
      <ele>64.2</ele>
      <time>2025-07-13T14:00:58Z</time>
    </trkpt>
    <trkpt lat="50.9387509" lon="6.8174006">
      <ele>64.2</ele>
      <time>2025-07-13T14:00:59Z</time>
    </trkpt>
    <trkpt lat="50.9387231" lon="6.8173212">
      <ele>64.2</ele>
      <time>2025-07-13T14:01:00Z</time>
    </trkpt>
    <trkpt lat="50.9387007" lon="6.8172395">
      <ele>64.4</ele>
      <time>2025-07-13T14:01:01Z</time>
    </trkpt>
    <trkpt lat="50.9386863" lon="6.8170594">
      <ele>64.4</ele>
      <time>2025-07-13T14:01:03Z</time>
    </trkpt>
    <trkpt lat="50.9387127" lon="6.8164969">
      <ele>64.6</ele>
      <time>2025-07-13T14:01:09Z</time>
    </trkpt>
    <trkpt lat="50.9387542" lon="6.8158466">
      <ele>64.6</ele>
      <time>2025-07-13T14:01:16Z</time>
    </trkpt>
    <trkpt lat="50.9387793" lon="6.8152194">
      <ele>64.8</ele>
      <time>2025-07-13T14:01:23Z</time>
    </trkpt>
    <trkpt lat="50.9387963" lon="6.8145183">
      <ele>65.2</ele>
      <time>2025-07-13T14:01:31Z</time>
    </trkpt>
    <trkpt lat="50.9387990" lon="6.8144448">
      <ele>65.2</ele>
      <time>2025-07-13T14:01:32Z</time>
    </trkpt>
    <trkpt lat="50.9388184" lon="6.8143116">
      <ele>65.4</ele>
      <time>2025-07-13T14:01:35Z</time>
    </trkpt>
    <trkpt lat="50.9388273" lon="6.8142613">
      <ele>65.8</ele>
      <time>2025-07-13T14:01:39Z</time>
    </trkpt>
    <trkpt lat="50.9388259" lon="6.8142533">
      <ele>65.8</ele>
      <time>2025-07-13T14:02:15Z</time>
    </trkpt>
    <trkpt lat="50.9388174" lon="6.8142325">
      <ele>65.8</ele>
      <time>2025-07-13T14:02:16Z</time>
    </trkpt>
    <trkpt lat="50.9388110" lon="6.8141637">
      <ele>66.0</ele>
      <time>2025-07-13T14:02:19Z</time>
    </trkpt>
    <trkpt lat="50.9388027" lon="6.8141298">
      <ele>66.0</ele>
      <time>2025-07-13T14:02:21Z</time>
    </trkpt>
    <trkpt lat="50.9387999" lon="6.8141265">
      <ele>66.0</ele>
      <time>2025-07-13T14:02:24Z</time>
    </trkpt>
    <trkpt lat="50.9387999" lon="6.8141265">
      <ele>66.4</ele>
      <time>2025-07-13T14:02:40Z</time>
    </trkpt>
    <trkpt lat="50.9387999" lon="6.8141265">
      <ele>66.4</ele>
      <time>2025-07-13T14:02:51Z</time>
    </trkpt>
    <trkpt lat="50.9387999" lon="6.8141265">
      <ele>66.4</ele>
      <time>2025-07-13T14:03:27Z</time>
    </trkpt>
    <trkpt lat="50.9387967" lon="6.8140937">
      <ele>66.0</ele>
      <time>2025-07-13T14:03:50Z</time>
    </trkpt>
    <trkpt lat="50.9387882" lon="6.8140207">
      <ele>66.0</ele>
      <time>2025-07-13T14:03:52Z</time>
    </trkpt>
    <trkpt lat="50.9387879" lon="6.8139067">
      <ele>66.0</ele>
      <time>2025-07-13T14:03:54Z</time>
    </trkpt>
    <trkpt lat="50.9387789" lon="6.8136922">
      <ele>66.0</ele>
      <time>2025-07-13T14:03:57Z</time>
    </trkpt>
    <trkpt lat="50.9387744" lon="6.8135436">
      <ele>66.0</ele>
      <time>2025-07-13T14:03:59Z</time>
    </trkpt>
    <trkpt lat="50.9387793" lon="6.8132489">
      <ele>65.8</ele>
      <time>2025-07-13T14:04:03Z</time>
    </trkpt>
    <trkpt lat="50.9387929" lon="6.8129555">
      <ele>66.2</ele>
      <time>2025-07-13T14:04:07Z</time>
    </trkpt>
    <trkpt lat="50.9387934" lon="6.8128853">
      <ele>66.2</ele>
      <time>2025-07-13T14:04:08Z</time>
    </trkpt>
    <trkpt lat="50.9387907" lon="6.8124837">
      <ele>66.4</ele>
      <time>2025-07-13T14:04:13Z</time>
    </trkpt>
    <trkpt lat="50.9387788" lon="6.8123381">
      <ele>66.6</ele>
      <time>2025-07-13T14:04:15Z</time>
    </trkpt>
    <trkpt lat="50.9387770" lon="6.8122662">
      <ele>66.6</ele>
      <time>2025-07-13T14:04:16Z</time>
    </trkpt>
    <trkpt lat="50.9387797" lon="6.8118462">
      <ele>66.8</ele>
      <time>2025-07-13T14:04:21Z</time>
    </trkpt>
    <trkpt lat="50.9387795" lon="6.8117548">
      <ele>66.8</ele>
      <time>2025-07-13T14:04:22Z</time>
    </trkpt>
    <trkpt lat="50.9387787" lon="6.8116453">
      <ele>66.8</ele>
      <time>2025-07-13T14:04:23Z</time>
    </trkpt>
    <trkpt lat="50.9387917" lon="6.8111377">
      <ele>66.8</ele>
      <time>2025-07-13T14:04:28Z</time>
    </trkpt>
    <trkpt lat="50.9387973" lon="6.8107479">
      <ele>66.8</ele>
      <time>2025-07-13T14:04:32Z</time>
    </trkpt>
    <trkpt lat="50.9387917" lon="6.8102657">
      <ele>67.0</ele>
      <time>2025-07-13T14:04:37Z</time>
    </trkpt>
    <trkpt lat="50.9388092" lon="6.8095601">
      <ele>67.4</ele>
      <time>2025-07-13T14:04:45Z</time>
    </trkpt>
    <trkpt lat="50.9388124" lon="6.8092353">
      <ele>67.6</ele>
      <time>2025-07-13T14:04:49Z</time>
    </trkpt>
    <trkpt lat="50.9388144" lon="6.8091561">
      <ele>67.6</ele>
      <time>2025-07-13T14:04:50Z</time>
    </trkpt>
    <trkpt lat="50.9388088" lon="6.8089934">
      <ele>67.8</ele>
      <time>2025-07-13T14:04:52Z</time>
    </trkpt>
    <trkpt lat="50.9387925" lon="6.8084539">
      <ele>68.0</ele>
      <time>2025-07-13T14:04:58Z</time>
    </trkpt>
    <trkpt lat="50.9387726" lon="6.8078855">
      <ele>68.0</ele>
      <time>2025-07-13T14:05:04Z</time>
    </trkpt>
    <trkpt lat="50.9387765" lon="6.8072946">
      <ele>67.8</ele>
      <time>2025-07-13T14:05:10Z</time>
    </trkpt>
    <trkpt lat="50.9387731" lon="6.8071186">
      <ele>68.0</ele>
      <time>2025-07-13T14:05:12Z</time>
    </trkpt>
    <trkpt lat="50.9387390" lon="6.8065161">
      <ele>68.4</ele>
      <time>2025-07-13T14:05:18Z</time>
    </trkpt>
    <trkpt lat="50.9387064" lon="6.8057201">
      <ele>68.6</ele>
      <time>2025-07-13T14:05:26Z</time>
    </trkpt>
    <trkpt lat="50.9386726" lon="6.8049564">
      <ele>68.6</ele>
      <time>2025-07-13T14:05:34Z</time>
    </trkpt>
    <trkpt lat="50.9386573" lon="6.8043934">
      <ele>69.2</ele>
      <time>2025-07-13T14:05:40Z</time>
    </trkpt>
    <trkpt lat="50.9386539" lon="6.8042061">
      <ele>69.2</ele>
      <time>2025-07-13T14:05:42Z</time>
    </trkpt>
    <trkpt lat="50.9386406" lon="6.8035299">
      <ele>70.0</ele>
      <time>2025-07-13T14:05:49Z</time>
    </trkpt>
    <trkpt lat="50.9386382" lon="6.8034327">
      <ele>70.0</ele>
      <time>2025-07-13T14:05:50Z</time>
    </trkpt>
    <trkpt lat="50.9386273" lon="6.8030491">
      <ele>70.2</ele>
      <time>2025-07-13T14:05:54Z</time>
    </trkpt>
    <trkpt lat="50.9386108" lon="6.8026718">
      <ele>70.4</ele>
      <time>2025-07-13T14:05:58Z</time>
    </trkpt>
    <trkpt lat="50.9386098" lon="6.8025738">
      <ele>70.6</ele>
      <time>2025-07-13T14:05:59Z</time>
    </trkpt>
    <trkpt lat="50.9385947" lon="6.8021785">
      <ele>71.0</ele>
      <time>2025-07-13T14:06:03Z</time>
    </trkpt>
    <trkpt lat="50.9385584" lon="6.8014178">
      <ele>71.2</ele>
      <time>2025-07-13T14:06:11Z</time>
    </trkpt>
    <trkpt lat="50.9385543" lon="6.8013255">
      <ele>71.4</ele>
      <time>2025-07-13T14:06:12Z</time>
    </trkpt>
    <trkpt lat="50.9385328" lon="6.8006835">
      <ele>71.8</ele>
      <time>2025-07-13T14:06:19Z</time>
    </trkpt>
    <trkpt lat="50.9385138" lon="6.7999560">
      <ele>72.0</ele>
      <time>2025-07-13T14:06:27Z</time>
    </trkpt>
    <trkpt lat="50.9385104" lon="6.7998691">
      <ele>72.0</ele>
      <time>2025-07-13T14:06:28Z</time>
    </trkpt>
    <trkpt lat="50.9385076" lon="6.7996993">
      <ele>72.2</ele>
      <time>2025-07-13T14:06:30Z</time>
    </trkpt>
    <trkpt lat="50.9384942" lon="6.7990984">
      <ele>72.6</ele>
      <time>2025-07-13T14:06:37Z</time>
    </trkpt>
    <trkpt lat="50.9384668" lon="6.7984121">
      <ele>72.8</ele>
      <time>2025-07-13T14:06:44Z</time>
    </trkpt>
    <trkpt lat="50.9384222" lon="6.7976057">
      <ele>73.2</ele>
      <time>2025-07-13T14:06:52Z</time>
    </trkpt>
    <trkpt lat="50.9384155" lon="6.7974172">
      <ele>73.2</ele>
      <time>2025-07-13T14:06:54Z</time>
    </trkpt>
    <trkpt lat="50.9384024" lon="6.7971413">
      <ele>73.6</ele>
      <time>2025-07-13T14:06:57Z</time>
    </trkpt>
    <trkpt lat="50.9383459" lon="6.7963771">
      <ele>74.2</ele>
      <time>2025-07-13T14:07:04Z</time>
    </trkpt>
    <trkpt lat="50.9383391" lon="6.7961731">
      <ele>74.2</ele>
      <time>2025-07-13T14:07:06Z</time>
    </trkpt>
    <trkpt lat="50.9383455" lon="6.7960818">
      <ele>74.4</ele>
      <time>2025-07-13T14:07:07Z</time>
    </trkpt>
    <trkpt lat="50.9383431" lon="6.7959862">
      <ele>74.4</ele>
      <time>2025-07-13T14:07:08Z</time>
    </trkpt>
    <trkpt lat="50.9383504" lon="6.7957838">
      <ele>74.6</ele>
      <time>2025-07-13T14:07:10Z</time>
    </trkpt>
    <trkpt lat="50.9383230" lon="6.7951479">
      <ele>74.8</ele>
      <time>2025-07-13T14:07:17Z</time>
    </trkpt>
    <trkpt lat="50.9383024" lon="6.7944094">
      <ele>75.2</ele>
      <time>2025-07-13T14:07:25Z</time>
    </trkpt>
    <trkpt lat="50.9382761" lon="6.7942272">
      <ele>75.4</ele>
      <time>2025-07-13T14:07:27Z</time>
    </trkpt>
    <trkpt lat="50.9382606" lon="6.7939663">
      <ele>75.8</ele>
      <time>2025-07-13T14:07:30Z</time>
    </trkpt>
    <trkpt lat="50.9382591" lon="6.7938768">
      <ele>76.2</ele>
      <time>2025-07-13T14:07:31Z</time>
    </trkpt>
    <trkpt lat="50.9382735" lon="6.7937324">
      <ele>76.4</ele>
      <time>2025-07-13T14:07:33Z</time>
    </trkpt>
    <trkpt lat="50.9382788" lon="6.7936641">
      <ele>76.4</ele>
      <time>2025-07-13T14:07:34Z</time>
    </trkpt>
    <trkpt lat="50.9382781" lon="6.7935759">
      <ele>76.6</ele>
      <time>2025-07-13T14:07:35Z</time>
    </trkpt>
    <trkpt lat="50.9382475" lon="6.7933342">
      <ele>76.8</ele>
      <time>2025-07-13T14:07:38Z</time>
    </trkpt>
    <trkpt lat="50.9382450" lon="6.7932652">
      <ele>76.8</ele>
      <time>2025-07-13T14:07:39Z</time>
    </trkpt>
    <trkpt lat="50.9382678" lon="6.7928964">
      <ele>76.8</ele>
      <time>2025-07-13T14:07:43Z</time>
    </trkpt>
    <trkpt lat="50.9382691" lon="6.7928118">
      <ele>76.8</ele>
      <time>2025-07-13T14:07:44Z</time>
    </trkpt>
    <trkpt lat="50.9382413" lon="6.7925217">
      <ele>77.0</ele>
      <time>2025-07-13T14:07:47Z</time>
    </trkpt>
    <trkpt lat="50.9382259" lon="6.7923366">
      <ele>77.2</ele>
      <time>2025-07-13T14:07:49Z</time>
    </trkpt>
    <trkpt lat="50.9382248" lon="6.7921321">
      <ele>77.2</ele>
      <time>2025-07-13T14:07:51Z</time>
    </trkpt>
    <trkpt lat="50.9382175" lon="6.7920383">
      <ele>77.2</ele>
      <time>2025-07-13T14:07:52Z</time>
    </trkpt>
    <trkpt lat="50.9382259" lon="6.7917929">
      <ele>77.6</ele>
      <time>2025-07-13T14:07:55Z</time>
    </trkpt>
    <trkpt lat="50.9382223" lon="6.7916940">
      <ele>77.6</ele>
      <time>2025-07-13T14:07:56Z</time>
    </trkpt>
    <trkpt lat="50.9382250" lon="6.7916028">
      <ele>77.6</ele>
      <time>2025-07-13T14:07:57Z</time>
    </trkpt>
    <trkpt lat="50.9382124" lon="6.7913040">
      <ele>78.0</ele>
      <time>2025-07-13T14:08:00Z</time>
    </trkpt>
    <trkpt lat="50.9381941" lon="6.7911770">
      <ele>78.0</ele>
      <time>2025-07-13T14:08:01Z</time>
    </trkpt>
    <trkpt lat="50.9381811" lon="6.7906900">
      <ele>78.6</ele>
      <time>2025-07-13T14:08:06Z</time>
    </trkpt>
    <trkpt lat="50.9381750" lon="6.7905968">
      <ele>78.8</ele>
      <time>2025-07-13T14:08:07Z</time>
    </trkpt>
    <trkpt lat="50.9381295" lon="6.7898763">
      <ele>79.4</ele>
      <time>2025-07-13T14:08:15Z</time>
    </trkpt>
    <trkpt lat="50.9380798" lon="6.7894187">
      <ele>79.6</ele>
      <time>2025-07-13T14:08:20Z</time>
    </trkpt>
    <trkpt lat="50.9380394" lon="6.7890575">
      <ele>80.0</ele>
      <time>2025-07-13T14:08:24Z</time>
    </trkpt>
    <trkpt lat="50.9380297" lon="6.7889672">
      <ele>80.0</ele>
      <time>2025-07-13T14:08:25Z</time>
    </trkpt>
    <trkpt lat="50.9380202" lon="6.7888776">
      <ele>80.0</ele>
      <time>2025-07-13T14:08:26Z</time>
    </trkpt>
    <trkpt lat="50.9379898" lon="6.7885243">
      <ele>80.8</ele>
      <time>2025-07-13T14:08:30Z</time>
    </trkpt>
    <trkpt lat="50.9379803" lon="6.7884346">
      <ele>80.8</ele>
      <time>2025-07-13T14:08:31Z</time>
    </trkpt>
    <trkpt lat="50.9379616" lon="6.7882600">
      <ele>81.2</ele>
      <time>2025-07-13T14:08:33Z</time>
    </trkpt>
    <trkpt lat="50.9379370" lon="6.7879980">
      <ele>81.6</ele>
      <time>2025-07-13T14:08:36Z</time>
    </trkpt>
    <trkpt lat="50.9379284" lon="6.7879118">
      <ele>82.0</ele>
      <time>2025-07-13T14:08:37Z</time>
    </trkpt>
    <trkpt lat="50.9378876" lon="6.7874330">
      <ele>82.6</ele>
      <time>2025-07-13T14:08:43Z</time>
    </trkpt>
    <trkpt lat="50.9378765" lon="6.7873482">
      <ele>82.6</ele>
      <time>2025-07-13T14:08:44Z</time>
    </trkpt>
    <trkpt lat="50.9378026" lon="6.7868278">
      <ele>83.0</ele>
      <time>2025-07-13T14:08:50Z</time>
    </trkpt>
    <trkpt lat="50.9377886" lon="6.7866610">
      <ele>83.2</ele>
      <time>2025-07-13T14:08:52Z</time>
    </trkpt>
    <trkpt lat="50.9377621" lon="6.7863325">
      <ele>84.2</ele>
      <time>2025-07-13T14:08:56Z</time>
    </trkpt>
    <trkpt lat="50.9377324" lon="6.7860940">
      <ele>84.6</ele>
      <time>2025-07-13T14:08:59Z</time>
    </trkpt>
    <trkpt lat="50.9377019" lon="6.7858558">
      <ele>85.2</ele>
      <time>2025-07-13T14:09:02Z</time>
    </trkpt>
    <trkpt lat="50.9376408" lon="6.7853706">
      <ele>86.2</ele>
      <time>2025-07-13T14:09:08Z</time>
    </trkpt>
    <trkpt lat="50.9375792" lon="6.7849106">
      <ele>87.2</ele>
      <time>2025-07-13T14:09:14Z</time>
    </trkpt>
    <trkpt lat="50.9375625" lon="6.7847624">
      <ele>87.4</ele>
      <time>2025-07-13T14:09:16Z</time>
    </trkpt>
    <trkpt lat="50.9375296" lon="6.7844689">
      <ele>88.0</ele>
      <time>2025-07-13T14:09:20Z</time>
    </trkpt>
    <trkpt lat="50.9375293" lon="6.7843180">
      <ele>88.4</ele>
      <time>2025-07-13T14:09:22Z</time>
    </trkpt>
    <trkpt lat="50.9375330" lon="6.7842424">
      <ele>88.4</ele>
      <time>2025-07-13T14:09:23Z</time>
    </trkpt>
    <trkpt lat="50.9375767" lon="6.7838236">
      <ele>89.4</ele>
      <time>2025-07-13T14:09:29Z</time>
    </trkpt>
    <trkpt lat="50.9376096" lon="6.7836130">
      <ele>90.0</ele>
      <time>2025-07-13T14:09:32Z</time>
    </trkpt>
    <trkpt lat="50.9376392" lon="6.7834726">
      <ele>90.4</ele>
      <time>2025-07-13T14:09:34Z</time>
    </trkpt>
    <trkpt lat="50.9377659" lon="6.7828572">
      <ele>91.2</ele>
      <time>2025-07-13T14:09:42Z</time>
    </trkpt>
    <trkpt lat="50.9377946" lon="6.7826907">
      <ele>91.2</ele>
      <time>2025-07-13T14:09:44Z</time>
    </trkpt>
    <trkpt lat="50.9378146" lon="6.7825260">
      <ele>91.2</ele>
      <time>2025-07-13T14:09:46Z</time>
    </trkpt>
    <trkpt lat="50.9378199" lon="6.7824351">
      <ele>91.2</ele>
      <time>2025-07-13T14:09:47Z</time>
    </trkpt>
    <trkpt lat="50.9378162" lon="6.7822570">
      <ele>91.2</ele>
      <time>2025-07-13T14:09:49Z</time>
    </trkpt>
    <trkpt lat="50.9377989" lon="6.7818783">
      <ele>90.6</ele>
      <time>2025-07-13T14:09:53Z</time>
    </trkpt>
    <trkpt lat="50.9377771" lon="6.7811539">
      <ele>89.4</ele>
      <time>2025-07-13T14:10:00Z</time>
    </trkpt>
    <trkpt lat="50.9377770" lon="6.7808872">
      <ele>89.2</ele>
      <time>2025-07-13T14:10:03Z</time>
    </trkpt>
    <trkpt lat="50.9378058" lon="6.7807560">
      <ele>89.0</ele>
      <time>2025-07-13T14:10:05Z</time>
    </trkpt>
    <trkpt lat="50.9378328" lon="6.7806084">
      <ele>88.8</ele>
      <time>2025-07-13T14:10:07Z</time>
    </trkpt>
    <trkpt lat="50.9378208" lon="6.7805248">
      <ele>88.8</ele>
      <time>2025-07-13T14:10:08Z</time>
    </trkpt>
    <trkpt lat="50.9377914" lon="6.7804490">
      <ele>88.8</ele>
      <time>2025-07-13T14:10:09Z</time>
    </trkpt>
    <trkpt lat="50.9377236" lon="6.7803023">
      <ele>88.6</ele>
      <time>2025-07-13T14:10:11Z</time>
    </trkpt>
    <trkpt lat="50.9376993" lon="6.7802161">
      <ele>88.6</ele>
      <time>2025-07-13T14:10:12Z</time>
    </trkpt>
    <trkpt lat="50.9376211" lon="6.7798534">
      <ele>88.4</ele>
      <time>2025-07-13T14:10:16Z</time>
    </trkpt>
    <trkpt lat="50.9376079" lon="6.7797637">
      <ele>88.4</ele>
      <time>2025-07-13T14:10:17Z</time>
    </trkpt>
    <trkpt lat="50.9375979" lon="6.7796730">
      <ele>88.2</ele>
      <time>2025-07-13T14:10:18Z</time>
    </trkpt>
    <trkpt lat="50.9374928" lon="6.7790102">
      <ele>88.0</ele>
      <time>2025-07-13T14:10:25Z</time>
    </trkpt>
    <trkpt lat="50.9374328" lon="6.7787273">
      <ele>88.2</ele>
      <time>2025-07-13T14:10:28Z</time>
    </trkpt>
    <trkpt lat="50.9373631" lon="6.7783610">
      <ele>88.4</ele>
      <time>2025-07-13T14:10:32Z</time>
    </trkpt>
    <trkpt lat="50.9373320" lon="6.7781910">
      <ele>88.4</ele>
      <time>2025-07-13T14:10:34Z</time>
    </trkpt>
    <trkpt lat="50.9372997" lon="6.7780260">
      <ele>88.4</ele>
      <time>2025-07-13T14:10:36Z</time>
    </trkpt>
    <trkpt lat="50.9372518" lon="6.7778535">
      <ele>88.4</ele>
      <time>2025-07-13T14:10:38Z</time>
    </trkpt>
    <trkpt lat="50.9371255" lon="6.7772217">
      <ele>89.0</ele>
      <time>2025-07-13T14:10:45Z</time>
    </trkpt>
    <trkpt lat="50.9371026" lon="6.7770463">
      <ele>89.6</ele>
      <time>2025-07-13T14:10:47Z</time>
    </trkpt>
    <trkpt lat="50.9370996" lon="6.7769603">
      <ele>89.4</ele>
      <time>2025-07-13T14:10:48Z</time>
    </trkpt>
    <trkpt lat="50.9370920" lon="6.7768742">
      <ele>89.8</ele>
      <time>2025-07-13T14:10:49Z</time>
    </trkpt>
    <trkpt lat="50.9370622" lon="6.7767121">
      <ele>90.0</ele>
      <time>2025-07-13T14:10:51Z</time>
    </trkpt>
    <trkpt lat="50.9370325" lon="6.7764638">
      <ele>90.6</ele>
      <time>2025-07-13T14:10:54Z</time>
    </trkpt>
    <trkpt lat="50.9369776" lon="6.7762023">
      <ele>91.2</ele>
      <time>2025-07-13T14:10:57Z</time>
    </trkpt>
    <trkpt lat="50.9369247" lon="6.7759380">
      <ele>91.6</ele>
      <time>2025-07-13T14:11:00Z</time>
    </trkpt>
    <trkpt lat="50.9368398" lon="6.7754986">
      <ele>92.2</ele>
      <time>2025-07-13T14:11:05Z</time>
    </trkpt>
    <trkpt lat="50.9367565" lon="6.7749072">
      <ele>92.6</ele>
      <time>2025-07-13T14:11:12Z</time>
    </trkpt>
    <trkpt lat="50.9367435" lon="6.7748245">
      <ele>92.6</ele>
      <time>2025-07-13T14:11:13Z</time>
    </trkpt>
    <trkpt lat="50.9367248" lon="6.7747438">
      <ele>92.8</ele>
      <time>2025-07-13T14:11:14Z</time>
    </trkpt>
    <trkpt lat="50.9366323" lon="6.7744522">
      <ele>92.8</ele>
      <time>2025-07-13T14:11:18Z</time>
    </trkpt>
    <trkpt lat="50.9365739" lon="6.7741964">
      <ele>92.8</ele>
      <time>2025-07-13T14:11:21Z</time>
    </trkpt>
    <trkpt lat="50.9365079" lon="6.7737179">
      <ele>93.2</ele>
      <time>2025-07-13T14:11:27Z</time>
    </trkpt>
    <trkpt lat="50.9365008" lon="6.7735677">
      <ele>93.2</ele>
      <time>2025-07-13T14:11:29Z</time>
    </trkpt>
    <trkpt lat="50.9364988" lon="6.7734067">
      <ele>93.6</ele>
      <time>2025-07-13T14:11:31Z</time>
    </trkpt>
    <trkpt lat="50.9364902" lon="6.7733249">
      <ele>93.8</ele>
      <time>2025-07-13T14:11:32Z</time>
    </trkpt>
    <trkpt lat="50.9364748" lon="6.7732428">
      <ele>94.0</ele>
      <time>2025-07-13T14:11:33Z</time>
    </trkpt>
    <trkpt lat="50.9364369" lon="6.7730822">
      <ele>94.4</ele>
      <time>2025-07-13T14:11:35Z</time>
    </trkpt>
    <trkpt lat="50.9364211" lon="6.7730020">
      <ele>94.6</ele>
      <time>2025-07-13T14:11:36Z</time>
    </trkpt>
    <trkpt lat="50.9363803" lon="6.7728453">
      <ele>95.0</ele>
      <time>2025-07-13T14:11:38Z</time>
    </trkpt>
    <trkpt lat="50.9363635" lon="6.7727606">
      <ele>95.2</ele>
      <time>2025-07-13T14:11:39Z</time>
    </trkpt>
    <trkpt lat="50.9363118" lon="6.7724214">
      <ele>95.6</ele>
      <time>2025-07-13T14:11:43Z</time>
    </trkpt>
    <trkpt lat="50.9362867" lon="6.7722600">
      <ele>95.8</ele>
      <time>2025-07-13T14:11:45Z</time>
    </trkpt>
    <trkpt lat="50.9362523" lon="6.7721066">
      <ele>95.8</ele>
      <time>2025-07-13T14:11:47Z</time>
    </trkpt>
    <trkpt lat="50.9362399" lon="6.7720303">
      <ele>95.8</ele>
      <time>2025-07-13T14:11:48Z</time>
    </trkpt>
    <trkpt lat="50.9362129" lon="6.7718764">
      <ele>96.0</ele>
      <time>2025-07-13T14:11:50Z</time>
    </trkpt>
    <trkpt lat="50.9361690" lon="6.7716537">
      <ele>96.2</ele>
      <time>2025-07-13T14:11:53Z</time>
    </trkpt>
    <trkpt lat="50.9361149" lon="6.7715416">
      <ele>96.4</ele>
      <time>2025-07-13T14:11:55Z</time>
    </trkpt>
    <trkpt lat="50.9360918" lon="6.7714806">
      <ele>96.4</ele>
      <time>2025-07-13T14:11:56Z</time>
    </trkpt>
    <trkpt lat="50.9360570" lon="6.7713354">
      <ele>96.6</ele>
      <time>2025-07-13T14:11:58Z</time>
    </trkpt>
    <trkpt lat="50.9360460" lon="6.7712551">
      <ele>96.8</ele>
      <time>2025-07-13T14:11:59Z</time>
    </trkpt>
    <trkpt lat="50.9360260" lon="6.7710882">
      <ele>97.0</ele>
      <time>2025-07-13T14:12:01Z</time>
    </trkpt>
    <trkpt lat="50.9359552" lon="6.7706143">
      <ele>98.0</ele>
      <time>2025-07-13T14:12:07Z</time>
    </trkpt>
    <trkpt lat="50.9359444" lon="6.7705292">
      <ele>98.2</ele>
      <time>2025-07-13T14:12:08Z</time>
    </trkpt>
    <trkpt lat="50.9358664" lon="6.7698939">
      <ele>99.2</ele>
      <time>2025-07-13T14:12:16Z</time>
    </trkpt>
    <trkpt lat="50.9358514" lon="6.7697381">
      <ele>99.4</ele>
      <time>2025-07-13T14:12:18Z</time>
    </trkpt>
    <trkpt lat="50.9358253" lon="6.7693478">
      <ele>99.8</ele>
      <time>2025-07-13T14:12:23Z</time>
    </trkpt>
    <trkpt lat="50.9358196" lon="6.7692697">
      <ele>99.8</ele>
      <time>2025-07-13T14:12:24Z</time>
    </trkpt>
    <trkpt lat="50.9358072" lon="6.7691197">
      <ele>100.4</ele>
      <time>2025-07-13T14:12:26Z</time>
    </trkpt>
    <trkpt lat="50.9357715" lon="6.7688867">
      <ele>100.8</ele>
      <time>2025-07-13T14:12:29Z</time>
    </trkpt>
    <trkpt lat="50.9357633" lon="6.7688105">
      <ele>101.0</ele>
      <time>2025-07-13T14:12:30Z</time>
    </trkpt>
    <trkpt lat="50.9357533" lon="6.7687348">
      <ele>101.6</ele>
      <time>2025-07-13T14:12:31Z</time>
    </trkpt>
    <trkpt lat="50.9357193" lon="6.7685146">
      <ele>102.4</ele>
      <time>2025-07-13T14:12:34Z</time>
    </trkpt>
    <trkpt lat="50.9357082" lon="6.7684420">
      <ele>102.8</ele>
      <time>2025-07-13T14:12:35Z</time>
    </trkpt>
    <trkpt lat="50.9356980" lon="6.7683685">
      <ele>103.4</ele>
      <time>2025-07-13T14:12:36Z</time>
    </trkpt>
    <trkpt lat="50.9356877" lon="6.7682949">
      <ele>103.8</ele>
      <time>2025-07-13T14:12:37Z</time>
    </trkpt>
    <trkpt lat="50.9355905" lon="6.7678174">
      <ele>104.8</ele>
      <time>2025-07-13T14:12:44Z</time>
    </trkpt>
    <trkpt lat="50.9355188" lon="6.7674957">
      <ele>106.0</ele>
      <time>2025-07-13T14:12:49Z</time>
    </trkpt>
    <trkpt lat="50.9354744" lon="6.7673068">
      <ele>106.4</ele>
      <time>2025-07-13T14:12:52Z</time>
    </trkpt>
    <trkpt lat="50.9354452" lon="6.7671817">
      <ele>107.0</ele>
      <time>2025-07-13T14:12:54Z</time>
    </trkpt>
    <trkpt lat="50.9353898" lon="6.7669330">
      <ele>106.6</ele>
      <time>2025-07-13T14:12:58Z</time>
    </trkpt>
    <trkpt lat="50.9353602" lon="6.7668093">
      <ele>108.4</ele>
      <time>2025-07-13T14:13:00Z</time>
    </trkpt>
    <trkpt lat="50.9353286" lon="6.7666883">
      <ele>108.8</ele>
      <time>2025-07-13T14:13:02Z</time>
    </trkpt>
    <trkpt lat="50.9352858" lon="6.7665754">
      <ele>109.0</ele>
      <time>2025-07-13T14:13:04Z</time>
    </trkpt>
    <trkpt lat="50.9352681" lon="6.7665179">
      <ele>109.2</ele>
      <time>2025-07-13T14:13:05Z</time>
    </trkpt>
    <trkpt lat="50.9352385" lon="6.7663972">
      <ele>109.8</ele>
      <time>2025-07-13T14:13:07Z</time>
    </trkpt>
    <trkpt lat="50.9352232" lon="6.7663348">
      <ele>110.2</ele>
      <time>2025-07-13T14:13:08Z</time>
    </trkpt>
    <trkpt lat="50.9351594" lon="6.7660224">
      <ele>111.2</ele>
      <time>2025-07-13T14:13:13Z</time>
    </trkpt>
    <trkpt lat="50.9351450" lon="6.7659603">
      <ele>111.4</ele>
      <time>2025-07-13T14:13:14Z</time>
    </trkpt>
    <trkpt lat="50.9351298" lon="6.7659000">
      <ele>111.6</ele>
      <time>2025-07-13T14:13:15Z</time>
    </trkpt>
    <trkpt lat="50.9350743" lon="6.7656565">
      <ele>112.4</ele>
      <time>2025-07-13T14:13:19Z</time>
    </trkpt>
    <trkpt lat="50.9350471" lon="6.7655384">
      <ele>112.8</ele>
      <time>2025-07-13T14:13:21Z</time>
    </trkpt>
    <trkpt lat="50.9350135" lon="6.7654249">
      <ele>113.4</ele>
      <time>2025-07-13T14:13:23Z</time>
    </trkpt>
    <trkpt lat="50.9350005" lon="6.7653663">
      <ele>113.6</ele>
      <time>2025-07-13T14:13:24Z</time>
    </trkpt>
    <trkpt lat="50.9349588" lon="6.7651936">
      <ele>114.4</ele>
      <time>2025-07-13T14:13:27Z</time>
    </trkpt>
    <trkpt lat="50.9349061" lon="6.7649020">
      <ele>115.4</ele>
      <time>2025-07-13T14:13:32Z</time>
    </trkpt>
    <trkpt lat="50.9348954" lon="6.7648442">
      <ele>115.4</ele>
      <time>2025-07-13T14:13:33Z</time>
    </trkpt>
    <trkpt lat="50.9348622" lon="6.7645408">
      <ele>116.4</ele>
      <time>2025-07-13T14:13:38Z</time>
    </trkpt>
    <trkpt lat="50.9348540" lon="6.7644792">
      <ele>116.6</ele>
      <time>2025-07-13T14:13:39Z</time>
    </trkpt>
    <trkpt lat="50.9348388" lon="6.7643544">
      <ele>116.8</ele>
      <time>2025-07-13T14:13:41Z</time>
    </trkpt>
    <trkpt lat="50.9348213" lon="6.7641632">
      <ele>117.8</ele>
      <time>2025-07-13T14:13:44Z</time>
    </trkpt>
    <trkpt lat="50.9348178" lon="6.7641011">
      <ele>117.8</ele>
      <time>2025-07-13T14:13:45Z</time>
    </trkpt>
    <trkpt lat="50.9347992" lon="6.7637291">
      <ele>119.0</ele>
      <time>2025-07-13T14:13:51Z</time>
    </trkpt>
    <trkpt lat="50.9347970" lon="6.7636617">
      <ele>119.0</ele>
      <time>2025-07-13T14:13:52Z</time>
    </trkpt>
    <trkpt lat="50.9348006" lon="6.7633927">
      <ele>120.2</ele>
      <time>2025-07-13T14:13:56Z</time>
    </trkpt>
    <trkpt lat="50.9348174" lon="6.7630789">
      <ele>121.0</ele>
      <time>2025-07-13T14:14:01Z</time>
    </trkpt>
    <trkpt lat="50.9348244" lon="6.7630197">
      <ele>121.4</ele>
      <time>2025-07-13T14:14:02Z</time>
    </trkpt>
    <trkpt lat="50.9348576" lon="6.7626450">
      <ele>122.8</ele>
      <time>2025-07-13T14:14:08Z</time>
    </trkpt>
    <trkpt lat="50.9348600" lon="6.7625784">
      <ele>123.0</ele>
      <time>2025-07-13T14:14:09Z</time>
    </trkpt>
    <trkpt lat="50.9348734" lon="6.7623174">
      <ele>124.2</ele>
      <time>2025-07-13T14:14:13Z</time>
    </trkpt>
    <trkpt lat="50.9348840" lon="6.7620564">
      <ele>125.2</ele>
      <time>2025-07-13T14:14:17Z</time>
    </trkpt>
    <trkpt lat="50.9348864" lon="6.7619875">
      <ele>125.2</ele>
      <time>2025-07-13T14:14:18Z</time>
    </trkpt>
    <trkpt lat="50.9349148" lon="6.7615752">
      <ele>126.2</ele>
      <time>2025-07-13T14:14:24Z</time>
    </trkpt>
    <trkpt lat="50.9349244" lon="6.7614362">
      <ele>126.8</ele>
      <time>2025-07-13T14:14:26Z</time>
    </trkpt>
    <trkpt lat="50.9349508" lon="6.7610967">
      <ele>127.4</ele>
      <time>2025-07-13T14:14:31Z</time>
    </trkpt>
    <trkpt lat="50.9349681" lon="6.7607626">
      <ele>128.4</ele>
      <time>2025-07-13T14:14:36Z</time>
    </trkpt>
    <trkpt lat="50.9349803" lon="6.7606316">
      <ele>128.8</ele>
      <time>2025-07-13T14:14:38Z</time>
    </trkpt>
    <trkpt lat="50.9350267" lon="6.7600927">
      <ele>129.4</ele>
      <time>2025-07-13T14:14:46Z</time>
    </trkpt>
    <trkpt lat="50.9350386" lon="6.7599490">
      <ele>129.6</ele>
      <time>2025-07-13T14:14:48Z</time>
    </trkpt>
    <trkpt lat="50.9350450" lon="6.7593648">
      <ele>130.2</ele>
      <time>2025-07-13T14:14:56Z</time>
    </trkpt>
    <trkpt lat="50.9350442" lon="6.7592093">
      <ele>130.2</ele>
      <time>2025-07-13T14:14:58Z</time>
    </trkpt>
    <trkpt lat="50.9350024" lon="6.7588032">
      <ele>130.4</ele>
      <time>2025-07-13T14:15:03Z</time>
    </trkpt>
    <trkpt lat="50.9349888" lon="6.7584472">
      <ele>130.4</ele>
      <time>2025-07-13T14:15:07Z</time>
    </trkpt>
    <trkpt lat="50.9349770" lon="6.7583553">
      <ele>130.2</ele>
      <time>2025-07-13T14:15:08Z</time>
    </trkpt>
    <trkpt lat="50.9349182" lon="6.7580993">
      <ele>130.2</ele>
      <time>2025-07-13T14:15:11Z</time>
    </trkpt>
    <trkpt lat="50.9348660" lon="6.7579381">
      <ele>130.2</ele>
      <time>2025-07-13T14:15:13Z</time>
    </trkpt>
    <trkpt lat="50.9346146" lon="6.7572606">
      <ele>130.0</ele>
      <time>2025-07-13T14:15:21Z</time>
    </trkpt>
    <trkpt lat="50.9342823" lon="6.7565292">
      <ele>129.2</ele>
      <time>2025-07-13T14:15:30Z</time>
    </trkpt>
    <trkpt lat="50.9342444" lon="6.7564496">
      <ele>129.0</ele>
      <time>2025-07-13T14:15:31Z</time>
    </trkpt>
    <trkpt lat="50.9339211" lon="6.7557465">
      <ele>128.8</ele>
      <time>2025-07-13T14:15:40Z</time>
    </trkpt>
    <trkpt lat="50.9338845" lon="6.7556650">
      <ele>128.8</ele>
      <time>2025-07-13T14:15:41Z</time>
    </trkpt>
    <trkpt lat="50.9337047" lon="6.7552794">
      <ele>128.8</ele>
      <time>2025-07-13T14:15:46Z</time>
    </trkpt>
    <trkpt lat="50.9336401" lon="6.7551223">
      <ele>128.8</ele>
      <time>2025-07-13T14:15:48Z</time>
    </trkpt>
    <trkpt lat="50.9334643" lon="6.7547359">
      <ele>129.0</ele>
      <time>2025-07-13T14:15:53Z</time>
    </trkpt>
    <trkpt lat="50.9332328" lon="6.7542553">
      <ele>129.2</ele>
      <time>2025-07-13T14:15:59Z</time>
    </trkpt>
    <trkpt lat="50.9329109" lon="6.7536030">
      <ele>129.4</ele>
      <time>2025-07-13T14:16:07Z</time>
    </trkpt>
    <trkpt lat="50.9328339" lon="6.7534407">
      <ele>129.4</ele>
      <time>2025-07-13T14:16:09Z</time>
    </trkpt>
    <trkpt lat="50.9327219" lon="6.7532007">
      <ele>129.4</ele>
      <time>2025-07-13T14:16:12Z</time>
    </trkpt>
    <trkpt lat="50.9323971" lon="6.7525985">
      <ele>129.4</ele>
      <time>2025-07-13T14:16:20Z</time>
    </trkpt>
    <trkpt lat="50.9321630" lon="6.7521594">
      <ele>129.2</ele>
      <time>2025-07-13T14:16:26Z</time>
    </trkpt>
    <trkpt lat="50.9318093" lon="6.7516166">
      <ele>129.6</ele>
      <time>2025-07-13T14:16:34Z</time>
    </trkpt>
    <trkpt lat="50.9316785" lon="6.7514022">
      <ele>129.6</ele>
      <time>2025-07-13T14:16:37Z</time>
    </trkpt>
    <trkpt lat="50.9315903" lon="6.7512643">
      <ele>129.8</ele>
      <time>2025-07-13T14:16:39Z</time>
    </trkpt>
    <trkpt lat="50.9315198" lon="6.7511194">
      <ele>129.8</ele>
      <time>2025-07-13T14:16:41Z</time>
    </trkpt>
    <trkpt lat="50.9314135" lon="6.7509064">
      <ele>129.8</ele>
      <time>2025-07-13T14:16:44Z</time>
    </trkpt>
    <trkpt lat="50.9312804" lon="6.7507050">
      <ele>129.8</ele>
      <time>2025-07-13T14:16:47Z</time>
    </trkpt>
    <trkpt lat="50.9312163" lon="6.7505538">
      <ele>129.8</ele>
      <time>2025-07-13T14:16:49Z</time>
    </trkpt>
    <trkpt lat="50.9311390" lon="6.7504040">
      <ele>130.0</ele>
      <time>2025-07-13T14:16:51Z</time>
    </trkpt>
    <trkpt lat="50.9310982" lon="6.7503329">
      <ele>130.0</ele>
      <time>2025-07-13T14:16:52Z</time>
    </trkpt>
    <trkpt lat="50.9310015" lon="6.7502060">
      <ele>130.2</ele>
      <time>2025-07-13T14:16:54Z</time>
    </trkpt>
    <trkpt lat="50.9307990" lon="6.7498615">
      <ele>130.6</ele>
      <time>2025-07-13T14:16:59Z</time>
    </trkpt>
    <trkpt lat="50.9306189" lon="6.7495561">
      <ele>131.0</ele>
      <time>2025-07-13T14:17:04Z</time>
    </trkpt>
    <trkpt lat="50.9304539" lon="6.7492862">
      <ele>131.2</ele>
      <time>2025-07-13T14:17:08Z</time>
    </trkpt>
    <trkpt lat="50.9304160" lon="6.7492229">
      <ele>131.2</ele>
      <time>2025-07-13T14:17:09Z</time>
    </trkpt>
    <trkpt lat="50.9303806" lon="6.7491539">
      <ele>131.4</ele>
      <time>2025-07-13T14:17:10Z</time>
    </trkpt>
    <trkpt lat="50.9302606" lon="6.7489390">
      <ele>131.8</ele>
      <time>2025-07-13T14:17:13Z</time>
    </trkpt>
    <trkpt lat="50.9301419" lon="6.7487055">
      <ele>132.0</ele>
      <time>2025-07-13T14:17:16Z</time>
    </trkpt>
    <trkpt lat="50.9300947" lon="6.7486302">
      <ele>132.0</ele>
      <time>2025-07-13T14:17:17Z</time>
    </trkpt>
    <trkpt lat="50.9298704" lon="6.7482702">
      <ele>132.4</ele>
      <time>2025-07-13T14:17:22Z</time>
    </trkpt>
    <trkpt lat="50.9297818" lon="6.7481106">
      <ele>132.4</ele>
      <time>2025-07-13T14:17:24Z</time>
    </trkpt>
    <trkpt lat="50.9295001" lon="6.7475516">
      <ele>132.8</ele>
      <time>2025-07-13T14:17:31Z</time>
    </trkpt>
    <trkpt lat="50.9292804" lon="6.7470556">
      <ele>133.0</ele>
      <time>2025-07-13T14:17:37Z</time>
    </trkpt>
    <trkpt lat="50.9292022" lon="6.7468856">
      <ele>133.0</ele>
      <time>2025-07-13T14:17:39Z</time>
    </trkpt>
    <trkpt lat="50.9290663" lon="6.7465023">
      <ele>133.4</ele>
      <time>2025-07-13T14:17:43Z</time>
    </trkpt>
    <trkpt lat="50.9289188" lon="6.7461079">
      <ele>133.0</ele>
      <time>2025-07-13T14:17:47Z</time>
    </trkpt>
    <trkpt lat="50.9288464" lon="6.7459168">
      <ele>132.6</ele>
      <time>2025-07-13T14:17:49Z</time>
    </trkpt>
    <trkpt lat="50.9286021" lon="6.7452885">
      <ele>131.4</ele>
      <time>2025-07-13T14:17:55Z</time>
    </trkpt>
    <trkpt lat="50.9285597" lon="6.7451798">
      <ele>131.2</ele>
      <time>2025-07-13T14:17:56Z</time>
    </trkpt>
    <trkpt lat="50.9284529" lon="6.7448259">
      <ele>130.2</ele>
      <time>2025-07-13T14:17:59Z</time>
    </trkpt>
    <trkpt lat="50.9283720" lon="6.7445902">
      <ele>129.8</ele>
      <time>2025-07-13T14:18:01Z</time>
    </trkpt>
    <trkpt lat="50.9282050" lon="6.7441064">
      <ele>129.0</ele>
      <time>2025-07-13T14:18:05Z</time>
    </trkpt>
    <trkpt lat="50.9280269" lon="6.7436076">
      <ele>128.4</ele>
      <time>2025-07-13T14:18:09Z</time>
    </trkpt>
    <trkpt lat="50.9279388" lon="6.7433541">
      <ele>127.8</ele>
      <time>2025-07-13T14:18:11Z</time>
    </trkpt>
    <trkpt lat="50.9278045" lon="6.7429691">
      <ele>126.8</ele>
      <time>2025-07-13T14:18:14Z</time>
    </trkpt>
    <trkpt lat="50.9277186" lon="6.7427109">
      <ele>126.4</ele>
      <time>2025-07-13T14:18:16Z</time>
    </trkpt>
    <trkpt lat="50.9275421" lon="6.7421862">
      <ele>125.6</ele>
      <time>2025-07-13T14:18:20Z</time>
    </trkpt>
    <trkpt lat="50.9273987" lon="6.7418052">
      <ele>124.2</ele>
      <time>2025-07-13T14:18:23Z</time>
    </trkpt>
    <trkpt lat="50.9273005" lon="6.7415687">
      <ele>123.6</ele>
      <time>2025-07-13T14:18:25Z</time>
    </trkpt>
    <trkpt lat="50.9272238" lon="6.7413106">
      <ele>123.2</ele>
      <time>2025-07-13T14:18:27Z</time>
    </trkpt>
    <trkpt lat="50.9270734" lon="6.7407883">
      <ele>122.2</ele>
      <time>2025-07-13T14:18:31Z</time>
    </trkpt>
    <trkpt lat="50.9269942" lon="6.7405244">
      <ele>122.0</ele>
      <time>2025-07-13T14:18:33Z</time>
    </trkpt>
    <trkpt lat="50.9267600" lon="6.7397179">
      <ele>121.0</ele>
      <time>2025-07-13T14:18:39Z</time>
    </trkpt>
    <trkpt lat="50.9267215" lon="6.7395843">
      <ele>120.8</ele>
      <time>2025-07-13T14:18:40Z</time>
    </trkpt>
    <trkpt lat="50.9265303" lon="6.7389295">
      <ele>119.8</ele>
      <time>2025-07-13T14:18:45Z</time>
    </trkpt>
    <trkpt lat="50.9264476" lon="6.7386696">
      <ele>119.4</ele>
      <time>2025-07-13T14:18:47Z</time>
    </trkpt>
    <trkpt lat="50.9263663" lon="6.7384087">
      <ele>118.8</ele>
      <time>2025-07-13T14:18:49Z</time>
    </trkpt>
    <trkpt lat="50.9261923" lon="6.7377549">
      <ele>117.8</ele>
      <time>2025-07-13T14:18:54Z</time>
    </trkpt>
    <trkpt lat="50.9259492" lon="6.7370009">
      <ele>116.8</ele>
      <time>2025-07-13T14:19:00Z</time>
    </trkpt>
    <trkpt lat="50.9259124" lon="6.7368749">
      <ele>116.4</ele>
      <time>2025-07-13T14:19:01Z</time>
    </trkpt>
    <trkpt lat="50.9257674" lon="6.7363628">
      <ele>115.6</ele>
      <time>2025-07-13T14:19:05Z</time>
    </trkpt>
    <trkpt lat="50.9256623" lon="6.7359833">
      <ele>115.0</ele>
      <time>2025-07-13T14:19:08Z</time>
    </trkpt>
    <trkpt lat="50.9255879" lon="6.7357308">
      <ele>114.6</ele>
      <time>2025-07-13T14:19:10Z</time>
    </trkpt>
    <trkpt lat="50.9254113" lon="6.7351139">
      <ele>113.2</ele>
      <time>2025-07-13T14:19:15Z</time>
    </trkpt>
    <trkpt lat="50.9253803" lon="6.7349900">
      <ele>113.0</ele>
      <time>2025-07-13T14:19:16Z</time>
    </trkpt>
    <trkpt lat="50.9252297" lon="6.7343584">
      <ele>112.2</ele>
      <time>2025-07-13T14:19:21Z</time>
    </trkpt>
    <trkpt lat="50.9251435" lon="6.7339743">
      <ele>112.0</ele>
      <time>2025-07-13T14:19:24Z</time>
    </trkpt>
    <trkpt lat="50.9249799" lon="6.7331011">
      <ele>111.6</ele>
      <time>2025-07-13T14:19:31Z</time>
    </trkpt>
    <trkpt lat="50.9249560" lon="6.7329778">
      <ele>111.4</ele>
      <time>2025-07-13T14:19:32Z</time>
    </trkpt>
    <trkpt lat="50.9248141" lon="6.7321390">
      <ele>111.4</ele>
      <time>2025-07-13T14:19:39Z</time>
    </trkpt>
    <trkpt lat="50.9247941" lon="6.7320217">
      <ele>111.4</ele>
      <time>2025-07-13T14:19:40Z</time>
    </trkpt>
    <trkpt lat="50.9246592" lon="6.7312106">
      <ele>111.2</ele>
      <time>2025-07-13T14:19:47Z</time>
    </trkpt>
    <trkpt lat="50.9245980" lon="6.7308598">
      <ele>111.2</ele>
      <time>2025-07-13T14:19:50Z</time>
    </trkpt>
    <trkpt lat="50.9244505" lon="6.7300270">
      <ele>111.0</ele>
      <time>2025-07-13T14:19:57Z</time>
    </trkpt>
    <trkpt lat="50.9244085" lon="6.7297906">
      <ele>110.8</ele>
      <time>2025-07-13T14:19:59Z</time>
    </trkpt>
    <trkpt lat="50.9243691" lon="6.7295543">
      <ele>110.8</ele>
      <time>2025-07-13T14:20:01Z</time>
    </trkpt>
    <trkpt lat="50.9242124" lon="6.7286278">
      <ele>111.0</ele>
      <time>2025-07-13T14:20:09Z</time>
    </trkpt>
    <trkpt lat="50.9241736" lon="6.7284011">
      <ele>111.0</ele>
      <time>2025-07-13T14:20:11Z</time>
    </trkpt>
    <trkpt lat="50.9240201" lon="6.7275074">
      <ele>111.2</ele>
      <time>2025-07-13T14:20:19Z</time>
    </trkpt>
    <trkpt lat="50.9239818" lon="6.7272884">
      <ele>111.0</ele>
      <time>2025-07-13T14:20:21Z</time>
    </trkpt>
    <trkpt lat="50.9238318" lon="6.7264038">
      <ele>110.8</ele>
      <time>2025-07-13T14:20:29Z</time>
    </trkpt>
    <trkpt lat="50.9237748" lon="6.7260714">
      <ele>110.6</ele>
      <time>2025-07-13T14:20:32Z</time>
    </trkpt>
    <trkpt lat="50.9236148" lon="6.7252011">
      <ele>110.6</ele>
      <time>2025-07-13T14:20:40Z</time>
    </trkpt>
    <trkpt lat="50.9235546" lon="6.7248780">
      <ele>110.6</ele>
      <time>2025-07-13T14:20:43Z</time>
    </trkpt>
    <trkpt lat="50.9234144" lon="6.7240418">
      <ele>110.4</ele>
      <time>2025-07-13T14:20:51Z</time>
    </trkpt>
    <trkpt lat="50.9232833" lon="6.7231903">
      <ele>110.8</ele>
      <time>2025-07-13T14:21:00Z</time>
    </trkpt>
    <trkpt lat="50.9232022" lon="6.7223255">
      <ele>111.2</ele>
      <time>2025-07-13T14:21:09Z</time>
    </trkpt>
    <trkpt lat="50.9231722" lon="6.7216427">
      <ele>112.0</ele>
      <time>2025-07-13T14:21:16Z</time>
    </trkpt>
    <trkpt lat="50.9231679" lon="6.7215468">
      <ele>112.2</ele>
      <time>2025-07-13T14:21:17Z</time>
    </trkpt>
    <trkpt lat="50.9231865" lon="6.7207128">
      <ele>112.2</ele>
      <time>2025-07-13T14:21:26Z</time>
    </trkpt>
    <trkpt lat="50.9232120" lon="6.7201680">
      <ele>112.8</ele>
      <time>2025-07-13T14:21:32Z</time>
    </trkpt>
    <trkpt lat="50.9232188" lon="6.7200780">
      <ele>113.0</ele>
      <time>2025-07-13T14:21:33Z</time>
    </trkpt>
    <trkpt lat="50.9232300" lon="6.7199897">
      <ele>113.0</ele>
      <time>2025-07-13T14:21:34Z</time>
    </trkpt>
    <trkpt lat="50.9232885" lon="6.7194482">
      <ele>113.6</ele>
      <time>2025-07-13T14:21:40Z</time>
    </trkpt>
    <trkpt lat="50.9233082" lon="6.7192508">
      <ele>113.6</ele>
      <time>2025-07-13T14:21:42Z</time>
    </trkpt>
    <trkpt lat="50.9233621" lon="6.7188713">
      <ele>113.6</ele>
      <time>2025-07-13T14:21:46Z</time>
    </trkpt>
    <trkpt lat="50.9234103" lon="6.7183468">
      <ele>113.4</ele>
      <time>2025-07-13T14:21:51Z</time>
    </trkpt>
    <trkpt lat="50.9234312" lon="6.7182391">
      <ele>113.4</ele>
      <time>2025-07-13T14:21:52Z</time>
    </trkpt>
    <trkpt lat="50.9234885" lon="6.7179220">
      <ele>112.8</ele>
      <time>2025-07-13T14:21:55Z</time>
    </trkpt>
    <trkpt lat="50.9235191" lon="6.7176963">
      <ele>112.2</ele>
      <time>2025-07-13T14:21:57Z</time>
    </trkpt>
    <trkpt lat="50.9235319" lon="6.7175808">
      <ele>112.0</ele>
      <time>2025-07-13T14:21:58Z</time>
    </trkpt>
    <trkpt lat="50.9235756" lon="6.7170927">
      <ele>111.6</ele>
      <time>2025-07-13T14:22:02Z</time>
    </trkpt>
    <trkpt lat="50.9236033" lon="6.7166882">
      <ele>110.8</ele>
      <time>2025-07-13T14:22:05Z</time>
    </trkpt>
    <trkpt lat="50.9236355" lon="6.7164076">
      <ele>110.2</ele>
      <time>2025-07-13T14:22:07Z</time>
    </trkpt>
    <trkpt lat="50.9236802" lon="6.7161380">
      <ele>109.4</ele>
      <time>2025-07-13T14:22:09Z</time>
    </trkpt>
    <trkpt lat="50.9237280" lon="6.7155763">
      <ele>108.4</ele>
      <time>2025-07-13T14:22:13Z</time>
    </trkpt>
    <trkpt lat="50.9237392" lon="6.7154327">
      <ele>108.2</ele>
      <time>2025-07-13T14:22:14Z</time>
    </trkpt>
    <trkpt lat="50.9238000" lon="6.7148650">
      <ele>106.8</ele>
      <time>2025-07-13T14:22:18Z</time>
    </trkpt>
    <trkpt lat="50.9238557" lon="6.7144500">
      <ele>105.6</ele>
      <time>2025-07-13T14:22:21Z</time>
    </trkpt>
    <trkpt lat="50.9238879" lon="6.7141790">
      <ele>104.8</ele>
      <time>2025-07-13T14:22:23Z</time>
    </trkpt>
    <trkpt lat="50.9238967" lon="6.7138997">
      <ele>104.4</ele>
      <time>2025-07-13T14:22:25Z</time>
    </trkpt>
    <trkpt lat="50.9238972" lon="6.7137581">
      <ele>104.4</ele>
      <time>2025-07-13T14:22:26Z</time>
    </trkpt>
    <trkpt lat="50.9239268" lon="6.7131916">
      <ele>104.0</ele>
      <time>2025-07-13T14:22:30Z</time>
    </trkpt>
    <trkpt lat="50.9239308" lon="6.7130486">
      <ele>103.8</ele>
      <time>2025-07-13T14:22:31Z</time>
    </trkpt>
    <trkpt lat="50.9239510" lon="6.7129125">
      <ele>103.4</ele>
      <time>2025-07-13T14:22:32Z</time>
    </trkpt>
    <trkpt lat="50.9239835" lon="6.7126396">
      <ele>103.0</ele>
      <time>2025-07-13T14:22:34Z</time>
    </trkpt>
    <trkpt lat="50.9239965" lon="6.7123582">
      <ele>102.2</ele>
      <time>2025-07-13T14:22:36Z</time>
    </trkpt>
    <trkpt lat="50.9239821" lon="6.7119331">
      <ele>101.0</ele>
      <time>2025-07-13T14:22:39Z</time>
    </trkpt>
    <trkpt lat="50.9239751" lon="6.7117951">
      <ele>100.8</ele>
      <time>2025-07-13T14:22:40Z</time>
    </trkpt>
    <trkpt lat="50.9239799" lon="6.7115268">
      <ele>100.4</ele>
      <time>2025-07-13T14:22:42Z</time>
    </trkpt>
    <trkpt lat="50.9239985" lon="6.7113993">
      <ele>99.8</ele>
      <time>2025-07-13T14:22:43Z</time>
    </trkpt>
    <trkpt lat="50.9240288" lon="6.7112755">
      <ele>99.6</ele>
      <time>2025-07-13T14:22:44Z</time>
    </trkpt>
    <trkpt lat="50.9240488" lon="6.7111446">
      <ele>99.4</ele>
      <time>2025-07-13T14:22:45Z</time>
    </trkpt>
    <trkpt lat="50.9240481" lon="6.7110115">
      <ele>99.2</ele>
      <time>2025-07-13T14:22:46Z</time>
    </trkpt>
    <trkpt lat="50.9240244" lon="6.7108820">
      <ele>99.2</ele>
      <time>2025-07-13T14:22:47Z</time>
    </trkpt>
    <trkpt lat="50.9239752" lon="6.7106299">
      <ele>98.8</ele>
      <time>2025-07-13T14:22:49Z</time>
    </trkpt>
    <trkpt lat="50.9239623" lon="6.7105018">
      <ele>98.6</ele>
      <time>2025-07-13T14:22:50Z</time>
    </trkpt>
    <trkpt lat="50.9239375" lon="6.7099571">
      <ele>98.0</ele>
      <time>2025-07-13T14:22:54Z</time>
    </trkpt>
    <trkpt lat="50.9239223" lon="6.7098220">
      <ele>97.4</ele>
      <time>2025-07-13T14:22:55Z</time>
    </trkpt>
    <trkpt lat="50.9239050" lon="6.7093816">
      <ele>96.2</ele>
      <time>2025-07-13T14:22:58Z</time>
    </trkpt>
    <trkpt lat="50.9239019" lon="6.7085841">
      <ele>95.0</ele>
      <time>2025-07-13T14:23:03Z</time>
    </trkpt>
    <trkpt lat="50.9239002" lon="6.7079229">
      <ele>93.6</ele>
      <time>2025-07-13T14:23:07Z</time>
    </trkpt>
    <trkpt lat="50.9238959" lon="6.7077507">
      <ele>92.8</ele>
      <time>2025-07-13T14:23:08Z</time>
    </trkpt>
    <trkpt lat="50.9238963" lon="6.7075852">
      <ele>92.6</ele>
      <time>2025-07-13T14:23:09Z</time>
    </trkpt>
    <trkpt lat="50.9238961" lon="6.7071014">
      <ele>91.2</ele>
      <time>2025-07-13T14:23:12Z</time>
    </trkpt>
    <trkpt lat="50.9238977" lon="6.7066336">
      <ele>90.0</ele>
      <time>2025-07-13T14:23:15Z</time>
    </trkpt>
    <trkpt lat="50.9238993" lon="6.7062007">
      <ele>89.2</ele>
      <time>2025-07-13T14:23:18Z</time>
    </trkpt>
    <trkpt lat="50.9238963" lon="6.7059517">
      <ele>89.0</ele>
      <time>2025-07-13T14:23:20Z</time>
    </trkpt>
    <trkpt lat="50.9238985" lon="6.7057244">
      <ele>88.8</ele>
      <time>2025-07-13T14:23:22Z</time>
    </trkpt>
    <trkpt lat="50.9239164" lon="6.7055026">
      <ele>88.6</ele>
      <time>2025-07-13T14:23:24Z</time>
    </trkpt>
    <trkpt lat="50.9239509" lon="6.7051096">
      <ele>87.8</ele>
      <time>2025-07-13T14:23:27Z</time>
    </trkpt>
    <trkpt lat="50.9239836" lon="6.7046926">
      <ele>86.6</ele>
      <time>2025-07-13T14:23:30Z</time>
    </trkpt>
    <trkpt lat="50.9239947" lon="6.7045755">
      <ele>85.8</ele>
      <time>2025-07-13T14:23:31Z</time>
    </trkpt>
    <trkpt lat="50.9240118" lon="6.7044714">
      <ele>84.6</ele>
      <time>2025-07-13T14:23:32Z</time>
    </trkpt>
    <trkpt lat="50.9241272" lon="6.7042357">
      <ele>83.4</ele>
      <time>2025-07-13T14:23:35Z</time>
    </trkpt>
    <trkpt lat="50.9242213" lon="6.7041393">
      <ele>83.0</ele>
      <time>2025-07-13T14:23:37Z</time>
    </trkpt>
    <trkpt lat="50.9242528" lon="6.7040849">
      <ele>83.0</ele>
      <time>2025-07-13T14:23:38Z</time>
    </trkpt>
    <trkpt lat="50.9242677" lon="6.7040259">
      <ele>82.8</ele>
      <time>2025-07-13T14:23:39Z</time>
    </trkpt>
    <trkpt lat="50.9243044" lon="6.7039339">
      <ele>82.4</ele>
      <time>2025-07-13T14:23:41Z</time>
    </trkpt>
    <trkpt lat="50.9242007" lon="6.7036650">
      <ele>82.2</ele>
      <time>2025-07-13T14:23:44Z</time>
    </trkpt>
    <trkpt lat="50.9241252" lon="6.7034577">
      <ele>82.0</ele>
      <time>2025-07-13T14:23:47Z</time>
    </trkpt>
    <trkpt lat="50.9240768" lon="6.7033880">
      <ele>82.0</ele>
      <time>2025-07-13T14:23:48Z</time>
    </trkpt>
    <trkpt lat="50.9240264" lon="6.7033431">
      <ele>82.0</ele>
      <time>2025-07-13T14:23:49Z</time>
    </trkpt>
    <trkpt lat="50.9239345" lon="6.7032998">
      <ele>82.0</ele>
      <time>2025-07-13T14:23:51Z</time>
    </trkpt>
    <trkpt lat="50.9238746" lon="6.7032956">
      <ele>81.8</ele>
      <time>2025-07-13T14:23:52Z</time>
    </trkpt>
    <trkpt lat="50.9237340" lon="6.7032996">
      <ele>81.8</ele>
      <time>2025-07-13T14:23:55Z</time>
    </trkpt>
    <trkpt lat="50.9237120" lon="6.7032708">
      <ele>81.6</ele>
      <time>2025-07-13T14:23:56Z</time>
    </trkpt>
    <trkpt lat="50.9236958" lon="6.7031387">
      <ele>81.8</ele>
      <time>2025-07-13T14:23:58Z</time>
    </trkpt>
    <trkpt lat="50.9237018" lon="6.7030558">
      <ele>81.8</ele>
      <time>2025-07-13T14:23:59Z</time>
    </trkpt>
    <trkpt lat="50.9237161" lon="6.7026396">
      <ele>81.8</ele>
      <time>2025-07-13T14:24:03Z</time>
    </trkpt>
    <trkpt lat="50.9237334" lon="6.7020641">
      <ele>81.6</ele>
      <time>2025-07-13T14:24:08Z</time>
    </trkpt>
    <trkpt lat="50.9237336" lon="6.7018227">
      <ele>81.4</ele>
      <time>2025-07-13T14:24:10Z</time>
    </trkpt>
    <trkpt lat="50.9237463" lon="6.7012041">
      <ele>80.6</ele>
      <time>2025-07-13T14:24:15Z</time>
    </trkpt>
    <trkpt lat="50.9237432" lon="6.7010799">
      <ele>80.4</ele>
      <time>2025-07-13T14:24:16Z</time>
    </trkpt>
    <trkpt lat="50.9237556" lon="6.7003906">
      <ele>79.4</ele>
      <time>2025-07-13T14:24:21Z</time>
    </trkpt>
    <trkpt lat="50.9237346" lon="6.6995022">
      <ele>78.6</ele>
      <time>2025-07-13T14:24:27Z</time>
    </trkpt>
    <trkpt lat="50.9237376" lon="6.6993501">
      <ele>78.4</ele>
      <time>2025-07-13T14:24:28Z</time>
    </trkpt>
    <trkpt lat="50.9237414" lon="6.6988986">
      <ele>76.8</ele>
      <time>2025-07-13T14:24:31Z</time>
    </trkpt>
    <trkpt lat="50.9237379" lon="6.6984640">
      <ele>76.2</ele>
      <time>2025-07-13T14:24:34Z</time>
    </trkpt>
    <trkpt lat="50.9237374" lon="6.6975860">
      <ele>76.2</ele>
      <time>2025-07-13T14:24:40Z</time>
    </trkpt>
    <trkpt lat="50.9237409" lon="6.6974420">
      <ele>75.6</ele>
      <time>2025-07-13T14:24:41Z</time>
    </trkpt>
    <trkpt lat="50.9237412" lon="6.6972982">
      <ele>75.6</ele>
      <time>2025-07-13T14:24:42Z</time>
    </trkpt>
    <trkpt lat="50.9237269" lon="6.6964454">
      <ele>74.8</ele>
      <time>2025-07-13T14:24:48Z</time>
    </trkpt>
    <trkpt lat="50.9237282" lon="6.6961602">
      <ele>74.4</ele>
      <time>2025-07-13T14:24:50Z</time>
    </trkpt>
    <trkpt lat="50.9237272" lon="6.6956152">
      <ele>73.8</ele>
      <time>2025-07-13T14:24:54Z</time>
    </trkpt>
    <trkpt lat="50.9237377" lon="6.6946820">
      <ele>73.6</ele>
      <time>2025-07-13T14:25:01Z</time>
    </trkpt>
    <trkpt lat="50.9237364" lon="6.6945404">
      <ele>73.4</ele>
      <time>2025-07-13T14:25:02Z</time>
    </trkpt>
    <trkpt lat="50.9237170" lon="6.6936098">
      <ele>72.6</ele>
      <time>2025-07-13T14:25:09Z</time>
    </trkpt>
    <trkpt lat="50.9237236" lon="6.6926807">
      <ele>73.2</ele>
      <time>2025-07-13T14:25:16Z</time>
    </trkpt>
    <trkpt lat="50.9237111" lon="6.6918482">
      <ele>73.2</ele>
      <time>2025-07-13T14:25:22Z</time>
    </trkpt>
    <trkpt lat="50.9237061" lon="6.6909501">
      <ele>72.2</ele>
      <time>2025-07-13T14:25:29Z</time>
    </trkpt>
    <trkpt lat="50.9236964" lon="6.6900595">
      <ele>71.6</ele>
      <time>2025-07-13T14:25:36Z</time>
    </trkpt>
    <trkpt lat="50.9236974" lon="6.6899374">
      <ele>71.6</ele>
      <time>2025-07-13T14:25:37Z</time>
    </trkpt>
    <trkpt lat="50.9236869" lon="6.6889892">
      <ele>71.8</ele>
      <time>2025-07-13T14:25:45Z</time>
    </trkpt>
    <trkpt lat="50.9236879" lon="6.6888732">
      <ele>71.8</ele>
      <time>2025-07-13T14:25:46Z</time>
    </trkpt>
    <trkpt lat="50.9236871" lon="6.6879758">
      <ele>71.6</ele>
      <time>2025-07-13T14:25:54Z</time>
    </trkpt>
    <trkpt lat="50.9236839" lon="6.6878678">
      <ele>71.6</ele>
      <time>2025-07-13T14:25:55Z</time>
    </trkpt>
    <trkpt lat="50.9236722" lon="6.6870879">
      <ele>72.4</ele>
      <time>2025-07-13T14:26:02Z</time>
    </trkpt>
    <trkpt lat="50.9236723" lon="6.6862029">
      <ele>72.8</ele>
      <time>2025-07-13T14:26:10Z</time>
    </trkpt>
    <trkpt lat="50.9236719" lon="6.6860950">
      <ele>72.8</ele>
      <time>2025-07-13T14:26:11Z</time>
    </trkpt>
    <trkpt lat="50.9236661" lon="6.6853840">
      <ele>72.4</ele>
      <time>2025-07-13T14:26:18Z</time>
    </trkpt>
    <trkpt lat="50.9236553" lon="6.6846736">
      <ele>73.2</ele>
      <time>2025-07-13T14:26:25Z</time>
    </trkpt>
    <trkpt lat="50.9236583" lon="6.6843532">
      <ele>73.2</ele>
      <time>2025-07-13T14:26:28Z</time>
    </trkpt>
    <trkpt lat="50.9236555" lon="6.6834931">
      <ele>73.0</ele>
      <time>2025-07-13T14:26:36Z</time>
    </trkpt>
    <trkpt lat="50.9236486" lon="6.6826627">
      <ele>72.2</ele>
      <time>2025-07-13T14:26:44Z</time>
    </trkpt>
    <trkpt lat="50.9236501" lon="6.6825579">
      <ele>72.2</ele>
      <time>2025-07-13T14:26:45Z</time>
    </trkpt>
    <trkpt lat="50.9236220" lon="6.6816981">
      <ele>72.2</ele>
      <time>2025-07-13T14:26:53Z</time>
    </trkpt>
    <trkpt lat="50.9235693" lon="6.6807458">
      <ele>72.4</ele>
      <time>2025-07-13T14:27:02Z</time>
    </trkpt>
    <trkpt lat="50.9235035" lon="6.6798988">
      <ele>72.0</ele>
      <time>2025-07-13T14:27:10Z</time>
    </trkpt>
    <trkpt lat="50.9233983" lon="6.6789679">
      <ele>71.8</ele>
      <time>2025-07-13T14:27:19Z</time>
    </trkpt>
    <trkpt lat="50.9232627" lon="6.6780778">
      <ele>72.0</ele>
      <time>2025-07-13T14:27:28Z</time>
    </trkpt>
    <trkpt lat="50.9232198" lon="6.6778038">
      <ele>72.0</ele>
      <time>2025-07-13T14:27:31Z</time>
    </trkpt>
    <trkpt lat="50.9230769" lon="6.6770958">
      <ele>73.0</ele>
      <time>2025-07-13T14:27:39Z</time>
    </trkpt>
    <trkpt lat="50.9230094" lon="6.6768342">
      <ele>73.4</ele>
      <time>2025-07-13T14:27:42Z</time>
    </trkpt>
    <trkpt lat="50.9228614" lon="6.6763309">
      <ele>74.0</ele>
      <time>2025-07-13T14:27:48Z</time>
    </trkpt>
    <trkpt lat="50.9228106" lon="6.6761624">
      <ele>74.4</ele>
      <time>2025-07-13T14:27:50Z</time>
    </trkpt>
    <trkpt lat="50.9226567" lon="6.6756821">
      <ele>75.6</ele>
      <time>2025-07-13T14:27:56Z</time>
    </trkpt>
    <trkpt lat="50.9224086" lon="6.6750636">
      <ele>76.6</ele>
      <time>2025-07-13T14:28:04Z</time>
    </trkpt>
    <trkpt lat="50.9223774" lon="6.6749861">
      <ele>76.6</ele>
      <time>2025-07-13T14:28:05Z</time>
    </trkpt>
    <trkpt lat="50.9223421" lon="6.6749107">
      <ele>76.8</ele>
      <time>2025-07-13T14:28:06Z</time>
    </trkpt>
    <trkpt lat="50.9221004" lon="6.6743801">
      <ele>77.8</ele>
      <time>2025-07-13T14:28:13Z</time>
    </trkpt>
    <trkpt lat="50.9217692" lon="6.6737450">
      <ele>77.6</ele>
      <time>2025-07-13T14:28:21Z</time>
    </trkpt>
    <trkpt lat="50.9214122" lon="6.6731451">
      <ele>77.4</ele>
      <time>2025-07-13T14:28:29Z</time>
    </trkpt>
    <trkpt lat="50.9210782" lon="6.6726760">
      <ele>77.4</ele>
      <time>2025-07-13T14:28:35Z</time>
    </trkpt>
    <trkpt lat="50.9206363" lon="6.6721457">
      <ele>75.6</ele>
      <time>2025-07-13T14:28:42Z</time>
    </trkpt>
    <trkpt lat="50.9205737" lon="6.6720728">
      <ele>75.6</ele>
      <time>2025-07-13T14:28:43Z</time>
    </trkpt>
    <trkpt lat="50.9201242" lon="6.6715860">
      <ele>74.6</ele>
      <time>2025-07-13T14:28:50Z</time>
    </trkpt>
    <trkpt lat="50.9200579" lon="6.6715167">
      <ele>74.4</ele>
      <time>2025-07-13T14:28:51Z</time>
    </trkpt>
    <trkpt lat="50.9199249" lon="6.6713738">
      <ele>74.0</ele>
      <time>2025-07-13T14:28:53Z</time>
    </trkpt>
    <trkpt lat="50.9195392" lon="6.6709401">
      <ele>73.2</ele>
      <time>2025-07-13T14:28:59Z</time>
    </trkpt>
    <trkpt lat="50.9194154" lon="6.6707856">
      <ele>73.0</ele>
      <time>2025-07-13T14:29:01Z</time>
    </trkpt>
    <trkpt lat="50.9189821" lon="6.6702038">
      <ele>72.2</ele>
      <time>2025-07-13T14:29:08Z</time>
    </trkpt>
    <trkpt lat="50.9188752" lon="6.6700279">
      <ele>72.0</ele>
      <time>2025-07-13T14:29:10Z</time>
    </trkpt>
    <trkpt lat="50.9184901" lon="6.6693048">
      <ele>71.8</ele>
      <time>2025-07-13T14:29:18Z</time>
    </trkpt>
    <trkpt lat="50.9184499" lon="6.6692138">
      <ele>71.8</ele>
      <time>2025-07-13T14:29:19Z</time>
    </trkpt>
    <trkpt lat="50.9181335" lon="6.6684928">
      <ele>72.4</ele>
      <time>2025-07-13T14:29:27Z</time>
    </trkpt>
    <trkpt lat="50.9180944" lon="6.6684014">
      <ele>72.6</ele>
      <time>2025-07-13T14:29:28Z</time>
    </trkpt>
    <trkpt lat="50.9177847" lon="6.6676913">
      <ele>73.0</ele>
      <time>2025-07-13T14:29:36Z</time>
    </trkpt>
    <trkpt lat="50.9177096" lon="6.6675156">
      <ele>73.2</ele>
      <time>2025-07-13T14:29:38Z</time>
    </trkpt>
    <trkpt lat="50.9175568" lon="6.6671647">
      <ele>73.4</ele>
      <time>2025-07-13T14:29:42Z</time>
    </trkpt>
    <trkpt lat="50.9173384" lon="6.6666936">
      <ele>73.4</ele>
      <time>2025-07-13T14:29:48Z</time>
    </trkpt>
    <trkpt lat="50.9172463" lon="6.6666235">
      <ele>73.4</ele>
      <time>2025-07-13T14:29:50Z</time>
    </trkpt>
    <trkpt lat="50.9171525" lon="6.6665624">
      <ele>73.4</ele>
      <time>2025-07-13T14:29:52Z</time>
    </trkpt>
    <trkpt lat="50.9171045" lon="6.6665430">
      <ele>73.4</ele>
      <time>2025-07-13T14:29:53Z</time>
    </trkpt>
    <trkpt lat="50.9170198" lon="6.6665745">
      <ele>73.6</ele>
      <time>2025-07-13T14:29:55Z</time>
    </trkpt>
    <trkpt lat="50.9167694" lon="6.6667752">
      <ele>74.2</ele>
      <time>2025-07-13T14:30:00Z</time>
    </trkpt>
    <trkpt lat="50.9166558" lon="6.6668190">
      <ele>74.2</ele>
      <time>2025-07-13T14:30:02Z</time>
    </trkpt>
    <trkpt lat="50.9165949" lon="6.6668430">
      <ele>74.4</ele>
      <time>2025-07-13T14:30:03Z</time>
    </trkpt>
    <trkpt lat="50.9161878" lon="6.6670274">
      <ele>74.4</ele>
      <time>2025-07-13T14:30:10Z</time>
    </trkpt>
    <trkpt lat="50.9156536" lon="6.6672547">
      <ele>74.0</ele>
      <time>2025-07-13T14:30:19Z</time>
    </trkpt>
    <trkpt lat="50.9151107" lon="6.6674802">
      <ele>74.2</ele>
      <time>2025-07-13T14:30:28Z</time>
    </trkpt>
    <trkpt lat="50.9150493" lon="6.6675097">
      <ele>74.2</ele>
      <time>2025-07-13T14:30:29Z</time>
    </trkpt>
    <trkpt lat="50.9145765" lon="6.6677896">
      <ele>74.4</ele>
      <time>2025-07-13T14:30:37Z</time>
    </trkpt>
    <trkpt lat="50.9144716" lon="6.6678772">
      <ele>74.4</ele>
      <time>2025-07-13T14:30:39Z</time>
    </trkpt>
    <trkpt lat="50.9143730" lon="6.6679472">
      <ele>74.4</ele>
      <time>2025-07-13T14:30:41Z</time>
    </trkpt>
    <trkpt lat="50.9143302" lon="6.6679414">
      <ele>74.4</ele>
      <time>2025-07-13T14:30:42Z</time>
    </trkpt>
    <trkpt lat="50.9143017" lon="6.6679087">
      <ele>74.4</ele>
      <time>2025-07-13T14:30:43Z</time>
    </trkpt>
    <trkpt lat="50.9142644" lon="6.6678002">
      <ele>74.4</ele>
      <time>2025-07-13T14:30:45Z</time>
    </trkpt>
    <trkpt lat="50.9142370" lon="6.6677479">
      <ele>74.4</ele>
      <time>2025-07-13T14:30:46Z</time>
    </trkpt>
    <trkpt lat="50.9141500" lon="6.6676835">
      <ele>74.4</ele>
      <time>2025-07-13T14:30:48Z</time>
    </trkpt>
    <trkpt lat="50.9140607" lon="6.6676341">
      <ele>74.6</ele>
      <time>2025-07-13T14:30:50Z</time>
    </trkpt>
    <trkpt lat="50.9140282" lon="6.6675766">
      <ele>74.6</ele>
      <time>2025-07-13T14:30:51Z</time>
    </trkpt>
    <trkpt lat="50.9140067" lon="6.6675024">
      <ele>74.6</ele>
      <time>2025-07-13T14:30:52Z</time>
    </trkpt>
    <trkpt lat="50.9139522" lon="6.6672603">
      <ele>74.6</ele>
      <time>2025-07-13T14:30:55Z</time>
    </trkpt>
    <trkpt lat="50.9138163" lon="6.6665480">
      <ele>74.6</ele>
      <time>2025-07-13T14:31:03Z</time>
    </trkpt>
    <trkpt lat="50.9136810" lon="6.6656367">
      <ele>75.0</ele>
      <time>2025-07-13T14:31:13Z</time>
    </trkpt>
    <trkpt lat="50.9136380" lon="6.6653531">
      <ele>75.2</ele>
      <time>2025-07-13T14:31:16Z</time>
    </trkpt>
    <trkpt lat="50.9135075" lon="6.6644306">
      <ele>75.4</ele>
      <time>2025-07-13T14:31:26Z</time>
    </trkpt>
    <trkpt lat="50.9133954" lon="6.6637058">
      <ele>75.6</ele>
      <time>2025-07-13T14:31:34Z</time>
    </trkpt>
    <trkpt lat="50.9133806" lon="6.6636170">
      <ele>75.6</ele>
      <time>2025-07-13T14:31:35Z</time>
    </trkpt>
    <trkpt lat="50.9133656" lon="6.6635291">
      <ele>75.6</ele>
      <time>2025-07-13T14:31:36Z</time>
    </trkpt>
    <trkpt lat="50.9132852" lon="6.6630717">
      <ele>75.8</ele>
      <time>2025-07-13T14:31:41Z</time>
    </trkpt>
    <trkpt lat="50.9131677" lon="6.6623085">
      <ele>75.6</ele>
      <time>2025-07-13T14:31:49Z</time>
    </trkpt>
    <trkpt lat="50.9130416" lon="6.6615510">
      <ele>75.8</ele>
      <time>2025-07-13T14:31:57Z</time>
    </trkpt>
    <trkpt lat="50.9128579" lon="6.6609293">
      <ele>76.2</ele>
      <time>2025-07-13T14:32:04Z</time>
    </trkpt>
    <trkpt lat="50.9125836" lon="6.6603951">
      <ele>76.2</ele>
      <time>2025-07-13T14:32:11Z</time>
    </trkpt>
    <trkpt lat="50.9121925" lon="6.6599260">
      <ele>76.2</ele>
      <time>2025-07-13T14:32:19Z</time>
    </trkpt>
    <trkpt lat="50.9117948" lon="6.6596671">
      <ele>76.6</ele>
      <time>2025-07-13T14:32:26Z</time>
    </trkpt>
    <trkpt lat="50.9116141" lon="6.6596004">
      <ele>76.6</ele>
      <time>2025-07-13T14:32:29Z</time>
    </trkpt>
    <trkpt lat="50.9113718" lon="6.6595558">
      <ele>76.8</ele>
      <time>2025-07-13T14:32:33Z</time>
    </trkpt>
    <trkpt lat="50.9108921" lon="6.6594794">
      <ele>77.0</ele>
      <time>2025-07-13T14:32:41Z</time>
    </trkpt>
    <trkpt lat="50.9107789" lon="6.6594444">
      <ele>77.2</ele>
      <time>2025-07-13T14:32:43Z</time>
    </trkpt>
    <trkpt lat="50.9106771" lon="6.6593585">
      <ele>77.2</ele>
      <time>2025-07-13T14:32:45Z</time>
    </trkpt>
    <trkpt lat="50.9105704" lon="6.6593232">
      <ele>77.2</ele>
      <time>2025-07-13T14:32:47Z</time>
    </trkpt>
    <trkpt lat="50.9105159" lon="6.6593427">
      <ele>77.4</ele>
      <time>2025-07-13T14:32:48Z</time>
    </trkpt>
    <trkpt lat="50.9104012" lon="6.6593983">
      <ele>77.4</ele>
      <time>2025-07-13T14:32:50Z</time>
    </trkpt>
    <trkpt lat="50.9102195" lon="6.6594040">
      <ele>77.6</ele>
      <time>2025-07-13T14:32:53Z</time>
    </trkpt>
    <trkpt lat="50.9096649" lon="6.6593402">
      <ele>77.6</ele>
      <time>2025-07-13T14:33:02Z</time>
    </trkpt>
    <trkpt lat="50.9096015" lon="6.6593319">
      <ele>77.8</ele>
      <time>2025-07-13T14:33:03Z</time>
    </trkpt>
    <trkpt lat="50.9091592" lon="6.6593096">
      <ele>78.0</ele>
      <time>2025-07-13T14:33:10Z</time>
    </trkpt>
    <trkpt lat="50.9090948" lon="6.6593062">
      <ele>78.0</ele>
      <time>2025-07-13T14:33:11Z</time>
    </trkpt>
    <trkpt lat="50.9085894" lon="6.6592664">
      <ele>78.2</ele>
      <time>2025-07-13T14:33:19Z</time>
    </trkpt>
    <trkpt lat="50.9084067" lon="6.6593266">
      <ele>78.2</ele>
      <time>2025-07-13T14:33:22Z</time>
    </trkpt>
    <trkpt lat="50.9083450" lon="6.6593318">
      <ele>78.2</ele>
      <time>2025-07-13T14:33:23Z</time>
    </trkpt>
    <trkpt lat="50.9082839" lon="6.6593259">
      <ele>78.2</ele>
      <time>2025-07-13T14:33:24Z</time>
    </trkpt>
    <trkpt lat="50.9080337" lon="6.6592615">
      <ele>77.8</ele>
      <time>2025-07-13T14:33:28Z</time>
    </trkpt>
    <trkpt lat="50.9075514" lon="6.6591513">
      <ele>78.2</ele>
      <time>2025-07-13T14:33:36Z</time>
    </trkpt>
    <trkpt lat="50.9069984" lon="6.6590331">
      <ele>78.6</ele>
      <time>2025-07-13T14:33:45Z</time>
    </trkpt>
    <trkpt lat="50.9068109" lon="6.6589943">
      <ele>78.8</ele>
      <time>2025-07-13T14:33:48Z</time>
    </trkpt>
    <trkpt lat="50.9062509" lon="6.6589191">
      <ele>79.0</ele>
      <time>2025-07-13T14:33:57Z</time>
    </trkpt>
    <trkpt lat="50.9061879" lon="6.6589146">
      <ele>79.0</ele>
      <time>2025-07-13T14:33:58Z</time>
    </trkpt>
    <trkpt lat="50.9060682" lon="6.6589175">
      <ele>79.0</ele>
      <time>2025-07-13T14:34:00Z</time>
    </trkpt>
    <trkpt lat="50.9059539" lon="6.6589216">
      <ele>79.2</ele>
      <time>2025-07-13T14:34:02Z</time>
    </trkpt>
    <trkpt lat="50.9058568" lon="6.6589651">
      <ele>79.2</ele>
      <time>2025-07-13T14:34:04Z</time>
    </trkpt>
    <trkpt lat="50.9057879" lon="6.6590720">
      <ele>79.2</ele>
      <time>2025-07-13T14:34:06Z</time>
    </trkpt>
    <trkpt lat="50.9057119" lon="6.6591322">
      <ele>79.4</ele>
      <time>2025-07-13T14:34:08Z</time>
    </trkpt>
    <trkpt lat="50.9055958" lon="6.6591056">
      <ele>79.6</ele>
      <time>2025-07-13T14:34:11Z</time>
    </trkpt>
    <trkpt lat="50.9055602" lon="6.6590669">
      <ele>79.8</ele>
      <time>2025-07-13T14:34:12Z</time>
    </trkpt>
    <trkpt lat="50.9054877" lon="6.6589819">
      <ele>79.8</ele>
      <time>2025-07-13T14:34:14Z</time>
    </trkpt>
    <trkpt lat="50.9053920" lon="6.6589667">
      <ele>79.8</ele>
      <time>2025-07-13T14:34:16Z</time>
    </trkpt>
    <trkpt lat="50.9050724" lon="6.6589751">
      <ele>80.0</ele>
      <time>2025-07-13T14:34:22Z</time>
    </trkpt>
    <trkpt lat="50.9049628" lon="6.6589848">
      <ele>80.0</ele>
      <time>2025-07-13T14:34:24Z</time>
    </trkpt>
    <trkpt lat="50.9048541" lon="6.6590069">
      <ele>80.0</ele>
      <time>2025-07-13T14:34:26Z</time>
    </trkpt>
    <trkpt lat="50.9047451" lon="6.6590286">
      <ele>80.0</ele>
      <time>2025-07-13T14:34:28Z</time>
    </trkpt>
    <trkpt lat="50.9042316" lon="6.6591071">
      <ele>80.2</ele>
      <time>2025-07-13T14:34:38Z</time>
    </trkpt>
    <trkpt lat="50.9037963" lon="6.6591936">
      <ele>80.4</ele>
      <time>2025-07-13T14:34:46Z</time>
    </trkpt>
    <trkpt lat="50.9032613" lon="6.6593274">
      <ele>80.6</ele>
      <time>2025-07-13T14:34:56Z</time>
    </trkpt>
    <trkpt lat="50.9032108" lon="6.6593454">
      <ele>80.6</ele>
      <time>2025-07-13T14:34:57Z</time>
    </trkpt>
    <trkpt lat="50.9030307" lon="6.6594207">
      <ele>80.8</ele>
      <time>2025-07-13T14:35:01Z</time>
    </trkpt>
    <trkpt lat="50.9029774" lon="6.6594314">
      <ele>80.8</ele>
      <time>2025-07-13T14:35:03Z</time>
    </trkpt>
    <trkpt lat="50.9029542" lon="6.6594434">
      <ele>81.0</ele>
      <time>2025-07-13T14:35:04Z</time>
    </trkpt>
    <trkpt lat="50.9028387" lon="6.6594517">
      <ele>81.4</ele>
      <time>2025-07-13T14:35:07Z</time>
    </trkpt>
    <trkpt lat="50.9025426" lon="6.6594067">
      <ele>81.4</ele>
      <time>2025-07-13T14:35:13Z</time>
    </trkpt>
    <trkpt lat="50.9024040" lon="6.6593641">
      <ele>81.2</ele>
      <time>2025-07-13T14:35:16Z</time>
    </trkpt>
    <trkpt lat="50.9022678" lon="6.6592792">
      <ele>81.0</ele>
      <time>2025-07-13T14:35:19Z</time>
    </trkpt>
    <trkpt lat="50.9020096" lon="6.6591168">
      <ele>80.8</ele>
      <time>2025-07-13T14:35:24Z</time>
    </trkpt>
    <trkpt lat="50.9018818" lon="6.6590207">
      <ele>80.8</ele>
      <time>2025-07-13T14:35:27Z</time>
    </trkpt>
    <trkpt lat="50.9017521" lon="6.6589238">
      <ele>80.8</ele>
      <time>2025-07-13T14:35:30Z</time>
    </trkpt>
    <trkpt lat="50.9014503" lon="6.6587669">
      <ele>81.0</ele>
      <time>2025-07-13T14:35:37Z</time>
    </trkpt>
    <trkpt lat="50.9013590" lon="6.6587011">
      <ele>81.2</ele>
      <time>2025-07-13T14:35:39Z</time>
    </trkpt>
    <trkpt lat="50.9010115" lon="6.6584982">
      <ele>82.0</ele>
      <time>2025-07-13T14:35:46Z</time>
    </trkpt>
    <trkpt lat="50.9009112" lon="6.6584488">
      <ele>82.2</ele>
      <time>2025-07-13T14:35:48Z</time>
    </trkpt>
    <trkpt lat="50.9004523" lon="6.6582220">
      <ele>82.6</ele>
      <time>2025-07-13T14:35:57Z</time>
    </trkpt>
    <trkpt lat="50.9000174" lon="6.6580914">
      <ele>82.6</ele>
      <time>2025-07-13T14:36:05Z</time>
    </trkpt>
    <trkpt lat="50.8997521" lon="6.6580748">
      <ele>82.6</ele>
      <time>2025-07-13T14:36:10Z</time>
    </trkpt>
    <trkpt lat="50.8996441" lon="6.6580874">
      <ele>82.6</ele>
      <time>2025-07-13T14:36:12Z</time>
    </trkpt>
    <trkpt lat="50.8993243" lon="6.6581625">
      <ele>82.8</ele>
      <time>2025-07-13T14:36:18Z</time>
    </trkpt>
    <trkpt lat="50.8990160" lon="6.6583048">
      <ele>83.0</ele>
      <time>2025-07-13T14:36:24Z</time>
    </trkpt>
    <trkpt lat="50.8988694" lon="6.6584027">
      <ele>83.0</ele>
      <time>2025-07-13T14:36:27Z</time>
    </trkpt>
    <trkpt lat="50.8984974" lon="6.6587316">
      <ele>83.2</ele>
      <time>2025-07-13T14:36:35Z</time>
    </trkpt>
    <trkpt lat="50.8984029" lon="6.6588201">
      <ele>83.2</ele>
      <time>2025-07-13T14:36:37Z</time>
    </trkpt>
    <trkpt lat="50.8980373" lon="6.6592074">
      <ele>83.4</ele>
      <time>2025-07-13T14:36:45Z</time>
    </trkpt>
    <trkpt lat="50.8978775" lon="6.6593686">
      <ele>83.4</ele>
      <time>2025-07-13T14:36:49Z</time>
    </trkpt>
    <trkpt lat="50.8978483" lon="6.6593796">
      <ele>83.4</ele>
      <time>2025-07-13T14:36:50Z</time>
    </trkpt>
    <trkpt lat="50.8978323" lon="6.6593745">
      <ele>83.4</ele>
      <time>2025-07-13T14:36:51Z</time>
    </trkpt>
    <trkpt lat="50.8978128" lon="6.6593586">
      <ele>83.4</ele>
      <time>2025-07-13T14:36:53Z</time>
    </trkpt>
    <trkpt lat="50.8977330" lon="6.6593049">
      <ele>84.0</ele>
      <time>2025-07-13T14:36:57Z</time>
    </trkpt>
    <trkpt lat="50.8977020" lon="6.6592925">
      <ele>84.0</ele>
      <time>2025-07-13T14:36:58Z</time>
    </trkpt>
    <trkpt lat="50.8975388" lon="6.6592632">
      <ele>84.0</ele>
      <time>2025-07-13T14:37:03Z</time>
    </trkpt>
    <trkpt lat="50.8975187" lon="6.6592314">
      <ele>84.2</ele>
      <time>2025-07-13T14:37:04Z</time>
    </trkpt>
    <trkpt lat="50.8975033" lon="6.6590031">
      <ele>84.2</ele>
      <time>2025-07-13T14:37:08Z</time>
    </trkpt>
    <trkpt lat="50.8974912" lon="6.6588693">
      <ele>84.2</ele>
      <time>2025-07-13T14:37:10Z</time>
    </trkpt>
    <trkpt lat="50.8974427" lon="6.6585927">
      <ele>84.0</ele>
      <time>2025-07-13T14:37:14Z</time>
    </trkpt>
    <trkpt lat="50.8973387" lon="6.6581473">
      <ele>83.8</ele>
      <time>2025-07-13T14:37:20Z</time>
    </trkpt>
    <trkpt lat="50.8971712" lon="6.6575781">
      <ele>83.8</ele>
      <time>2025-07-13T14:37:28Z</time>
    </trkpt>
    <trkpt lat="50.8971493" lon="6.6575054">
      <ele>83.8</ele>
      <time>2025-07-13T14:37:29Z</time>
    </trkpt>
    <trkpt lat="50.8969901" lon="6.6569570">
      <ele>84.2</ele>
      <time>2025-07-13T14:37:37Z</time>
    </trkpt>
    <trkpt lat="50.8969450" lon="6.6568199">
      <ele>84.2</ele>
      <time>2025-07-13T14:37:39Z</time>
    </trkpt>
    <trkpt lat="50.8967450" lon="6.6561908">
      <ele>84.6</ele>
      <time>2025-07-13T14:37:48Z</time>
    </trkpt>
    <trkpt lat="50.8964950" lon="6.6554001">
      <ele>85.2</ele>
      <time>2025-07-13T14:37:59Z</time>
    </trkpt>
    <trkpt lat="50.8964737" lon="6.6553301">
      <ele>85.2</ele>
      <time>2025-07-13T14:38:00Z</time>
    </trkpt>
    <trkpt lat="50.8963492" lon="6.6549708">
      <ele>85.2</ele>
      <time>2025-07-13T14:38:05Z</time>
    </trkpt>
    <trkpt lat="50.8963014" lon="6.6548259">
      <ele>85.2</ele>
      <time>2025-07-13T14:38:07Z</time>
    </trkpt>
    <trkpt lat="50.8962754" lon="6.6547555">
      <ele>85.2</ele>
      <time>2025-07-13T14:38:08Z</time>
    </trkpt>
    <trkpt lat="50.8962271" lon="6.6546045">
      <ele>85.2</ele>
      <time>2025-07-13T14:38:10Z</time>
    </trkpt>
    <trkpt lat="50.8961947" lon="6.6545428">
      <ele>85.4</ele>
      <time>2025-07-13T14:38:11Z</time>
    </trkpt>
    <trkpt lat="50.8961470" lon="6.6545155">
      <ele>85.4</ele>
      <time>2025-07-13T14:38:12Z</time>
    </trkpt>
    <trkpt lat="50.8960405" lon="6.6545311">
      <ele>85.4</ele>
      <time>2025-07-13T14:38:14Z</time>
    </trkpt>
    <trkpt lat="50.8959330" lon="6.6545539">
      <ele>85.6</ele>
      <time>2025-07-13T14:38:16Z</time>
    </trkpt>
    <trkpt lat="50.8958376" lon="6.6545057">
      <ele>85.6</ele>
      <time>2025-07-13T14:38:18Z</time>
    </trkpt>
    <trkpt lat="50.8957907" lon="6.6544666">
      <ele>85.8</ele>
      <time>2025-07-13T14:38:19Z</time>
    </trkpt>
    <trkpt lat="50.8953570" lon="6.6541178">
      <ele>85.8</ele>
      <time>2025-07-13T14:38:28Z</time>
    </trkpt>
    <trkpt lat="50.8953131" lon="6.6540722">
      <ele>85.8</ele>
      <time>2025-07-13T14:38:29Z</time>
    </trkpt>
    <trkpt lat="50.8949857" lon="6.6537917">
      <ele>86.6</ele>
      <time>2025-07-13T14:38:36Z</time>
    </trkpt>
    <trkpt lat="50.8949354" lon="6.6537521">
      <ele>86.8</ele>
      <time>2025-07-13T14:38:37Z</time>
    </trkpt>
    <trkpt lat="50.8945465" lon="6.6534412">
      <ele>87.2</ele>
      <time>2025-07-13T14:38:45Z</time>
    </trkpt>
    <trkpt lat="50.8943094" lon="6.6532499">
      <ele>87.6</ele>
      <time>2025-07-13T14:38:50Z</time>
    </trkpt>
    <trkpt lat="50.8941659" lon="6.6531377">
      <ele>87.8</ele>
      <time>2025-07-13T14:38:53Z</time>
    </trkpt>
    <trkpt lat="50.8936768" lon="6.6527451">
      <ele>88.4</ele>
      <time>2025-07-13T14:39:03Z</time>
    </trkpt>
    <trkpt lat="50.8936291" lon="6.6527094">
      <ele>88.4</ele>
      <time>2025-07-13T14:39:04Z</time>
    </trkpt>
    <trkpt lat="50.8935808" lon="6.6526785">
      <ele>88.6</ele>
      <time>2025-07-13T14:39:05Z</time>
    </trkpt>
    <trkpt lat="50.8933718" lon="6.6526036">
      <ele>88.6</ele>
      <time>2025-07-13T14:39:09Z</time>
    </trkpt>
    <trkpt lat="50.8933171" lon="6.6525964">
      <ele>88.6</ele>
      <time>2025-07-13T14:39:10Z</time>
    </trkpt>
    <trkpt lat="50.8929935" lon="6.6525291">
      <ele>88.6</ele>
      <time>2025-07-13T14:39:16Z</time>
    </trkpt>
    <trkpt lat="50.8929411" lon="6.6525020">
      <ele>88.6</ele>
      <time>2025-07-13T14:39:17Z</time>
    </trkpt>
    <trkpt lat="50.8928907" lon="6.6524631">
      <ele>88.6</ele>
      <time>2025-07-13T14:39:18Z</time>
    </trkpt>
    <trkpt lat="50.8928036" lon="6.6523462">
      <ele>88.4</ele>
      <time>2025-07-13T14:39:20Z</time>
    </trkpt>
    <trkpt lat="50.8927643" lon="6.6522799">
      <ele>88.4</ele>
      <time>2025-07-13T14:39:21Z</time>
    </trkpt>
    <trkpt lat="50.8926447" lon="6.6520937">
      <ele>88.6</ele>
      <time>2025-07-13T14:39:24Z</time>
    </trkpt>
    <trkpt lat="50.8925644" lon="6.6519079">
      <ele>89.0</ele>
      <time>2025-07-13T14:39:27Z</time>
    </trkpt>
    <trkpt lat="50.8924231" lon="6.6514440">
      <ele>89.4</ele>
      <time>2025-07-13T14:39:32Z</time>
    </trkpt>
    <trkpt lat="50.8924226" lon="6.6513273">
      <ele>89.4</ele>
      <time>2025-07-13T14:39:34Z</time>
    </trkpt>
    <trkpt lat="50.8923056" lon="6.6510602">
      <ele>89.4</ele>
      <time>2025-07-13T14:39:38Z</time>
    </trkpt>
    <trkpt lat="50.8920629" lon="6.6504459">
      <ele>89.4</ele>
      <time>2025-07-13T14:39:46Z</time>
    </trkpt>
    <trkpt lat="50.8917682" lon="6.6496873">
      <ele>89.4</ele>
      <time>2025-07-13T14:39:56Z</time>
    </trkpt>
    <trkpt lat="50.8917353" lon="6.6496201">
      <ele>89.4</ele>
      <time>2025-07-13T14:39:57Z</time>
    </trkpt>
    <trkpt lat="50.8917031" lon="6.6495536">
      <ele>89.4</ele>
      <time>2025-07-13T14:39:58Z</time>
    </trkpt>
    <trkpt lat="50.8915941" lon="6.6492517">
      <ele>89.4</ele>
      <time>2025-07-13T14:40:02Z</time>
    </trkpt>
    <trkpt lat="50.8913420" lon="6.6485607">
      <ele>89.6</ele>
      <time>2025-07-13T14:40:11Z</time>
    </trkpt>
    <trkpt lat="50.8910921" lon="6.6477172">
      <ele>89.6</ele>
      <time>2025-07-13T14:40:21Z</time>
    </trkpt>
    <trkpt lat="50.8910678" lon="6.6476292">
      <ele>89.4</ele>
      <time>2025-07-13T14:40:22Z</time>
    </trkpt>
    <trkpt lat="50.8909458" lon="6.6469403">
      <ele>89.6</ele>
      <time>2025-07-13T14:40:30Z</time>
    </trkpt>
    <trkpt lat="50.8909088" lon="6.6465943">
      <ele>89.6</ele>
      <time>2025-07-13T14:40:34Z</time>
    </trkpt>
    <trkpt lat="50.8908981" lon="6.6463236">
      <ele>89.8</ele>
      <time>2025-07-13T14:40:37Z</time>
    </trkpt>
    <trkpt lat="50.8908629" lon="6.6454445">
      <ele>89.2</ele>
      <time>2025-07-13T14:40:47Z</time>
    </trkpt>
    <trkpt lat="50.8908673" lon="6.6453650">
      <ele>89.2</ele>
      <time>2025-07-13T14:40:48Z</time>
    </trkpt>
    <trkpt lat="50.8909041" lon="6.6452243">
      <ele>89.0</ele>
      <time>2025-07-13T14:40:50Z</time>
    </trkpt>
    <trkpt lat="50.8909288" lon="6.6451611">
      <ele>89.0</ele>
      <time>2025-07-13T14:40:51Z</time>
    </trkpt>
    <trkpt lat="50.8909860" lon="6.6450494">
      <ele>89.4</ele>
      <time>2025-07-13T14:40:53Z</time>
    </trkpt>
    <trkpt lat="50.8910800" lon="6.6449257">
      <ele>89.4</ele>
      <time>2025-07-13T14:40:56Z</time>
    </trkpt>
    <trkpt lat="50.8910911" lon="6.6448293">
      <ele>89.6</ele>
      <time>2025-07-13T14:40:58Z</time>
    </trkpt>
    <trkpt lat="50.8910792" lon="6.6447894">
      <ele>89.6</ele>
      <time>2025-07-13T14:40:59Z</time>
    </trkpt>
    <trkpt lat="50.8909796" lon="6.6446654">
      <ele>90.8</ele>
      <time>2025-07-13T14:41:03Z</time>
    </trkpt>
    <trkpt lat="50.8909477" lon="6.6446280">
      <ele>91.0</ele>
      <time>2025-07-13T14:41:04Z</time>
    </trkpt>
    <trkpt lat="50.8908601" lon="6.6444194">
      <ele>92.0</ele>
      <time>2025-07-13T14:41:08Z</time>
    </trkpt>
    <trkpt lat="50.8908554" lon="6.6443521">
      <ele>92.0</ele>
      <time>2025-07-13T14:41:09Z</time>
    </trkpt>
    <trkpt lat="50.8908092" lon="6.6440569">
      <ele>92.2</ele>
      <time>2025-07-13T14:41:14Z</time>
    </trkpt>
    <trkpt lat="50.8907128" lon="6.6439206">
      <ele>92.2</ele>
      <time>2025-07-13T14:41:17Z</time>
    </trkpt>
    <trkpt lat="50.8905986" lon="6.6438156">
      <ele>92.6</ele>
      <time>2025-07-13T14:41:20Z</time>
    </trkpt>
    <trkpt lat="50.8903500" lon="6.6436519">
      <ele>93.0</ele>
      <time>2025-07-13T14:41:26Z</time>
    </trkpt>
    <trkpt lat="50.8902662" lon="6.6436190">
      <ele>93.2</ele>
      <time>2025-07-13T14:41:28Z</time>
    </trkpt>
    <trkpt lat="50.8899314" lon="6.6435503">
      <ele>94.2</ele>
      <time>2025-07-13T14:41:36Z</time>
    </trkpt>
    <trkpt lat="50.8897162" lon="6.6435213">
      <ele>95.0</ele>
      <time>2025-07-13T14:41:41Z</time>
    </trkpt>
    <trkpt lat="50.8896312" lon="6.6435239">
      <ele>95.2</ele>
      <time>2025-07-13T14:41:43Z</time>
    </trkpt>
    <trkpt lat="50.8895879" lon="6.6435257">
      <ele>95.4</ele>
      <time>2025-07-13T14:41:44Z</time>
    </trkpt>
    <trkpt lat="50.8895438" lon="6.6435242">
      <ele>95.4</ele>
      <time>2025-07-13T14:41:45Z</time>
    </trkpt>
    <trkpt lat="50.8893732" lon="6.6434940">
      <ele>96.2</ele>
      <time>2025-07-13T14:41:49Z</time>
    </trkpt>
    <trkpt lat="50.8893309" lon="6.6434928">
      <ele>96.4</ele>
      <time>2025-07-13T14:41:50Z</time>
    </trkpt>
    <trkpt lat="50.8892439" lon="6.6434934">
      <ele>96.6</ele>
      <time>2025-07-13T14:41:52Z</time>
    </trkpt>
    <trkpt lat="50.8890575" lon="6.6434773">
      <ele>97.4</ele>
      <time>2025-07-13T14:41:56Z</time>
    </trkpt>
    <trkpt lat="50.8890117" lon="6.6434729">
      <ele>97.6</ele>
      <time>2025-07-13T14:41:57Z</time>
    </trkpt>
    <trkpt lat="50.8885319" lon="6.6434577">
      <ele>98.4</ele>
      <time>2025-07-13T14:42:07Z</time>
    </trkpt>
    <trkpt lat="50.8883310" lon="6.6434339">
      <ele>98.4</ele>
      <time>2025-07-13T14:42:11Z</time>
    </trkpt>
    <trkpt lat="50.8881701" lon="6.6434177">
      <ele>98.2</ele>
      <time>2025-07-13T14:42:14Z</time>
    </trkpt>
    <trkpt lat="50.8877350" lon="6.6433913">
      <ele>97.8</ele>
      <time>2025-07-13T14:42:21Z</time>
    </trkpt>
    <trkpt lat="50.8872920" lon="6.6433727">
      <ele>96.4</ele>
      <time>2025-07-13T14:42:27Z</time>
    </trkpt>
    <trkpt lat="50.8870439" lon="6.6433879">
      <ele>95.2</ele>
      <time>2025-07-13T14:42:30Z</time>
    </trkpt>
    <trkpt lat="50.8868818" lon="6.6434509">
      <ele>94.4</ele>
      <time>2025-07-13T14:42:32Z</time>
    </trkpt>
    <trkpt lat="50.8867228" lon="6.6435220">
      <ele>94.0</ele>
      <time>2025-07-13T14:42:34Z</time>
    </trkpt>
    <trkpt lat="50.8864744" lon="6.6435984">
      <ele>92.8</ele>
      <time>2025-07-13T14:42:37Z</time>
    </trkpt>
    <trkpt lat="50.8863919" lon="6.6436226">
      <ele>92.6</ele>
      <time>2025-07-13T14:42:38Z</time>
    </trkpt>
    <trkpt lat="50.8858223" lon="6.6437368">
      <ele>92.4</ele>
      <time>2025-07-13T14:42:45Z</time>
    </trkpt>
    <trkpt lat="50.8855116" lon="6.6438329">
      <ele>92.4</ele>
      <time>2025-07-13T14:42:49Z</time>
    </trkpt>
    <trkpt lat="50.8853578" lon="6.6438218">
      <ele>92.4</ele>
      <time>2025-07-13T14:42:51Z</time>
    </trkpt>
    <trkpt lat="50.8849604" lon="6.6438128">
      <ele>92.2</ele>
      <time>2025-07-13T14:42:56Z</time>
    </trkpt>
    <trkpt lat="50.8844554" lon="6.6437751">
      <ele>92.0</ele>
      <time>2025-07-13T14:43:02Z</time>
    </trkpt>
    <trkpt lat="50.8840339" lon="6.6437503">
      <ele>91.8</ele>
      <time>2025-07-13T14:43:07Z</time>
    </trkpt>
    <trkpt lat="50.8837035" lon="6.6437036">
      <ele>91.6</ele>
      <time>2025-07-13T14:43:11Z</time>
    </trkpt>
    <trkpt lat="50.8830984" lon="6.6435788">
      <ele>91.2</ele>
      <time>2025-07-13T14:43:19Z</time>
    </trkpt>
    <trkpt lat="50.8830259" lon="6.6435587">
      <ele>91.0</ele>
      <time>2025-07-13T14:43:20Z</time>
    </trkpt>
    <trkpt lat="50.8825352" lon="6.6434624">
      <ele>91.0</ele>
      <time>2025-07-13T14:43:27Z</time>
    </trkpt>
    <trkpt lat="50.8824644" lon="6.6434541">
      <ele>91.2</ele>
      <time>2025-07-13T14:43:28Z</time>
    </trkpt>
    <trkpt lat="50.8823918" lon="6.6434381">
      <ele>91.2</ele>
      <time>2025-07-13T14:43:29Z</time>
    </trkpt>
    <trkpt lat="50.8821803" lon="6.6433574">
      <ele>91.4</ele>
      <time>2025-07-13T14:43:32Z</time>
    </trkpt>
    <trkpt lat="50.8816993" lon="6.6431160">
      <ele>91.4</ele>
      <time>2025-07-13T14:43:39Z</time>
    </trkpt>
    <trkpt lat="50.8811785" lon="6.6428245">
      <ele>92.0</ele>
      <time>2025-07-13T14:43:47Z</time>
    </trkpt>
    <trkpt lat="50.8811145" lon="6.6427828">
      <ele>92.0</ele>
      <time>2025-07-13T14:43:48Z</time>
    </trkpt>
    <trkpt lat="50.8806186" lon="6.6424446">
      <ele>92.2</ele>
      <time>2025-07-13T14:43:56Z</time>
    </trkpt>
    <trkpt lat="50.8804413" lon="6.6423119">
      <ele>92.4</ele>
      <time>2025-07-13T14:43:59Z</time>
    </trkpt>
    <trkpt lat="50.8800207" lon="6.6420031">
      <ele>92.8</ele>
      <time>2025-07-13T14:44:06Z</time>
    </trkpt>
    <trkpt lat="50.8799603" lon="6.6419554">
      <ele>93.0</ele>
      <time>2025-07-13T14:44:07Z</time>
    </trkpt>
    <trkpt lat="50.8794123" lon="6.6415553">
      <ele>93.4</ele>
      <time>2025-07-13T14:44:16Z</time>
    </trkpt>
    <trkpt lat="50.8793504" lon="6.6415094">
      <ele>93.4</ele>
      <time>2025-07-13T14:44:17Z</time>
    </trkpt>
    <trkpt lat="50.8788609" lon="6.6411473">
      <ele>93.8</ele>
      <time>2025-07-13T14:44:25Z</time>
    </trkpt>
    <trkpt lat="50.8787371" lon="6.6410543">
      <ele>93.8</ele>
      <time>2025-07-13T14:44:27Z</time>
    </trkpt>
    <trkpt lat="50.8781942" lon="6.6406973">
      <ele>94.0</ele>
      <time>2025-07-13T14:44:36Z</time>
    </trkpt>
    <trkpt lat="50.8781341" lon="6.6406655">
      <ele>94.0</ele>
      <time>2025-07-13T14:44:37Z</time>
    </trkpt>
    <trkpt lat="50.8776475" lon="6.6404158">
      <ele>94.8</ele>
      <time>2025-07-13T14:44:45Z</time>
    </trkpt>
    <trkpt lat="50.8774019" lon="6.6402987">
      <ele>95.0</ele>
      <time>2025-07-13T14:44:49Z</time>
    </trkpt>
    <trkpt lat="50.8771612" lon="6.6401740">
      <ele>95.2</ele>
      <time>2025-07-13T14:44:53Z</time>
    </trkpt>
    <trkpt lat="50.8766092" lon="6.6399040">
      <ele>95.0</ele>
      <time>2025-07-13T14:45:02Z</time>
    </trkpt>
    <trkpt lat="50.8763696" lon="6.6397904">
      <ele>94.8</ele>
      <time>2025-07-13T14:45:06Z</time>
    </trkpt>
    <trkpt lat="50.8763076" lon="6.6397737">
      <ele>94.8</ele>
      <time>2025-07-13T14:45:07Z</time>
    </trkpt>
    <trkpt lat="50.8761847" lon="6.6397958">
      <ele>94.8</ele>
      <time>2025-07-13T14:45:09Z</time>
    </trkpt>
    <trkpt lat="50.8760743" lon="6.6398939">
      <ele>94.8</ele>
      <time>2025-07-13T14:45:11Z</time>
    </trkpt>
    <trkpt lat="50.8759734" lon="6.6400139">
      <ele>94.8</ele>
      <time>2025-07-13T14:45:13Z</time>
    </trkpt>
    <trkpt lat="50.8758627" lon="6.6400625">
      <ele>95.0</ele>
      <time>2025-07-13T14:45:15Z</time>
    </trkpt>
    <trkpt lat="50.8758167" lon="6.6400473">
      <ele>95.2</ele>
      <time>2025-07-13T14:45:16Z</time>
    </trkpt>
    <trkpt lat="50.8757795" lon="6.6400091">
      <ele>95.2</ele>
      <time>2025-07-13T14:45:17Z</time>
    </trkpt>
    <trkpt lat="50.8757203" lon="6.6399004">
      <ele>95.4</ele>
      <time>2025-07-13T14:45:19Z</time>
    </trkpt>
    <trkpt lat="50.8756235" lon="6.6396565">
      <ele>95.6</ele>
      <time>2025-07-13T14:45:23Z</time>
    </trkpt>
    <trkpt lat="50.8755875" lon="6.6396379">
      <ele>95.8</ele>
      <time>2025-07-13T14:45:24Z</time>
    </trkpt>
    <trkpt lat="50.8754897" lon="6.6396581">
      <ele>95.8</ele>
      <time>2025-07-13T14:45:26Z</time>
    </trkpt>
    <trkpt lat="50.8753795" lon="6.6396434">
      <ele>95.8</ele>
      <time>2025-07-13T14:45:28Z</time>
    </trkpt>
    <trkpt lat="50.8753255" lon="6.6396204">
      <ele>95.8</ele>
      <time>2025-07-13T14:45:29Z</time>
    </trkpt>
    <trkpt lat="50.8751556" lon="6.6395808">
      <ele>96.0</ele>
      <time>2025-07-13T14:45:32Z</time>
    </trkpt>
    <trkpt lat="50.8750405" lon="6.6395946">
      <ele>96.0</ele>
      <time>2025-07-13T14:45:34Z</time>
    </trkpt>
    <trkpt lat="50.8749841" lon="6.6396129">
      <ele>96.0</ele>
      <time>2025-07-13T14:45:35Z</time>
    </trkpt>
    <trkpt lat="50.8748229" lon="6.6397167">
      <ele>96.2</ele>
      <time>2025-07-13T14:45:38Z</time>
    </trkpt>
    <trkpt lat="50.8747707" lon="6.6397611">
      <ele>96.4</ele>
      <time>2025-07-13T14:45:39Z</time>
    </trkpt>
    <trkpt lat="50.8742418" lon="6.6402071">
      <ele>96.4</ele>
      <time>2025-07-13T14:45:49Z</time>
    </trkpt>
    <trkpt lat="50.8738272" lon="6.6405523">
      <ele>96.0</ele>
      <time>2025-07-13T14:45:57Z</time>
    </trkpt>
    <trkpt lat="50.8734647" lon="6.6408308">
      <ele>95.8</ele>
      <time>2025-07-13T14:46:04Z</time>
    </trkpt>
    <trkpt lat="50.8730543" lon="6.6411779">
      <ele>96.0</ele>
      <time>2025-07-13T14:46:12Z</time>
    </trkpt>
    <trkpt lat="50.8725859" lon="6.6415445">
      <ele>96.4</ele>
      <time>2025-07-13T14:46:21Z</time>
    </trkpt>
    <trkpt lat="50.8723774" lon="6.6417091">
      <ele>96.6</ele>
      <time>2025-07-13T14:46:25Z</time>
    </trkpt>
    <trkpt lat="50.8720102" lon="6.6420069">
      <ele>96.8</ele>
      <time>2025-07-13T14:46:32Z</time>
    </trkpt>
    <trkpt lat="50.8714782" lon="6.6424268">
      <ele>97.2</ele>
      <time>2025-07-13T14:46:42Z</time>
    </trkpt>
    <trkpt lat="50.8714251" lon="6.6424694">
      <ele>97.2</ele>
      <time>2025-07-13T14:46:43Z</time>
    </trkpt>
    <trkpt lat="50.8709502" lon="6.6428497">
      <ele>97.2</ele>
      <time>2025-07-13T14:46:52Z</time>
    </trkpt>
    <trkpt lat="50.8708442" lon="6.6429366">
      <ele>97.4</ele>
      <time>2025-07-13T14:46:54Z</time>
    </trkpt>
    <trkpt lat="50.8703844" lon="6.6433519">
      <ele>97.8</ele>
      <time>2025-07-13T14:47:03Z</time>
    </trkpt>
    <trkpt lat="50.8700812" lon="6.6436510">
      <ele>98.4</ele>
      <time>2025-07-13T14:47:09Z</time>
    </trkpt>
    <trkpt lat="50.8697717" lon="6.6439511">
      <ele>98.4</ele>
      <time>2025-07-13T14:47:15Z</time>
    </trkpt>
    <trkpt lat="50.8693611" lon="6.6443586">
      <ele>98.4</ele>
      <time>2025-07-13T14:47:23Z</time>
    </trkpt>
    <trkpt lat="50.8688959" lon="6.6448117">
      <ele>98.4</ele>
      <time>2025-07-13T14:47:32Z</time>
    </trkpt>
    <trkpt lat="50.8688477" lon="6.6448629">
      <ele>98.4</ele>
      <time>2025-07-13T14:47:33Z</time>
    </trkpt>
    <trkpt lat="50.8683704" lon="6.6453140">
      <ele>98.6</ele>
      <time>2025-07-13T14:47:42Z</time>
    </trkpt>
    <trkpt lat="50.8682623" lon="6.6454184">
      <ele>98.6</ele>
      <time>2025-07-13T14:47:44Z</time>
    </trkpt>
    <trkpt lat="50.8677762" lon="6.6458935">
      <ele>98.4</ele>
      <time>2025-07-13T14:47:53Z</time>
    </trkpt>
    <trkpt lat="50.8676668" lon="6.6460001">
      <ele>98.4</ele>
      <time>2025-07-13T14:47:55Z</time>
    </trkpt>
    <trkpt lat="50.8672257" lon="6.6464340">
      <ele>98.6</ele>
      <time>2025-07-13T14:48:03Z</time>
    </trkpt>
    <trkpt lat="50.8667720" lon="6.6469022">
      <ele>98.2</ele>
      <time>2025-07-13T14:48:11Z</time>
    </trkpt>
    <trkpt lat="50.8667146" lon="6.6469670">
      <ele>98.2</ele>
      <time>2025-07-13T14:48:12Z</time>
    </trkpt>
    <trkpt lat="50.8662533" lon="6.6474739">
      <ele>97.8</ele>
      <time>2025-07-13T14:48:20Z</time>
    </trkpt>
    <trkpt lat="50.8661966" lon="6.6475382">
      <ele>97.8</ele>
      <time>2025-07-13T14:48:21Z</time>
    </trkpt>
    <trkpt lat="50.8657361" lon="6.6480464">
      <ele>98.0</ele>
      <time>2025-07-13T14:48:29Z</time>
    </trkpt>
    <trkpt lat="50.8656190" lon="6.6481723">
      <ele>98.0</ele>
      <time>2025-07-13T14:48:31Z</time>
    </trkpt>
    <trkpt lat="50.8651553" lon="6.6486885">
      <ele>97.8</ele>
      <time>2025-07-13T14:48:39Z</time>
    </trkpt>
    <trkpt lat="50.8649244" lon="6.6489408">
      <ele>97.6</ele>
      <time>2025-07-13T14:48:43Z</time>
    </trkpt>
    <trkpt lat="50.8646416" lon="6.6492479">
      <ele>97.4</ele>
      <time>2025-07-13T14:48:48Z</time>
    </trkpt>
    <trkpt lat="50.8643065" lon="6.6496075">
      <ele>97.2</ele>
      <time>2025-07-13T14:48:54Z</time>
    </trkpt>
    <trkpt lat="50.8640349" lon="6.6498477">
      <ele>97.0</ele>
      <time>2025-07-13T14:48:59Z</time>
    </trkpt>
    <trkpt lat="50.8639765" lon="6.6498840">
      <ele>97.0</ele>
      <time>2025-07-13T14:49:00Z</time>
    </trkpt>
    <trkpt lat="50.8636526" lon="6.6500702">
      <ele>96.6</ele>
      <time>2025-07-13T14:49:05Z</time>
    </trkpt>
    <trkpt lat="50.8634876" lon="6.6501463">
      <ele>96.2</ele>
      <time>2025-07-13T14:49:08Z</time>
    </trkpt>
    <trkpt lat="50.8634083" lon="6.6501907">
      <ele>96.2</ele>
      <time>2025-07-13T14:49:10Z</time>
    </trkpt>
    <trkpt lat="50.8633734" lon="6.6502690">
      <ele>96.0</ele>
      <time>2025-07-13T14:49:13Z</time>
    </trkpt>
    <trkpt lat="50.8633709" lon="6.6502810">
      <ele>96.4</ele>
      <time>2025-07-13T14:49:17Z</time>
    </trkpt>
    <trkpt lat="50.8633646" lon="6.6502948">
      <ele>96.4</ele>
      <time>2025-07-13T14:49:18Z</time>
    </trkpt>
    <trkpt lat="50.8633539" lon="6.6503627">
      <ele>96.4</ele>
      <time>2025-07-13T14:49:20Z</time>
    </trkpt>
    <trkpt lat="50.8633587" lon="6.6504226">
      <ele>96.4</ele>
      <time>2025-07-13T14:49:21Z</time>
    </trkpt>
    <trkpt lat="50.8633702" lon="6.6504932">
      <ele>96.4</ele>
      <time>2025-07-13T14:49:22Z</time>
    </trkpt>
    <trkpt lat="50.8634133" lon="6.6507129">
      <ele>96.2</ele>
      <time>2025-07-13T14:49:25Z</time>
    </trkpt>
    <trkpt lat="50.8635090" lon="6.6511076">
      <ele>95.6</ele>
      <time>2025-07-13T14:49:30Z</time>
    </trkpt>
    <trkpt lat="50.8636306" lon="6.6516537">
      <ele>95.6</ele>
      <time>2025-07-13T14:49:36Z</time>
    </trkpt>
    <trkpt lat="50.8638077" lon="6.6524714">
      <ele>96.4</ele>
      <time>2025-07-13T14:49:45Z</time>
    </trkpt>
    <trkpt lat="50.8638480" lon="6.6526523">
      <ele>96.6</ele>
      <time>2025-07-13T14:49:47Z</time>
    </trkpt>
    <trkpt lat="50.8640595" lon="6.6533200">
      <ele>97.0</ele>
      <time>2025-07-13T14:49:55Z</time>
    </trkpt>
    <trkpt lat="50.8642276" lon="6.6537107">
      <ele>97.0</ele>
      <time>2025-07-13T14:50:00Z</time>
    </trkpt>
    <trkpt lat="50.8642536" lon="6.6537937">
      <ele>97.0</ele>
      <time>2025-07-13T14:50:01Z</time>
    </trkpt>
    <trkpt lat="50.8642833" lon="6.6538714">
      <ele>97.0</ele>
      <time>2025-07-13T14:50:02Z</time>
    </trkpt>
    <trkpt lat="50.8643534" lon="6.6540143">
      <ele>97.2</ele>
      <time>2025-07-13T14:50:04Z</time>
    </trkpt>
    <trkpt lat="50.8643713" lon="6.6540968">
      <ele>97.2</ele>
      <time>2025-07-13T14:50:05Z</time>
    </trkpt>
    <trkpt lat="50.8643744" lon="6.6541830">
      <ele>97.2</ele>
      <time>2025-07-13T14:50:06Z</time>
    </trkpt>
    <trkpt lat="50.8643389" lon="6.6543498">
      <ele>97.4</ele>
      <time>2025-07-13T14:50:08Z</time>
    </trkpt>
    <trkpt lat="50.8642016" lon="6.6546949">
      <ele>97.2</ele>
      <time>2025-07-13T14:50:12Z</time>
    </trkpt>
    <trkpt lat="50.8641586" lon="6.6547788">
      <ele>97.2</ele>
      <time>2025-07-13T14:50:13Z</time>
    </trkpt>
    <trkpt lat="50.8638821" lon="6.6553639">
      <ele>96.4</ele>
      <time>2025-07-13T14:50:20Z</time>
    </trkpt>
    <trkpt lat="50.8638155" lon="6.6555311">
      <ele>96.0</ele>
      <time>2025-07-13T14:50:22Z</time>
    </trkpt>
    <trkpt lat="50.8637318" lon="6.6556215">
      <ele>95.8</ele>
      <time>2025-07-13T14:50:24Z</time>
    </trkpt>
    <trkpt lat="50.8636312" lon="6.6556612">
      <ele>95.6</ele>
      <time>2025-07-13T14:50:26Z</time>
    </trkpt>
    <trkpt lat="50.8635165" lon="6.6556803">
      <ele>95.6</ele>
      <time>2025-07-13T14:50:29Z</time>
    </trkpt>
    <trkpt lat="50.8634988" lon="6.6556362">
      <ele>95.6</ele>
      <time>2025-07-13T14:50:31Z</time>
    </trkpt>
    <trkpt lat="50.8635325" lon="6.6556102">
      <ele>95.6</ele>
      <time>2025-07-13T14:50:33Z</time>
    </trkpt>
    <trkpt lat="50.8635986" lon="6.6556232">
      <ele>95.6</ele>
      <time>2025-07-13T14:50:35Z</time>
    </trkpt>
    <trkpt lat="50.8636413" lon="6.6556322">
      <ele>95.6</ele>
      <time>2025-07-13T14:50:36Z</time>
    </trkpt>
    <trkpt lat="50.8637346" lon="6.6556113">
      <ele>95.6</ele>
      <time>2025-07-13T14:50:38Z</time>
    </trkpt>
    <trkpt lat="50.8637759" lon="6.6555846">
      <ele>95.6</ele>
      <time>2025-07-13T14:50:39Z</time>
    </trkpt>
    <trkpt lat="50.8638067" lon="6.6555453">
      <ele>95.8</ele>
      <time>2025-07-13T14:50:40Z</time>
    </trkpt>
    <trkpt lat="50.8638378" lon="6.6554679">
      <ele>95.8</ele>
      <time>2025-07-13T14:50:42Z</time>
    </trkpt>
    <trkpt lat="50.8638657" lon="6.6553957">
      <ele>95.8</ele>
      <time>2025-07-13T14:50:45Z</time>
    </trkpt>
    <trkpt lat="50.8638691" lon="6.6553739">
      <ele>96.0</ele>
      <time>2025-07-13T14:50:46Z</time>
    </trkpt>
    <trkpt lat="50.8639030" lon="6.6553196">
      <ele>96.6</ele>
      <time>2025-07-13T14:50:50Z</time>
    </trkpt>
    <trkpt lat="50.8639173" lon="6.6553314">
      <ele>96.6</ele>
      <time>2025-07-13T14:50:51Z</time>
    </trkpt>
    <trkpt lat="50.8639170" lon="6.6553952">
      <ele>96.6</ele>
      <time>2025-07-13T14:50:53Z</time>
    </trkpt>
    <trkpt lat="50.8638808" lon="6.6554791">
      <ele>96.6</ele>
      <time>2025-07-13T14:50:55Z</time>
    </trkpt>
    <trkpt lat="50.8638094" lon="6.6557106">
      <ele>96.4</ele>
      <time>2025-07-13T14:50:59Z</time>
    </trkpt>
    <trkpt lat="50.8637914" lon="6.6557754">
      <ele>96.4</ele>
      <time>2025-07-13T14:51:00Z</time>
    </trkpt>
    <trkpt lat="50.8636987" lon="6.6562581">
      <ele>95.8</ele>
      <time>2025-07-13T14:51:06Z</time>
    </trkpt>
    <trkpt lat="50.8636692" lon="6.6568097">
      <ele>95.4</ele>
      <time>2025-07-13T14:51:12Z</time>
    </trkpt>
    <trkpt lat="50.8636716" lon="6.6569045">
      <ele>95.4</ele>
      <time>2025-07-13T14:51:13Z</time>
    </trkpt>
    <trkpt lat="50.8637226" lon="6.6573780">
      <ele>95.2</ele>
      <time>2025-07-13T14:51:18Z</time>
    </trkpt>
    <trkpt lat="50.8638579" lon="6.6582234">
      <ele>94.6</ele>
      <time>2025-07-13T14:51:27Z</time>
    </trkpt>
    <trkpt lat="50.8639164" lon="6.6585929">
      <ele>94.6</ele>
      <time>2025-07-13T14:51:31Z</time>
    </trkpt>
    <trkpt lat="50.8640567" lon="6.6595099">
      <ele>95.0</ele>
      <time>2025-07-13T14:51:41Z</time>
    </trkpt>
    <trkpt lat="50.8640862" lon="6.6596972">
      <ele>95.0</ele>
      <time>2025-07-13T14:51:43Z</time>
    </trkpt>
    <trkpt lat="50.8642152" lon="6.6605457">
      <ele>95.0</ele>
      <time>2025-07-13T14:51:52Z</time>
    </trkpt>
    <trkpt lat="50.8642315" lon="6.6606418">
      <ele>95.0</ele>
      <time>2025-07-13T14:51:53Z</time>
    </trkpt>
    <trkpt lat="50.8643723" lon="6.6615261">
      <ele>95.2</ele>
      <time>2025-07-13T14:52:02Z</time>
    </trkpt>
    <trkpt lat="50.8644027" lon="6.6617260">
      <ele>94.8</ele>
      <time>2025-07-13T14:52:04Z</time>
    </trkpt>
    <trkpt lat="50.8645393" lon="6.6626143">
      <ele>94.8</ele>
      <time>2025-07-13T14:52:13Z</time>
    </trkpt>
    <trkpt lat="50.8646840" lon="6.6635219">
      <ele>94.8</ele>
      <time>2025-07-13T14:52:22Z</time>
    </trkpt>
    <trkpt lat="50.8647003" lon="6.6636207">
      <ele>94.8</ele>
      <time>2025-07-13T14:52:23Z</time>
    </trkpt>
    <trkpt lat="50.8647168" lon="6.6637201">
      <ele>94.8</ele>
      <time>2025-07-13T14:52:24Z</time>
    </trkpt>
    <trkpt lat="50.8648637" lon="6.6646495">
      <ele>94.6</ele>
      <time>2025-07-13T14:52:33Z</time>
    </trkpt>
    <trkpt lat="50.8650004" lon="6.6655452">
      <ele>94.2</ele>
      <time>2025-07-13T14:52:42Z</time>
    </trkpt>
    <trkpt lat="50.8650281" lon="6.6657455">
      <ele>94.0</ele>
      <time>2025-07-13T14:52:44Z</time>
    </trkpt>
    <trkpt lat="50.8651471" lon="6.6665233">
      <ele>94.0</ele>
      <time>2025-07-13T14:52:52Z</time>
    </trkpt>
    <trkpt lat="50.8651416" lon="6.6668051">
      <ele>94.0</ele>
      <time>2025-07-13T14:52:55Z</time>
    </trkpt>
    <trkpt lat="50.8651818" lon="6.6669788">
      <ele>94.0</ele>
      <time>2025-07-13T14:52:57Z</time>
    </trkpt>
    <trkpt lat="50.8652143" lon="6.6670580">
      <ele>94.0</ele>
      <time>2025-07-13T14:52:58Z</time>
    </trkpt>
    <trkpt lat="50.8652427" lon="6.6671466">
      <ele>94.0</ele>
      <time>2025-07-13T14:52:59Z</time>
    </trkpt>
    <trkpt lat="50.8652945" lon="6.6674410">
      <ele>94.0</ele>
      <time>2025-07-13T14:53:02Z</time>
    </trkpt>
    <trkpt lat="50.8653600" lon="6.6678419">
      <ele>93.6</ele>
      <time>2025-07-13T14:53:06Z</time>
    </trkpt>
    <trkpt lat="50.8654036" lon="6.6681459">
      <ele>93.4</ele>
      <time>2025-07-13T14:53:09Z</time>
    </trkpt>
    <trkpt lat="50.8655278" lon="6.6689565">
      <ele>93.0</ele>
      <time>2025-07-13T14:53:17Z</time>
    </trkpt>
    <trkpt lat="50.8656074" lon="6.6694508">
      <ele>93.0</ele>
      <time>2025-07-13T14:53:22Z</time>
    </trkpt>
    <trkpt lat="50.8657416" lon="6.6703288">
      <ele>92.8</ele>
      <time>2025-07-13T14:53:31Z</time>
    </trkpt>
    <trkpt lat="50.8657860" lon="6.6706174">
      <ele>92.8</ele>
      <time>2025-07-13T14:53:34Z</time>
    </trkpt>
    <trkpt lat="50.8658310" lon="6.6709000">
      <ele>92.6</ele>
      <time>2025-07-13T14:53:37Z</time>
    </trkpt>
    <trkpt lat="50.8659023" lon="6.6713727">
      <ele>92.2</ele>
      <time>2025-07-13T14:53:42Z</time>
    </trkpt>
    <trkpt lat="50.8659762" lon="6.6718468">
      <ele>91.4</ele>
      <time>2025-07-13T14:53:47Z</time>
    </trkpt>
    <trkpt lat="50.8660507" lon="6.6723193">
      <ele>91.4</ele>
      <time>2025-07-13T14:53:52Z</time>
    </trkpt>
    <trkpt lat="50.8660580" lon="6.6726954">
      <ele>91.4</ele>
      <time>2025-07-13T14:53:56Z</time>
    </trkpt>
    <trkpt lat="50.8660700" lon="6.6727881">
      <ele>91.2</ele>
      <time>2025-07-13T14:53:57Z</time>
    </trkpt>
    <trkpt lat="50.8661580" lon="6.6733504">
      <ele>91.0</ele>
      <time>2025-07-13T14:54:03Z</time>
    </trkpt>
    <trkpt lat="50.8662337" lon="6.6739150">
      <ele>91.0</ele>
      <time>2025-07-13T14:54:09Z</time>
    </trkpt>
    <trkpt lat="50.8662496" lon="6.6740050">
      <ele>91.0</ele>
      <time>2025-07-13T14:54:10Z</time>
    </trkpt>
    <trkpt lat="50.8662818" lon="6.6741813">
      <ele>91.0</ele>
      <time>2025-07-13T14:54:12Z</time>
    </trkpt>
    <trkpt lat="50.8663053" lon="6.6743659">
      <ele>91.2</ele>
      <time>2025-07-13T14:54:14Z</time>
    </trkpt>
    <trkpt lat="50.8663914" lon="6.6749010">
      <ele>91.0</ele>
      <time>2025-07-13T14:54:20Z</time>
    </trkpt>
    <trkpt lat="50.8664058" lon="6.6749904">
      <ele>91.0</ele>
      <time>2025-07-13T14:54:21Z</time>
    </trkpt>
    <trkpt lat="50.8664898" lon="6.6755138">
      <ele>90.6</ele>
      <time>2025-07-13T14:54:27Z</time>
    </trkpt>
    <trkpt lat="50.8665027" lon="6.6756077">
      <ele>90.4</ele>
      <time>2025-07-13T14:54:28Z</time>
    </trkpt>
    <trkpt lat="50.8665183" lon="6.6757021">
      <ele>90.4</ele>
      <time>2025-07-13T14:54:29Z</time>
    </trkpt>
    <trkpt lat="50.8666620" lon="6.6765875">
      <ele>90.2</ele>
      <time>2025-07-13T14:54:38Z</time>
    </trkpt>
    <trkpt lat="50.8667910" lon="6.6774185">
      <ele>89.4</ele>
      <time>2025-07-13T14:54:46Z</time>
    </trkpt>
    <trkpt lat="50.8668086" lon="6.6775228">
      <ele>89.4</ele>
      <time>2025-07-13T14:54:47Z</time>
    </trkpt>
    <trkpt lat="50.8668254" lon="6.6776273">
      <ele>89.2</ele>
      <time>2025-07-13T14:54:48Z</time>
    </trkpt>
    <trkpt lat="50.8668897" lon="6.6780238">
      <ele>89.0</ele>
      <time>2025-07-13T14:54:52Z</time>
    </trkpt>
    <trkpt lat="50.8669614" lon="6.6783002">
      <ele>88.8</ele>
      <time>2025-07-13T14:54:55Z</time>
    </trkpt>
    <trkpt lat="50.8669868" lon="6.6784878">
      <ele>88.6</ele>
      <time>2025-07-13T14:54:57Z</time>
    </trkpt>
    <trkpt lat="50.8669915" lon="6.6786828">
      <ele>88.6</ele>
      <time>2025-07-13T14:54:59Z</time>
    </trkpt>
    <trkpt lat="50.8670377" lon="6.6789833">
      <ele>88.4</ele>
      <time>2025-07-13T14:55:02Z</time>
    </trkpt>
    <trkpt lat="50.8670611" lon="6.6791710">
      <ele>88.2</ele>
      <time>2025-07-13T14:55:04Z</time>
    </trkpt>
    <trkpt lat="50.8671682" lon="6.6798426">
      <ele>88.0</ele>
      <time>2025-07-13T14:55:11Z</time>
    </trkpt>
    <trkpt lat="50.8673056" lon="6.6806867">
      <ele>87.6</ele>
      <time>2025-07-13T14:55:19Z</time>
    </trkpt>
    <trkpt lat="50.8673333" lon="6.6807818">
      <ele>87.6</ele>
      <time>2025-07-13T14:55:20Z</time>
    </trkpt>
    <trkpt lat="50.8673627" lon="6.6808727">
      <ele>87.6</ele>
      <time>2025-07-13T14:55:21Z</time>
    </trkpt>
    <trkpt lat="50.8674199" lon="6.6811558">
      <ele>87.6</ele>
      <time>2025-07-13T14:55:24Z</time>
    </trkpt>
    <trkpt lat="50.8674276" lon="6.6812553">
      <ele>87.8</ele>
      <time>2025-07-13T14:55:25Z</time>
    </trkpt>
    <trkpt lat="50.8674256" lon="6.6814618">
      <ele>88.0</ele>
      <time>2025-07-13T14:55:27Z</time>
    </trkpt>
    <trkpt lat="50.8674962" lon="6.6817474">
      <ele>87.8</ele>
      <time>2025-07-13T14:55:30Z</time>
    </trkpt>
    <trkpt lat="50.8675584" lon="6.6820316">
      <ele>87.4</ele>
      <time>2025-07-13T14:55:33Z</time>
    </trkpt>
    <trkpt lat="50.8675809" lon="6.6822311">
      <ele>87.2</ele>
      <time>2025-07-13T14:55:35Z</time>
    </trkpt>
    <trkpt lat="50.8676916" lon="6.6829369">
      <ele>87.0</ele>
      <time>2025-07-13T14:55:42Z</time>
    </trkpt>
    <trkpt lat="50.8678003" lon="6.6836243">
      <ele>86.6</ele>
      <time>2025-07-13T14:55:49Z</time>
    </trkpt>
    <trkpt lat="50.8678256" lon="6.6843276">
      <ele>87.2</ele>
      <time>2025-07-13T14:55:56Z</time>
    </trkpt>
    <trkpt lat="50.8678340" lon="6.6852446">
      <ele>87.4</ele>
      <time>2025-07-13T14:56:05Z</time>
    </trkpt>
    <trkpt lat="50.8678531" lon="6.6860359">
      <ele>87.6</ele>
      <time>2025-07-13T14:56:13Z</time>
    </trkpt>
    <trkpt lat="50.8678526" lon="6.6861311">
      <ele>87.6</ele>
      <time>2025-07-13T14:56:14Z</time>
    </trkpt>
    <trkpt lat="50.8678444" lon="6.6865174">
      <ele>87.8</ele>
      <time>2025-07-13T14:56:18Z</time>
    </trkpt>
    <trkpt lat="50.8678475" lon="6.6868244">
      <ele>87.8</ele>
      <time>2025-07-13T14:56:21Z</time>
    </trkpt>
    <trkpt lat="50.8678590" lon="6.6872421">
      <ele>88.4</ele>
      <time>2025-07-13T14:56:25Z</time>
    </trkpt>
    <trkpt lat="50.8678708" lon="6.6876621">
      <ele>88.6</ele>
      <time>2025-07-13T14:56:29Z</time>
    </trkpt>
    <trkpt lat="50.8679469" lon="6.6884212">
      <ele>87.2</ele>
      <time>2025-07-13T14:56:36Z</time>
    </trkpt>
    <trkpt lat="50.8679598" lon="6.6885286">
      <ele>87.2</ele>
      <time>2025-07-13T14:56:37Z</time>
    </trkpt>
    <trkpt lat="50.8679960" lon="6.6887472">
      <ele>87.2</ele>
      <time>2025-07-13T14:56:39Z</time>
    </trkpt>
    <trkpt lat="50.8680836" lon="6.6891900">
      <ele>87.2</ele>
      <time>2025-07-13T14:56:43Z</time>
    </trkpt>
    <trkpt lat="50.8681892" lon="6.6897273">
      <ele>87.2</ele>
      <time>2025-07-13T14:56:48Z</time>
    </trkpt>
    <trkpt lat="50.8682331" lon="6.6899466">
      <ele>87.2</ele>
      <time>2025-07-13T14:56:50Z</time>
    </trkpt>
    <trkpt lat="50.8683629" lon="6.6905790">
      <ele>87.4</ele>
      <time>2025-07-13T14:56:56Z</time>
    </trkpt>
    <trkpt lat="50.8685095" lon="6.6911691">
      <ele>87.6</ele>
      <time>2025-07-13T14:57:02Z</time>
    </trkpt>
    <trkpt lat="50.8686366" lon="6.6917491">
      <ele>87.4</ele>
      <time>2025-07-13T14:57:08Z</time>
    </trkpt>
    <trkpt lat="50.8687043" lon="6.6921191">
      <ele>87.2</ele>
      <time>2025-07-13T14:57:12Z</time>
    </trkpt>
    <trkpt lat="50.8688188" lon="6.6927791">
      <ele>87.8</ele>
      <time>2025-07-13T14:57:19Z</time>
    </trkpt>
    <trkpt lat="50.8688778" lon="6.6934330">
      <ele>87.6</ele>
      <time>2025-07-13T14:57:26Z</time>
    </trkpt>
    <trkpt lat="50.8689208" lon="6.6937035">
      <ele>87.4</ele>
      <time>2025-07-13T14:57:29Z</time>
    </trkpt>
    <trkpt lat="50.8689892" lon="6.6938360">
      <ele>87.4</ele>
      <time>2025-07-13T14:57:31Z</time>
    </trkpt>
    <trkpt lat="50.8690961" lon="6.6938965">
      <ele>87.8</ele>
      <time>2025-07-13T14:57:33Z</time>
    </trkpt>
    <trkpt lat="50.8691546" lon="6.6939011">
      <ele>87.8</ele>
      <time>2025-07-13T14:57:34Z</time>
    </trkpt>
    <trkpt lat="50.8692108" lon="6.6938947">
      <ele>88.0</ele>
      <time>2025-07-13T14:57:35Z</time>
    </trkpt>
    <trkpt lat="50.8694780" lon="6.6938416">
      <ele>88.0</ele>
      <time>2025-07-13T14:57:40Z</time>
    </trkpt>
    <trkpt lat="50.8695279" lon="6.6938439">
      <ele>88.0</ele>
      <time>2025-07-13T14:57:41Z</time>
    </trkpt>
    <trkpt lat="50.8696380" lon="6.6938878">
      <ele>88.2</ele>
      <time>2025-07-13T14:57:43Z</time>
    </trkpt>
    <trkpt lat="50.8696885" lon="6.6939396">
      <ele>88.2</ele>
      <time>2025-07-13T14:57:44Z</time>
    </trkpt>
    <trkpt lat="50.8697300" lon="6.6940117">
      <ele>88.2</ele>
      <time>2025-07-13T14:57:45Z</time>
    </trkpt>
    <trkpt lat="50.8697838" lon="6.6941910">
      <ele>88.2</ele>
      <time>2025-07-13T14:57:47Z</time>
    </trkpt>
    <trkpt lat="50.8697983" lon="6.6942861">
      <ele>88.2</ele>
      <time>2025-07-13T14:57:48Z</time>
    </trkpt>
    <trkpt lat="50.8698233" lon="6.6944687">
      <ele>88.4</ele>
      <time>2025-07-13T14:57:50Z</time>
    </trkpt>
    <trkpt lat="50.8698475" lon="6.6946121">
      <ele>88.4</ele>
      <time>2025-07-13T14:57:52Z</time>
    </trkpt>
    <trkpt lat="50.8698690" lon="6.6947096">
      <ele>88.4</ele>
      <time>2025-07-13T14:57:55Z</time>
    </trkpt>
    <trkpt lat="50.8698722" lon="6.6947160">
      <ele>89.0</ele>
      <time>2025-07-13T14:58:24Z</time>
    </trkpt>
    <trkpt lat="50.8698827" lon="6.6948312">
      <ele>89.2</ele>
      <time>2025-07-13T14:58:32Z</time>
    </trkpt>
    <trkpt lat="50.8699006" lon="6.6949701">
      <ele>89.0</ele>
      <time>2025-07-13T14:58:34Z</time>
    </trkpt>
    <trkpt lat="50.8699055" lon="6.6950485">
      <ele>89.0</ele>
      <time>2025-07-13T14:58:35Z</time>
    </trkpt>
    <trkpt lat="50.8699198" lon="6.6951336">
      <ele>89.0</ele>
      <time>2025-07-13T14:58:36Z</time>
    </trkpt>
    <trkpt lat="50.8699851" lon="6.6953167">
      <ele>88.4</ele>
      <time>2025-07-13T14:58:38Z</time>
    </trkpt>
    <trkpt lat="50.8700524" lon="6.6954920">
      <ele>87.8</ele>
      <time>2025-07-13T14:58:40Z</time>
    </trkpt>
    <trkpt lat="50.8701837" lon="6.6958627">
      <ele>87.4</ele>
      <time>2025-07-13T14:58:44Z</time>
    </trkpt>
    <trkpt lat="50.8704344" lon="6.6965228">
      <ele>87.8</ele>
      <time>2025-07-13T14:58:51Z</time>
    </trkpt>
    <trkpt lat="50.8707142" lon="6.6972425">
      <ele>87.4</ele>
      <time>2025-07-13T14:58:59Z</time>
    </trkpt>
    <trkpt lat="50.8707815" lon="6.6974195">
      <ele>87.2</ele>
      <time>2025-07-13T14:59:01Z</time>
    </trkpt>
    <trkpt lat="50.8709529" lon="6.6978682">
      <ele>86.6</ele>
      <time>2025-07-13T14:59:06Z</time>
    </trkpt>
    <trkpt lat="50.8709913" lon="6.6979483">
      <ele>86.6</ele>
      <time>2025-07-13T14:59:07Z</time>
    </trkpt>
    <trkpt lat="50.8710320" lon="6.6980249">
      <ele>86.4</ele>
      <time>2025-07-13T14:59:08Z</time>
    </trkpt>
    <trkpt lat="50.8710721" lon="6.6980975">
      <ele>86.2</ele>
      <time>2025-07-13T14:59:09Z</time>
    </trkpt>
    <trkpt lat="50.8711147" lon="6.6981676">
      <ele>86.0</ele>
      <time>2025-07-13T14:59:10Z</time>
    </trkpt>
    <trkpt lat="50.8711606" lon="6.6982322">
      <ele>86.0</ele>
      <time>2025-07-13T14:59:11Z</time>
    </trkpt>
    <trkpt lat="50.8714564" lon="6.6985825">
      <ele>85.4</ele>
      <time>2025-07-13T14:59:17Z</time>
    </trkpt>
    <trkpt lat="50.8716028" lon="6.6987514">
      <ele>85.0</ele>
      <time>2025-07-13T14:59:20Z</time>
    </trkpt>
    <trkpt lat="50.8719467" lon="6.6991520">
      <ele>84.4</ele>
      <time>2025-07-13T14:59:27Z</time>
    </trkpt>
    <trkpt lat="50.8721423" lon="6.6993886">
      <ele>84.0</ele>
      <time>2025-07-13T14:59:31Z</time>
    </trkpt>
    <trkpt lat="50.8723965" lon="6.6996892">
      <ele>83.2</ele>
      <time>2025-07-13T14:59:36Z</time>
    </trkpt>
    <trkpt lat="50.8725471" lon="6.6998677">
      <ele>82.8</ele>
      <time>2025-07-13T14:59:39Z</time>
    </trkpt>
    <trkpt lat="50.8730049" lon="6.7004089">
      <ele>82.6</ele>
      <time>2025-07-13T14:59:48Z</time>
    </trkpt>
    <trkpt lat="50.8733568" lon="6.7008297">
      <ele>82.4</ele>
      <time>2025-07-13T14:59:55Z</time>
    </trkpt>
    <trkpt lat="50.8736539" lon="6.7011870">
      <ele>81.8</ele>
      <time>2025-07-13T15:00:01Z</time>
    </trkpt>
    <trkpt lat="50.8737513" lon="6.7013049">
      <ele>81.8</ele>
      <time>2025-07-13T15:00:03Z</time>
    </trkpt>
    <trkpt lat="50.8741947" lon="6.7018325">
      <ele>81.6</ele>
      <time>2025-07-13T15:00:12Z</time>
    </trkpt>
    <trkpt lat="50.8743338" lon="6.7020217">
      <ele>81.6</ele>
      <time>2025-07-13T15:00:15Z</time>
    </trkpt>
    <trkpt lat="50.8746829" lon="6.7024257">
      <ele>81.8</ele>
      <time>2025-07-13T15:00:22Z</time>
    </trkpt>
    <trkpt lat="50.8747303" lon="6.7024809">
      <ele>81.8</ele>
      <time>2025-07-13T15:00:23Z</time>
    </trkpt>
    <trkpt lat="50.8749038" lon="6.7027079">
      <ele>82.0</ele>
      <time>2025-07-13T15:00:27Z</time>
    </trkpt>
    <trkpt lat="50.8749494" lon="6.7027708">
      <ele>82.0</ele>
      <time>2025-07-13T15:00:28Z</time>
    </trkpt>
    <trkpt lat="50.8751004" lon="6.7029552">
      <ele>82.2</ele>
      <time>2025-07-13T15:00:31Z</time>
    </trkpt>
    <trkpt lat="50.8753172" lon="6.7032101">
      <ele>82.2</ele>
      <time>2025-07-13T15:00:35Z</time>
    </trkpt>
    <trkpt lat="50.8755218" lon="6.7034564">
      <ele>82.2</ele>
      <time>2025-07-13T15:00:39Z</time>
    </trkpt>
    <trkpt lat="50.8758754" lon="6.7038574">
      <ele>82.2</ele>
      <time>2025-07-13T15:00:46Z</time>
    </trkpt>
    <trkpt lat="50.8761786" lon="6.7042274">
      <ele>82.2</ele>
      <time>2025-07-13T15:00:52Z</time>
    </trkpt>
    <trkpt lat="50.8762180" lon="6.7042979">
      <ele>82.2</ele>
      <time>2025-07-13T15:00:53Z</time>
    </trkpt>
    <trkpt lat="50.8762699" lon="6.7044608">
      <ele>82.2</ele>
      <time>2025-07-13T15:00:55Z</time>
    </trkpt>
    <trkpt lat="50.8763490" lon="6.7045911">
      <ele>82.2</ele>
      <time>2025-07-13T15:00:57Z</time>
    </trkpt>
    <trkpt lat="50.8764030" lon="6.7046182">
      <ele>82.2</ele>
      <time>2025-07-13T15:00:58Z</time>
    </trkpt>
    <trkpt lat="50.8765301" lon="6.7046577">
      <ele>82.0</ele>
      <time>2025-07-13T15:01:00Z</time>
    </trkpt>
    <trkpt lat="50.8766403" lon="6.7047657">
      <ele>81.8</ele>
      <time>2025-07-13T15:01:02Z</time>
    </trkpt>
    <trkpt lat="50.8770098" lon="6.7052126">
      <ele>81.0</ele>
      <time>2025-07-13T15:01:09Z</time>
    </trkpt>
    <trkpt lat="50.8773302" lon="6.7055843">
      <ele>80.8</ele>
      <time>2025-07-13T15:01:15Z</time>
    </trkpt>
    <trkpt lat="50.8774902" lon="6.7057743">
      <ele>80.8</ele>
      <time>2025-07-13T15:01:18Z</time>
    </trkpt>
    <trkpt lat="50.8779591" lon="6.7063537">
      <ele>80.8</ele>
      <time>2025-07-13T15:01:27Z</time>
    </trkpt>
    <trkpt lat="50.8784201" lon="6.7068925">
      <ele>80.8</ele>
      <time>2025-07-13T15:01:36Z</time>
    </trkpt>
    <trkpt lat="50.8785227" lon="6.7070126">
      <ele>81.0</ele>
      <time>2025-07-13T15:01:38Z</time>
    </trkpt>
    <trkpt lat="50.8788616" lon="6.7074207">
      <ele>81.2</ele>
      <time>2025-07-13T15:01:45Z</time>
    </trkpt>
    <trkpt lat="50.8792655" lon="6.7079003">
      <ele>81.8</ele>
      <time>2025-07-13T15:01:53Z</time>
    </trkpt>
    <trkpt lat="50.8793175" lon="6.7079598">
      <ele>81.8</ele>
      <time>2025-07-13T15:01:54Z</time>
    </trkpt>
    <trkpt lat="50.8797743" lon="6.7085086">
      <ele>82.0</ele>
      <time>2025-07-13T15:02:03Z</time>
    </trkpt>
    <trkpt lat="50.8801134" lon="6.7090454">
      <ele>81.4</ele>
      <time>2025-07-13T15:02:11Z</time>
    </trkpt>
    <trkpt lat="50.8803961" lon="6.7096899">
      <ele>81.6</ele>
      <time>2025-07-13T15:02:19Z</time>
    </trkpt>
    <trkpt lat="50.8806927" lon="6.7104375">
      <ele>81.8</ele>
      <time>2025-07-13T15:02:28Z</time>
    </trkpt>
    <trkpt lat="50.8809521" lon="6.7110747">
      <ele>81.6</ele>
      <time>2025-07-13T15:02:36Z</time>
    </trkpt>
    <trkpt lat="50.8811060" lon="6.7114614">
      <ele>81.4</ele>
      <time>2025-07-13T15:02:41Z</time>
    </trkpt>
    <trkpt lat="50.8811411" lon="6.7115345">
      <ele>81.4</ele>
      <time>2025-07-13T15:02:42Z</time>
    </trkpt>
    <trkpt lat="50.8813081" lon="6.7119218">
      <ele>81.4</ele>
      <time>2025-07-13T15:02:47Z</time>
    </trkpt>
    <trkpt lat="50.8813385" lon="6.7120064">
      <ele>81.4</ele>
      <time>2025-07-13T15:02:48Z</time>
    </trkpt>
    <trkpt lat="50.8816429" lon="6.7127751">
      <ele>81.6</ele>
      <time>2025-07-13T15:02:57Z</time>
    </trkpt>
    <trkpt lat="50.8818038" lon="6.7132031">
      <ele>81.6</ele>
      <time>2025-07-13T15:03:02Z</time>
    </trkpt>
    <trkpt lat="50.8818347" lon="6.7132800">
      <ele>81.8</ele>
      <time>2025-07-13T15:03:03Z</time>
    </trkpt>
    <trkpt lat="50.8819909" lon="6.7136927">
      <ele>82.2</ele>
      <time>2025-07-13T15:03:08Z</time>
    </trkpt>
    <trkpt lat="50.8820648" lon="6.7138427">
      <ele>82.4</ele>
      <time>2025-07-13T15:03:10Z</time>
    </trkpt>
    <trkpt lat="50.8821791" lon="6.7141445">
      <ele>82.6</ele>
      <time>2025-07-13T15:03:14Z</time>
    </trkpt>
    <trkpt lat="50.8822018" lon="6.7142220">
      <ele>82.6</ele>
      <time>2025-07-13T15:03:15Z</time>
    </trkpt>
    <trkpt lat="50.8822307" lon="6.7142995">
      <ele>82.6</ele>
      <time>2025-07-13T15:03:16Z</time>
    </trkpt>
    <trkpt lat="50.8823686" lon="6.7146143">
      <ele>82.8</ele>
      <time>2025-07-13T15:03:20Z</time>
    </trkpt>
    <trkpt lat="50.8824328" lon="6.7147731">
      <ele>83.0</ele>
      <time>2025-07-13T15:03:22Z</time>
    </trkpt>
    <trkpt lat="50.8825192" lon="6.7149994">
      <ele>83.4</ele>
      <time>2025-07-13T15:03:25Z</time>
    </trkpt>
    <trkpt lat="50.8826163" lon="6.7152336">
      <ele>83.6</ele>
      <time>2025-07-13T15:03:28Z</time>
    </trkpt>
    <trkpt lat="50.8828563" lon="6.7158542">
      <ele>83.0</ele>
      <time>2025-07-13T15:03:35Z</time>
    </trkpt>
    <trkpt lat="50.8829406" lon="6.7161037">
      <ele>82.2</ele>
      <time>2025-07-13T15:03:38Z</time>
    </trkpt>
    <trkpt lat="50.8829638" lon="6.7161860">
      <ele>82.0</ele>
      <time>2025-07-13T15:03:39Z</time>
    </trkpt>
    <trkpt lat="50.8829929" lon="6.7162713">
      <ele>81.8</ele>
      <time>2025-07-13T15:03:40Z</time>
    </trkpt>
    <trkpt lat="50.8831849" lon="6.7167937">
      <ele>81.6</ele>
      <time>2025-07-13T15:03:46Z</time>
    </trkpt>
    <trkpt lat="50.8834474" lon="6.7173843">
      <ele>81.6</ele>
      <time>2025-07-13T15:03:52Z</time>
    </trkpt>
    <trkpt lat="50.8836353" lon="6.7178722">
      <ele>81.8</ele>
      <time>2025-07-13T15:03:57Z</time>
    </trkpt>
    <trkpt lat="50.8837979" lon="6.7182638">
      <ele>82.2</ele>
      <time>2025-07-13T15:04:02Z</time>
    </trkpt>
    <trkpt lat="50.8838859" lon="6.7185048">
      <ele>83.0</ele>
      <time>2025-07-13T15:04:06Z</time>
    </trkpt>
    <trkpt lat="50.8839024" lon="6.7185683">
      <ele>83.4</ele>
      <time>2025-07-13T15:04:08Z</time>
    </trkpt>
    <trkpt lat="50.8838183" lon="6.7187177">
      <ele>84.0</ele>
      <time>2025-07-13T15:04:13Z</time>
    </trkpt>
    <trkpt lat="50.8837770" lon="6.7187465">
      <ele>84.0</ele>
      <time>2025-07-13T15:04:14Z</time>
    </trkpt>
    <trkpt lat="50.8836092" lon="6.7188415">
      <ele>84.2</ele>
      <time>2025-07-13T15:04:17Z</time>
    </trkpt>
    <trkpt lat="50.8832404" lon="6.7190819">
      <ele>83.6</ele>
      <time>2025-07-13T15:04:23Z</time>
    </trkpt>
    <trkpt lat="50.8828257" lon="6.7194180">
      <ele>83.2</ele>
      <time>2025-07-13T15:04:30Z</time>
    </trkpt>
    <trkpt lat="50.8825377" lon="6.7196593">
      <ele>83.2</ele>
      <time>2025-07-13T15:04:35Z</time>
    </trkpt>
    <trkpt lat="50.8824213" lon="6.7197744">
      <ele>83.2</ele>
      <time>2025-07-13T15:04:37Z</time>
    </trkpt>
    <trkpt lat="50.8819109" lon="6.7202253">
      <ele>83.0</ele>
      <time>2025-07-13T15:04:45Z</time>
    </trkpt>
    <trkpt lat="50.8818467" lon="6.7202854">
      <ele>83.0</ele>
      <time>2025-07-13T15:04:46Z</time>
    </trkpt>
    <trkpt lat="50.8813622" lon="6.7207780">
      <ele>82.8</ele>
      <time>2025-07-13T15:04:54Z</time>
    </trkpt>
    <trkpt lat="50.8813083" lon="6.7208302">
      <ele>82.8</ele>
      <time>2025-07-13T15:04:55Z</time>
    </trkpt>
    <trkpt lat="50.8811381" lon="6.7209913">
      <ele>82.8</ele>
      <time>2025-07-13T15:04:58Z</time>
    </trkpt>
    <trkpt lat="50.8808319" lon="6.7213265">
      <ele>83.2</ele>
      <time>2025-07-13T15:05:03Z</time>
    </trkpt>
    <trkpt lat="50.8806537" lon="6.7215221">
      <ele>83.0</ele>
      <time>2025-07-13T15:05:06Z</time>
    </trkpt>
    <trkpt lat="50.8804716" lon="6.7217466">
      <ele>83.0</ele>
      <time>2025-07-13T15:05:09Z</time>
    </trkpt>
    <trkpt lat="50.8800497" lon="6.7222883">
      <ele>83.0</ele>
      <time>2025-07-13T15:05:16Z</time>
    </trkpt>
    <trkpt lat="50.8798962" lon="6.7225097">
      <ele>83.0</ele>
      <time>2025-07-13T15:05:19Z</time>
    </trkpt>
    <trkpt lat="50.8795963" lon="6.7229436">
      <ele>83.2</ele>
      <time>2025-07-13T15:05:25Z</time>
    </trkpt>
    <trkpt lat="50.8793865" lon="6.7232583">
      <ele>83.4</ele>
      <time>2025-07-13T15:05:29Z</time>
    </trkpt>
    <trkpt lat="50.8789577" lon="6.7238720">
      <ele>83.2</ele>
      <time>2025-07-13T15:05:37Z</time>
    </trkpt>
    <trkpt lat="50.8787247" lon="6.7241895">
      <ele>83.4</ele>
      <time>2025-07-13T15:05:41Z</time>
    </trkpt>
    <trkpt lat="50.8784257" lon="6.7246343">
      <ele>83.6</ele>
      <time>2025-07-13T15:05:47Z</time>
    </trkpt>
    <trkpt lat="50.8783237" lon="6.7247883">
      <ele>83.4</ele>
      <time>2025-07-13T15:05:49Z</time>
    </trkpt>
    <trkpt lat="50.8782291" lon="6.7249083">
      <ele>83.4</ele>
      <time>2025-07-13T15:05:51Z</time>
    </trkpt>
    <trkpt lat="50.8779880" lon="6.7252793">
      <ele>83.2</ele>
      <time>2025-07-13T15:05:56Z</time>
    </trkpt>
    <trkpt lat="50.8778985" lon="6.7253970">
      <ele>83.2</ele>
      <time>2025-07-13T15:05:58Z</time>
    </trkpt>
    <trkpt lat="50.8777727" lon="6.7255928">
      <ele>83.2</ele>
      <time>2025-07-13T15:06:00Z</time>
    </trkpt>
    <trkpt lat="50.8774345" lon="6.7260823">
      <ele>83.8</ele>
      <time>2025-07-13T15:06:06Z</time>
    </trkpt>
    <trkpt lat="50.8772909" lon="6.7262853">
      <ele>84.0</ele>
      <time>2025-07-13T15:06:09Z</time>
    </trkpt>
    <trkpt lat="50.8771610" lon="6.7264575">
      <ele>84.0</ele>
      <time>2025-07-13T15:06:11Z</time>
    </trkpt>
    <trkpt lat="50.8769080" lon="6.7268521">
      <ele>84.0</ele>
      <time>2025-07-13T15:06:16Z</time>
    </trkpt>
    <trkpt lat="50.8765666" lon="6.7273530">
      <ele>84.0</ele>
      <time>2025-07-13T15:06:23Z</time>
    </trkpt>
    <trkpt lat="50.8763015" lon="6.7277272">
      <ele>84.2</ele>
      <time>2025-07-13T15:06:28Z</time>
    </trkpt>
    <trkpt lat="50.8762519" lon="6.7278019">
      <ele>84.2</ele>
      <time>2025-07-13T15:06:29Z</time>
    </trkpt>
    <trkpt lat="50.8760306" lon="6.7281358">
      <ele>84.4</ele>
      <time>2025-07-13T15:06:34Z</time>
    </trkpt>
    <trkpt lat="50.8759870" lon="6.7282087">
      <ele>84.4</ele>
      <time>2025-07-13T15:06:35Z</time>
    </trkpt>
    <trkpt lat="50.8758757" lon="6.7283773">
      <ele>84.4</ele>
      <time>2025-07-13T15:06:37Z</time>
    </trkpt>
    <trkpt lat="50.8757926" lon="6.7285137">
      <ele>84.4</ele>
      <time>2025-07-13T15:06:39Z</time>
    </trkpt>
    <trkpt lat="50.8757047" lon="6.7286480">
      <ele>84.4</ele>
      <time>2025-07-13T15:06:41Z</time>
    </trkpt>
    <trkpt lat="50.8754505" lon="6.7289904">
      <ele>84.2</ele>
      <time>2025-07-13T15:06:46Z</time>
    </trkpt>
    <trkpt lat="50.8753650" lon="6.7291088">
      <ele>84.2</ele>
      <time>2025-07-13T15:06:48Z</time>
    </trkpt>
    <trkpt lat="50.8752591" lon="6.7292599">
      <ele>84.2</ele>
      <time>2025-07-13T15:06:50Z</time>
    </trkpt>
    <trkpt lat="50.8751676" lon="6.7293862">
      <ele>84.4</ele>
      <time>2025-07-13T15:06:52Z</time>
    </trkpt>
    <trkpt lat="50.8750209" lon="6.7296129">
      <ele>84.6</ele>
      <time>2025-07-13T15:06:55Z</time>
    </trkpt>
    <trkpt lat="50.8747168" lon="6.7300316">
      <ele>84.6</ele>
      <time>2025-07-13T15:07:01Z</time>
    </trkpt>
    <trkpt lat="50.8746241" lon="6.7301771">
      <ele>84.6</ele>
      <time>2025-07-13T15:07:03Z</time>
    </trkpt>
    <trkpt lat="50.8745219" lon="6.7303320">
      <ele>84.8</ele>
      <time>2025-07-13T15:07:05Z</time>
    </trkpt>
    <trkpt lat="50.8743848" lon="6.7306076">
      <ele>85.0</ele>
      <time>2025-07-13T15:07:08Z</time>
    </trkpt>
    <trkpt lat="50.8743646" lon="6.7306914">
      <ele>85.0</ele>
      <time>2025-07-13T15:07:09Z</time>
    </trkpt>
    <trkpt lat="50.8743646" lon="6.7307755">
      <ele>85.0</ele>
      <time>2025-07-13T15:07:10Z</time>
    </trkpt>
    <trkpt lat="50.8743967" lon="6.7309263">
      <ele>85.0</ele>
      <time>2025-07-13T15:07:12Z</time>
    </trkpt>
    <trkpt lat="50.8744806" lon="6.7311587">
      <ele>84.8</ele>
      <time>2025-07-13T15:07:15Z</time>
    </trkpt>
    <trkpt lat="50.8745451" lon="6.7312715">
      <ele>84.4</ele>
      <time>2025-07-13T15:07:17Z</time>
    </trkpt>
    <trkpt lat="50.8746042" lon="6.7313797">
      <ele>84.2</ele>
      <time>2025-07-13T15:07:19Z</time>
    </trkpt>
    <trkpt lat="50.8747420" lon="6.7317347">
      <ele>84.2</ele>
      <time>2025-07-13T15:07:22Z</time>
    </trkpt>
    <trkpt lat="50.8747939" lon="6.7318955">
      <ele>84.2</ele>
      <time>2025-07-13T15:07:24Z</time>
    </trkpt>
    <trkpt lat="50.8748430" lon="6.7319232">
      <ele>84.4</ele>
      <time>2025-07-13T15:07:25Z</time>
    </trkpt>
    <trkpt lat="50.8748830" lon="6.7319200">
      <ele>84.4</ele>
      <time>2025-07-13T15:07:26Z</time>
    </trkpt>
    <trkpt lat="50.8749673" lon="6.7318196">
      <ele>85.0</ele>
      <time>2025-07-13T15:07:28Z</time>
    </trkpt>
    <trkpt lat="50.8752201" lon="6.7314647">
      <ele>85.0</ele>
      <time>2025-07-13T15:07:33Z</time>
    </trkpt>
    <trkpt lat="50.8755752" lon="6.7309555">
      <ele>84.6</ele>
      <time>2025-07-13T15:07:40Z</time>
    </trkpt>
    <trkpt lat="50.8758940" lon="6.7304839">
      <ele>84.2</ele>
      <time>2025-07-13T15:07:46Z</time>
    </trkpt>
    <trkpt lat="50.8761843" lon="6.7300580">
      <ele>83.4</ele>
      <time>2025-07-13T15:07:52Z</time>
    </trkpt>
    <trkpt lat="50.8762729" lon="6.7299455">
      <ele>83.2</ele>
      <time>2025-07-13T15:07:54Z</time>
    </trkpt>
    <trkpt lat="50.8763223" lon="6.7299298">
      <ele>83.2</ele>
      <time>2025-07-13T15:07:55Z</time>
    </trkpt>
    <trkpt lat="50.8763687" lon="6.7299503">
      <ele>83.2</ele>
      <time>2025-07-13T15:07:56Z</time>
    </trkpt>
    <trkpt lat="50.8764048" lon="6.7300083">
      <ele>83.2</ele>
      <time>2025-07-13T15:07:57Z</time>
    </trkpt>
    <trkpt lat="50.8764295" lon="6.7300883">
      <ele>83.0</ele>
      <time>2025-07-13T15:07:58Z</time>
    </trkpt>
    <trkpt lat="50.8765050" lon="6.7303601">
      <ele>83.0</ele>
      <time>2025-07-13T15:08:01Z</time>
    </trkpt>
    <trkpt lat="50.8767007" lon="6.7310514">
      <ele>83.0</ele>
      <time>2025-07-13T15:08:09Z</time>
    </trkpt>
    <trkpt lat="50.8768247" lon="6.7315098">
      <ele>84.2</ele>
      <time>2025-07-13T15:08:15Z</time>
    </trkpt>
    <trkpt lat="50.8768468" lon="6.7315861">
      <ele>84.4</ele>
      <time>2025-07-13T15:08:16Z</time>
    </trkpt>
    <trkpt lat="50.8769395" lon="6.7318926">
      <ele>85.4</ele>
      <time>2025-07-13T15:08:20Z</time>
    </trkpt>
    <trkpt lat="50.8770579" lon="6.7322977">
      <ele>85.6</ele>
      <time>2025-07-13T15:08:25Z</time>
    </trkpt>
    <trkpt lat="50.8772226" lon="6.7329175">
      <ele>86.0</ele>
      <time>2025-07-13T15:08:33Z</time>
    </trkpt>
    <trkpt lat="50.8772882" lon="6.7331494">
      <ele>86.6</ele>
      <time>2025-07-13T15:08:36Z</time>
    </trkpt>
    <trkpt lat="50.8774315" lon="6.7336135">
      <ele>86.8</ele>
      <time>2025-07-13T15:08:42Z</time>
    </trkpt>
    <trkpt lat="50.8776447" lon="6.7343435">
      <ele>87.2</ele>
      <time>2025-07-13T15:08:51Z</time>
    </trkpt>
    <trkpt lat="50.8778145" lon="6.7349253">
      <ele>87.2</ele>
      <time>2025-07-13T15:08:58Z</time>
    </trkpt>
    <trkpt lat="50.8780579" lon="6.7357534">
      <ele>87.2</ele>
      <time>2025-07-13T15:09:08Z</time>
    </trkpt>
    <trkpt lat="50.8781289" lon="6.7360040">
      <ele>87.2</ele>
      <time>2025-07-13T15:09:11Z</time>
    </trkpt>
    <trkpt lat="50.8783827" lon="6.7368690">
      <ele>87.2</ele>
      <time>2025-07-13T15:09:21Z</time>
    </trkpt>
    <trkpt lat="50.8784591" lon="6.7371533">
      <ele>87.2</ele>
      <time>2025-07-13T15:09:24Z</time>
    </trkpt>
    <trkpt lat="50.8785169" lon="6.7374471">
      <ele>87.2</ele>
      <time>2025-07-13T15:09:27Z</time>
    </trkpt>
    <trkpt lat="50.8786200" lon="6.7378335">
      <ele>87.6</ele>
      <time>2025-07-13T15:09:31Z</time>
    </trkpt>
    <trkpt lat="50.8787369" lon="6.7382245">
      <ele>87.8</ele>
      <time>2025-07-13T15:09:35Z</time>
    </trkpt>
    <trkpt lat="50.8789808" lon="6.7390184">
      <ele>88.0</ele>
      <time>2025-07-13T15:09:43Z</time>
    </trkpt>
    <trkpt lat="50.8792230" lon="6.7398061">
      <ele>88.6</ele>
      <time>2025-07-13T15:09:51Z</time>
    </trkpt>
    <trkpt lat="50.8792520" lon="6.7399051">
      <ele>88.8</ele>
      <time>2025-07-13T15:09:52Z</time>
    </trkpt>
    <trkpt lat="50.8794931" lon="6.7407446">
      <ele>89.2</ele>
      <time>2025-07-13T15:10:01Z</time>
    </trkpt>
    <trkpt lat="50.8796854" lon="6.7413831">
      <ele>89.4</ele>
      <time>2025-07-13T15:10:08Z</time>
    </trkpt>
    <trkpt lat="50.8798796" lon="6.7420755">
      <ele>89.4</ele>
      <time>2025-07-13T15:10:15Z</time>
    </trkpt>
    <trkpt lat="50.8801110" lon="6.7428494">
      <ele>89.4</ele>
      <time>2025-07-13T15:10:23Z</time>
    </trkpt>
    <trkpt lat="50.8801923" lon="6.7431378">
      <ele>89.4</ele>
      <time>2025-07-13T15:10:26Z</time>
    </trkpt>
    <trkpt lat="50.8804404" lon="6.7439997">
      <ele>89.6</ele>
      <time>2025-07-13T15:10:35Z</time>
    </trkpt>
    <trkpt lat="50.8805197" lon="6.7442841">
      <ele>90.0</ele>
      <time>2025-07-13T15:10:38Z</time>
    </trkpt>
    <trkpt lat="50.8807408" lon="6.7450350">
      <ele>90.6</ele>
      <time>2025-07-13T15:10:46Z</time>
    </trkpt>
    <trkpt lat="50.8809517" lon="6.7457655">
      <ele>91.0</ele>
      <time>2025-07-13T15:10:54Z</time>
    </trkpt>
    <trkpt lat="50.8811071" lon="6.7461612">
      <ele>91.0</ele>
      <time>2025-07-13T15:10:59Z</time>
    </trkpt>
    <trkpt lat="50.8811360" lon="6.7462409">
      <ele>91.0</ele>
      <time>2025-07-13T15:11:00Z</time>
    </trkpt>
    <trkpt lat="50.8813362" lon="6.7469167">
      <ele>91.6</ele>
      <time>2025-07-13T15:11:08Z</time>
    </trkpt>
    <trkpt lat="50.8813878" lon="6.7470845">
      <ele>92.0</ele>
      <time>2025-07-13T15:11:10Z</time>
    </trkpt>
    <trkpt lat="50.8816180" lon="6.7478456">
      <ele>93.0</ele>
      <time>2025-07-13T15:11:19Z</time>
    </trkpt>
    <trkpt lat="50.8818593" lon="6.7486817">
      <ele>93.2</ele>
      <time>2025-07-13T15:11:29Z</time>
    </trkpt>
    <trkpt lat="50.8820259" lon="6.7492473">
      <ele>93.6</ele>
      <time>2025-07-13T15:11:36Z</time>
    </trkpt>
    <trkpt lat="50.8822373" lon="6.7499706">
      <ele>94.2</ele>
      <time>2025-07-13T15:11:45Z</time>
    </trkpt>
    <trkpt lat="50.8822580" lon="6.7500510">
      <ele>94.4</ele>
      <time>2025-07-13T15:11:46Z</time>
    </trkpt>
    <trkpt lat="50.8824424" lon="6.7506612">
      <ele>95.0</ele>
      <time>2025-07-13T15:11:54Z</time>
    </trkpt>
    <trkpt lat="50.8825317" lon="6.7509604">
      <ele>95.4</ele>
      <time>2025-07-13T15:11:58Z</time>
    </trkpt>
    <trkpt lat="50.8825787" lon="6.7511107">
      <ele>95.6</ele>
      <time>2025-07-13T15:12:00Z</time>
    </trkpt>
    <trkpt lat="50.8828408" lon="6.7519473">
      <ele>95.8</ele>
      <time>2025-07-13T15:12:11Z</time>
    </trkpt>
    <trkpt lat="50.8831075" lon="6.7527500">
      <ele>96.4</ele>
      <time>2025-07-13T15:12:22Z</time>
    </trkpt>
    <trkpt lat="50.8831324" lon="6.7528256">
      <ele>96.4</ele>
      <time>2025-07-13T15:12:23Z</time>
    </trkpt>
    <trkpt lat="50.8833745" lon="6.7535248">
      <ele>97.2</ele>
      <time>2025-07-13T15:12:32Z</time>
    </trkpt>
    <trkpt lat="50.8834490" lon="6.7537440">
      <ele>97.6</ele>
      <time>2025-07-13T15:12:35Z</time>
    </trkpt>
    <trkpt lat="50.8835712" lon="6.7541159">
      <ele>98.0</ele>
      <time>2025-07-13T15:12:40Z</time>
    </trkpt>
    <trkpt lat="50.8837625" lon="6.7547148">
      <ele>98.6</ele>
      <time>2025-07-13T15:12:48Z</time>
    </trkpt>
    <trkpt lat="50.8838669" lon="6.7550224">
      <ele>98.8</ele>
      <time>2025-07-13T15:12:52Z</time>
    </trkpt>
    <trkpt lat="50.8840897" lon="6.7557302">
      <ele>99.4</ele>
      <time>2025-07-13T15:13:01Z</time>
    </trkpt>
    <trkpt lat="50.8841899" lon="6.7561339">
      <ele>99.8</ele>
      <time>2025-07-13T15:13:06Z</time>
    </trkpt>
    <trkpt lat="50.8842350" lon="6.7562977">
      <ele>100.4</ele>
      <time>2025-07-13T15:13:08Z</time>
    </trkpt>
    <trkpt lat="50.8843084" lon="6.7566335">
      <ele>101.0</ele>
      <time>2025-07-13T15:13:12Z</time>
    </trkpt>
    <trkpt lat="50.8844049" lon="6.7570542">
      <ele>101.8</ele>
      <time>2025-07-13T15:13:17Z</time>
    </trkpt>
    <trkpt lat="50.8844274" lon="6.7571352">
      <ele>102.0</ele>
      <time>2025-07-13T15:13:18Z</time>
    </trkpt>
    <trkpt lat="50.8845246" lon="6.7575375">
      <ele>103.0</ele>
      <time>2025-07-13T15:13:23Z</time>
    </trkpt>
    <trkpt lat="50.8845386" lon="6.7576252">
      <ele>103.0</ele>
      <time>2025-07-13T15:13:24Z</time>
    </trkpt>
    <trkpt lat="50.8845483" lon="6.7577118">
      <ele>103.0</ele>
      <time>2025-07-13T15:13:25Z</time>
    </trkpt>
    <trkpt lat="50.8845725" lon="6.7578848">
      <ele>103.2</ele>
      <time>2025-07-13T15:13:27Z</time>
    </trkpt>
    <trkpt lat="50.8846169" lon="6.7580610">
      <ele>103.4</ele>
      <time>2025-07-13T15:13:29Z</time>
    </trkpt>
    <trkpt lat="50.8848005" lon="6.7586555">
      <ele>103.4</ele>
      <time>2025-07-13T15:13:36Z</time>
    </trkpt>
    <trkpt lat="50.8848289" lon="6.7587382">
      <ele>103.4</ele>
      <time>2025-07-13T15:13:37Z</time>
    </trkpt>
    <trkpt lat="50.8848779" lon="6.7589062">
      <ele>103.4</ele>
      <time>2025-07-13T15:13:39Z</time>
    </trkpt>
    <trkpt lat="50.8849745" lon="6.7591562">
      <ele>103.6</ele>
      <time>2025-07-13T15:13:42Z</time>
    </trkpt>
    <trkpt lat="50.8850027" lon="6.7592475">
      <ele>103.8</ele>
      <time>2025-07-13T15:13:43Z</time>
    </trkpt>
    <trkpt lat="50.8850259" lon="6.7593490">
      <ele>104.2</ele>
      <time>2025-07-13T15:13:44Z</time>
    </trkpt>
    <trkpt lat="50.8850494" lon="6.7594500">
      <ele>104.4</ele>
      <time>2025-07-13T15:13:45Z</time>
    </trkpt>
    <trkpt lat="50.8850773" lon="6.7595514">
      <ele>104.6</ele>
      <time>2025-07-13T15:13:46Z</time>
    </trkpt>
    <trkpt lat="50.8851297" lon="6.7597652">
      <ele>104.8</ele>
      <time>2025-07-13T15:13:48Z</time>
    </trkpt>
    <trkpt lat="50.8852488" lon="6.7601949">
      <ele>105.2</ele>
      <time>2025-07-13T15:13:52Z</time>
    </trkpt>
    <trkpt lat="50.8855000" lon="6.7610150">
      <ele>105.8</ele>
      <time>2025-07-13T15:14:00Z</time>
    </trkpt>
    <trkpt lat="50.8855578" lon="6.7612043">
      <ele>106.0</ele>
      <time>2025-07-13T15:14:02Z</time>
    </trkpt>
    <trkpt lat="50.8856079" lon="6.7613912">
      <ele>106.4</ele>
      <time>2025-07-13T15:14:04Z</time>
    </trkpt>
    <trkpt lat="50.8856327" lon="6.7614817">
      <ele>106.4</ele>
      <time>2025-07-13T15:14:05Z</time>
    </trkpt>
    <trkpt lat="50.8856996" lon="6.7616399">
      <ele>106.6</ele>
      <time>2025-07-13T15:14:07Z</time>
    </trkpt>
    <trkpt lat="50.8857800" lon="6.7617780">
      <ele>106.8</ele>
      <time>2025-07-13T15:14:09Z</time>
    </trkpt>
    <trkpt lat="50.8859081" lon="6.7619557">
      <ele>107.4</ele>
      <time>2025-07-13T15:14:12Z</time>
    </trkpt>
    <trkpt lat="50.8859507" lon="6.7620111">
      <ele>107.4</ele>
      <time>2025-07-13T15:14:13Z</time>
    </trkpt>
    <trkpt lat="50.8862510" lon="6.7624220">
      <ele>108.0</ele>
      <time>2025-07-13T15:14:20Z</time>
    </trkpt>
    <trkpt lat="50.8865545" lon="6.7627454">
      <ele>108.2</ele>
      <time>2025-07-13T15:14:27Z</time>
    </trkpt>
    <trkpt lat="50.8866048" lon="6.7627730">
      <ele>108.2</ele>
      <time>2025-07-13T15:14:28Z</time>
    </trkpt>
    <trkpt lat="50.8867154" lon="6.7628080">
      <ele>108.6</ele>
      <time>2025-07-13T15:14:30Z</time>
    </trkpt>
    <trkpt lat="50.8868319" lon="6.7628135">
      <ele>108.8</ele>
      <time>2025-07-13T15:14:32Z</time>
    </trkpt>
    <trkpt lat="50.8873571" lon="6.7628196">
      <ele>108.8</ele>
      <time>2025-07-13T15:14:41Z</time>
    </trkpt>
    <trkpt lat="50.8878968" lon="6.7628120">
      <ele>108.8</ele>
      <time>2025-07-13T15:14:50Z</time>
    </trkpt>
    <trkpt lat="50.8880198" lon="6.7628138">
      <ele>108.6</ele>
      <time>2025-07-13T15:14:52Z</time>
    </trkpt>
    <trkpt lat="50.8883834" lon="6.7628313">
      <ele>108.4</ele>
      <time>2025-07-13T15:14:58Z</time>
    </trkpt>
    <trkpt lat="50.8884370" lon="6.7628729">
      <ele>108.4</ele>
      <time>2025-07-13T15:14:59Z</time>
    </trkpt>
    <trkpt lat="50.8884836" lon="6.7629313">
      <ele>108.4</ele>
      <time>2025-07-13T15:15:00Z</time>
    </trkpt>
    <trkpt lat="50.8887305" lon="6.7632718">
      <ele>108.2</ele>
      <time>2025-07-13T15:15:05Z</time>
    </trkpt>
    <trkpt lat="50.8889683" lon="6.7635995">
      <ele>107.4</ele>
      <time>2025-07-13T15:15:09Z</time>
    </trkpt>
    <trkpt lat="50.8890883" lon="6.7637744">
      <ele>106.6</ele>
      <time>2025-07-13T15:15:11Z</time>
    </trkpt>
    <trkpt lat="50.8892144" lon="6.7639480">
      <ele>106.0</ele>
      <time>2025-07-13T15:15:13Z</time>
    </trkpt>
    <trkpt lat="50.8893936" lon="6.7642576">
      <ele>104.8</ele>
      <time>2025-07-13T15:15:16Z</time>
    </trkpt>
    <trkpt lat="50.8895534" lon="6.7645905">
      <ele>103.6</ele>
      <time>2025-07-13T15:15:19Z</time>
    </trkpt>
    <trkpt lat="50.8896878" lon="6.7649021">
      <ele>103.0</ele>
      <time>2025-07-13T15:15:22Z</time>
    </trkpt>
    <trkpt lat="50.8899137" lon="6.7653827">
      <ele>102.8</ele>
      <time>2025-07-13T15:15:27Z</time>
    </trkpt>
    <trkpt lat="50.8901574" lon="6.7659178">
      <ele>103.6</ele>
      <time>2025-07-13T15:15:33Z</time>
    </trkpt>
    <trkpt lat="50.8903444" lon="6.7663277">
      <ele>104.8</ele>
      <time>2025-07-13T15:15:38Z</time>
    </trkpt>
    <trkpt lat="50.8903827" lon="6.7664085">
      <ele>105.0</ele>
      <time>2025-07-13T15:15:39Z</time>
    </trkpt>
    <trkpt lat="50.8904232" lon="6.7664917">
      <ele>105.6</ele>
      <time>2025-07-13T15:15:40Z</time>
    </trkpt>
    <trkpt lat="50.8904863" lon="6.7666702">
      <ele>106.2</ele>
      <time>2025-07-13T15:15:42Z</time>
    </trkpt>
    <trkpt lat="50.8905657" lon="6.7668452">
      <ele>106.8</ele>
      <time>2025-07-13T15:15:44Z</time>
    </trkpt>
    <trkpt lat="50.8906483" lon="6.7670124">
      <ele>107.2</ele>
      <time>2025-07-13T15:15:46Z</time>
    </trkpt>
    <trkpt lat="50.8909178" lon="6.7675484">
      <ele>108.0</ele>
      <time>2025-07-13T15:15:53Z</time>
    </trkpt>
    <trkpt lat="50.8909509" lon="6.7676216">
      <ele>108.2</ele>
      <time>2025-07-13T15:15:54Z</time>
    </trkpt>
    <trkpt lat="50.8910546" lon="6.7678265">
      <ele>109.4</ele>
      <time>2025-07-13T15:15:57Z</time>
    </trkpt>
    <trkpt lat="50.8910874" lon="6.7678942">
      <ele>109.4</ele>
      <time>2025-07-13T15:15:58Z</time>
    </trkpt>
    <trkpt lat="50.8911180" lon="6.7679621">
      <ele>109.8</ele>
      <time>2025-07-13T15:15:59Z</time>
    </trkpt>
    <trkpt lat="50.8912170" lon="6.7681602">
      <ele>110.4</ele>
      <time>2025-07-13T15:16:02Z</time>
    </trkpt>
    <trkpt lat="50.8913635" lon="6.7684961">
      <ele>111.2</ele>
      <time>2025-07-13T15:16:07Z</time>
    </trkpt>
    <trkpt lat="50.8914151" lon="6.7686290">
      <ele>111.6</ele>
      <time>2025-07-13T15:16:09Z</time>
    </trkpt>
    <trkpt lat="50.8915411" lon="6.7689615">
      <ele>112.6</ele>
      <time>2025-07-13T15:16:14Z</time>
    </trkpt>
    <trkpt lat="50.8917584" lon="6.7695591">
      <ele>113.8</ele>
      <time>2025-07-13T15:16:23Z</time>
    </trkpt>
    <trkpt lat="50.8919598" lon="6.7700655">
      <ele>115.0</ele>
      <time>2025-07-13T15:16:31Z</time>
    </trkpt>
    <trkpt lat="50.8920154" lon="6.7701832">
      <ele>115.6</ele>
      <time>2025-07-13T15:16:33Z</time>
    </trkpt>
    <trkpt lat="50.8920704" lon="6.7703008">
      <ele>116.0</ele>
      <time>2025-07-13T15:16:35Z</time>
    </trkpt>
    <trkpt lat="50.8922307" lon="6.7705883">
      <ele>117.0</ele>
      <time>2025-07-13T15:16:40Z</time>
    </trkpt>
    <trkpt lat="50.8923361" lon="6.7707443">
      <ele>117.8</ele>
      <time>2025-07-13T15:16:43Z</time>
    </trkpt>
    <trkpt lat="50.8923728" lon="6.7707938">
      <ele>118.0</ele>
      <time>2025-07-13T15:16:44Z</time>
    </trkpt>
    <trkpt lat="50.8925322" lon="6.7709838">
      <ele>119.2</ele>
      <time>2025-07-13T15:16:48Z</time>
    </trkpt>
    <trkpt lat="50.8927289" lon="6.7712049">
      <ele>120.0</ele>
      <time>2025-07-13T15:16:53Z</time>
    </trkpt>
    <trkpt lat="50.8928059" lon="6.7712902">
      <ele>120.2</ele>
      <time>2025-07-13T15:16:55Z</time>
    </trkpt>
    <trkpt lat="50.8930031" lon="6.7715104">
      <ele>120.8</ele>
      <time>2025-07-13T15:17:00Z</time>
    </trkpt>
    <trkpt lat="50.8930309" lon="6.7715625">
      <ele>120.8</ele>
      <time>2025-07-13T15:17:01Z</time>
    </trkpt>
    <trkpt lat="50.8930438" lon="6.7716828">
      <ele>120.8</ele>
      <time>2025-07-13T15:17:03Z</time>
    </trkpt>
    <trkpt lat="50.8930470" lon="6.7718118">
      <ele>121.0</ele>
      <time>2025-07-13T15:17:05Z</time>
    </trkpt>
    <trkpt lat="50.8930829" lon="6.7719438">
      <ele>121.0</ele>
      <time>2025-07-13T15:17:07Z</time>
    </trkpt>
    <trkpt lat="50.8932625" lon="6.7722145">
      <ele>121.0</ele>
      <time>2025-07-13T15:17:12Z</time>
    </trkpt>
    <trkpt lat="50.8935622" lon="6.7726442">
      <ele>120.6</ele>
      <time>2025-07-13T15:17:20Z</time>
    </trkpt>
    <trkpt lat="50.8938342" lon="6.7730414">
      <ele>120.6</ele>
      <time>2025-07-13T15:17:27Z</time>
    </trkpt>
    <trkpt lat="50.8941256" lon="6.7734646">
      <ele>120.4</ele>
      <time>2025-07-13T15:17:34Z</time>
    </trkpt>
    <trkpt lat="50.8944578" lon="6.7739380">
      <ele>120.2</ele>
      <time>2025-07-13T15:17:42Z</time>
    </trkpt>
    <trkpt lat="50.8948949" lon="6.7745680">
      <ele>120.4</ele>
      <time>2025-07-13T15:17:52Z</time>
    </trkpt>
    <trkpt lat="50.8949825" lon="6.7746972">
      <ele>120.4</ele>
      <time>2025-07-13T15:17:54Z</time>
    </trkpt>
    <trkpt lat="50.8954148" lon="6.7753257">
      <ele>119.8</ele>
      <time>2025-07-13T15:18:04Z</time>
    </trkpt>
    <trkpt lat="50.8957118" lon="6.7757528">
      <ele>119.4</ele>
      <time>2025-07-13T15:18:11Z</time>
    </trkpt>
    <trkpt lat="50.8957958" lon="6.7758718">
      <ele>119.4</ele>
      <time>2025-07-13T15:18:13Z</time>
    </trkpt>
    <trkpt lat="50.8962199" lon="6.7764777">
      <ele>119.2</ele>
      <time>2025-07-13T15:18:23Z</time>
    </trkpt>
    <trkpt lat="50.8963059" lon="6.7765978">
      <ele>119.2</ele>
      <time>2025-07-13T15:18:25Z</time>
    </trkpt>
    <trkpt lat="50.8966921" lon="6.7771465">
      <ele>119.2</ele>
      <time>2025-07-13T15:18:34Z</time>
    </trkpt>
    <trkpt lat="50.8968268" lon="6.7773183">
      <ele>119.2</ele>
      <time>2025-07-13T15:18:37Z</time>
    </trkpt>
    <trkpt lat="50.8970964" lon="6.7776491">
      <ele>119.0</ele>
      <time>2025-07-13T15:18:43Z</time>
    </trkpt>
    <trkpt lat="50.8975326" lon="6.7780899">
      <ele>118.8</ele>
      <time>2025-07-13T15:18:52Z</time>
    </trkpt>
    <trkpt lat="50.8978935" lon="6.7783666">
      <ele>118.8</ele>
      <time>2025-07-13T15:18:59Z</time>
    </trkpt>
    <trkpt lat="50.8982577" lon="6.7786159">
      <ele>118.6</ele>
      <time>2025-07-13T15:19:06Z</time>
    </trkpt>
    <trkpt lat="50.8986893" lon="6.7788447">
      <ele>118.6</ele>
      <time>2025-07-13T15:19:14Z</time>
    </trkpt>
    <trkpt lat="50.8991298" lon="6.7790156">
      <ele>118.8</ele>
      <time>2025-07-13T15:19:22Z</time>
    </trkpt>
    <trkpt lat="50.8995899" lon="6.7791166">
      <ele>119.2</ele>
      <time>2025-07-13T15:19:30Z</time>
    </trkpt>
    <trkpt lat="50.9001240" lon="6.7791639">
      <ele>120.0</ele>
      <time>2025-07-13T15:19:40Z</time>
    </trkpt>
    <trkpt lat="50.9002744" lon="6.7791648">
      <ele>120.4</ele>
      <time>2025-07-13T15:19:43Z</time>
    </trkpt>
    <trkpt lat="50.9004158" lon="6.7791606">
      <ele>121.0</ele>
      <time>2025-07-13T15:19:46Z</time>
    </trkpt>
    <trkpt lat="50.9005528" lon="6.7791540">
      <ele>121.6</ele>
      <time>2025-07-13T15:19:49Z</time>
    </trkpt>
    <trkpt lat="50.9006450" lon="6.7791391">
      <ele>122.2</ele>
      <time>2025-07-13T15:19:51Z</time>
    </trkpt>
    <trkpt lat="50.9006909" lon="6.7791296">
      <ele>122.6</ele>
      <time>2025-07-13T15:19:52Z</time>
    </trkpt>
    <trkpt lat="50.9007375" lon="6.7791231">
      <ele>123.2</ele>
      <time>2025-07-13T15:19:53Z</time>
    </trkpt>
    <trkpt lat="50.9008247" lon="6.7791113">
      <ele>123.8</ele>
      <time>2025-07-13T15:19:55Z</time>
    </trkpt>
    <trkpt lat="50.9010778" lon="6.7790387">
      <ele>124.8</ele>
      <time>2025-07-13T15:20:01Z</time>
    </trkpt>
    <trkpt lat="50.9011215" lon="6.7790179">
      <ele>125.0</ele>
      <time>2025-07-13T15:20:02Z</time>
    </trkpt>
    <trkpt lat="50.9012446" lon="6.7789586">
      <ele>126.2</ele>
      <time>2025-07-13T15:20:05Z</time>
    </trkpt>
    <trkpt lat="50.9015202" lon="6.7787719">
      <ele>127.4</ele>
      <time>2025-07-13T15:20:12Z</time>
    </trkpt>
    <trkpt lat="50.9017866" lon="6.7785040">
      <ele>128.2</ele>
      <time>2025-07-13T15:20:19Z</time>
    </trkpt>
    <trkpt lat="50.9019155" lon="6.7783576">
      <ele>128.4</ele>
      <time>2025-07-13T15:20:22Z</time>
    </trkpt>
    <trkpt lat="50.9021014" lon="6.7781775">
      <ele>128.6</ele>
      <time>2025-07-13T15:20:26Z</time>
    </trkpt>
    <trkpt lat="50.9025719" lon="6.7778971">
      <ele>128.0</ele>
      <time>2025-07-13T15:20:35Z</time>
    </trkpt>
    <trkpt lat="50.9028791" lon="6.7778185">
      <ele>127.2</ele>
      <time>2025-07-13T15:20:40Z</time>
    </trkpt>
    <trkpt lat="50.9030094" lon="6.7778125">
      <ele>127.0</ele>
      <time>2025-07-13T15:20:42Z</time>
    </trkpt>
    <trkpt lat="50.9032200" lon="6.7778420">
      <ele>126.2</ele>
      <time>2025-07-13T15:20:45Z</time>
    </trkpt>
    <trkpt lat="50.9034273" lon="6.7778989">
      <ele>125.4</ele>
      <time>2025-07-13T15:20:48Z</time>
    </trkpt>
    <trkpt lat="50.9035652" lon="6.7779417">
      <ele>125.2</ele>
      <time>2025-07-13T15:20:50Z</time>
    </trkpt>
    <trkpt lat="50.9039110" lon="6.7780164">
      <ele>123.8</ele>
      <time>2025-07-13T15:20:55Z</time>
    </trkpt>
    <trkpt lat="50.9039809" lon="6.7780181">
      <ele>123.6</ele>
      <time>2025-07-13T15:20:56Z</time>
    </trkpt>
    <trkpt lat="50.9042642" lon="6.7779832">
      <ele>122.4</ele>
      <time>2025-07-13T15:21:00Z</time>
    </trkpt>
    <trkpt lat="50.9044730" lon="6.7779163">
      <ele>121.8</ele>
      <time>2025-07-13T15:21:03Z</time>
    </trkpt>
    <trkpt lat="50.9046070" lon="6.7778594">
      <ele>120.6</ele>
      <time>2025-07-13T15:21:05Z</time>
    </trkpt>
    <trkpt lat="50.9050554" lon="6.7776682">
      <ele>120.2</ele>
      <time>2025-07-13T15:21:12Z</time>
    </trkpt>
    <trkpt lat="50.9055828" lon="6.7774448">
      <ele>120.6</ele>
      <time>2025-07-13T15:21:21Z</time>
    </trkpt>
    <trkpt lat="50.9057974" lon="6.7773272">
      <ele>120.8</ele>
      <time>2025-07-13T15:21:25Z</time>
    </trkpt>
    <trkpt lat="50.9058957" lon="6.7772397">
      <ele>120.6</ele>
      <time>2025-07-13T15:21:27Z</time>
    </trkpt>
    <trkpt lat="50.9061027" lon="6.7769252">
      <ele>120.6</ele>
      <time>2025-07-13T15:21:32Z</time>
    </trkpt>
    <trkpt lat="50.9062628" lon="6.7764207">
      <ele>120.0</ele>
      <time>2025-07-13T15:21:38Z</time>
    </trkpt>
    <trkpt lat="50.9062797" lon="6.7763357">
      <ele>119.8</ele>
      <time>2025-07-13T15:21:39Z</time>
    </trkpt>
    <trkpt lat="50.9063097" lon="6.7760556">
      <ele>119.4</ele>
      <time>2025-07-13T15:21:42Z</time>
    </trkpt>
    <trkpt lat="50.9063199" lon="6.7759584">
      <ele>119.0</ele>
      <time>2025-07-13T15:21:43Z</time>
    </trkpt>
    <trkpt lat="50.9063348" lon="6.7757584">
      <ele>118.6</ele>
      <time>2025-07-13T15:21:45Z</time>
    </trkpt>
    <trkpt lat="50.9063552" lon="6.7755707">
      <ele>118.4</ele>
      <time>2025-07-13T15:21:47Z</time>
    </trkpt>
    <trkpt lat="50.9063586" lon="6.7754637">
      <ele>118.0</ele>
      <time>2025-07-13T15:21:48Z</time>
    </trkpt>
    <trkpt lat="50.9063413" lon="6.7751272">
      <ele>117.6</ele>
      <time>2025-07-13T15:21:51Z</time>
    </trkpt>
    <trkpt lat="50.9063166" lon="6.7750066">
      <ele>117.4</ele>
      <time>2025-07-13T15:21:52Z</time>
    </trkpt>
    <trkpt lat="50.9062960" lon="6.7748928">
      <ele>117.2</ele>
      <time>2025-07-13T15:21:53Z</time>
    </trkpt>
    <trkpt lat="50.9062465" lon="6.7746894">
      <ele>116.6</ele>
      <time>2025-07-13T15:21:55Z</time>
    </trkpt>
    <trkpt lat="50.9061705" lon="6.7745184">
      <ele>116.2</ele>
      <time>2025-07-13T15:21:57Z</time>
    </trkpt>
    <trkpt lat="50.9060683" lon="6.7744079">
      <ele>116.0</ele>
      <time>2025-07-13T15:21:59Z</time>
    </trkpt>
    <trkpt lat="50.9060108" lon="6.7743891">
      <ele>115.8</ele>
      <time>2025-07-13T15:22:00Z</time>
    </trkpt>
    <trkpt lat="50.9059602" lon="6.7744008">
      <ele>115.8</ele>
      <time>2025-07-13T15:22:01Z</time>
    </trkpt>
    <trkpt lat="50.9059197" lon="6.7744341">
      <ele>115.8</ele>
      <time>2025-07-13T15:22:02Z</time>
    </trkpt>
    <trkpt lat="50.9058912" lon="6.7744820">
      <ele>115.8</ele>
      <time>2025-07-13T15:22:03Z</time>
    </trkpt>
    <trkpt lat="50.9058616" lon="6.7746038">
      <ele>115.8</ele>
      <time>2025-07-13T15:22:05Z</time>
    </trkpt>
    <trkpt lat="50.9057757" lon="6.7748130">
      <ele>116.0</ele>
      <time>2025-07-13T15:22:09Z</time>
    </trkpt>
    <trkpt lat="50.9057539" lon="6.7748643">
      <ele>116.0</ele>
      <time>2025-07-13T15:22:10Z</time>
    </trkpt>
    <trkpt lat="50.9057371" lon="6.7749968">
      <ele>116.0</ele>
      <time>2025-07-13T15:22:12Z</time>
    </trkpt>
    <trkpt lat="50.9057080" lon="6.7754174">
      <ele>115.8</ele>
      <time>2025-07-13T15:22:17Z</time>
    </trkpt>
    <trkpt lat="50.9056356" lon="6.7761256">
      <ele>115.4</ele>
      <time>2025-07-13T15:22:25Z</time>
    </trkpt>
    <trkpt lat="50.9055987" lon="6.7763945">
      <ele>115.4</ele>
      <time>2025-07-13T15:22:28Z</time>
    </trkpt>
    <trkpt lat="50.9055734" lon="6.7765647">
      <ele>115.2</ele>
      <time>2025-07-13T15:22:30Z</time>
    </trkpt>
    <trkpt lat="50.9055630" lon="6.7766497">
      <ele>115.2</ele>
      <time>2025-07-13T15:22:31Z</time>
    </trkpt>
    <trkpt lat="50.9055390" lon="6.7768332">
      <ele>115.2</ele>
      <time>2025-07-13T15:22:33Z</time>
    </trkpt>
    <trkpt lat="50.9054683" lon="6.7772081">
      <ele>115.2</ele>
      <time>2025-07-13T15:22:37Z</time>
    </trkpt>
    <trkpt lat="50.9054162" lon="6.7773889">
      <ele>115.2</ele>
      <time>2025-07-13T15:22:39Z</time>
    </trkpt>
    <trkpt lat="50.9053618" lon="6.7775233">
      <ele>115.2</ele>
      <time>2025-07-13T15:22:41Z</time>
    </trkpt>
    <trkpt lat="50.9052941" lon="6.7778890">
      <ele>115.0</ele>
      <time>2025-07-13T15:22:44Z</time>
    </trkpt>
    <trkpt lat="50.9052597" lon="6.7780154">
      <ele>115.0</ele>
      <time>2025-07-13T15:22:45Z</time>
    </trkpt>
    <trkpt lat="50.9051701" lon="6.7782961">
      <ele>115.0</ele>
      <time>2025-07-13T15:22:48Z</time>
    </trkpt>
    <trkpt lat="50.9051223" lon="6.7785471">
      <ele>115.0</ele>
      <time>2025-07-13T15:22:51Z</time>
    </trkpt>
    <trkpt lat="50.9050147" lon="6.7789247">
      <ele>115.0</ele>
      <time>2025-07-13T15:22:56Z</time>
    </trkpt>
    <trkpt lat="50.9049380" lon="6.7791244">
      <ele>115.0</ele>
      <time>2025-07-13T15:22:59Z</time>
    </trkpt>
    <trkpt lat="50.9047470" lon="6.7796294">
      <ele>114.8</ele>
      <time>2025-07-13T15:23:06Z</time>
    </trkpt>
    <trkpt lat="50.9045651" lon="6.7801112">
      <ele>114.8</ele>
      <time>2025-07-13T15:23:12Z</time>
    </trkpt>
    <trkpt lat="50.9045355" lon="6.7801866">
      <ele>114.8</ele>
      <time>2025-07-13T15:23:13Z</time>
    </trkpt>
    <trkpt lat="50.9044443" lon="6.7803999">
      <ele>115.0</ele>
      <time>2025-07-13T15:23:16Z</time>
    </trkpt>
    <trkpt lat="50.9044160" lon="6.7804803">
      <ele>115.0</ele>
      <time>2025-07-13T15:23:17Z</time>
    </trkpt>
    <trkpt lat="50.9043942" lon="6.7805639">
      <ele>114.8</ele>
      <time>2025-07-13T15:23:18Z</time>
    </trkpt>
    <trkpt lat="50.9042907" lon="6.7808563">
      <ele>114.8</ele>
      <time>2025-07-13T15:23:22Z</time>
    </trkpt>
    <trkpt lat="50.9042519" lon="6.7809412">
      <ele>114.8</ele>
      <time>2025-07-13T15:23:23Z</time>
    </trkpt>
    <trkpt lat="50.9041302" lon="6.7812285">
      <ele>114.6</ele>
      <time>2025-07-13T15:23:26Z</time>
    </trkpt>
    <trkpt lat="50.9040648" lon="6.7814078">
      <ele>114.6</ele>
      <time>2025-07-13T15:23:28Z</time>
    </trkpt>
    <trkpt lat="50.9040438" lon="6.7814797">
      <ele>114.6</ele>
      <time>2025-07-13T15:23:29Z</time>
    </trkpt>
    <trkpt lat="50.9039528" lon="6.7817125">
      <ele>114.4</ele>
      <time>2025-07-13T15:23:32Z</time>
    </trkpt>
    <trkpt lat="50.9038626" lon="6.7819655">
      <ele>114.4</ele>
      <time>2025-07-13T15:23:36Z</time>
    </trkpt>
    <trkpt lat="50.9038274" lon="6.7820392">
      <ele>114.4</ele>
      <time>2025-07-13T15:23:37Z</time>
    </trkpt>
    <trkpt lat="50.9036100" lon="6.7825965">
      <ele>114.2</ele>
      <time>2025-07-13T15:23:44Z</time>
    </trkpt>
    <trkpt lat="50.9035826" lon="6.7826666">
      <ele>114.2</ele>
      <time>2025-07-13T15:23:45Z</time>
    </trkpt>
    <trkpt lat="50.9035022" lon="6.7828898">
      <ele>114.2</ele>
      <time>2025-07-13T15:23:48Z</time>
    </trkpt>
    <trkpt lat="50.9034107" lon="6.7831012">
      <ele>114.0</ele>
      <time>2025-07-13T15:23:51Z</time>
    </trkpt>
    <trkpt lat="50.9033436" lon="6.7832955">
      <ele>114.0</ele>
      <time>2025-07-13T15:23:54Z</time>
    </trkpt>
    <trkpt lat="50.9032240" lon="6.7835996">
      <ele>114.0</ele>
      <time>2025-07-13T15:23:58Z</time>
    </trkpt>
    <trkpt lat="50.9031856" lon="6.7836729">
      <ele>114.0</ele>
      <time>2025-07-13T15:23:59Z</time>
    </trkpt>
    <trkpt lat="50.9031172" lon="6.7838161">
      <ele>114.0</ele>
      <time>2025-07-13T15:24:01Z</time>
    </trkpt>
    <trkpt lat="50.9029879" lon="6.7841297">
      <ele>114.0</ele>
      <time>2025-07-13T15:24:05Z</time>
    </trkpt>
    <trkpt lat="50.9028367" lon="6.7845747">
      <ele>114.0</ele>
      <time>2025-07-13T15:24:10Z</time>
    </trkpt>
    <trkpt lat="50.9026588" lon="6.7850463">
      <ele>114.0</ele>
      <time>2025-07-13T15:24:16Z</time>
    </trkpt>
    <trkpt lat="50.9024007" lon="6.7856923">
      <ele>113.8</ele>
      <time>2025-07-13T15:24:25Z</time>
    </trkpt>
    <trkpt lat="50.9023228" lon="6.7859120">
      <ele>114.0</ele>
      <time>2025-07-13T15:24:29Z</time>
    </trkpt>
    <trkpt lat="50.9022979" lon="6.7859699">
      <ele>114.0</ele>
      <time>2025-07-13T15:24:30Z</time>
    </trkpt>
    <trkpt lat="50.9022165" lon="6.7862175">
      <ele>114.0</ele>
      <time>2025-07-13T15:24:34Z</time>
    </trkpt>
    <trkpt lat="50.9021491" lon="6.7864550">
      <ele>114.0</ele>
      <time>2025-07-13T15:24:38Z</time>
    </trkpt>
    <trkpt lat="50.9020309" lon="6.7868669">
      <ele>114.2</ele>
      <time>2025-07-13T15:24:44Z</time>
    </trkpt>
    <trkpt lat="50.9019854" lon="6.7871411">
      <ele>114.4</ele>
      <time>2025-07-13T15:24:48Z</time>
    </trkpt>
    <trkpt lat="50.9019482" lon="6.7875364">
      <ele>114.4</ele>
      <time>2025-07-13T15:24:53Z</time>
    </trkpt>
    <trkpt lat="50.9019751" lon="6.7876727">
      <ele>114.2</ele>
      <time>2025-07-13T15:24:56Z</time>
    </trkpt>
    <trkpt lat="50.9019893" lon="6.7876882">
      <ele>114.2</ele>
      <time>2025-07-13T15:24:57Z</time>
    </trkpt>
    <trkpt lat="50.9020863" lon="6.7878238">
      <ele>114.2</ele>
      <time>2025-07-13T15:25:02Z</time>
    </trkpt>
    <trkpt lat="50.9020317" lon="6.7879827">
      <ele>114.0</ele>
      <time>2025-07-13T15:25:05Z</time>
    </trkpt>
    <trkpt lat="50.9020128" lon="6.7880538">
      <ele>114.0</ele>
      <time>2025-07-13T15:25:06Z</time>
    </trkpt>
    <trkpt lat="50.9019728" lon="6.7882976">
      <ele>113.6</ele>
      <time>2025-07-13T15:25:09Z</time>
    </trkpt>
    <trkpt lat="50.9019628" lon="6.7884019">
      <ele>113.4</ele>
      <time>2025-07-13T15:25:10Z</time>
    </trkpt>
    <trkpt lat="50.9019470" lon="6.7886543">
      <ele>112.4</ele>
      <time>2025-07-13T15:25:13Z</time>
    </trkpt>
    <trkpt lat="50.9019481" lon="6.7887465">
      <ele>112.4</ele>
      <time>2025-07-13T15:25:14Z</time>
    </trkpt>
    <trkpt lat="50.9019548" lon="6.7888563">
      <ele>112.2</ele>
      <time>2025-07-13T15:25:15Z</time>
    </trkpt>
    <trkpt lat="50.9019885" lon="6.7893027">
      <ele>111.4</ele>
      <time>2025-07-13T15:25:20Z</time>
    </trkpt>
    <trkpt lat="50.9020070" lon="6.7894060">
      <ele>111.2</ele>
      <time>2025-07-13T15:25:21Z</time>
    </trkpt>
    <trkpt lat="50.9020408" lon="6.7895546">
      <ele>111.0</ele>
      <time>2025-07-13T15:25:23Z</time>
    </trkpt>
    <trkpt lat="50.9020937" lon="6.7897472">
      <ele>110.6</ele>
      <time>2025-07-13T15:25:25Z</time>
    </trkpt>
    <trkpt lat="50.9021107" lon="6.7898198">
      <ele>110.6</ele>
      <time>2025-07-13T15:25:26Z</time>
    </trkpt>
    <trkpt lat="50.9021746" lon="6.7900993">
      <ele>110.0</ele>
      <time>2025-07-13T15:25:29Z</time>
    </trkpt>
    <trkpt lat="50.9022470" lon="6.7904024">
      <ele>109.4</ele>
      <time>2025-07-13T15:25:32Z</time>
    </trkpt>
    <trkpt lat="50.9023330" lon="6.7906749">
      <ele>108.8</ele>
      <time>2025-07-13T15:25:35Z</time>
    </trkpt>
    <trkpt lat="50.9024090" lon="6.7909367">
      <ele>108.2</ele>
      <time>2025-07-13T15:25:38Z</time>
    </trkpt>
    <trkpt lat="50.9024283" lon="6.7910335">
      <ele>107.8</ele>
      <time>2025-07-13T15:25:39Z</time>
    </trkpt>
    <trkpt lat="50.9024431" lon="6.7911501">
      <ele>107.8</ele>
      <time>2025-07-13T15:25:40Z</time>
    </trkpt>
    <trkpt lat="50.9024500" lon="6.7914424">
      <ele>107.2</ele>
      <time>2025-07-13T15:25:43Z</time>
    </trkpt>
    <trkpt lat="50.9024268" lon="6.7917494">
      <ele>106.4</ele>
      <time>2025-07-13T15:25:46Z</time>
    </trkpt>
    <trkpt lat="50.9024099" lon="6.7919578">
      <ele>106.4</ele>
      <time>2025-07-13T15:25:48Z</time>
    </trkpt>
    <trkpt lat="50.9023833" lon="6.7922772">
      <ele>105.2</ele>
      <time>2025-07-13T15:25:51Z</time>
    </trkpt>
    <trkpt lat="50.9023749" lon="6.7925230">
      <ele>105.0</ele>
      <time>2025-07-13T15:25:53Z</time>
    </trkpt>
    <trkpt lat="50.9023844" lon="6.7927270">
      <ele>104.6</ele>
      <time>2025-07-13T15:25:55Z</time>
    </trkpt>
    <trkpt lat="50.9024040" lon="6.7929536">
      <ele>104.2</ele>
      <time>2025-07-13T15:25:57Z</time>
    </trkpt>
    <trkpt lat="50.9024235" lon="6.7930677">
      <ele>104.2</ele>
      <time>2025-07-13T15:25:58Z</time>
    </trkpt>
    <trkpt lat="50.9024664" lon="6.7932956">
      <ele>103.6</ele>
      <time>2025-07-13T15:26:00Z</time>
    </trkpt>
    <trkpt lat="50.9025418" lon="6.7936795">
      <ele>102.6</ele>
      <time>2025-07-13T15:26:03Z</time>
    </trkpt>
    <trkpt lat="50.9026530" lon="6.7941285">
      <ele>101.6</ele>
      <time>2025-07-13T15:26:07Z</time>
    </trkpt>
    <trkpt lat="50.9026945" lon="6.7942673">
      <ele>101.2</ele>
      <time>2025-07-13T15:26:08Z</time>
    </trkpt>
    <trkpt lat="50.9027608" lon="6.7944752">
      <ele>100.2</ele>
      <time>2025-07-13T15:26:10Z</time>
    </trkpt>
    <trkpt lat="50.9029104" lon="6.7949152">
      <ele>98.8</ele>
      <time>2025-07-13T15:26:14Z</time>
    </trkpt>
    <trkpt lat="50.9030307" lon="6.7952287">
      <ele>98.0</ele>
      <time>2025-07-13T15:26:17Z</time>
    </trkpt>
    <trkpt lat="50.9031564" lon="6.7955533">
      <ele>97.8</ele>
      <time>2025-07-13T15:26:20Z</time>
    </trkpt>
    <trkpt lat="50.9032701" lon="6.7958234">
      <ele>97.4</ele>
      <time>2025-07-13T15:26:23Z</time>
    </trkpt>
    <trkpt lat="50.9033073" lon="6.7959204">
      <ele>97.2</ele>
      <time>2025-07-13T15:26:24Z</time>
    </trkpt>
    <trkpt lat="50.9033514" lon="6.7960056">
      <ele>97.2</ele>
      <time>2025-07-13T15:26:25Z</time>
    </trkpt>
    <trkpt lat="50.9034787" lon="6.7961185">
      <ele>97.0</ele>
      <time>2025-07-13T15:26:27Z</time>
    </trkpt>
    <trkpt lat="50.9035886" lon="6.7962002">
      <ele>97.0</ele>
      <time>2025-07-13T15:26:29Z</time>
    </trkpt>
    <trkpt lat="50.9036347" lon="6.7962385">
      <ele>97.0</ele>
      <time>2025-07-13T15:26:30Z</time>
    </trkpt>
    <trkpt lat="50.9036804" lon="6.7962545">
      <ele>97.0</ele>
      <time>2025-07-13T15:26:31Z</time>
    </trkpt>
    <trkpt lat="50.9038305" lon="6.7963045">
      <ele>97.2</ele>
      <time>2025-07-13T15:26:34Z</time>
    </trkpt>
    <trkpt lat="50.9039268" lon="6.7963876">
      <ele>97.2</ele>
      <time>2025-07-13T15:26:36Z</time>
    </trkpt>
    <trkpt lat="50.9040507" lon="6.7965678">
      <ele>97.4</ele>
      <time>2025-07-13T15:26:39Z</time>
    </trkpt>
    <trkpt lat="50.9043928" lon="6.7972256">
      <ele>97.0</ele>
      <time>2025-07-13T15:26:48Z</time>
    </trkpt>
    <trkpt lat="50.9045559" lon="6.7975097">
      <ele>96.6</ele>
      <time>2025-07-13T15:26:52Z</time>
    </trkpt>
    <trkpt lat="50.9046281" lon="6.7976644">
      <ele>96.6</ele>
      <time>2025-07-13T15:26:54Z</time>
    </trkpt>
    <trkpt lat="50.9047392" lon="6.7978809">
      <ele>96.2</ele>
      <time>2025-07-13T15:26:57Z</time>
    </trkpt>
    <trkpt lat="50.9048237" lon="6.7979841">
      <ele>96.0</ele>
      <time>2025-07-13T15:26:59Z</time>
    </trkpt>
    <trkpt lat="50.9048842" lon="6.7980902">
      <ele>96.0</ele>
      <time>2025-07-13T15:27:01Z</time>
    </trkpt>
    <trkpt lat="50.9048980" lon="6.7981509">
      <ele>96.0</ele>
      <time>2025-07-13T15:27:02Z</time>
    </trkpt>
    <trkpt lat="50.9049118" lon="6.7982067">
      <ele>95.8</ele>
      <time>2025-07-13T15:27:03Z</time>
    </trkpt>
    <trkpt lat="50.9049711" lon="6.7983056">
      <ele>95.6</ele>
      <time>2025-07-13T15:27:05Z</time>
    </trkpt>
    <trkpt lat="50.9050075" lon="6.7983517">
      <ele>95.6</ele>
      <time>2025-07-13T15:27:06Z</time>
    </trkpt>
    <trkpt lat="50.9051514" lon="6.7984623">
      <ele>95.4</ele>
      <time>2025-07-13T15:27:09Z</time>
    </trkpt>
    <trkpt lat="50.9052962" lon="6.7985757">
      <ele>94.6</ele>
      <time>2025-07-13T15:27:12Z</time>
    </trkpt>
    <trkpt lat="50.9053945" lon="6.7986462">
      <ele>94.4</ele>
      <time>2025-07-13T15:27:14Z</time>
    </trkpt>
    <trkpt lat="50.9054984" lon="6.7987154">
      <ele>94.2</ele>
      <time>2025-07-13T15:27:16Z</time>
    </trkpt>
    <trkpt lat="50.9057333" lon="6.7989088">
      <ele>93.2</ele>
      <time>2025-07-13T15:27:21Z</time>
    </trkpt>
    <trkpt lat="50.9058782" lon="6.7990175">
      <ele>93.0</ele>
      <time>2025-07-13T15:27:24Z</time>
    </trkpt>
    <trkpt lat="50.9059850" lon="6.7990837">
      <ele>93.0</ele>
      <time>2025-07-13T15:27:26Z</time>
    </trkpt>
    <trkpt lat="50.9062431" lon="6.7992371">
      <ele>92.6</ele>
      <time>2025-07-13T15:27:31Z</time>
    </trkpt>
    <trkpt lat="50.9062914" lon="6.7992755">
      <ele>92.4</ele>
      <time>2025-07-13T15:27:32Z</time>
    </trkpt>
    <trkpt lat="50.9063978" lon="6.7993520">
      <ele>92.2</ele>
      <time>2025-07-13T15:27:34Z</time>
    </trkpt>
    <trkpt lat="50.9064486" lon="6.7993968">
      <ele>91.8</ele>
      <time>2025-07-13T15:27:35Z</time>
    </trkpt>
    <trkpt lat="50.9065340" lon="6.7994991">
      <ele>91.6</ele>
      <time>2025-07-13T15:27:37Z</time>
    </trkpt>
    <trkpt lat="50.9065819" lon="6.7995424">
      <ele>91.4</ele>
      <time>2025-07-13T15:27:38Z</time>
    </trkpt>
    <trkpt lat="50.9066936" lon="6.7996178">
      <ele>91.0</ele>
      <time>2025-07-13T15:27:40Z</time>
    </trkpt>
    <trkpt lat="50.9067454" lon="6.7996560">
      <ele>91.0</ele>
      <time>2025-07-13T15:27:41Z</time>
    </trkpt>
    <trkpt lat="50.9069590" lon="6.7997734">
      <ele>90.6</ele>
      <time>2025-07-13T15:27:45Z</time>
    </trkpt>
    <trkpt lat="50.9070725" lon="6.7998502">
      <ele>90.4</ele>
      <time>2025-07-13T15:27:47Z</time>
    </trkpt>
    <trkpt lat="50.9073392" lon="6.8000163">
      <ele>90.0</ele>
      <time>2025-07-13T15:27:52Z</time>
    </trkpt>
    <trkpt lat="50.9073936" lon="6.8000517">
      <ele>89.8</ele>
      <time>2025-07-13T15:27:53Z</time>
    </trkpt>
    <trkpt lat="50.9075865" lon="6.8001991">
      <ele>89.2</ele>
      <time>2025-07-13T15:27:57Z</time>
    </trkpt>
    <trkpt lat="50.9076348" lon="6.8002349">
      <ele>89.2</ele>
      <time>2025-07-13T15:27:58Z</time>
    </trkpt>
    <trkpt lat="50.9077324" lon="6.8003137">
      <ele>89.0</ele>
      <time>2025-07-13T15:28:00Z</time>
    </trkpt>
    <trkpt lat="50.9078245" lon="6.8003737">
      <ele>88.6</ele>
      <time>2025-07-13T15:28:02Z</time>
    </trkpt>
    <trkpt lat="50.9078723" lon="6.8003958">
      <ele>88.6</ele>
      <time>2025-07-13T15:28:03Z</time>
    </trkpt>
    <trkpt lat="50.9079155" lon="6.8004239">
      <ele>88.4</ele>
      <time>2025-07-13T15:28:04Z</time>
    </trkpt>
    <trkpt lat="50.9079741" lon="6.8004924">
      <ele>88.4</ele>
      <time>2025-07-13T15:28:06Z</time>
    </trkpt>
    <trkpt lat="50.9079850" lon="6.8005147">
      <ele>88.4</ele>
      <time>2025-07-13T15:28:07Z</time>
    </trkpt>
    <trkpt lat="50.9080021" lon="6.8005411">
      <ele>88.4</ele>
      <time>2025-07-13T15:28:09Z</time>
    </trkpt>
    <trkpt lat="50.9080041" lon="6.8005461">
      <ele>88.4</ele>
      <time>2025-07-13T15:28:11Z</time>
    </trkpt>
    <trkpt lat="50.9080006" lon="6.8006015">
      <ele>88.6</ele>
      <time>2025-07-13T15:28:14Z</time>
    </trkpt>
    <trkpt lat="50.9080205" lon="6.8006558">
      <ele>88.6</ele>
      <time>2025-07-13T15:28:16Z</time>
    </trkpt>
    <trkpt lat="50.9081101" lon="6.8007457">
      <ele>88.6</ele>
      <time>2025-07-13T15:28:19Z</time>
    </trkpt>
    <trkpt lat="50.9081497" lon="6.8007755">
      <ele>88.4</ele>
      <time>2025-07-13T15:28:20Z</time>
    </trkpt>
    <trkpt lat="50.9083906" lon="6.8009441">
      <ele>87.8</ele>
      <time>2025-07-13T15:28:25Z</time>
    </trkpt>
    <trkpt lat="50.9084421" lon="6.8009831">
      <ele>87.8</ele>
      <time>2025-07-13T15:28:26Z</time>
    </trkpt>
    <trkpt lat="50.9087693" lon="6.8012104">
      <ele>87.0</ele>
      <time>2025-07-13T15:28:32Z</time>
    </trkpt>
    <trkpt lat="50.9089453" lon="6.8012588">
      <ele>86.8</ele>
      <time>2025-07-13T15:28:35Z</time>
    </trkpt>
    <trkpt lat="50.9091231" lon="6.8012725">
      <ele>86.4</ele>
      <time>2025-07-13T15:28:38Z</time>
    </trkpt>
    <trkpt lat="50.9094446" lon="6.8012502">
      <ele>86.6</ele>
      <time>2025-07-13T15:28:44Z</time>
    </trkpt>
    <trkpt lat="50.9094953" lon="6.8012523">
      <ele>86.6</ele>
      <time>2025-07-13T15:28:45Z</time>
    </trkpt>
    <trkpt lat="50.9096016" lon="6.8012558">
      <ele>86.8</ele>
      <time>2025-07-13T15:28:47Z</time>
    </trkpt>
    <trkpt lat="50.9098052" lon="6.8012424">
      <ele>87.4</ele>
      <time>2025-07-13T15:28:51Z</time>
    </trkpt>
    <trkpt lat="50.9099521" lon="6.8012766">
      <ele>87.8</ele>
      <time>2025-07-13T15:28:54Z</time>
    </trkpt>
    <trkpt lat="50.9099966" lon="6.8012782">
      <ele>87.8</ele>
      <time>2025-07-13T15:28:55Z</time>
    </trkpt>
    <trkpt lat="50.9102766" lon="6.8012464">
      <ele>89.0</ele>
      <time>2025-07-13T15:29:01Z</time>
    </trkpt>
    <trkpt lat="50.9103152" lon="6.8012423">
      <ele>89.0</ele>
      <time>2025-07-13T15:29:02Z</time>
    </trkpt>
    <trkpt lat="50.9104410" lon="6.8012455">
      <ele>89.2</ele>
      <time>2025-07-13T15:29:05Z</time>
    </trkpt>
    <trkpt lat="50.9107009" lon="6.8013122">
      <ele>89.2</ele>
      <time>2025-07-13T15:29:10Z</time>
    </trkpt>
    <trkpt lat="50.9110842" lon="6.8014502">
      <ele>89.2</ele>
      <time>2025-07-13T15:29:17Z</time>
    </trkpt>
    <trkpt lat="50.9112987" lon="6.8015592">
      <ele>89.0</ele>
      <time>2025-07-13T15:29:21Z</time>
    </trkpt>
    <trkpt lat="50.9114072" lon="6.8016189">
      <ele>89.0</ele>
      <time>2025-07-13T15:29:23Z</time>
    </trkpt>
    <trkpt lat="50.9115114" lon="6.8016679">
      <ele>88.6</ele>
      <time>2025-07-13T15:29:25Z</time>
    </trkpt>
    <trkpt lat="50.9117504" lon="6.8017964">
      <ele>88.2</ele>
      <time>2025-07-13T15:29:30Z</time>
    </trkpt>
    <trkpt lat="50.9118293" lon="6.8019031">
      <ele>88.0</ele>
      <time>2025-07-13T15:29:32Z</time>
    </trkpt>
    <trkpt lat="50.9118538" lon="6.8019811">
      <ele>88.0</ele>
      <time>2025-07-13T15:29:33Z</time>
    </trkpt>
    <trkpt lat="50.9118686" lon="6.8020665">
      <ele>88.0</ele>
      <time>2025-07-13T15:29:34Z</time>
    </trkpt>
    <trkpt lat="50.9119179" lon="6.8024843">
      <ele>87.6</ele>
      <time>2025-07-13T15:29:39Z</time>
    </trkpt>
    <trkpt lat="50.9119296" lon="6.8025632">
      <ele>87.6</ele>
      <time>2025-07-13T15:29:40Z</time>
    </trkpt>
    <trkpt lat="50.9119462" lon="6.8027373">
      <ele>87.4</ele>
      <time>2025-07-13T15:29:42Z</time>
    </trkpt>
    <trkpt lat="50.9119634" lon="6.8029333">
      <ele>87.2</ele>
      <time>2025-07-13T15:29:44Z</time>
    </trkpt>
    <trkpt lat="50.9120059" lon="6.8032406">
      <ele>86.4</ele>
      <time>2025-07-13T15:29:47Z</time>
    </trkpt>
    <trkpt lat="50.9120299" lon="6.8034593">
      <ele>86.0</ele>
      <time>2025-07-13T15:29:49Z</time>
    </trkpt>
    <trkpt lat="50.9120513" lon="6.8036856">
      <ele>85.2</ele>
      <time>2025-07-13T15:29:51Z</time>
    </trkpt>
    <trkpt lat="50.9121012" lon="6.8040278">
      <ele>84.4</ele>
      <time>2025-07-13T15:29:54Z</time>
    </trkpt>
    <trkpt lat="50.9121380" lon="6.8042553">
      <ele>84.2</ele>
      <time>2025-07-13T15:29:56Z</time>
    </trkpt>
    <trkpt lat="50.9121622" lon="6.8044892">
      <ele>83.8</ele>
      <time>2025-07-13T15:29:58Z</time>
    </trkpt>
    <trkpt lat="50.9121848" lon="6.8047203">
      <ele>83.4</ele>
      <time>2025-07-13T15:30:00Z</time>
    </trkpt>
    <trkpt lat="50.9122004" lon="6.8048320">
      <ele>83.0</ele>
      <time>2025-07-13T15:30:01Z</time>
    </trkpt>
    <trkpt lat="50.9122213" lon="6.8049338">
      <ele>82.8</ele>
      <time>2025-07-13T15:30:02Z</time>
    </trkpt>
    <trkpt lat="50.9122615" lon="6.8051168">
      <ele>82.8</ele>
      <time>2025-07-13T15:30:04Z</time>
    </trkpt>
    <trkpt lat="50.9122763" lon="6.8052062">
      <ele>82.6</ele>
      <time>2025-07-13T15:30:05Z</time>
    </trkpt>
    <trkpt lat="50.9122785" lon="6.8053037">
      <ele>82.6</ele>
      <time>2025-07-13T15:30:06Z</time>
    </trkpt>
    <trkpt lat="50.9122953" lon="6.8055209">
      <ele>82.6</ele>
      <time>2025-07-13T15:30:08Z</time>
    </trkpt>
    <trkpt lat="50.9123454" lon="6.8057518">
      <ele>82.6</ele>
      <time>2025-07-13T15:30:10Z</time>
    </trkpt>
    <trkpt lat="50.9123792" lon="6.8059950">
      <ele>82.4</ele>
      <time>2025-07-13T15:30:12Z</time>
    </trkpt>
    <trkpt lat="50.9124168" lon="6.8063441">
      <ele>81.8</ele>
      <time>2025-07-13T15:30:15Z</time>
    </trkpt>
    <trkpt lat="50.9124465" lon="6.8065652">
      <ele>81.4</ele>
      <time>2025-07-13T15:30:17Z</time>
    </trkpt>
    <trkpt lat="50.9125078" lon="6.8070116">
      <ele>80.8</ele>
      <time>2025-07-13T15:30:21Z</time>
    </trkpt>
    <trkpt lat="50.9125615" lon="6.8074455">
      <ele>80.4</ele>
      <time>2025-07-13T15:30:25Z</time>
    </trkpt>
    <trkpt lat="50.9125723" lon="6.8075411">
      <ele>80.4</ele>
      <time>2025-07-13T15:30:26Z</time>
    </trkpt>
    <trkpt lat="50.9125781" lon="6.8076639">
      <ele>80.4</ele>
      <time>2025-07-13T15:30:28Z</time>
    </trkpt>
    <trkpt lat="50.9125721" lon="6.8078094">
      <ele>81.0</ele>
      <time>2025-07-13T15:30:32Z</time>
    </trkpt>
    <trkpt lat="50.9125880" lon="6.8078968">
      <ele>81.2</ele>
      <time>2025-07-13T15:30:34Z</time>
    </trkpt>
    <trkpt lat="50.9126131" lon="6.8080479">
      <ele>81.2</ele>
      <time>2025-07-13T15:30:36Z</time>
    </trkpt>
    <trkpt lat="50.9126450" lon="6.8083078">
      <ele>81.2</ele>
      <time>2025-07-13T15:30:39Z</time>
    </trkpt>
    <trkpt lat="50.9126545" lon="6.8083849">
      <ele>81.2</ele>
      <time>2025-07-13T15:30:40Z</time>
    </trkpt>
    <trkpt lat="50.9126623" lon="6.8084770">
      <ele>81.0</ele>
      <time>2025-07-13T15:30:41Z</time>
    </trkpt>
    <trkpt lat="50.9127132" lon="6.8088913">
      <ele>80.4</ele>
      <time>2025-07-13T15:30:45Z</time>
    </trkpt>
    <trkpt lat="50.9127838" lon="6.8095037">
      <ele>80.4</ele>
      <time>2025-07-13T15:30:51Z</time>
    </trkpt>
    <trkpt lat="50.9128750" lon="6.8102822">
      <ele>80.0</ele>
      <time>2025-07-13T15:30:59Z</time>
    </trkpt>
    <trkpt lat="50.9129032" lon="6.8104763">
      <ele>79.6</ele>
      <time>2025-07-13T15:31:01Z</time>
    </trkpt>
    <trkpt lat="50.9129306" lon="6.8106568">
      <ele>79.4</ele>
      <time>2025-07-13T15:31:03Z</time>
    </trkpt>
    <trkpt lat="50.9129713" lon="6.8109064">
      <ele>79.4</ele>
      <time>2025-07-13T15:31:06Z</time>
    </trkpt>
    <trkpt lat="50.9130216" lon="6.8113427">
      <ele>78.8</ele>
      <time>2025-07-13T15:31:11Z</time>
    </trkpt>
    <trkpt lat="50.9130475" lon="6.8115306">
      <ele>78.8</ele>
      <time>2025-07-13T15:31:13Z</time>
    </trkpt>
    <trkpt lat="50.9130734" lon="6.8117104">
      <ele>78.6</ele>
      <time>2025-07-13T15:31:15Z</time>
    </trkpt>
    <trkpt lat="50.9130865" lon="6.8117761">
      <ele>78.6</ele>
      <time>2025-07-13T15:31:16Z</time>
    </trkpt>
    <trkpt lat="50.9130921" lon="6.8118519">
      <ele>78.8</ele>
      <time>2025-07-13T15:31:18Z</time>
    </trkpt>
    <trkpt lat="50.9130907" lon="6.8118758">
      <ele>78.8</ele>
      <time>2025-07-13T15:31:19Z</time>
    </trkpt>
    <trkpt lat="50.9130951" lon="6.8120108">
      <ele>78.8</ele>
      <time>2025-07-13T15:31:22Z</time>
    </trkpt>
    <trkpt lat="50.9131221" lon="6.8122026">
      <ele>78.6</ele>
      <time>2025-07-13T15:31:25Z</time>
    </trkpt>
    <trkpt lat="50.9131309" lon="6.8123594">
      <ele>78.4</ele>
      <time>2025-07-13T15:31:27Z</time>
    </trkpt>
    <trkpt lat="50.9131568" lon="6.8125168">
      <ele>78.2</ele>
      <time>2025-07-13T15:31:29Z</time>
    </trkpt>
    <trkpt lat="50.9131762" lon="6.8126612">
      <ele>78.0</ele>
      <time>2025-07-13T15:31:31Z</time>
    </trkpt>
    <trkpt lat="50.9131996" lon="6.8128791">
      <ele>77.8</ele>
      <time>2025-07-13T15:31:34Z</time>
    </trkpt>
    <trkpt lat="50.9132217" lon="6.8130204">
      <ele>77.8</ele>
      <time>2025-07-13T15:31:36Z</time>
    </trkpt>
    <trkpt lat="50.9132409" lon="6.8131900">
      <ele>77.6</ele>
      <time>2025-07-13T15:31:38Z</time>
    </trkpt>
    <trkpt lat="50.9132642" lon="6.8133471">
      <ele>77.6</ele>
      <time>2025-07-13T15:31:40Z</time>
    </trkpt>
    <trkpt lat="50.9132792" lon="6.8134276">
      <ele>77.6</ele>
      <time>2025-07-13T15:31:41Z</time>
    </trkpt>
    <trkpt lat="50.9133144" lon="6.8137112">
      <ele>77.4</ele>
      <time>2025-07-13T15:31:47Z</time>
    </trkpt>
    <trkpt lat="50.9133199" lon="6.8138405">
      <ele>77.6</ele>
      <time>2025-07-13T15:31:52Z</time>
    </trkpt>
    <trkpt lat="50.9133211" lon="6.8139705">
      <ele>77.8</ele>
      <time>2025-07-13T15:31:56Z</time>
    </trkpt>
    <trkpt lat="50.9133282" lon="6.8139879">
      <ele>77.6</ele>
      <time>2025-07-13T15:31:58Z</time>
    </trkpt>
    <trkpt lat="50.9133282" lon="6.8139879">
      <ele>77.2</ele>
      <time>2025-07-13T15:32:20Z</time>
    </trkpt>
    <trkpt lat="50.9133382" lon="6.8139897">
      <ele>77.2</ele>
      <time>2025-07-13T15:32:45Z</time>
    </trkpt>
    <trkpt lat="50.9133557" lon="6.8139839">
      <ele>77.2</ele>
      <time>2025-07-13T15:32:46Z</time>
    </trkpt>
    <trkpt lat="50.9134458" lon="6.8139373">
      <ele>77.0</ele>
      <time>2025-07-13T15:32:49Z</time>
    </trkpt>
    <trkpt lat="50.9136900" lon="6.8138202">
      <ele>76.6</ele>
      <time>2025-07-13T15:32:55Z</time>
    </trkpt>
    <trkpt lat="50.9137781" lon="6.8137796">
      <ele>76.6</ele>
      <time>2025-07-13T15:32:57Z</time>
    </trkpt>
    <trkpt lat="50.9138703" lon="6.8137425">
      <ele>76.4</ele>
      <time>2025-07-13T15:32:59Z</time>
    </trkpt>
    <trkpt lat="50.9139181" lon="6.8137253">
      <ele>76.4</ele>
      <time>2025-07-13T15:33:00Z</time>
    </trkpt>
    <trkpt lat="50.9143560" lon="6.8135804">
      <ele>76.2</ele>
      <time>2025-07-13T15:33:09Z</time>
    </trkpt>
    <trkpt lat="50.9146911" lon="6.8134509">
      <ele>76.0</ele>
      <time>2025-07-13T15:33:16Z</time>
    </trkpt>
    <trkpt lat="50.9151158" lon="6.8132845">
      <ele>76.2</ele>
      <time>2025-07-13T15:33:24Z</time>
    </trkpt>
    <trkpt lat="50.9156164" lon="6.8130497">
      <ele>75.4</ele>
      <time>2025-07-13T15:33:33Z</time>
    </trkpt>
    <trkpt lat="50.9157274" lon="6.8130003">
      <ele>75.2</ele>
      <time>2025-07-13T15:33:35Z</time>
    </trkpt>
    <trkpt lat="50.9159548" lon="6.8128994">
      <ele>74.8</ele>
      <time>2025-07-13T15:33:39Z</time>
    </trkpt>
    <trkpt lat="50.9160752" lon="6.8128439">
      <ele>74.4</ele>
      <time>2025-07-13T15:33:41Z</time>
    </trkpt>
    <trkpt lat="50.9164957" lon="6.8126653">
      <ele>73.6</ele>
      <time>2025-07-13T15:33:48Z</time>
    </trkpt>
    <trkpt lat="50.9168947" lon="6.8124549">
      <ele>73.4</ele>
      <time>2025-07-13T15:33:55Z</time>
    </trkpt>
    <trkpt lat="50.9169428" lon="6.8124160">
      <ele>73.4</ele>
      <time>2025-07-13T15:33:56Z</time>
    </trkpt>
    <trkpt lat="50.9170378" lon="6.8123308">
      <ele>73.4</ele>
      <time>2025-07-13T15:33:58Z</time>
    </trkpt>
    <trkpt lat="50.9170938" lon="6.8123203">
      <ele>73.2</ele>
      <time>2025-07-13T15:33:59Z</time>
    </trkpt>
    <trkpt lat="50.9171421" lon="6.8123270">
      <ele>73.0</ele>
      <time>2025-07-13T15:34:00Z</time>
    </trkpt>
    <trkpt lat="50.9172408" lon="6.8124109">
      <ele>73.0</ele>
      <time>2025-07-13T15:34:02Z</time>
    </trkpt>
    <trkpt lat="50.9176711" lon="6.8129722">
      <ele>73.0</ele>
      <time>2025-07-13T15:34:11Z</time>
    </trkpt>
    <trkpt lat="50.9178308" lon="6.8131586">
      <ele>73.0</ele>
      <time>2025-07-13T15:34:14Z</time>
    </trkpt>
    <trkpt lat="50.9179637" lon="6.8133628">
      <ele>72.8</ele>
      <time>2025-07-13T15:34:17Z</time>
    </trkpt>
    <trkpt lat="50.9183153" lon="6.8137934">
      <ele>73.0</ele>
      <time>2025-07-13T15:34:24Z</time>
    </trkpt>
    <trkpt lat="50.9186527" lon="6.8142568">
      <ele>73.2</ele>
      <time>2025-07-13T15:34:31Z</time>
    </trkpt>
    <trkpt lat="50.9190031" lon="6.8147002">
      <ele>73.0</ele>
      <time>2025-07-13T15:34:38Z</time>
    </trkpt>
    <trkpt lat="50.9193024" lon="6.8150949">
      <ele>72.4</ele>
      <time>2025-07-13T15:34:44Z</time>
    </trkpt>
    <trkpt lat="50.9193419" lon="6.8151577">
      <ele>72.4</ele>
      <time>2025-07-13T15:34:45Z</time>
    </trkpt>
    <trkpt lat="50.9195754" lon="6.8154731">
      <ele>72.2</ele>
      <time>2025-07-13T15:34:50Z</time>
    </trkpt>
    <trkpt lat="50.9197832" lon="6.8157200">
      <ele>72.2</ele>
      <time>2025-07-13T15:34:54Z</time>
    </trkpt>
    <trkpt lat="50.9202287" lon="6.8162626">
      <ele>71.6</ele>
      <time>2025-07-13T15:35:02Z</time>
    </trkpt>
    <trkpt lat="50.9202856" lon="6.8163258">
      <ele>71.6</ele>
      <time>2025-07-13T15:35:03Z</time>
    </trkpt>
    <trkpt lat="50.9205914" lon="6.8167417">
      <ele>71.4</ele>
      <time>2025-07-13T15:35:09Z</time>
    </trkpt>
    <trkpt lat="50.9209559" lon="6.8172033">
      <ele>71.0</ele>
      <time>2025-07-13T15:35:16Z</time>
    </trkpt>
    <trkpt lat="50.9212023" lon="6.8175248">
      <ele>70.4</ele>
      <time>2025-07-13T15:35:21Z</time>
    </trkpt>
    <trkpt lat="50.9213047" lon="6.8176498">
      <ele>70.2</ele>
      <time>2025-07-13T15:35:23Z</time>
    </trkpt>
    <trkpt lat="50.9215972" lon="6.8180016">
      <ele>70.0</ele>
      <time>2025-07-13T15:35:29Z</time>
    </trkpt>
    <trkpt lat="50.9216908" lon="6.8181083">
      <ele>69.8</ele>
      <time>2025-07-13T15:35:31Z</time>
    </trkpt>
    <trkpt lat="50.9217769" lon="6.8182256">
      <ele>69.6</ele>
      <time>2025-07-13T15:35:33Z</time>
    </trkpt>
    <trkpt lat="50.9218246" lon="6.8182735">
      <ele>69.6</ele>
      <time>2025-07-13T15:35:34Z</time>
    </trkpt>
    <trkpt lat="50.9223020" lon="6.8187018">
      <ele>69.6</ele>
      <time>2025-07-13T15:35:43Z</time>
    </trkpt>
    <trkpt lat="50.9227027" lon="6.8189951">
      <ele>69.2</ele>
      <time>2025-07-13T15:35:50Z</time>
    </trkpt>
    <trkpt lat="50.9227594" lon="6.8190356">
      <ele>69.2</ele>
      <time>2025-07-13T15:35:51Z</time>
    </trkpt>
    <trkpt lat="50.9232791" lon="6.8193405">
      <ele>68.8</ele>
      <time>2025-07-13T15:36:00Z</time>
    </trkpt>
    <trkpt lat="50.9235983" lon="6.8194869">
      <ele>68.4</ele>
      <time>2025-07-13T15:36:06Z</time>
    </trkpt>
    <trkpt lat="50.9236421" lon="6.8195018">
      <ele>68.4</ele>
      <time>2025-07-13T15:36:07Z</time>
    </trkpt>
    <trkpt lat="50.9236764" lon="6.8195323">
      <ele>68.6</ele>
      <time>2025-07-13T15:36:08Z</time>
    </trkpt>
    <trkpt lat="50.9236963" lon="6.8195840">
      <ele>68.8</ele>
      <time>2025-07-13T15:36:09Z</time>
    </trkpt>
    <trkpt lat="50.9237038" lon="6.8196458">
      <ele>68.6</ele>
      <time>2025-07-13T15:36:10Z</time>
    </trkpt>
    <trkpt lat="50.9237476" lon="6.8198375">
      <ele>68.8</ele>
      <time>2025-07-13T15:36:13Z</time>
    </trkpt>
    <trkpt lat="50.9237656" lon="6.8201035">
      <ele>69.0</ele>
      <time>2025-07-13T15:36:18Z</time>
    </trkpt>
    <trkpt lat="50.9237701" lon="6.8201371">
      <ele>69.0</ele>
      <time>2025-07-13T15:36:20Z</time>
    </trkpt>
    <trkpt lat="50.9237812" lon="6.8201767">
      <ele>69.2</ele>
      <time>2025-07-13T15:36:22Z</time>
    </trkpt>
    <trkpt lat="50.9237842" lon="6.8202407">
      <ele>69.4</ele>
      <time>2025-07-13T15:36:26Z</time>
    </trkpt>
    <trkpt lat="50.9237874" lon="6.8202516">
      <ele>69.4</ele>
      <time>2025-07-13T15:36:27Z</time>
    </trkpt>
    <trkpt lat="50.9238217" lon="6.8204095">
      <ele>69.6</ele>
      <time>2025-07-13T15:36:31Z</time>
    </trkpt>
    <trkpt lat="50.9238520" lon="6.8207617">
      <ele>69.4</ele>
      <time>2025-07-13T15:36:36Z</time>
    </trkpt>
    <trkpt lat="50.9238693" lon="6.8208362">
      <ele>69.2</ele>
      <time>2025-07-13T15:36:37Z</time>
    </trkpt>
    <trkpt lat="50.9238844" lon="6.8209135">
      <ele>69.2</ele>
      <time>2025-07-13T15:36:38Z</time>
    </trkpt>
    <trkpt lat="50.9239047" lon="6.8211761">
      <ele>69.0</ele>
      <time>2025-07-13T15:36:41Z</time>
    </trkpt>
    <trkpt lat="50.9239697" lon="6.8218795">
      <ele>68.8</ele>
      <time>2025-07-13T15:36:49Z</time>
    </trkpt>
    <trkpt lat="50.9240372" lon="6.8225736">
      <ele>68.8</ele>
      <time>2025-07-13T15:36:56Z</time>
    </trkpt>
    <trkpt lat="50.9240526" lon="6.8226688">
      <ele>68.8</ele>
      <time>2025-07-13T15:36:57Z</time>
    </trkpt>
    <trkpt lat="50.9241237" lon="6.8228223">
      <ele>68.8</ele>
      <time>2025-07-13T15:36:59Z</time>
    </trkpt>
    <trkpt lat="50.9242453" lon="6.8228774">
      <ele>68.8</ele>
      <time>2025-07-13T15:37:01Z</time>
    </trkpt>
    <trkpt lat="50.9243116" lon="6.8228697">
      <ele>68.6</ele>
      <time>2025-07-13T15:37:02Z</time>
    </trkpt>
    <trkpt lat="50.9243787" lon="6.8228445">
      <ele>68.6</ele>
      <time>2025-07-13T15:37:03Z</time>
    </trkpt>
    <trkpt lat="50.9244452" lon="6.8228107">
      <ele>68.4</ele>
      <time>2025-07-13T15:37:04Z</time>
    </trkpt>
    <trkpt lat="50.9246358" lon="6.8227182">
      <ele>68.0</ele>
      <time>2025-07-13T15:37:07Z</time>
    </trkpt>
    <trkpt lat="50.9247965" lon="6.8226336">
      <ele>68.0</ele>
      <time>2025-07-13T15:37:10Z</time>
    </trkpt>
    <trkpt lat="50.9248358" lon="6.8225904">
      <ele>68.0</ele>
      <time>2025-07-13T15:37:11Z</time>
    </trkpt>
    <trkpt lat="50.9248663" lon="6.8225407">
      <ele>68.0</ele>
      <time>2025-07-13T15:37:12Z</time>
    </trkpt>
    <trkpt lat="50.9248996" lon="6.8224187">
      <ele>68.2</ele>
      <time>2025-07-13T15:37:14Z</time>
    </trkpt>
    <trkpt lat="50.9249182" lon="6.8223534">
      <ele>68.2</ele>
      <time>2025-07-13T15:37:15Z</time>
    </trkpt>
    <trkpt lat="50.9249884" lon="6.8222698">
      <ele>68.4</ele>
      <time>2025-07-13T15:37:17Z</time>
    </trkpt>
    <trkpt lat="50.9252637" lon="6.8221642">
      <ele>68.8</ele>
      <time>2025-07-13T15:37:22Z</time>
    </trkpt>
    <trkpt lat="50.9256447" lon="6.8220383">
      <ele>68.8</ele>
      <time>2025-07-13T15:37:29Z</time>
    </trkpt>
    <trkpt lat="50.9259515" lon="6.8219164">
      <ele>68.8</ele>
      <time>2025-07-13T15:37:35Z</time>
    </trkpt>
    <trkpt lat="50.9263930" lon="6.8217185">
      <ele>69.2</ele>
      <time>2025-07-13T15:37:44Z</time>
    </trkpt>
    <trkpt lat="50.9268639" lon="6.8214968">
      <ele>69.4</ele>
      <time>2025-07-13T15:37:54Z</time>
    </trkpt>
    <trkpt lat="50.9272954" lon="6.8213323">
      <ele>69.8</ele>
      <time>2025-07-13T15:38:03Z</time>
    </trkpt>
    <trkpt lat="50.9277086" lon="6.8210910">
      <ele>70.0</ele>
      <time>2025-07-13T15:38:12Z</time>
    </trkpt>
    <trkpt lat="50.9278415" lon="6.8210096">
      <ele>70.6</ele>
      <time>2025-07-13T15:38:15Z</time>
    </trkpt>
    <trkpt lat="50.9280995" lon="6.8208496">
      <ele>71.4</ele>
      <time>2025-07-13T15:38:21Z</time>
    </trkpt>
    <trkpt lat="50.9281775" lon="6.8207956">
      <ele>71.8</ele>
      <time>2025-07-13T15:38:23Z</time>
    </trkpt>
    <trkpt lat="50.9284823" lon="6.8205465">
      <ele>72.6</ele>
      <time>2025-07-13T15:38:31Z</time>
    </trkpt>
    <trkpt lat="50.9285261" lon="6.8205072">
      <ele>72.8</ele>
      <time>2025-07-13T15:38:33Z</time>
    </trkpt>
    <trkpt lat="50.9285320" lon="6.8205026">
      <ele>73.4</ele>
      <time>2025-07-13T15:38:35Z</time>
    </trkpt>
    <trkpt lat="50.9285615" lon="6.8204820">
      <ele>74.0</ele>
      <time>2025-07-13T15:38:39Z</time>
    </trkpt>
    <trkpt lat="50.9286150" lon="6.8204521">
      <ele>74.2</ele>
      <time>2025-07-13T15:38:41Z</time>
    </trkpt>
    <trkpt lat="50.9287974" lon="6.8203316">
      <ele>74.4</ele>
      <time>2025-07-13T15:38:46Z</time>
    </trkpt>
    <trkpt lat="50.9290570" lon="6.8201344">
      <ele>74.6</ele>
      <time>2025-07-13T15:38:53Z</time>
    </trkpt>
    <trkpt lat="50.9293612" lon="6.8199104">
      <ele>75.2</ele>
      <time>2025-07-13T15:39:01Z</time>
    </trkpt>
    <trkpt lat="50.9294808" lon="6.8198141">
      <ele>75.4</ele>
      <time>2025-07-13T15:39:04Z</time>
    </trkpt>
    <trkpt lat="50.9298139" lon="6.8195275">
      <ele>75.8</ele>
      <time>2025-07-13T15:39:12Z</time>
    </trkpt>
    <trkpt lat="50.9302081" lon="6.8191426">
      <ele>75.4</ele>
      <time>2025-07-13T15:39:21Z</time>
    </trkpt>
    <trkpt lat="50.9305162" lon="6.8187518">
      <ele>75.0</ele>
      <time>2025-07-13T15:39:28Z</time>
    </trkpt>
    <trkpt lat="50.9308189" lon="6.8184138">
      <ele>74.4</ele>
      <time>2025-07-13T15:39:34Z</time>
    </trkpt>
    <trkpt lat="50.9309333" lon="6.8183027">
      <ele>74.0</ele>
      <time>2025-07-13T15:39:36Z</time>
    </trkpt>
    <trkpt lat="50.9312456" lon="6.8180210">
      <ele>73.6</ele>
      <time>2025-07-13T15:39:41Z</time>
    </trkpt>
    <trkpt lat="50.9313063" lon="6.8179636">
      <ele>72.8</ele>
      <time>2025-07-13T15:39:42Z</time>
    </trkpt>
    <trkpt lat="50.9315540" lon="6.8177369">
      <ele>71.6</ele>
      <time>2025-07-13T15:39:46Z</time>
    </trkpt>
    <trkpt lat="50.9317313" lon="6.8175734">
      <ele>71.2</ele>
      <time>2025-07-13T15:39:49Z</time>
    </trkpt>
    <trkpt lat="50.9320187" lon="6.8172997">
      <ele>70.8</ele>
      <time>2025-07-13T15:39:55Z</time>
    </trkpt>
    <trkpt lat="50.9320984" lon="6.8172365">
      <ele>71.0</ele>
      <time>2025-07-13T15:39:59Z</time>
    </trkpt>
    <trkpt lat="50.9321025" lon="6.8172367">
      <ele>71.4</ele>
      <time>2025-07-13T15:40:03Z</time>
    </trkpt>
    <trkpt lat="50.9321174" lon="6.8172609">
      <ele>71.4</ele>
      <time>2025-07-13T15:40:24Z</time>
    </trkpt>
    <trkpt lat="50.9321336" lon="6.8172909">
      <ele>71.4</ele>
      <time>2025-07-13T15:40:25Z</time>
    </trkpt>
    <trkpt lat="50.9322118" lon="6.8175662">
      <ele>71.0</ele>
      <time>2025-07-13T15:40:30Z</time>
    </trkpt>
    <trkpt lat="50.9322304" lon="6.8176369">
      <ele>70.8</ele>
      <time>2025-07-13T15:40:31Z</time>
    </trkpt>
    <trkpt lat="50.9322859" lon="6.8180345">
      <ele>70.6</ele>
      <time>2025-07-13T15:40:36Z</time>
    </trkpt>
    <trkpt lat="50.9323135" lon="6.8184560">
      <ele>70.6</ele>
      <time>2025-07-13T15:40:41Z</time>
    </trkpt>
    <trkpt lat="50.9323249" lon="6.8186275">
      <ele>70.6</ele>
      <time>2025-07-13T15:40:43Z</time>
    </trkpt>
    <trkpt lat="50.9323598" lon="6.8192516">
      <ele>70.6</ele>
      <time>2025-07-13T15:40:50Z</time>
    </trkpt>
    <trkpt lat="50.9323863" lon="6.8201053">
      <ele>70.2</ele>
      <time>2025-07-13T15:40:59Z</time>
    </trkpt>
    <trkpt lat="50.9324027" lon="6.8207690">
      <ele>70.0</ele>
      <time>2025-07-13T15:41:06Z</time>
    </trkpt>
    <trkpt lat="50.9324188" lon="6.8212568">
      <ele>70.2</ele>
      <time>2025-07-13T15:41:13Z</time>
    </trkpt>
    <trkpt lat="50.9324143" lon="6.8215595">
      <ele>70.2</ele>
      <time>2025-07-13T15:41:18Z</time>
    </trkpt>
    <trkpt lat="50.9324118" lon="6.8219497">
      <ele>70.0</ele>
      <time>2025-07-13T15:41:23Z</time>
    </trkpt>
    <trkpt lat="50.9324081" lon="6.8220327">
      <ele>70.0</ele>
      <time>2025-07-13T15:41:24Z</time>
    </trkpt>
    <trkpt lat="50.9323797" lon="6.8226380">
      <ele>69.6</ele>
      <time>2025-07-13T15:41:31Z</time>
    </trkpt>
    <trkpt lat="50.9323506" lon="6.8234885">
      <ele>69.0</ele>
      <time>2025-07-13T15:41:40Z</time>
    </trkpt>
    <trkpt lat="50.9323046" lon="6.8241986">
      <ele>68.6</ele>
      <time>2025-07-13T15:41:48Z</time>
    </trkpt>
    <trkpt lat="50.9323043" lon="6.8242891">
      <ele>68.6</ele>
      <time>2025-07-13T15:41:49Z</time>
    </trkpt>
    <trkpt lat="50.9323232" lon="6.8244677">
      <ele>68.6</ele>
      <time>2025-07-13T15:41:51Z</time>
    </trkpt>
    <trkpt lat="50.9323422" lon="6.8245525">
      <ele>68.6</ele>
      <time>2025-07-13T15:41:52Z</time>
    </trkpt>
    <trkpt lat="50.9323667" lon="6.8246275">
      <ele>68.6</ele>
      <time>2025-07-13T15:41:53Z</time>
    </trkpt>
    <trkpt lat="50.9324305" lon="6.8247647">
      <ele>68.8</ele>
      <time>2025-07-13T15:41:55Z</time>
    </trkpt>
    <trkpt lat="50.9324712" lon="6.8248205">
      <ele>68.8</ele>
      <time>2025-07-13T15:41:56Z</time>
    </trkpt>
    <trkpt lat="50.9325148" lon="6.8248687">
      <ele>68.8</ele>
      <time>2025-07-13T15:41:57Z</time>
    </trkpt>
    <trkpt lat="50.9327405" lon="6.8251015">
      <ele>68.6</ele>
      <time>2025-07-13T15:42:02Z</time>
    </trkpt>
    <trkpt lat="50.9328199" lon="6.8252018">
      <ele>68.6</ele>
      <time>2025-07-13T15:42:04Z</time>
    </trkpt>
    <trkpt lat="50.9329199" lon="6.8253793">
      <ele>68.6</ele>
      <time>2025-07-13T15:42:07Z</time>
    </trkpt>
    <trkpt lat="50.9329554" lon="6.8254356">
      <ele>68.6</ele>
      <time>2025-07-13T15:42:08Z</time>
    </trkpt>
    <trkpt lat="50.9330447" lon="6.8255269">
      <ele>68.4</ele>
      <time>2025-07-13T15:42:10Z</time>
    </trkpt>
    <trkpt lat="50.9330924" lon="6.8255708">
      <ele>68.2</ele>
      <time>2025-07-13T15:42:11Z</time>
    </trkpt>
    <trkpt lat="50.9331793" lon="6.8256758">
      <ele>68.0</ele>
      <time>2025-07-13T15:42:13Z</time>
    </trkpt>
    <trkpt lat="50.9333678" lon="6.8258578">
      <ele>67.8</ele>
      <time>2025-07-13T15:42:17Z</time>
    </trkpt>
    <trkpt lat="50.9337589" lon="6.8262296">
      <ele>67.6</ele>
      <time>2025-07-13T15:42:25Z</time>
    </trkpt>
    <trkpt lat="50.9342481" lon="6.8266806">
      <ele>68.2</ele>
      <time>2025-07-13T15:42:35Z</time>
    </trkpt>
    <trkpt lat="50.9343527" lon="6.8267404">
      <ele>68.4</ele>
      <time>2025-07-13T15:42:37Z</time>
    </trkpt>
    <trkpt lat="50.9344608" lon="6.8267932">
      <ele>68.4</ele>
      <time>2025-07-13T15:42:39Z</time>
    </trkpt>
    <trkpt lat="50.9345190" lon="6.8268078">
      <ele>68.4</ele>
      <time>2025-07-13T15:42:40Z</time>
    </trkpt>
    <trkpt lat="50.9349381" lon="6.8268142">
      <ele>68.0</ele>
      <time>2025-07-13T15:42:47Z</time>
    </trkpt>
    <trkpt lat="50.9350542" lon="6.8268062">
      <ele>67.8</ele>
      <time>2025-07-13T15:42:49Z</time>
    </trkpt>
    <trkpt lat="50.9352348" lon="6.8267824">
      <ele>67.4</ele>
      <time>2025-07-13T15:42:52Z</time>
    </trkpt>
    <trkpt lat="50.9354714" lon="6.8267736">
      <ele>66.8</ele>
      <time>2025-07-13T15:42:56Z</time>
    </trkpt>
    <trkpt lat="50.9355753" lon="6.8267751">
      <ele>67.0</ele>
      <time>2025-07-13T15:42:58Z</time>
    </trkpt>
    <trkpt lat="50.9358306" lon="6.8267928">
      <ele>67.0</ele>
      <time>2025-07-13T15:43:04Z</time>
    </trkpt>
    <trkpt lat="50.9358518" lon="6.8267939">
      <ele>67.4</ele>
      <time>2025-07-13T15:43:07Z</time>
    </trkpt>
    <trkpt lat="50.9358518" lon="6.8267939">
      <ele>68.2</ele>
      <time>2025-07-13T15:43:10Z</time>
    </trkpt>
    <trkpt lat="50.9359348" lon="6.8267995">
      <ele>68.4</ele>
      <time>2025-07-13T15:43:22Z</time>
    </trkpt>
    <trkpt lat="50.9361056" lon="6.8267653">
      <ele>67.8</ele>
      <time>2025-07-13T15:43:27Z</time>
    </trkpt>
    <trkpt lat="50.9362221" lon="6.8267335">
      <ele>67.6</ele>
      <time>2025-07-13T15:43:30Z</time>
    </trkpt>
    <trkpt lat="50.9363633" lon="6.8267166">
      <ele>67.4</ele>
      <time>2025-07-13T15:43:33Z</time>
    </trkpt>
    <trkpt lat="50.9365579" lon="6.8266501">
      <ele>67.0</ele>
      <time>2025-07-13T15:43:37Z</time>
    </trkpt>
    <trkpt lat="50.9367050" lon="6.8266065">
      <ele>66.8</ele>
      <time>2025-07-13T15:43:40Z</time>
    </trkpt>
    <trkpt lat="50.9369082" lon="6.8265353">
      <ele>65.8</ele>
      <time>2025-07-13T15:43:44Z</time>
    </trkpt>
    <trkpt lat="50.9371150" lon="6.8264553">
      <ele>65.4</ele>
      <time>2025-07-13T15:43:48Z</time>
    </trkpt>
    <trkpt lat="50.9374496" lon="6.8263584">
      <ele>65.4</ele>
      <time>2025-07-13T15:43:54Z</time>
    </trkpt>
    <trkpt lat="50.9376679" lon="6.8263203">
      <ele>64.6</ele>
      <time>2025-07-13T15:43:58Z</time>
    </trkpt>
    <trkpt lat="50.9378946" lon="6.8263095">
      <ele>64.4</ele>
      <time>2025-07-13T15:44:02Z</time>
    </trkpt>
    <trkpt lat="50.9379980" lon="6.8263201">
      <ele>64.4</ele>
      <time>2025-07-13T15:44:04Z</time>
    </trkpt>
    <trkpt lat="50.9381367" lon="6.8263657">
      <ele>64.6</ele>
      <time>2025-07-13T15:44:07Z</time>
    </trkpt>
    <trkpt lat="50.9382991" lon="6.8264243">
      <ele>64.8</ele>
      <time>2025-07-13T15:44:12Z</time>
    </trkpt>
    <trkpt lat="50.9383239" lon="6.8264487">
      <ele>64.8</ele>
      <time>2025-07-13T15:44:14Z</time>
    </trkpt>
    <trkpt lat="50.9383353" lon="6.8264680">
      <ele>65.0</ele>
      <time>2025-07-13T15:44:16Z</time>
    </trkpt>
    <trkpt lat="50.9383389" lon="6.8264799">
      <ele>65.4</ele>
      <time>2025-07-13T15:44:22Z</time>
    </trkpt>
    <trkpt lat="50.9383682" lon="6.8265089">
      <ele>65.4</ele>
      <time>2025-07-13T15:44:35Z</time>
    </trkpt>
    <trkpt lat="50.9384233" lon="6.8265262">
      <ele>65.4</ele>
      <time>2025-07-13T15:44:37Z</time>
    </trkpt>
    <trkpt lat="50.9385765" lon="6.8265743">
      <ele>65.2</ele>
      <time>2025-07-13T15:44:41Z</time>
    </trkpt>
    <trkpt lat="50.9386714" lon="6.8266016">
      <ele>65.2</ele>
      <time>2025-07-13T15:44:43Z</time>
    </trkpt>
    <trkpt lat="50.9389771" lon="6.8266911">
      <ele>64.6</ele>
      <time>2025-07-13T15:44:49Z</time>
    </trkpt>
    <trkpt lat="50.9393275" lon="6.8267918">
      <ele>64.2</ele>
      <time>2025-07-13T15:44:56Z</time>
    </trkpt>
    <trkpt lat="50.9396893" lon="6.8269401">
      <ele>64.4</ele>
      <time>2025-07-13T15:45:03Z</time>
    </trkpt>
    <trkpt lat="50.9400925" lon="6.8271646">
      <ele>64.6</ele>
      <time>2025-07-13T15:45:11Z</time>
    </trkpt>
    <trkpt lat="50.9404748" lon="6.8274394">
      <ele>64.6</ele>
      <time>2025-07-13T15:45:19Z</time>
    </trkpt>
    <trkpt lat="50.9405675" lon="6.8275135">
      <ele>64.6</ele>
      <time>2025-07-13T15:45:21Z</time>
    </trkpt>
    <trkpt lat="50.9406121" lon="6.8275560">
      <ele>64.6</ele>
      <time>2025-07-13T15:45:22Z</time>
    </trkpt>
    <trkpt lat="50.9407107" lon="6.8276361">
      <ele>64.6</ele>
      <time>2025-07-13T15:45:24Z</time>
    </trkpt>
    <trkpt lat="50.9407601" lon="6.8276719">
      <ele>64.6</ele>
      <time>2025-07-13T15:45:25Z</time>
    </trkpt>
    <trkpt lat="50.9411350" lon="6.8279650">
      <ele>64.6</ele>
      <time>2025-07-13T15:45:33Z</time>
    </trkpt>
    <trkpt lat="50.9415184" lon="6.8283400">
      <ele>64.8</ele>
      <time>2025-07-13T15:45:41Z</time>
    </trkpt>
    <trkpt lat="50.9418630" lon="6.8287106">
      <ele>64.4</ele>
      <time>2025-07-13T15:45:48Z</time>
    </trkpt>
    <trkpt lat="50.9421344" lon="6.8290722">
      <ele>64.4</ele>
      <time>2025-07-13T15:45:54Z</time>
    </trkpt>
    <trkpt lat="50.9421805" lon="6.8291198">
      <ele>64.2</ele>
      <time>2025-07-13T15:45:55Z</time>
    </trkpt>
    <trkpt lat="50.9422782" lon="6.8291518">
      <ele>64.2</ele>
      <time>2025-07-13T15:45:57Z</time>
    </trkpt>
    <trkpt lat="50.9423772" lon="6.8291762">
      <ele>64.2</ele>
      <time>2025-07-13T15:45:59Z</time>
    </trkpt>
    <trkpt lat="50.9424343" lon="6.8291981">
      <ele>64.2</ele>
      <time>2025-07-13T15:46:00Z</time>
    </trkpt>
    <trkpt lat="50.9426008" lon="6.8292161">
      <ele>64.2</ele>
      <time>2025-07-13T15:46:03Z</time>
    </trkpt>
    <trkpt lat="50.9427213" lon="6.8292352">
      <ele>64.2</ele>
      <time>2025-07-13T15:46:05Z</time>
    </trkpt>
    <trkpt lat="50.9429020" lon="6.8292717">
      <ele>63.6</ele>
      <time>2025-07-13T15:46:08Z</time>
    </trkpt>
    <trkpt lat="50.9429659" lon="6.8292756">
      <ele>63.6</ele>
      <time>2025-07-13T15:46:09Z</time>
    </trkpt>
    <trkpt lat="50.9430831" lon="6.8292890">
      <ele>63.4</ele>
      <time>2025-07-13T15:46:11Z</time>
    </trkpt>
    <trkpt lat="50.9435550" lon="6.8293059">
      <ele>63.2</ele>
      <time>2025-07-13T15:46:19Z</time>
    </trkpt>
    <trkpt lat="50.9437748" lon="6.8293147">
      <ele>63.0</ele>
      <time>2025-07-13T15:46:23Z</time>
    </trkpt>
    <trkpt lat="50.9438852" lon="6.8293637">
      <ele>63.0</ele>
      <time>2025-07-13T15:46:25Z</time>
    </trkpt>
    <trkpt lat="50.9439795" lon="6.8294547">
      <ele>63.0</ele>
      <time>2025-07-13T15:46:27Z</time>
    </trkpt>
    <trkpt lat="50.9441009" lon="6.8296513">
      <ele>63.2</ele>
      <time>2025-07-13T15:46:30Z</time>
    </trkpt>
    <trkpt lat="50.9442542" lon="6.8299258">
      <ele>63.2</ele>
      <time>2025-07-13T15:46:34Z</time>
    </trkpt>
    <trkpt lat="50.9443213" lon="6.8300767">
      <ele>63.2</ele>
      <time>2025-07-13T15:46:36Z</time>
    </trkpt>
    <trkpt lat="50.9444552" lon="6.8303460">
      <ele>63.4</ele>
      <time>2025-07-13T15:46:40Z</time>
    </trkpt>
    <trkpt lat="50.9445118" lon="6.8304821">
      <ele>63.6</ele>
      <time>2025-07-13T15:46:42Z</time>
    </trkpt>
    <trkpt lat="50.9445384" lon="6.8305551">
      <ele>63.8</ele>
      <time>2025-07-13T15:46:43Z</time>
    </trkpt>
    <trkpt lat="50.9445874" lon="6.8306996">
      <ele>64.0</ele>
      <time>2025-07-13T15:46:45Z</time>
    </trkpt>
    <trkpt lat="50.9446186" lon="6.8308451">
      <ele>64.4</ele>
      <time>2025-07-13T15:46:47Z</time>
    </trkpt>
    <trkpt lat="50.9446453" lon="6.8309739">
      <ele>64.6</ele>
      <time>2025-07-13T15:46:49Z</time>
    </trkpt>
    <trkpt lat="50.9446678" lon="6.8310693">
      <ele>64.8</ele>
      <time>2025-07-13T15:46:51Z</time>
    </trkpt>
    <trkpt lat="50.9446806" lon="6.8311176">
      <ele>64.8</ele>
      <time>2025-07-13T15:46:53Z</time>
    </trkpt>
    <trkpt lat="50.9446840" lon="6.8311383">
      <ele>65.0</ele>
      <time>2025-07-13T15:46:54Z</time>
    </trkpt>
    <trkpt lat="50.9446919" lon="6.8311754">
      <ele>65.4</ele>
      <time>2025-07-13T15:46:59Z</time>
    </trkpt>
    <trkpt lat="50.9447099" lon="6.8312155">
      <ele>65.4</ele>
      <time>2025-07-13T15:47:05Z</time>
    </trkpt>
    <trkpt lat="50.9447702" lon="6.8312854">
      <ele>65.4</ele>
      <time>2025-07-13T15:47:07Z</time>
    </trkpt>
    <trkpt lat="50.9448583" lon="6.8312948">
      <ele>65.4</ele>
      <time>2025-07-13T15:47:09Z</time>
    </trkpt>
    <trkpt lat="50.9449076" lon="6.8312753">
      <ele>65.4</ele>
      <time>2025-07-13T15:47:10Z</time>
    </trkpt>
    <trkpt lat="50.9452249" lon="6.8311085">
      <ele>64.6</ele>
      <time>2025-07-13T15:47:16Z</time>
    </trkpt>
    <trkpt lat="50.9454816" lon="6.8309075">
      <ele>64.2</ele>
      <time>2025-07-13T15:47:21Z</time>
    </trkpt>
    <trkpt lat="50.9455908" lon="6.8308788">
      <ele>64.0</ele>
      <time>2025-07-13T15:47:23Z</time>
    </trkpt>
    <trkpt lat="50.9456970" lon="6.8309437">
      <ele>64.0</ele>
      <time>2025-07-13T15:47:25Z</time>
    </trkpt>
    <trkpt lat="50.9457439" lon="6.8309998">
      <ele>64.0</ele>
      <time>2025-07-13T15:47:26Z</time>
    </trkpt>
    <trkpt lat="50.9457831" lon="6.8310618">
      <ele>64.0</ele>
      <time>2025-07-13T15:47:27Z</time>
    </trkpt>
    <trkpt lat="50.9459525" lon="6.8313948">
      <ele>64.6</ele>
      <time>2025-07-13T15:47:32Z</time>
    </trkpt>
    <trkpt lat="50.9462455" lon="6.8320898">
      <ele>65.2</ele>
      <time>2025-07-13T15:47:42Z</time>
    </trkpt>
    <trkpt lat="50.9463296" lon="6.8324863">
      <ele>65.4</ele>
      <time>2025-07-13T15:47:47Z</time>
    </trkpt>
    <trkpt lat="50.9463375" lon="6.8325696">
      <ele>65.6</ele>
      <time>2025-07-13T15:47:48Z</time>
    </trkpt>
    <trkpt lat="50.9463800" lon="6.8329981">
      <ele>65.6</ele>
      <time>2025-07-13T15:47:53Z</time>
    </trkpt>
    <trkpt lat="50.9464246" lon="6.8335182">
      <ele>65.6</ele>
      <time>2025-07-13T15:47:59Z</time>
    </trkpt>
    <trkpt lat="50.9464994" lon="6.8344063">
      <ele>65.8</ele>
      <time>2025-07-13T15:48:09Z</time>
    </trkpt>
    <trkpt lat="50.9465795" lon="6.8352128">
      <ele>66.0</ele>
      <time>2025-07-13T15:48:18Z</time>
    </trkpt>
    <trkpt lat="50.9465934" lon="6.8353005">
      <ele>66.0</ele>
      <time>2025-07-13T15:48:19Z</time>
    </trkpt>
    <trkpt lat="50.9466002" lon="6.8353881">
      <ele>66.0</ele>
      <time>2025-07-13T15:48:20Z</time>
    </trkpt>
    <trkpt lat="50.9466059" lon="6.8355657">
      <ele>66.0</ele>
      <time>2025-07-13T15:48:22Z</time>
    </trkpt>
    <trkpt lat="50.9466188" lon="6.8357512">
      <ele>66.0</ele>
      <time>2025-07-13T15:48:24Z</time>
    </trkpt>
    <trkpt lat="50.9466887" lon="6.8363662">
      <ele>65.6</ele>
      <time>2025-07-13T15:48:31Z</time>
    </trkpt>
    <trkpt lat="50.9467463" lon="6.8370612">
      <ele>65.8</ele>
      <time>2025-07-13T15:48:39Z</time>
    </trkpt>
    <trkpt lat="50.9467814" lon="6.8374186">
      <ele>66.4</ele>
      <time>2025-07-13T15:48:43Z</time>
    </trkpt>
    <trkpt lat="50.9467808" lon="6.8376078">
      <ele>66.4</ele>
      <time>2025-07-13T15:48:45Z</time>
    </trkpt>
    <trkpt lat="50.9468082" lon="6.8382582">
      <ele>66.0</ele>
      <time>2025-07-13T15:48:52Z</time>
    </trkpt>
    <trkpt lat="50.9468483" lon="6.8386266">
      <ele>65.8</ele>
      <time>2025-07-13T15:48:56Z</time>
    </trkpt>
    <trkpt lat="50.9468731" lon="6.8388101">
      <ele>65.8</ele>
      <time>2025-07-13T15:48:58Z</time>
    </trkpt>
    <trkpt lat="50.9468792" lon="6.8389029">
      <ele>65.8</ele>
      <time>2025-07-13T15:48:59Z</time>
    </trkpt>
    <trkpt lat="50.9469437" lon="6.8398174">
      <ele>66.0</ele>
      <time>2025-07-13T15:49:09Z</time>
    </trkpt>
    <trkpt lat="50.9469954" lon="6.8405597">
      <ele>66.0</ele>
      <time>2025-07-13T15:49:17Z</time>
    </trkpt>
    <trkpt lat="50.9470749" lon="6.8414013">
      <ele>66.0</ele>
      <time>2025-07-13T15:49:26Z</time>
    </trkpt>
    <trkpt lat="50.9471554" lon="6.8422569">
      <ele>66.4</ele>
      <time>2025-07-13T15:49:35Z</time>
    </trkpt>
    <trkpt lat="50.9472335" lon="6.8431752">
      <ele>66.6</ele>
      <time>2025-07-13T15:49:45Z</time>
    </trkpt>
    <trkpt lat="50.9472422" lon="6.8432667">
      <ele>66.6</ele>
      <time>2025-07-13T15:49:46Z</time>
    </trkpt>
    <trkpt lat="50.9472869" lon="6.8437282">
      <ele>67.0</ele>
      <time>2025-07-13T15:49:51Z</time>
    </trkpt>
    <trkpt lat="50.9473195" lon="6.8441010">
      <ele>67.0</ele>
      <time>2025-07-13T15:49:55Z</time>
    </trkpt>
    <trkpt lat="50.9474016" lon="6.8450349">
      <ele>66.6</ele>
      <time>2025-07-13T15:50:05Z</time>
    </trkpt>
    <trkpt lat="50.9474386" lon="6.8453989">
      <ele>66.8</ele>
      <time>2025-07-13T15:50:09Z</time>
    </trkpt>
    <trkpt lat="50.9474762" lon="6.8458483">
      <ele>66.8</ele>
      <time>2025-07-13T15:50:14Z</time>
    </trkpt>
    <trkpt lat="50.9475003" lon="6.8461216">
      <ele>67.0</ele>
      <time>2025-07-13T15:50:17Z</time>
    </trkpt>
    <trkpt lat="50.9475398" lon="6.8465864">
      <ele>68.0</ele>
      <time>2025-07-13T15:50:22Z</time>
    </trkpt>
    <trkpt lat="50.9475628" lon="6.8468660">
      <ele>68.2</ele>
      <time>2025-07-13T15:50:25Z</time>
    </trkpt>
    <trkpt lat="50.9476205" lon="6.8476023">
      <ele>67.8</ele>
      <time>2025-07-13T15:50:33Z</time>
    </trkpt>
    <trkpt lat="50.9476286" lon="6.8477834">
      <ele>67.8</ele>
      <time>2025-07-13T15:50:35Z</time>
    </trkpt>
    <trkpt lat="50.9477380" lon="6.8487160">
      <ele>67.8</ele>
      <time>2025-07-13T15:50:45Z</time>
    </trkpt>
    <trkpt lat="50.9477546" lon="6.8488099">
      <ele>67.6</ele>
      <time>2025-07-13T15:50:46Z</time>
    </trkpt>
    <trkpt lat="50.9478617" lon="6.8496432">
      <ele>68.0</ele>
      <time>2025-07-13T15:50:55Z</time>
    </trkpt>
    <trkpt lat="50.9479126" lon="6.8503708">
      <ele>68.6</ele>
      <time>2025-07-13T15:51:03Z</time>
    </trkpt>
    <trkpt lat="50.9480393" lon="6.8509204">
      <ele>68.6</ele>
      <time>2025-07-13T15:51:09Z</time>
    </trkpt>
    <trkpt lat="50.9480748" lon="6.8510020">
      <ele>68.6</ele>
      <time>2025-07-13T15:51:10Z</time>
    </trkpt>
    <trkpt lat="50.9482067" lon="6.8512117">
      <ele>68.4</ele>
      <time>2025-07-13T15:51:13Z</time>
    </trkpt>
    <trkpt lat="50.9483652" lon="6.8513743">
      <ele>68.2</ele>
      <time>2025-07-13T15:51:16Z</time>
    </trkpt>
    <trkpt lat="50.9484814" lon="6.8514527">
      <ele>68.2</ele>
      <time>2025-07-13T15:51:18Z</time>
    </trkpt>
    <trkpt lat="50.9489147" lon="6.8515915">
      <ele>67.4</ele>
      <time>2025-07-13T15:51:25Z</time>
    </trkpt>
    <trkpt lat="50.9491999" lon="6.8516506">
      <ele>67.0</ele>
      <time>2025-07-13T15:51:29Z</time>
    </trkpt>
    <trkpt lat="50.9492752" lon="6.8516697">
      <ele>66.8</ele>
      <time>2025-07-13T15:51:30Z</time>
    </trkpt>
    <trkpt lat="50.9498422" lon="6.8518064">
      <ele>66.2</ele>
      <time>2025-07-13T15:51:38Z</time>
    </trkpt>
    <trkpt lat="50.9499764" lon="6.8518383">
      <ele>66.2</ele>
      <time>2025-07-13T15:51:40Z</time>
    </trkpt>
    <trkpt lat="50.9505482" lon="6.8519889">
      <ele>66.4</ele>
      <time>2025-07-13T15:51:49Z</time>
    </trkpt>
    <trkpt lat="50.9511033" lon="6.8521147">
      <ele>66.0</ele>
      <time>2025-07-13T15:51:58Z</time>
    </trkpt>
    <trkpt lat="50.9511594" lon="6.8521248">
      <ele>65.8</ele>
      <time>2025-07-13T15:51:59Z</time>
    </trkpt>
    <trkpt lat="50.9512145" lon="6.8521362">
      <ele>65.8</ele>
      <time>2025-07-13T15:52:00Z</time>
    </trkpt>
    <trkpt lat="50.9513099" lon="6.8521563">
      <ele>65.6</ele>
      <time>2025-07-13T15:52:02Z</time>
    </trkpt>
    <trkpt lat="50.9513766" lon="6.8521536">
      <ele>65.6</ele>
      <time>2025-07-13T15:52:04Z</time>
    </trkpt>
    <trkpt lat="50.9514178" lon="6.8521641">
      <ele>65.8</ele>
      <time>2025-07-13T15:52:06Z</time>
    </trkpt>
    <trkpt lat="50.9514237" lon="6.8521888">
      <ele>65.8</ele>
      <time>2025-07-13T15:52:07Z</time>
    </trkpt>
    <trkpt lat="50.9513653" lon="6.8521993">
      <ele>66.2</ele>
      <time>2025-07-13T15:52:10Z</time>
    </trkpt>
    <trkpt lat="50.9513369" lon="6.8522099">
      <ele>66.4</ele>
      <time>2025-07-13T15:52:11Z</time>
    </trkpt>
    <trkpt lat="50.9512963" lon="6.8522941">
      <ele>66.6</ele>
      <time>2025-07-13T15:52:13Z</time>
    </trkpt>
    <trkpt lat="50.9511419" lon="6.8526077">
      <ele>66.8</ele>
      <time>2025-07-13T15:52:19Z</time>
    </trkpt>
    <trkpt lat="50.9510295" lon="6.8528160">
      <ele>66.8</ele>
      <time>2025-07-13T15:52:23Z</time>
    </trkpt>
    <trkpt lat="50.9509796" lon="6.8529082">
      <ele>66.8</ele>
      <time>2025-07-13T15:52:25Z</time>
    </trkpt>
    <trkpt lat="50.9509629" lon="6.8529546">
      <ele>66.8</ele>
      <time>2025-07-13T15:52:26Z</time>
    </trkpt>
    <trkpt lat="50.9509475" lon="6.8530479">
      <ele>66.8</ele>
      <time>2025-07-13T15:52:28Z</time>
    </trkpt>
    <trkpt lat="50.9509665" lon="6.8531667">
      <ele>66.6</ele>
      <time>2025-07-13T15:52:30Z</time>
    </trkpt>
    <trkpt lat="50.9510719" lon="6.8536482">
      <ele>66.6</ele>
      <time>2025-07-13T15:52:37Z</time>
    </trkpt>
    <trkpt lat="50.9510836" lon="6.8537241">
      <ele>66.6</ele>
      <time>2025-07-13T15:52:38Z</time>
    </trkpt>
    <trkpt lat="50.9511301" lon="6.8542025">
      <ele>66.8</ele>
      <time>2025-07-13T15:52:44Z</time>
    </trkpt>
    <trkpt lat="50.9511833" lon="6.8548567">
      <ele>66.8</ele>
      <time>2025-07-13T15:52:52Z</time>
    </trkpt>
    <trkpt lat="50.9512432" lon="6.8556400">
      <ele>66.6</ele>
      <time>2025-07-13T15:53:02Z</time>
    </trkpt>
    <trkpt lat="50.9513093" lon="6.8562824">
      <ele>67.0</ele>
      <time>2025-07-13T15:53:10Z</time>
    </trkpt>
    <trkpt lat="50.9513273" lon="6.8564475">
      <ele>67.0</ele>
      <time>2025-07-13T15:53:12Z</time>
    </trkpt>
    <trkpt lat="50.9513932" lon="6.8569571">
      <ele>67.2</ele>
      <time>2025-07-13T15:53:18Z</time>
    </trkpt>
    <trkpt lat="50.9514332" lon="6.8571126">
      <ele>67.2</ele>
      <time>2025-07-13T15:53:20Z</time>
    </trkpt>
    <trkpt lat="50.9514458" lon="6.8572777">
      <ele>67.2</ele>
      <time>2025-07-13T15:53:22Z</time>
    </trkpt>
    <trkpt lat="50.9514784" lon="6.8578780">
      <ele>67.0</ele>
      <time>2025-07-13T15:53:29Z</time>
    </trkpt>
    <trkpt lat="50.9515279" lon="6.8585177">
      <ele>66.6</ele>
      <time>2025-07-13T15:53:36Z</time>
    </trkpt>
    <trkpt lat="50.9516049" lon="6.8593465">
      <ele>66.4</ele>
      <time>2025-07-13T15:53:45Z</time>
    </trkpt>
    <trkpt lat="50.9516599" lon="6.8598989">
      <ele>65.8</ele>
      <time>2025-07-13T15:53:51Z</time>
    </trkpt>
    <trkpt lat="50.9516831" lon="6.8601820">
      <ele>65.6</ele>
      <time>2025-07-13T15:53:54Z</time>
    </trkpt>
    <trkpt lat="50.9517484" lon="6.8608258">
      <ele>65.4</ele>
      <time>2025-07-13T15:54:01Z</time>
    </trkpt>
    <trkpt lat="50.9517953" lon="6.8613327">
      <ele>65.4</ele>
      <time>2025-07-13T15:54:07Z</time>
    </trkpt>
    <trkpt lat="50.9518531" lon="6.8619461">
      <ele>65.0</ele>
      <time>2025-07-13T15:54:14Z</time>
    </trkpt>
    <trkpt lat="50.9518867" lon="6.8623877">
      <ele>65.0</ele>
      <time>2025-07-13T15:54:20Z</time>
    </trkpt>
    <trkpt lat="50.9518937" lon="6.8624640">
      <ele>65.0</ele>
      <time>2025-07-13T15:54:22Z</time>
    </trkpt>
    <trkpt lat="50.9519197" lon="6.8625252">
      <ele>65.0</ele>
      <time>2025-07-13T15:54:24Z</time>
    </trkpt>
    <trkpt lat="50.9518652" lon="6.8625726">
      <ele>65.2</ele>
      <time>2025-07-13T15:54:27Z</time>
    </trkpt>
    <trkpt lat="50.9516947" lon="6.8625612">
      <ele>65.4</ele>
      <time>2025-07-13T15:54:32Z</time>
    </trkpt>
    <trkpt lat="50.9514582" lon="6.8626030">
      <ele>65.4</ele>
      <time>2025-07-13T15:54:38Z</time>
    </trkpt>
    <trkpt lat="50.9510843" lon="6.8626921">
      <ele>65.6</ele>
      <time>2025-07-13T15:54:47Z</time>
    </trkpt>
    <trkpt lat="50.9508348" lon="6.8627468">
      <ele>65.6</ele>
      <time>2025-07-13T15:54:53Z</time>
    </trkpt>
    <trkpt lat="50.9507498" lon="6.8627683">
      <ele>65.8</ele>
      <time>2025-07-13T15:54:55Z</time>
    </trkpt>
    <trkpt lat="50.9507088" lon="6.8627777">
      <ele>65.8</ele>
      <time>2025-07-13T15:54:56Z</time>
    </trkpt>
    <trkpt lat="50.9504439" lon="6.8628233">
      <ele>66.2</ele>
      <time>2025-07-13T15:55:02Z</time>
    </trkpt>
    <trkpt lat="50.9503550" lon="6.8628426">
      <ele>66.2</ele>
      <time>2025-07-13T15:55:04Z</time>
    </trkpt>
    <trkpt lat="50.9502713" lon="6.8628704">
      <ele>66.4</ele>
      <time>2025-07-13T15:55:06Z</time>
    </trkpt>
    <trkpt lat="50.9501861" lon="6.8628794">
      <ele>66.6</ele>
      <time>2025-07-13T15:55:08Z</time>
    </trkpt>
    <trkpt lat="50.9499352" lon="6.8629417">
      <ele>67.0</ele>
      <time>2025-07-13T15:55:14Z</time>
    </trkpt>
    <trkpt lat="50.9499252" lon="6.8629687">
      <ele>67.2</ele>
      <time>2025-07-13T15:55:15Z</time>
    </trkpt>
    <trkpt lat="50.9499749" lon="6.8629898">
      <ele>67.4</ele>
      <time>2025-07-13T15:55:18Z</time>
    </trkpt>
    <trkpt lat="50.9501101" lon="6.8629459">
      <ele>67.4</ele>
      <time>2025-07-13T15:55:22Z</time>
    </trkpt>
    <trkpt lat="50.9503442" lon="6.8628737">
      <ele>67.2</ele>
      <time>2025-07-13T15:55:28Z</time>
    </trkpt>
    <trkpt lat="50.9506995" lon="6.8628049">
      <ele>66.6</ele>
      <time>2025-07-13T15:55:37Z</time>
    </trkpt>
    <trkpt lat="50.9509262" lon="6.8627834">
      <ele>66.2</ele>
      <time>2025-07-13T15:55:43Z</time>
    </trkpt>
    <trkpt lat="50.9509679" lon="6.8627746">
      <ele>66.0</ele>
      <time>2025-07-13T15:55:44Z</time>
    </trkpt>
    <trkpt lat="50.9513443" lon="6.8626683">
      <ele>65.6</ele>
      <time>2025-07-13T15:55:53Z</time>
    </trkpt>
    <trkpt lat="50.9515619" lon="6.8625991">
      <ele>65.4</ele>
      <time>2025-07-13T15:55:58Z</time>
    </trkpt>
    <trkpt lat="50.9516491" lon="6.8625809">
      <ele>65.4</ele>
      <time>2025-07-13T15:56:00Z</time>
    </trkpt>
    <trkpt lat="50.9517415" lon="6.8625738">
      <ele>65.2</ele>
      <time>2025-07-13T15:56:02Z</time>
    </trkpt>
    <trkpt lat="50.9518756" lon="6.8625591">
      <ele>65.0</ele>
      <time>2025-07-13T15:56:05Z</time>
    </trkpt>
    <trkpt lat="50.9519588" lon="6.8625505">
      <ele>64.8</ele>
      <time>2025-07-13T15:56:07Z</time>
    </trkpt>
    <trkpt lat="50.9520371" lon="6.8625345">
      <ele>64.8</ele>
      <time>2025-07-13T15:56:09Z</time>
    </trkpt>
    <trkpt lat="50.9521130" lon="6.8625177">
      <ele>64.8</ele>
      <time>2025-07-13T15:56:11Z</time>
    </trkpt>
    <trkpt lat="50.9521879" lon="6.8625111">
      <ele>64.8</ele>
      <time>2025-07-13T15:56:13Z</time>
    </trkpt>
    <trkpt lat="50.9523317" lon="6.8625401">
      <ele>65.0</ele>
      <time>2025-07-13T15:56:17Z</time>
    </trkpt>
    <trkpt lat="50.9524088" lon="6.8627437">
      <ele>65.2</ele>
      <time>2025-07-13T15:56:21Z</time>
    </trkpt>
    <trkpt lat="50.9524154" lon="6.8628130">
      <ele>65.4</ele>
      <time>2025-07-13T15:56:22Z</time>
    </trkpt>
    <trkpt lat="50.9524364" lon="6.8631180">
      <ele>65.4</ele>
      <time>2025-07-13T15:56:26Z</time>
    </trkpt>
    <trkpt lat="50.9524430" lon="6.8631987">
      <ele>65.6</ele>
      <time>2025-07-13T15:56:27Z</time>
    </trkpt>
    <trkpt lat="50.9524599" lon="6.8635328">
      <ele>65.4</ele>
      <time>2025-07-13T15:56:31Z</time>
    </trkpt>
    <trkpt lat="50.9524533" lon="6.8636948">
      <ele>65.2</ele>
      <time>2025-07-13T15:56:33Z</time>
    </trkpt>
    <trkpt lat="50.9524139" lon="6.8642023">
      <ele>65.2</ele>
      <time>2025-07-13T15:56:39Z</time>
    </trkpt>
    <trkpt lat="50.9524202" lon="6.8642652">
      <ele>65.2</ele>
      <time>2025-07-13T15:56:40Z</time>
    </trkpt>
    <trkpt lat="50.9524665" lon="6.8643363">
      <ele>65.4</ele>
      <time>2025-07-13T15:56:42Z</time>
    </trkpt>
    <trkpt lat="50.9524966" lon="6.8643483">
      <ele>65.4</ele>
      <time>2025-07-13T15:56:43Z</time>
    </trkpt>
    <trkpt lat="50.9525210" lon="6.8643520">
      <ele>65.4</ele>
      <time>2025-07-13T15:56:46Z</time>
    </trkpt>
    <trkpt lat="50.9525210" lon="6.8643520">
      <ele>65.2</ele>
      <time>2025-07-13T15:57:00Z</time>
    </trkpt>
    <trkpt lat="50.9525210" lon="6.8643520">
      <ele>65.0</ele>
      <time>2025-07-13T15:57:46Z</time>
    </trkpt>
    <trkpt lat="50.9525210" lon="6.8643520">
      <ele>65.0</ele>
      <time>2025-07-13T15:57:47Z</time>
    </trkpt>
    <trkpt lat="50.9525210" lon="6.8643520">
      <ele>65.0</ele>
      <time>2025-07-13T15:58:02Z</time>
    </trkpt>
    <trkpt lat="50.9525210" lon="6.8643520">
      <ele>65.2</ele>
      <time>2025-07-13T15:58:21Z</time>
    </trkpt>
    <trkpt lat="50.9525210" lon="6.8643520">
      <ele>65.0</ele>
      <time>2025-07-13T15:58:44Z</time>
    </trkpt>
    <trkpt lat="50.9525940" lon="6.8643593">
      <ele>65.0</ele>
      <time>2025-07-13T15:58:49Z</time>
    </trkpt>
    <trkpt lat="50.9527421" lon="6.8644101">
      <ele>64.8</ele>
      <time>2025-07-13T15:58:53Z</time>
    </trkpt>
    <trkpt lat="50.9527890" lon="6.8644248">
      <ele>64.8</ele>
      <time>2025-07-13T15:58:54Z</time>
    </trkpt>
    <trkpt lat="50.9529883" lon="6.8644644">
      <ele>64.0</ele>
      <time>2025-07-13T15:58:58Z</time>
    </trkpt>
    <trkpt lat="50.9530395" lon="6.8644787">
      <ele>63.8</ele>
      <time>2025-07-13T15:58:59Z</time>
    </trkpt>
    <trkpt lat="50.9533140" lon="6.8645432">
      <ele>63.6</ele>
      <time>2025-07-13T15:59:04Z</time>
    </trkpt>
    <trkpt lat="50.9533668" lon="6.8645370">
      <ele>63.6</ele>
      <time>2025-07-13T15:59:05Z</time>
    </trkpt>
    <trkpt lat="50.9535305" lon="6.8645091">
      <ele>63.4</ele>
      <time>2025-07-13T15:59:08Z</time>
    </trkpt>
    <trkpt lat="50.9537542" lon="6.8644465">
      <ele>63.6</ele>
      <time>2025-07-13T15:59:12Z</time>
    </trkpt>
    <trkpt lat="50.9542569" lon="6.8642922">
      <ele>63.8</ele>
      <time>2025-07-13T15:59:21Z</time>
    </trkpt>
    <trkpt lat="50.9547278" lon="6.8641364">
      <ele>64.0</ele>
      <time>2025-07-13T15:59:29Z</time>
    </trkpt>
    <trkpt lat="50.9552244" lon="6.8639762">
      <ele>64.0</ele>
      <time>2025-07-13T15:59:37Z</time>
    </trkpt>
    <trkpt lat="50.9558133" lon="6.8638086">
      <ele>63.6</ele>
      <time>2025-07-13T15:59:46Z</time>
    </trkpt>
    <trkpt lat="50.9563769" lon="6.8636333">
      <ele>63.4</ele>
      <time>2025-07-13T15:59:55Z</time>
    </trkpt>
    <trkpt lat="50.9569565" lon="6.8634632">
      <ele>63.6</ele>
      <time>2025-07-13T16:00:04Z</time>
    </trkpt>
    <trkpt lat="50.9570189" lon="6.8634435">
      <ele>63.6</ele>
      <time>2025-07-13T16:00:05Z</time>
    </trkpt>
    <trkpt lat="50.9575849" lon="6.8632673">
      <ele>64.0</ele>
      <time>2025-07-13T16:00:14Z</time>
    </trkpt>
    <trkpt lat="50.9576493" lon="6.8632463">
      <ele>64.0</ele>
      <time>2025-07-13T16:00:15Z</time>
    </trkpt>
    <trkpt lat="50.9582159" lon="6.8630704">
      <ele>64.2</ele>
      <time>2025-07-13T16:00:24Z</time>
    </trkpt>
    <trkpt lat="50.9583356" lon="6.8630120">
      <ele>64.0</ele>
      <time>2025-07-13T16:00:26Z</time>
    </trkpt>
    <trkpt lat="50.9587992" lon="6.8626748">
      <ele>64.2</ele>
      <time>2025-07-13T16:00:34Z</time>
    </trkpt>
    <trkpt lat="50.9589691" lon="6.8625487">
      <ele>64.2</ele>
      <time>2025-07-13T16:00:37Z</time>
    </trkpt>
    <trkpt lat="50.9592579" lon="6.8623364">
      <ele>64.2</ele>
      <time>2025-07-13T16:00:42Z</time>
    </trkpt>
    <trkpt lat="50.9593134" lon="6.8623060">
      <ele>64.2</ele>
      <time>2025-07-13T16:00:43Z</time>
    </trkpt>
    <trkpt lat="50.9594210" lon="6.8622883">
      <ele>64.2</ele>
      <time>2025-07-13T16:00:45Z</time>
    </trkpt>
    <trkpt lat="50.9594703" lon="6.8623158">
      <ele>64.2</ele>
      <time>2025-07-13T16:00:46Z</time>
    </trkpt>
    <trkpt lat="50.9595134" lon="6.8623522">
      <ele>64.2</ele>
      <time>2025-07-13T16:00:47Z</time>
    </trkpt>
    <trkpt lat="50.9595510" lon="6.8624728">
      <ele>64.2</ele>
      <time>2025-07-13T16:00:49Z</time>
    </trkpt>
    <trkpt lat="50.9595342" lon="6.8627972">
      <ele>64.2</ele>
      <time>2025-07-13T16:00:52Z</time>
    </trkpt>
    <trkpt lat="50.9595546" lon="6.8634853">
      <ele>64.2</ele>
      <time>2025-07-13T16:00:58Z</time>
    </trkpt>
    <trkpt lat="50.9596109" lon="6.8641501">
      <ele>63.8</ele>
      <time>2025-07-13T16:01:04Z</time>
    </trkpt>
    <trkpt lat="50.9596171" lon="6.8643680">
      <ele>63.8</ele>
      <time>2025-07-13T16:01:06Z</time>
    </trkpt>
    <trkpt lat="50.9596239" lon="6.8645752">
      <ele>63.6</ele>
      <time>2025-07-13T16:01:08Z</time>
    </trkpt>
    <trkpt lat="50.9596278" lon="6.8647898">
      <ele>63.6</ele>
      <time>2025-07-13T16:01:10Z</time>
    </trkpt>
    <trkpt lat="50.9596228" lon="6.8648976">
      <ele>63.8</ele>
      <time>2025-07-13T16:01:11Z</time>
    </trkpt>
    <trkpt lat="50.9596110" lon="6.8650071">
      <ele>63.8</ele>
      <time>2025-07-13T16:01:12Z</time>
    </trkpt>
    <trkpt lat="50.9595469" lon="6.8653361">
      <ele>63.8</ele>
      <time>2025-07-13T16:01:15Z</time>
    </trkpt>
    <trkpt lat="50.9593408" lon="6.8661206">
      <ele>63.6</ele>
      <time>2025-07-13T16:01:22Z</time>
    </trkpt>
    <trkpt lat="50.9592019" lon="6.8665915">
      <ele>63.0</ele>
      <time>2025-07-13T16:01:26Z</time>
    </trkpt>
    <trkpt lat="50.9591004" lon="6.8669408">
      <ele>61.8</ele>
      <time>2025-07-13T16:01:29Z</time>
    </trkpt>
    <trkpt lat="50.9590673" lon="6.8670577">
      <ele>61.6</ele>
      <time>2025-07-13T16:01:30Z</time>
    </trkpt>
    <trkpt lat="50.9589685" lon="6.8674091">
      <ele>60.8</ele>
      <time>2025-07-13T16:01:33Z</time>
    </trkpt>
    <trkpt lat="50.9588553" lon="6.8678807">
      <ele>60.0</ele>
      <time>2025-07-13T16:01:37Z</time>
    </trkpt>
    <trkpt lat="50.9588258" lon="6.8679927">
      <ele>60.0</ele>
      <time>2025-07-13T16:01:38Z</time>
    </trkpt>
    <trkpt lat="50.9587506" lon="6.8681814">
      <ele>59.8</ele>
      <time>2025-07-13T16:01:40Z</time>
    </trkpt>
    <trkpt lat="50.9587028" lon="6.8682503">
      <ele>59.8</ele>
      <time>2025-07-13T16:01:41Z</time>
    </trkpt>
    <trkpt lat="50.9586470" lon="6.8682970">
      <ele>59.8</ele>
      <time>2025-07-13T16:01:42Z</time>
    </trkpt>
    <trkpt lat="50.9585343" lon="6.8683527">
      <ele>59.8</ele>
      <time>2025-07-13T16:01:44Z</time>
    </trkpt>
    <trkpt lat="50.9584884" lon="6.8683778">
      <ele>60.0</ele>
      <time>2025-07-13T16:01:45Z</time>
    </trkpt>
    <trkpt lat="50.9584407" lon="6.8684458">
      <ele>60.2</ele>
      <time>2025-07-13T16:01:47Z</time>
    </trkpt>
    <trkpt lat="50.9584749" lon="6.8686359">
      <ele>60.4</ele>
      <time>2025-07-13T16:01:50Z</time>
    </trkpt>
    <trkpt lat="50.9585356" lon="6.8687184">
      <ele>60.4</ele>
      <time>2025-07-13T16:01:52Z</time>
    </trkpt>
    <trkpt lat="50.9585727" lon="6.8687336">
      <ele>60.4</ele>
      <time>2025-07-13T16:01:53Z</time>
    </trkpt>
    <trkpt lat="50.9586126" lon="6.8687578">
      <ele>60.4</ele>
      <time>2025-07-13T16:01:54Z</time>
    </trkpt>
    <trkpt lat="50.9586575" lon="6.8688651">
      <ele>60.2</ele>
      <time>2025-07-13T16:01:56Z</time>
    </trkpt>
    <trkpt lat="50.9586094" lon="6.8691119">
      <ele>60.0</ele>
      <time>2025-07-13T16:01:59Z</time>
    </trkpt>
    <trkpt lat="50.9585292" lon="6.8694602">
      <ele>59.6</ele>
      <time>2025-07-13T16:02:03Z</time>
    </trkpt>
    <trkpt lat="50.9584956" lon="6.8696281">
      <ele>59.0</ele>
      <time>2025-07-13T16:02:05Z</time>
    </trkpt>
    <trkpt lat="50.9584329" lon="6.8699645">
      <ele>58.6</ele>
      <time>2025-07-13T16:02:09Z</time>
    </trkpt>
    <trkpt lat="50.9583707" lon="6.8702404">
      <ele>58.2</ele>
      <time>2025-07-13T16:02:12Z</time>
    </trkpt>
    <trkpt lat="50.9583329" lon="6.8704258">
      <ele>58.2</ele>
      <time>2025-07-13T16:02:14Z</time>
    </trkpt>
    <trkpt lat="50.9583330" lon="6.8705086">
      <ele>58.0</ele>
      <time>2025-07-13T16:02:15Z</time>
    </trkpt>
    <trkpt lat="50.9583498" lon="6.8705806">
      <ele>58.0</ele>
      <time>2025-07-13T16:02:16Z</time>
    </trkpt>
    <trkpt lat="50.9584443" lon="6.8707122">
      <ele>57.6</ele>
      <time>2025-07-13T16:02:18Z</time>
    </trkpt>
    <trkpt lat="50.9585077" lon="6.8707551">
      <ele>57.6</ele>
      <time>2025-07-13T16:02:19Z</time>
    </trkpt>
    <trkpt lat="50.9585755" lon="6.8707819">
      <ele>57.0</ele>
      <time>2025-07-13T16:02:20Z</time>
    </trkpt>
    <trkpt lat="50.9587059" lon="6.8708189">
      <ele>56.4</ele>
      <time>2025-07-13T16:02:22Z</time>
    </trkpt>
    <trkpt lat="50.9587686" lon="6.8708279">
      <ele>56.2</ele>
      <time>2025-07-13T16:02:23Z</time>
    </trkpt>
    <trkpt lat="50.9590400" lon="6.8708346">
      <ele>55.8</ele>
      <time>2025-07-13T16:02:28Z</time>
    </trkpt>
    <trkpt lat="50.9591972" lon="6.8709800">
      <ele>55.6</ele>
      <time>2025-07-13T16:02:31Z</time>
    </trkpt>
    <trkpt lat="50.9592457" lon="6.8710555">
      <ele>55.4</ele>
      <time>2025-07-13T16:02:32Z</time>
    </trkpt>
    <trkpt lat="50.9592827" lon="6.8711428">
      <ele>55.2</ele>
      <time>2025-07-13T16:02:33Z</time>
    </trkpt>
    <trkpt lat="50.9593522" lon="6.8713318">
      <ele>55.0</ele>
      <time>2025-07-13T16:02:35Z</time>
    </trkpt>
    <trkpt lat="50.9595457" lon="6.8719868">
      <ele>54.4</ele>
      <time>2025-07-13T16:02:42Z</time>
    </trkpt>
    <trkpt lat="50.9595633" lon="6.8720648">
      <ele>54.4</ele>
      <time>2025-07-13T16:02:43Z</time>
    </trkpt>
    <trkpt lat="50.9595839" lon="6.8721600">
      <ele>54.6</ele>
      <time>2025-07-13T16:02:45Z</time>
    </trkpt>
    <trkpt lat="50.9595863" lon="6.8721689">
      <ele>55.2</ele>
      <time>2025-07-13T16:02:48Z</time>
    </trkpt>
    <trkpt lat="50.9595863" lon="6.8721689">
      <ele>55.6</ele>
      <time>2025-07-13T16:02:49Z</time>
    </trkpt>
    <trkpt lat="50.9595863" lon="6.8721689">
      <ele>56.2</ele>
      <time>2025-07-13T16:03:00Z</time>
    </trkpt>
    <trkpt lat="50.9595863" lon="6.8721689">
      <ele>56.2</ele>
      <time>2025-07-13T16:03:12Z</time>
    </trkpt>
    <trkpt lat="50.9596137" lon="6.8722331">
      <ele>56.0</ele>
      <time>2025-07-13T16:03:24Z</time>
    </trkpt>
    <trkpt lat="50.9596135" lon="6.8722464">
      <ele>56.0</ele>
      <time>2025-07-13T16:03:29Z</time>
    </trkpt>
    <trkpt lat="50.9596147" lon="6.8722351">
      <ele>56.0</ele>
      <time>2025-07-13T16:03:30Z</time>
    </trkpt>
    <trkpt lat="50.9596088" lon="6.8722172">
      <ele>56.0</ele>
      <time>2025-07-13T16:03:34Z</time>
    </trkpt>
    <trkpt lat="50.9596202" lon="6.8722486">
      <ele>56.0</ele>
      <time>2025-07-13T16:03:41Z</time>
    </trkpt>
    <trkpt lat="50.9596256" lon="6.8722735">
      <ele>56.0</ele>
      <time>2025-07-13T16:03:44Z</time>
    </trkpt>
    <trkpt lat="50.9596418" lon="6.8723228">
      <ele>56.0</ele>
      <time>2025-07-13T16:03:46Z</time>
    </trkpt>
    <trkpt lat="50.9596850" lon="6.8725683">
      <ele>56.0</ele>
      <time>2025-07-13T16:03:52Z</time>
    </trkpt>
    <trkpt lat="50.9597160" lon="6.8727638">
      <ele>56.2</ele>
      <time>2025-07-13T16:03:57Z</time>
    </trkpt>
    <trkpt lat="50.9597451" lon="6.8728801">
      <ele>56.6</ele>
      <time>2025-07-13T16:04:02Z</time>
    </trkpt>
    <trkpt lat="50.9597534" lon="6.8730001">
      <ele>57.2</ele>
      <time>2025-07-13T16:04:11Z</time>
    </trkpt>
    <trkpt lat="50.9597497" lon="6.8731903">
      <ele>57.4</ele>
      <time>2025-07-13T16:04:16Z</time>
    </trkpt>
    <trkpt lat="50.9597822" lon="6.8734619">
      <ele>57.6</ele>
      <time>2025-07-13T16:04:21Z</time>
    </trkpt>
    <trkpt lat="50.9598011" lon="6.8736538">
      <ele>57.6</ele>
      <time>2025-07-13T16:04:24Z</time>
    </trkpt>
    <trkpt lat="50.9597945" lon="6.8738447">
      <ele>57.8</ele>
      <time>2025-07-13T16:04:27Z</time>
    </trkpt>
    <trkpt lat="50.9597787" lon="6.8741901">
      <ele>57.8</ele>
      <time>2025-07-13T16:04:33Z</time>
    </trkpt>
    <trkpt lat="50.9597509" lon="6.8745678">
      <ele>58.0</ele>
      <time>2025-07-13T16:04:40Z</time>
    </trkpt>
    <trkpt lat="50.9597470" lon="6.8749146">
      <ele>58.2</ele>
      <time>2025-07-13T16:04:47Z</time>
    </trkpt>
    <trkpt lat="50.9597194" lon="6.8753418">
      <ele>58.4</ele>
      <time>2025-07-13T16:04:54Z</time>
    </trkpt>
    <trkpt lat="50.9597239" lon="6.8757377">
      <ele>58.6</ele>
      <time>2025-07-13T16:05:01Z</time>
    </trkpt>
    <trkpt lat="50.9597606" lon="6.8760633">
      <ele>58.4</ele>
      <time>2025-07-13T16:05:06Z</time>
    </trkpt>
    <trkpt lat="50.9598162" lon="6.8764848">
      <ele>58.2</ele>
      <time>2025-07-13T16:05:12Z</time>
    </trkpt>
    <trkpt lat="50.9598560" lon="6.8769184">
      <ele>58.2</ele>
      <time>2025-07-13T16:05:20Z</time>
    </trkpt>
    <trkpt lat="50.9598165" lon="6.8770802">
      <ele>58.2</ele>
      <time>2025-07-13T16:05:24Z</time>
    </trkpt>
    <trkpt lat="50.9598192" lon="6.8773095">
      <ele>58.2</ele>
      <time>2025-07-13T16:05:29Z</time>
    </trkpt>
    <trkpt lat="50.9598335" lon="6.8773566">
      <ele>58.2</ele>
      <time>2025-07-13T16:05:30Z</time>
    </trkpt>
    <trkpt lat="50.9599012" lon="6.8774581">
      <ele>58.2</ele>
      <time>2025-07-13T16:05:33Z</time>
    </trkpt>
    <trkpt lat="50.9600884" lon="6.8776445">
      <ele>57.6</ele>
      <time>2025-07-13T16:05:40Z</time>
    </trkpt>
    <trkpt lat="50.9602477" lon="6.8777702">
      <ele>57.4</ele>
      <time>2025-07-13T16:05:46Z</time>
    </trkpt>
    <trkpt lat="50.9604633" lon="6.8776867">
      <ele>57.4</ele>
      <time>2025-07-13T16:05:53Z</time>
    </trkpt>
    <trkpt lat="50.9606706" lon="6.8775966">
      <ele>57.4</ele>
      <time>2025-07-13T16:06:00Z</time>
    </trkpt>
    <trkpt lat="50.9609129" lon="6.8775532">
      <ele>57.4</ele>
      <time>2025-07-13T16:06:06Z</time>
    </trkpt>
    <trkpt lat="50.9610135" lon="6.8775095">
      <ele>57.4</ele>
      <time>2025-07-13T16:06:08Z</time>
    </trkpt>
    <trkpt lat="50.9611417" lon="6.8774376">
      <ele>57.4</ele>
      <time>2025-07-13T16:06:11Z</time>
    </trkpt>
    <trkpt lat="50.9615327" lon="6.8771847">
      <ele>57.4</ele>
      <time>2025-07-13T16:06:19Z</time>
    </trkpt>
    <trkpt lat="50.9618175" lon="6.8770101">
      <ele>57.6</ele>
      <time>2025-07-13T16:06:26Z</time>
    </trkpt>
    <trkpt lat="50.9619577" lon="6.8768067">
      <ele>57.6</ele>
      <time>2025-07-13T16:06:31Z</time>
    </trkpt>
    <trkpt lat="50.9620370" lon="6.8764735">
      <ele>57.8</ele>
      <time>2025-07-13T16:06:37Z</time>
    </trkpt>
    <trkpt lat="50.9620824" lon="6.8763862">
      <ele>58.0</ele>
      <time>2025-07-13T16:06:39Z</time>
    </trkpt>
    <trkpt lat="50.9621119" lon="6.8763684">
      <ele>58.2</ele>
      <time>2025-07-13T16:06:40Z</time>
    </trkpt>
    <trkpt lat="50.9621367" lon="6.8763681">
      <ele>58.2</ele>
      <time>2025-07-13T16:06:41Z</time>
    </trkpt>
    <trkpt lat="50.9622317" lon="6.8763830">
      <ele>58.2</ele>
      <time>2025-07-13T16:06:44Z</time>
    </trkpt>
    <trkpt lat="50.9625205" lon="6.8764637">
      <ele>57.8</ele>
      <time>2025-07-13T16:06:51Z</time>
    </trkpt>
    <trkpt lat="50.9626402" lon="6.8765000">
      <ele>57.8</ele>
      <time>2025-07-13T16:06:54Z</time>
    </trkpt>
    <trkpt lat="50.9627118" lon="6.8765193">
      <ele>57.6</ele>
      <time>2025-07-13T16:06:56Z</time>
    </trkpt>
    <trkpt lat="50.9627855" lon="6.8765611">
      <ele>57.6</ele>
      <time>2025-07-13T16:06:58Z</time>
    </trkpt>
    <trkpt lat="50.9628170" lon="6.8765965">
      <ele>57.6</ele>
      <time>2025-07-13T16:06:59Z</time>
    </trkpt>
    <trkpt lat="50.9628798" lon="6.8766668">
      <ele>57.6</ele>
      <time>2025-07-13T16:07:01Z</time>
    </trkpt>
    <trkpt lat="50.9630813" lon="6.8769061">
      <ele>57.2</ele>
      <time>2025-07-13T16:07:07Z</time>
    </trkpt>
    <trkpt lat="50.9632188" lon="6.8770236">
      <ele>57.0</ele>
      <time>2025-07-13T16:07:11Z</time>
    </trkpt>
    <trkpt lat="50.9632455" lon="6.8770572">
      <ele>56.8</ele>
      <time>2025-07-13T16:07:12Z</time>
    </trkpt>
    <trkpt lat="50.9633205" lon="6.8772100">
      <ele>56.8</ele>
      <time>2025-07-13T16:07:15Z</time>
    </trkpt>
    <trkpt lat="50.9633958" lon="6.8772847">
      <ele>56.8</ele>
      <time>2025-07-13T16:07:17Z</time>
    </trkpt>
    <trkpt lat="50.9634269" lon="6.8772884">
      <ele>56.8</ele>
      <time>2025-07-13T16:07:18Z</time>
    </trkpt>
    <trkpt lat="50.9634496" lon="6.8772815">
      <ele>56.8</ele>
      <time>2025-07-13T16:07:21Z</time>
    </trkpt>
    <trkpt lat="50.9634580" lon="6.8772433">
      <ele>57.0</ele>
      <time>2025-07-13T16:07:24Z</time>
    </trkpt>
    <trkpt lat="50.9634561" lon="6.8772375">
      <ele>57.2</ele>
      <time>2025-07-13T16:07:26Z</time>
    </trkpt>
    <trkpt lat="50.9634529" lon="6.8772351">
      <ele>57.4</ele>
      <time>2025-07-13T16:07:28Z</time>
    </trkpt>
    <trkpt lat="50.9634352" lon="6.8772412">
      <ele>57.4</ele>
      <time>2025-07-13T16:07:30Z</time>
    </trkpt>
    <trkpt lat="50.9634386" lon="6.8772367">
      <ele>57.6</ele>
      <time>2025-07-13T16:07:35Z</time>
    </trkpt>
  </trkseg></trk>
</gpx>
