<?xml version="1.0" encoding="UTF-8"?>
<gpx version="1.1" creator="Diary FIT converter" xmlns="http://www.topografix.com/GPX/1/1">
  <trk><name>Cycling</name><trkseg>
    <trkpt lat="50.9597905" lon="6.8772153">
      <time>2024-10-24T13:23:24Z</time>
    </trkpt>
    <trkpt lat="50.9597400" lon="6.8769331">
      <time>2024-10-24T13:23:26Z</time>
    </trkpt>
    <trkpt lat="50.9598217" lon="6.8767631">
      <time>2024-10-24T13:23:28Z</time>
    </trkpt>
    <trkpt lat="50.9598003" lon="6.8766196">
      <time>2024-10-24T13:23:30Z</time>
    </trkpt>
    <trkpt lat="50.9597232" lon="6.8759544">
      <time>2024-10-24T13:23:38Z</time>
    </trkpt>
    <trkpt lat="50.9596832" lon="6.8755012">
      <time>2024-10-24T13:23:43Z</time>
    </trkpt>
    <trkpt lat="50.9596898" lon="6.8754116">
      <time>2024-10-24T13:23:44Z</time>
    </trkpt>
    <trkpt lat="50.9597107" lon="6.8751425">
      <time>2024-10-24T13:23:47Z</time>
    </trkpt>
    <trkpt lat="50.9597254" lon="6.8748731">
      <time>2024-10-24T13:23:50Z</time>
    </trkpt>
    <trkpt lat="50.9597326" lon="6.8747849">
      <time>2024-10-24T13:23:51Z</time>
    </trkpt>
    <trkpt lat="50.9597740" lon="6.8742419">
      <time>2024-10-24T13:23:57Z</time>
    </trkpt>
    <trkpt lat="50.9598168" lon="6.8736799">
      <time>2024-10-24T13:24:03Z</time>
    </trkpt>
    <trkpt lat="50.9597981" lon="6.8735105">
      <time>2024-10-24T13:24:05Z</time>
    </trkpt>
    <trkpt lat="50.9597665" lon="6.8732877">
      <time>2024-10-24T13:24:08Z</time>
    </trkpt>
    <trkpt lat="50.9597549" lon="6.8731397">
      <time>2024-10-24T13:24:11Z</time>
    </trkpt>
    <trkpt lat="50.9597579" lon="6.8731230">
      <time>2024-10-24T13:24:12Z</time>
    </trkpt>
    <trkpt lat="50.9597565" lon="6.8731063">
      <time>2024-10-24T13:24:15Z</time>
    </trkpt>
    <trkpt lat="50.9597482" lon="6.8729943">
      <time>2024-10-24T13:24:18Z</time>
    </trkpt>
    <trkpt lat="50.9597201" lon="6.8729013">
      <time>2024-10-24T13:24:20Z</time>
    </trkpt>
    <trkpt lat="50.9597072" lon="6.8728387">
      <time>2024-10-24T13:24:21Z</time>
    </trkpt>
    <trkpt lat="50.9596483" lon="6.8724834">
      <time>2024-10-24T13:24:25Z</time>
    </trkpt>
    <trkpt lat="50.9595495" lon="6.8718657">
      <time>2024-10-24T13:24:31Z</time>
    </trkpt>
    <trkpt lat="50.9594974" lon="6.8716567">
      <time>2024-10-24T13:24:33Z</time>
    </trkpt>
    <trkpt lat="50.9593654" lon="6.8712308">
      <time>2024-10-24T13:24:37Z</time>
    </trkpt>
    <trkpt lat="50.9593369" lon="6.8711361">
      <time>2024-10-24T13:24:38Z</time>
    </trkpt>
    <trkpt lat="50.9592721" lon="6.8709742">
      <time>2024-10-24T13:24:40Z</time>
    </trkpt>
    <trkpt lat="50.9591935" lon="6.8708494">
      <time>2024-10-24T13:24:42Z</time>
    </trkpt>
    <trkpt lat="50.9591663" lon="6.8708200">
      <time>2024-10-24T13:24:43Z</time>
    </trkpt>
    <trkpt lat="50.9590670" lon="6.8707779">
      <time>2024-10-24T13:24:45Z</time>
    </trkpt>
    <trkpt lat="50.9588326" lon="6.8707774">
      <time>2024-10-24T13:24:50Z</time>
    </trkpt>
    <trkpt lat="50.9587220" lon="6.8707689">
      <time>2024-10-24T13:24:52Z</time>
    </trkpt>
    <trkpt lat="50.9585563" lon="6.8707387">
      <time>2024-10-24T13:24:55Z</time>
    </trkpt>
    <trkpt lat="50.9584625" lon="6.8706950">
      <time>2024-10-24T13:24:57Z</time>
    </trkpt>
    <trkpt lat="50.9584203" lon="6.8706532">
      <time>2024-10-24T13:24:58Z</time>
    </trkpt>
    <trkpt lat="50.9583951" lon="6.8706085">
      <time>2024-10-24T13:24:59Z</time>
    </trkpt>
    <trkpt lat="50.9583361" lon="6.8705058">
      <time>2024-10-24T13:25:01Z</time>
    </trkpt>
    <trkpt lat="50.9583215" lon="6.8704545">
      <time>2024-10-24T13:25:02Z</time>
    </trkpt>
    <trkpt lat="50.9583207" lon="6.8703888">
      <time>2024-10-24T13:25:03Z</time>
    </trkpt>
    <trkpt lat="50.9583472" lon="6.8702894">
      <time>2024-10-24T13:25:05Z</time>
    </trkpt>
    <trkpt lat="50.9583746" lon="6.8701409">
      <time>2024-10-24T13:25:07Z</time>
    </trkpt>
    <trkpt lat="50.9583995" lon="6.8699894">
      <time>2024-10-24T13:25:09Z</time>
    </trkpt>
    <trkpt lat="50.9584229" lon="6.8699031">
      <time>2024-10-24T13:25:10Z</time>
    </trkpt>
    <trkpt lat="50.9585021" lon="6.8695380">
      <time>2024-10-24T13:25:15Z</time>
    </trkpt>
    <trkpt lat="50.9585424" lon="6.8693203">
      <time>2024-10-24T13:25:18Z</time>
    </trkpt>
    <trkpt lat="50.9586328" lon="6.8689376">
      <time>2024-10-24T13:25:24Z</time>
    </trkpt>
    <trkpt lat="50.9586572" lon="6.8687547">
      <time>2024-10-24T13:25:27Z</time>
    </trkpt>
    <trkpt lat="50.9586398" lon="6.8687088">
      <time>2024-10-24T13:25:28Z</time>
    </trkpt>
    <trkpt lat="50.9586071" lon="6.8686752">
      <time>2024-10-24T13:25:29Z</time>
    </trkpt>
    <trkpt lat="50.9585339" lon="6.8686433">
      <time>2024-10-24T13:25:31Z</time>
    </trkpt>
    <trkpt lat="50.9585080" lon="6.8686138">
      <time>2024-10-24T13:25:32Z</time>
    </trkpt>
    <trkpt lat="50.9584895" lon="6.8685081">
      <time>2024-10-24T13:25:34Z</time>
    </trkpt>
    <trkpt lat="50.9584730" lon="6.8684231">
      <time>2024-10-24T13:25:35Z</time>
    </trkpt>
    <trkpt lat="50.9584720" lon="6.8683067">
      <time>2024-10-24T13:25:37Z</time>
    </trkpt>
    <trkpt lat="50.9585285" lon="6.8682137">
      <time>2024-10-24T13:25:40Z</time>
    </trkpt>
    <trkpt lat="50.9587074" lon="6.8681212">
      <time>2024-10-24T13:25:45Z</time>
    </trkpt>
    <trkpt lat="50.9587552" lon="6.8680673">
      <time>2024-10-24T13:25:46Z</time>
    </trkpt>
    <trkpt lat="50.9588328" lon="6.8679171">
      <time>2024-10-24T13:25:48Z</time>
    </trkpt>
    <trkpt lat="50.9589109" lon="6.8676178">
      <time>2024-10-24T13:25:51Z</time>
    </trkpt>
    <trkpt lat="50.9589574" lon="6.8674033">
      <time>2024-10-24T13:25:53Z</time>
    </trkpt>
    <trkpt lat="50.9590431" lon="6.8670849">
      <time>2024-10-24T13:25:56Z</time>
    </trkpt>
    <trkpt lat="50.9590920" lon="6.8669035">
      <time>2024-10-24T13:25:58Z</time>
    </trkpt>
    <trkpt lat="50.9593495" lon="6.8660751">
      <time>2024-10-24T13:26:06Z</time>
    </trkpt>
    <trkpt lat="50.9595338" lon="6.8654567">
      <time>2024-10-24T13:26:12Z</time>
    </trkpt>
    <trkpt lat="50.9595575" lon="6.8653486">
      <time>2024-10-24T13:26:13Z</time>
    </trkpt>
    <trkpt lat="50.9595798" lon="6.8652422">
      <time>2024-10-24T13:26:14Z</time>
    </trkpt>
    <trkpt lat="50.9596509" lon="6.8648227">
      <time>2024-10-24T13:26:18Z</time>
    </trkpt>
    <trkpt lat="50.9596593" lon="6.8647203">
      <time>2024-10-24T13:26:19Z</time>
    </trkpt>
    <trkpt lat="50.9596639" lon="6.8646163">
      <time>2024-10-24T13:26:20Z</time>
    </trkpt>
    <trkpt lat="50.9596618" lon="6.8645117">
      <time>2024-10-24T13:26:21Z</time>
    </trkpt>
    <trkpt lat="50.9596334" lon="6.8640997">
      <time>2024-10-24T13:26:25Z</time>
    </trkpt>
    <trkpt lat="50.9595674" lon="6.8633932">
      <time>2024-10-24T13:26:32Z</time>
    </trkpt>
    <trkpt lat="50.9595263" lon="6.8626491">
      <time>2024-10-24T13:26:39Z</time>
    </trkpt>
    <trkpt lat="50.9595259" lon="6.8625505">
      <time>2024-10-24T13:26:40Z</time>
    </trkpt>
    <trkpt lat="50.9595278" lon="6.8624587">
      <time>2024-10-24T13:26:41Z</time>
    </trkpt>
    <trkpt lat="50.9594894" lon="6.8622821">
      <time>2024-10-24T13:26:43Z</time>
    </trkpt>
    <trkpt lat="50.9593849" lon="6.8621910">
      <time>2024-10-24T13:26:45Z</time>
    </trkpt>
    <trkpt lat="50.9593261" lon="6.8621719">
      <time>2024-10-24T13:26:46Z</time>
    </trkpt>
    <trkpt lat="50.9592005" lon="6.8622430">
      <time>2024-10-24T13:26:48Z</time>
    </trkpt>
    <trkpt lat="50.9589420" lon="6.8624406">
      <time>2024-10-24T13:26:52Z</time>
    </trkpt>
    <trkpt lat="50.9588416" lon="6.8625378">
      <time>2024-10-24T13:26:54Z</time>
    </trkpt>
    <trkpt lat="50.9584445" lon="6.8628703">
      <time>2024-10-24T13:27:01Z</time>
    </trkpt>
    <trkpt lat="50.9581300" lon="6.8630231">
      <time>2024-10-24T13:27:07Z</time>
    </trkpt>
    <trkpt lat="50.9576180" lon="6.8631843">
      <time>2024-10-24T13:27:16Z</time>
    </trkpt>
    <trkpt lat="50.9572211" lon="6.8632997">
      <time>2024-10-24T13:27:23Z</time>
    </trkpt>
    <trkpt lat="50.9568326" lon="6.8634420">
      <time>2024-10-24T13:27:30Z</time>
    </trkpt>
    <trkpt lat="50.9565857" lon="6.8635036">
      <time>2024-10-24T13:27:34Z</time>
    </trkpt>
    <trkpt lat="50.9563697" lon="6.8635698">
      <time>2024-10-24T13:27:38Z</time>
    </trkpt>
    <trkpt lat="50.9560309" lon="6.8636813">
      <time>2024-10-24T13:27:44Z</time>
    </trkpt>
    <trkpt lat="50.9556762" lon="6.8637756">
      <time>2024-10-24T13:27:50Z</time>
    </trkpt>
    <trkpt lat="50.9551586" lon="6.8639426">
      <time>2024-10-24T13:27:59Z</time>
    </trkpt>
    <trkpt lat="50.9550980" lon="6.8639652">
      <time>2024-10-24T13:28:00Z</time>
    </trkpt>
    <trkpt lat="50.9546178" lon="6.8641243">
      <time>2024-10-24T13:28:08Z</time>
    </trkpt>
    <trkpt lat="50.9542227" lon="6.8642454">
      <time>2024-10-24T13:28:15Z</time>
    </trkpt>
    <trkpt lat="50.9538814" lon="6.8643553">
      <time>2024-10-24T13:28:21Z</time>
    </trkpt>
    <trkpt lat="50.9534968" lon="6.8644521">
      <time>2024-10-24T13:28:28Z</time>
    </trkpt>
    <trkpt lat="50.9532297" lon="6.8645176">
      <time>2024-10-24T13:28:33Z</time>
    </trkpt>
    <trkpt lat="50.9531388" lon="6.8645224">
      <time>2024-10-24T13:28:35Z</time>
    </trkpt>
    <trkpt lat="50.9530955" lon="6.8645187">
      <time>2024-10-24T13:28:36Z</time>
    </trkpt>
    <trkpt lat="50.9530191" lon="6.8645157">
      <time>2024-10-24T13:28:38Z</time>
    </trkpt>
    <trkpt lat="50.9529443" lon="6.8645063">
      <time>2024-10-24T13:28:40Z</time>
    </trkpt>
    <trkpt lat="50.9529125" lon="6.8645034">
      <time>2024-10-24T13:28:41Z</time>
    </trkpt>
    <trkpt lat="50.9527587" lon="6.8644733">
      <time>2024-10-24T13:28:47Z</time>
    </trkpt>
    <trkpt lat="50.9526008" lon="6.8644614">
      <time>2024-10-24T13:28:53Z</time>
    </trkpt>
    <trkpt lat="50.9524718" lon="6.8645071">
      <time>2024-10-24T13:28:56Z</time>
    </trkpt>
    <trkpt lat="50.9523888" lon="6.8645598">
      <time>2024-10-24T13:28:58Z</time>
    </trkpt>
    <trkpt lat="50.9523503" lon="6.8645983">
      <time>2024-10-24T13:28:59Z</time>
    </trkpt>
    <trkpt lat="50.9522726" lon="6.8646911">
      <time>2024-10-24T13:29:01Z</time>
    </trkpt>
    <trkpt lat="50.9521495" lon="6.8648884">
      <time>2024-10-24T13:29:04Z</time>
    </trkpt>
    <trkpt lat="50.9521137" lon="6.8649654">
      <time>2024-10-24T13:29:05Z</time>
    </trkpt>
    <trkpt lat="50.9520481" lon="6.8651351">
      <time>2024-10-24T13:29:07Z</time>
    </trkpt>
    <trkpt lat="50.9519920" lon="6.8653251">
      <time>2024-10-24T13:29:09Z</time>
    </trkpt>
    <trkpt lat="50.9518048" lon="6.8658910">
      <time>2024-10-24T13:29:15Z</time>
    </trkpt>
    <trkpt lat="50.9516321" lon="6.8662410">
      <time>2024-10-24T13:29:19Z</time>
    </trkpt>
    <trkpt lat="50.9514704" lon="6.8665881">
      <time>2024-10-24T13:29:23Z</time>
    </trkpt>
    <trkpt lat="50.9512818" lon="6.8668982">
      <time>2024-10-24T13:29:27Z</time>
    </trkpt>
    <trkpt lat="50.9510501" lon="6.8672622">
      <time>2024-10-24T13:29:32Z</time>
    </trkpt>
    <trkpt lat="50.9507936" lon="6.8676750">
      <time>2024-10-24T13:29:38Z</time>
    </trkpt>
    <trkpt lat="50.9505824" lon="6.8680010">
      <time>2024-10-24T13:29:43Z</time>
    </trkpt>
    <trkpt lat="50.9505434" lon="6.8681646">
      <time>2024-10-24T13:29:45Z</time>
    </trkpt>
    <trkpt lat="50.9504815" lon="6.8686985">
      <time>2024-10-24T13:29:50Z</time>
    </trkpt>
    <trkpt lat="50.9503974" lon="6.8693262">
      <time>2024-10-24T13:29:56Z</time>
    </trkpt>
    <trkpt lat="50.9503682" lon="6.8695447">
      <time>2024-10-24T13:29:58Z</time>
    </trkpt>
    <trkpt lat="50.9503457" lon="6.8697495">
      <time>2024-10-24T13:30:00Z</time>
    </trkpt>
    <trkpt lat="50.9503114" lon="6.8700588">
      <time>2024-10-24T13:30:03Z</time>
    </trkpt>
    <trkpt lat="50.9502797" lon="6.8702561">
      <time>2024-10-24T13:30:05Z</time>
    </trkpt>
    <trkpt lat="50.9501930" lon="6.8707306">
      <time>2024-10-24T13:30:10Z</time>
    </trkpt>
    <trkpt lat="50.9501627" lon="6.8709390">
      <time>2024-10-24T13:30:12Z</time>
    </trkpt>
    <trkpt lat="50.9501112" lon="6.8710543">
      <time>2024-10-24T13:30:14Z</time>
    </trkpt>
    <trkpt lat="50.9499801" lon="6.8711118">
      <time>2024-10-24T13:30:18Z</time>
    </trkpt>
    <trkpt lat="50.9498051" lon="6.8711408">
      <time>2024-10-24T13:30:22Z</time>
    </trkpt>
    <trkpt lat="50.9497070" lon="6.8711275">
      <time>2024-10-24T13:30:24Z</time>
    </trkpt>
    <trkpt lat="50.9495552" lon="6.8711515">
      <time>2024-10-24T13:30:27Z</time>
    </trkpt>
    <trkpt lat="50.9494515" lon="6.8712183">
      <time>2024-10-24T13:30:29Z</time>
    </trkpt>
    <trkpt lat="50.9493409" lon="6.8713264">
      <time>2024-10-24T13:30:31Z</time>
    </trkpt>
    <trkpt lat="50.9492745" lon="6.8714599">
      <time>2024-10-24T13:30:33Z</time>
    </trkpt>
    <trkpt lat="50.9491844" lon="6.8715912">
      <time>2024-10-24T13:30:35Z</time>
    </trkpt>
    <trkpt lat="50.9491355" lon="6.8716513">
      <time>2024-10-24T13:30:36Z</time>
    </trkpt>
    <trkpt lat="50.9490840" lon="6.8717117">
      <time>2024-10-24T13:30:37Z</time>
    </trkpt>
    <trkpt lat="50.9490485" lon="6.8717875">
      <time>2024-10-24T13:30:38Z</time>
    </trkpt>
    <trkpt lat="50.9489007" lon="6.8720044">
      <time>2024-10-24T13:30:41Z</time>
    </trkpt>
    <trkpt lat="50.9486674" lon="6.8723051">
      <time>2024-10-24T13:30:46Z</time>
    </trkpt>
    <trkpt lat="50.9486093" lon="6.8723486">
      <time>2024-10-24T13:30:47Z</time>
    </trkpt>
    <trkpt lat="50.9485482" lon="6.8723735">
      <time>2024-10-24T13:30:48Z</time>
    </trkpt>
    <trkpt lat="50.9483285" lon="6.8725187">
      <time>2024-10-24T13:30:52Z</time>
    </trkpt>
    <trkpt lat="50.9482933" lon="6.8725657">
      <time>2024-10-24T13:30:54Z</time>
    </trkpt>
    <trkpt lat="50.9481755" lon="6.8726021">
      <time>2024-10-24T13:30:56Z</time>
    </trkpt>
    <trkpt lat="50.9478962" lon="6.8727848">
      <time>2024-10-24T13:31:02Z</time>
    </trkpt>
    <trkpt lat="50.9477326" lon="6.8728479">
      <time>2024-10-24T13:31:05Z</time>
    </trkpt>
    <trkpt lat="50.9476452" lon="6.8728948">
      <time>2024-10-24T13:31:07Z</time>
    </trkpt>
    <trkpt lat="50.9474610" lon="6.8729657">
      <time>2024-10-24T13:31:12Z</time>
    </trkpt>
    <trkpt lat="50.9473981" lon="6.8731238">
      <time>2024-10-24T13:31:15Z</time>
    </trkpt>
    <trkpt lat="50.9473929" lon="6.8732505">
      <time>2024-10-24T13:31:17Z</time>
    </trkpt>
    <trkpt lat="50.9473953" lon="6.8734131">
      <time>2024-10-24T13:31:19Z</time>
    </trkpt>
    <trkpt lat="50.9474047" lon="6.8737661">
      <time>2024-10-24T13:31:23Z</time>
    </trkpt>
    <trkpt lat="50.9474004" lon="6.8738388">
      <time>2024-10-24T13:31:24Z</time>
    </trkpt>
    <trkpt lat="50.9473832" lon="6.8740204">
      <time>2024-10-24T13:31:26Z</time>
    </trkpt>
    <trkpt lat="50.9473701" lon="6.8741537">
      <time>2024-10-24T13:31:28Z</time>
    </trkpt>
    <trkpt lat="50.9473403" lon="6.8742970">
      <time>2024-10-24T13:31:30Z</time>
    </trkpt>
    <trkpt lat="50.9473217" lon="6.8743658">
      <time>2024-10-24T13:31:31Z</time>
    </trkpt>
    <trkpt lat="50.9473292" lon="6.8744801">
      <time>2024-10-24T13:31:34Z</time>
    </trkpt>
    <trkpt lat="50.9474236" lon="6.8744692">
      <time>2024-10-24T13:31:38Z</time>
    </trkpt>
    <trkpt lat="50.9473984" lon="6.8745602">
      <time>2024-10-24T13:31:41Z</time>
    </trkpt>
    <trkpt lat="50.9472993" lon="6.8746458">
      <time>2024-10-24T13:31:44Z</time>
    </trkpt>
    <trkpt lat="50.9471035" lon="6.8748459">
      <time>2024-10-24T13:31:49Z</time>
    </trkpt>
    <trkpt lat="50.9470285" lon="6.8748679">
      <time>2024-10-24T13:31:50Z</time>
    </trkpt>
    <trkpt lat="50.9467212" lon="6.8749418">
      <time>2024-10-24T13:31:54Z</time>
    </trkpt>
    <trkpt lat="50.9464146" lon="6.8749389">
      <time>2024-10-24T13:31:59Z</time>
    </trkpt>
    <trkpt lat="50.9462851" lon="6.8749842">
      <time>2024-10-24T13:32:01Z</time>
    </trkpt>
    <trkpt lat="50.9461871" lon="6.8749938">
      <time>2024-10-24T13:32:03Z</time>
    </trkpt>
    <trkpt lat="50.9459863" lon="6.8749748">
      <time>2024-10-24T13:32:08Z</time>
    </trkpt>
    <trkpt lat="50.9458756" lon="6.8748668">
      <time>2024-10-24T13:32:12Z</time>
    </trkpt>
    <trkpt lat="50.9458432" lon="6.8748646">
      <time>2024-10-24T13:32:13Z</time>
    </trkpt>
    <trkpt lat="50.9457664" lon="6.8748646">
      <time>2024-10-24T13:32:19Z</time>
    </trkpt>
    <trkpt lat="50.9457513" lon="6.8748682">
      <time>2024-10-24T13:32:20Z</time>
    </trkpt>
    <trkpt lat="50.9456666" lon="6.8748807">
      <time>2024-10-24T13:32:24Z</time>
    </trkpt>
    <trkpt lat="50.9455050" lon="6.8749345">
      <time>2024-10-24T13:32:28Z</time>
    </trkpt>
    <trkpt lat="50.9454573" lon="6.8749320">
      <time>2024-10-24T13:32:29Z</time>
    </trkpt>
    <trkpt lat="50.9452539" lon="6.8749099">
      <time>2024-10-24T13:32:33Z</time>
    </trkpt>
    <trkpt lat="50.9451515" lon="6.8748835">
      <time>2024-10-24T13:32:35Z</time>
    </trkpt>
    <trkpt lat="50.9450133" lon="6.8748722">
      <time>2024-10-24T13:32:38Z</time>
    </trkpt>
    <trkpt lat="50.9449379" lon="6.8748573">
      <time>2024-10-24T13:32:40Z</time>
    </trkpt>
    <trkpt lat="50.9447975" lon="6.8748927">
      <time>2024-10-24T13:32:44Z</time>
    </trkpt>
    <trkpt lat="50.9445770" lon="6.8749720">
      <time>2024-10-24T13:32:49Z</time>
    </trkpt>
    <trkpt lat="50.9445251" lon="6.8749956">
      <time>2024-10-24T13:32:50Z</time>
    </trkpt>
    <trkpt lat="50.9443208" lon="6.8750842">
      <time>2024-10-24T13:32:54Z</time>
    </trkpt>
    <trkpt lat="50.9441409" lon="6.8752045">
      <time>2024-10-24T13:32:58Z</time>
    </trkpt>
    <trkpt lat="50.9440842" lon="6.8752528">
      <time>2024-10-24T13:32:59Z</time>
    </trkpt>
    <trkpt lat="50.9439960" lon="6.8753450">
      <time>2024-10-24T13:33:01Z</time>
    </trkpt>
    <trkpt lat="50.9439039" lon="6.8754527">
      <time>2024-10-24T13:33:03Z</time>
    </trkpt>
    <trkpt lat="50.9438604" lon="6.8755002">
      <time>2024-10-24T13:33:04Z</time>
    </trkpt>
    <trkpt lat="50.9437330" lon="6.8756256">
      <time>2024-10-24T13:33:07Z</time>
    </trkpt>
    <trkpt lat="50.9435438" lon="6.8758769">
      <time>2024-10-24T13:33:12Z</time>
    </trkpt>
    <trkpt lat="50.9432696" lon="6.8762643">
      <time>2024-10-24T13:33:19Z</time>
    </trkpt>
    <trkpt lat="50.9431895" lon="6.8763870">
      <time>2024-10-24T13:33:21Z</time>
    </trkpt>
    <trkpt lat="50.9431074" lon="6.8764933">
      <time>2024-10-24T13:33:23Z</time>
    </trkpt>
    <trkpt lat="50.9430694" lon="6.8765503">
      <time>2024-10-24T13:33:24Z</time>
    </trkpt>
    <trkpt lat="50.9429952" lon="6.8766740">
      <time>2024-10-24T13:33:26Z</time>
    </trkpt>
    <trkpt lat="50.9428610" lon="6.8768370">
      <time>2024-10-24T13:33:29Z</time>
    </trkpt>
    <trkpt lat="50.9428184" lon="6.8768911">
      <time>2024-10-24T13:33:30Z</time>
    </trkpt>
    <trkpt lat="50.9427326" lon="6.8769914">
      <time>2024-10-24T13:33:32Z</time>
    </trkpt>
    <trkpt lat="50.9425871" lon="6.8772055">
      <time>2024-10-24T13:33:36Z</time>
    </trkpt>
    <trkpt lat="50.9425254" lon="6.8773167">
      <time>2024-10-24T13:33:38Z</time>
    </trkpt>
    <trkpt lat="50.9424290" lon="6.8774692">
      <time>2024-10-24T13:33:41Z</time>
    </trkpt>
    <trkpt lat="50.9423574" lon="6.8775605">
      <time>2024-10-24T13:33:43Z</time>
    </trkpt>
    <trkpt lat="50.9420912" lon="6.8779095">
      <time>2024-10-24T13:33:50Z</time>
    </trkpt>
    <trkpt lat="50.9420635" lon="6.8779455">
      <time>2024-10-24T13:33:51Z</time>
    </trkpt>
    <trkpt lat="50.9420267" lon="6.8779976">
      <time>2024-10-24T13:33:52Z</time>
    </trkpt>
    <trkpt lat="50.9419540" lon="6.8780873">
      <time>2024-10-24T13:33:54Z</time>
    </trkpt>
    <trkpt lat="50.9418859" lon="6.8781876">
      <time>2024-10-24T13:33:56Z</time>
    </trkpt>
    <trkpt lat="50.9417266" lon="6.8783908">
      <time>2024-10-24T13:34:00Z</time>
    </trkpt>
    <trkpt lat="50.9415981" lon="6.8785669">
      <time>2024-10-24T13:34:03Z</time>
    </trkpt>
    <trkpt lat="50.9413211" lon="6.8789620">
      <time>2024-10-24T13:34:11Z</time>
    </trkpt>
    <trkpt lat="50.9411560" lon="6.8791423">
      <time>2024-10-24T13:34:17Z</time>
    </trkpt>
    <trkpt lat="50.9409781" lon="6.8794043">
      <time>2024-10-24T13:34:25Z</time>
    </trkpt>
    <trkpt lat="50.9408712" lon="6.8795580">
      <time>2024-10-24T13:34:28Z</time>
    </trkpt>
    <trkpt lat="50.9407909" lon="6.8796584">
      <time>2024-10-24T13:34:30Z</time>
    </trkpt>
    <trkpt lat="50.9407206" lon="6.8797412">
      <time>2024-10-24T13:34:32Z</time>
    </trkpt>
    <trkpt lat="50.9405086" lon="6.8799660">
      <time>2024-10-24T13:34:37Z</time>
    </trkpt>
    <trkpt lat="50.9404748" lon="6.8799969">
      <time>2024-10-24T13:34:38Z</time>
    </trkpt>
    <trkpt lat="50.9399870" lon="6.8803881">
      <time>2024-10-24T13:34:49Z</time>
    </trkpt>
    <trkpt lat="50.9399405" lon="6.8804296">
      <time>2024-10-24T13:34:50Z</time>
    </trkpt>
    <trkpt lat="50.9397856" lon="6.8805615">
      <time>2024-10-24T13:34:54Z</time>
    </trkpt>
    <trkpt lat="50.9396580" lon="6.8806621">
      <time>2024-10-24T13:34:57Z</time>
    </trkpt>
    <trkpt lat="50.9393878" lon="6.8808811">
      <time>2024-10-24T13:35:03Z</time>
    </trkpt>
    <trkpt lat="50.9392663" lon="6.8809971">
      <time>2024-10-24T13:35:06Z</time>
    </trkpt>
    <trkpt lat="50.9390357" lon="6.8811840">
      <time>2024-10-24T13:35:11Z</time>
    </trkpt>
    <trkpt lat="50.9389151" lon="6.8812927">
      <time>2024-10-24T13:35:14Z</time>
    </trkpt>
    <trkpt lat="50.9385132" lon="6.8816821">
      <time>2024-10-24T13:35:24Z</time>
    </trkpt>
    <trkpt lat="50.9384370" lon="6.8817547">
      <time>2024-10-24T13:35:26Z</time>
    </trkpt>
    <trkpt lat="50.9381984" lon="6.8819681">
      <time>2024-10-24T13:35:32Z</time>
    </trkpt>
    <trkpt lat="50.9379870" lon="6.8820525">
      <time>2024-10-24T13:35:39Z</time>
    </trkpt>
    <trkpt lat="50.9378897" lon="6.8820429">
      <time>2024-10-24T13:35:45Z</time>
    </trkpt>
    <trkpt lat="50.9378897" lon="6.8820429">
      <time>2024-10-24T13:35:47Z</time>
    </trkpt>
    <trkpt lat="50.9378320" lon="6.8820510">
      <time>2024-10-24T13:36:14Z</time>
    </trkpt>
    <trkpt lat="50.9378091" lon="6.8820489">
      <time>2024-10-24T13:36:15Z</time>
    </trkpt>
    <trkpt lat="50.9376401" lon="6.8820104">
      <time>2024-10-24T13:36:21Z</time>
    </trkpt>
    <trkpt lat="50.9375276" lon="6.8820340">
      <time>2024-10-24T13:36:26Z</time>
    </trkpt>
    <trkpt lat="50.9375149" lon="6.8820200">
      <time>2024-10-24T13:36:30Z</time>
    </trkpt>
    <trkpt lat="50.9375149" lon="6.8820200">
      <time>2024-10-24T13:36:32Z</time>
    </trkpt>
    <trkpt lat="50.9375385" lon="6.8820196">
      <time>2024-10-24T13:39:32Z</time>
    </trkpt>
    <trkpt lat="50.9375431" lon="6.8820185">
      <time>2024-10-24T13:39:33Z</time>
    </trkpt>
    <trkpt lat="50.9375416" lon="6.8820214">
      <time>2024-10-24T13:39:34Z</time>
    </trkpt>
    <trkpt lat="50.9375427" lon="6.8820250">
      <time>2024-10-24T13:39:36Z</time>
    </trkpt>
    <trkpt lat="50.9375427" lon="6.8820250">
      <time>2024-10-24T13:39:40Z</time>
    </trkpt>
    <trkpt lat="50.9375427" lon="6.8820250">
      <time>2024-10-24T13:39:41Z</time>
    </trkpt>
    <trkpt lat="50.9375829" lon="6.8820255">
      <time>2024-10-24T13:40:10Z</time>
    </trkpt>
    <trkpt lat="50.9376122" lon="6.8820301">
      <time>2024-10-24T13:40:11Z</time>
    </trkpt>
    <trkpt lat="50.9377982" lon="6.8820302">
      <time>2024-10-24T13:40:16Z</time>
    </trkpt>
    <trkpt lat="50.9378984" lon="6.8820406">
      <time>2024-10-24T13:40:19Z</time>
    </trkpt>
    <trkpt lat="50.9379182" lon="6.8820631">
      <time>2024-10-24T13:40:21Z</time>
    </trkpt>
    <trkpt lat="50.9379182" lon="6.8820631">
      <time>2024-10-24T13:40:23Z</time>
    </trkpt>
    <trkpt lat="50.9379534" lon="6.8820359">
      <time>2024-10-24T13:40:58Z</time>
    </trkpt>
    <trkpt lat="50.9379729" lon="6.8820265">
      <time>2024-10-24T13:40:59Z</time>
    </trkpt>
    <trkpt lat="50.9380931" lon="6.8819985">
      <time>2024-10-24T13:41:04Z</time>
    </trkpt>
    <trkpt lat="50.9382110" lon="6.8819650">
      <time>2024-10-24T13:41:07Z</time>
    </trkpt>
    <trkpt lat="50.9382568" lon="6.8819369">
      <time>2024-10-24T13:41:08Z</time>
    </trkpt>
    <trkpt lat="50.9385558" lon="6.8816925">
      <time>2024-10-24T13:41:14Z</time>
    </trkpt>
    <trkpt lat="50.9386101" lon="6.8816494">
      <time>2024-10-24T13:41:15Z</time>
    </trkpt>
    <trkpt lat="50.9387144" lon="6.8815640">
      <time>2024-10-24T13:41:17Z</time>
    </trkpt>
    <trkpt lat="50.9388905" lon="6.8813971">
      <time>2024-10-24T13:41:21Z</time>
    </trkpt>
    <trkpt lat="50.9390188" lon="6.8812631">
      <time>2024-10-24T13:41:24Z</time>
    </trkpt>
    <trkpt lat="50.9391122" lon="6.8812134">
      <time>2024-10-24T13:41:26Z</time>
    </trkpt>
    <trkpt lat="50.9393904" lon="6.8809541">
      <time>2024-10-24T13:41:32Z</time>
    </trkpt>
    <trkpt lat="50.9397369" lon="6.8806479">
      <time>2024-10-24T13:41:39Z</time>
    </trkpt>
    <trkpt lat="50.9398901" lon="6.8805151">
      <time>2024-10-24T13:41:42Z</time>
    </trkpt>
    <trkpt lat="50.9401446" lon="6.8802896">
      <time>2024-10-24T13:41:47Z</time>
    </trkpt>
    <trkpt lat="50.9405332" lon="6.8799903">
      <time>2024-10-24T13:41:54Z</time>
    </trkpt>
    <trkpt lat="50.9407980" lon="6.8796861">
      <time>2024-10-24T13:42:00Z</time>
    </trkpt>
    <trkpt lat="50.9408428" lon="6.8796304">
      <time>2024-10-24T13:42:03Z</time>
    </trkpt>
    <trkpt lat="50.9408517" lon="6.8796211">
      <time>2024-10-24T13:42:06Z</time>
    </trkpt>
    <trkpt lat="50.9409166" lon="6.8795339">
      <time>2024-10-24T13:42:09Z</time>
    </trkpt>
    <trkpt lat="50.9409864" lon="6.8794087">
      <time>2024-10-24T13:42:11Z</time>
    </trkpt>
    <trkpt lat="50.9410198" lon="6.8793432">
      <time>2024-10-24T13:42:12Z</time>
    </trkpt>
    <trkpt lat="50.9412736" lon="6.8789741">
      <time>2024-10-24T13:42:18Z</time>
    </trkpt>
    <trkpt lat="50.9414620" lon="6.8787152">
      <time>2024-10-24T13:42:22Z</time>
    </trkpt>
    <trkpt lat="50.9415936" lon="6.8785539">
      <time>2024-10-24T13:42:25Z</time>
    </trkpt>
    <trkpt lat="50.9418233" lon="6.8782462">
      <time>2024-10-24T13:42:30Z</time>
    </trkpt>
    <trkpt lat="50.9418706" lon="6.8781801">
      <time>2024-10-24T13:42:31Z</time>
    </trkpt>
    <trkpt lat="50.9419607" lon="6.8780550">
      <time>2024-10-24T13:42:33Z</time>
    </trkpt>
    <trkpt lat="50.9420879" lon="6.8778787">
      <time>2024-10-24T13:42:36Z</time>
    </trkpt>
    <trkpt lat="50.9422258" lon="6.8776978">
      <time>2024-10-24T13:42:39Z</time>
    </trkpt>
    <trkpt lat="50.9423192" lon="6.8775753">
      <time>2024-10-24T13:42:41Z</time>
    </trkpt>
    <trkpt lat="50.9423611" lon="6.8775161">
      <time>2024-10-24T13:42:42Z</time>
    </trkpt>
    <trkpt lat="50.9425783" lon="6.8772083">
      <time>2024-10-24T13:42:47Z</time>
    </trkpt>
    <trkpt lat="50.9427066" lon="6.8770278">
      <time>2024-10-24T13:42:50Z</time>
    </trkpt>
    <trkpt lat="50.9429635" lon="6.8766699">
      <time>2024-10-24T13:42:56Z</time>
    </trkpt>
    <trkpt lat="50.9432096" lon="6.8763331">
      <time>2024-10-24T13:43:02Z</time>
    </trkpt>
    <trkpt lat="50.9433210" lon="6.8762174">
      <time>2024-10-24T13:43:04Z</time>
    </trkpt>
    <trkpt lat="50.9434860" lon="6.8759592">
      <time>2024-10-24T13:43:08Z</time>
    </trkpt>
    <trkpt lat="50.9438004" lon="6.8754964">
      <time>2024-10-24T13:43:16Z</time>
    </trkpt>
    <trkpt lat="50.9439319" lon="6.8753255">
      <time>2024-10-24T13:43:19Z</time>
    </trkpt>
    <trkpt lat="50.9441008" lon="6.8751868">
      <time>2024-10-24T13:43:22Z</time>
    </trkpt>
    <trkpt lat="50.9441623" lon="6.8751480">
      <time>2024-10-24T13:43:23Z</time>
    </trkpt>
    <trkpt lat="50.9442191" lon="6.8751081">
      <time>2024-10-24T13:43:24Z</time>
    </trkpt>
    <trkpt lat="50.9445506" lon="6.8749552">
      <time>2024-10-24T13:43:30Z</time>
    </trkpt>
    <trkpt lat="50.9447727" lon="6.8748921">
      <time>2024-10-24T13:43:34Z</time>
    </trkpt>
    <trkpt lat="50.9449388" lon="6.8748652">
      <time>2024-10-24T13:43:37Z</time>
    </trkpt>
    <trkpt lat="50.9451139" lon="6.8748682">
      <time>2024-10-24T13:43:40Z</time>
    </trkpt>
    <trkpt lat="50.9454468" lon="6.8748838">
      <time>2024-10-24T13:43:46Z</time>
    </trkpt>
    <trkpt lat="50.9455470" lon="6.8748744">
      <time>2024-10-24T13:43:48Z</time>
    </trkpt>
    <trkpt lat="50.9456653" lon="6.8748294">
      <time>2024-10-24T13:43:51Z</time>
    </trkpt>
    <trkpt lat="50.9457242" lon="6.8748037">
      <time>2024-10-24T13:43:53Z</time>
    </trkpt>
    <trkpt lat="50.9457382" lon="6.8747944">
      <time>2024-10-24T13:43:54Z</time>
    </trkpt>
    <trkpt lat="50.9459178" lon="6.8748300">
      <time>2024-10-24T13:43:59Z</time>
    </trkpt>
    <trkpt lat="50.9460266" lon="6.8748406">
      <time>2024-10-24T13:44:01Z</time>
    </trkpt>
    <trkpt lat="50.9462480" lon="6.8748666">
      <time>2024-10-24T13:44:04Z</time>
    </trkpt>
    <trkpt lat="50.9466284" lon="6.8749237">
      <time>2024-10-24T13:44:09Z</time>
    </trkpt>
    <trkpt lat="50.9467221" lon="6.8749117">
      <time>2024-10-24T13:44:10Z</time>
    </trkpt>
    <trkpt lat="50.9469645" lon="6.8747783">
      <time>2024-10-24T13:44:13Z</time>
    </trkpt>
    <trkpt lat="50.9473579" lon="6.8746325">
      <time>2024-10-24T13:44:19Z</time>
    </trkpt>
    <trkpt lat="50.9474190" lon="6.8744868">
      <time>2024-10-24T13:44:21Z</time>
    </trkpt>
    <trkpt lat="50.9474352" lon="6.8744400">
      <time>2024-10-24T13:44:22Z</time>
    </trkpt>
    <trkpt lat="50.9474389" lon="6.8744086">
      <time>2024-10-24T13:44:23Z</time>
    </trkpt>
    <trkpt lat="50.9474086" lon="6.8744131">
      <time>2024-10-24T13:44:24Z</time>
    </trkpt>
    <trkpt lat="50.9473309" lon="6.8744292">
      <time>2024-10-24T13:44:26Z</time>
    </trkpt>
    <trkpt lat="50.9473087" lon="6.8744033">
      <time>2024-10-24T13:44:27Z</time>
    </trkpt>
    <trkpt lat="50.9473258" lon="6.8742391">
      <time>2024-10-24T13:44:30Z</time>
    </trkpt>
    <trkpt lat="50.9473778" lon="6.8739602">
      <time>2024-10-24T13:44:35Z</time>
    </trkpt>
    <trkpt lat="50.9473928" lon="6.8737760">
      <time>2024-10-24T13:44:38Z</time>
    </trkpt>
    <trkpt lat="50.9473589" lon="6.8733604">
      <time>2024-10-24T13:44:45Z</time>
    </trkpt>
    <trkpt lat="50.9473557" lon="6.8731673">
      <time>2024-10-24T13:44:48Z</time>
    </trkpt>
    <trkpt lat="50.9473522" lon="6.8730263">
      <time>2024-10-24T13:44:50Z</time>
    </trkpt>
    <trkpt lat="50.9473902" lon="6.8729286">
      <time>2024-10-24T13:44:52Z</time>
    </trkpt>
    <trkpt lat="50.9474197" lon="6.8729091">
      <time>2024-10-24T13:44:53Z</time>
    </trkpt>
    <trkpt lat="50.9474670" lon="6.8728824">
      <time>2024-10-24T13:44:54Z</time>
    </trkpt>
    <trkpt lat="50.9475723" lon="6.8728195">
      <time>2024-10-24T13:44:57Z</time>
    </trkpt>
    <trkpt lat="50.9476343" lon="6.8727777">
      <time>2024-10-24T13:44:59Z</time>
    </trkpt>
    <trkpt lat="50.9477264" lon="6.8727225">
      <time>2024-10-24T13:45:02Z</time>
    </trkpt>
    <trkpt lat="50.9477911" lon="6.8726901">
      <time>2024-10-24T13:45:04Z</time>
    </trkpt>
    <trkpt lat="50.9478255" lon="6.8726709">
      <time>2024-10-24T13:45:05Z</time>
    </trkpt>
    <trkpt lat="50.9478939" lon="6.8726263">
      <time>2024-10-24T13:45:07Z</time>
    </trkpt>
    <trkpt lat="50.9480113" lon="6.8725501">
      <time>2024-10-24T13:45:10Z</time>
    </trkpt>
    <trkpt lat="50.9481737" lon="6.8724486">
      <time>2024-10-24T13:45:13Z</time>
    </trkpt>
    <trkpt lat="50.9483701" lon="6.8722837">
      <time>2024-10-24T13:45:18Z</time>
    </trkpt>
    <trkpt lat="50.9484245" lon="6.8722540">
      <time>2024-10-24T13:45:19Z</time>
    </trkpt>
    <trkpt lat="50.9485548" lon="6.8721430">
      <time>2024-10-24T13:45:22Z</time>
    </trkpt>
    <trkpt lat="50.9485901" lon="6.8720895">
      <time>2024-10-24T13:45:23Z</time>
    </trkpt>
    <trkpt lat="50.9486552" lon="6.8719363">
      <time>2024-10-24T13:45:25Z</time>
    </trkpt>
    <trkpt lat="50.9487850" lon="6.8717868">
      <time>2024-10-24T13:45:28Z</time>
    </trkpt>
    <trkpt lat="50.9488156" lon="6.8717439">
      <time>2024-10-24T13:45:29Z</time>
    </trkpt>
    <trkpt lat="50.9488930" lon="6.8716397">
      <time>2024-10-24T13:45:31Z</time>
    </trkpt>
    <trkpt lat="50.9490078" lon="6.8715098">
      <time>2024-10-24T13:45:34Z</time>
    </trkpt>
    <trkpt lat="50.9490468" lon="6.8714711">
      <time>2024-10-24T13:45:35Z</time>
    </trkpt>
    <trkpt lat="50.9491687" lon="6.8713242">
      <time>2024-10-24T13:45:38Z</time>
    </trkpt>
    <trkpt lat="50.9492400" lon="6.8712256">
      <time>2024-10-24T13:45:40Z</time>
    </trkpt>
    <trkpt lat="50.9492818" lon="6.8711823">
      <time>2024-10-24T13:45:41Z</time>
    </trkpt>
    <trkpt lat="50.9493564" lon="6.8710852">
      <time>2024-10-24T13:45:43Z</time>
    </trkpt>
    <trkpt lat="50.9494363" lon="6.8710373">
      <time>2024-10-24T13:45:45Z</time>
    </trkpt>
    <trkpt lat="50.9494867" lon="6.8710202">
      <time>2024-10-24T13:45:46Z</time>
    </trkpt>
    <trkpt lat="50.9495443" lon="6.8710127">
      <time>2024-10-24T13:45:47Z</time>
    </trkpt>
    <trkpt lat="50.9497361" lon="6.8709858">
      <time>2024-10-24T13:45:51Z</time>
    </trkpt>
    <trkpt lat="50.9498904" lon="6.8709239">
      <time>2024-10-24T13:45:54Z</time>
    </trkpt>
    <trkpt lat="50.9499728" lon="6.8709184">
      <time>2024-10-24T13:45:56Z</time>
    </trkpt>
    <trkpt lat="50.9500111" lon="6.8709222">
      <time>2024-10-24T13:45:57Z</time>
    </trkpt>
    <trkpt lat="50.9500397" lon="6.8708846">
      <time>2024-10-24T13:45:58Z</time>
    </trkpt>
    <trkpt lat="50.9500830" lon="6.8707503">
      <time>2024-10-24T13:46:00Z</time>
    </trkpt>
    <trkpt lat="50.9501156" lon="6.8706112">
      <time>2024-10-24T13:46:02Z</time>
    </trkpt>
    <trkpt lat="50.9501470" lon="6.8705445">
      <time>2024-10-24T13:46:03Z</time>
    </trkpt>
    <trkpt lat="50.9502006" lon="6.8704237">
      <time>2024-10-24T13:46:05Z</time>
    </trkpt>
    <trkpt lat="50.9502161" lon="6.8703551">
      <time>2024-10-24T13:46:06Z</time>
    </trkpt>
    <trkpt lat="50.9502731" lon="6.8698585">
      <time>2024-10-24T13:46:13Z</time>
    </trkpt>
    <trkpt lat="50.9503100" lon="6.8695870">
      <time>2024-10-24T13:46:17Z</time>
    </trkpt>
    <trkpt lat="50.9503061" lon="6.8695186">
      <time>2024-10-24T13:46:18Z</time>
    </trkpt>
    <trkpt lat="50.9503216" lon="6.8694506">
      <time>2024-10-24T13:46:19Z</time>
    </trkpt>
    <trkpt lat="50.9503717" lon="6.8691721">
      <time>2024-10-24T13:46:23Z</time>
    </trkpt>
    <trkpt lat="50.9503775" lon="6.8691028">
      <time>2024-10-24T13:46:24Z</time>
    </trkpt>
    <trkpt lat="50.9503981" lon="6.8686723">
      <time>2024-10-24T13:46:30Z</time>
    </trkpt>
    <trkpt lat="50.9504428" lon="6.8684907">
      <time>2024-10-24T13:46:33Z</time>
    </trkpt>
    <trkpt lat="50.9504526" lon="6.8684378">
      <time>2024-10-24T13:46:34Z</time>
    </trkpt>
    <trkpt lat="50.9504548" lon="6.8682685">
      <time>2024-10-24T13:46:37Z</time>
    </trkpt>
    <trkpt lat="50.9504859" lon="6.8680369">
      <time>2024-10-24T13:46:41Z</time>
    </trkpt>
    <trkpt lat="50.9505140" lon="6.8679848">
      <time>2024-10-24T13:46:42Z</time>
    </trkpt>
    <trkpt lat="50.9506585" lon="6.8677829">
      <time>2024-10-24T13:46:46Z</time>
    </trkpt>
    <trkpt lat="50.9507006" lon="6.8677170">
      <time>2024-10-24T13:46:47Z</time>
    </trkpt>
    <trkpt lat="50.9508594" lon="6.8674819">
      <time>2024-10-24T13:46:51Z</time>
    </trkpt>
    <trkpt lat="50.9509841" lon="6.8672818">
      <time>2024-10-24T13:46:54Z</time>
    </trkpt>
    <trkpt lat="50.9510837" lon="6.8671481">
      <time>2024-10-24T13:46:56Z</time>
    </trkpt>
    <trkpt lat="50.9511962" lon="6.8669532">
      <time>2024-10-24T13:46:59Z</time>
    </trkpt>
    <trkpt lat="50.9513241" lon="6.8667690">
      <time>2024-10-24T13:47:02Z</time>
    </trkpt>
    <trkpt lat="50.9514588" lon="6.8665298">
      <time>2024-10-24T13:47:06Z</time>
    </trkpt>
    <trkpt lat="50.9517410" lon="6.8660149">
      <time>2024-10-24T13:47:14Z</time>
    </trkpt>
    <trkpt lat="50.9517752" lon="6.8659507">
      <time>2024-10-24T13:47:15Z</time>
    </trkpt>
    <trkpt lat="50.9519314" lon="6.8656220">
      <time>2024-10-24T13:47:20Z</time>
    </trkpt>
    <trkpt lat="50.9519708" lon="6.8654682">
      <time>2024-10-24T13:47:22Z</time>
    </trkpt>
    <trkpt lat="50.9519930" lon="6.8653899">
      <time>2024-10-24T13:47:23Z</time>
    </trkpt>
    <trkpt lat="50.9520578" lon="6.8651485">
      <time>2024-10-24T13:47:26Z</time>
    </trkpt>
    <trkpt lat="50.9520891" lon="6.8650741">
      <time>2024-10-24T13:47:27Z</time>
    </trkpt>
    <trkpt lat="50.9521900" lon="6.8648795">
      <time>2024-10-24T13:47:30Z</time>
    </trkpt>
    <trkpt lat="50.9522823" lon="6.8647605">
      <time>2024-10-24T13:47:32Z</time>
    </trkpt>
    <trkpt lat="50.9523367" lon="6.8647088">
      <time>2024-10-24T13:47:33Z</time>
    </trkpt>
    <trkpt lat="50.9524458" lon="6.8646270">
      <time>2024-10-24T13:47:35Z</time>
    </trkpt>
    <trkpt lat="50.9525889" lon="6.8645652">
      <time>2024-10-24T13:47:37Z</time>
    </trkpt>
    <trkpt lat="50.9528323" lon="6.8644974">
      <time>2024-10-24T13:47:40Z</time>
    </trkpt>
    <trkpt lat="50.9529957" lon="6.8644869">
      <time>2024-10-24T13:47:42Z</time>
    </trkpt>
    <trkpt lat="50.9535532" lon="6.8644574">
      <time>2024-10-24T13:47:49Z</time>
    </trkpt>
    <trkpt lat="50.9540440" lon="6.8643043">
      <time>2024-10-24T13:47:55Z</time>
    </trkpt>
    <trkpt lat="50.9541260" lon="6.8642837">
      <time>2024-10-24T13:47:56Z</time>
    </trkpt>
    <trkpt lat="50.9544608" lon="6.8641832">
      <time>2024-10-24T13:48:00Z</time>
    </trkpt>
    <trkpt lat="50.9549736" lon="6.8640450">
      <time>2024-10-24T13:48:06Z</time>
    </trkpt>
    <trkpt lat="50.9552165" lon="6.8639723">
      <time>2024-10-24T13:48:09Z</time>
    </trkpt>
    <trkpt lat="50.9555454" lon="6.8638698">
      <time>2024-10-24T13:48:13Z</time>
    </trkpt>
    <trkpt lat="50.9557100" lon="6.8638215">
      <time>2024-10-24T13:48:15Z</time>
    </trkpt>
    <trkpt lat="50.9557908" lon="6.8637991">
      <time>2024-10-24T13:48:16Z</time>
    </trkpt>
    <trkpt lat="50.9558706" lon="6.8637767">
      <time>2024-10-24T13:48:17Z</time>
    </trkpt>
    <trkpt lat="50.9560300" lon="6.8637378">
      <time>2024-10-24T13:48:19Z</time>
    </trkpt>
    <trkpt lat="50.9565010" lon="6.8635832">
      <time>2024-10-24T13:48:25Z</time>
    </trkpt>
    <trkpt lat="50.9570246" lon="6.8634300">
      <time>2024-10-24T13:48:32Z</time>
    </trkpt>
    <trkpt lat="50.9575450" lon="6.8632718">
      <time>2024-10-24T13:48:39Z</time>
    </trkpt>
    <trkpt lat="50.9581132" lon="6.8631113">
      <time>2024-10-24T13:48:47Z</time>
    </trkpt>
    <trkpt lat="50.9584442" lon="6.8629416">
      <time>2024-10-24T13:48:52Z</time>
    </trkpt>
    <trkpt lat="50.9587420" lon="6.8626792">
      <time>2024-10-24T13:48:57Z</time>
    </trkpt>
    <trkpt lat="50.9589588" lon="6.8625205">
      <time>2024-10-24T13:49:01Z</time>
    </trkpt>
    <trkpt lat="50.9590662" lon="6.8624374">
      <time>2024-10-24T13:49:03Z</time>
    </trkpt>
    <trkpt lat="50.9593755" lon="6.8622303">
      <time>2024-10-24T13:49:09Z</time>
    </trkpt>
    <trkpt lat="50.9594288" lon="6.8622314">
      <time>2024-10-24T13:49:10Z</time>
    </trkpt>
    <trkpt lat="50.9594818" lon="6.8622630">
      <time>2024-10-24T13:49:11Z</time>
    </trkpt>
    <trkpt lat="50.9595132" lon="6.8623348">
      <time>2024-10-24T13:49:12Z</time>
    </trkpt>
    <trkpt lat="50.9595281" lon="6.8624303">
      <time>2024-10-24T13:49:13Z</time>
    </trkpt>
    <trkpt lat="50.9595260" lon="6.8625122">
      <time>2024-10-24T13:49:14Z</time>
    </trkpt>
    <trkpt lat="50.9595148" lon="6.8627430">
      <time>2024-10-24T13:49:17Z</time>
    </trkpt>
    <trkpt lat="50.9595207" lon="6.8628447">
      <time>2024-10-24T13:49:18Z</time>
    </trkpt>
    <trkpt lat="50.9595218" lon="6.8630166">
      <time>2024-10-24T13:49:20Z</time>
    </trkpt>
    <trkpt lat="50.9595503" lon="6.8634348">
      <time>2024-10-24T13:49:25Z</time>
    </trkpt>
    <trkpt lat="50.9595577" lon="6.8635379">
      <time>2024-10-24T13:49:26Z</time>
    </trkpt>
    <trkpt lat="50.9595895" lon="6.8638513">
      <time>2024-10-24T13:49:30Z</time>
    </trkpt>
    <trkpt lat="50.9596007" lon="6.8639381">
      <time>2024-10-24T13:49:31Z</time>
    </trkpt>
    <trkpt lat="50.9596666" lon="6.8646078">
      <time>2024-10-24T13:49:39Z</time>
    </trkpt>
    <trkpt lat="50.9596522" lon="6.8650318">
      <time>2024-10-24T13:49:44Z</time>
    </trkpt>
    <trkpt lat="50.9596282" lon="6.8652053">
      <time>2024-10-24T13:49:46Z</time>
    </trkpt>
    <trkpt lat="50.9594838" lon="6.8657856">
      <time>2024-10-24T13:49:53Z</time>
    </trkpt>
    <trkpt lat="50.9592766" lon="6.8664584">
      <time>2024-10-24T13:50:01Z</time>
    </trkpt>
    <trkpt lat="50.9590705" lon="6.8670908">
      <time>2024-10-24T13:50:07Z</time>
    </trkpt>
    <trkpt lat="50.9588623" lon="6.8679117">
      <time>2024-10-24T13:50:15Z</time>
    </trkpt>
    <trkpt lat="50.9588123" lon="6.8680963">
      <time>2024-10-24T13:50:17Z</time>
    </trkpt>
    <trkpt lat="50.9587728" lon="6.8681691">
      <time>2024-10-24T13:50:18Z</time>
    </trkpt>
    <trkpt lat="50.9587204" lon="6.8682384">
      <time>2024-10-24T13:50:19Z</time>
    </trkpt>
    <trkpt lat="50.9586249" lon="6.8683074">
      <time>2024-10-24T13:50:21Z</time>
    </trkpt>
    <trkpt lat="50.9585800" lon="6.8683363">
      <time>2024-10-24T13:50:22Z</time>
    </trkpt>
    <trkpt lat="50.9585004" lon="6.8683787">
      <time>2024-10-24T13:50:24Z</time>
    </trkpt>
    <trkpt lat="50.9584741" lon="6.8684066">
      <time>2024-10-24T13:50:26Z</time>
    </trkpt>
    <trkpt lat="50.9584741" lon="6.8684066">
      <time>2024-10-24T13:50:28Z</time>
    </trkpt>
    <trkpt lat="50.9584876" lon="6.8684832">
      <time>2024-10-24T13:50:45Z</time>
    </trkpt>
    <trkpt lat="50.9585520" lon="6.8686881">
      <time>2024-10-24T13:50:48Z</time>
    </trkpt>
    <trkpt lat="50.9585878" lon="6.8687261">
      <time>2024-10-24T13:50:49Z</time>
    </trkpt>
    <trkpt lat="50.9586751" lon="6.8687872">
      <time>2024-10-24T13:50:51Z</time>
    </trkpt>
    <trkpt lat="50.9586888" lon="6.8689042">
      <time>2024-10-24T13:50:53Z</time>
    </trkpt>
    <trkpt lat="50.9586739" lon="6.8689875">
      <time>2024-10-24T13:50:54Z</time>
    </trkpt>
    <trkpt lat="50.9586118" lon="6.8692675">
      <time>2024-10-24T13:50:57Z</time>
    </trkpt>
    <trkpt lat="50.9585421" lon="6.8695567">
      <time>2024-10-24T13:51:00Z</time>
    </trkpt>
    <trkpt lat="50.9585023" lon="6.8697547">
      <time>2024-10-24T13:51:02Z</time>
    </trkpt>
    <trkpt lat="50.9584536" lon="6.8699574">
      <time>2024-10-24T13:51:04Z</time>
    </trkpt>
    <trkpt lat="50.9583936" lon="6.8701637">
      <time>2024-10-24T13:51:06Z</time>
    </trkpt>
    <trkpt lat="50.9583751" lon="6.8702703">
      <time>2024-10-24T13:51:07Z</time>
    </trkpt>
    <trkpt lat="50.9583518" lon="6.8704594">
      <time>2024-10-24T13:51:09Z</time>
    </trkpt>
    <trkpt lat="50.9583765" lon="6.8706175">
      <time>2024-10-24T13:51:11Z</time>
    </trkpt>
    <trkpt lat="50.9584637" lon="6.8707760">
      <time>2024-10-24T13:51:13Z</time>
    </trkpt>
    <trkpt lat="50.9585176" lon="6.8708189">
      <time>2024-10-24T13:51:14Z</time>
    </trkpt>
    <trkpt lat="50.9585819" lon="6.8708497">
      <time>2024-10-24T13:51:15Z</time>
    </trkpt>
    <trkpt lat="50.9587671" lon="6.8708876">
      <time>2024-10-24T13:51:18Z</time>
    </trkpt>
    <trkpt lat="50.9588360" lon="6.8708759">
      <time>2024-10-24T13:51:19Z</time>
    </trkpt>
    <trkpt lat="50.9589553" lon="6.8708738">
      <time>2024-10-24T13:51:21Z</time>
    </trkpt>
    <trkpt lat="50.9590772" lon="6.8708559">
      <time>2024-10-24T13:51:23Z</time>
    </trkpt>
    <trkpt lat="50.9591188" lon="6.8708656">
      <time>2024-10-24T13:51:24Z</time>
    </trkpt>
    <trkpt lat="50.9591736" lon="6.8708956">
      <time>2024-10-24T13:51:25Z</time>
    </trkpt>
    <trkpt lat="50.9592688" lon="6.8710065">
      <time>2024-10-24T13:51:27Z</time>
    </trkpt>
    <trkpt lat="50.9593549" lon="6.8711830">
      <time>2024-10-24T13:51:29Z</time>
    </trkpt>
    <trkpt lat="50.9594247" lon="6.8714031">
      <time>2024-10-24T13:51:31Z</time>
    </trkpt>
    <trkpt lat="50.9596013" lon="6.8720638">
      <time>2024-10-24T13:51:37Z</time>
    </trkpt>
    <trkpt lat="50.9596998" lon="6.8725544">
      <time>2024-10-24T13:51:42Z</time>
    </trkpt>
    <trkpt lat="50.9597782" lon="6.8729536">
      <time>2024-10-24T13:51:47Z</time>
    </trkpt>
    <trkpt lat="50.9597899" lon="6.8729990">
      <time>2024-10-24T13:51:48Z</time>
    </trkpt>
    <trkpt lat="50.9598119" lon="6.8731183">
      <time>2024-10-24T13:51:51Z</time>
    </trkpt>
    <trkpt lat="50.9598071" lon="6.8733979">
      <time>2024-10-24T13:51:56Z</time>
    </trkpt>
    <trkpt lat="50.9598355" lon="6.8737805">
      <time>2024-10-24T13:52:01Z</time>
    </trkpt>
    <trkpt lat="50.9598171" lon="6.8741949">
      <time>2024-10-24T13:52:06Z</time>
    </trkpt>
    <trkpt lat="50.9598247" lon="6.8743622">
      <time>2024-10-24T13:52:08Z</time>
    </trkpt>
    <trkpt lat="50.9598129" lon="6.8744988">
      <time>2024-10-24T13:52:10Z</time>
    </trkpt>
    <trkpt lat="50.9598064" lon="6.8746466">
      <time>2024-10-24T13:52:12Z</time>
    </trkpt>
    <trkpt lat="50.9597873" lon="6.8750624">
      <time>2024-10-24T13:52:17Z</time>
    </trkpt>
    <trkpt lat="50.9597768" lon="6.8752065">
      <time>2024-10-24T13:52:19Z</time>
    </trkpt>
    <trkpt lat="50.9597539" lon="6.8756739">
      <time>2024-10-24T13:52:25Z</time>
    </trkpt>
    <trkpt lat="50.9597513" lon="6.8757601">
      <time>2024-10-24T13:52:26Z</time>
    </trkpt>
    <trkpt lat="50.9597714" lon="6.8759106">
      <time>2024-10-24T13:52:28Z</time>
    </trkpt>
    <trkpt lat="50.9597867" lon="6.8760535">
      <time>2024-10-24T13:52:30Z</time>
    </trkpt>
    <trkpt lat="50.9598191" lon="6.8763935">
      <time>2024-10-24T13:52:34Z</time>
    </trkpt>
    <trkpt lat="50.9598582" lon="6.8766177">
      <time>2024-10-24T13:52:37Z</time>
    </trkpt>
    <trkpt lat="50.9598955" lon="6.8768319">
      <time>2024-10-24T13:52:40Z</time>
    </trkpt>
    <trkpt lat="50.9598765" lon="6.8769511">
      <time>2024-10-24T13:52:42Z</time>
    </trkpt>
    <trkpt lat="50.9598337" lon="6.8770796">
      <time>2024-10-24T13:52:44Z</time>
    </trkpt>
    <trkpt lat="50.9598246" lon="6.8772545">
      <time>2024-10-24T13:52:47Z</time>
    </trkpt>
    <trkpt lat="50.9598554" lon="6.8773899">
      <time>2024-10-24T13:52:49Z</time>
    </trkpt>
    <trkpt lat="50.9598841" lon="6.8774439">
      <time>2024-10-24T13:52:50Z</time>
    </trkpt>
    <trkpt lat="50.9599596" lon="6.8775422">
      <time>2024-10-24T13:52:52Z</time>
    </trkpt>
    <trkpt lat="50.9600983" lon="6.8776649">
      <time>2024-10-24T13:52:55Z</time>
    </trkpt>
    <trkpt lat="50.9602261" lon="6.8777685">
      <time>2024-10-24T13:52:58Z</time>
    </trkpt>
    <trkpt lat="50.9603065" lon="6.8777883">
      <time>2024-10-24T13:53:00Z</time>
    </trkpt>
    <trkpt lat="50.9604083" lon="6.8777522">
      <time>2024-10-24T13:53:02Z</time>
    </trkpt>
    <trkpt lat="50.9604978" lon="6.8777059">
      <time>2024-10-24T13:53:04Z</time>
    </trkpt>
    <trkpt lat="50.9605956" lon="6.8776577">
      <time>2024-10-24T13:53:06Z</time>
    </trkpt>
    <trkpt lat="50.9606547" lon="6.8776246">
      <time>2024-10-24T13:53:07Z</time>
    </trkpt>
    <trkpt lat="50.9607536" lon="6.8775917">
      <time>2024-10-24T13:53:09Z</time>
    </trkpt>
    <trkpt lat="50.9609587" lon="6.8775358">
      <time>2024-10-24T13:53:13Z</time>
    </trkpt>
    <trkpt lat="50.9610086" lon="6.8775183">
      <time>2024-10-24T13:53:14Z</time>
    </trkpt>
    <trkpt lat="50.9611074" lon="6.8774807">
      <time>2024-10-24T13:53:16Z</time>
    </trkpt>
    <trkpt lat="50.9611658" lon="6.8774473">
      <time>2024-10-24T13:53:17Z</time>
    </trkpt>
    <trkpt lat="50.9613156" lon="6.8773081">
      <time>2024-10-24T13:53:20Z</time>
    </trkpt>
    <trkpt lat="50.9613619" lon="6.8772823">
      <time>2024-10-24T13:53:21Z</time>
    </trkpt>
    <trkpt lat="50.9615231" lon="6.8771687">
      <time>2024-10-24T13:53:25Z</time>
    </trkpt>
    <trkpt lat="50.9615717" lon="6.8771309">
      <time>2024-10-24T13:53:26Z</time>
    </trkpt>
    <trkpt lat="50.9616139" lon="6.8770970">
      <time>2024-10-24T13:53:27Z</time>
    </trkpt>
    <trkpt lat="50.9618250" lon="6.8769785">
      <time>2024-10-24T13:53:32Z</time>
    </trkpt>
    <trkpt lat="50.9618994" lon="6.8769527">
      <time>2024-10-24T13:53:34Z</time>
    </trkpt>
    <trkpt lat="50.9619750" lon="6.8768836">
      <time>2024-10-24T13:53:36Z</time>
    </trkpt>
    <trkpt lat="50.9619977" lon="6.8768188">
      <time>2024-10-24T13:53:37Z</time>
    </trkpt>
    <trkpt lat="50.9620097" lon="6.8767340">
      <time>2024-10-24T13:53:38Z</time>
    </trkpt>
    <trkpt lat="50.9620208" lon="6.8765963">
      <time>2024-10-24T13:53:40Z</time>
    </trkpt>
    <trkpt lat="50.9620321" lon="6.8764881">
      <time>2024-10-24T13:53:42Z</time>
    </trkpt>
    <trkpt lat="50.9620541" lon="6.8764330">
      <time>2024-10-24T13:53:43Z</time>
    </trkpt>
    <trkpt lat="50.9621151" lon="6.8763623">
      <time>2024-10-24T13:53:45Z</time>
    </trkpt>
    <trkpt lat="50.9622425" lon="6.8763547">
      <time>2024-10-24T13:53:49Z</time>
    </trkpt>
    <trkpt lat="50.9624801" lon="6.8764321">
      <time>2024-10-24T13:53:54Z</time>
    </trkpt>
    <trkpt lat="50.9625634" lon="6.8764549">
      <time>2024-10-24T13:53:56Z</time>
    </trkpt>
    <trkpt lat="50.9627086" lon="6.8764775">
      <time>2024-10-24T13:53:59Z</time>
    </trkpt>
    <trkpt lat="50.9627750" lon="6.8764228">
      <time>2024-10-24T13:54:01Z</time>
    </trkpt>
    <trkpt lat="50.9628449" lon="6.8762602">
      <time>2024-10-24T13:54:04Z</time>
    </trkpt>
    <trkpt lat="50.9628832" lon="6.8762417">
      <time>2024-10-24T13:54:05Z</time>
    </trkpt>
    <trkpt lat="50.9630335" lon="6.8762544">
      <time>2024-10-24T13:54:09Z</time>
    </trkpt>
    <trkpt lat="50.9631043" lon="6.8762872">
      <time>2024-10-24T13:54:11Z</time>
    </trkpt>
    <trkpt lat="50.9631910" lon="6.8762988">
      <time>2024-10-24T13:54:14Z</time>
    </trkpt>
    <trkpt lat="50.9632075" lon="6.8762663">
      <time>2024-10-24T13:54:15Z</time>
    </trkpt>
    <trkpt lat="50.9632768" lon="6.8760372">
      <time>2024-10-24T13:54:19Z</time>
    </trkpt>
    <trkpt lat="50.9633640" lon="6.8759072">
      <time>2024-10-24T13:54:22Z</time>
    </trkpt>
    <trkpt lat="50.9633871" lon="6.8758985">
      <time>2024-10-24T13:54:23Z</time>
    </trkpt>
    <trkpt lat="50.9634088" lon="6.8759007">
      <time>2024-10-24T13:54:24Z</time>
    </trkpt>
    <trkpt lat="50.9634523" lon="6.8758953">
      <time>2024-10-24T13:54:27Z</time>
    </trkpt>
    <trkpt lat="50.9634547" lon="6.8759089">
      <time>2024-10-24T13:54:31Z</time>
    </trkpt>
    <trkpt lat="50.9634417" lon="6.8759502">
      <time>2024-10-24T13:54:35Z</time>
    </trkpt>
    <trkpt lat="50.9634370" lon="6.8759622">
      <time>2024-10-24T13:54:36Z</time>
    </trkpt>
    <trkpt lat="50.9634363" lon="6.8759685">
      <time>2024-10-24T13:54:40Z</time>
    </trkpt>
    <trkpt lat="50.9635706" lon="6.8761399">
      <time>2024-10-24T13:57:23Z</time>
    </trkpt>
    <trkpt lat="50.9634330" lon="6.8760771">
      <time>2024-10-24T13:57:25Z</time>
    </trkpt>
    <trkpt lat="50.9633239" lon="6.8761543">
      <time>2024-10-24T13:57:28Z</time>
    </trkpt>
    <trkpt lat="50.9633249" lon="6.8761695">
      <time>2024-10-24T13:57:32Z</time>
    </trkpt>
    <trkpt lat="50.9633069" lon="6.8762091">
      <time>2024-10-24T13:57:34Z</time>
    </trkpt>
    <trkpt lat="50.9632721" lon="6.8762969">
      <time>2024-10-24T13:57:38Z</time>
    </trkpt>
    <trkpt lat="50.9632475" lon="6.8764528">
      <time>2024-10-24T13:57:45Z</time>
    </trkpt>
    <trkpt lat="50.9632238" lon="6.8765732">
      <time>2024-10-24T13:57:53Z</time>
    </trkpt>
    <trkpt lat="50.9632054" lon="6.8767338">
      <time>2024-10-24T13:58:00Z</time>
    </trkpt>
    <trkpt lat="50.9632085" lon="6.8767742">
      <time>2024-10-24T13:58:02Z</time>
    </trkpt>
    <trkpt lat="50.9632333" lon="6.8768522">
      <time>2024-10-24T13:58:06Z</time>
    </trkpt>
    <trkpt lat="50.9632705" lon="6.8768429">
      <time>2024-10-24T13:58:10Z</time>
    </trkpt>
    <trkpt lat="50.9632801" lon="6.8768709">
      <time>2024-10-24T13:58:13Z</time>
    </trkpt>
    <trkpt lat="50.9632746" lon="6.8769498">
      <time>2024-10-24T13:58:16Z</time>
    </trkpt>
    <trkpt lat="50.9632832" lon="6.8769904">
      <time>2024-10-24T13:58:18Z</time>
    </trkpt>
    <trkpt lat="50.9633136" lon="6.8769901">
      <time>2024-10-24T13:58:20Z</time>
    </trkpt>
    <trkpt lat="50.9633276" lon="6.8769993">
      <time>2024-10-24T13:58:21Z</time>
    </trkpt>
    <trkpt lat="50.9633579" lon="6.8770414">
      <time>2024-10-24T13:58:23Z</time>
    </trkpt>
    <trkpt lat="50.9633800" lon="6.8770570">
      <time>2024-10-24T13:58:24Z</time>
    </trkpt>
    <trkpt lat="50.9633989" lon="6.8770536">
      <time>2024-10-24T13:58:25Z</time>
    </trkpt>
    <trkpt lat="50.9634400" lon="6.8770644">
      <time>2024-10-24T13:58:28Z</time>
    </trkpt>
    <trkpt lat="50.9634568" lon="6.8770678">
      <time>2024-10-24T13:58:29Z</time>
    </trkpt>
    <trkpt lat="50.9634579" lon="6.8771443">
      <time>2024-10-24T13:58:30Z</time>
    </trkpt>
    <trkpt lat="50.9634910" lon="6.8771533">
      <time>2024-10-24T13:58:32Z</time>
    </trkpt>
    <trkpt lat="50.9635003" lon="6.8771876">
      <time>2024-10-24T13:58:34Z</time>
    </trkpt>
    <trkpt lat="50.9635084" lon="6.8772104">
      <time>2024-10-24T13:58:36Z</time>
    </trkpt>
    <trkpt lat="50.9635053" lon="6.8772221">
      <time>2024-10-24T13:58:38Z</time>
    </trkpt>
    <trkpt lat="50.9635075" lon="6.8772163">
      <time>2024-10-24T13:58:39Z</time>
    </trkpt>
    <trkpt lat="50.9635585" lon="6.8768372">
      <time>2024-10-24T13:58:46Z</time>
    </trkpt>
    <trkpt lat="50.9636801" lon="6.8765525">
      <time>2024-10-24T13:58:51Z</time>
    </trkpt>
    <trkpt lat="50.9636708" lon="6.8767709">
      <time>2024-10-24T14:01:40Z</time>
    </trkpt>
    <trkpt lat="50.9632512" lon="6.8771861">
      <time>2024-10-24T14:01:42Z</time>
    </trkpt>
    <trkpt lat="50.9632674" lon="6.8771041">
      <time>2024-10-24T14:01:44Z</time>
    </trkpt>
    <trkpt lat="50.9632602" lon="6.8771018">
      <time>2024-10-24T14:01:45Z</time>
    </trkpt>
    <trkpt lat="50.9633152" lon="6.8769532">
      <time>2024-10-24T14:01:49Z</time>
    </trkpt>
    <trkpt lat="50.9632942" lon="6.8768928">
      <time>2024-10-24T14:01:52Z</time>
    </trkpt>
    <trkpt lat="50.9632738" lon="6.8768833">
      <time>2024-10-24T14:01:54Z</time>
    </trkpt>
    <trkpt lat="50.9632656" lon="6.8768877">
      <time>2024-10-24T14:01:55Z</time>
    </trkpt>
    <trkpt lat="50.9632247" lon="6.8768790">
      <time>2024-10-24T14:01:58Z</time>
    </trkpt>
    <trkpt lat="50.9632059" lon="6.8768760">
      <time>2024-10-24T14:01:59Z</time>
    </trkpt>
    <trkpt lat="50.9631923" lon="6.8768685">
      <time>2024-10-24T14:02:00Z</time>
    </trkpt>
    <trkpt lat="50.9631791" lon="6.8768517">
      <time>2024-10-24T14:02:01Z</time>
    </trkpt>
    <trkpt lat="50.9631585" lon="6.8767915">
      <time>2024-10-24T14:02:03Z</time>
    </trkpt>
    <trkpt lat="50.9631473" lon="6.8767377">
      <time>2024-10-24T14:02:05Z</time>
    </trkpt>
    <trkpt lat="50.9631414" lon="6.8767108">
      <time>2024-10-24T14:02:06Z</time>
    </trkpt>
    <trkpt lat="50.9631341" lon="6.8765935">
      <time>2024-10-24T14:02:10Z</time>
    </trkpt>
    <trkpt lat="50.9631437" lon="6.8765722">
      <time>2024-10-24T14:02:11Z</time>
    </trkpt>
    <trkpt lat="50.9632110" lon="6.8763572">
      <time>2024-10-24T14:02:20Z</time>
    </trkpt>
    <trkpt lat="50.9632337" lon="6.8762529">
      <time>2024-10-24T14:02:25Z</time>
    </trkpt>
    <trkpt lat="50.9632342" lon="6.8762175">
      <time>2024-10-24T14:02:27Z</time>
    </trkpt>
    <trkpt lat="50.9632423" lon="6.8761567">
      <time>2024-10-24T14:02:31Z</time>
    </trkpt>
    <trkpt lat="50.9632678" lon="6.8761238">
      <time>2024-10-24T14:02:34Z</time>
    </trkpt>
    <trkpt lat="50.9632964" lon="6.8760317">
      <time>2024-10-24T14:02:39Z</time>
    </trkpt>
    <trkpt lat="50.9633061" lon="6.8759947">
      <time>2024-10-24T14:02:41Z</time>
    </trkpt>
    <trkpt lat="50.9633167" lon="6.8759713">
      <time>2024-10-24T14:02:42Z</time>
    </trkpt>
    <trkpt lat="50.9633647" lon="6.8759401">
      <time>2024-10-24T14:02:47Z</time>
    </trkpt>
    <trkpt lat="50.9634022" lon="6.8759338">
      <time>2024-10-24T14:02:51Z</time>
    </trkpt>
    <trkpt lat="50.9634032" lon="6.8759384">
      <time>2024-10-24T14:02:53Z</time>
    </trkpt>
    <trkpt lat="50.9634249" lon="6.8759181">
      <time>2024-10-24T14:02:57Z</time>
    </trkpt>
    <trkpt lat="50.9633961" lon="6.8759382">
      <time>2024-10-24T14:03:01Z</time>
    </trkpt>
    <trkpt lat="50.9633618" lon="6.8757834">
      <time>2024-10-24T14:11:57Z</time>
    </trkpt>
    <trkpt lat="50.9633995" lon="6.8759343">
      <time>2024-10-24T14:11:58Z</time>
    </trkpt>
    <trkpt lat="50.9633395" lon="6.8760835">
      <time>2024-10-24T14:12:02Z</time>
    </trkpt>
    <trkpt lat="50.9633121" lon="6.8760991">
      <time>2024-10-24T14:12:04Z</time>
    </trkpt>
    <trkpt lat="50.9631987" lon="6.8762503">
      <time>2024-10-24T14:12:09Z</time>
    </trkpt>
    <trkpt lat="50.9631670" lon="6.8765471">
      <time>2024-10-24T14:12:15Z</time>
    </trkpt>
    <trkpt lat="50.9631249" lon="6.8766750">
      <time>2024-10-24T14:12:18Z</time>
    </trkpt>
    <trkpt lat="50.9630990" lon="6.8766963">
      <time>2024-10-24T14:12:19Z</time>
    </trkpt>
    <trkpt lat="50.9629543" lon="6.8766946">
      <time>2024-10-24T14:12:23Z</time>
    </trkpt>
    <trkpt lat="50.9627642" lon="6.8765273">
      <time>2024-10-24T14:12:29Z</time>
    </trkpt>
    <trkpt lat="50.9625335" lon="6.8764467">
      <time>2024-10-24T14:12:35Z</time>
    </trkpt>
    <trkpt lat="50.9624825" lon="6.8764289">
      <time>2024-10-24T14:12:36Z</time>
    </trkpt>
    <trkpt lat="50.9622667" lon="6.8763554">
      <time>2024-10-24T14:12:41Z</time>
    </trkpt>
    <trkpt lat="50.9621887" lon="6.8763413">
      <time>2024-10-24T14:12:43Z</time>
    </trkpt>
    <trkpt lat="50.9621079" lon="6.8763430">
      <time>2024-10-24T14:12:46Z</time>
    </trkpt>
    <trkpt lat="50.9620883" lon="6.8763708">
      <time>2024-10-24T14:12:47Z</time>
    </trkpt>
    <trkpt lat="50.9620423" lon="6.8765896">
      <time>2024-10-24T14:12:51Z</time>
    </trkpt>
    <trkpt lat="50.9620336" lon="6.8766691">
      <time>2024-10-24T14:12:52Z</time>
    </trkpt>
    <trkpt lat="50.9620052" lon="6.8767966">
      <time>2024-10-24T14:12:54Z</time>
    </trkpt>
    <trkpt lat="50.9619458" lon="6.8768948">
      <time>2024-10-24T14:12:56Z</time>
    </trkpt>
    <trkpt lat="50.9617206" lon="6.8770561">
      <time>2024-10-24T14:13:01Z</time>
    </trkpt>
    <trkpt lat="50.9616559" lon="6.8771091">
      <time>2024-10-24T14:13:03Z</time>
    </trkpt>
    <trkpt lat="50.9615700" lon="6.8771481">
      <time>2024-10-24T14:13:05Z</time>
    </trkpt>
    <trkpt lat="50.9613673" lon="6.8772960">
      <time>2024-10-24T14:13:09Z</time>
    </trkpt>
    <trkpt lat="50.9612722" lon="6.8773723">
      <time>2024-10-24T14:13:11Z</time>
    </trkpt>
    <trkpt lat="50.9609713" lon="6.8775561">
      <time>2024-10-24T14:13:18Z</time>
    </trkpt>
    <trkpt lat="50.9609198" lon="6.8775677">
      <time>2024-10-24T14:13:19Z</time>
    </trkpt>
    <trkpt lat="50.9608271" lon="6.8775738">
      <time>2024-10-24T14:13:21Z</time>
    </trkpt>
    <trkpt lat="50.9607446" lon="6.8775924">
      <time>2024-10-24T14:13:23Z</time>
    </trkpt>
    <trkpt lat="50.9606998" lon="6.8776117">
      <time>2024-10-24T14:13:24Z</time>
    </trkpt>
    <trkpt lat="50.9605798" lon="6.8776672">
      <time>2024-10-24T14:13:27Z</time>
    </trkpt>
    <trkpt lat="50.9605428" lon="6.8776837">
      <time>2024-10-24T14:13:28Z</time>
    </trkpt>
    <trkpt lat="50.9604637" lon="6.8777128">
      <time>2024-10-24T14:13:30Z</time>
    </trkpt>
    <trkpt lat="50.9602925" lon="6.8777791">
      <time>2024-10-24T14:13:34Z</time>
    </trkpt>
    <trkpt lat="50.9602593" lon="6.8777790">
      <time>2024-10-24T14:13:35Z</time>
    </trkpt>
    <trkpt lat="50.9601859" lon="6.8777529">
      <time>2024-10-24T14:13:37Z</time>
    </trkpt>
    <trkpt lat="50.9601535" lon="6.8777206">
      <time>2024-10-24T14:13:38Z</time>
    </trkpt>
    <trkpt lat="50.9600084" lon="6.8776049">
      <time>2024-10-24T14:13:42Z</time>
    </trkpt>
    <trkpt lat="50.9599052" lon="6.8775024">
      <time>2024-10-24T14:13:45Z</time>
    </trkpt>
    <trkpt lat="50.9597936" lon="6.8772783">
      <time>2024-10-24T14:13:50Z</time>
    </trkpt>
    <trkpt lat="50.9598407" lon="6.8769760">
      <time>2024-10-24T14:13:55Z</time>
    </trkpt>
    <trkpt lat="50.9598704" lon="6.8767803">
      <time>2024-10-24T14:13:59Z</time>
    </trkpt>
    <trkpt lat="50.9598304" lon="6.8763698">
      <time>2024-10-24T14:14:05Z</time>
    </trkpt>
    <trkpt lat="50.9598151" lon="6.8762425">
      <time>2024-10-24T14:14:07Z</time>
    </trkpt>
    <trkpt lat="50.9597844" lon="6.8759348">
      <time>2024-10-24T14:14:11Z</time>
    </trkpt>
    <trkpt lat="50.9597596" lon="6.8753588">
      <time>2024-10-24T14:14:19Z</time>
    </trkpt>
    <trkpt lat="50.9597836" lon="6.8750363">
      <time>2024-10-24T14:14:23Z</time>
    </trkpt>
    <trkpt lat="50.9597967" lon="6.8748832">
      <time>2024-10-24T14:14:25Z</time>
    </trkpt>
    <trkpt lat="50.9598058" lon="6.8748092">
      <time>2024-10-24T14:14:26Z</time>
    </trkpt>
    <trkpt lat="50.9598136" lon="6.8747325">
      <time>2024-10-24T14:14:27Z</time>
    </trkpt>
    <trkpt lat="50.9598450" lon="6.8744409">
      <time>2024-10-24T14:14:31Z</time>
    </trkpt>
    <trkpt lat="50.9598799" lon="6.8738761">
      <time>2024-10-24T14:14:39Z</time>
    </trkpt>
    <trkpt lat="50.9598510" lon="6.8736120">
      <time>2024-10-24T14:14:44Z</time>
    </trkpt>
    <trkpt lat="50.9598134" lon="6.8732736">
      <time>2024-10-24T14:14:51Z</time>
    </trkpt>
    <trkpt lat="50.9598113" lon="6.8731080">
      <time>2024-10-24T14:14:55Z</time>
    </trkpt>
    <trkpt lat="50.9598176" lon="6.8730829">
      <time>2024-10-24T14:14:56Z</time>
    </trkpt>
    <trkpt lat="50.9598038" lon="6.8730463">
      <time>2024-10-24T14:14:57Z</time>
    </trkpt>
    <trkpt lat="50.9597582" lon="6.8729138">
      <time>2024-10-24T14:15:00Z</time>
    </trkpt>
    <trkpt lat="50.9596917" lon="6.8727144">
      <time>2024-10-24T14:15:03Z</time>
    </trkpt>
    <trkpt lat="50.9596814" lon="6.8726484">
      <time>2024-10-24T14:15:04Z</time>
    </trkpt>
    <trkpt lat="50.9596404" lon="6.8723127">
      <time>2024-10-24T14:15:08Z</time>
    </trkpt>
    <trkpt lat="50.9596083" lon="6.8721473">
      <time>2024-10-24T14:15:10Z</time>
    </trkpt>
    <trkpt lat="50.9595663" lon="6.8718974">
      <time>2024-10-24T14:15:13Z</time>
    </trkpt>
    <trkpt lat="50.9594632" lon="6.8715282">
      <time>2024-10-24T14:15:18Z</time>
    </trkpt>
    <trkpt lat="50.9593659" lon="6.8711818">
      <time>2024-10-24T14:15:23Z</time>
    </trkpt>
    <trkpt lat="50.9593548" lon="6.8711409">
      <time>2024-10-24T14:15:24Z</time>
    </trkpt>
    <trkpt lat="50.9592953" lon="6.8709210">
      <time>2024-10-24T14:15:30Z</time>
    </trkpt>
    <trkpt lat="50.9592874" lon="6.8708409">
      <time>2024-10-24T14:15:33Z</time>
    </trkpt>
    <trkpt lat="50.9592854" lon="6.8708055">
      <time>2024-10-24T14:15:35Z</time>
    </trkpt>
    <trkpt lat="50.9592817" lon="6.8707760">
      <time>2024-10-24T14:15:37Z</time>
    </trkpt>
    <trkpt lat="50.9592935" lon="6.8707368">
      <time>2024-10-24T14:15:40Z</time>
    </trkpt>
    <trkpt lat="50.9592935" lon="6.8707368">
      <time>2024-10-24T14:15:42Z</time>
    </trkpt>
    <trkpt lat="50.9592434" lon="6.8707139">
      <time>2024-10-24T14:16:42Z</time>
    </trkpt>
    <trkpt lat="50.9592059" lon="6.8707429">
      <time>2024-10-24T14:16:44Z</time>
    </trkpt>
    <trkpt lat="50.9590852" lon="6.8708177">
      <time>2024-10-24T14:16:50Z</time>
    </trkpt>
    <trkpt lat="50.9590642" lon="6.8708189">
      <time>2024-10-24T14:16:51Z</time>
    </trkpt>
    <trkpt lat="50.9589613" lon="6.8708518">
      <time>2024-10-24T14:16:54Z</time>
    </trkpt>
    <trkpt lat="50.9588016" lon="6.8708655">
      <time>2024-10-24T14:16:58Z</time>
    </trkpt>
    <trkpt lat="50.9585495" lon="6.8707731">
      <time>2024-10-24T14:17:05Z</time>
    </trkpt>
    <trkpt lat="50.9584803" lon="6.8706945">
      <time>2024-10-24T14:17:08Z</time>
    </trkpt>
    <trkpt lat="50.9584380" lon="6.8706284">
      <time>2024-10-24T14:17:10Z</time>
    </trkpt>
    <trkpt lat="50.9583670" lon="6.8704743">
      <time>2024-10-24T14:17:15Z</time>
    </trkpt>
    <trkpt lat="50.9583933" lon="6.8703071">
      <time>2024-10-24T14:17:20Z</time>
    </trkpt>
    <trkpt lat="50.9583990" lon="6.8702742">
      <time>2024-10-24T14:17:21Z</time>
    </trkpt>
    <trkpt lat="50.9584635" lon="6.8700906">
      <time>2024-10-24T14:17:26Z</time>
    </trkpt>
    <trkpt lat="50.9584739" lon="6.8700446">
      <time>2024-10-24T14:17:27Z</time>
    </trkpt>
    <trkpt lat="50.9585078" lon="6.8697748">
      <time>2024-10-24T14:17:32Z</time>
    </trkpt>
    <trkpt lat="50.9585572" lon="6.8694983">
      <time>2024-10-24T14:17:37Z</time>
    </trkpt>
    <trkpt lat="50.9585927" lon="6.8693424">
      <time>2024-10-24T14:17:40Z</time>
    </trkpt>
    <trkpt lat="50.9586805" lon="6.8689562">
      <time>2024-10-24T14:17:47Z</time>
    </trkpt>
    <trkpt lat="50.9587076" lon="6.8687671">
      <time>2024-10-24T14:17:51Z</time>
    </trkpt>
    <trkpt lat="50.9586921" lon="6.8687247">
      <time>2024-10-24T14:17:52Z</time>
    </trkpt>
    <trkpt lat="50.9585931" lon="6.8686803">
      <time>2024-10-24T14:17:56Z</time>
    </trkpt>
    <trkpt lat="50.9585537" lon="6.8686906">
      <time>2024-10-24T14:18:00Z</time>
    </trkpt>
    <trkpt lat="50.9585537" lon="6.8686906">
      <time>2024-10-24T14:18:01Z</time>
    </trkpt>
    <trkpt lat="50.9585470" lon="6.8686495">
      <time>2024-10-24T14:18:23Z</time>
    </trkpt>
    <trkpt lat="50.9585463" lon="6.8686224">
      <time>2024-10-24T14:18:24Z</time>
    </trkpt>
    <trkpt lat="50.9585385" lon="6.8685528">
      <time>2024-10-24T14:18:26Z</time>
    </trkpt>
    <trkpt lat="50.9584971" lon="6.8683522">
      <time>2024-10-24T14:18:31Z</time>
    </trkpt>
    <trkpt lat="50.9585080" lon="6.8683222">
      <time>2024-10-24T14:18:32Z</time>
    </trkpt>
    <trkpt lat="50.9585800" lon="6.8682786">
      <time>2024-10-24T14:18:35Z</time>
    </trkpt>
    <trkpt lat="50.9586074" lon="6.8682642">
      <time>2024-10-24T14:18:36Z</time>
    </trkpt>
    <trkpt lat="50.9587679" lon="6.8681465">
      <time>2024-10-24T14:18:41Z</time>
    </trkpt>
    <trkpt lat="50.9587929" lon="6.8681031">
      <time>2024-10-24T14:18:42Z</time>
    </trkpt>
    <trkpt lat="50.9588872" lon="6.8678082">
      <time>2024-10-24T14:18:47Z</time>
    </trkpt>
    <trkpt lat="50.9590025" lon="6.8673526">
      <time>2024-10-24T14:18:55Z</time>
    </trkpt>
    <trkpt lat="50.9590773" lon="6.8671006">
      <time>2024-10-24T14:19:00Z</time>
    </trkpt>
    <trkpt lat="50.9590956" lon="6.8670504">
      <time>2024-10-24T14:19:01Z</time>
    </trkpt>
    <trkpt lat="50.9592216" lon="6.8666210">
      <time>2024-10-24T14:19:10Z</time>
    </trkpt>
    <trkpt lat="50.9593476" lon="6.8662201">
      <time>2024-10-24T14:19:19Z</time>
    </trkpt>
    <trkpt lat="50.9593612" lon="6.8661734">
      <time>2024-10-24T14:19:20Z</time>
    </trkpt>
    <trkpt lat="50.9594330" lon="6.8659331">
      <time>2024-10-24T14:19:25Z</time>
    </trkpt>
    <trkpt lat="50.9594718" lon="6.8657956">
      <time>2024-10-24T14:19:28Z</time>
    </trkpt>
    <trkpt lat="50.9595834" lon="6.8653732">
      <time>2024-10-24T14:19:37Z</time>
    </trkpt>
    <trkpt lat="50.9596043" lon="6.8652739">
      <time>2024-10-24T14:19:39Z</time>
    </trkpt>
    <trkpt lat="50.9596556" lon="6.8648305">
      <time>2024-10-24T14:19:47Z</time>
    </trkpt>
    <trkpt lat="50.9596526" lon="6.8645662">
      <time>2024-10-24T14:19:52Z</time>
    </trkpt>
    <trkpt lat="50.9596398" lon="6.8644648">
      <time>2024-10-24T14:19:54Z</time>
    </trkpt>
    <trkpt lat="50.9596206" lon="6.8641435">
      <time>2024-10-24T14:20:00Z</time>
    </trkpt>
    <trkpt lat="50.9595794" lon="6.8636944">
      <time>2024-10-24T14:20:08Z</time>
    </trkpt>
    <trkpt lat="50.9595376" lon="6.8632839">
      <time>2024-10-24T14:20:15Z</time>
    </trkpt>
    <trkpt lat="50.9595436" lon="6.8628372">
      <time>2024-10-24T14:20:23Z</time>
    </trkpt>
    <trkpt lat="50.9595479" lon="6.8626406">
      <time>2024-10-24T14:20:26Z</time>
    </trkpt>
    <trkpt lat="50.9595260" lon="6.8623552">
      <time>2024-10-24T14:20:31Z</time>
    </trkpt>
    <trkpt lat="50.9595070" lon="6.8623098">
      <time>2024-10-24T14:20:32Z</time>
    </trkpt>
    <trkpt lat="50.9594838" lon="6.8622764">
      <time>2024-10-24T14:20:33Z</time>
    </trkpt>
    <trkpt lat="50.9594317" lon="6.8622232">
      <time>2024-10-24T14:20:35Z</time>
    </trkpt>
    <trkpt lat="50.9593155" lon="6.8622243">
      <time>2024-10-24T14:20:38Z</time>
    </trkpt>
    <trkpt lat="50.9592856" lon="6.8622360">
      <time>2024-10-24T14:20:39Z</time>
    </trkpt>
    <trkpt lat="50.9591818" lon="6.8622925">
      <time>2024-10-24T14:20:42Z</time>
    </trkpt>
    <trkpt lat="50.9590994" lon="6.8623634">
      <time>2024-10-24T14:20:45Z</time>
    </trkpt>
    <trkpt lat="50.9589122" lon="6.8625033">
      <time>2024-10-24T14:20:51Z</time>
    </trkpt>
    <trkpt lat="50.9588007" lon="6.8625997">
      <time>2024-10-24T14:20:55Z</time>
    </trkpt>
    <trkpt lat="50.9587083" lon="6.8626718">
      <time>2024-10-24T14:20:58Z</time>
    </trkpt>
    <trkpt lat="50.9586427" lon="6.8627113">
      <time>2024-10-24T14:21:02Z</time>
    </trkpt>
    <trkpt lat="50.9585037" lon="6.8628110">
      <time>2024-10-24T14:21:08Z</time>
    </trkpt>
    <trkpt lat="50.9584175" lon="6.8628533">
      <time>2024-10-24T14:21:12Z</time>
    </trkpt>
    <trkpt lat="50.9584145" lon="6.8628597">
      <time>2024-10-24T14:21:13Z</time>
    </trkpt>
    <trkpt lat="50.9584330" lon="6.8628642">
      <time>2024-10-24T14:21:15Z</time>
    </trkpt>
    <trkpt lat="50.9584330" lon="6.8628642">
      <time>2024-10-24T14:21:16Z</time>
    </trkpt>
    <trkpt lat="50.9583459" lon="6.8629895">
      <time>2024-10-24T14:22:01Z</time>
    </trkpt>
    <trkpt lat="50.9581738" lon="6.8630783">
      <time>2024-10-24T14:22:06Z</time>
    </trkpt>
    <trkpt lat="50.9579170" lon="6.8631275">
      <time>2024-10-24T14:22:13Z</time>
    </trkpt>
    <trkpt lat="50.9575574" lon="6.8632106">
      <time>2024-10-24T14:22:22Z</time>
    </trkpt>
    <trkpt lat="50.9573040" lon="6.8632801">
      <time>2024-10-24T14:22:28Z</time>
    </trkpt>
    <trkpt lat="50.9571913" lon="6.8633130">
      <time>2024-10-24T14:22:31Z</time>
    </trkpt>
    <trkpt lat="50.9570693" lon="6.8633425">
      <time>2024-10-24T14:22:34Z</time>
    </trkpt>
    <trkpt lat="50.9569877" lon="6.8633720">
      <time>2024-10-24T14:22:36Z</time>
    </trkpt>
    <trkpt lat="50.9568316" lon="6.8634243">
      <time>2024-10-24T14:22:40Z</time>
    </trkpt>
    <trkpt lat="50.9565017" lon="6.8635416">
      <time>2024-10-24T14:22:49Z</time>
    </trkpt>
    <trkpt lat="50.9561736" lon="6.8636296">
      <time>2024-10-24T14:22:58Z</time>
    </trkpt>
    <trkpt lat="50.9560050" lon="6.8636933">
      <time>2024-10-24T14:23:03Z</time>
    </trkpt>
    <trkpt lat="50.9558635" lon="6.8637362">
      <time>2024-10-24T14:23:07Z</time>
    </trkpt>
    <trkpt lat="50.9554732" lon="6.8638621">
      <time>2024-10-24T14:23:18Z</time>
    </trkpt>
    <trkpt lat="50.9552638" lon="6.8639282">
      <time>2024-10-24T14:23:24Z</time>
    </trkpt>
    <trkpt lat="50.9551888" lon="6.8639440">
      <time>2024-10-24T14:23:26Z</time>
    </trkpt>
    <trkpt lat="50.9549985" lon="6.8640000">
      <time>2024-10-24T14:23:31Z</time>
    </trkpt>
    <trkpt lat="50.9549236" lon="6.8640164">
      <time>2024-10-24T14:23:33Z</time>
    </trkpt>
    <trkpt lat="50.9548821" lon="6.8640310">
      <time>2024-10-24T14:23:34Z</time>
    </trkpt>
    <trkpt lat="50.9544871" lon="6.8641622">
      <time>2024-10-24T14:23:44Z</time>
    </trkpt>
    <trkpt lat="50.9540623" lon="6.8642964">
      <time>2024-10-24T14:23:55Z</time>
    </trkpt>
    <trkpt lat="50.9538314" lon="6.8643770">
      <time>2024-10-24T14:24:01Z</time>
    </trkpt>
    <trkpt lat="50.9537076" lon="6.8644030">
      <time>2024-10-24T14:24:04Z</time>
    </trkpt>
    <trkpt lat="50.9533934" lon="6.8644835">
      <time>2024-10-24T14:24:13Z</time>
    </trkpt>
    <trkpt lat="50.9531169" lon="6.8644540">
      <time>2024-10-24T14:24:21Z</time>
    </trkpt>
    <trkpt lat="50.9528402" lon="6.8643996">
      <time>2024-10-24T14:24:30Z</time>
    </trkpt>
    <trkpt lat="50.9527234" lon="6.8643433">
      <time>2024-10-24T14:24:37Z</time>
    </trkpt>
    <trkpt lat="50.9527129" lon="6.8643377">
      <time>2024-10-24T14:24:38Z</time>
    </trkpt>
    <trkpt lat="50.9527072" lon="6.8643383">
      <time>2024-10-24T14:24:41Z</time>
    </trkpt>
    <trkpt lat="50.9527072" lon="6.8643383">
      <time>2024-10-24T14:24:42Z</time>
    </trkpt>
    <trkpt lat="50.9526517" lon="6.8643160">
      <time>2024-10-24T14:25:06Z</time>
    </trkpt>
    <trkpt lat="50.9525969" lon="6.8643167">
      <time>2024-10-24T14:25:08Z</time>
    </trkpt>
    <trkpt lat="50.9524358" lon="6.8643543">
      <time>2024-10-24T14:25:13Z</time>
    </trkpt>
    <trkpt lat="50.9523898" lon="6.8644219">
      <time>2024-10-24T14:25:15Z</time>
    </trkpt>
    <trkpt lat="50.9523481" lon="6.8645023">
      <time>2024-10-24T14:25:17Z</time>
    </trkpt>
    <trkpt lat="50.9523212" lon="6.8645465">
      <time>2024-10-24T14:25:18Z</time>
    </trkpt>
    <trkpt lat="50.9521692" lon="6.8647882">
      <time>2024-10-24T14:25:24Z</time>
    </trkpt>
    <trkpt lat="50.9521218" lon="6.8648898">
      <time>2024-10-24T14:25:26Z</time>
    </trkpt>
    <trkpt lat="50.9519984" lon="6.8652178">
      <time>2024-10-24T14:25:33Z</time>
    </trkpt>
    <trkpt lat="50.9519487" lon="6.8655554">
      <time>2024-10-24T14:25:39Z</time>
    </trkpt>
    <trkpt lat="50.9518678" lon="6.8657688">
      <time>2024-10-24T14:25:43Z</time>
    </trkpt>
    <trkpt lat="50.9516605" lon="6.8661672">
      <time>2024-10-24T14:25:51Z</time>
    </trkpt>
    <trkpt lat="50.9514707" lon="6.8665220">
      <time>2024-10-24T14:25:58Z</time>
    </trkpt>
    <trkpt lat="50.9512706" lon="6.8668480">
      <time>2024-10-24T14:26:05Z</time>
    </trkpt>
    <trkpt lat="50.9510767" lon="6.8671732">
      <time>2024-10-24T14:26:12Z</time>
    </trkpt>
    <trkpt lat="50.9510217" lon="6.8672665">
      <time>2024-10-24T14:26:14Z</time>
    </trkpt>
    <trkpt lat="50.9508368" lon="6.8675272">
      <time>2024-10-24T14:26:20Z</time>
    </trkpt>
    <trkpt lat="50.9506512" lon="6.8677639">
      <time>2024-10-24T14:26:26Z</time>
    </trkpt>
    <trkpt lat="50.9505140" lon="6.8679635">
      <time>2024-10-24T14:26:31Z</time>
    </trkpt>
    <trkpt lat="50.9504992" lon="6.8680205">
      <time>2024-10-24T14:26:32Z</time>
    </trkpt>
    <trkpt lat="50.9504966" lon="6.8682743">
      <time>2024-10-24T14:26:36Z</time>
    </trkpt>
    <trkpt lat="50.9504845" lon="6.8683378">
      <time>2024-10-24T14:26:37Z</time>
    </trkpt>
    <trkpt lat="50.9504978" lon="6.8685705">
      <time>2024-10-24T14:26:41Z</time>
    </trkpt>
    <trkpt lat="50.9504324" lon="6.8687928">
      <time>2024-10-24T14:26:44Z</time>
    </trkpt>
    <trkpt lat="50.9504120" lon="6.8689327">
      <time>2024-10-24T14:26:46Z</time>
    </trkpt>
    <trkpt lat="50.9503711" lon="6.8690587">
      <time>2024-10-24T14:26:48Z</time>
    </trkpt>
    <trkpt lat="50.9503375" lon="6.8691996">
      <time>2024-10-24T14:26:50Z</time>
    </trkpt>
    <trkpt lat="50.9503136" lon="6.8693255">
      <time>2024-10-24T14:26:52Z</time>
    </trkpt>
    <trkpt lat="50.9503017" lon="6.8696525">
      <time>2024-10-24T14:26:58Z</time>
    </trkpt>
    <trkpt lat="50.9502294" lon="6.8700053">
      <time>2024-10-24T14:27:04Z</time>
    </trkpt>
    <trkpt lat="50.9501610" lon="6.8704110">
      <time>2024-10-24T14:27:11Z</time>
    </trkpt>
    <trkpt lat="50.9500830" lon="6.8707842">
      <time>2024-10-24T14:27:17Z</time>
    </trkpt>
    <trkpt lat="50.9501003" lon="6.8708760">
      <time>2024-10-24T14:27:19Z</time>
    </trkpt>
    <trkpt lat="50.9500587" lon="6.8709312">
      <time>2024-10-24T14:27:21Z</time>
    </trkpt>
    <trkpt lat="50.9499225" lon="6.8709743">
      <time>2024-10-24T14:27:25Z</time>
    </trkpt>
    <trkpt lat="50.9497216" lon="6.8710330">
      <time>2024-10-24T14:27:30Z</time>
    </trkpt>
    <trkpt lat="50.9496934" lon="6.8710277">
      <time>2024-10-24T14:27:32Z</time>
    </trkpt>
    <trkpt lat="50.9495838" lon="6.8710396">
      <time>2024-10-24T14:27:35Z</time>
    </trkpt>
    <trkpt lat="50.9494144" lon="6.8711209">
      <time>2024-10-24T14:27:40Z</time>
    </trkpt>
    <trkpt lat="50.9492535" lon="6.8713002">
      <time>2024-10-24T14:27:45Z</time>
    </trkpt>
    <trkpt lat="50.9491631" lon="6.8714239">
      <time>2024-10-24T14:27:48Z</time>
    </trkpt>
    <trkpt lat="50.9490542" lon="6.8715820">
      <time>2024-10-24T14:27:52Z</time>
    </trkpt>
    <trkpt lat="50.9487974" lon="6.8719442">
      <time>2024-10-24T14:27:59Z</time>
    </trkpt>
    <trkpt lat="50.9486821" lon="6.8721080">
      <time>2024-10-24T14:28:03Z</time>
    </trkpt>
    <trkpt lat="50.9486527" lon="6.8721549">
      <time>2024-10-24T14:28:04Z</time>
    </trkpt>
    <trkpt lat="50.9485952" lon="6.8722122">
      <time>2024-10-24T14:28:05Z</time>
    </trkpt>
    <trkpt lat="50.9484612" lon="6.8723250">
      <time>2024-10-24T14:28:09Z</time>
    </trkpt>
    <trkpt lat="50.9484154" lon="6.8723581">
      <time>2024-10-24T14:28:11Z</time>
    </trkpt>
    <trkpt lat="50.9482345" lon="6.8724523">
      <time>2024-10-24T14:28:17Z</time>
    </trkpt>
    <trkpt lat="50.9480869" lon="6.8725366">
      <time>2024-10-24T14:28:22Z</time>
    </trkpt>
    <trkpt lat="50.9480492" lon="6.8725464">
      <time>2024-10-24T14:28:23Z</time>
    </trkpt>
    <trkpt lat="50.9479111" lon="6.8726071">
      <time>2024-10-24T14:28:27Z</time>
    </trkpt>
    <trkpt lat="50.9478239" lon="6.8726773">
      <time>2024-10-24T14:28:30Z</time>
    </trkpt>
    <trkpt lat="50.9477542" lon="6.8727061">
      <time>2024-10-24T14:28:32Z</time>
    </trkpt>
    <trkpt lat="50.9477194" lon="6.8727232">
      <time>2024-10-24T14:28:33Z</time>
    </trkpt>
    <trkpt lat="50.9475294" lon="6.8728420">
      <time>2024-10-24T14:28:39Z</time>
    </trkpt>
    <trkpt lat="50.9474294" lon="6.8729148">
      <time>2024-10-24T14:28:43Z</time>
    </trkpt>
    <trkpt lat="50.9474242" lon="6.8729533">
      <time>2024-10-24T14:28:44Z</time>
    </trkpt>
    <trkpt lat="50.9474268" lon="6.8732511">
      <time>2024-10-24T14:28:49Z</time>
    </trkpt>
    <trkpt lat="50.9474092" lon="6.8736860">
      <time>2024-10-24T14:28:55Z</time>
    </trkpt>
    <trkpt lat="50.9473675" lon="6.8739776">
      <time>2024-10-24T14:29:00Z</time>
    </trkpt>
    <trkpt lat="50.9472537" lon="6.8744222">
      <time>2024-10-24T14:29:07Z</time>
    </trkpt>
    <trkpt lat="50.9472703" lon="6.8744546">
      <time>2024-10-24T14:29:08Z</time>
    </trkpt>
    <trkpt lat="50.9472974" lon="6.8744629">
      <time>2024-10-24T14:29:09Z</time>
    </trkpt>
    <trkpt lat="50.9473926" lon="6.8744782">
      <time>2024-10-24T14:29:13Z</time>
    </trkpt>
    <trkpt lat="50.9473651" lon="6.8745336">
      <time>2024-10-24T14:29:15Z</time>
    </trkpt>
    <trkpt lat="50.9472943" lon="6.8745957">
      <time>2024-10-24T14:29:17Z</time>
    </trkpt>
    <trkpt lat="50.9468468" lon="6.8747170">
      <time>2024-10-24T14:29:25Z</time>
    </trkpt>
    <trkpt lat="50.9467050" lon="6.8747806">
      <time>2024-10-24T14:29:27Z</time>
    </trkpt>
    <trkpt lat="50.9465971" lon="6.8747754">
      <time>2024-10-24T14:29:29Z</time>
    </trkpt>
    <trkpt lat="50.9462996" lon="6.8748264">
      <time>2024-10-24T14:29:34Z</time>
    </trkpt>
    <trkpt lat="50.9462408" lon="6.8748369">
      <time>2024-10-24T14:29:35Z</time>
    </trkpt>
    <trkpt lat="50.9460184" lon="6.8748280">
      <time>2024-10-24T14:29:40Z</time>
    </trkpt>
    <trkpt lat="50.9459756" lon="6.8748330">
      <time>2024-10-24T14:29:41Z</time>
    </trkpt>
    <trkpt lat="50.9458987" lon="6.8748691">
      <time>2024-10-24T14:29:43Z</time>
    </trkpt>
    <trkpt lat="50.9458261" lon="6.8748610">
      <time>2024-10-24T14:29:45Z</time>
    </trkpt>
    <trkpt lat="50.9457706" lon="6.8748589">
      <time>2024-10-24T14:29:48Z</time>
    </trkpt>
    <trkpt lat="50.9457213" lon="6.8748528">
      <time>2024-10-24T14:29:52Z</time>
    </trkpt>
    <trkpt lat="50.9456923" lon="6.8748673">
      <time>2024-10-24T14:29:54Z</time>
    </trkpt>
    <trkpt lat="50.9456484" lon="6.8749390">
      <time>2024-10-24T14:29:57Z</time>
    </trkpt>
    <trkpt lat="50.9456253" lon="6.8749534">
      <time>2024-10-24T14:29:58Z</time>
    </trkpt>
    <trkpt lat="50.9455075" lon="6.8749524">
      <time>2024-10-24T14:30:02Z</time>
    </trkpt>
    <trkpt lat="50.9454863" lon="6.8749527">
      <time>2024-10-24T14:30:03Z</time>
    </trkpt>
    <trkpt lat="50.9452418" lon="6.8749192">
      <time>2024-10-24T14:30:11Z</time>
    </trkpt>
    <trkpt lat="50.9450659" lon="6.8749050">
      <time>2024-10-24T14:30:17Z</time>
    </trkpt>
    <trkpt lat="50.9448977" lon="6.8749268">
      <time>2024-10-24T14:30:22Z</time>
    </trkpt>
    <trkpt lat="50.9446207" lon="6.8749982">
      <time>2024-10-24T14:30:30Z</time>
    </trkpt>
    <trkpt lat="50.9443427" lon="6.8751184">
      <time>2024-10-24T14:30:38Z</time>
    </trkpt>
    <trkpt lat="50.9442023" lon="6.8751920">
      <time>2024-10-24T14:30:42Z</time>
    </trkpt>
    <trkpt lat="50.9440903" lon="6.8752507">
      <time>2024-10-24T14:30:46Z</time>
    </trkpt>
    <trkpt lat="50.9440228" lon="6.8753036">
      <time>2024-10-24T14:30:49Z</time>
    </trkpt>
    <trkpt lat="50.9439895" lon="6.8753326">
      <time>2024-10-24T14:30:50Z</time>
    </trkpt>
    <trkpt lat="50.9438375" lon="6.8755037">
      <time>2024-10-24T14:30:56Z</time>
    </trkpt>
    <trkpt lat="50.9436450" lon="6.8756915">
      <time>2024-10-24T14:31:02Z</time>
    </trkpt>
    <trkpt lat="50.9434747" lon="6.8759535">
      <time>2024-10-24T14:31:10Z</time>
    </trkpt>
    <trkpt lat="50.9432219" lon="6.8762724">
      <time>2024-10-24T14:31:19Z</time>
    </trkpt>
    <trkpt lat="50.9430736" lon="6.8764674">
      <time>2024-10-24T14:31:24Z</time>
    </trkpt>
    <trkpt lat="50.9428331" lon="6.8767761">
      <time>2024-10-24T14:31:32Z</time>
    </trkpt>
    <trkpt lat="50.9426630" lon="6.8770061">
      <time>2024-10-24T14:31:38Z</time>
    </trkpt>
    <trkpt lat="50.9426337" lon="6.8770462">
      <time>2024-10-24T14:31:39Z</time>
    </trkpt>
    <trkpt lat="50.9426065" lon="6.8770889">
      <time>2024-10-24T14:31:40Z</time>
    </trkpt>
    <trkpt lat="50.9425175" lon="6.8771886">
      <time>2024-10-24T14:31:43Z</time>
    </trkpt>
    <trkpt lat="50.9424248" lon="6.8773072">
      <time>2024-10-24T14:31:46Z</time>
    </trkpt>
    <trkpt lat="50.9422372" lon="6.8775703">
      <time>2024-10-24T14:31:52Z</time>
    </trkpt>
    <trkpt lat="50.9419846" lon="6.8779325">
      <time>2024-10-24T14:32:01Z</time>
    </trkpt>
    <trkpt lat="50.9417779" lon="6.8782657">
      <time>2024-10-24T14:32:08Z</time>
    </trkpt>
    <trkpt lat="50.9417464" lon="6.8783092">
      <time>2024-10-24T14:32:09Z</time>
    </trkpt>
    <trkpt lat="50.9415805" lon="6.8785425">
      <time>2024-10-24T14:32:15Z</time>
    </trkpt>
    <trkpt lat="50.9413179" lon="6.8788693">
      <time>2024-10-24T14:32:25Z</time>
    </trkpt>
    <trkpt lat="50.9411914" lon="6.8790078">
      <time>2024-10-24T14:32:30Z</time>
    </trkpt>
    <trkpt lat="50.9411222" lon="6.8790905">
      <time>2024-10-24T14:32:34Z</time>
    </trkpt>
    <trkpt lat="50.9411190" lon="6.8790930">
      <time>2024-10-24T14:32:35Z</time>
    </trkpt>
    <trkpt lat="50.9411190" lon="6.8790930">
      <time>2024-10-24T14:32:37Z</time>
    </trkpt>
    <trkpt lat="50.9411538" lon="6.8790954">
      <time>2024-10-24T14:32:49Z</time>
    </trkpt>
    <trkpt lat="50.9411749" lon="6.8790706">
      <time>2024-10-24T14:32:50Z</time>
    </trkpt>
    <trkpt lat="50.9412006" lon="6.8790387">
      <time>2024-10-24T14:32:51Z</time>
    </trkpt>
    <trkpt lat="50.9414251" lon="6.8787578">
      <time>2024-10-24T14:32:57Z</time>
    </trkpt>
    <trkpt lat="50.9415841" lon="6.8785426">
      <time>2024-10-24T14:33:01Z</time>
    </trkpt>
    <trkpt lat="50.9416624" lon="6.8784248">
      <time>2024-10-24T14:33:03Z</time>
    </trkpt>
    <trkpt lat="50.9417153" lon="6.8783638">
      <time>2024-10-24T14:33:04Z</time>
    </trkpt>
    <trkpt lat="50.9418668" lon="6.8781754">
      <time>2024-10-24T14:33:07Z</time>
    </trkpt>
    <trkpt lat="50.9419045" lon="6.8781290">
      <time>2024-10-24T14:33:08Z</time>
    </trkpt>
    <trkpt lat="50.9420602" lon="6.8779535">
      <time>2024-10-24T14:33:11Z</time>
    </trkpt>
    <trkpt lat="50.9422475" lon="6.8776895">
      <time>2024-10-24T14:33:15Z</time>
    </trkpt>
    <trkpt lat="50.9424232" lon="6.8774185">
      <time>2024-10-24T14:33:19Z</time>
    </trkpt>
    <trkpt lat="50.9424709" lon="6.8773540">
      <time>2024-10-24T14:33:20Z</time>
    </trkpt>
    <trkpt lat="50.9427134" lon="6.8770318">
      <time>2024-10-24T14:33:25Z</time>
    </trkpt>
    <trkpt lat="50.9427683" lon="6.8769581">
      <time>2024-10-24T14:33:26Z</time>
    </trkpt>
    <trkpt lat="50.9430015" lon="6.8766296">
      <time>2024-10-24T14:33:31Z</time>
    </trkpt>
    <trkpt lat="50.9432685" lon="6.8762517">
      <time>2024-10-24T14:33:37Z</time>
    </trkpt>
    <trkpt lat="50.9435412" lon="6.8758702">
      <time>2024-10-24T14:33:43Z</time>
    </trkpt>
    <trkpt lat="50.9436873" lon="6.8757097">
      <time>2024-10-24T14:33:46Z</time>
    </trkpt>
    <trkpt lat="50.9438214" lon="6.8755440">
      <time>2024-10-24T14:33:49Z</time>
    </trkpt>
    <trkpt lat="50.9439547" lon="6.8754083">
      <time>2024-10-24T14:33:52Z</time>
    </trkpt>
    <trkpt lat="50.9444399" lon="6.8750695">
      <time>2024-10-24T14:34:01Z</time>
    </trkpt>
    <trkpt lat="50.9448930" lon="6.8749246">
      <time>2024-10-24T14:34:09Z</time>
    </trkpt>
    <trkpt lat="50.9452988" lon="6.8749038">
      <time>2024-10-24T14:34:16Z</time>
    </trkpt>
    <trkpt lat="50.9454117" lon="6.8749117">
      <time>2024-10-24T14:34:18Z</time>
    </trkpt>
    <trkpt lat="50.9456657" lon="6.8748962">
      <time>2024-10-24T14:34:23Z</time>
    </trkpt>
    <trkpt lat="50.9457031" lon="6.8748827">
      <time>2024-10-24T14:34:24Z</time>
    </trkpt>
    <trkpt lat="50.9458123" lon="6.8748358">
      <time>2024-10-24T14:34:28Z</time>
    </trkpt>
    <trkpt lat="50.9459919" lon="6.8748727">
      <time>2024-10-24T14:34:32Z</time>
    </trkpt>
    <trkpt lat="50.9463216" lon="6.8748617">
      <time>2024-10-24T14:34:37Z</time>
    </trkpt>
    <trkpt lat="50.9467243" lon="6.8748577">
      <time>2024-10-24T14:34:42Z</time>
    </trkpt>
    <trkpt lat="50.9468866" lon="6.8748060">
      <time>2024-10-24T14:34:44Z</time>
    </trkpt>
    <trkpt lat="50.9470392" lon="6.8747390">
      <time>2024-10-24T14:34:46Z</time>
    </trkpt>
    <trkpt lat="50.9471025" lon="6.8747188">
      <time>2024-10-24T14:34:47Z</time>
    </trkpt>
    <trkpt lat="50.9472206" lon="6.8747217">
      <time>2024-10-24T14:34:49Z</time>
    </trkpt>
    <trkpt lat="50.9473253" lon="6.8747097">
      <time>2024-10-24T14:34:51Z</time>
    </trkpt>
    <trkpt lat="50.9474007" lon="6.8745564">
      <time>2024-10-24T14:34:53Z</time>
    </trkpt>
    <trkpt lat="50.9474420" lon="6.8744554">
      <time>2024-10-24T14:34:55Z</time>
    </trkpt>
    <trkpt lat="50.9474326" lon="6.8744306">
      <time>2024-10-24T14:34:56Z</time>
    </trkpt>
    <trkpt lat="50.9473116" lon="6.8744569">
      <time>2024-10-24T14:34:59Z</time>
    </trkpt>
    <trkpt lat="50.9472704" lon="6.8743929">
      <time>2024-10-24T14:35:01Z</time>
    </trkpt>
    <trkpt lat="50.9472752" lon="6.8743309">
      <time>2024-10-24T14:35:02Z</time>
    </trkpt>
    <trkpt lat="50.9473315" lon="6.8740902">
      <time>2024-10-24T14:35:06Z</time>
    </trkpt>
    <trkpt lat="50.9473525" lon="6.8736888">
      <time>2024-10-24T14:35:12Z</time>
    </trkpt>
    <trkpt lat="50.9473460" lon="6.8736189">
      <time>2024-10-24T14:35:13Z</time>
    </trkpt>
    <trkpt lat="50.9473593" lon="6.8732402">
      <time>2024-10-24T14:35:19Z</time>
    </trkpt>
    <trkpt lat="50.9473626" lon="6.8731100">
      <time>2024-10-24T14:35:21Z</time>
    </trkpt>
    <trkpt lat="50.9473683" lon="6.8730101">
      <time>2024-10-24T14:35:23Z</time>
    </trkpt>
    <trkpt lat="50.9473817" lon="6.8729662">
      <time>2024-10-24T14:35:24Z</time>
    </trkpt>
    <trkpt lat="50.9474074" lon="6.8729290">
      <time>2024-10-24T14:35:25Z</time>
    </trkpt>
    <trkpt lat="50.9475743" lon="6.8728070">
      <time>2024-10-24T14:35:30Z</time>
    </trkpt>
    <trkpt lat="50.9476082" lon="6.8727869">
      <time>2024-10-24T14:35:31Z</time>
    </trkpt>
    <trkpt lat="50.9478044" lon="6.8726926">
      <time>2024-10-24T14:35:37Z</time>
    </trkpt>
    <trkpt lat="50.9479941" lon="6.8725874">
      <time>2024-10-24T14:35:43Z</time>
    </trkpt>
    <trkpt lat="50.9481329" lon="6.8724718">
      <time>2024-10-24T14:35:47Z</time>
    </trkpt>
    <trkpt lat="50.9481663" lon="6.8724390">
      <time>2024-10-24T14:35:48Z</time>
    </trkpt>
    <trkpt lat="50.9482437" lon="6.8723793">
      <time>2024-10-24T14:35:50Z</time>
    </trkpt>
    <trkpt lat="50.9485103" lon="6.8722471">
      <time>2024-10-24T14:35:54Z</time>
    </trkpt>
    <trkpt lat="50.9487297" lon="6.8720300">
      <time>2024-10-24T14:35:58Z</time>
    </trkpt>
    <trkpt lat="50.9488084" lon="6.8718813">
      <time>2024-10-24T14:36:00Z</time>
    </trkpt>
    <trkpt lat="50.9488784" lon="6.8717381">
      <time>2024-10-24T14:36:02Z</time>
    </trkpt>
    <trkpt lat="50.9489627" lon="6.8716097">
      <time>2024-10-24T14:36:05Z</time>
    </trkpt>
    <trkpt lat="50.9490492" lon="6.8715340">
      <time>2024-10-24T14:36:07Z</time>
    </trkpt>
    <trkpt lat="50.9492180" lon="6.8713207">
      <time>2024-10-24T14:36:12Z</time>
    </trkpt>
    <trkpt lat="50.9493107" lon="6.8712302">
      <time>2024-10-24T14:36:14Z</time>
    </trkpt>
    <trkpt lat="50.9494359" lon="6.8711353">
      <time>2024-10-24T14:36:17Z</time>
    </trkpt>
    <trkpt lat="50.9494848" lon="6.8711206">
      <time>2024-10-24T14:36:18Z</time>
    </trkpt>
    <trkpt lat="50.9495421" lon="6.8711032">
      <time>2024-10-24T14:36:19Z</time>
    </trkpt>
    <trkpt lat="50.9497460" lon="6.8710593">
      <time>2024-10-24T14:36:23Z</time>
    </trkpt>
    <trkpt lat="50.9499815" lon="6.8709583">
      <time>2024-10-24T14:36:28Z</time>
    </trkpt>
    <trkpt lat="50.9500248" lon="6.8709145">
      <time>2024-10-24T14:36:29Z</time>
    </trkpt>
    <trkpt lat="50.9500612" lon="6.8708522">
      <time>2024-10-24T14:36:30Z</time>
    </trkpt>
    <trkpt lat="50.9500956" lon="6.8706905">
      <time>2024-10-24T14:36:32Z</time>
    </trkpt>
    <trkpt lat="50.9501141" lon="6.8705975">
      <time>2024-10-24T14:36:33Z</time>
    </trkpt>
    <trkpt lat="50.9501575" lon="6.8703386">
      <time>2024-10-24T14:36:36Z</time>
    </trkpt>
    <trkpt lat="50.9502427" lon="6.8700035">
      <time>2024-10-24T14:36:40Z</time>
    </trkpt>
    <trkpt lat="50.9502986" lon="6.8695305">
      <time>2024-10-24T14:36:46Z</time>
    </trkpt>
    <trkpt lat="50.9503038" lon="6.8694573">
      <time>2024-10-24T14:36:47Z</time>
    </trkpt>
    <trkpt lat="50.9503306" lon="6.8693918">
      <time>2024-10-24T14:36:48Z</time>
    </trkpt>
    <trkpt lat="50.9503717" lon="6.8691690">
      <time>2024-10-24T14:36:51Z</time>
    </trkpt>
    <trkpt lat="50.9503846" lon="6.8690950">
      <time>2024-10-24T14:36:52Z</time>
    </trkpt>
    <trkpt lat="50.9504425" lon="6.8687335">
      <time>2024-10-24T14:36:57Z</time>
    </trkpt>
    <trkpt lat="50.9504696" lon="6.8685916">
      <time>2024-10-24T14:36:59Z</time>
    </trkpt>
    <trkpt lat="50.9505260" lon="6.8682254">
      <time>2024-10-24T14:37:05Z</time>
    </trkpt>
    <trkpt lat="50.9505622" lon="6.8680696">
      <time>2024-10-24T14:37:08Z</time>
    </trkpt>
    <trkpt lat="50.9505917" lon="6.8680238">
      <time>2024-10-24T14:37:09Z</time>
    </trkpt>
    <trkpt lat="50.9506943" lon="6.8678576">
      <time>2024-10-24T14:37:12Z</time>
    </trkpt>
    <trkpt lat="50.9507279" lon="6.8677860">
      <time>2024-10-24T14:37:13Z</time>
    </trkpt>
    <trkpt lat="50.9507684" lon="6.8677193">
      <time>2024-10-24T14:37:14Z</time>
    </trkpt>
    <trkpt lat="50.9508544" lon="6.8675904">
      <time>2024-10-24T14:37:16Z</time>
    </trkpt>
    <trkpt lat="50.9509435" lon="6.8674475">
      <time>2024-10-24T14:37:18Z</time>
    </trkpt>
    <trkpt lat="50.9510779" lon="6.8672446">
      <time>2024-10-24T14:37:21Z</time>
    </trkpt>
    <trkpt lat="50.9513135" lon="6.8668054">
      <time>2024-10-24T14:37:27Z</time>
    </trkpt>
    <trkpt lat="50.9513574" lon="6.8667406">
      <time>2024-10-24T14:37:28Z</time>
    </trkpt>
    <trkpt lat="50.9514584" lon="6.8665992">
      <time>2024-10-24T14:37:30Z</time>
    </trkpt>
    <trkpt lat="50.9515755" lon="6.8663920">
      <time>2024-10-24T14:37:33Z</time>
    </trkpt>
    <trkpt lat="50.9518793" lon="6.8658637">
      <time>2024-10-24T14:37:40Z</time>
    </trkpt>
    <trkpt lat="50.9520160" lon="6.8655586">
      <time>2024-10-24T14:37:44Z</time>
    </trkpt>
    <trkpt lat="50.9520381" lon="6.8654730">
      <time>2024-10-24T14:37:45Z</time>
    </trkpt>
    <trkpt lat="50.9521165" lon="6.8651449">
      <time>2024-10-24T14:37:49Z</time>
    </trkpt>
    <trkpt lat="50.9521758" lon="6.8650074">
      <time>2024-10-24T14:37:51Z</time>
    </trkpt>
    <trkpt lat="50.9522715" lon="6.8648297">
      <time>2024-10-24T14:37:54Z</time>
    </trkpt>
    <trkpt lat="50.9523442" lon="6.8647431">
      <time>2024-10-24T14:37:56Z</time>
    </trkpt>
    <trkpt lat="50.9524299" lon="6.8646873">
      <time>2024-10-24T14:38:00Z</time>
    </trkpt>
    <trkpt lat="50.9524939" lon="6.8646656">
      <time>2024-10-24T14:38:06Z</time>
    </trkpt>
    <trkpt lat="50.9524939" lon="6.8646656">
      <time>2024-10-24T14:38:07Z</time>
    </trkpt>
    <trkpt lat="50.9525490" lon="6.8646500">
      <time>2024-10-24T14:40:21Z</time>
    </trkpt>
    <trkpt lat="50.9525877" lon="6.8646432">
      <time>2024-10-24T14:40:22Z</time>
    </trkpt>
    <trkpt lat="50.9526295" lon="6.8646353">
      <time>2024-10-24T14:40:23Z</time>
    </trkpt>
    <trkpt lat="50.9528146" lon="6.8645841">
      <time>2024-10-24T14:40:27Z</time>
    </trkpt>
    <trkpt lat="50.9529160" lon="6.8645754">
      <time>2024-10-24T14:40:29Z</time>
    </trkpt>
    <trkpt lat="50.9532980" lon="6.8645466">
      <time>2024-10-24T14:40:36Z</time>
    </trkpt>
    <trkpt lat="50.9533985" lon="6.8645372">
      <time>2024-10-24T14:40:38Z</time>
    </trkpt>
    <trkpt lat="50.9537188" lon="6.8644490">
      <time>2024-10-24T14:40:44Z</time>
    </trkpt>
    <trkpt lat="50.9538793" lon="6.8643886">
      <time>2024-10-24T14:40:47Z</time>
    </trkpt>
    <trkpt lat="50.9539335" lon="6.8643749">
      <time>2024-10-24T14:40:48Z</time>
    </trkpt>
    <trkpt lat="50.9539884" lon="6.8643635">
      <time>2024-10-24T14:40:49Z</time>
    </trkpt>
    <trkpt lat="50.9540412" lon="6.8643504">
      <time>2024-10-24T14:40:50Z</time>
    </trkpt>
    <trkpt lat="50.9540924" lon="6.8643336">
      <time>2024-10-24T14:40:51Z</time>
    </trkpt>
    <trkpt lat="50.9544660" lon="6.8642205">
      <time>2024-10-24T14:40:58Z</time>
    </trkpt>
    <trkpt lat="50.9547312" lon="6.8641449">
      <time>2024-10-24T14:41:03Z</time>
    </trkpt>
    <trkpt lat="50.9549048" lon="6.8641001">
      <time>2024-10-24T14:41:06Z</time>
    </trkpt>
    <trkpt lat="50.9553798" lon="6.8639576">
      <time>2024-10-24T14:41:14Z</time>
    </trkpt>
    <trkpt lat="50.9559281" lon="6.8637979">
      <time>2024-10-24T14:41:23Z</time>
    </trkpt>
    <trkpt lat="50.9560496" lon="6.8637594">
      <time>2024-10-24T14:41:25Z</time>
    </trkpt>
    <trkpt lat="50.9561711" lon="6.8637181">
      <time>2024-10-24T14:41:27Z</time>
    </trkpt>
    <trkpt lat="50.9564844" lon="6.8636263">
      <time>2024-10-24T14:41:32Z</time>
    </trkpt>
    <trkpt lat="50.9569587" lon="6.8634729">
      <time>2024-10-24T14:41:40Z</time>
    </trkpt>
    <trkpt lat="50.9571329" lon="6.8634254">
      <time>2024-10-24T14:41:43Z</time>
    </trkpt>
    <trkpt lat="50.9574209" lon="6.8633296">
      <time>2024-10-24T14:41:48Z</time>
    </trkpt>
    <trkpt lat="50.9575519" lon="6.8632909">
      <time>2024-10-24T14:41:50Z</time>
    </trkpt>
    <trkpt lat="50.9577944" lon="6.8632137">
      <time>2024-10-24T14:41:54Z</time>
    </trkpt>
    <trkpt lat="50.9578992" lon="6.8631819">
      <time>2024-10-24T14:41:56Z</time>
    </trkpt>
    <trkpt lat="50.9579572" lon="6.8631674">
      <time>2024-10-24T14:41:57Z</time>
    </trkpt>
    <trkpt lat="50.9580914" lon="6.8631241">
      <time>2024-10-24T14:41:59Z</time>
    </trkpt>
    <trkpt lat="50.9581511" lon="6.8631037">
      <time>2024-10-24T14:42:00Z</time>
    </trkpt>
    <trkpt lat="50.9582081" lon="6.8630785">
      <time>2024-10-24T14:42:01Z</time>
    </trkpt>
    <trkpt lat="50.9583791" lon="6.8629940">
      <time>2024-10-24T14:42:04Z</time>
    </trkpt>
    <trkpt lat="50.9585299" lon="6.8628904">
      <time>2024-10-24T14:42:07Z</time>
    </trkpt>
    <trkpt lat="50.9586811" lon="6.8627658">
      <time>2024-10-24T14:42:10Z</time>
    </trkpt>
    <trkpt lat="50.9590733" lon="6.8624682">
      <time>2024-10-24T14:42:17Z</time>
    </trkpt>
    <trkpt lat="50.9593206" lon="6.8623179">
      <time>2024-10-24T14:42:22Z</time>
    </trkpt>
    <trkpt lat="50.9594157" lon="6.8622969">
      <time>2024-10-24T14:42:24Z</time>
    </trkpt>
    <trkpt lat="50.9594985" lon="6.8623521">
      <time>2024-10-24T14:42:26Z</time>
    </trkpt>
    <trkpt lat="50.9595140" lon="6.8624204">
      <time>2024-10-24T14:42:27Z</time>
    </trkpt>
    <trkpt lat="50.9595214" lon="6.8625000">
      <time>2024-10-24T14:42:28Z</time>
    </trkpt>
    <trkpt lat="50.9595154" lon="6.8627755">
      <time>2024-10-24T14:42:31Z</time>
    </trkpt>
    <trkpt lat="50.9595399" lon="6.8633374">
      <time>2024-10-24T14:42:37Z</time>
    </trkpt>
    <trkpt lat="50.9595714" lon="6.8638917">
      <time>2024-10-24T14:42:42Z</time>
    </trkpt>
    <trkpt lat="50.9596373" lon="6.8645712">
      <time>2024-10-24T14:42:48Z</time>
    </trkpt>
    <trkpt lat="50.9596425" lon="6.8646883">
      <time>2024-10-24T14:42:49Z</time>
    </trkpt>
    <trkpt lat="50.9596332" lon="6.8648995">
      <time>2024-10-24T14:42:51Z</time>
    </trkpt>
    <trkpt lat="50.9596197" lon="6.8650302">
      <time>2024-10-24T14:42:52Z</time>
    </trkpt>
    <trkpt lat="50.9595675" lon="6.8653395">
      <time>2024-10-24T14:42:55Z</time>
    </trkpt>
    <trkpt lat="50.9595111" lon="6.8656066">
      <time>2024-10-24T14:42:58Z</time>
    </trkpt>
    <trkpt lat="50.9594737" lon="6.8657129">
      <time>2024-10-24T14:42:59Z</time>
    </trkpt>
    <trkpt lat="50.9593303" lon="6.8661663">
      <time>2024-10-24T14:43:04Z</time>
    </trkpt>
    <trkpt lat="50.9592414" lon="6.8664566">
      <time>2024-10-24T14:43:07Z</time>
    </trkpt>
    <trkpt lat="50.9590094" lon="6.8672353">
      <time>2024-10-24T14:43:15Z</time>
    </trkpt>
    <trkpt lat="50.9589486" lon="6.8674458">
      <time>2024-10-24T14:43:17Z</time>
    </trkpt>
    <trkpt lat="50.9587948" lon="6.8680817">
      <time>2024-10-24T14:43:24Z</time>
    </trkpt>
    <trkpt lat="50.9587749" lon="6.8681320">
      <time>2024-10-24T14:43:25Z</time>
    </trkpt>
    <trkpt lat="50.9587400" lon="6.8682004">
      <time>2024-10-24T14:43:26Z</time>
    </trkpt>
    <trkpt lat="50.9587076" lon="6.8682411">
      <time>2024-10-24T14:43:27Z</time>
    </trkpt>
    <trkpt lat="50.9586430" lon="6.8682801">
      <time>2024-10-24T14:43:29Z</time>
    </trkpt>
    <trkpt lat="50.9585516" lon="6.8683081">
      <time>2024-10-24T14:43:32Z</time>
    </trkpt>
    <trkpt lat="50.9585344" lon="6.8683159">
      <time>2024-10-24T14:43:34Z</time>
    </trkpt>
    <trkpt lat="50.9585163" lon="6.8683195">
      <time>2024-10-24T14:43:38Z</time>
    </trkpt>
    <trkpt lat="50.9585114" lon="6.8683134">
      <time>2024-10-24T14:43:40Z</time>
    </trkpt>
    <trkpt lat="50.9585114" lon="6.8683134">
      <time>2024-10-24T14:43:42Z</time>
    </trkpt>
    <trkpt lat="50.9584987" lon="6.8684290">
      <time>2024-10-24T14:44:03Z</time>
    </trkpt>
    <trkpt lat="50.9585070" lon="6.8684858">
      <time>2024-10-24T14:44:04Z</time>
    </trkpt>
    <trkpt lat="50.9585565" lon="6.8686965">
      <time>2024-10-24T14:44:08Z</time>
    </trkpt>
    <trkpt lat="50.9586815" lon="6.8687744">
      <time>2024-10-24T14:44:12Z</time>
    </trkpt>
    <trkpt lat="50.9587616" lon="6.8687380">
      <time>2024-10-24T14:44:14Z</time>
    </trkpt>
    <trkpt lat="50.9587986" lon="6.8687163">
      <time>2024-10-24T14:44:15Z</time>
    </trkpt>
    <trkpt lat="50.9589084" lon="6.8686517">
      <time>2024-10-24T14:44:17Z</time>
    </trkpt>
    <trkpt lat="50.9590676" lon="6.8685673">
      <time>2024-10-24T14:44:20Z</time>
    </trkpt>
    <trkpt lat="50.9594258" lon="6.8683780">
      <time>2024-10-24T14:44:26Z</time>
    </trkpt>
    <trkpt lat="50.9596102" lon="6.8682807">
      <time>2024-10-24T14:44:29Z</time>
    </trkpt>
    <trkpt lat="50.9597316" lon="6.8682137">
      <time>2024-10-24T14:44:31Z</time>
    </trkpt>
    <trkpt lat="50.9598336" lon="6.8681522">
      <time>2024-10-24T14:44:33Z</time>
    </trkpt>
    <trkpt lat="50.9598906" lon="6.8681186">
      <time>2024-10-24T14:44:34Z</time>
    </trkpt>
    <trkpt lat="50.9601820" lon="6.8679956">
      <time>2024-10-24T14:44:39Z</time>
    </trkpt>
    <trkpt lat="50.9602263" lon="6.8679735">
      <time>2024-10-24T14:44:40Z</time>
    </trkpt>
    <trkpt lat="50.9605023" lon="6.8678673">
      <time>2024-10-24T14:44:46Z</time>
    </trkpt>
    <trkpt lat="50.9608474" lon="6.8677161">
      <time>2024-10-24T14:44:53Z</time>
    </trkpt>
    <trkpt lat="50.9608981" lon="6.8676979">
      <time>2024-10-24T14:44:54Z</time>
    </trkpt>
    <trkpt lat="50.9609543" lon="6.8676798">
      <time>2024-10-24T14:44:55Z</time>
    </trkpt>
    <trkpt lat="50.9610693" lon="6.8676424">
      <time>2024-10-24T14:44:57Z</time>
    </trkpt>
    <trkpt lat="50.9613074" lon="6.8675775">
      <time>2024-10-24T14:45:01Z</time>
    </trkpt>
    <trkpt lat="50.9614251" lon="6.8675607">
      <time>2024-10-24T14:45:03Z</time>
    </trkpt>
    <trkpt lat="50.9615454" lon="6.8675428">
      <time>2024-10-24T14:45:05Z</time>
    </trkpt>
    <trkpt lat="50.9617838" lon="6.8674895">
      <time>2024-10-24T14:45:09Z</time>
    </trkpt>
    <trkpt lat="50.9621537" lon="6.8674821">
      <time>2024-10-24T14:45:16Z</time>
    </trkpt>
    <trkpt lat="50.9624941" lon="6.8674652">
      <time>2024-10-24T14:45:23Z</time>
    </trkpt>
    <trkpt lat="50.9628078" lon="6.8673284">
      <time>2024-10-24T14:45:29Z</time>
    </trkpt>
    <trkpt lat="50.9631378" lon="6.8670745">
      <time>2024-10-24T14:45:36Z</time>
    </trkpt>
    <trkpt lat="50.9632418" lon="6.8670290">
      <time>2024-10-24T14:45:38Z</time>
    </trkpt>
    <trkpt lat="50.9633997" lon="6.8670302">
      <time>2024-10-24T14:45:41Z</time>
    </trkpt>
    <trkpt lat="50.9634965" lon="6.8670590">
      <time>2024-10-24T14:45:43Z</time>
    </trkpt>
    <trkpt lat="50.9635408" lon="6.8670850">
      <time>2024-10-24T14:45:44Z</time>
    </trkpt>
    <trkpt lat="50.9635856" lon="6.8671193">
      <time>2024-10-24T14:45:45Z</time>
    </trkpt>
    <trkpt lat="50.9636289" lon="6.8671654">
      <time>2024-10-24T14:45:46Z</time>
    </trkpt>
    <trkpt lat="50.9636679" lon="6.8672208">
      <time>2024-10-24T14:45:47Z</time>
    </trkpt>
    <trkpt lat="50.9637066" lon="6.8672745">
      <time>2024-10-24T14:45:48Z</time>
    </trkpt>
    <trkpt lat="50.9637440" lon="6.8673235">
      <time>2024-10-24T14:45:49Z</time>
    </trkpt>
    <trkpt lat="50.9638071" lon="6.8674219">
      <time>2024-10-24T14:45:51Z</time>
    </trkpt>
    <trkpt lat="50.9638226" lon="6.8674602">
      <time>2024-10-24T14:45:52Z</time>
    </trkpt>
    <trkpt lat="50.9638486" lon="6.8674953">
      <time>2024-10-24T14:45:53Z</time>
    </trkpt>
    <trkpt lat="50.9639052" lon="6.8675566">
      <time>2024-10-24T14:45:55Z</time>
    </trkpt>
    <trkpt lat="50.9639690" lon="6.8676207">
      <time>2024-10-24T14:45:57Z</time>
    </trkpt>
    <trkpt lat="50.9640354" lon="6.8676819">
      <time>2024-10-24T14:45:59Z</time>
    </trkpt>
    <trkpt lat="50.9641904" lon="6.8678225">
      <time>2024-10-24T14:46:05Z</time>
    </trkpt>
    <trkpt lat="50.9643759" lon="6.8678562">
      <time>2024-10-24T14:46:10Z</time>
    </trkpt>
    <trkpt lat="50.9648811" lon="6.8680371">
      <time>2024-10-24T14:46:21Z</time>
    </trkpt>
    <trkpt lat="50.9650331" lon="6.8680854">
      <time>2024-10-24T14:46:24Z</time>
    </trkpt>
    <trkpt lat="50.9651774" lon="6.8681229">
      <time>2024-10-24T14:46:27Z</time>
    </trkpt>
    <trkpt lat="50.9654987" lon="6.8682380">
      <time>2024-10-24T14:46:34Z</time>
    </trkpt>
    <trkpt lat="50.9655479" lon="6.8682501">
      <time>2024-10-24T14:46:35Z</time>
    </trkpt>
    <trkpt lat="50.9658002" lon="6.8683149">
      <time>2024-10-24T14:46:40Z</time>
    </trkpt>
    <trkpt lat="50.9659522" lon="6.8683728">
      <time>2024-10-24T14:46:43Z</time>
    </trkpt>
    <trkpt lat="50.9661922" lon="6.8684904">
      <time>2024-10-24T14:46:48Z</time>
    </trkpt>
    <trkpt lat="50.9662845" lon="6.8685761">
      <time>2024-10-24T14:46:50Z</time>
    </trkpt>
    <trkpt lat="50.9664377" lon="6.8687799">
      <time>2024-10-24T14:46:55Z</time>
    </trkpt>
    <trkpt lat="50.9664217" lon="6.8688971">
      <time>2024-10-24T14:46:57Z</time>
    </trkpt>
    <trkpt lat="50.9664008" lon="6.8689603">
      <time>2024-10-24T14:46:58Z</time>
    </trkpt>
    <trkpt lat="50.9662084" lon="6.8694184">
      <time>2024-10-24T14:47:05Z</time>
    </trkpt>
    <trkpt lat="50.9659945" lon="6.8699446">
      <time>2024-10-24T14:47:12Z</time>
    </trkpt>
    <trkpt lat="50.9658027" lon="6.8704457">
      <time>2024-10-24T14:47:18Z</time>
    </trkpt>
    <trkpt lat="50.9656267" lon="6.8708377">
      <time>2024-10-24T14:47:24Z</time>
    </trkpt>
    <trkpt lat="50.9656040" lon="6.8709083">
      <time>2024-10-24T14:47:25Z</time>
    </trkpt>
    <trkpt lat="50.9655238" lon="6.8711981">
      <time>2024-10-24T14:47:29Z</time>
    </trkpt>
    <trkpt lat="50.9654948" lon="6.8712642">
      <time>2024-10-24T14:47:30Z</time>
    </trkpt>
    <trkpt lat="50.9654701" lon="6.8713370">
      <time>2024-10-24T14:47:31Z</time>
    </trkpt>
    <trkpt lat="50.9654196" lon="6.8715667">
      <time>2024-10-24T14:47:34Z</time>
    </trkpt>
    <trkpt lat="50.9653571" lon="6.8717092">
      <time>2024-10-24T14:47:36Z</time>
    </trkpt>
    <trkpt lat="50.9653128" lon="6.8717612">
      <time>2024-10-24T14:47:37Z</time>
    </trkpt>
    <trkpt lat="50.9652644" lon="6.8717939">
      <time>2024-10-24T14:47:38Z</time>
    </trkpt>
    <trkpt lat="50.9651562" lon="6.8718223">
      <time>2024-10-24T14:47:40Z</time>
    </trkpt>
    <trkpt lat="50.9646910" lon="6.8718996">
      <time>2024-10-24T14:47:48Z</time>
    </trkpt>
    <trkpt lat="50.9641922" lon="6.8719185">
      <time>2024-10-24T14:47:57Z</time>
    </trkpt>
    <trkpt lat="50.9639935" lon="6.8719176">
      <time>2024-10-24T14:48:01Z</time>
    </trkpt>
    <trkpt lat="50.9639430" lon="6.8719358">
      <time>2024-10-24T14:48:02Z</time>
    </trkpt>
    <trkpt lat="50.9639062" lon="6.8719712">
      <time>2024-10-24T14:48:03Z</time>
    </trkpt>
    <trkpt lat="50.9638895" lon="6.8720293">
      <time>2024-10-24T14:48:04Z</time>
    </trkpt>
    <trkpt lat="50.9638900" lon="6.8721016">
      <time>2024-10-24T14:48:05Z</time>
    </trkpt>
    <trkpt lat="50.9638865" lon="6.8723432">
      <time>2024-10-24T14:48:08Z</time>
    </trkpt>
    <trkpt lat="50.9638880" lon="6.8726713">
      <time>2024-10-24T14:48:12Z</time>
    </trkpt>
    <trkpt lat="50.9638366" lon="6.8731391">
      <time>2024-10-24T14:48:18Z</time>
    </trkpt>
    <trkpt lat="50.9638028" lon="6.8733686">
      <time>2024-10-24T14:48:21Z</time>
    </trkpt>
    <trkpt lat="50.9637489" lon="6.8736007">
      <time>2024-10-24T14:48:24Z</time>
    </trkpt>
    <trkpt lat="50.9635928" lon="6.8743000">
      <time>2024-10-24T14:48:33Z</time>
    </trkpt>
    <trkpt lat="50.9635097" lon="6.8747442">
      <time>2024-10-24T14:48:39Z</time>
    </trkpt>
    <trkpt lat="50.9634571" lon="6.8749748">
      <time>2024-10-24T14:48:42Z</time>
    </trkpt>
    <trkpt lat="50.9633173" lon="6.8755732">
      <time>2024-10-24T14:48:49Z</time>
    </trkpt>
    <trkpt lat="50.9631693" lon="6.8762869">
      <time>2024-10-24T14:48:58Z</time>
    </trkpt>
    <trkpt lat="50.9631191" lon="6.8765435">
      <time>2024-10-24T14:49:02Z</time>
    </trkpt>
    <trkpt lat="50.9631104" lon="6.8766002">
      <time>2024-10-24T14:49:03Z</time>
    </trkpt>
    <trkpt lat="50.9630969" lon="6.8767094">
      <time>2024-10-24T14:49:05Z</time>
    </trkpt>
    <trkpt lat="50.9630986" lon="6.8767660">
      <time>2024-10-24T14:49:06Z</time>
    </trkpt>
    <trkpt lat="50.9631188" lon="6.8768715">
      <time>2024-10-24T14:49:08Z</time>
    </trkpt>
    <trkpt lat="50.9631698" lon="6.8770284">
      <time>2024-10-24T14:49:11Z</time>
    </trkpt>
    <trkpt lat="50.9632318" lon="6.8771749">
      <time>2024-10-24T14:49:14Z</time>
    </trkpt>
    <trkpt lat="50.9633597" lon="6.8772870">
      <time>2024-10-24T14:49:18Z</time>
    </trkpt>
    <trkpt lat="50.9634632" lon="6.8773061">
      <time>2024-10-24T14:49:21Z</time>
    </trkpt>
    <trkpt lat="50.9634763" lon="6.8772998">
      <time>2024-10-24T14:49:22Z</time>
    </trkpt>
    <trkpt lat="50.9634823" lon="6.8772882">
      <time>2024-10-24T14:49:23Z</time>
    </trkpt>
    <trkpt lat="50.9635098" lon="6.8772325">
      <time>2024-10-24T14:49:26Z</time>
    </trkpt>
    <trkpt lat="50.9635273" lon="6.8772361">
      <time>2024-10-24T14:49:28Z</time>
    </trkpt>
    <trkpt lat="50.9635302" lon="6.8772437">
      <time>2024-10-24T14:49:30Z</time>
    </trkpt>
    <trkpt lat="50.9635302" lon="6.8772437">
      <time>2024-10-24T14:49:34Z</time>
    </trkpt>
    <trkpt lat="50.9635400" lon="6.8774301">
      <time>2024-10-24T14:50:36Z</time>
    </trkpt>
    <trkpt lat="50.9635037" lon="6.8775551">
      <time>2024-10-24T14:50:37Z</time>
    </trkpt>
    <trkpt lat="50.9635018" lon="6.8775645">
      <time>2024-10-24T14:50:40Z</time>
    </trkpt>
    <trkpt lat="50.9635379" lon="6.8774319">
      <time>2024-10-24T14:50:44Z</time>
    </trkpt>
    <trkpt lat="50.9635221" lon="6.8767174">
      <time>2024-10-24T14:54:43Z</time>
    </trkpt>
    <trkpt lat="50.9635267" lon="6.8767617">
      <time>2024-10-24T14:54:44Z</time>
    </trkpt>
    <trkpt lat="50.9635478" lon="6.8767611">
      <time>2024-10-24T14:54:48Z</time>
    </trkpt>
    <trkpt lat="50.9637999" lon="6.8763466">
      <time>2024-10-24T14:55:11Z</time>
    </trkpt>
    <trkpt lat="50.9637998" lon="6.8763123">
      <time>2024-10-24T14:55:12Z</time>
    </trkpt>
    <trkpt lat="50.9635415" lon="6.8763247">
      <time>2024-10-24T14:55:27Z</time>
    </trkpt>
    <trkpt lat="50.9635509" lon="6.8763531">
      <time>2024-10-24T14:55:28Z</time>
    </trkpt>
    <trkpt lat="50.9635522" lon="6.8764108">
      <time>2024-10-24T14:55:30Z</time>
    </trkpt>
  </trkseg></trk>
</gpx>
