<?xml version="1.0" encoding="UTF-8"?>
<gpx version="1.1" creator="Diary FIT converter" xmlns="http://www.topografix.com/GPX/1/1">
  <trk><name>Cycling</name><trkseg>
    <trkpt lat="50.9523116" lon="6.9938192">
      <ele>53.0</ele>
      <time>2019-06-07T08:38:25Z</time>
    </trkpt>
    <trkpt lat="50.9522944" lon="6.9939170">
      <ele>53.4</ele>
      <time>2019-06-07T08:38:26Z</time>
    </trkpt>
    <trkpt lat="50.9522316" lon="6.9942044">
      <ele>54.2</ele>
      <time>2019-06-07T08:38:29Z</time>
    </trkpt>
    <trkpt lat="50.9522105" lon="6.9942991">
      <ele>54.6</ele>
      <time>2019-06-07T08:38:30Z</time>
    </trkpt>
    <trkpt lat="50.9521777" lon="6.9944982">
      <ele>54.2</ele>
      <time>2019-06-07T08:38:32Z</time>
    </trkpt>
    <trkpt lat="50.9521671" lon="6.9947001">
      <ele>54.4</ele>
      <time>2019-06-07T08:38:34Z</time>
    </trkpt>
    <trkpt lat="50.9522076" lon="6.9948943">
      <ele>54.8</ele>
      <time>2019-06-07T08:38:36Z</time>
    </trkpt>
    <trkpt lat="50.9523953" lon="6.9954746">
      <ele>54.2</ele>
      <time>2019-06-07T08:38:42Z</time>
    </trkpt>
    <trkpt lat="50.9526996" lon="6.9962961">
      <ele>52.8</ele>
      <time>2019-06-07T08:38:51Z</time>
    </trkpt>
    <trkpt lat="50.9528911" lon="6.9967148">
      <ele>49.6</ele>
      <time>2019-06-07T08:38:56Z</time>
    </trkpt>
    <trkpt lat="50.9529782" lon="6.9968755">
      <ele>48.8</ele>
      <time>2019-06-07T08:38:58Z</time>
    </trkpt>
    <trkpt lat="50.9530228" lon="6.9969523">
      <ele>48.6</ele>
      <time>2019-06-07T08:38:59Z</time>
    </trkpt>
    <trkpt lat="50.9530707" lon="6.9970279">
      <ele>48.2</ele>
      <time>2019-06-07T08:39:00Z</time>
    </trkpt>
    <trkpt lat="50.9534148" lon="6.9975100">
      <ele>48.0</ele>
      <time>2019-06-07T08:39:07Z</time>
    </trkpt>
    <trkpt lat="50.9538497" lon="6.9981237">
      <ele>48.2</ele>
      <time>2019-06-07T08:39:16Z</time>
    </trkpt>
    <trkpt lat="50.9542100" lon="6.9985433">
      <ele>48.8</ele>
      <time>2019-06-07T08:39:27Z</time>
    </trkpt>
    <trkpt lat="50.9542415" lon="6.9986767">
      <ele>49.2</ele>
      <time>2019-06-07T08:39:29Z</time>
    </trkpt>
    <trkpt lat="50.9542421" lon="6.9988815">
      <ele>48.4</ele>
      <time>2019-06-07T08:39:32Z</time>
    </trkpt>
    <trkpt lat="50.9545370" lon="6.9994747">
      <ele>45.4</ele>
      <time>2019-06-07T08:39:45Z</time>
    </trkpt>
    <trkpt lat="50.9550680" lon="6.9997976">
      <ele>43.4</ele>
      <time>2019-06-07T08:39:55Z</time>
    </trkpt>
    <trkpt lat="50.9553914" lon="6.9999992">
      <ele>41.6</ele>
      <time>2019-06-07T08:40:10Z</time>
    </trkpt>
    <trkpt lat="50.9553989" lon="7.0000745">
      <ele>41.4</ele>
      <time>2019-06-07T08:40:13Z</time>
    </trkpt>
    <trkpt lat="50.9553629" lon="7.0001500">
      <ele>41.4</ele>
      <time>2019-06-07T08:40:18Z</time>
    </trkpt>
    <trkpt lat="50.9553728" lon="7.0002044">
      <ele>41.8</ele>
      <time>2019-06-07T08:40:38Z</time>
    </trkpt>
    <trkpt lat="50.9554088" lon="7.0002338">
      <ele>41.4</ele>
      <time>2019-06-07T08:41:04Z</time>
    </trkpt>
    <trkpt lat="50.9554104" lon="7.0002358">
      <ele>41.4</ele>
      <time>2019-06-07T08:41:08Z</time>
    </trkpt>
    <trkpt lat="50.9554087" lon="7.0002340">
      <ele>41.4</ele>
      <time>2019-06-07T08:41:11Z</time>
    </trkpt>
    <trkpt lat="50.9554090" lon="7.0002349">
      <ele>41.4</ele>
      <time>2019-06-07T08:41:14Z</time>
    </trkpt>
    <trkpt lat="50.9554088" lon="7.0002349">
      <ele>41.4</ele>
      <time>2019-06-07T08:41:16Z</time>
    </trkpt>
    <trkpt lat="50.9554069" lon="7.0002314">
      <ele>41.6</ele>
      <time>2019-06-07T08:41:20Z</time>
    </trkpt>
    <trkpt lat="50.9554076" lon="7.0002259">
      <ele>41.6</ele>
      <time>2019-06-07T08:41:23Z</time>
    </trkpt>
    <trkpt lat="50.9554077" lon="7.0002252">
      <ele>41.6</ele>
      <time>2019-06-07T08:41:26Z</time>
    </trkpt>
    <trkpt lat="50.9554077" lon="7.0002251">
      <ele>41.6</ele>
      <time>2019-06-07T08:41:27Z</time>
    </trkpt>
    <trkpt lat="50.9554077" lon="7.0002251">
      <ele>41.6</ele>
      <time>2019-06-07T08:41:43Z</time>
    </trkpt>
    <trkpt lat="50.9554069" lon="7.0002313">
      <ele>41.6</ele>
      <time>2019-06-07T08:41:47Z</time>
    </trkpt>
    <trkpt lat="50.9553977" lon="7.0002854">
      <ele>41.6</ele>
      <time>2019-06-07T08:41:51Z</time>
    </trkpt>
    <trkpt lat="50.9554886" lon="7.0004046">
      <ele>41.6</ele>
      <time>2019-06-07T08:41:57Z</time>
    </trkpt>
    <trkpt lat="50.9556957" lon="7.0005595">
      <ele>41.4</ele>
      <time>2019-06-07T08:42:02Z</time>
    </trkpt>
    <trkpt lat="50.9558930" lon="7.0007052">
      <ele>40.6</ele>
      <time>2019-06-07T08:42:08Z</time>
    </trkpt>
    <trkpt lat="50.9562429" lon="7.0008669">
      <ele>41.4</ele>
      <time>2019-06-07T08:42:18Z</time>
    </trkpt>
    <trkpt lat="50.9564919" lon="7.0009984">
      <ele>42.2</ele>
      <time>2019-06-07T08:42:23Z</time>
    </trkpt>
    <trkpt lat="50.9567675" lon="7.0011284">
      <ele>42.4</ele>
      <time>2019-06-07T08:42:28Z</time>
    </trkpt>
    <trkpt lat="50.9568887" lon="7.0011730">
      <ele>41.6</ele>
      <time>2019-06-07T08:42:30Z</time>
    </trkpt>
    <trkpt lat="50.9574604" lon="7.0014101">
      <ele>40.0</ele>
      <time>2019-06-07T08:42:39Z</time>
    </trkpt>
    <trkpt lat="50.9577955" lon="7.0015501">
      <ele>38.8</ele>
      <time>2019-06-07T08:42:44Z</time>
    </trkpt>
    <trkpt lat="50.9583216" lon="7.0018469">
      <ele>39.8</ele>
      <time>2019-06-07T08:42:52Z</time>
    </trkpt>
    <trkpt lat="50.9587311" lon="7.0020845">
      <ele>41.8</ele>
      <time>2019-06-07T08:42:58Z</time>
    </trkpt>
    <trkpt lat="50.9592456" lon="7.0024080">
      <ele>43.0</ele>
      <time>2019-06-07T08:43:06Z</time>
    </trkpt>
    <trkpt lat="50.9597644" lon="7.0027586">
      <ele>38.2</ele>
      <time>2019-06-07T08:43:14Z</time>
    </trkpt>
    <trkpt lat="50.9598321" lon="7.0028068">
      <ele>38.4</ele>
      <time>2019-06-07T08:43:15Z</time>
    </trkpt>
    <trkpt lat="50.9598984" lon="7.0028653">
      <ele>38.8</ele>
      <time>2019-06-07T08:43:16Z</time>
    </trkpt>
    <trkpt lat="50.9599627" lon="7.0029441">
      <ele>39.4</ele>
      <time>2019-06-07T08:43:17Z</time>
    </trkpt>
    <trkpt lat="50.9600136" lon="7.0030354">
      <ele>39.8</ele>
      <time>2019-06-07T08:43:18Z</time>
    </trkpt>
    <trkpt lat="50.9600593" lon="7.0031301">
      <ele>39.2</ele>
      <time>2019-06-07T08:43:19Z</time>
    </trkpt>
    <trkpt lat="50.9601064" lon="7.0032191">
      <ele>39.0</ele>
      <time>2019-06-07T08:43:20Z</time>
    </trkpt>
    <trkpt lat="50.9601586" lon="7.0032938">
      <ele>38.8</ele>
      <time>2019-06-07T08:43:21Z</time>
    </trkpt>
    <trkpt lat="50.9602854" lon="7.0034043">
      <ele>38.6</ele>
      <time>2019-06-07T08:43:23Z</time>
    </trkpt>
    <trkpt lat="50.9603553" lon="7.0034543">
      <ele>38.0</ele>
      <time>2019-06-07T08:43:24Z</time>
    </trkpt>
    <trkpt lat="50.9604242" lon="7.0034993">
      <ele>37.6</ele>
      <time>2019-06-07T08:43:25Z</time>
    </trkpt>
    <trkpt lat="50.9604913" lon="7.0035446">
      <ele>37.4</ele>
      <time>2019-06-07T08:43:26Z</time>
    </trkpt>
    <trkpt lat="50.9606163" lon="7.0036404">
      <ele>37.2</ele>
      <time>2019-06-07T08:43:28Z</time>
    </trkpt>
    <trkpt lat="50.9606798" lon="7.0037516">
      <ele>39.4</ele>
      <time>2019-06-07T08:43:30Z</time>
    </trkpt>
    <trkpt lat="50.9606889" lon="7.0038057">
      <ele>40.0</ele>
      <time>2019-06-07T08:43:31Z</time>
    </trkpt>
    <trkpt lat="50.9606910" lon="7.0038590">
      <ele>40.0</ele>
      <time>2019-06-07T08:43:32Z</time>
    </trkpt>
    <trkpt lat="50.9606557" lon="7.0042464">
      <ele>44.0</ele>
      <time>2019-06-07T08:43:38Z</time>
    </trkpt>
    <trkpt lat="50.9606345" lon="7.0043113">
      <ele>44.0</ele>
      <time>2019-06-07T08:43:39Z</time>
    </trkpt>
    <trkpt lat="50.9605688" lon="7.0044615">
      <ele>44.0</ele>
      <time>2019-06-07T08:43:42Z</time>
    </trkpt>
    <trkpt lat="50.9605495" lon="7.0046461">
      <ele>44.2</ele>
      <time>2019-06-07T08:43:45Z</time>
    </trkpt>
    <trkpt lat="50.9605631" lon="7.0047752">
      <ele>43.6</ele>
      <time>2019-06-07T08:43:47Z</time>
    </trkpt>
    <trkpt lat="50.9605833" lon="7.0048892">
      <ele>45.0</ele>
      <time>2019-06-07T08:43:49Z</time>
    </trkpt>
    <trkpt lat="50.9606167" lon="7.0050950">
      <ele>51.8</ele>
      <time>2019-06-07T08:43:53Z</time>
    </trkpt>
    <trkpt lat="50.9606453" lon="7.0051058">
      <ele>52.4</ele>
      <time>2019-06-07T08:43:54Z</time>
    </trkpt>
    <trkpt lat="50.9606936" lon="7.0051053">
      <ele>56.2</ele>
      <time>2019-06-07T08:43:56Z</time>
    </trkpt>
    <trkpt lat="50.9609033" lon="7.0050768">
      <ele>78.6</ele>
      <time>2019-06-07T08:44:09Z</time>
    </trkpt>
    <trkpt lat="50.9609337" lon="7.0050786">
      <ele>79.4</ele>
      <time>2019-06-07T08:44:11Z</time>
    </trkpt>
    <trkpt lat="50.9611710" lon="7.0050576">
      <ele>69.6</ele>
      <time>2019-06-07T08:44:20Z</time>
    </trkpt>
    <trkpt lat="50.9611910" lon="7.0051198">
      <ele>67.6</ele>
      <time>2019-06-07T08:44:23Z</time>
    </trkpt>
    <trkpt lat="50.9611902" lon="7.0053757">
      <ele>75.0</ele>
      <time>2019-06-07T08:44:31Z</time>
    </trkpt>
    <trkpt lat="50.9612681" lon="7.0055760">
      <ele>72.8</ele>
      <time>2019-06-07T08:45:01Z</time>
    </trkpt>
    <trkpt lat="50.9612681" lon="7.0056072">
      <ele>61.2</ele>
      <time>2019-06-07T08:45:30Z</time>
    </trkpt>
    <trkpt lat="50.9612990" lon="7.0055789">
      <ele>63.0</ele>
      <time>2019-06-07T08:45:38Z</time>
    </trkpt>
    <trkpt lat="50.9606131" lon="7.0047372">
      <ele>30.6</ele>
      <time>2019-06-07T09:13:23Z</time>
    </trkpt>
    <trkpt lat="50.9605853" lon="7.0046774">
      <ele>32.6</ele>
      <time>2019-06-07T09:13:24Z</time>
    </trkpt>
    <trkpt lat="50.9605586" lon="7.0044676">
      <ele>38.6</ele>
      <time>2019-06-07T09:13:28Z</time>
    </trkpt>
    <trkpt lat="50.9606400" lon="7.0043422">
      <ele>41.2</ele>
      <time>2019-06-07T09:13:32Z</time>
    </trkpt>
    <trkpt lat="50.9606971" lon="7.0041878">
      <ele>41.6</ele>
      <time>2019-06-07T09:13:34Z</time>
    </trkpt>
    <trkpt lat="50.9607142" lon="7.0040911">
      <ele>41.8</ele>
      <time>2019-06-07T09:13:35Z</time>
    </trkpt>
    <trkpt lat="50.9607111" lon="7.0040100">
      <ele>45.2</ele>
      <time>2019-06-07T09:13:36Z</time>
    </trkpt>
    <trkpt lat="50.9607031" lon="7.0039416">
      <ele>46.4</ele>
      <time>2019-06-07T09:13:37Z</time>
    </trkpt>
    <trkpt lat="50.9606718" lon="7.0037816">
      <ele>49.0</ele>
      <time>2019-06-07T09:13:41Z</time>
    </trkpt>
    <trkpt lat="50.9606441" lon="7.0037587">
      <ele>50.4</ele>
      <time>2019-06-07T09:13:42Z</time>
    </trkpt>
    <trkpt lat="50.9606174" lon="7.0037264">
      <ele>50.4</ele>
      <time>2019-06-07T09:13:43Z</time>
    </trkpt>
    <trkpt lat="50.9605612" lon="7.0036588">
      <ele>51.6</ele>
      <time>2019-06-07T09:13:45Z</time>
    </trkpt>
    <trkpt lat="50.9605295" lon="7.0036284">
      <ele>52.0</ele>
      <time>2019-06-07T09:13:46Z</time>
    </trkpt>
    <trkpt lat="50.9604456" lon="7.0035769">
      <ele>52.0</ele>
      <time>2019-06-07T09:13:48Z</time>
    </trkpt>
    <trkpt lat="50.9602267" lon="7.0034523">
      <ele>51.8</ele>
      <time>2019-06-07T09:13:53Z</time>
    </trkpt>
    <trkpt lat="50.9601862" lon="7.0034203">
      <ele>51.6</ele>
      <time>2019-06-07T09:13:54Z</time>
    </trkpt>
    <trkpt lat="50.9601455" lon="7.0033793">
      <ele>51.6</ele>
      <time>2019-06-07T09:13:55Z</time>
    </trkpt>
    <trkpt lat="50.9600730" lon="7.0032610">
      <ele>51.2</ele>
      <time>2019-06-07T09:13:56Z</time>
    </trkpt>
    <trkpt lat="50.9599938" lon="7.0031366">
      <ele>51.0</ele>
      <time>2019-06-07T09:13:59Z</time>
    </trkpt>
    <trkpt lat="50.9598575" lon="7.0030008">
      <ele>50.0</ele>
      <time>2019-06-07T09:14:02Z</time>
    </trkpt>
    <trkpt lat="50.9597372" lon="7.0029022">
      <ele>49.2</ele>
      <time>2019-06-07T09:14:05Z</time>
    </trkpt>
    <trkpt lat="50.9595966" lon="7.0027498">
      <ele>47.4</ele>
      <time>2019-06-07T09:14:11Z</time>
    </trkpt>
    <trkpt lat="50.9596130" lon="7.0025774">
      <ele>45.2</ele>
      <time>2019-06-07T09:14:17Z</time>
    </trkpt>
    <trkpt lat="50.9596596" lon="7.0025043">
      <ele>43.6</ele>
      <time>2019-06-07T09:14:21Z</time>
    </trkpt>
    <trkpt lat="50.9595977" lon="7.0023428">
      <ele>43.6</ele>
      <time>2019-06-07T09:14:26Z</time>
    </trkpt>
    <trkpt lat="50.9595223" lon="7.0022848">
      <ele>44.0</ele>
      <time>2019-06-07T09:14:28Z</time>
    </trkpt>
    <trkpt lat="50.9594791" lon="7.0022552">
      <ele>43.8</ele>
      <time>2019-06-07T09:14:29Z</time>
    </trkpt>
    <trkpt lat="50.9594339" lon="7.0022256">
      <ele>43.8</ele>
      <time>2019-06-07T09:14:30Z</time>
    </trkpt>
    <trkpt lat="50.9593405" lon="7.0021634">
      <ele>43.6</ele>
      <time>2019-06-07T09:14:32Z</time>
    </trkpt>
    <trkpt lat="50.9592904" lon="7.0021330">
      <ele>43.4</ele>
      <time>2019-06-07T09:14:33Z</time>
    </trkpt>
    <trkpt lat="50.9592395" lon="7.0021018">
      <ele>43.4</ele>
      <time>2019-06-07T09:14:34Z</time>
    </trkpt>
    <trkpt lat="50.9590816" lon="7.0019970">
      <ele>43.4</ele>
      <time>2019-06-07T09:14:37Z</time>
    </trkpt>
    <trkpt lat="50.9585080" lon="7.0017407">
      <ele>44.2</ele>
      <time>2019-06-07T09:14:47Z</time>
    </trkpt>
    <trkpt lat="50.9582651" lon="7.0016158">
      <ele>45.0</ele>
      <time>2019-06-07T09:14:51Z</time>
    </trkpt>
    <trkpt lat="50.9581392" lon="7.0015455">
      <ele>45.2</ele>
      <time>2019-06-07T09:14:53Z</time>
    </trkpt>
    <trkpt lat="50.9580751" lon="7.0015160">
      <ele>45.2</ele>
      <time>2019-06-07T09:14:54Z</time>
    </trkpt>
    <trkpt lat="50.9578897" lon="7.0014103">
      <ele>45.4</ele>
      <time>2019-06-07T09:14:57Z</time>
    </trkpt>
    <trkpt lat="50.9576622" lon="7.0012689">
      <ele>45.8</ele>
      <time>2019-06-07T09:15:01Z</time>
    </trkpt>
    <trkpt lat="50.9574475" lon="7.0011848">
      <ele>46.2</ele>
      <time>2019-06-07T09:15:05Z</time>
    </trkpt>
    <trkpt lat="50.9573994" lon="7.0011630">
      <ele>46.2</ele>
      <time>2019-06-07T09:15:06Z</time>
    </trkpt>
    <trkpt lat="50.9569814" lon="7.0009472">
      <ele>45.2</ele>
      <time>2019-06-07T09:15:14Z</time>
    </trkpt>
    <trkpt lat="50.9564692" lon="7.0006477">
      <ele>46.4</ele>
      <time>2019-06-07T09:15:22Z</time>
    </trkpt>
    <trkpt lat="50.9562141" lon="7.0005442">
      <ele>47.2</ele>
      <time>2019-06-07T09:15:26Z</time>
    </trkpt>
    <trkpt lat="50.9561641" lon="7.0005056">
      <ele>46.4</ele>
      <time>2019-06-07T09:15:27Z</time>
    </trkpt>
    <trkpt lat="50.9561074" lon="7.0004697">
      <ele>46.2</ele>
      <time>2019-06-07T09:15:28Z</time>
    </trkpt>
    <trkpt lat="50.9555920" lon="7.0001443">
      <ele>45.6</ele>
      <time>2019-06-07T09:15:36Z</time>
    </trkpt>
    <trkpt lat="50.9550564" lon="6.9998555">
      <ele>45.8</ele>
      <time>2019-06-07T09:15:44Z</time>
    </trkpt>
    <trkpt lat="50.9549881" lon="6.9998159">
      <ele>45.8</ele>
      <time>2019-06-07T09:15:45Z</time>
    </trkpt>
    <trkpt lat="50.9545627" lon="6.9995733">
      <ele>46.0</ele>
      <time>2019-06-07T09:15:51Z</time>
    </trkpt>
    <trkpt lat="50.9540237" lon="6.9991875">
      <ele>47.2</ele>
      <time>2019-06-07T09:15:59Z</time>
    </trkpt>
    <trkpt lat="50.9535323" lon="6.9987951">
      <ele>48.0</ele>
      <time>2019-06-07T09:16:07Z</time>
    </trkpt>
    <trkpt lat="50.9530690" lon="6.9982043">
      <ele>49.0</ele>
      <time>2019-06-07T09:16:16Z</time>
    </trkpt>
    <trkpt lat="50.9527929" lon="6.9977234">
      <ele>49.2</ele>
      <time>2019-06-07T09:16:22Z</time>
    </trkpt>
    <trkpt lat="50.9526090" lon="6.9974055">
      <ele>49.8</ele>
      <time>2019-06-07T09:16:26Z</time>
    </trkpt>
    <trkpt lat="50.9521991" lon="6.9967012">
      <ele>50.4</ele>
      <time>2019-06-07T09:16:35Z</time>
    </trkpt>
    <trkpt lat="50.9517611" lon="6.9961743">
      <ele>52.2</ele>
      <time>2019-06-07T09:16:43Z</time>
    </trkpt>
    <trkpt lat="50.9512824" lon="6.9957521">
      <ele>54.0</ele>
      <time>2019-06-07T09:16:51Z</time>
    </trkpt>
    <trkpt lat="50.9509063" lon="6.9954465">
      <ele>55.4</ele>
      <time>2019-06-07T09:16:57Z</time>
    </trkpt>
    <trkpt lat="50.9503850" lon="6.9950197">
      <ele>55.6</ele>
      <time>2019-06-07T09:17:05Z</time>
    </trkpt>
    <trkpt lat="50.9498484" lon="6.9945564">
      <ele>55.0</ele>
      <time>2019-06-07T09:17:13Z</time>
    </trkpt>
    <trkpt lat="50.9493376" lon="6.9940926">
      <ele>56.0</ele>
      <time>2019-06-07T09:17:20Z</time>
    </trkpt>
    <trkpt lat="50.9490245" lon="6.9937262">
      <ele>57.6</ele>
      <time>2019-06-07T09:17:25Z</time>
    </trkpt>
    <trkpt lat="50.9488002" lon="6.9934214">
      <ele>59.0</ele>
      <time>2019-06-07T09:17:29Z</time>
    </trkpt>
    <trkpt lat="50.9486291" lon="6.9931809">
      <ele>59.6</ele>
      <time>2019-06-07T09:17:32Z</time>
    </trkpt>
    <trkpt lat="50.9485688" lon="6.9930996">
      <ele>59.8</ele>
      <time>2019-06-07T09:17:33Z</time>
    </trkpt>
    <trkpt lat="50.9485077" lon="6.9930160">
      <ele>59.8</ele>
      <time>2019-06-07T09:17:34Z</time>
    </trkpt>
    <trkpt lat="50.9482694" lon="6.9926790">
      <ele>59.8</ele>
      <time>2019-06-07T09:17:38Z</time>
    </trkpt>
    <trkpt lat="50.9480197" lon="6.9923639">
      <ele>59.6</ele>
      <time>2019-06-07T09:17:42Z</time>
    </trkpt>
    <trkpt lat="50.9477076" lon="6.9919051">
      <ele>59.2</ele>
      <time>2019-06-07T09:17:48Z</time>
    </trkpt>
    <trkpt lat="50.9475215" lon="6.9916179">
      <ele>59.0</ele>
      <time>2019-06-07T09:17:52Z</time>
    </trkpt>
    <trkpt lat="50.9473835" lon="6.9913920">
      <ele>59.2</ele>
      <time>2019-06-07T09:17:55Z</time>
    </trkpt>
    <trkpt lat="50.9473397" lon="6.9913093">
      <ele>59.2</ele>
      <time>2019-06-07T09:17:56Z</time>
    </trkpt>
    <trkpt lat="50.9472963" lon="6.9912273">
      <ele>59.2</ele>
      <time>2019-06-07T09:17:57Z</time>
    </trkpt>
    <trkpt lat="50.9471670" lon="6.9909939">
      <ele>59.2</ele>
      <time>2019-06-07T09:18:00Z</time>
    </trkpt>
    <trkpt lat="50.9468773" lon="6.9904417">
      <ele>58.2</ele>
      <time>2019-06-07T09:18:07Z</time>
    </trkpt>
    <trkpt lat="50.9466670" lon="6.9899562">
      <ele>56.8</ele>
      <time>2019-06-07T09:18:13Z</time>
    </trkpt>
    <trkpt lat="50.9465394" lon="6.9896351">
      <ele>55.8</ele>
      <time>2019-06-07T09:18:17Z</time>
    </trkpt>
    <trkpt lat="50.9465142" lon="6.9895463">
      <ele>55.6</ele>
      <time>2019-06-07T09:18:18Z</time>
    </trkpt>
    <trkpt lat="50.9465039" lon="6.9893377">
      <ele>54.8</ele>
      <time>2019-06-07T09:18:20Z</time>
    </trkpt>
    <trkpt lat="50.9465481" lon="6.9891186">
      <ele>54.0</ele>
      <time>2019-06-07T09:18:22Z</time>
    </trkpt>
    <trkpt lat="50.9467641" lon="6.9886014">
      <ele>51.8</ele>
      <time>2019-06-07T09:18:27Z</time>
    </trkpt>
    <trkpt lat="50.9468578" lon="6.9884284">
      <ele>51.0</ele>
      <time>2019-06-07T09:18:29Z</time>
    </trkpt>
    <trkpt lat="50.9471021" lon="6.9875899">
      <ele>49.6</ele>
      <time>2019-06-07T09:18:38Z</time>
    </trkpt>
    <trkpt lat="50.9471517" lon="6.9867571">
      <ele>49.8</ele>
      <time>2019-06-07T09:18:47Z</time>
    </trkpt>
    <trkpt lat="50.9471575" lon="6.9866653">
      <ele>49.8</ele>
      <time>2019-06-07T09:18:48Z</time>
    </trkpt>
    <trkpt lat="50.9471790" lon="6.9864860">
      <ele>50.2</ele>
      <time>2019-06-07T09:18:50Z</time>
    </trkpt>
    <trkpt lat="50.9471933" lon="6.9863977">
      <ele>50.4</ele>
      <time>2019-06-07T09:18:51Z</time>
    </trkpt>
    <trkpt lat="50.9472098" lon="6.9863099">
      <ele>50.6</ele>
      <time>2019-06-07T09:18:52Z</time>
    </trkpt>
    <trkpt lat="50.9472772" lon="6.9860624">
      <ele>50.4</ele>
      <time>2019-06-07T09:18:55Z</time>
    </trkpt>
    <trkpt lat="50.9473310" lon="6.9859085">
      <ele>52.2</ele>
      <time>2019-06-07T09:18:57Z</time>
    </trkpt>
    <trkpt lat="50.9477389" lon="6.9853111">
      <ele>53.4</ele>
      <time>2019-06-07T09:19:07Z</time>
    </trkpt>
    <trkpt lat="50.9482235" lon="6.9848474">
      <ele>55.0</ele>
      <time>2019-06-07T09:19:16Z</time>
    </trkpt>
    <trkpt lat="50.9484586" lon="6.9846423">
      <ele>55.0</ele>
      <time>2019-06-07T09:19:20Z</time>
    </trkpt>
    <trkpt lat="50.9485151" lon="6.9845893">
      <ele>55.0</ele>
      <time>2019-06-07T09:19:21Z</time>
    </trkpt>
    <trkpt lat="50.9485719" lon="6.9845371">
      <ele>55.2</ele>
      <time>2019-06-07T09:19:22Z</time>
    </trkpt>
    <trkpt lat="50.9486281" lon="6.9844854">
      <ele>55.2</ele>
      <time>2019-06-07T09:19:23Z</time>
    </trkpt>
    <trkpt lat="50.9488469" lon="6.9842745">
      <ele>55.6</ele>
      <time>2019-06-07T09:19:27Z</time>
    </trkpt>
    <trkpt lat="50.9490065" lon="6.9841119">
      <ele>55.8</ele>
      <time>2019-06-07T09:19:30Z</time>
    </trkpt>
    <trkpt lat="50.9491133" lon="6.9839987">
      <ele>56.0</ele>
      <time>2019-06-07T09:19:32Z</time>
    </trkpt>
    <trkpt lat="50.9492191" lon="6.9838698">
      <ele>56.0</ele>
      <time>2019-06-07T09:19:34Z</time>
    </trkpt>
    <trkpt lat="50.9492735" lon="6.9838028">
      <ele>56.0</ele>
      <time>2019-06-07T09:19:35Z</time>
    </trkpt>
    <trkpt lat="50.9493296" lon="6.9837372">
      <ele>56.2</ele>
      <time>2019-06-07T09:19:36Z</time>
    </trkpt>
    <trkpt lat="50.9497876" lon="6.9831514">
      <ele>56.2</ele>
      <time>2019-06-07T09:19:44Z</time>
    </trkpt>
    <trkpt lat="50.9499626" lon="6.9829098">
      <ele>56.0</ele>
      <time>2019-06-07T09:19:47Z</time>
    </trkpt>
    <trkpt lat="50.9504022" lon="6.9822600">
      <ele>55.4</ele>
      <time>2019-06-07T09:19:54Z</time>
    </trkpt>
    <trkpt lat="50.9505403" lon="6.9820527">
      <ele>55.2</ele>
      <time>2019-06-07T09:19:56Z</time>
    </trkpt>
    <trkpt lat="50.9507541" lon="6.9817125">
      <ele>55.2</ele>
      <time>2019-06-07T09:19:59Z</time>
    </trkpt>
    <trkpt lat="50.9508969" lon="6.9814818">
      <ele>55.0</ele>
      <time>2019-06-07T09:20:01Z</time>
    </trkpt>
    <trkpt lat="50.9509680" lon="6.9813669">
      <ele>54.8</ele>
      <time>2019-06-07T09:20:02Z</time>
    </trkpt>
    <trkpt lat="50.9511844" lon="6.9810137">
      <ele>54.6</ele>
      <time>2019-06-07T09:20:05Z</time>
    </trkpt>
    <trkpt lat="50.9514720" lon="6.9805521">
      <ele>54.4</ele>
      <time>2019-06-07T09:20:09Z</time>
    </trkpt>
    <trkpt lat="50.9516117" lon="6.9803211">
      <ele>54.2</ele>
      <time>2019-06-07T09:20:11Z</time>
    </trkpt>
    <trkpt lat="50.9520487" lon="6.9796223">
      <ele>53.4</ele>
      <time>2019-06-07T09:20:17Z</time>
    </trkpt>
    <trkpt lat="50.9521229" lon="6.9795058">
      <ele>53.2</ele>
      <time>2019-06-07T09:20:18Z</time>
    </trkpt>
    <trkpt lat="50.9521982" lon="6.9793896">
      <ele>53.0</ele>
      <time>2019-06-07T09:20:19Z</time>
    </trkpt>
    <trkpt lat="50.9522725" lon="6.9792751">
      <ele>53.0</ele>
      <time>2019-06-07T09:20:20Z</time>
    </trkpt>
    <trkpt lat="50.9526875" lon="6.9786309">
      <ele>51.8</ele>
      <time>2019-06-07T09:20:26Z</time>
    </trkpt>
    <trkpt lat="50.9531351" lon="6.9779276">
      <ele>53.2</ele>
      <time>2019-06-07T09:20:33Z</time>
    </trkpt>
    <trkpt lat="50.9535631" lon="6.9772518">
      <ele>54.2</ele>
      <time>2019-06-07T09:20:39Z</time>
    </trkpt>
    <trkpt lat="50.9540002" lon="6.9765497">
      <ele>54.8</ele>
      <time>2019-06-07T09:20:45Z</time>
    </trkpt>
    <trkpt lat="50.9540718" lon="6.9764357">
      <ele>54.8</ele>
      <time>2019-06-07T09:20:46Z</time>
    </trkpt>
    <trkpt lat="50.9543501" lon="6.9759939">
      <ele>54.6</ele>
      <time>2019-06-07T09:20:50Z</time>
    </trkpt>
    <trkpt lat="50.9545541" lon="6.9756625">
      <ele>54.6</ele>
      <time>2019-06-07T09:20:53Z</time>
    </trkpt>
    <trkpt lat="50.9549665" lon="6.9750021">
      <ele>53.8</ele>
      <time>2019-06-07T09:20:59Z</time>
    </trkpt>
    <trkpt lat="50.9553562" lon="6.9743877">
      <ele>53.8</ele>
      <time>2019-06-07T09:21:05Z</time>
    </trkpt>
    <trkpt lat="50.9554815" lon="6.9741857">
      <ele>53.8</ele>
      <time>2019-06-07T09:21:07Z</time>
    </trkpt>
    <trkpt lat="50.9555448" lon="6.9740868">
      <ele>53.8</ele>
      <time>2019-06-07T09:21:08Z</time>
    </trkpt>
    <trkpt lat="50.9557368" lon="6.9737926">
      <ele>53.4</ele>
      <time>2019-06-07T09:21:11Z</time>
    </trkpt>
    <trkpt lat="50.9561740" lon="6.9731373">
      <ele>52.8</ele>
      <time>2019-06-07T09:21:18Z</time>
    </trkpt>
    <trkpt lat="50.9564184" lon="6.9728562">
      <ele>52.4</ele>
      <time>2019-06-07T09:21:22Z</time>
    </trkpt>
    <trkpt lat="50.9565514" lon="6.9727937">
      <ele>52.0</ele>
      <time>2019-06-07T09:21:24Z</time>
    </trkpt>
    <trkpt lat="50.9566230" lon="6.9727866">
      <ele>52.0</ele>
      <time>2019-06-07T09:21:25Z</time>
    </trkpt>
    <trkpt lat="50.9566968" lon="6.9727934">
      <ele>51.8</ele>
      <time>2019-06-07T09:21:26Z</time>
    </trkpt>
    <trkpt lat="50.9567713" lon="6.9728133">
      <ele>51.4</ele>
      <time>2019-06-07T09:21:27Z</time>
    </trkpt>
    <trkpt lat="50.9568457" lon="6.9728477">
      <ele>50.8</ele>
      <time>2019-06-07T09:21:28Z</time>
    </trkpt>
    <trkpt lat="50.9569880" lon="6.9729552">
      <ele>49.8</ele>
      <time>2019-06-07T09:21:30Z</time>
    </trkpt>
    <trkpt lat="50.9570504" lon="6.9730241">
      <ele>49.4</ele>
      <time>2019-06-07T09:21:31Z</time>
    </trkpt>
    <trkpt lat="50.9571637" lon="6.9731860">
      <ele>48.6</ele>
      <time>2019-06-07T09:21:33Z</time>
    </trkpt>
    <trkpt lat="50.9572588" lon="6.9733900">
      <ele>47.6</ele>
      <time>2019-06-07T09:21:35Z</time>
    </trkpt>
    <trkpt lat="50.9573181" lon="6.9736222">
      <ele>46.6</ele>
      <time>2019-06-07T09:21:37Z</time>
    </trkpt>
    <trkpt lat="50.9573410" lon="6.9738580">
      <ele>45.4</ele>
      <time>2019-06-07T09:21:39Z</time>
    </trkpt>
    <trkpt lat="50.9573005" lon="6.9742759">
      <ele>44.0</ele>
      <time>2019-06-07T09:21:43Z</time>
    </trkpt>
    <trkpt lat="50.9572445" lon="6.9744279">
      <ele>43.2</ele>
      <time>2019-06-07T09:21:45Z</time>
    </trkpt>
    <trkpt lat="50.9571722" lon="6.9745540">
      <ele>42.4</ele>
      <time>2019-06-07T09:21:47Z</time>
    </trkpt>
    <trkpt lat="50.9570809" lon="6.9746362">
      <ele>41.8</ele>
      <time>2019-06-07T09:21:49Z</time>
    </trkpt>
    <trkpt lat="50.9569826" lon="6.9746616">
      <ele>41.0</ele>
      <time>2019-06-07T09:21:51Z</time>
    </trkpt>
    <trkpt lat="50.9568737" lon="6.9746468">
      <ele>40.6</ele>
      <time>2019-06-07T09:21:53Z</time>
    </trkpt>
    <trkpt lat="50.9567714" lon="6.9745730">
      <ele>40.0</ele>
      <time>2019-06-07T09:21:55Z</time>
    </trkpt>
    <trkpt lat="50.9567007" lon="6.9744520">
      <ele>39.6</ele>
      <time>2019-06-07T09:21:57Z</time>
    </trkpt>
    <trkpt lat="50.9565227" lon="6.9741278">
      <ele>38.6</ele>
      <time>2019-06-07T09:22:03Z</time>
    </trkpt>
    <trkpt lat="50.9563520" lon="6.9740694">
      <ele>37.6</ele>
      <time>2019-06-07T09:22:08Z</time>
    </trkpt>
    <trkpt lat="50.9561896" lon="6.9742629">
      <ele>36.8</ele>
      <time>2019-06-07T09:22:13Z</time>
    </trkpt>
    <trkpt lat="50.9561666" lon="6.9742772">
      <ele>36.8</ele>
      <time>2019-06-07T09:22:14Z</time>
    </trkpt>
    <trkpt lat="50.9560459" lon="6.9740936">
      <ele>36.6</ele>
      <time>2019-06-07T09:22:19Z</time>
    </trkpt>
    <trkpt lat="50.9557849" lon="6.9736450">
      <ele>36.0</ele>
      <time>2019-06-07T09:22:25Z</time>
    </trkpt>
    <trkpt lat="50.9556409" lon="6.9733746">
      <ele>36.0</ele>
      <time>2019-06-07T09:22:28Z</time>
    </trkpt>
    <trkpt lat="50.9552646" lon="6.9727573">
      <ele>36.6</ele>
      <time>2019-06-07T09:22:34Z</time>
    </trkpt>
    <trkpt lat="50.9550725" lon="6.9724701">
      <ele>36.8</ele>
      <time>2019-06-07T09:22:37Z</time>
    </trkpt>
    <trkpt lat="50.9548872" lon="6.9721866">
      <ele>37.2</ele>
      <time>2019-06-07T09:22:40Z</time>
    </trkpt>
    <trkpt lat="50.9548238" lon="6.9720947">
      <ele>37.2</ele>
      <time>2019-06-07T09:22:41Z</time>
    </trkpt>
    <trkpt lat="50.9547601" lon="6.9720071">
      <ele>37.4</ele>
      <time>2019-06-07T09:22:42Z</time>
    </trkpt>
    <trkpt lat="50.9545161" lon="6.9716465">
      <ele>37.8</ele>
      <time>2019-06-07T09:22:46Z</time>
    </trkpt>
    <trkpt lat="50.9542803" lon="6.9713149">
      <ele>38.4</ele>
      <time>2019-06-07T09:22:50Z</time>
    </trkpt>
    <trkpt lat="50.9541656" lon="6.9711575">
      <ele>38.8</ele>
      <time>2019-06-07T09:22:52Z</time>
    </trkpt>
    <trkpt lat="50.9537377" lon="6.9705752">
      <ele>39.8</ele>
      <time>2019-06-07T09:23:00Z</time>
    </trkpt>
    <trkpt lat="50.9535767" lon="6.9703643">
      <ele>40.4</ele>
      <time>2019-06-07T09:23:03Z</time>
    </trkpt>
    <trkpt lat="50.9534173" lon="6.9701546">
      <ele>40.8</ele>
      <time>2019-06-07T09:23:06Z</time>
    </trkpt>
    <trkpt lat="50.9533115" lon="6.9700174">
      <ele>40.8</ele>
      <time>2019-06-07T09:23:08Z</time>
    </trkpt>
    <trkpt lat="50.9532579" lon="6.9699492">
      <ele>41.0</ele>
      <time>2019-06-07T09:23:09Z</time>
    </trkpt>
    <trkpt lat="50.9531490" lon="6.9698133">
      <ele>41.2</ele>
      <time>2019-06-07T09:23:11Z</time>
    </trkpt>
    <trkpt lat="50.9527147" lon="6.9693014">
      <ele>41.8</ele>
      <time>2019-06-07T09:23:19Z</time>
    </trkpt>
    <trkpt lat="50.9524348" lon="6.9689661">
      <ele>42.2</ele>
      <time>2019-06-07T09:23:24Z</time>
    </trkpt>
    <trkpt lat="50.9521133" lon="6.9686039">
      <ele>42.4</ele>
      <time>2019-06-07T09:23:30Z</time>
    </trkpt>
    <trkpt lat="50.9516315" lon="6.9680593">
      <ele>43.2</ele>
      <time>2019-06-07T09:23:39Z</time>
    </trkpt>
    <trkpt lat="50.9511744" lon="6.9675910">
      <ele>43.0</ele>
      <time>2019-06-07T09:23:47Z</time>
    </trkpt>
    <trkpt lat="50.9507068" lon="6.9671395">
      <ele>43.0</ele>
      <time>2019-06-07T09:23:55Z</time>
    </trkpt>
    <trkpt lat="50.9502352" lon="6.9666870">
      <ele>42.8</ele>
      <time>2019-06-07T09:24:03Z</time>
    </trkpt>
    <trkpt lat="50.9497433" lon="6.9662504">
      <ele>42.4</ele>
      <time>2019-06-07T09:24:11Z</time>
    </trkpt>
    <trkpt lat="50.9492394" lon="6.9658402">
      <ele>42.0</ele>
      <time>2019-06-07T09:24:19Z</time>
    </trkpt>
    <trkpt lat="50.9487292" lon="6.9654707">
      <ele>41.2</ele>
      <time>2019-06-07T09:24:27Z</time>
    </trkpt>
    <trkpt lat="50.9485437" lon="6.9653257">
      <ele>40.8</ele>
      <time>2019-06-07T09:24:30Z</time>
    </trkpt>
    <trkpt lat="50.9480463" lon="6.9649615">
      <ele>40.6</ele>
      <time>2019-06-07T09:24:38Z</time>
    </trkpt>
    <trkpt lat="50.9475973" lon="6.9646666">
      <ele>40.4</ele>
      <time>2019-06-07T09:24:45Z</time>
    </trkpt>
    <trkpt lat="50.9470410" lon="6.9643260">
      <ele>40.2</ele>
      <time>2019-06-07T09:24:53Z</time>
    </trkpt>
    <trkpt lat="50.9464667" lon="6.9640095">
      <ele>40.6</ele>
      <time>2019-06-07T09:25:01Z</time>
    </trkpt>
    <trkpt lat="50.9461059" lon="6.9638194">
      <ele>41.0</ele>
      <time>2019-06-07T09:25:06Z</time>
    </trkpt>
    <trkpt lat="50.9456002" lon="6.9635959">
      <ele>41.2</ele>
      <time>2019-06-07T09:25:13Z</time>
    </trkpt>
    <trkpt lat="50.9454452" lon="6.9635372">
      <ele>41.2</ele>
      <time>2019-06-07T09:25:15Z</time>
    </trkpt>
    <trkpt lat="50.9449555" lon="6.9634018">
      <ele>41.6</ele>
      <time>2019-06-07T09:25:21Z</time>
    </trkpt>
    <trkpt lat="50.9445669" lon="6.9632670">
      <ele>41.0</ele>
      <time>2019-06-07T09:25:26Z</time>
    </trkpt>
    <trkpt lat="50.9440385" lon="6.9630894">
      <ele>40.4</ele>
      <time>2019-06-07T09:25:33Z</time>
    </trkpt>
    <trkpt lat="50.9435132" lon="6.9629633">
      <ele>40.2</ele>
      <time>2019-06-07T09:25:40Z</time>
    </trkpt>
    <trkpt lat="50.9432483" lon="6.9629371">
      <ele>40.2</ele>
      <time>2019-06-07T09:25:44Z</time>
    </trkpt>
    <trkpt lat="50.9431889" lon="6.9629310">
      <ele>40.4</ele>
      <time>2019-06-07T09:25:45Z</time>
    </trkpt>
    <trkpt lat="50.9426728" lon="6.9628534">
      <ele>39.8</ele>
      <time>2019-06-07T09:25:54Z</time>
    </trkpt>
    <trkpt lat="50.9422176" lon="6.9627749">
      <ele>38.8</ele>
      <time>2019-06-07T09:26:07Z</time>
    </trkpt>
    <trkpt lat="50.9422201" lon="6.9627786">
      <ele>39.0</ele>
      <time>2019-06-07T09:26:08Z</time>
    </trkpt>
    <trkpt lat="50.9422237" lon="6.9627728">
      <ele>39.0</ele>
      <time>2019-06-07T09:26:10Z</time>
    </trkpt>
    <trkpt lat="50.9422367" lon="6.9626775">
      <ele>39.0</ele>
      <time>2019-06-07T09:26:14Z</time>
    </trkpt>
    <trkpt lat="50.9421202" lon="6.9623870">
      <ele>40.6</ele>
      <time>2019-06-07T09:26:23Z</time>
    </trkpt>
    <trkpt lat="50.9421058" lon="6.9623582">
      <ele>40.6</ele>
      <time>2019-06-07T09:26:24Z</time>
    </trkpt>
    <trkpt lat="50.9419895" lon="6.9619813">
      <ele>41.4</ele>
      <time>2019-06-07T09:26:31Z</time>
    </trkpt>
    <trkpt lat="50.9419648" lon="6.9618240">
      <ele>41.2</ele>
      <time>2019-06-07T09:26:33Z</time>
    </trkpt>
    <trkpt lat="50.9419494" lon="6.9613953">
      <ele>41.0</ele>
      <time>2019-06-07T09:26:38Z</time>
    </trkpt>
    <trkpt lat="50.9419809" lon="6.9605424">
      <ele>41.6</ele>
      <time>2019-06-07T09:26:49Z</time>
    </trkpt>
    <trkpt lat="50.9419303" lon="6.9590124">
      <ele>37.0</ele>
      <time>2019-06-07T09:27:06Z</time>
    </trkpt>
    <trkpt lat="50.9420251" lon="6.9588525">
      <ele>35.8</ele>
      <time>2019-06-07T09:27:09Z</time>
    </trkpt>
    <trkpt lat="50.9420662" lon="6.9587155">
      <ele>42.0</ele>
      <time>2019-06-07T09:27:11Z</time>
    </trkpt>
    <trkpt lat="50.9420711" lon="6.9585346">
      <ele>45.6</ele>
      <time>2019-06-07T09:27:13Z</time>
    </trkpt>
    <trkpt lat="50.9420513" lon="6.9582683">
      <ele>47.2</ele>
      <time>2019-06-07T09:27:16Z</time>
    </trkpt>
    <trkpt lat="50.9421268" lon="6.9575701">
      <ele>43.8</ele>
      <time>2019-06-07T09:27:24Z</time>
    </trkpt>
    <trkpt lat="50.9420087" lon="6.9574802">
      <ele>48.4</ele>
      <time>2019-06-07T09:27:26Z</time>
    </trkpt>
    <trkpt lat="50.9419684" lon="6.9574240">
      <ele>48.2</ele>
      <time>2019-06-07T09:27:28Z</time>
    </trkpt>
    <trkpt lat="50.9419119" lon="6.9570179">
      <ele>45.6</ele>
      <time>2019-06-07T09:27:36Z</time>
    </trkpt>
    <trkpt lat="50.9418949" lon="6.9568965">
      <ele>45.0</ele>
      <time>2019-06-07T09:27:38Z</time>
    </trkpt>
    <trkpt lat="50.9418398" lon="6.9565832">
      <ele>43.8</ele>
      <time>2019-06-07T09:27:43Z</time>
    </trkpt>
    <trkpt lat="50.9417665" lon="6.9560251">
      <ele>45.2</ele>
      <time>2019-06-07T09:27:58Z</time>
    </trkpt>
    <trkpt lat="50.9417082" lon="6.9557603">
      <ele>45.6</ele>
      <time>2019-06-07T09:28:04Z</time>
    </trkpt>
    <trkpt lat="50.9416392" lon="6.9549585">
      <ele>44.6</ele>
      <time>2019-06-07T09:28:13Z</time>
    </trkpt>
    <trkpt lat="50.9415461" lon="6.9540970">
      <ele>45.0</ele>
      <time>2019-06-07T09:28:22Z</time>
    </trkpt>
    <trkpt lat="50.9415180" lon="6.9535441">
      <ele>45.0</ele>
      <time>2019-06-07T09:28:28Z</time>
    </trkpt>
    <trkpt lat="50.9415682" lon="6.9531394">
      <ele>48.8</ele>
      <time>2019-06-07T09:29:01Z</time>
    </trkpt>
    <trkpt lat="50.9415682" lon="6.9531394">
      <ele>48.8</ele>
      <time>2019-06-07T09:29:02Z</time>
    </trkpt>
    <trkpt lat="50.9415624" lon="6.9531268">
      <ele>48.6</ele>
      <time>2019-06-07T09:29:04Z</time>
    </trkpt>
    <trkpt lat="50.9415484" lon="6.9529623">
      <ele>49.4</ele>
      <time>2019-06-07T09:29:08Z</time>
    </trkpt>
    <trkpt lat="50.9415519" lon="6.9524527">
      <ele>50.6</ele>
      <time>2019-06-07T09:29:13Z</time>
    </trkpt>
    <trkpt lat="50.9415549" lon="6.9520231">
      <ele>50.8</ele>
      <time>2019-06-07T09:29:16Z</time>
    </trkpt>
    <trkpt lat="50.9415624" lon="6.9516874">
      <ele>51.0</ele>
      <time>2019-06-07T09:29:18Z</time>
    </trkpt>
    <trkpt lat="50.9415536" lon="6.9513362">
      <ele>51.2</ele>
      <time>2019-06-07T09:29:20Z</time>
    </trkpt>
    <trkpt lat="50.9415904" lon="6.9504210">
      <ele>51.8</ele>
      <time>2019-06-07T09:29:25Z</time>
    </trkpt>
    <trkpt lat="50.9415406" lon="6.9495529">
      <ele>52.2</ele>
      <time>2019-06-07T09:29:30Z</time>
    </trkpt>
    <trkpt lat="50.9414287" lon="6.9486588">
      <ele>52.6</ele>
      <time>2019-06-07T09:29:36Z</time>
    </trkpt>
    <trkpt lat="50.9412795" lon="6.9479549">
      <ele>53.2</ele>
      <time>2019-06-07T09:29:46Z</time>
    </trkpt>
    <trkpt lat="50.9411456" lon="6.9476318">
      <ele>53.2</ele>
      <time>2019-06-07T09:30:10Z</time>
    </trkpt>
    <trkpt lat="50.9411142" lon="6.9473233">
      <ele>53.0</ele>
      <time>2019-06-07T09:30:13Z</time>
    </trkpt>
    <trkpt lat="50.9410957" lon="6.9464718">
      <ele>52.8</ele>
      <time>2019-06-07T09:30:20Z</time>
    </trkpt>
    <trkpt lat="50.9409907" lon="6.9461017">
      <ele>52.6</ele>
      <time>2019-06-07T09:30:23Z</time>
    </trkpt>
    <trkpt lat="50.9409024" lon="6.9458586">
      <ele>52.4</ele>
      <time>2019-06-07T09:30:25Z</time>
    </trkpt>
    <trkpt lat="50.9406241" lon="6.9453331">
      <ele>51.8</ele>
      <time>2019-06-07T09:30:30Z</time>
    </trkpt>
    <trkpt lat="50.9403901" lon="6.9449118">
      <ele>51.6</ele>
      <time>2019-06-07T09:30:34Z</time>
    </trkpt>
    <trkpt lat="50.9402374" lon="6.9445902">
      <ele>51.2</ele>
      <time>2019-06-07T09:30:37Z</time>
    </trkpt>
    <trkpt lat="50.9401374" lon="6.9443551">
      <ele>50.8</ele>
      <time>2019-06-07T09:30:39Z</time>
    </trkpt>
    <trkpt lat="50.9399564" lon="6.9434294">
      <ele>50.6</ele>
      <time>2019-06-07T09:30:45Z</time>
    </trkpt>
    <trkpt lat="50.9399442" lon="6.9432555">
      <ele>50.6</ele>
      <time>2019-06-07T09:30:46Z</time>
    </trkpt>
    <trkpt lat="50.9399345" lon="6.9430840">
      <ele>50.6</ele>
      <time>2019-06-07T09:30:47Z</time>
    </trkpt>
    <trkpt lat="50.9399281" lon="6.9429145">
      <ele>50.6</ele>
      <time>2019-06-07T09:30:48Z</time>
    </trkpt>
    <trkpt lat="50.9399355" lon="6.9427522">
      <ele>50.6</ele>
      <time>2019-06-07T09:30:49Z</time>
    </trkpt>
    <trkpt lat="50.9399478" lon="6.9425855">
      <ele>50.6</ele>
      <time>2019-06-07T09:30:50Z</time>
    </trkpt>
    <trkpt lat="50.9399651" lon="6.9424198">
      <ele>50.6</ele>
      <time>2019-06-07T09:30:51Z</time>
    </trkpt>
    <trkpt lat="50.9399907" lon="6.9422484">
      <ele>50.6</ele>
      <time>2019-06-07T09:30:52Z</time>
    </trkpt>
    <trkpt lat="50.9400664" lon="6.9417205">
      <ele>50.6</ele>
      <time>2019-06-07T09:30:56Z</time>
    </trkpt>
    <trkpt lat="50.9401023" lon="6.9415802">
      <ele>50.6</ele>
      <time>2019-06-07T09:30:57Z</time>
    </trkpt>
    <trkpt lat="50.9401551" lon="6.9414399">
      <ele>50.4</ele>
      <time>2019-06-07T09:30:58Z</time>
    </trkpt>
    <trkpt lat="50.9402213" lon="6.9412983">
      <ele>50.4</ele>
      <time>2019-06-07T09:30:59Z</time>
    </trkpt>
    <trkpt lat="50.9402727" lon="6.9411721">
      <ele>50.4</ele>
      <time>2019-06-07T09:31:00Z</time>
    </trkpt>
    <trkpt lat="50.9403571" lon="6.9409119">
      <ele>50.2</ele>
      <time>2019-06-07T09:31:02Z</time>
    </trkpt>
    <trkpt lat="50.9404186" lon="6.9406598">
      <ele>50.2</ele>
      <time>2019-06-07T09:31:04Z</time>
    </trkpt>
    <trkpt lat="50.9404832" lon="6.9403848">
      <ele>50.2</ele>
      <time>2019-06-07T09:31:06Z</time>
    </trkpt>
    <trkpt lat="50.9405443" lon="6.9401108">
      <ele>49.8</ele>
      <time>2019-06-07T09:31:08Z</time>
    </trkpt>
    <trkpt lat="50.9405640" lon="6.9399650">
      <ele>50.0</ele>
      <time>2019-06-07T09:31:09Z</time>
    </trkpt>
    <trkpt lat="50.9405755" lon="6.9398205">
      <ele>50.0</ele>
      <time>2019-06-07T09:31:10Z</time>
    </trkpt>
    <trkpt lat="50.9406132" lon="6.9394050">
      <ele>50.4</ele>
      <time>2019-06-07T09:31:13Z</time>
    </trkpt>
    <trkpt lat="50.9406194" lon="6.9392791">
      <ele>50.4</ele>
      <time>2019-06-07T09:31:14Z</time>
    </trkpt>
    <trkpt lat="50.9406287" lon="6.9391562">
      <ele>50.4</ele>
      <time>2019-06-07T09:31:15Z</time>
    </trkpt>
    <trkpt lat="50.9406439" lon="6.9390373">
      <ele>50.4</ele>
      <time>2019-06-07T09:31:16Z</time>
    </trkpt>
    <trkpt lat="50.9407546" lon="6.9385579">
      <ele>50.4</ele>
      <time>2019-06-07T09:31:20Z</time>
    </trkpt>
    <trkpt lat="50.9407816" lon="6.9384378">
      <ele>50.2</ele>
      <time>2019-06-07T09:31:21Z</time>
    </trkpt>
    <trkpt lat="50.9408056" lon="6.9383207">
      <ele>50.2</ele>
      <time>2019-06-07T09:31:22Z</time>
    </trkpt>
    <trkpt lat="50.9408359" lon="6.9382043">
      <ele>50.0</ele>
      <time>2019-06-07T09:31:23Z</time>
    </trkpt>
    <trkpt lat="50.9409206" lon="6.9379738">
      <ele>49.8</ele>
      <time>2019-06-07T09:31:25Z</time>
    </trkpt>
    <trkpt lat="50.9409717" lon="6.9378665">
      <ele>49.8</ele>
      <time>2019-06-07T09:31:26Z</time>
    </trkpt>
    <trkpt lat="50.9413619" lon="6.9371180">
      <ele>49.0</ele>
      <time>2019-06-07T09:31:33Z</time>
    </trkpt>
    <trkpt lat="50.9414809" lon="6.9369072">
      <ele>48.8</ele>
      <time>2019-06-07T09:31:35Z</time>
    </trkpt>
    <trkpt lat="50.9417874" lon="6.9364006">
      <ele>48.4</ele>
      <time>2019-06-07T09:31:40Z</time>
    </trkpt>
    <trkpt lat="50.9421231" lon="6.9357218">
      <ele>48.2</ele>
      <time>2019-06-07T09:31:47Z</time>
    </trkpt>
    <trkpt lat="50.9421815" lon="6.9356544">
      <ele>48.6</ele>
      <time>2019-06-07T09:31:50Z</time>
    </trkpt>
    <trkpt lat="50.9421830" lon="6.9356531">
      <ele>48.8</ele>
      <time>2019-06-07T09:31:51Z</time>
    </trkpt>
    <trkpt lat="50.9421905" lon="6.9356561">
      <ele>49.4</ele>
      <time>2019-06-07T09:32:23Z</time>
    </trkpt>
    <trkpt lat="50.9422899" lon="6.9354787">
      <ele>49.0</ele>
      <time>2019-06-07T09:32:28Z</time>
    </trkpt>
    <trkpt lat="50.9423551" lon="6.9353663">
      <ele>49.0</ele>
      <time>2019-06-07T09:32:30Z</time>
    </trkpt>
    <trkpt lat="50.9424706" lon="6.9351658">
      <ele>49.0</ele>
      <time>2019-06-07T09:32:33Z</time>
    </trkpt>
    <trkpt lat="50.9426932" lon="6.9347686">
      <ele>48.8</ele>
      <time>2019-06-07T09:32:38Z</time>
    </trkpt>
    <trkpt lat="50.9428652" lon="6.9344145">
      <ele>48.4</ele>
      <time>2019-06-07T09:32:42Z</time>
    </trkpt>
    <trkpt lat="50.9430655" lon="6.9339669">
      <ele>48.4</ele>
      <time>2019-06-07T09:32:47Z</time>
    </trkpt>
    <trkpt lat="50.9432267" lon="6.9335518">
      <ele>48.2</ele>
      <time>2019-06-07T09:32:51Z</time>
    </trkpt>
    <trkpt lat="50.9432853" lon="6.9334671">
      <ele>48.2</ele>
      <time>2019-06-07T09:32:52Z</time>
    </trkpt>
    <trkpt lat="50.9435356" lon="6.9330934">
      <ele>48.0</ele>
      <time>2019-06-07T09:32:57Z</time>
    </trkpt>
    <trkpt lat="50.9437590" lon="6.9326346">
      <ele>47.4</ele>
      <time>2019-06-07T09:33:02Z</time>
    </trkpt>
    <trkpt lat="50.9438816" lon="6.9323513">
      <ele>47.4</ele>
      <time>2019-06-07T09:33:05Z</time>
    </trkpt>
    <trkpt lat="50.9439110" lon="6.9322549">
      <ele>47.4</ele>
      <time>2019-06-07T09:33:06Z</time>
    </trkpt>
    <trkpt lat="50.9439656" lon="6.9320558">
      <ele>47.2</ele>
      <time>2019-06-07T09:33:08Z</time>
    </trkpt>
    <trkpt lat="50.9440437" lon="6.9318767">
      <ele>47.2</ele>
      <time>2019-06-07T09:33:10Z</time>
    </trkpt>
    <trkpt lat="50.9442158" lon="6.9316185">
      <ele>46.6</ele>
      <time>2019-06-07T09:33:13Z</time>
    </trkpt>
    <trkpt lat="50.9443337" lon="6.9312770">
      <ele>46.2</ele>
      <time>2019-06-07T09:33:16Z</time>
    </trkpt>
    <trkpt lat="50.9443996" lon="6.9310473">
      <ele>46.2</ele>
      <time>2019-06-07T09:33:18Z</time>
    </trkpt>
    <trkpt lat="50.9444263" lon="6.9309293">
      <ele>46.2</ele>
      <time>2019-06-07T09:33:19Z</time>
    </trkpt>
    <trkpt lat="50.9446507" lon="6.9301128">
      <ele>45.8</ele>
      <time>2019-06-07T09:33:26Z</time>
    </trkpt>
    <trkpt lat="50.9447797" lon="6.9296847">
      <ele>45.6</ele>
      <time>2019-06-07T09:33:30Z</time>
    </trkpt>
    <trkpt lat="50.9448849" lon="6.9292349">
      <ele>45.2</ele>
      <time>2019-06-07T09:33:34Z</time>
    </trkpt>
    <trkpt lat="50.9449936" lon="6.9289343">
      <ele>45.0</ele>
      <time>2019-06-07T09:33:37Z</time>
    </trkpt>
    <trkpt lat="50.9450541" lon="6.9287475">
      <ele>44.4</ele>
      <time>2019-06-07T09:33:42Z</time>
    </trkpt>
    <trkpt lat="50.9450308" lon="6.9287180">
      <ele>44.2</ele>
      <time>2019-06-07T09:33:47Z</time>
    </trkpt>
    <trkpt lat="50.9450424" lon="6.9287169">
      <ele>44.6</ele>
      <time>2019-06-07T09:33:56Z</time>
    </trkpt>
    <trkpt lat="50.9450424" lon="6.9287169">
      <ele>44.6</ele>
      <time>2019-06-07T09:33:58Z</time>
    </trkpt>
    <trkpt lat="50.9450411" lon="6.9286257">
      <ele>44.6</ele>
      <time>2019-06-07T09:34:01Z</time>
    </trkpt>
    <trkpt lat="50.9450717" lon="6.9285122">
      <ele>44.6</ele>
      <time>2019-06-07T09:34:03Z</time>
    </trkpt>
    <trkpt lat="50.9451670" lon="6.9282610">
      <ele>44.8</ele>
      <time>2019-06-07T09:34:06Z</time>
    </trkpt>
    <trkpt lat="50.9452977" lon="6.9279537">
      <ele>45.0</ele>
      <time>2019-06-07T09:34:09Z</time>
    </trkpt>
    <trkpt lat="50.9455535" lon="6.9270668">
      <ele>45.0</ele>
      <time>2019-06-07T09:34:16Z</time>
    </trkpt>
    <trkpt lat="50.9456481" lon="6.9268251">
      <ele>45.0</ele>
      <time>2019-06-07T09:34:18Z</time>
    </trkpt>
    <trkpt lat="50.9459618" lon="6.9259921">
      <ele>45.0</ele>
      <time>2019-06-07T09:34:25Z</time>
    </trkpt>
    <trkpt lat="50.9461526" lon="6.9255002">
      <ele>45.0</ele>
      <time>2019-06-07T09:34:29Z</time>
    </trkpt>
    <trkpt lat="50.9464581" lon="6.9247938">
      <ele>44.8</ele>
      <time>2019-06-07T09:34:35Z</time>
    </trkpt>
    <trkpt lat="50.9465999" lon="6.9244511">
      <ele>44.8</ele>
      <time>2019-06-07T09:34:38Z</time>
    </trkpt>
    <trkpt lat="50.9466480" lon="6.9243386">
      <ele>44.8</ele>
      <time>2019-06-07T09:34:39Z</time>
    </trkpt>
    <trkpt lat="50.9466923" lon="6.9242249">
      <ele>44.6</ele>
      <time>2019-06-07T09:34:40Z</time>
    </trkpt>
    <trkpt lat="50.9467806" lon="6.9239950">
      <ele>44.6</ele>
      <time>2019-06-07T09:34:42Z</time>
    </trkpt>
    <trkpt lat="50.9469924" lon="6.9234459">
      <ele>44.4</ele>
      <time>2019-06-07T09:34:47Z</time>
    </trkpt>
    <trkpt lat="50.9471610" lon="6.9230364">
      <ele>44.6</ele>
      <time>2019-06-07T09:34:51Z</time>
    </trkpt>
    <trkpt lat="50.9472442" lon="6.9228301">
      <ele>44.6</ele>
      <time>2019-06-07T09:34:53Z</time>
    </trkpt>
    <trkpt lat="50.9475747" lon="6.9221092">
      <ele>45.0</ele>
      <time>2019-06-07T09:35:00Z</time>
    </trkpt>
    <trkpt lat="50.9478467" lon="6.9214180">
      <ele>45.6</ele>
      <time>2019-06-07T09:35:06Z</time>
    </trkpt>
    <trkpt lat="50.9481888" lon="6.9206817">
      <ele>45.0</ele>
      <time>2019-06-07T09:35:13Z</time>
    </trkpt>
    <trkpt lat="50.9483514" lon="6.9202288">
      <ele>45.0</ele>
      <time>2019-06-07T09:35:17Z</time>
    </trkpt>
    <trkpt lat="50.9484269" lon="6.9199952">
      <ele>45.0</ele>
      <time>2019-06-07T09:35:18Z</time>
    </trkpt>
    <trkpt lat="50.9485210" lon="6.9197704">
      <ele>45.2</ele>
      <time>2019-06-07T09:35:21Z</time>
    </trkpt>
    <trkpt lat="50.9486301" lon="6.9195350">
      <ele>45.2</ele>
      <time>2019-06-07T09:35:23Z</time>
    </trkpt>
    <trkpt lat="50.9486810" lon="6.9194191">
      <ele>45.2</ele>
      <time>2019-06-07T09:35:24Z</time>
    </trkpt>
    <trkpt lat="50.9487708" lon="6.9191690">
      <ele>45.2</ele>
      <time>2019-06-07T09:35:26Z</time>
    </trkpt>
    <trkpt lat="50.9491053" lon="6.9183717">
      <ele>45.4</ele>
      <time>2019-06-07T09:35:33Z</time>
    </trkpt>
    <trkpt lat="50.9492248" lon="6.9181341">
      <ele>45.4</ele>
      <time>2019-06-07T09:35:36Z</time>
    </trkpt>
    <trkpt lat="50.9493154" lon="6.9179805">
      <ele>45.8</ele>
      <time>2019-06-07T09:35:40Z</time>
    </trkpt>
    <trkpt lat="50.9494260" lon="6.9178425">
      <ele>45.8</ele>
      <time>2019-06-07T09:35:44Z</time>
    </trkpt>
    <trkpt lat="50.9496128" lon="6.9176206">
      <ele>46.4</ele>
      <time>2019-06-07T09:35:48Z</time>
    </trkpt>
    <trkpt lat="50.9499049" lon="6.9171400">
      <ele>46.2</ele>
      <time>2019-06-07T09:35:54Z</time>
    </trkpt>
    <trkpt lat="50.9501076" lon="6.9168730">
      <ele>47.4</ele>
      <time>2019-06-07T09:36:00Z</time>
    </trkpt>
    <trkpt lat="50.9501273" lon="6.9168833">
      <ele>47.8</ele>
      <time>2019-06-07T09:36:03Z</time>
    </trkpt>
    <trkpt lat="50.9501237" lon="6.9168641">
      <ele>49.0</ele>
      <time>2019-06-07T09:36:21Z</time>
    </trkpt>
    <trkpt lat="50.9501447" lon="6.9168276">
      <ele>49.0</ele>
      <time>2019-06-07T09:36:24Z</time>
    </trkpt>
    <trkpt lat="50.9502470" lon="6.9166814">
      <ele>49.6</ele>
      <time>2019-06-07T09:36:28Z</time>
    </trkpt>
    <trkpt lat="50.9503317" lon="6.9165876">
      <ele>49.6</ele>
      <time>2019-06-07T09:36:30Z</time>
    </trkpt>
    <trkpt lat="50.9505114" lon="6.9163121">
      <ele>50.0</ele>
      <time>2019-06-07T09:36:34Z</time>
    </trkpt>
    <trkpt lat="50.9507171" lon="6.9159993">
      <ele>50.0</ele>
      <time>2019-06-07T09:36:38Z</time>
    </trkpt>
    <trkpt lat="50.9510778" lon="6.9153984">
      <ele>50.2</ele>
      <time>2019-06-07T09:36:45Z</time>
    </trkpt>
    <trkpt lat="50.9514210" lon="6.9147244">
      <ele>50.4</ele>
      <time>2019-06-07T09:36:53Z</time>
    </trkpt>
    <trkpt lat="50.9515128" lon="6.9146348">
      <ele>50.6</ele>
      <time>2019-06-07T09:36:55Z</time>
    </trkpt>
    <trkpt lat="50.9518082" lon="6.9142395">
      <ele>50.4</ele>
      <time>2019-06-07T09:37:01Z</time>
    </trkpt>
    <trkpt lat="50.9521916" lon="6.9136341">
      <ele>49.6</ele>
      <time>2019-06-07T09:37:09Z</time>
    </trkpt>
    <trkpt lat="50.9524019" lon="6.9133450">
      <ele>49.2</ele>
      <time>2019-06-07T09:37:13Z</time>
    </trkpt>
    <trkpt lat="50.9528136" lon="6.9127374">
      <ele>48.6</ele>
      <time>2019-06-07T09:37:21Z</time>
    </trkpt>
    <trkpt lat="50.9531187" lon="6.9122960">
      <ele>48.4</ele>
      <time>2019-06-07T09:37:27Z</time>
    </trkpt>
    <trkpt lat="50.9535256" lon="6.9116904">
      <ele>47.8</ele>
      <time>2019-06-07T09:37:35Z</time>
    </trkpt>
    <trkpt lat="50.9539405" lon="6.9110303">
      <ele>47.2</ele>
      <time>2019-06-07T09:37:43Z</time>
    </trkpt>
    <trkpt lat="50.9542326" lon="6.9105124">
      <ele>47.0</ele>
      <time>2019-06-07T09:37:49Z</time>
    </trkpt>
    <trkpt lat="50.9544695" lon="6.9099389">
      <ele>47.0</ele>
      <time>2019-06-07T09:37:55Z</time>
    </trkpt>
    <trkpt lat="50.9546658" lon="6.9094437">
      <ele>47.4</ele>
      <time>2019-06-07T09:38:01Z</time>
    </trkpt>
    <trkpt lat="50.9549234" lon="6.9086090">
      <ele>47.6</ele>
      <time>2019-06-07T09:38:10Z</time>
    </trkpt>
    <trkpt lat="50.9550244" lon="6.9082803">
      <ele>48.0</ele>
      <time>2019-06-07T09:38:13Z</time>
    </trkpt>
    <trkpt lat="50.9551420" lon="6.9079588">
      <ele>48.2</ele>
      <time>2019-06-07T09:38:16Z</time>
    </trkpt>
    <trkpt lat="50.9554160" lon="6.9071789">
      <ele>48.4</ele>
      <time>2019-06-07T09:38:23Z</time>
    </trkpt>
    <trkpt lat="50.9555532" lon="6.9066999">
      <ele>48.8</ele>
      <time>2019-06-07T09:38:28Z</time>
    </trkpt>
    <trkpt lat="50.9556805" lon="6.9063305">
      <ele>49.0</ele>
      <time>2019-06-07T09:38:33Z</time>
    </trkpt>
    <trkpt lat="50.9557094" lon="6.9062539">
      <ele>48.8</ele>
      <time>2019-06-07T09:38:34Z</time>
    </trkpt>
    <trkpt lat="50.9560133" lon="6.9054401">
      <ele>47.2</ele>
      <time>2019-06-07T09:38:44Z</time>
    </trkpt>
    <trkpt lat="50.9562816" lon="6.9046253">
      <ele>46.8</ele>
      <time>2019-06-07T09:38:53Z</time>
    </trkpt>
    <trkpt lat="50.9565560" lon="6.9038476">
      <ele>46.2</ele>
      <time>2019-06-07T09:39:02Z</time>
    </trkpt>
    <trkpt lat="50.9566505" lon="6.9035810">
      <ele>46.2</ele>
      <time>2019-06-07T09:39:05Z</time>
    </trkpt>
    <trkpt lat="50.9566847" lon="6.9034910">
      <ele>46.0</ele>
      <time>2019-06-07T09:39:06Z</time>
    </trkpt>
    <trkpt lat="50.9569223" lon="6.9027175">
      <ele>46.0</ele>
      <time>2019-06-07T09:39:14Z</time>
    </trkpt>
    <trkpt lat="50.9571468" lon="6.9018446">
      <ele>46.2</ele>
      <time>2019-06-07T09:39:22Z</time>
    </trkpt>
    <trkpt lat="50.9571815" lon="6.9017346">
      <ele>46.0</ele>
      <time>2019-06-07T09:39:23Z</time>
    </trkpt>
    <trkpt lat="50.9572183" lon="6.9016328">
      <ele>46.0</ele>
      <time>2019-06-07T09:39:24Z</time>
    </trkpt>
    <trkpt lat="50.9572592" lon="6.9015375">
      <ele>45.8</ele>
      <time>2019-06-07T09:39:25Z</time>
    </trkpt>
    <trkpt lat="50.9573918" lon="6.9012973">
      <ele>45.6</ele>
      <time>2019-06-07T09:39:28Z</time>
    </trkpt>
    <trkpt lat="50.9576752" lon="6.9004890">
      <ele>44.8</ele>
      <time>2019-06-07T09:39:35Z</time>
    </trkpt>
    <trkpt lat="50.9580112" lon="6.8997504">
      <ele>44.0</ele>
      <time>2019-06-07T09:39:41Z</time>
    </trkpt>
    <trkpt lat="50.9583004" lon="6.8990997">
      <ele>44.0</ele>
      <time>2019-06-07T09:39:46Z</time>
    </trkpt>
    <trkpt lat="50.9583587" lon="6.8989706">
      <ele>44.0</ele>
      <time>2019-06-07T09:39:47Z</time>
    </trkpt>
    <trkpt lat="50.9585283" lon="6.8985941">
      <ele>44.0</ele>
      <time>2019-06-07T09:39:50Z</time>
    </trkpt>
    <trkpt lat="50.9586344" lon="6.8983479">
      <ele>44.2</ele>
      <time>2019-06-07T09:39:52Z</time>
    </trkpt>
    <trkpt lat="50.9586861" lon="6.8982306">
      <ele>44.2</ele>
      <time>2019-06-07T09:39:53Z</time>
    </trkpt>
    <trkpt lat="50.9587396" lon="6.8981157">
      <ele>44.2</ele>
      <time>2019-06-07T09:39:54Z</time>
    </trkpt>
    <trkpt lat="50.9587972" lon="6.8980013">
      <ele>44.2</ele>
      <time>2019-06-07T09:39:55Z</time>
    </trkpt>
    <trkpt lat="50.9588548" lon="6.8978859">
      <ele>44.2</ele>
      <time>2019-06-07T09:39:56Z</time>
    </trkpt>
    <trkpt lat="50.9591742" lon="6.8971831">
      <ele>44.6</ele>
      <time>2019-06-07T09:40:02Z</time>
    </trkpt>
    <trkpt lat="50.9593279" lon="6.8968377">
      <ele>44.6</ele>
      <time>2019-06-07T09:40:05Z</time>
    </trkpt>
    <trkpt lat="50.9596990" lon="6.8960329">
      <ele>45.6</ele>
      <time>2019-06-07T09:40:12Z</time>
    </trkpt>
    <trkpt lat="50.9598562" lon="6.8956976">
      <ele>45.6</ele>
      <time>2019-06-07T09:40:15Z</time>
    </trkpt>
    <trkpt lat="50.9601097" lon="6.8952255">
      <ele>45.0</ele>
      <time>2019-06-07T09:40:20Z</time>
    </trkpt>
    <trkpt lat="50.9603516" lon="6.8947347">
      <ele>44.8</ele>
      <time>2019-06-07T09:40:25Z</time>
    </trkpt>
    <trkpt lat="50.9604041" lon="6.8946393">
      <ele>44.6</ele>
      <time>2019-06-07T09:40:26Z</time>
    </trkpt>
    <trkpt lat="50.9604561" lon="6.8945421">
      <ele>44.6</ele>
      <time>2019-06-07T09:40:27Z</time>
    </trkpt>
    <trkpt lat="50.9605080" lon="6.8944432">
      <ele>44.6</ele>
      <time>2019-06-07T09:40:28Z</time>
    </trkpt>
    <trkpt lat="50.9607339" lon="6.8939326">
      <ele>44.6</ele>
      <time>2019-06-07T09:40:33Z</time>
    </trkpt>
    <trkpt lat="50.9607742" lon="6.8938403">
      <ele>44.6</ele>
      <time>2019-06-07T09:40:34Z</time>
    </trkpt>
    <trkpt lat="50.9608136" lon="6.8937605">
      <ele>44.6</ele>
      <time>2019-06-07T09:40:35Z</time>
    </trkpt>
    <trkpt lat="50.9608582" lon="6.8936912">
      <ele>44.6</ele>
      <time>2019-06-07T09:40:36Z</time>
    </trkpt>
    <trkpt lat="50.9609526" lon="6.8935684">
      <ele>44.6</ele>
      <time>2019-06-07T09:40:38Z</time>
    </trkpt>
    <trkpt lat="50.9610523" lon="6.8934392">
      <ele>44.6</ele>
      <time>2019-06-07T09:40:40Z</time>
    </trkpt>
    <trkpt lat="50.9613194" lon="6.8929018">
      <ele>45.0</ele>
      <time>2019-06-07T09:40:46Z</time>
    </trkpt>
    <trkpt lat="50.9614146" lon="6.8927528">
      <ele>45.2</ele>
      <time>2019-06-07T09:40:49Z</time>
    </trkpt>
    <trkpt lat="50.9614572" lon="6.8926093">
      <ele>45.2</ele>
      <time>2019-06-07T09:40:51Z</time>
    </trkpt>
    <trkpt lat="50.9614883" lon="6.8925293">
      <ele>45.4</ele>
      <time>2019-06-07T09:40:52Z</time>
    </trkpt>
    <trkpt lat="50.9618140" lon="6.8918362">
      <ele>44.8</ele>
      <time>2019-06-07T09:41:00Z</time>
    </trkpt>
    <trkpt lat="50.9619764" lon="6.8914885">
      <ele>44.0</ele>
      <time>2019-06-07T09:41:07Z</time>
    </trkpt>
    <trkpt lat="50.9623164" lon="6.8908059">
      <ele>43.0</ele>
      <time>2019-06-07T09:41:16Z</time>
    </trkpt>
    <trkpt lat="50.9625786" lon="6.8902522">
      <ele>42.8</ele>
      <time>2019-06-07T09:41:22Z</time>
    </trkpt>
    <trkpt lat="50.9628613" lon="6.8894689">
      <ele>42.6</ele>
      <time>2019-06-07T09:41:29Z</time>
    </trkpt>
    <trkpt lat="50.9629210" lon="6.8893708">
      <ele>42.6</ele>
      <time>2019-06-07T09:41:30Z</time>
    </trkpt>
    <trkpt lat="50.9632116" lon="6.8889303">
      <ele>42.0</ele>
      <time>2019-06-07T09:41:35Z</time>
    </trkpt>
    <trkpt lat="50.9635543" lon="6.8881899">
      <ele>42.0</ele>
      <time>2019-06-07T09:41:43Z</time>
    </trkpt>
    <trkpt lat="50.9635711" lon="6.8881241">
      <ele>42.2</ele>
      <time>2019-06-07T09:41:44Z</time>
    </trkpt>
    <trkpt lat="50.9635959" lon="6.8880232">
      <ele>42.6</ele>
      <time>2019-06-07T09:41:48Z</time>
    </trkpt>
    <trkpt lat="50.9635381" lon="6.8875163">
      <ele>45.6</ele>
      <time>2019-06-07T09:42:53Z</time>
    </trkpt>
    <trkpt lat="50.9635728" lon="6.8874606">
      <ele>45.6</ele>
      <time>2019-06-07T09:42:54Z</time>
    </trkpt>
    <trkpt lat="50.9636144" lon="6.8874002">
      <ele>45.6</ele>
      <time>2019-06-07T09:42:55Z</time>
    </trkpt>
    <trkpt lat="50.9636841" lon="6.8872765">
      <ele>45.8</ele>
      <time>2019-06-07T09:42:57Z</time>
    </trkpt>
    <trkpt lat="50.9640103" lon="6.8865599">
      <ele>46.4</ele>
      <time>2019-06-07T09:43:07Z</time>
    </trkpt>
    <trkpt lat="50.9643439" lon="6.8858640">
      <ele>46.8</ele>
      <time>2019-06-07T09:43:17Z</time>
    </trkpt>
    <trkpt lat="50.9646817" lon="6.8851873">
      <ele>46.6</ele>
      <time>2019-06-07T09:43:26Z</time>
    </trkpt>
    <trkpt lat="50.9647496" lon="6.8850457">
      <ele>46.6</ele>
      <time>2019-06-07T09:43:28Z</time>
    </trkpt>
    <trkpt lat="50.9650383" lon="6.8844854">
      <ele>46.2</ele>
      <time>2019-06-07T09:43:36Z</time>
    </trkpt>
    <trkpt lat="50.9651134" lon="6.8843320">
      <ele>46.0</ele>
      <time>2019-06-07T09:43:38Z</time>
    </trkpt>
    <trkpt lat="50.9654597" lon="6.8835701">
      <ele>45.4</ele>
      <time>2019-06-07T09:43:47Z</time>
    </trkpt>
    <trkpt lat="50.9658046" lon="6.8828105">
      <ele>44.4</ele>
      <time>2019-06-07T09:43:56Z</time>
    </trkpt>
    <trkpt lat="50.9661341" lon="6.8820737">
      <ele>42.8</ele>
      <time>2019-06-07T09:44:05Z</time>
    </trkpt>
    <trkpt lat="50.9661877" lon="6.8819178">
      <ele>42.6</ele>
      <time>2019-06-07T09:44:07Z</time>
    </trkpt>
    <trkpt lat="50.9662544" lon="6.8816822">
      <ele>41.8</ele>
      <time>2019-06-07T09:44:10Z</time>
    </trkpt>
    <trkpt lat="50.9662987" lon="6.8815514">
      <ele>41.2</ele>
      <time>2019-06-07T09:44:12Z</time>
    </trkpt>
    <trkpt lat="50.9663177" lon="6.8814762">
      <ele>41.0</ele>
      <time>2019-06-07T09:44:13Z</time>
    </trkpt>
    <trkpt lat="50.9663271" lon="6.8813155">
      <ele>40.6</ele>
      <time>2019-06-07T09:44:15Z</time>
    </trkpt>
    <trkpt lat="50.9662896" lon="6.8811584">
      <ele>40.6</ele>
      <time>2019-06-07T09:44:17Z</time>
    </trkpt>
    <trkpt lat="50.9661791" lon="6.8810384">
      <ele>41.2</ele>
      <time>2019-06-07T09:44:19Z</time>
    </trkpt>
    <trkpt lat="50.9656768" lon="6.8805330">
      <ele>41.2</ele>
      <time>2019-06-07T09:44:28Z</time>
    </trkpt>
    <trkpt lat="50.9651805" lon="6.8800126">
      <ele>40.8</ele>
      <time>2019-06-07T09:44:37Z</time>
    </trkpt>
    <trkpt lat="50.9648234" lon="6.8796137">
      <ele>40.6</ele>
      <time>2019-06-07T09:44:43Z</time>
    </trkpt>
    <trkpt lat="50.9643813" lon="6.8789893">
      <ele>39.4</ele>
      <time>2019-06-07T09:44:52Z</time>
    </trkpt>
    <trkpt lat="50.9642535" lon="6.8787677">
      <ele>38.6</ele>
      <time>2019-06-07T09:44:55Z</time>
    </trkpt>
    <trkpt lat="50.9641318" lon="6.8785205">
      <ele>38.0</ele>
      <time>2019-06-07T09:44:58Z</time>
    </trkpt>
    <trkpt lat="50.9637427" lon="6.8778950">
      <ele>36.4</ele>
      <time>2019-06-07T09:45:06Z</time>
    </trkpt>
    <trkpt lat="50.9634424" lon="6.8772919">
      <ele>35.2</ele>
      <time>2019-06-07T09:45:26Z</time>
    </trkpt>
    <trkpt lat="50.9634424" lon="6.8772919">
      <ele>35.2</ele>
      <time>2019-06-07T09:45:30Z</time>
    </trkpt>
    <trkpt lat="50.9624010" lon="6.8901179">
      <ele>43.6</ele>
      <time>2019-06-07T14:28:50Z</time>
    </trkpt>
    <trkpt lat="50.9619946" lon="6.8907359">
      <ele>47.2</ele>
      <time>2019-06-07T14:28:58Z</time>
    </trkpt>
    <trkpt lat="50.9618011" lon="6.8912068">
      <ele>47.6</ele>
      <time>2019-06-07T14:29:03Z</time>
    </trkpt>
    <trkpt lat="50.9616797" lon="6.8914866">
      <ele>47.6</ele>
      <time>2019-06-07T14:29:06Z</time>
    </trkpt>
    <trkpt lat="50.9614296" lon="6.8920118">
      <ele>47.4</ele>
      <time>2019-06-07T14:29:12Z</time>
    </trkpt>
    <trkpt lat="50.9613405" lon="6.8922050">
      <ele>47.2</ele>
      <time>2019-06-07T14:29:14Z</time>
    </trkpt>
    <trkpt lat="50.9612957" lon="6.8923029">
      <ele>47.4</ele>
      <time>2019-06-07T14:29:15Z</time>
    </trkpt>
    <trkpt lat="50.9612462" lon="6.8923991">
      <ele>47.2</ele>
      <time>2019-06-07T14:29:16Z</time>
    </trkpt>
    <trkpt lat="50.9611499" lon="6.8926002">
      <ele>46.8</ele>
      <time>2019-06-07T14:29:18Z</time>
    </trkpt>
    <trkpt lat="50.9611040" lon="6.8927064">
      <ele>46.6</ele>
      <time>2019-06-07T14:29:19Z</time>
    </trkpt>
    <trkpt lat="50.9610603" lon="6.8928133">
      <ele>46.4</ele>
      <time>2019-06-07T14:29:20Z</time>
    </trkpt>
    <trkpt lat="50.9610170" lon="6.8929174">
      <ele>46.4</ele>
      <time>2019-06-07T14:29:21Z</time>
    </trkpt>
    <trkpt lat="50.9609733" lon="6.8930219">
      <ele>46.2</ele>
      <time>2019-06-07T14:29:22Z</time>
    </trkpt>
    <trkpt lat="50.9609304" lon="6.8931276">
      <ele>46.2</ele>
      <time>2019-06-07T14:29:23Z</time>
    </trkpt>
    <trkpt lat="50.9608903" lon="6.8932367">
      <ele>46.0</ele>
      <time>2019-06-07T14:29:24Z</time>
    </trkpt>
    <trkpt lat="50.9608030" lon="6.8934551">
      <ele>44.6</ele>
      <time>2019-06-07T14:29:26Z</time>
    </trkpt>
    <trkpt lat="50.9607588" lon="6.8935638">
      <ele>44.0</ele>
      <time>2019-06-07T14:29:27Z</time>
    </trkpt>
    <trkpt lat="50.9606593" lon="6.8937693">
      <ele>43.0</ele>
      <time>2019-06-07T14:29:29Z</time>
    </trkpt>
    <trkpt lat="50.9606097" lon="6.8938670">
      <ele>42.6</ele>
      <time>2019-06-07T14:29:30Z</time>
    </trkpt>
    <trkpt lat="50.9605600" lon="6.8939621">
      <ele>42.0</ele>
      <time>2019-06-07T14:29:31Z</time>
    </trkpt>
    <trkpt lat="50.9605118" lon="6.8940527">
      <ele>41.8</ele>
      <time>2019-06-07T14:29:32Z</time>
    </trkpt>
    <trkpt lat="50.9604642" lon="6.8941424">
      <ele>41.4</ele>
      <time>2019-06-07T14:29:33Z</time>
    </trkpt>
    <trkpt lat="50.9604170" lon="6.8942330">
      <ele>41.2</ele>
      <time>2019-06-07T14:29:34Z</time>
    </trkpt>
    <trkpt lat="50.9602772" lon="6.8944876">
      <ele>40.8</ele>
      <time>2019-06-07T14:29:37Z</time>
    </trkpt>
    <trkpt lat="50.9599345" lon="6.8951600">
      <ele>39.6</ele>
      <time>2019-06-07T14:29:45Z</time>
    </trkpt>
    <trkpt lat="50.9598446" lon="6.8953326">
      <ele>39.2</ele>
      <time>2019-06-07T14:29:47Z</time>
    </trkpt>
    <trkpt lat="50.9597994" lon="6.8954172">
      <ele>39.2</ele>
      <time>2019-06-07T14:29:48Z</time>
    </trkpt>
    <trkpt lat="50.9595318" lon="6.8959953">
      <ele>38.8</ele>
      <time>2019-06-07T14:29:55Z</time>
    </trkpt>
    <trkpt lat="50.9593831" lon="6.8963080">
      <ele>39.0</ele>
      <time>2019-06-07T14:29:59Z</time>
    </trkpt>
    <trkpt lat="50.9593462" lon="6.8963827">
      <ele>38.8</ele>
      <time>2019-06-07T14:30:00Z</time>
    </trkpt>
    <trkpt lat="50.9592727" lon="6.8965295">
      <ele>39.0</ele>
      <time>2019-06-07T14:30:01Z</time>
    </trkpt>
    <trkpt lat="50.9592727" lon="6.8965295">
      <ele>39.0</ele>
      <time>2019-06-07T14:30:02Z</time>
    </trkpt>
    <trkpt lat="50.9592343" lon="6.8965987">
      <ele>39.0</ele>
      <time>2019-06-07T14:30:03Z</time>
    </trkpt>
    <trkpt lat="50.9591982" lon="6.8966651">
      <ele>38.8</ele>
      <time>2019-06-07T14:30:04Z</time>
    </trkpt>
    <trkpt lat="50.9590903" lon="6.8968763">
      <ele>38.4</ele>
      <time>2019-06-07T14:30:07Z</time>
    </trkpt>
    <trkpt lat="50.9589965" lon="6.8971154">
      <ele>38.8</ele>
      <time>2019-06-07T14:30:10Z</time>
    </trkpt>
    <trkpt lat="50.9589211" lon="6.8972889">
      <ele>39.0</ele>
      <time>2019-06-07T14:30:12Z</time>
    </trkpt>
    <trkpt lat="50.9588806" lon="6.8973763">
      <ele>39.2</ele>
      <time>2019-06-07T14:30:13Z</time>
    </trkpt>
    <trkpt lat="50.9588385" lon="6.8974632">
      <ele>39.6</ele>
      <time>2019-06-07T14:30:14Z</time>
    </trkpt>
    <trkpt lat="50.9587944" lon="6.8975495">
      <ele>39.6</ele>
      <time>2019-06-07T14:30:15Z</time>
    </trkpt>
    <trkpt lat="50.9587545" lon="6.8976365">
      <ele>39.6</ele>
      <time>2019-06-07T14:30:16Z</time>
    </trkpt>
    <trkpt lat="50.9586763" lon="6.8978079">
      <ele>39.6</ele>
      <time>2019-06-07T14:30:18Z</time>
    </trkpt>
    <trkpt lat="50.9586404" lon="6.8978931">
      <ele>39.6</ele>
      <time>2019-06-07T14:30:19Z</time>
    </trkpt>
    <trkpt lat="50.9584547" lon="6.8983096">
      <ele>40.6</ele>
      <time>2019-06-07T14:30:24Z</time>
    </trkpt>
    <trkpt lat="50.9583397" lon="6.8985569">
      <ele>41.0</ele>
      <time>2019-06-07T14:30:27Z</time>
    </trkpt>
    <trkpt lat="50.9580081" lon="6.8992479">
      <ele>41.2</ele>
      <time>2019-06-07T14:30:35Z</time>
    </trkpt>
    <trkpt lat="50.9577845" lon="6.8996563">
      <ele>40.8</ele>
      <time>2019-06-07T14:30:41Z</time>
    </trkpt>
    <trkpt lat="50.9576972" lon="6.8999861">
      <ele>41.0</ele>
      <time>2019-06-07T14:30:58Z</time>
    </trkpt>
    <trkpt lat="50.9576928" lon="6.8999936">
      <ele>41.0</ele>
      <time>2019-06-07T14:31:01Z</time>
    </trkpt>
    <trkpt lat="50.9576844" lon="6.9000134">
      <ele>41.0</ele>
      <time>2019-06-07T14:31:02Z</time>
    </trkpt>
    <trkpt lat="50.9574424" lon="6.9007811">
      <ele>40.8</ele>
      <time>2019-06-07T14:31:13Z</time>
    </trkpt>
    <trkpt lat="50.9572282" lon="6.9013609">
      <ele>40.8</ele>
      <time>2019-06-07T14:31:18Z</time>
    </trkpt>
    <trkpt lat="50.9570789" lon="6.9018811">
      <ele>40.2</ele>
      <time>2019-06-07T14:31:22Z</time>
    </trkpt>
    <trkpt lat="50.9568675" lon="6.9023188">
      <ele>39.6</ele>
      <time>2019-06-07T14:31:26Z</time>
    </trkpt>
    <trkpt lat="50.9568232" lon="6.9024150">
      <ele>39.4</ele>
      <time>2019-06-07T14:31:27Z</time>
    </trkpt>
    <trkpt lat="50.9567577" lon="6.9025908">
      <ele>39.2</ele>
      <time>2019-06-07T14:31:29Z</time>
    </trkpt>
    <trkpt lat="50.9567323" lon="6.9026558">
      <ele>39.2</ele>
      <time>2019-06-07T14:31:30Z</time>
    </trkpt>
    <trkpt lat="50.9567116" lon="6.9026999">
      <ele>39.2</ele>
      <time>2019-06-07T14:31:31Z</time>
    </trkpt>
    <trkpt lat="50.9566874" lon="6.9027443">
      <ele>39.0</ele>
      <time>2019-06-07T14:31:33Z</time>
    </trkpt>
    <trkpt lat="50.9566814" lon="6.9027484">
      <ele>38.8</ele>
      <time>2019-06-07T14:31:34Z</time>
    </trkpt>
    <trkpt lat="50.9566789" lon="6.9027474">
      <ele>38.6</ele>
      <time>2019-06-07T14:31:35Z</time>
    </trkpt>
    <trkpt lat="50.9566789" lon="6.9027406">
      <ele>38.4</ele>
      <time>2019-06-07T14:31:37Z</time>
    </trkpt>
    <trkpt lat="50.9566841" lon="6.9027303">
      <ele>38.8</ele>
      <time>2019-06-07T14:31:39Z</time>
    </trkpt>
    <trkpt lat="50.9566851" lon="6.9027266">
      <ele>39.0</ele>
      <time>2019-06-07T14:31:40Z</time>
    </trkpt>
    <trkpt lat="50.9566857" lon="6.9027805">
      <ele>39.2</ele>
      <time>2019-06-07T14:31:43Z</time>
    </trkpt>
    <trkpt lat="50.9566812" lon="6.9028173">
      <ele>39.2</ele>
      <time>2019-06-07T14:31:44Z</time>
    </trkpt>
    <trkpt lat="50.9566743" lon="6.9028740">
      <ele>39.2</ele>
      <time>2019-06-07T14:31:45Z</time>
    </trkpt>
    <trkpt lat="50.9566313" lon="6.9030925">
      <ele>39.0</ele>
      <time>2019-06-07T14:31:48Z</time>
    </trkpt>
    <trkpt lat="50.9565534" lon="6.9034563">
      <ele>38.4</ele>
      <time>2019-06-07T14:31:52Z</time>
    </trkpt>
    <trkpt lat="50.9562898" lon="6.9042278">
      <ele>37.8</ele>
      <time>2019-06-07T14:32:00Z</time>
    </trkpt>
    <trkpt lat="50.9561408" lon="6.9047230">
      <ele>37.6</ele>
      <time>2019-06-07T14:32:05Z</time>
    </trkpt>
    <trkpt lat="50.9559707" lon="6.9053888">
      <ele>38.0</ele>
      <time>2019-06-07T14:32:12Z</time>
    </trkpt>
    <trkpt lat="50.9559197" lon="6.9055692">
      <ele>38.0</ele>
      <time>2019-06-07T14:32:14Z</time>
    </trkpt>
    <trkpt lat="50.9558451" lon="6.9058199">
      <ele>38.0</ele>
      <time>2019-06-07T14:32:17Z</time>
    </trkpt>
    <trkpt lat="50.9555903" lon="6.9066124">
      <ele>38.4</ele>
      <time>2019-06-07T14:32:26Z</time>
    </trkpt>
    <trkpt lat="50.9553178" lon="6.9074090">
      <ele>39.0</ele>
      <time>2019-06-07T14:32:35Z</time>
    </trkpt>
    <trkpt lat="50.9550909" lon="6.9081965">
      <ele>39.6</ele>
      <time>2019-06-07T14:32:44Z</time>
    </trkpt>
    <trkpt lat="50.9550204" lon="6.9084529">
      <ele>39.8</ele>
      <time>2019-06-07T14:32:47Z</time>
    </trkpt>
    <trkpt lat="50.9549973" lon="6.9085372">
      <ele>40.0</ele>
      <time>2019-06-07T14:32:48Z</time>
    </trkpt>
    <trkpt lat="50.9549746" lon="6.9086224">
      <ele>40.0</ele>
      <time>2019-06-07T14:32:49Z</time>
    </trkpt>
    <trkpt lat="50.9549495" lon="6.9087074">
      <ele>40.2</ele>
      <time>2019-06-07T14:32:50Z</time>
    </trkpt>
    <trkpt lat="50.9549187" lon="6.9087916">
      <ele>40.2</ele>
      <time>2019-06-07T14:32:51Z</time>
    </trkpt>
    <trkpt lat="50.9546292" lon="6.9095532">
      <ele>41.8</ele>
      <time>2019-06-07T14:33:01Z</time>
    </trkpt>
    <trkpt lat="50.9544984" lon="6.9098432">
      <ele>44.4</ele>
      <time>2019-06-07T14:33:15Z</time>
    </trkpt>
    <trkpt lat="50.9545069" lon="6.9098371">
      <ele>44.4</ele>
      <time>2019-06-07T14:33:22Z</time>
    </trkpt>
    <trkpt lat="50.9544967" lon="6.9098660">
      <ele>44.2</ele>
      <time>2019-06-07T14:33:25Z</time>
    </trkpt>
    <trkpt lat="50.9542624" lon="6.9104570">
      <ele>43.8</ele>
      <time>2019-06-07T14:33:35Z</time>
    </trkpt>
    <trkpt lat="50.9538440" lon="6.9111009">
      <ele>43.6</ele>
      <time>2019-06-07T14:33:43Z</time>
    </trkpt>
    <trkpt lat="50.9536262" lon="6.9114452">
      <ele>43.2</ele>
      <time>2019-06-07T14:33:47Z</time>
    </trkpt>
    <trkpt lat="50.9535695" lon="6.9115318">
      <ele>43.2</ele>
      <time>2019-06-07T14:33:48Z</time>
    </trkpt>
    <trkpt lat="50.9535109" lon="6.9116153">
      <ele>43.4</ele>
      <time>2019-06-07T14:33:49Z</time>
    </trkpt>
    <trkpt lat="50.9534509" lon="6.9116974">
      <ele>43.2</ele>
      <time>2019-06-07T14:33:50Z</time>
    </trkpt>
    <trkpt lat="50.9533868" lon="6.9117830">
      <ele>43.0</ele>
      <time>2019-06-07T14:33:51Z</time>
    </trkpt>
    <trkpt lat="50.9531237" lon="6.9121247">
      <ele>42.6</ele>
      <time>2019-06-07T14:33:55Z</time>
    </trkpt>
    <trkpt lat="50.9528747" lon="6.9125338">
      <ele>41.8</ele>
      <time>2019-06-07T14:33:59Z</time>
    </trkpt>
    <trkpt lat="50.9524593" lon="6.9131712">
      <ele>40.4</ele>
      <time>2019-06-07T14:34:06Z</time>
    </trkpt>
    <trkpt lat="50.9522306" lon="6.9135387">
      <ele>40.0</ele>
      <time>2019-06-07T14:34:10Z</time>
    </trkpt>
    <trkpt lat="50.9521757" lon="6.9136327">
      <ele>40.0</ele>
      <time>2019-06-07T14:34:11Z</time>
    </trkpt>
    <trkpt lat="50.9521200" lon="6.9137258">
      <ele>39.4</ele>
      <time>2019-06-07T14:34:12Z</time>
    </trkpt>
    <trkpt lat="50.9520053" lon="6.9139045">
      <ele>38.6</ele>
      <time>2019-06-07T14:34:14Z</time>
    </trkpt>
    <trkpt lat="50.9519492" lon="6.9139940">
      <ele>38.2</ele>
      <time>2019-06-07T14:34:15Z</time>
    </trkpt>
    <trkpt lat="50.9516203" lon="6.9145018">
      <ele>37.8</ele>
      <time>2019-06-07T14:34:21Z</time>
    </trkpt>
    <trkpt lat="50.9515672" lon="6.9145835">
      <ele>37.8</ele>
      <time>2019-06-07T14:34:22Z</time>
    </trkpt>
    <trkpt lat="50.9515155" lon="6.9146667">
      <ele>37.6</ele>
      <time>2019-06-07T14:34:23Z</time>
    </trkpt>
    <trkpt lat="50.9512088" lon="6.9151702">
      <ele>36.2</ele>
      <time>2019-06-07T14:34:30Z</time>
    </trkpt>
    <trkpt lat="50.9511479" lon="6.9152979">
      <ele>35.8</ele>
      <time>2019-06-07T14:34:32Z</time>
    </trkpt>
    <trkpt lat="50.9510703" lon="6.9154214">
      <ele>34.0</ele>
      <time>2019-06-07T14:34:34Z</time>
    </trkpt>
    <trkpt lat="50.9510223" lon="6.9154793">
      <ele>33.8</ele>
      <time>2019-06-07T14:34:35Z</time>
    </trkpt>
    <trkpt lat="50.9509684" lon="6.9155472">
      <ele>32.6</ele>
      <time>2019-06-07T14:34:36Z</time>
    </trkpt>
    <trkpt lat="50.9509193" lon="6.9156213">
      <ele>33.4</ele>
      <time>2019-06-07T14:34:37Z</time>
    </trkpt>
    <trkpt lat="50.9508712" lon="6.9156909">
      <ele>33.0</ele>
      <time>2019-06-07T14:34:38Z</time>
    </trkpt>
    <trkpt lat="50.9507829" lon="6.9158438">
      <ele>33.2</ele>
      <time>2019-06-07T14:34:40Z</time>
    </trkpt>
    <trkpt lat="50.9506918" lon="6.9159858">
      <ele>33.0</ele>
      <time>2019-06-07T14:34:42Z</time>
    </trkpt>
    <trkpt lat="50.9505720" lon="6.9161963">
      <ele>33.8</ele>
      <time>2019-06-07T14:34:45Z</time>
    </trkpt>
    <trkpt lat="50.9503351" lon="6.9166120">
      <ele>37.2</ele>
      <time>2019-06-07T14:35:04Z</time>
    </trkpt>
    <trkpt lat="50.9503202" lon="6.9166167">
      <ele>36.8</ele>
      <time>2019-06-07T14:35:15Z</time>
    </trkpt>
    <trkpt lat="50.9502370" lon="6.9167358">
      <ele>36.6</ele>
      <time>2019-06-07T14:35:19Z</time>
    </trkpt>
    <trkpt lat="50.9500146" lon="6.9170146">
      <ele>39.8</ele>
      <time>2019-06-07T14:35:24Z</time>
    </trkpt>
    <trkpt lat="50.9499639" lon="6.9170980">
      <ele>39.4</ele>
      <time>2019-06-07T14:35:25Z</time>
    </trkpt>
    <trkpt lat="50.9497510" lon="6.9174671">
      <ele>38.8</ele>
      <time>2019-06-07T14:35:29Z</time>
    </trkpt>
    <trkpt lat="50.9494544" lon="6.9179087">
      <ele>38.8</ele>
      <time>2019-06-07T14:35:34Z</time>
    </trkpt>
    <trkpt lat="50.9492884" lon="6.9181845">
      <ele>39.6</ele>
      <time>2019-06-07T14:35:37Z</time>
    </trkpt>
    <trkpt lat="50.9490318" lon="6.9186639">
      <ele>40.4</ele>
      <time>2019-06-07T14:35:42Z</time>
    </trkpt>
    <trkpt lat="50.9486976" lon="6.9194620">
      <ele>41.2</ele>
      <time>2019-06-07T14:35:50Z</time>
    </trkpt>
    <trkpt lat="50.9485050" lon="6.9198958">
      <ele>42.6</ele>
      <time>2019-06-07T14:35:55Z</time>
    </trkpt>
    <trkpt lat="50.9484720" lon="6.9199826">
      <ele>42.8</ele>
      <time>2019-06-07T14:35:56Z</time>
    </trkpt>
    <trkpt lat="50.9484426" lon="6.9200775">
      <ele>43.2</ele>
      <time>2019-06-07T14:35:57Z</time>
    </trkpt>
    <trkpt lat="50.9484237" lon="6.9201791">
      <ele>44.4</ele>
      <time>2019-06-07T14:35:58Z</time>
    </trkpt>
    <trkpt lat="50.9484022" lon="6.9202832">
      <ele>44.8</ele>
      <time>2019-06-07T14:35:59Z</time>
    </trkpt>
    <trkpt lat="50.9483835" lon="6.9203837">
      <ele>45.6</ele>
      <time>2019-06-07T14:36:00Z</time>
    </trkpt>
    <trkpt lat="50.9483585" lon="6.9204829">
      <ele>45.6</ele>
      <time>2019-06-07T14:36:01Z</time>
    </trkpt>
    <trkpt lat="50.9482938" lon="6.9206816">
      <ele>45.4</ele>
      <time>2019-06-07T14:36:03Z</time>
    </trkpt>
    <trkpt lat="50.9480504" lon="6.9212611">
      <ele>47.8</ele>
      <time>2019-06-07T14:36:09Z</time>
    </trkpt>
    <trkpt lat="50.9480073" lon="6.9213501">
      <ele>47.4</ele>
      <time>2019-06-07T14:36:10Z</time>
    </trkpt>
    <trkpt lat="50.9479628" lon="6.9214409">
      <ele>47.2</ele>
      <time>2019-06-07T14:36:11Z</time>
    </trkpt>
    <trkpt lat="50.9479213" lon="6.9215321">
      <ele>46.8</ele>
      <time>2019-06-07T14:36:12Z</time>
    </trkpt>
    <trkpt lat="50.9477894" lon="6.9218103">
      <ele>47.4</ele>
      <time>2019-06-07T14:36:16Z</time>
    </trkpt>
    <trkpt lat="50.9477656" lon="6.9218703">
      <ele>47.4</ele>
      <time>2019-06-07T14:36:17Z</time>
    </trkpt>
    <trkpt lat="50.9477376" lon="6.9219308">
      <ele>47.6</ele>
      <time>2019-06-07T14:36:18Z</time>
    </trkpt>
    <trkpt lat="50.9477103" lon="6.9219978">
      <ele>46.2</ele>
      <time>2019-06-07T14:36:19Z</time>
    </trkpt>
    <trkpt lat="50.9476798" lon="6.9220738">
      <ele>44.2</ele>
      <time>2019-06-07T14:36:20Z</time>
    </trkpt>
    <trkpt lat="50.9476033" lon="6.9222489">
      <ele>42.6</ele>
      <time>2019-06-07T14:36:22Z</time>
    </trkpt>
    <trkpt lat="50.9475591" lon="6.9223439">
      <ele>42.2</ele>
      <time>2019-06-07T14:36:23Z</time>
    </trkpt>
    <trkpt lat="50.9475134" lon="6.9224464">
      <ele>41.8</ele>
      <time>2019-06-07T14:36:24Z</time>
    </trkpt>
    <trkpt lat="50.9473629" lon="6.9227747">
      <ele>41.2</ele>
      <time>2019-06-07T14:36:27Z</time>
    </trkpt>
    <trkpt lat="50.9472084" lon="6.9231147">
      <ele>41.4</ele>
      <time>2019-06-07T14:36:30Z</time>
    </trkpt>
    <trkpt lat="50.9468871" lon="6.9238932">
      <ele>42.4</ele>
      <time>2019-06-07T14:36:37Z</time>
    </trkpt>
    <trkpt lat="50.9467995" lon="6.9241203">
      <ele>43.0</ele>
      <time>2019-06-07T14:36:39Z</time>
    </trkpt>
    <trkpt lat="50.9467549" lon="6.9242351">
      <ele>43.0</ele>
      <time>2019-06-07T14:36:40Z</time>
    </trkpt>
    <trkpt lat="50.9466130" lon="6.9245699">
      <ele>43.0</ele>
      <time>2019-06-07T14:36:43Z</time>
    </trkpt>
    <trkpt lat="50.9462659" lon="6.9253417">
      <ele>41.2</ele>
      <time>2019-06-07T14:36:50Z</time>
    </trkpt>
    <trkpt lat="50.9459351" lon="6.9260890">
      <ele>40.6</ele>
      <time>2019-06-07T14:36:57Z</time>
    </trkpt>
    <trkpt lat="50.9456116" lon="6.9268206">
      <ele>42.6</ele>
      <time>2019-06-07T14:37:04Z</time>
    </trkpt>
    <trkpt lat="50.9453019" lon="6.9275879">
      <ele>41.0</ele>
      <time>2019-06-07T14:37:11Z</time>
    </trkpt>
    <trkpt lat="50.9451175" lon="6.9282066">
      <ele>43.2</ele>
      <time>2019-06-07T14:37:26Z</time>
    </trkpt>
    <trkpt lat="50.9451219" lon="6.9281904">
      <ele>43.4</ele>
      <time>2019-06-07T14:37:30Z</time>
    </trkpt>
    <trkpt lat="50.9451237" lon="6.9281556">
      <ele>46.4</ele>
      <time>2019-06-07T14:37:41Z</time>
    </trkpt>
    <trkpt lat="50.9450906" lon="6.9282336">
      <ele>47.0</ele>
      <time>2019-06-07T14:37:57Z</time>
    </trkpt>
    <trkpt lat="50.9450443" lon="6.9283259">
      <ele>47.0</ele>
      <time>2019-06-07T14:37:59Z</time>
    </trkpt>
    <trkpt lat="50.9449730" lon="6.9284245">
      <ele>47.0</ele>
      <time>2019-06-07T14:38:01Z</time>
    </trkpt>
    <trkpt lat="50.9446694" lon="6.9291404">
      <ele>47.4</ele>
      <time>2019-06-07T14:38:10Z</time>
    </trkpt>
    <trkpt lat="50.9444883" lon="6.9298307">
      <ele>46.8</ele>
      <time>2019-06-07T14:38:17Z</time>
    </trkpt>
    <trkpt lat="50.9444555" lon="6.9299218">
      <ele>46.2</ele>
      <time>2019-06-07T14:38:18Z</time>
    </trkpt>
    <trkpt lat="50.9443653" lon="6.9301960">
      <ele>46.0</ele>
      <time>2019-06-07T14:38:21Z</time>
    </trkpt>
    <trkpt lat="50.9443417" lon="6.9302823">
      <ele>46.0</ele>
      <time>2019-06-07T14:38:22Z</time>
    </trkpt>
    <trkpt lat="50.9443134" lon="6.9303684">
      <ele>46.2</ele>
      <time>2019-06-07T14:38:23Z</time>
    </trkpt>
    <trkpt lat="50.9442819" lon="6.9304534">
      <ele>47.0</ele>
      <time>2019-06-07T14:38:24Z</time>
    </trkpt>
    <trkpt lat="50.9442513" lon="6.9305423">
      <ele>47.0</ele>
      <time>2019-06-07T14:38:25Z</time>
    </trkpt>
    <trkpt lat="50.9440774" lon="6.9310824">
      <ele>44.4</ele>
      <time>2019-06-07T14:38:31Z</time>
    </trkpt>
    <trkpt lat="50.9438579" lon="6.9318541">
      <ele>40.2</ele>
      <time>2019-06-07T14:38:39Z</time>
    </trkpt>
    <trkpt lat="50.9438394" lon="6.9320760">
      <ele>40.0</ele>
      <time>2019-06-07T14:38:41Z</time>
    </trkpt>
    <trkpt lat="50.9437734" lon="6.9324052">
      <ele>39.4</ele>
      <time>2019-06-07T14:38:44Z</time>
    </trkpt>
    <trkpt lat="50.9435842" lon="6.9329746">
      <ele>41.2</ele>
      <time>2019-06-07T14:38:50Z</time>
    </trkpt>
    <trkpt lat="50.9434911" lon="6.9331395">
      <ele>42.0</ele>
      <time>2019-06-07T14:38:52Z</time>
    </trkpt>
    <trkpt lat="50.9433530" lon="6.9333572">
      <ele>43.2</ele>
      <time>2019-06-07T14:38:55Z</time>
    </trkpt>
    <trkpt lat="50.9429712" lon="6.9340622">
      <ele>44.4</ele>
      <time>2019-06-07T14:39:04Z</time>
    </trkpt>
    <trkpt lat="50.9426892" lon="6.9348476">
      <ele>38.4</ele>
      <time>2019-06-07T14:39:12Z</time>
    </trkpt>
    <trkpt lat="50.9423275" lon="6.9355348">
      <ele>34.2</ele>
      <time>2019-06-07T14:39:20Z</time>
    </trkpt>
    <trkpt lat="50.9421349" lon="6.9359667">
      <ele>37.8</ele>
      <time>2019-06-07T14:39:25Z</time>
    </trkpt>
    <trkpt lat="50.9419502" lon="6.9362757">
      <ele>37.2</ele>
      <time>2019-06-07T14:39:29Z</time>
    </trkpt>
    <trkpt lat="50.9416015" lon="6.9369983">
      <ele>45.2</ele>
      <time>2019-06-07T14:39:38Z</time>
    </trkpt>
    <trkpt lat="50.9414832" lon="6.9372340">
      <ele>47.0</ele>
      <time>2019-06-07T14:39:41Z</time>
    </trkpt>
    <trkpt lat="50.9413054" lon="6.9376094">
      <ele>50.8</ele>
      <time>2019-06-07T14:39:46Z</time>
    </trkpt>
    <trkpt lat="50.9410635" lon="6.9379689">
      <ele>53.8</ele>
      <time>2019-06-07T14:39:52Z</time>
    </trkpt>
    <trkpt lat="50.9409441" lon="6.9379744">
      <ele>47.4</ele>
      <time>2019-06-07T14:40:12Z</time>
    </trkpt>
    <trkpt lat="50.9409204" lon="6.9380324">
      <ele>47.0</ele>
      <time>2019-06-07T14:40:16Z</time>
    </trkpt>
    <trkpt lat="50.9407390" lon="6.9386627">
      <ele>47.4</ele>
      <time>2019-06-07T14:40:26Z</time>
    </trkpt>
    <trkpt lat="50.9406253" lon="6.9391691">
      <ele>49.4</ele>
      <time>2019-06-07T14:40:32Z</time>
    </trkpt>
    <trkpt lat="50.9406548" lon="6.9399604">
      <ele>62.0</ele>
      <time>2019-06-07T14:40:54Z</time>
    </trkpt>
    <trkpt lat="50.9406061" lon="6.9404903">
      <ele>63.4</ele>
      <time>2019-06-07T14:41:00Z</time>
    </trkpt>
    <trkpt lat="50.9404427" lon="6.9414137">
      <ele>69.8</ele>
      <time>2019-06-07T14:41:08Z</time>
    </trkpt>
    <trkpt lat="50.9403003" lon="6.9421111">
      <ele>71.8</ele>
      <time>2019-06-07T14:41:14Z</time>
    </trkpt>
    <trkpt lat="50.9402804" lon="6.9425120">
      <ele>68.6</ele>
      <time>2019-06-07T14:41:18Z</time>
    </trkpt>
    <trkpt lat="50.9402682" lon="6.9426244">
      <ele>67.6</ele>
      <time>2019-06-07T14:41:19Z</time>
    </trkpt>
    <trkpt lat="50.9402629" lon="6.9427369">
      <ele>66.4</ele>
      <time>2019-06-07T14:41:20Z</time>
    </trkpt>
    <trkpt lat="50.9402321" lon="6.9430596">
      <ele>65.8</ele>
      <time>2019-06-07T14:41:23Z</time>
    </trkpt>
    <trkpt lat="50.9402872" lon="6.9439197">
      <ele>68.6</ele>
      <time>2019-06-07T14:41:31Z</time>
    </trkpt>
    <trkpt lat="50.9403155" lon="6.9444540">
      <ele>64.4</ele>
      <time>2019-06-07T14:41:36Z</time>
    </trkpt>
    <trkpt lat="50.9403362" lon="6.9445638">
      <ele>64.0</ele>
      <time>2019-06-07T14:41:37Z</time>
    </trkpt>
    <trkpt lat="50.9403570" lon="6.9446702">
      <ele>63.4</ele>
      <time>2019-06-07T14:41:38Z</time>
    </trkpt>
    <trkpt lat="50.9404555" lon="6.9451544">
      <ele>60.4</ele>
      <time>2019-06-07T14:41:43Z</time>
    </trkpt>
    <trkpt lat="50.9406574" lon="6.9456273">
      <ele>57.8</ele>
      <time>2019-06-07T14:41:49Z</time>
    </trkpt>
    <trkpt lat="50.9408225" lon="6.9459635">
      <ele>60.0</ele>
      <time>2019-06-07T14:41:53Z</time>
    </trkpt>
    <trkpt lat="50.9409603" lon="6.9463076">
      <ele>58.4</ele>
      <time>2019-06-07T14:41:57Z</time>
    </trkpt>
    <trkpt lat="50.9410771" lon="6.9466394">
      <ele>57.6</ele>
      <time>2019-06-07T14:42:01Z</time>
    </trkpt>
    <trkpt lat="50.9411414" lon="6.9471841">
      <ele>58.6</ele>
      <time>2019-06-07T14:42:07Z</time>
    </trkpt>
    <trkpt lat="50.9411510" lon="6.9472648">
      <ele>59.0</ele>
      <time>2019-06-07T14:42:08Z</time>
    </trkpt>
    <trkpt lat="50.9411650" lon="6.9473435">
      <ele>59.4</ele>
      <time>2019-06-07T14:42:09Z</time>
    </trkpt>
    <trkpt lat="50.9411987" lon="6.9476805">
      <ele>59.8</ele>
      <time>2019-06-07T14:42:14Z</time>
    </trkpt>
    <trkpt lat="50.9412237" lon="6.9477771">
      <ele>60.6</ele>
      <time>2019-06-07T14:42:18Z</time>
    </trkpt>
    <trkpt lat="50.9411907" lon="6.9477334">
      <ele>59.6</ele>
      <time>2019-06-07T14:42:25Z</time>
    </trkpt>
    <trkpt lat="50.9411592" lon="6.9477284">
      <ele>59.2</ele>
      <time>2019-06-07T14:42:52Z</time>
    </trkpt>
    <trkpt lat="50.9411443" lon="6.9477229">
      <ele>59.0</ele>
      <time>2019-06-07T14:43:01Z</time>
    </trkpt>
    <trkpt lat="50.9411421" lon="6.9477254">
      <ele>58.8</ele>
      <time>2019-06-07T14:43:06Z</time>
    </trkpt>
    <trkpt lat="50.9411422" lon="6.9477258">
      <ele>58.8</ele>
      <time>2019-06-07T14:43:07Z</time>
    </trkpt>
    <trkpt lat="50.9411422" lon="6.9477259">
      <ele>58.8</ele>
      <time>2019-06-07T14:43:08Z</time>
    </trkpt>
    <trkpt lat="50.9411423" lon="6.9477268">
      <ele>58.8</ele>
      <time>2019-06-07T14:43:10Z</time>
    </trkpt>
    <trkpt lat="50.9411353" lon="6.9477837">
      <ele>58.8</ele>
      <time>2019-06-07T14:43:13Z</time>
    </trkpt>
    <trkpt lat="50.9411222" lon="6.9479963">
      <ele>59.0</ele>
      <time>2019-06-07T14:43:17Z</time>
    </trkpt>
    <trkpt lat="50.9411357" lon="6.9483412">
      <ele>58.6</ele>
      <time>2019-06-07T14:43:21Z</time>
    </trkpt>
    <trkpt lat="50.9411451" lon="6.9485554">
      <ele>58.8</ele>
      <time>2019-06-07T14:43:23Z</time>
    </trkpt>
    <trkpt lat="50.9411588" lon="6.9489165">
      <ele>58.6</ele>
      <time>2019-06-07T14:43:26Z</time>
    </trkpt>
    <trkpt lat="50.9411680" lon="6.9490448">
      <ele>58.6</ele>
      <time>2019-06-07T14:43:27Z</time>
    </trkpt>
    <trkpt lat="50.9411770" lon="6.9491764">
      <ele>58.8</ele>
      <time>2019-06-07T14:43:28Z</time>
    </trkpt>
    <trkpt lat="50.9411869" lon="6.9493096">
      <ele>58.8</ele>
      <time>2019-06-07T14:43:29Z</time>
    </trkpt>
    <trkpt lat="50.9412702" lon="6.9502985">
      <ele>58.0</ele>
      <time>2019-06-07T14:43:36Z</time>
    </trkpt>
    <trkpt lat="50.9412944" lon="6.9507528">
      <ele>57.4</ele>
      <time>2019-06-07T14:43:39Z</time>
    </trkpt>
    <trkpt lat="50.9412995" lon="6.9509036">
      <ele>57.4</ele>
      <time>2019-06-07T14:43:40Z</time>
    </trkpt>
    <trkpt lat="50.9413065" lon="6.9510531">
      <ele>57.2</ele>
      <time>2019-06-07T14:43:41Z</time>
    </trkpt>
    <trkpt lat="50.9413267" lon="6.9516595">
      <ele>56.8</ele>
      <time>2019-06-07T14:43:45Z</time>
    </trkpt>
    <trkpt lat="50.9413348" lon="6.9518115">
      <ele>56.6</ele>
      <time>2019-06-07T14:43:46Z</time>
    </trkpt>
    <trkpt lat="50.9413879" lon="6.9525302">
      <ele>56.2</ele>
      <time>2019-06-07T14:43:52Z</time>
    </trkpt>
    <trkpt lat="50.9413998" lon="6.9525746">
      <ele>56.2</ele>
      <time>2019-06-07T14:43:53Z</time>
    </trkpt>
    <trkpt lat="50.9414120" lon="6.9525998">
      <ele>56.4</ele>
      <time>2019-06-07T14:43:54Z</time>
    </trkpt>
    <trkpt lat="50.9414184" lon="6.9526032">
      <ele>56.8</ele>
      <time>2019-06-07T14:43:55Z</time>
    </trkpt>
    <trkpt lat="50.9414217" lon="6.9525928">
      <ele>57.0</ele>
      <time>2019-06-07T14:43:56Z</time>
    </trkpt>
    <trkpt lat="50.9414337" lon="6.9525896">
      <ele>57.2</ele>
      <time>2019-06-07T14:43:57Z</time>
    </trkpt>
    <trkpt lat="50.9414355" lon="6.9525814">
      <ele>57.6</ele>
      <time>2019-06-07T14:43:58Z</time>
    </trkpt>
    <trkpt lat="50.9414316" lon="6.9525699">
      <ele>57.8</ele>
      <time>2019-06-07T14:43:59Z</time>
    </trkpt>
    <trkpt lat="50.9414357" lon="6.9525609">
      <ele>58.0</ele>
      <time>2019-06-07T14:44:00Z</time>
    </trkpt>
    <trkpt lat="50.9414351" lon="6.9525598">
      <ele>58.0</ele>
      <time>2019-06-07T14:44:02Z</time>
    </trkpt>
    <trkpt lat="50.9414351" lon="6.9525598">
      <ele>58.0</ele>
      <time>2019-06-07T14:44:03Z</time>
    </trkpt>
    <trkpt lat="50.9414351" lon="6.9525598">
      <ele>58.0</ele>
      <time>2019-06-07T14:44:04Z</time>
    </trkpt>
    <trkpt lat="50.9414351" lon="6.9525598">
      <ele>58.0</ele>
      <time>2019-06-07T14:44:12Z</time>
    </trkpt>
    <trkpt lat="50.9414351" lon="6.9525598">
      <ele>58.0</ele>
      <time>2019-06-07T14:44:15Z</time>
    </trkpt>
    <trkpt lat="50.9414351" lon="6.9525598">
      <ele>58.0</ele>
      <time>2019-06-07T14:44:18Z</time>
    </trkpt>
    <trkpt lat="50.9414351" lon="6.9525598">
      <ele>58.0</ele>
      <time>2019-06-07T14:44:21Z</time>
    </trkpt>
    <trkpt lat="50.9414351" lon="6.9525598">
      <ele>58.0</ele>
      <time>2019-06-07T14:44:24Z</time>
    </trkpt>
    <trkpt lat="50.9414351" lon="6.9525598">
      <ele>58.0</ele>
      <time>2019-06-07T14:44:29Z</time>
    </trkpt>
    <trkpt lat="50.9414351" lon="6.9525598">
      <ele>58.0</ele>
      <time>2019-06-07T14:44:31Z</time>
    </trkpt>
    <trkpt lat="50.9414402" lon="6.9526305">
      <ele>57.8</ele>
      <time>2019-06-07T14:44:35Z</time>
    </trkpt>
    <trkpt lat="50.9414823" lon="6.9528557">
      <ele>57.8</ele>
      <time>2019-06-07T14:44:39Z</time>
    </trkpt>
    <trkpt lat="50.9414976" lon="6.9529263">
      <ele>57.8</ele>
      <time>2019-06-07T14:44:40Z</time>
    </trkpt>
    <trkpt lat="50.9415148" lon="6.9530067">
      <ele>57.8</ele>
      <time>2019-06-07T14:44:41Z</time>
    </trkpt>
    <trkpt lat="50.9415295" lon="6.9531054">
      <ele>57.6</ele>
      <time>2019-06-07T14:44:42Z</time>
    </trkpt>
    <trkpt lat="50.9415384" lon="6.9532088">
      <ele>57.6</ele>
      <time>2019-06-07T14:44:43Z</time>
    </trkpt>
    <trkpt lat="50.9415448" lon="6.9533222">
      <ele>57.6</ele>
      <time>2019-06-07T14:44:44Z</time>
    </trkpt>
    <trkpt lat="50.9416236" lon="6.9541313">
      <ele>57.4</ele>
      <time>2019-06-07T14:44:50Z</time>
    </trkpt>
    <trkpt lat="50.9416392" lon="6.9542856">
      <ele>57.4</ele>
      <time>2019-06-07T14:44:51Z</time>
    </trkpt>
    <trkpt lat="50.9416981" lon="6.9549104">
      <ele>57.2</ele>
      <time>2019-06-07T14:44:55Z</time>
    </trkpt>
    <trkpt lat="50.9417138" lon="6.9550606">
      <ele>57.0</ele>
      <time>2019-06-07T14:44:56Z</time>
    </trkpt>
    <trkpt lat="50.9417397" lon="6.9553455">
      <ele>57.0</ele>
      <time>2019-06-07T14:44:58Z</time>
    </trkpt>
    <trkpt lat="50.9417536" lon="6.9554815">
      <ele>56.8</ele>
      <time>2019-06-07T14:44:59Z</time>
    </trkpt>
    <trkpt lat="50.9417613" lon="6.9556130">
      <ele>56.8</ele>
      <time>2019-06-07T14:45:00Z</time>
    </trkpt>
    <trkpt lat="50.9417711" lon="6.9557449">
      <ele>56.6</ele>
      <time>2019-06-07T14:45:01Z</time>
    </trkpt>
    <trkpt lat="50.9417756" lon="6.9558715">
      <ele>56.4</ele>
      <time>2019-06-07T14:45:02Z</time>
    </trkpt>
    <trkpt lat="50.9417782" lon="6.9559932">
      <ele>56.6</ele>
      <time>2019-06-07T14:45:03Z</time>
    </trkpt>
    <trkpt lat="50.9417879" lon="6.9562948">
      <ele>56.4</ele>
      <time>2019-06-07T14:45:08Z</time>
    </trkpt>
    <trkpt lat="50.9417648" lon="6.9563228">
      <ele>56.2</ele>
      <time>2019-06-07T14:45:09Z</time>
    </trkpt>
    <trkpt lat="50.9416620" lon="6.9563279">
      <ele>55.8</ele>
      <time>2019-06-07T14:45:11Z</time>
    </trkpt>
    <trkpt lat="50.9415528" lon="6.9563263">
      <ele>55.6</ele>
      <time>2019-06-07T14:45:13Z</time>
    </trkpt>
    <trkpt lat="50.9414993" lon="6.9563358">
      <ele>55.6</ele>
      <time>2019-06-07T14:45:14Z</time>
    </trkpt>
    <trkpt lat="50.9414012" lon="6.9563491">
      <ele>55.2</ele>
      <time>2019-06-07T14:45:16Z</time>
    </trkpt>
    <trkpt lat="50.9413141" lon="6.9563206">
      <ele>55.0</ele>
      <time>2019-06-07T14:45:18Z</time>
    </trkpt>
    <trkpt lat="50.9412494" lon="6.9562635">
      <ele>55.0</ele>
      <time>2019-06-07T14:45:20Z</time>
    </trkpt>
    <trkpt lat="50.9412288" lon="6.9562366">
      <ele>55.0</ele>
      <time>2019-06-07T14:45:21Z</time>
    </trkpt>
    <trkpt lat="50.9410894" lon="6.9561691">
      <ele>54.6</ele>
      <time>2019-06-07T14:45:26Z</time>
    </trkpt>
    <trkpt lat="50.9410080" lon="6.9561441">
      <ele>54.4</ele>
      <time>2019-06-07T14:45:29Z</time>
    </trkpt>
    <trkpt lat="50.9408981" lon="6.9561186">
      <ele>53.8</ele>
      <time>2019-06-07T14:45:33Z</time>
    </trkpt>
    <trkpt lat="50.9408657" lon="6.9560912">
      <ele>53.6</ele>
      <time>2019-06-07T14:45:35Z</time>
    </trkpt>
    <trkpt lat="50.9408235" lon="6.9561771">
      <ele>53.0</ele>
      <time>2019-06-07T14:45:41Z</time>
    </trkpt>
    <trkpt lat="50.9408341" lon="6.9568091">
      <ele>52.4</ele>
      <time>2019-06-07T14:45:48Z</time>
    </trkpt>
    <trkpt lat="50.9408474" lon="6.9570448">
      <ele>52.2</ele>
      <time>2019-06-07T14:45:51Z</time>
    </trkpt>
    <trkpt lat="50.9409299" lon="6.9573889">
      <ele>51.4</ele>
      <time>2019-06-07T14:45:56Z</time>
    </trkpt>
    <trkpt lat="50.9409715" lon="6.9577774">
      <ele>51.4</ele>
      <time>2019-06-07T14:46:01Z</time>
    </trkpt>
    <trkpt lat="50.9409523" lon="6.9579485">
      <ele>51.2</ele>
      <time>2019-06-07T14:46:03Z</time>
    </trkpt>
    <trkpt lat="50.9409011" lon="6.9582786">
      <ele>50.6</ele>
      <time>2019-06-07T14:46:07Z</time>
    </trkpt>
    <trkpt lat="50.9409330" lon="6.9586879">
      <ele>49.8</ele>
      <time>2019-06-07T14:46:12Z</time>
    </trkpt>
    <trkpt lat="50.9409432" lon="6.9587505">
      <ele>49.6</ele>
      <time>2019-06-07T14:46:13Z</time>
    </trkpt>
    <trkpt lat="50.9409455" lon="6.9588310">
      <ele>49.4</ele>
      <time>2019-06-07T14:46:14Z</time>
    </trkpt>
    <trkpt lat="50.9409562" lon="6.9589163">
      <ele>49.2</ele>
      <time>2019-06-07T14:46:15Z</time>
    </trkpt>
    <trkpt lat="50.9409724" lon="6.9589992">
      <ele>49.2</ele>
      <time>2019-06-07T14:46:16Z</time>
    </trkpt>
    <trkpt lat="50.9410117" lon="6.9591653">
      <ele>48.8</ele>
      <time>2019-06-07T14:46:18Z</time>
    </trkpt>
    <trkpt lat="50.9410658" lon="6.9593085">
      <ele>48.6</ele>
      <time>2019-06-07T14:46:20Z</time>
    </trkpt>
    <trkpt lat="50.9411451" lon="6.9594179">
      <ele>48.4</ele>
      <time>2019-06-07T14:46:23Z</time>
    </trkpt>
    <trkpt lat="50.9412029" lon="6.9595127">
      <ele>48.6</ele>
      <time>2019-06-07T14:46:25Z</time>
    </trkpt>
    <trkpt lat="50.9412617" lon="6.9599872">
      <ele>50.2</ele>
      <time>2019-06-07T14:46:30Z</time>
    </trkpt>
    <trkpt lat="50.9412612" lon="6.9605160">
      <ele>50.0</ele>
      <time>2019-06-07T14:46:36Z</time>
    </trkpt>
    <trkpt lat="50.9412604" lon="6.9606005">
      <ele>50.0</ele>
      <time>2019-06-07T14:46:37Z</time>
    </trkpt>
    <trkpt lat="50.9412640" lon="6.9609490">
      <ele>49.8</ele>
      <time>2019-06-07T14:46:41Z</time>
    </trkpt>
    <trkpt lat="50.9412578" lon="6.9610384">
      <ele>50.2</ele>
      <time>2019-06-07T14:46:42Z</time>
    </trkpt>
    <trkpt lat="50.9412673" lon="6.9612009">
      <ele>50.4</ele>
      <time>2019-06-07T14:46:44Z</time>
    </trkpt>
    <trkpt lat="50.9413166" lon="6.9614785">
      <ele>50.8</ele>
      <time>2019-06-07T14:46:48Z</time>
    </trkpt>
    <trkpt lat="50.9413041" lon="6.9619612">
      <ele>50.6</ele>
      <time>2019-06-07T14:46:56Z</time>
    </trkpt>
    <trkpt lat="50.9412932" lon="6.9623671">
      <ele>50.8</ele>
      <time>2019-06-07T14:47:00Z</time>
    </trkpt>
    <trkpt lat="50.9413194" lon="6.9625651">
      <ele>50.6</ele>
      <time>2019-06-07T14:47:02Z</time>
    </trkpt>
    <trkpt lat="50.9413607" lon="6.9630070">
      <ele>50.6</ele>
      <time>2019-06-07T14:47:07Z</time>
    </trkpt>
    <trkpt lat="50.9413862" lon="6.9632867">
      <ele>51.6</ele>
      <time>2019-06-07T14:47:15Z</time>
    </trkpt>
    <trkpt lat="50.9413826" lon="6.9633838">
      <ele>52.4</ele>
      <time>2019-06-07T14:47:20Z</time>
    </trkpt>
    <trkpt lat="50.9413596" lon="6.9638253">
      <ele>53.4</ele>
      <time>2019-06-07T14:47:28Z</time>
    </trkpt>
    <trkpt lat="50.9413515" lon="6.9642854">
      <ele>54.4</ele>
      <time>2019-06-07T14:47:33Z</time>
    </trkpt>
    <trkpt lat="50.9413566" lon="6.9646325">
      <ele>55.4</ele>
      <time>2019-06-07T14:47:37Z</time>
    </trkpt>
    <trkpt lat="50.9413523" lon="6.9655316">
      <ele>56.6</ele>
      <time>2019-06-07T14:47:48Z</time>
    </trkpt>
    <trkpt lat="50.9413708" lon="6.9664130">
      <ele>57.0</ele>
      <time>2019-06-07T14:47:57Z</time>
    </trkpt>
    <trkpt lat="50.9413540" lon="6.9672289">
      <ele>57.6</ele>
      <time>2019-06-07T14:48:04Z</time>
    </trkpt>
    <trkpt lat="50.9413624" lon="6.9681659">
      <ele>58.4</ele>
      <time>2019-06-07T14:48:12Z</time>
    </trkpt>
    <trkpt lat="50.9413574" lon="6.9685711">
      <ele>57.4</ele>
      <time>2019-06-07T14:48:16Z</time>
    </trkpt>
    <trkpt lat="50.9413652" lon="6.9687894">
      <ele>57.2</ele>
      <time>2019-06-07T14:48:18Z</time>
    </trkpt>
    <trkpt lat="50.9413618" lon="6.9690255">
      <ele>57.2</ele>
      <time>2019-06-07T14:48:20Z</time>
    </trkpt>
    <trkpt lat="50.9413575" lon="6.9691426">
      <ele>57.0</ele>
      <time>2019-06-07T14:48:21Z</time>
    </trkpt>
    <trkpt lat="50.9413494" lon="6.9692606">
      <ele>56.6</ele>
      <time>2019-06-07T14:48:22Z</time>
    </trkpt>
    <trkpt lat="50.9413196" lon="6.9696250">
      <ele>56.0</ele>
      <time>2019-06-07T14:48:25Z</time>
    </trkpt>
    <trkpt lat="50.9412417" lon="6.9699670">
      <ele>55.6</ele>
      <time>2019-06-07T14:48:28Z</time>
    </trkpt>
    <trkpt lat="50.9410930" lon="6.9707581">
      <ele>54.2</ele>
      <time>2019-06-07T14:48:34Z</time>
    </trkpt>
    <trkpt lat="50.9410245" lon="6.9710260">
      <ele>53.6</ele>
      <time>2019-06-07T14:48:36Z</time>
    </trkpt>
    <trkpt lat="50.9407553" lon="6.9717915">
      <ele>52.2</ele>
      <time>2019-06-07T14:48:42Z</time>
    </trkpt>
    <trkpt lat="50.9404625" lon="6.9725095">
      <ele>49.8</ele>
      <time>2019-06-07T14:48:48Z</time>
    </trkpt>
    <trkpt lat="50.9403207" lon="6.9728840">
      <ele>48.2</ele>
      <time>2019-06-07T14:48:52Z</time>
    </trkpt>
    <trkpt lat="50.9402816" lon="6.9729648">
      <ele>47.8</ele>
      <time>2019-06-07T14:48:53Z</time>
    </trkpt>
    <trkpt lat="50.9401910" lon="6.9731115">
      <ele>47.0</ele>
      <time>2019-06-07T14:48:55Z</time>
    </trkpt>
    <trkpt lat="50.9401475" lon="6.9731844">
      <ele>46.6</ele>
      <time>2019-06-07T14:48:56Z</time>
    </trkpt>
    <trkpt lat="50.9401174" lon="6.9732621">
      <ele>46.2</ele>
      <time>2019-06-07T14:48:57Z</time>
    </trkpt>
    <trkpt lat="50.9400972" lon="6.9734297">
      <ele>45.6</ele>
      <time>2019-06-07T14:48:59Z</time>
    </trkpt>
    <trkpt lat="50.9400677" lon="6.9736082">
      <ele>45.0</ele>
      <time>2019-06-07T14:49:01Z</time>
    </trkpt>
    <trkpt lat="50.9400152" lon="6.9738752">
      <ele>44.0</ele>
      <time>2019-06-07T14:49:04Z</time>
    </trkpt>
    <trkpt lat="50.9399971" lon="6.9747432">
      <ele>41.0</ele>
      <time>2019-06-07T14:49:12Z</time>
    </trkpt>
    <trkpt lat="50.9399405" lon="6.9756730">
      <ele>38.8</ele>
      <time>2019-06-07T14:49:20Z</time>
    </trkpt>
    <trkpt lat="50.9398804" lon="6.9765504">
      <ele>36.6</ele>
      <time>2019-06-07T14:49:28Z</time>
    </trkpt>
    <trkpt lat="50.9398217" lon="6.9774783">
      <ele>34.8</ele>
      <time>2019-06-07T14:49:37Z</time>
    </trkpt>
    <trkpt lat="50.9397446" lon="6.9782808">
      <ele>34.0</ele>
      <time>2019-06-07T14:49:45Z</time>
    </trkpt>
    <trkpt lat="50.9397761" lon="6.9789202">
      <ele>33.6</ele>
      <time>2019-06-07T14:49:52Z</time>
    </trkpt>
    <trkpt lat="50.9398199" lon="6.9790502">
      <ele>33.6</ele>
      <time>2019-06-07T14:49:54Z</time>
    </trkpt>
    <trkpt lat="50.9398423" lon="6.9791046">
      <ele>33.6</ele>
      <time>2019-06-07T14:49:55Z</time>
    </trkpt>
    <trkpt lat="50.9399265" lon="6.9791724">
      <ele>33.6</ele>
      <time>2019-06-07T14:49:57Z</time>
    </trkpt>
    <trkpt lat="50.9401436" lon="6.9793455">
      <ele>33.8</ele>
      <time>2019-06-07T14:50:02Z</time>
    </trkpt>
    <trkpt lat="50.9402974" lon="6.9795159">
      <ele>34.2</ele>
      <time>2019-06-07T14:50:06Z</time>
    </trkpt>
    <trkpt lat="50.9405928" lon="6.9796763">
      <ele>34.2</ele>
      <time>2019-06-07T14:50:13Z</time>
    </trkpt>
    <trkpt lat="50.9409388" lon="6.9792620">
      <ele>33.0</ele>
      <time>2019-06-07T14:50:24Z</time>
    </trkpt>
    <trkpt lat="50.9409427" lon="6.9791985">
      <ele>33.0</ele>
      <time>2019-06-07T14:50:25Z</time>
    </trkpt>
    <trkpt lat="50.9410066" lon="6.9787503">
      <ele>33.8</ele>
      <time>2019-06-07T14:50:31Z</time>
    </trkpt>
    <trkpt lat="50.9410795" lon="6.9786247">
      <ele>34.4</ele>
      <time>2019-06-07T14:50:33Z</time>
    </trkpt>
    <trkpt lat="50.9411773" lon="6.9785648">
      <ele>34.6</ele>
      <time>2019-06-07T14:50:35Z</time>
    </trkpt>
    <trkpt lat="50.9413412" lon="6.9785409">
      <ele>35.0</ele>
      <time>2019-06-07T14:50:38Z</time>
    </trkpt>
    <trkpt lat="50.9416047" lon="6.9785939">
      <ele>35.4</ele>
      <time>2019-06-07T14:50:43Z</time>
    </trkpt>
    <trkpt lat="50.9416799" lon="6.9787197">
      <ele>35.2</ele>
      <time>2019-06-07T14:50:45Z</time>
    </trkpt>
    <trkpt lat="50.9416826" lon="6.9789019">
      <ele>35.2</ele>
      <time>2019-06-07T14:50:47Z</time>
    </trkpt>
    <trkpt lat="50.9416235" lon="6.9791527">
      <ele>35.4</ele>
      <time>2019-06-07T14:50:50Z</time>
    </trkpt>
    <trkpt lat="50.9416100" lon="6.9793265">
      <ele>35.4</ele>
      <time>2019-06-07T14:50:52Z</time>
    </trkpt>
    <trkpt lat="50.9416238" lon="6.9795056">
      <ele>35.8</ele>
      <time>2019-06-07T14:50:54Z</time>
    </trkpt>
    <trkpt lat="50.9416157" lon="6.9797855">
      <ele>35.6</ele>
      <time>2019-06-07T14:50:57Z</time>
    </trkpt>
    <trkpt lat="50.9416385" lon="6.9799667">
      <ele>35.6</ele>
      <time>2019-06-07T14:50:59Z</time>
    </trkpt>
    <trkpt lat="50.9417879" lon="6.9804002">
      <ele>36.2</ele>
      <time>2019-06-07T14:51:06Z</time>
    </trkpt>
    <trkpt lat="50.9420592" lon="6.9806230">
      <ele>37.0</ele>
      <time>2019-06-07T14:51:12Z</time>
    </trkpt>
    <trkpt lat="50.9423347" lon="6.9808293">
      <ele>38.2</ele>
      <time>2019-06-07T14:51:19Z</time>
    </trkpt>
    <trkpt lat="50.9428649" lon="6.9812122">
      <ele>38.2</ele>
      <time>2019-06-07T14:51:28Z</time>
    </trkpt>
    <trkpt lat="50.9433713" lon="6.9815792">
      <ele>39.6</ele>
      <time>2019-06-07T14:51:37Z</time>
    </trkpt>
    <trkpt lat="50.9434939" lon="6.9816646">
      <ele>40.4</ele>
      <time>2019-06-07T14:51:39Z</time>
    </trkpt>
    <trkpt lat="50.9439852" lon="6.9821388">
      <ele>41.8</ele>
      <time>2019-06-07T14:51:48Z</time>
    </trkpt>
    <trkpt lat="50.9444821" lon="6.9826325">
      <ele>43.2</ele>
      <time>2019-06-07T14:51:57Z</time>
    </trkpt>
    <trkpt lat="50.9449131" lon="6.9832002">
      <ele>45.0</ele>
      <time>2019-06-07T14:52:06Z</time>
    </trkpt>
    <trkpt lat="50.9450087" lon="6.9833272">
      <ele>44.8</ele>
      <time>2019-06-07T14:52:08Z</time>
    </trkpt>
    <trkpt lat="50.9451559" lon="6.9836488">
      <ele>44.8</ele>
      <time>2019-06-07T14:52:12Z</time>
    </trkpt>
    <trkpt lat="50.9454101" lon="6.9839257">
      <ele>45.6</ele>
      <time>2019-06-07T14:52:17Z</time>
    </trkpt>
    <trkpt lat="50.9459354" lon="6.9843712">
      <ele>46.2</ele>
      <time>2019-06-07T14:52:26Z</time>
    </trkpt>
    <trkpt lat="50.9464642" lon="6.9848246">
      <ele>47.4</ele>
      <time>2019-06-07T14:52:35Z</time>
    </trkpt>
    <trkpt lat="50.9469846" lon="6.9852100">
      <ele>47.6</ele>
      <time>2019-06-07T14:52:43Z</time>
    </trkpt>
    <trkpt lat="50.9475091" lon="6.9856941">
      <ele>47.6</ele>
      <time>2019-06-07T14:52:51Z</time>
    </trkpt>
    <trkpt lat="50.9476107" lon="6.9858439">
      <ele>47.0</ele>
      <time>2019-06-07T14:52:53Z</time>
    </trkpt>
    <trkpt lat="50.9477466" lon="6.9859151">
      <ele>46.6</ele>
      <time>2019-06-07T14:52:55Z</time>
    </trkpt>
    <trkpt lat="50.9478875" lon="6.9859752">
      <ele>46.2</ele>
      <time>2019-06-07T14:52:57Z</time>
    </trkpt>
    <trkpt lat="50.9484188" lon="6.9864348">
      <ele>45.8</ele>
      <time>2019-06-07T14:53:05Z</time>
    </trkpt>
    <trkpt lat="50.9489273" lon="6.9868477">
      <ele>46.0</ele>
      <time>2019-06-07T14:53:13Z</time>
    </trkpt>
    <trkpt lat="50.9494170" lon="6.9873068">
      <ele>46.6</ele>
      <time>2019-06-07T14:53:21Z</time>
    </trkpt>
    <trkpt lat="50.9497888" lon="6.9876087">
      <ele>45.6</ele>
      <time>2019-06-07T14:53:27Z</time>
    </trkpt>
    <trkpt lat="50.9502936" lon="6.9880396">
      <ele>45.2</ele>
      <time>2019-06-07T14:53:35Z</time>
    </trkpt>
    <trkpt lat="50.9508080" lon="6.9885387">
      <ele>44.0</ele>
      <time>2019-06-07T14:53:43Z</time>
    </trkpt>
    <trkpt lat="50.9513362" lon="6.9889936">
      <ele>42.8</ele>
      <time>2019-06-07T14:53:51Z</time>
    </trkpt>
    <trkpt lat="50.9515737" lon="6.9892044">
      <ele>42.4</ele>
      <time>2019-06-07T14:53:55Z</time>
    </trkpt>
    <trkpt lat="50.9517547" lon="6.9893856">
      <ele>42.2</ele>
      <time>2019-06-07T14:53:59Z</time>
    </trkpt>
    <trkpt lat="50.9517674" lon="6.9895173">
      <ele>42.2</ele>
      <time>2019-06-07T14:54:01Z</time>
    </trkpt>
    <trkpt lat="50.9516450" lon="6.9900049">
      <ele>42.6</ele>
      <time>2019-06-07T14:54:08Z</time>
    </trkpt>
    <trkpt lat="50.9517115" lon="6.9902275">
      <ele>42.6</ele>
      <time>2019-06-07T14:54:12Z</time>
    </trkpt>
    <trkpt lat="50.9519288" lon="6.9904671">
      <ele>43.4</ele>
      <time>2019-06-07T14:54:18Z</time>
    </trkpt>
    <trkpt lat="50.9520377" lon="6.9905962">
      <ele>43.8</ele>
      <time>2019-06-07T14:54:21Z</time>
    </trkpt>
    <trkpt lat="50.9520625" lon="6.9907301">
      <ele>44.2</ele>
      <time>2019-06-07T14:54:23Z</time>
    </trkpt>
    <trkpt lat="50.9520531" lon="6.9908757">
      <ele>44.4</ele>
      <time>2019-06-07T14:54:25Z</time>
    </trkpt>
    <trkpt lat="50.9519409" lon="6.9915972">
      <ele>45.4</ele>
      <time>2019-06-07T14:54:34Z</time>
    </trkpt>
    <trkpt lat="50.9519708" lon="6.9917969">
      <ele>46.0</ele>
      <time>2019-06-07T14:54:38Z</time>
    </trkpt>
    <trkpt lat="50.9520327" lon="6.9918471">
      <ele>46.2</ele>
      <time>2019-06-07T14:54:40Z</time>
    </trkpt>
    <trkpt lat="50.9524133" lon="6.9921006">
      <ele>47.2</ele>
      <time>2019-06-07T14:54:50Z</time>
    </trkpt>
    <trkpt lat="50.9524486" lon="6.9921372">
      <ele>47.2</ele>
      <time>2019-06-07T14:54:51Z</time>
    </trkpt>
    <trkpt lat="50.9525355" lon="6.9925611">
      <ele>47.4</ele>
      <time>2019-06-07T14:54:59Z</time>
    </trkpt>
  </trkseg></trk>
</gpx>
