<?xml version="1.0" encoding="UTF-8"?>
<gpx version="1.1" creator="Diary FIT converter" xmlns="http://www.topografix.com/GPX/1/1">
  <trk><name>Cycling</name><trkseg>
    <trkpt lat="50.9634929" lon="6.8759756">
      <ele>51.6</ele>
      <time>2024-08-03T06:37:08Z</time>
    </trkpt>
    <trkpt lat="50.9634525" lon="6.8757847">
      <ele>51.4</ele>
      <time>2024-08-03T06:37:10Z</time>
    </trkpt>
    <trkpt lat="50.9633845" lon="6.8758609">
      <ele>51.4</ele>
      <time>2024-08-03T06:37:17Z</time>
    </trkpt>
    <trkpt lat="50.9633551" lon="6.8759807">
      <ele>51.6</ele>
      <time>2024-08-03T06:37:26Z</time>
    </trkpt>
    <trkpt lat="50.9633877" lon="6.8760058">
      <ele>51.4</ele>
      <time>2024-08-03T06:37:36Z</time>
    </trkpt>
    <trkpt lat="50.9633685" lon="6.8759885">
      <ele>51.4</ele>
      <time>2024-08-03T06:37:42Z</time>
    </trkpt>
    <trkpt lat="50.9633695" lon="6.8759856">
      <ele>51.4</ele>
      <time>2024-08-03T06:37:49Z</time>
    </trkpt>
    <trkpt lat="50.9633575" lon="6.8759793">
      <ele>51.4</ele>
      <time>2024-08-03T06:37:50Z</time>
    </trkpt>
    <trkpt lat="50.9633182" lon="6.8759690">
      <ele>51.6</ele>
      <time>2024-08-03T06:37:53Z</time>
    </trkpt>
    <trkpt lat="50.9633033" lon="6.8759800">
      <ele>51.4</ele>
      <time>2024-08-03T06:37:55Z</time>
    </trkpt>
    <trkpt lat="50.9632963" lon="6.8759830">
      <ele>51.4</ele>
      <time>2024-08-03T06:37:56Z</time>
    </trkpt>
    <trkpt lat="50.9632864" lon="6.8759300">
      <ele>51.4</ele>
      <time>2024-08-03T06:37:59Z</time>
    </trkpt>
    <trkpt lat="50.9632983" lon="6.8757217">
      <ele>51.4</ele>
      <time>2024-08-03T06:38:03Z</time>
    </trkpt>
    <trkpt lat="50.9633074" lon="6.8756257">
      <ele>51.4</ele>
      <time>2024-08-03T06:38:05Z</time>
    </trkpt>
    <trkpt lat="50.9633817" lon="6.8752904">
      <ele>51.2</ele>
      <time>2024-08-03T06:38:10Z</time>
    </trkpt>
    <trkpt lat="50.9634136" lon="6.8751587">
      <ele>51.2</ele>
      <time>2024-08-03T06:38:12Z</time>
    </trkpt>
    <trkpt lat="50.9634643" lon="6.8749501">
      <ele>51.0</ele>
      <time>2024-08-03T06:38:15Z</time>
    </trkpt>
    <trkpt lat="50.9635202" lon="6.8745662">
      <ele>50.8</ele>
      <time>2024-08-03T06:38:20Z</time>
    </trkpt>
    <trkpt lat="50.9635347" lon="6.8744761">
      <ele>50.8</ele>
      <time>2024-08-03T06:38:21Z</time>
    </trkpt>
    <trkpt lat="50.9635407" lon="6.8743842">
      <ele>50.8</ele>
      <time>2024-08-03T06:38:22Z</time>
    </trkpt>
    <trkpt lat="50.9635877" lon="6.8742206">
      <ele>50.6</ele>
      <time>2024-08-03T06:38:24Z</time>
    </trkpt>
    <trkpt lat="50.9636255" lon="6.8741333">
      <ele>50.6</ele>
      <time>2024-08-03T06:38:28Z</time>
    </trkpt>
    <trkpt lat="50.9637026" lon="6.8738217">
      <ele>50.4</ele>
      <time>2024-08-03T06:38:31Z</time>
    </trkpt>
    <trkpt lat="50.9637716" lon="6.8734800">
      <ele>50.0</ele>
      <time>2024-08-03T06:38:35Z</time>
    </trkpt>
    <trkpt lat="50.9638110" lon="6.8733145">
      <ele>50.0</ele>
      <time>2024-08-03T06:38:37Z</time>
    </trkpt>
    <trkpt lat="50.9638444" lon="6.8731510">
      <ele>50.0</ele>
      <time>2024-08-03T06:38:39Z</time>
    </trkpt>
    <trkpt lat="50.9638467" lon="6.8729564">
      <ele>50.0</ele>
      <time>2024-08-03T06:38:41Z</time>
    </trkpt>
    <trkpt lat="50.9638586" lon="6.8726934">
      <ele>50.0</ele>
      <time>2024-08-03T06:38:44Z</time>
    </trkpt>
    <trkpt lat="50.9638731" lon="6.8725196">
      <ele>50.0</ele>
      <time>2024-08-03T06:38:46Z</time>
    </trkpt>
    <trkpt lat="50.9639042" lon="6.8721951">
      <ele>49.8</ele>
      <time>2024-08-03T06:38:50Z</time>
    </trkpt>
    <trkpt lat="50.9639114" lon="6.8721148">
      <ele>49.6</ele>
      <time>2024-08-03T06:38:51Z</time>
    </trkpt>
    <trkpt lat="50.9639270" lon="6.8719608">
      <ele>49.4</ele>
      <time>2024-08-03T06:38:53Z</time>
    </trkpt>
    <trkpt lat="50.9639110" lon="6.8718917">
      <ele>49.4</ele>
      <time>2024-08-03T06:38:54Z</time>
    </trkpt>
    <trkpt lat="50.9638748" lon="6.8718355">
      <ele>49.4</ele>
      <time>2024-08-03T06:38:55Z</time>
    </trkpt>
    <trkpt lat="50.9637723" lon="6.8717825">
      <ele>49.4</ele>
      <time>2024-08-03T06:38:57Z</time>
    </trkpt>
    <trkpt lat="50.9633576" lon="6.8717515">
      <ele>49.2</ele>
      <time>2024-08-03T06:39:04Z</time>
    </trkpt>
    <trkpt lat="50.9631192" lon="6.8717023">
      <ele>49.0</ele>
      <time>2024-08-03T06:39:08Z</time>
    </trkpt>
    <trkpt lat="50.9630029" lon="6.8717090">
      <ele>49.0</ele>
      <time>2024-08-03T06:39:10Z</time>
    </trkpt>
    <trkpt lat="50.9629448" lon="6.8717078">
      <ele>49.0</ele>
      <time>2024-08-03T06:39:11Z</time>
    </trkpt>
    <trkpt lat="50.9626660" lon="6.8716887">
      <ele>49.2</ele>
      <time>2024-08-03T06:39:16Z</time>
    </trkpt>
    <trkpt lat="50.9622822" lon="6.8717440">
      <ele>49.2</ele>
      <time>2024-08-03T06:39:23Z</time>
    </trkpt>
    <trkpt lat="50.9621720" lon="6.8717811">
      <ele>49.4</ele>
      <time>2024-08-03T06:39:25Z</time>
    </trkpt>
    <trkpt lat="50.9617679" lon="6.8719054">
      <ele>48.8</ele>
      <time>2024-08-03T06:39:32Z</time>
    </trkpt>
    <trkpt lat="50.9613766" lon="6.8720760">
      <ele>48.4</ele>
      <time>2024-08-03T06:39:39Z</time>
    </trkpt>
    <trkpt lat="50.9613198" lon="6.8721009">
      <ele>48.2</ele>
      <time>2024-08-03T06:39:40Z</time>
    </trkpt>
    <trkpt lat="50.9608204" lon="6.8723973">
      <ele>48.6</ele>
      <time>2024-08-03T06:39:49Z</time>
    </trkpt>
    <trkpt lat="50.9603665" lon="6.8726885">
      <ele>48.4</ele>
      <time>2024-08-03T06:39:57Z</time>
    </trkpt>
    <trkpt lat="50.9601982" lon="6.8727874">
      <ele>48.8</ele>
      <time>2024-08-03T06:40:00Z</time>
    </trkpt>
    <trkpt lat="50.9598357" lon="6.8729868">
      <ele>49.0</ele>
      <time>2024-08-03T06:40:07Z</time>
    </trkpt>
    <trkpt lat="50.9597815" lon="6.8730029">
      <ele>49.2</ele>
      <time>2024-08-03T06:40:09Z</time>
    </trkpt>
    <trkpt lat="50.9597669" lon="6.8729915">
      <ele>49.4</ele>
      <time>2024-08-03T06:40:10Z</time>
    </trkpt>
    <trkpt lat="50.9597521" lon="6.8729605">
      <ele>49.4</ele>
      <time>2024-08-03T06:40:11Z</time>
    </trkpt>
    <trkpt lat="50.9597208" lon="6.8728458">
      <ele>49.6</ele>
      <time>2024-08-03T06:40:13Z</time>
    </trkpt>
    <trkpt lat="50.9596602" lon="6.8725008">
      <ele>49.6</ele>
      <time>2024-08-03T06:40:17Z</time>
    </trkpt>
    <trkpt lat="50.9595750" lon="6.8720218">
      <ele>49.4</ele>
      <time>2024-08-03T06:40:22Z</time>
    </trkpt>
    <trkpt lat="50.9595499" lon="6.8719249">
      <ele>49.2</ele>
      <time>2024-08-03T06:40:23Z</time>
    </trkpt>
    <trkpt lat="50.9594718" lon="6.8716450">
      <ele>48.2</ele>
      <time>2024-08-03T06:40:26Z</time>
    </trkpt>
    <trkpt lat="50.9593426" lon="6.8712098">
      <ele>47.6</ele>
      <time>2024-08-03T06:40:31Z</time>
    </trkpt>
    <trkpt lat="50.9592622" lon="6.8709882">
      <ele>47.4</ele>
      <time>2024-08-03T06:40:34Z</time>
    </trkpt>
    <trkpt lat="50.9592335" lon="6.8709474">
      <ele>47.4</ele>
      <time>2024-08-03T06:40:35Z</time>
    </trkpt>
    <trkpt lat="50.9590669" lon="6.8708575">
      <ele>47.6</ele>
      <time>2024-08-03T06:40:39Z</time>
    </trkpt>
    <trkpt lat="50.9590138" lon="6.8708585">
      <ele>47.8</ele>
      <time>2024-08-03T06:40:40Z</time>
    </trkpt>
    <trkpt lat="50.9589575" lon="6.8708617">
      <ele>48.0</ele>
      <time>2024-08-03T06:40:41Z</time>
    </trkpt>
    <trkpt lat="50.9587306" lon="6.8708287">
      <ele>49.0</ele>
      <time>2024-08-03T06:40:45Z</time>
    </trkpt>
    <trkpt lat="50.9585634" lon="6.8707775">
      <ele>49.2</ele>
      <time>2024-08-03T06:40:48Z</time>
    </trkpt>
    <trkpt lat="50.9585110" lon="6.8707480">
      <ele>49.2</ele>
      <time>2024-08-03T06:40:49Z</time>
    </trkpt>
    <trkpt lat="50.9584662" lon="6.8707055">
      <ele>49.2</ele>
      <time>2024-08-03T06:40:50Z</time>
    </trkpt>
    <trkpt lat="50.9583909" lon="6.8705879">
      <ele>49.2</ele>
      <time>2024-08-03T06:40:52Z</time>
    </trkpt>
    <trkpt lat="50.9583433" lon="6.8704657">
      <ele>49.4</ele>
      <time>2024-08-03T06:40:54Z</time>
    </trkpt>
    <trkpt lat="50.9583522" lon="6.8703206">
      <ele>49.6</ele>
      <time>2024-08-03T06:40:56Z</time>
    </trkpt>
    <trkpt lat="50.9583657" lon="6.8702470">
      <ele>50.0</ele>
      <time>2024-08-03T06:40:57Z</time>
    </trkpt>
    <trkpt lat="50.9583954" lon="6.8701033">
      <ele>50.4</ele>
      <time>2024-08-03T06:40:59Z</time>
    </trkpt>
    <trkpt lat="50.9584092" lon="6.8700326">
      <ele>50.4</ele>
      <time>2024-08-03T06:41:00Z</time>
    </trkpt>
    <trkpt lat="50.9584402" lon="6.8699096">
      <ele>50.6</ele>
      <time>2024-08-03T06:41:02Z</time>
    </trkpt>
    <trkpt lat="50.9584955" lon="6.8696817">
      <ele>51.0</ele>
      <time>2024-08-03T06:41:07Z</time>
    </trkpt>
    <trkpt lat="50.9585103" lon="6.8696229">
      <ele>51.2</ele>
      <time>2024-08-03T06:41:09Z</time>
    </trkpt>
    <trkpt lat="50.9585201" lon="6.8696018">
      <ele>51.4</ele>
      <time>2024-08-03T06:41:10Z</time>
    </trkpt>
    <trkpt lat="50.9585248" lon="6.8695822">
      <ele>51.8</ele>
      <time>2024-08-03T06:41:12Z</time>
    </trkpt>
    <trkpt lat="50.9585322" lon="6.8695087">
      <ele>52.2</ele>
      <time>2024-08-03T06:41:17Z</time>
    </trkpt>
    <trkpt lat="50.9585322" lon="6.8695087">
      <ele>52.4</ele>
      <time>2024-08-03T06:41:23Z</time>
    </trkpt>
    <trkpt lat="50.9585358" lon="6.8695121">
      <ele>52.4</ele>
      <time>2024-08-03T06:41:27Z</time>
    </trkpt>
    <trkpt lat="50.9585358" lon="6.8695121">
      <ele>52.4</ele>
      <time>2024-08-03T06:41:30Z</time>
    </trkpt>
    <trkpt lat="50.9585358" lon="6.8695121">
      <ele>52.2</ele>
      <time>2024-08-03T06:41:50Z</time>
    </trkpt>
    <trkpt lat="50.9585358" lon="6.8695121">
      <ele>52.0</ele>
      <time>2024-08-03T06:42:33Z</time>
    </trkpt>
    <trkpt lat="50.9585358" lon="6.8695121">
      <ele>52.0</ele>
      <time>2024-08-03T06:43:06Z</time>
    </trkpt>
    <trkpt lat="50.9585358" lon="6.8695121">
      <ele>52.0</ele>
      <time>2024-08-03T06:43:25Z</time>
    </trkpt>
    <trkpt lat="50.9585358" lon="6.8695121">
      <ele>52.0</ele>
      <time>2024-08-03T06:43:46Z</time>
    </trkpt>
    <trkpt lat="50.9585358" lon="6.8695121">
      <ele>52.0</ele>
      <time>2024-08-03T06:43:52Z</time>
    </trkpt>
    <trkpt lat="50.9585358" lon="6.8695121">
      <ele>51.4</ele>
      <time>2024-08-03T06:45:42Z</time>
    </trkpt>
    <trkpt lat="50.9585358" lon="6.8695121">
      <ele>51.0</ele>
      <time>2024-08-03T06:45:45Z</time>
    </trkpt>
    <trkpt lat="50.9585358" lon="6.8695121">
      <ele>51.8</ele>
      <time>2024-08-03T06:45:54Z</time>
    </trkpt>
    <trkpt lat="50.9585345" lon="6.8694837">
      <ele>51.6</ele>
      <time>2024-08-03T06:46:24Z</time>
    </trkpt>
    <trkpt lat="50.9585168" lon="6.8694875">
      <ele>51.6</ele>
      <time>2024-08-03T06:46:26Z</time>
    </trkpt>
    <trkpt lat="50.9585078" lon="6.8695182">
      <ele>51.6</ele>
      <time>2024-08-03T06:46:27Z</time>
    </trkpt>
    <trkpt lat="50.9584890" lon="6.8696358">
      <ele>51.4</ele>
      <time>2024-08-03T06:46:29Z</time>
    </trkpt>
    <trkpt lat="50.9584394" lon="6.8698777">
      <ele>51.4</ele>
      <time>2024-08-03T06:46:32Z</time>
    </trkpt>
    <trkpt lat="50.9584050" lon="6.8700637">
      <ele>51.2</ele>
      <time>2024-08-03T06:46:34Z</time>
    </trkpt>
    <trkpt lat="50.9583434" lon="6.8704155">
      <ele>50.4</ele>
      <time>2024-08-03T06:46:38Z</time>
    </trkpt>
    <trkpt lat="50.9583542" lon="6.8705563">
      <ele>50.2</ele>
      <time>2024-08-03T06:46:40Z</time>
    </trkpt>
    <trkpt lat="50.9584212" lon="6.8706863">
      <ele>49.8</ele>
      <time>2024-08-03T06:46:42Z</time>
    </trkpt>
    <trkpt lat="50.9585236" lon="6.8707763">
      <ele>49.6</ele>
      <time>2024-08-03T06:46:44Z</time>
    </trkpt>
    <trkpt lat="50.9586409" lon="6.8708112">
      <ele>49.2</ele>
      <time>2024-08-03T06:46:46Z</time>
    </trkpt>
    <trkpt lat="50.9587011" lon="6.8708197">
      <ele>49.0</ele>
      <time>2024-08-03T06:46:47Z</time>
    </trkpt>
    <trkpt lat="50.9588154" lon="6.8708436">
      <ele>48.6</ele>
      <time>2024-08-03T06:46:49Z</time>
    </trkpt>
    <trkpt lat="50.9589720" lon="6.8708523">
      <ele>48.0</ele>
      <time>2024-08-03T06:46:52Z</time>
    </trkpt>
    <trkpt lat="50.9592356" lon="6.8707294">
      <ele>47.8</ele>
      <time>2024-08-03T06:46:56Z</time>
    </trkpt>
    <trkpt lat="50.9592996" lon="6.8706807">
      <ele>47.6</ele>
      <time>2024-08-03T06:46:57Z</time>
    </trkpt>
    <trkpt lat="50.9594810" lon="6.8705275">
      <ele>47.2</ele>
      <time>2024-08-03T06:47:00Z</time>
    </trkpt>
    <trkpt lat="50.9595299" lon="6.8704810">
      <ele>46.8</ele>
      <time>2024-08-03T06:47:01Z</time>
    </trkpt>
    <trkpt lat="50.9596448" lon="6.8704062">
      <ele>46.4</ele>
      <time>2024-08-03T06:47:03Z</time>
    </trkpt>
    <trkpt lat="50.9597681" lon="6.8703640">
      <ele>46.2</ele>
      <time>2024-08-03T06:47:05Z</time>
    </trkpt>
    <trkpt lat="50.9601190" lon="6.8703167">
      <ele>46.2</ele>
      <time>2024-08-03T06:47:10Z</time>
    </trkpt>
    <trkpt lat="50.9605722" lon="6.8702343">
      <ele>47.8</ele>
      <time>2024-08-03T06:47:17Z</time>
    </trkpt>
    <trkpt lat="50.9609598" lon="6.8700782">
      <ele>48.0</ele>
      <time>2024-08-03T06:47:23Z</time>
    </trkpt>
    <trkpt lat="50.9612172" lon="6.8699798">
      <ele>48.0</ele>
      <time>2024-08-03T06:47:27Z</time>
    </trkpt>
    <trkpt lat="50.9614075" lon="6.8699261">
      <ele>48.0</ele>
      <time>2024-08-03T06:47:30Z</time>
    </trkpt>
    <trkpt lat="50.9617491" lon="6.8698293">
      <ele>48.2</ele>
      <time>2024-08-03T06:47:35Z</time>
    </trkpt>
    <trkpt lat="50.9621693" lon="6.8697120">
      <ele>48.2</ele>
      <time>2024-08-03T06:47:42Z</time>
    </trkpt>
    <trkpt lat="50.9622327" lon="6.8697029">
      <ele>48.2</ele>
      <time>2024-08-03T06:47:43Z</time>
    </trkpt>
    <trkpt lat="50.9624055" lon="6.8696980">
      <ele>48.0</ele>
      <time>2024-08-03T06:47:46Z</time>
    </trkpt>
    <trkpt lat="50.9628032" lon="6.8696556">
      <ele>47.8</ele>
      <time>2024-08-03T06:47:52Z</time>
    </trkpt>
    <trkpt lat="50.9632380" lon="6.8696140">
      <ele>47.8</ele>
      <time>2024-08-03T06:47:59Z</time>
    </trkpt>
    <trkpt lat="50.9635627" lon="6.8696404">
      <ele>48.0</ele>
      <time>2024-08-03T06:48:04Z</time>
    </trkpt>
    <trkpt lat="50.9636852" lon="6.8696537">
      <ele>48.0</ele>
      <time>2024-08-03T06:48:06Z</time>
    </trkpt>
    <trkpt lat="50.9637379" lon="6.8696591">
      <ele>48.0</ele>
      <time>2024-08-03T06:48:07Z</time>
    </trkpt>
    <trkpt lat="50.9639026" lon="6.8696994">
      <ele>48.2</ele>
      <time>2024-08-03T06:48:10Z</time>
    </trkpt>
    <trkpt lat="50.9640289" lon="6.8697367">
      <ele>48.2</ele>
      <time>2024-08-03T06:48:12Z</time>
    </trkpt>
    <trkpt lat="50.9641124" lon="6.8696897">
      <ele>48.4</ele>
      <time>2024-08-03T06:48:14Z</time>
    </trkpt>
    <trkpt lat="50.9641916" lon="6.8694051">
      <ele>48.6</ele>
      <time>2024-08-03T06:48:18Z</time>
    </trkpt>
    <trkpt lat="50.9641884" lon="6.8693311">
      <ele>48.8</ele>
      <time>2024-08-03T06:48:19Z</time>
    </trkpt>
    <trkpt lat="50.9642291" lon="6.8691660">
      <ele>49.0</ele>
      <time>2024-08-03T06:48:21Z</time>
    </trkpt>
    <trkpt lat="50.9642381" lon="6.8690749">
      <ele>49.0</ele>
      <time>2024-08-03T06:48:22Z</time>
    </trkpt>
    <trkpt lat="50.9642493" lon="6.8689573">
      <ele>49.0</ele>
      <time>2024-08-03T06:48:23Z</time>
    </trkpt>
    <trkpt lat="50.9642652" lon="6.8688809">
      <ele>49.0</ele>
      <time>2024-08-03T06:48:24Z</time>
    </trkpt>
    <trkpt lat="50.9642786" lon="6.8686697">
      <ele>48.8</ele>
      <time>2024-08-03T06:48:26Z</time>
    </trkpt>
    <trkpt lat="50.9642955" lon="6.8684796">
      <ele>48.4</ele>
      <time>2024-08-03T06:48:28Z</time>
    </trkpt>
    <trkpt lat="50.9643041" lon="6.8682209">
      <ele>48.0</ele>
      <time>2024-08-03T06:48:31Z</time>
    </trkpt>
    <trkpt lat="50.9642926" lon="6.8679579">
      <ele>47.8</ele>
      <time>2024-08-03T06:48:35Z</time>
    </trkpt>
    <trkpt lat="50.9642458" lon="6.8678922">
      <ele>47.8</ele>
      <time>2024-08-03T06:48:37Z</time>
    </trkpt>
    <trkpt lat="50.9642162" lon="6.8678775">
      <ele>47.8</ele>
      <time>2024-08-03T06:48:38Z</time>
    </trkpt>
    <trkpt lat="50.9640920" lon="6.8677741">
      <ele>48.2</ele>
      <time>2024-08-03T06:48:43Z</time>
    </trkpt>
    <trkpt lat="50.9639610" lon="6.8675995">
      <ele>48.4</ele>
      <time>2024-08-03T06:48:49Z</time>
    </trkpt>
    <trkpt lat="50.9639010" lon="6.8675434">
      <ele>48.4</ele>
      <time>2024-08-03T06:48:52Z</time>
    </trkpt>
    <trkpt lat="50.9638660" lon="6.8675148">
      <ele>48.4</ele>
      <time>2024-08-03T06:48:54Z</time>
    </trkpt>
    <trkpt lat="50.9637648" lon="6.8673612">
      <ele>48.4</ele>
      <time>2024-08-03T06:48:58Z</time>
    </trkpt>
    <trkpt lat="50.9637237" lon="6.8673161">
      <ele>48.4</ele>
      <time>2024-08-03T06:48:59Z</time>
    </trkpt>
    <trkpt lat="50.9636342" lon="6.8672005">
      <ele>48.4</ele>
      <time>2024-08-03T06:49:01Z</time>
    </trkpt>
    <trkpt lat="50.9635812" lon="6.8671584">
      <ele>48.4</ele>
      <time>2024-08-03T06:49:02Z</time>
    </trkpt>
    <trkpt lat="50.9634379" lon="6.8670830">
      <ele>48.2</ele>
      <time>2024-08-03T06:49:05Z</time>
    </trkpt>
    <trkpt lat="50.9633316" lon="6.8670562">
      <ele>48.2</ele>
      <time>2024-08-03T06:49:07Z</time>
    </trkpt>
    <trkpt lat="50.9631706" lon="6.8670644">
      <ele>48.0</ele>
      <time>2024-08-03T06:49:10Z</time>
    </trkpt>
    <trkpt lat="50.9630730" lon="6.8670981">
      <ele>48.0</ele>
      <time>2024-08-03T06:49:12Z</time>
    </trkpt>
    <trkpt lat="50.9627224" lon="6.8673664">
      <ele>47.8</ele>
      <time>2024-08-03T06:49:20Z</time>
    </trkpt>
    <trkpt lat="50.9624403" lon="6.8674579">
      <ele>48.0</ele>
      <time>2024-08-03T06:49:26Z</time>
    </trkpt>
    <trkpt lat="50.9620352" lon="6.8674617">
      <ele>48.2</ele>
      <time>2024-08-03T06:49:34Z</time>
    </trkpt>
    <trkpt lat="50.9616253" lon="6.8674931">
      <ele>48.0</ele>
      <time>2024-08-03T06:49:42Z</time>
    </trkpt>
    <trkpt lat="50.9612229" lon="6.8675824">
      <ele>47.6</ele>
      <time>2024-08-03T06:49:50Z</time>
    </trkpt>
    <trkpt lat="50.9611700" lon="6.8675962">
      <ele>47.6</ele>
      <time>2024-08-03T06:49:51Z</time>
    </trkpt>
    <trkpt lat="50.9608664" lon="6.8677002">
      <ele>47.6</ele>
      <time>2024-08-03T06:49:57Z</time>
    </trkpt>
    <trkpt lat="50.9607681" lon="6.8677448">
      <ele>47.8</ele>
      <time>2024-08-03T06:49:59Z</time>
    </trkpt>
    <trkpt lat="50.9605328" lon="6.8678339">
      <ele>48.0</ele>
      <time>2024-08-03T06:50:04Z</time>
    </trkpt>
    <trkpt lat="50.9604882" lon="6.8678588">
      <ele>48.0</ele>
      <time>2024-08-03T06:50:05Z</time>
    </trkpt>
    <trkpt lat="50.9602756" lon="6.8679611">
      <ele>48.2</ele>
      <time>2024-08-03T06:50:10Z</time>
    </trkpt>
    <trkpt lat="50.9602025" lon="6.8680029">
      <ele>48.6</ele>
      <time>2024-08-03T06:50:12Z</time>
    </trkpt>
    <trkpt lat="50.9600181" lon="6.8680897">
      <ele>49.0</ele>
      <time>2024-08-03T06:50:17Z</time>
    </trkpt>
    <trkpt lat="50.9598703" lon="6.8681798">
      <ele>49.0</ele>
      <time>2024-08-03T06:50:22Z</time>
    </trkpt>
    <trkpt lat="50.9597584" lon="6.8682189">
      <ele>49.6</ele>
      <time>2024-08-03T06:50:27Z</time>
    </trkpt>
    <trkpt lat="50.9597433" lon="6.8682327">
      <ele>49.6</ele>
      <time>2024-08-03T06:50:28Z</time>
    </trkpt>
    <trkpt lat="50.9597150" lon="6.8682448">
      <ele>49.8</ele>
      <time>2024-08-03T06:50:30Z</time>
    </trkpt>
    <trkpt lat="50.9596887" lon="6.8682683">
      <ele>50.0</ele>
      <time>2024-08-03T06:50:32Z</time>
    </trkpt>
    <trkpt lat="50.9596765" lon="6.8682794">
      <ele>50.0</ele>
      <time>2024-08-03T06:50:33Z</time>
    </trkpt>
    <trkpt lat="50.9595095" lon="6.8683556">
      <ele>50.2</ele>
      <time>2024-08-03T06:50:39Z</time>
    </trkpt>
    <trkpt lat="50.9592913" lon="6.8684451">
      <ele>50.2</ele>
      <time>2024-08-03T06:50:45Z</time>
    </trkpt>
    <trkpt lat="50.9590660" lon="6.8685757">
      <ele>50.4</ele>
      <time>2024-08-03T06:50:51Z</time>
    </trkpt>
    <trkpt lat="50.9589529" lon="6.8686365">
      <ele>50.6</ele>
      <time>2024-08-03T06:50:54Z</time>
    </trkpt>
    <trkpt lat="50.9587753" lon="6.8687473">
      <ele>51.2</ele>
      <time>2024-08-03T06:50:59Z</time>
    </trkpt>
    <trkpt lat="50.9586674" lon="6.8687749">
      <ele>51.6</ele>
      <time>2024-08-03T06:51:03Z</time>
    </trkpt>
    <trkpt lat="50.9586419" lon="6.8687634">
      <ele>51.8</ele>
      <time>2024-08-03T06:51:04Z</time>
    </trkpt>
    <trkpt lat="50.9585304" lon="6.8687201">
      <ele>52.0</ele>
      <time>2024-08-03T06:51:08Z</time>
    </trkpt>
    <trkpt lat="50.9585234" lon="6.8687183">
      <ele>52.4</ele>
      <time>2024-08-03T06:51:12Z</time>
    </trkpt>
    <trkpt lat="50.9585171" lon="6.8686842">
      <ele>52.6</ele>
      <time>2024-08-03T06:51:21Z</time>
    </trkpt>
    <trkpt lat="50.9585129" lon="6.8685986">
      <ele>52.6</ele>
      <time>2024-08-03T06:51:23Z</time>
    </trkpt>
    <trkpt lat="50.9584713" lon="6.8683818">
      <ele>52.6</ele>
      <time>2024-08-03T06:51:27Z</time>
    </trkpt>
    <trkpt lat="50.9584775" lon="6.8683561">
      <ele>52.6</ele>
      <time>2024-08-03T06:51:28Z</time>
    </trkpt>
    <trkpt lat="50.9585350" lon="6.8683330">
      <ele>52.6</ele>
      <time>2024-08-03T06:51:30Z</time>
    </trkpt>
    <trkpt lat="50.9586857" lon="6.8682100">
      <ele>52.6</ele>
      <time>2024-08-03T06:51:34Z</time>
    </trkpt>
    <trkpt lat="50.9587344" lon="6.8681480">
      <ele>52.4</ele>
      <time>2024-08-03T06:51:35Z</time>
    </trkpt>
    <trkpt lat="50.9587692" lon="6.8680755">
      <ele>52.4</ele>
      <time>2024-08-03T06:51:36Z</time>
    </trkpt>
    <trkpt lat="50.9588160" lon="6.8679107">
      <ele>52.2</ele>
      <time>2024-08-03T06:51:38Z</time>
    </trkpt>
    <trkpt lat="50.9590780" lon="6.8670985">
      <ele>50.8</ele>
      <time>2024-08-03T06:51:47Z</time>
    </trkpt>
    <trkpt lat="50.9593024" lon="6.8663110">
      <ele>51.6</ele>
      <time>2024-08-03T06:51:56Z</time>
    </trkpt>
    <trkpt lat="50.9593255" lon="6.8662278">
      <ele>52.0</ele>
      <time>2024-08-03T06:51:57Z</time>
    </trkpt>
    <trkpt lat="50.9594229" lon="6.8658897">
      <ele>52.8</ele>
      <time>2024-08-03T06:52:01Z</time>
    </trkpt>
    <trkpt lat="50.9595330" lon="6.8654839">
      <ele>54.0</ele>
      <time>2024-08-03T06:52:06Z</time>
    </trkpt>
    <trkpt lat="50.9596278" lon="6.8649825">
      <ele>55.0</ele>
      <time>2024-08-03T06:52:12Z</time>
    </trkpt>
    <trkpt lat="50.9596436" lon="6.8648105">
      <ele>55.2</ele>
      <time>2024-08-03T06:52:14Z</time>
    </trkpt>
    <trkpt lat="50.9596389" lon="6.8644621">
      <ele>55.4</ele>
      <time>2024-08-03T06:52:18Z</time>
    </trkpt>
    <trkpt lat="50.9596284" lon="6.8643723">
      <ele>55.4</ele>
      <time>2024-08-03T06:52:19Z</time>
    </trkpt>
    <trkpt lat="50.9595663" lon="6.8636620">
      <ele>55.8</ele>
      <time>2024-08-03T06:52:27Z</time>
    </trkpt>
    <trkpt lat="50.9595174" lon="6.8631069">
      <ele>56.0</ele>
      <time>2024-08-03T06:52:33Z</time>
    </trkpt>
    <trkpt lat="50.9595110" lon="6.8629188">
      <ele>56.0</ele>
      <time>2024-08-03T06:52:35Z</time>
    </trkpt>
    <trkpt lat="50.9595096" lon="6.8628242">
      <ele>55.8</ele>
      <time>2024-08-03T06:52:36Z</time>
    </trkpt>
    <trkpt lat="50.9595358" lon="6.8624681">
      <ele>55.8</ele>
      <time>2024-08-03T06:52:40Z</time>
    </trkpt>
    <trkpt lat="50.9595353" lon="6.8623849">
      <ele>55.8</ele>
      <time>2024-08-03T06:52:41Z</time>
    </trkpt>
    <trkpt lat="50.9594876" lon="6.8622524">
      <ele>55.8</ele>
      <time>2024-08-03T06:52:43Z</time>
    </trkpt>
    <trkpt lat="50.9593877" lon="6.8622137">
      <ele>55.8</ele>
      <time>2024-08-03T06:52:45Z</time>
    </trkpt>
    <trkpt lat="50.9593326" lon="6.8622287">
      <ele>55.8</ele>
      <time>2024-08-03T06:52:46Z</time>
    </trkpt>
    <trkpt lat="50.9592182" lon="6.8622965">
      <ele>56.0</ele>
      <time>2024-08-03T06:52:48Z</time>
    </trkpt>
    <trkpt lat="50.9590960" lon="6.8623855">
      <ele>56.0</ele>
      <time>2024-08-03T06:52:50Z</time>
    </trkpt>
    <trkpt lat="50.9588486" lon="6.8625510">
      <ele>56.0</ele>
      <time>2024-08-03T06:52:54Z</time>
    </trkpt>
    <trkpt lat="50.9586689" lon="6.8626835">
      <ele>55.8</ele>
      <time>2024-08-03T06:52:57Z</time>
    </trkpt>
    <trkpt lat="50.9584272" lon="6.8628650">
      <ele>55.6</ele>
      <time>2024-08-03T06:53:01Z</time>
    </trkpt>
    <trkpt lat="50.9583666" lon="6.8629105">
      <ele>55.6</ele>
      <time>2024-08-03T06:53:02Z</time>
    </trkpt>
    <trkpt lat="50.9583109" lon="6.8629267">
      <ele>55.6</ele>
      <time>2024-08-03T06:53:03Z</time>
    </trkpt>
    <trkpt lat="50.9582584" lon="6.8629314">
      <ele>55.6</ele>
      <time>2024-08-03T06:53:04Z</time>
    </trkpt>
    <trkpt lat="50.9579956" lon="6.8630435">
      <ele>55.6</ele>
      <time>2024-08-03T06:53:08Z</time>
    </trkpt>
    <trkpt lat="50.9576141" lon="6.8631757">
      <ele>55.6</ele>
      <time>2024-08-03T06:53:14Z</time>
    </trkpt>
    <trkpt lat="50.9570550" lon="6.8633653">
      <ele>55.4</ele>
      <time>2024-08-03T06:53:23Z</time>
    </trkpt>
    <trkpt lat="50.9565557" lon="6.8635051">
      <ele>55.8</ele>
      <time>2024-08-03T06:53:31Z</time>
    </trkpt>
    <trkpt lat="50.9559983" lon="6.8636744">
      <ele>56.0</ele>
      <time>2024-08-03T06:53:40Z</time>
    </trkpt>
    <trkpt lat="50.9554451" lon="6.8638450">
      <ele>56.0</ele>
      <time>2024-08-03T06:53:49Z</time>
    </trkpt>
    <trkpt lat="50.9548970" lon="6.8640190">
      <ele>56.2</ele>
      <time>2024-08-03T06:53:58Z</time>
    </trkpt>
    <trkpt lat="50.9547709" lon="6.8640573">
      <ele>56.2</ele>
      <time>2024-08-03T06:54:00Z</time>
    </trkpt>
    <trkpt lat="50.9542222" lon="6.8642302">
      <ele>56.2</ele>
      <time>2024-08-03T06:54:09Z</time>
    </trkpt>
    <trkpt lat="50.9537547" lon="6.8643654">
      <ele>56.4</ele>
      <time>2024-08-03T06:54:17Z</time>
    </trkpt>
    <trkpt lat="50.9532899" lon="6.8644942">
      <ele>56.8</ele>
      <time>2024-08-03T06:54:25Z</time>
    </trkpt>
    <trkpt lat="50.9531668" lon="6.8645047">
      <ele>56.8</ele>
      <time>2024-08-03T06:54:27Z</time>
    </trkpt>
    <trkpt lat="50.9529922" lon="6.8644553">
      <ele>56.8</ele>
      <time>2024-08-03T06:54:30Z</time>
    </trkpt>
    <trkpt lat="50.9527711" lon="6.8644013">
      <ele>57.0</ele>
      <time>2024-08-03T06:54:34Z</time>
    </trkpt>
    <trkpt lat="50.9527029" lon="6.8643579">
      <ele>57.0</ele>
      <time>2024-08-03T06:54:36Z</time>
    </trkpt>
    <trkpt lat="50.9526841" lon="6.8642125">
      <ele>57.4</ele>
      <time>2024-08-03T06:54:39Z</time>
    </trkpt>
    <trkpt lat="50.9526767" lon="6.8639172">
      <ele>57.6</ele>
      <time>2024-08-03T06:54:43Z</time>
    </trkpt>
    <trkpt lat="50.9526331" lon="6.8634850">
      <ele>57.4</ele>
      <time>2024-08-03T06:54:48Z</time>
    </trkpt>
    <trkpt lat="50.9525987" lon="6.8629535">
      <ele>57.2</ele>
      <time>2024-08-03T06:54:55Z</time>
    </trkpt>
    <trkpt lat="50.9525531" lon="6.8629296">
      <ele>57.4</ele>
      <time>2024-08-03T06:54:58Z</time>
    </trkpt>
    <trkpt lat="50.9525220" lon="6.8628975">
      <ele>58.0</ele>
      <time>2024-08-03T06:55:00Z</time>
    </trkpt>
    <trkpt lat="50.9525090" lon="6.8628569">
      <ele>58.2</ele>
      <time>2024-08-03T06:55:01Z</time>
    </trkpt>
    <trkpt lat="50.9525026" lon="6.8627322">
      <ele>58.4</ele>
      <time>2024-08-03T06:55:03Z</time>
    </trkpt>
    <trkpt lat="50.9524722" lon="6.8623132">
      <ele>57.8</ele>
      <time>2024-08-03T06:55:08Z</time>
    </trkpt>
    <trkpt lat="50.9524162" lon="6.8616879">
      <ele>57.8</ele>
      <time>2024-08-03T06:55:15Z</time>
    </trkpt>
    <trkpt lat="50.9523366" lon="6.8607878">
      <ele>57.6</ele>
      <time>2024-08-03T06:55:25Z</time>
    </trkpt>
    <trkpt lat="50.9523093" lon="6.8605183">
      <ele>57.6</ele>
      <time>2024-08-03T06:55:28Z</time>
    </trkpt>
    <trkpt lat="50.9522230" lon="6.8596262">
      <ele>58.2</ele>
      <time>2024-08-03T06:55:38Z</time>
    </trkpt>
    <trkpt lat="50.9521490" lon="6.8588239">
      <ele>58.2</ele>
      <time>2024-08-03T06:55:47Z</time>
    </trkpt>
    <trkpt lat="50.9520624" lon="6.8579433">
      <ele>58.4</ele>
      <time>2024-08-03T06:55:57Z</time>
    </trkpt>
    <trkpt lat="50.9519982" lon="6.8572419">
      <ele>58.6</ele>
      <time>2024-08-03T06:56:05Z</time>
    </trkpt>
    <trkpt lat="50.9519180" lon="6.8563836">
      <ele>59.0</ele>
      <time>2024-08-03T06:56:15Z</time>
    </trkpt>
    <trkpt lat="50.9519094" lon="6.8562960">
      <ele>59.0</ele>
      <time>2024-08-03T06:56:16Z</time>
    </trkpt>
    <trkpt lat="50.9518345" lon="6.8555045">
      <ele>59.0</ele>
      <time>2024-08-03T06:56:25Z</time>
    </trkpt>
    <trkpt lat="50.9517587" lon="6.8547047">
      <ele>58.6</ele>
      <time>2024-08-03T06:56:34Z</time>
    </trkpt>
    <trkpt lat="50.9516767" lon="6.8537845">
      <ele>58.2</ele>
      <time>2024-08-03T06:56:44Z</time>
    </trkpt>
    <trkpt lat="50.9516689" lon="6.8536914">
      <ele>58.2</ele>
      <time>2024-08-03T06:56:45Z</time>
    </trkpt>
    <trkpt lat="50.9516550" lon="6.8535039">
      <ele>58.0</ele>
      <time>2024-08-03T06:56:47Z</time>
    </trkpt>
    <trkpt lat="50.9516241" lon="6.8528546">
      <ele>58.0</ele>
      <time>2024-08-03T06:56:54Z</time>
    </trkpt>
    <trkpt lat="50.9515848" lon="6.8525657">
      <ele>58.0</ele>
      <time>2024-08-03T06:56:57Z</time>
    </trkpt>
    <trkpt lat="50.9515311" lon="6.8522564">
      <ele>58.0</ele>
      <time>2024-08-03T06:57:00Z</time>
    </trkpt>
    <trkpt lat="50.9515125" lon="6.8521452">
      <ele>57.8</ele>
      <time>2024-08-03T06:57:01Z</time>
    </trkpt>
    <trkpt lat="50.9514272" lon="6.8519734">
      <ele>57.8</ele>
      <time>2024-08-03T06:57:03Z</time>
    </trkpt>
    <trkpt lat="50.9512875" lon="6.8519253">
      <ele>57.8</ele>
      <time>2024-08-03T06:57:05Z</time>
    </trkpt>
    <trkpt lat="50.9512088" lon="6.8519234">
      <ele>57.8</ele>
      <time>2024-08-03T06:57:06Z</time>
    </trkpt>
    <trkpt lat="50.9506442" lon="6.8518846">
      <ele>57.8</ele>
      <time>2024-08-03T06:57:13Z</time>
    </trkpt>
    <trkpt lat="50.9501299" lon="6.8517378">
      <ele>58.2</ele>
      <time>2024-08-03T06:57:20Z</time>
    </trkpt>
    <trkpt lat="50.9496294" lon="6.8516163">
      <ele>58.6</ele>
      <time>2024-08-03T06:57:27Z</time>
    </trkpt>
    <trkpt lat="50.9492815" lon="6.8515337">
      <ele>59.0</ele>
      <time>2024-08-03T06:57:32Z</time>
    </trkpt>
    <trkpt lat="50.9489398" lon="6.8514615">
      <ele>59.4</ele>
      <time>2024-08-03T06:57:37Z</time>
    </trkpt>
    <trkpt lat="50.9486196" lon="6.8513590">
      <ele>59.6</ele>
      <time>2024-08-03T06:57:42Z</time>
    </trkpt>
    <trkpt lat="50.9485601" lon="6.8513213">
      <ele>59.6</ele>
      <time>2024-08-03T06:57:43Z</time>
    </trkpt>
    <trkpt lat="50.9483530" lon="6.8511353">
      <ele>60.0</ele>
      <time>2024-08-03T06:57:47Z</time>
    </trkpt>
    <trkpt lat="50.9482234" lon="6.8509734">
      <ele>60.2</ele>
      <time>2024-08-03T06:57:50Z</time>
    </trkpt>
    <trkpt lat="50.9481556" lon="6.8508867">
      <ele>60.4</ele>
      <time>2024-08-03T06:57:52Z</time>
    </trkpt>
    <trkpt lat="50.9480440" lon="6.8508082">
      <ele>61.0</ele>
      <time>2024-08-03T06:57:56Z</time>
    </trkpt>
    <trkpt lat="50.9480190" lon="6.8508119">
      <ele>61.2</ele>
      <time>2024-08-03T06:57:57Z</time>
    </trkpt>
    <trkpt lat="50.9478515" lon="6.8509173">
      <ele>61.8</ele>
      <time>2024-08-03T06:58:02Z</time>
    </trkpt>
    <trkpt lat="50.9477001" lon="6.8510385">
      <ele>62.0</ele>
      <time>2024-08-03T06:58:06Z</time>
    </trkpt>
    <trkpt lat="50.9475122" lon="6.8511527">
      <ele>62.0</ele>
      <time>2024-08-03T06:58:10Z</time>
    </trkpt>
    <trkpt lat="50.9474211" lon="6.8511950">
      <ele>62.0</ele>
      <time>2024-08-03T06:58:12Z</time>
    </trkpt>
    <trkpt lat="50.9472501" lon="6.8512439">
      <ele>62.2</ele>
      <time>2024-08-03T06:58:15Z</time>
    </trkpt>
    <trkpt lat="50.9469787" lon="6.8513054">
      <ele>62.2</ele>
      <time>2024-08-03T06:58:20Z</time>
    </trkpt>
    <trkpt lat="50.9465322" lon="6.8513915">
      <ele>62.4</ele>
      <time>2024-08-03T06:58:27Z</time>
    </trkpt>
    <trkpt lat="50.9462529" lon="6.8514407">
      <ele>62.0</ele>
      <time>2024-08-03T06:58:31Z</time>
    </trkpt>
    <trkpt lat="50.9461028" lon="6.8514598">
      <ele>61.6</ele>
      <time>2024-08-03T06:58:33Z</time>
    </trkpt>
    <trkpt lat="50.9458542" lon="6.8514955">
      <ele>60.8</ele>
      <time>2024-08-03T06:58:36Z</time>
    </trkpt>
    <trkpt lat="50.9457657" lon="6.8515062">
      <ele>60.6</ele>
      <time>2024-08-03T06:58:37Z</time>
    </trkpt>
    <trkpt lat="50.9456777" lon="6.8515404">
      <ele>60.2</ele>
      <time>2024-08-03T06:58:38Z</time>
    </trkpt>
    <trkpt lat="50.9455179" lon="6.8516399">
      <ele>59.4</ele>
      <time>2024-08-03T06:58:40Z</time>
    </trkpt>
    <trkpt lat="50.9454447" lon="6.8516919">
      <ele>58.8</ele>
      <time>2024-08-03T06:58:41Z</time>
    </trkpt>
    <trkpt lat="50.9452876" lon="6.8517916">
      <ele>58.2</ele>
      <time>2024-08-03T06:58:43Z</time>
    </trkpt>
    <trkpt lat="50.9450333" lon="6.8519536">
      <ele>57.0</ele>
      <time>2024-08-03T06:58:46Z</time>
    </trkpt>
    <trkpt lat="50.9448743" lon="6.8520935">
      <ele>55.4</ele>
      <time>2024-08-03T06:58:48Z</time>
    </trkpt>
    <trkpt lat="50.9447178" lon="6.8522501">
      <ele>54.2</ele>
      <time>2024-08-03T06:58:50Z</time>
    </trkpt>
    <trkpt lat="50.9446485" lon="6.8523198">
      <ele>54.0</ele>
      <time>2024-08-03T06:58:51Z</time>
    </trkpt>
    <trkpt lat="50.9445799" lon="6.8523818">
      <ele>53.6</ele>
      <time>2024-08-03T06:58:52Z</time>
    </trkpt>
    <trkpt lat="50.9441893" lon="6.8526886">
      <ele>53.6</ele>
      <time>2024-08-03T06:58:58Z</time>
    </trkpt>
    <trkpt lat="50.9439628" lon="6.8527865">
      <ele>55.4</ele>
      <time>2024-08-03T06:59:02Z</time>
    </trkpt>
    <trkpt lat="50.9439095" lon="6.8528024">
      <ele>55.6</ele>
      <time>2024-08-03T06:59:03Z</time>
    </trkpt>
    <trkpt lat="50.9438081" lon="6.8528335">
      <ele>56.6</ele>
      <time>2024-08-03T06:59:05Z</time>
    </trkpt>
    <trkpt lat="50.9436491" lon="6.8528646">
      <ele>57.6</ele>
      <time>2024-08-03T06:59:08Z</time>
    </trkpt>
    <trkpt lat="50.9435356" lon="6.8528706">
      <ele>58.0</ele>
      <time>2024-08-03T06:59:10Z</time>
    </trkpt>
    <trkpt lat="50.9433203" lon="6.8528535">
      <ele>58.6</ele>
      <time>2024-08-03T06:59:14Z</time>
    </trkpt>
    <trkpt lat="50.9430768" lon="6.8528471">
      <ele>59.0</ele>
      <time>2024-08-03T06:59:18Z</time>
    </trkpt>
    <trkpt lat="50.9425430" lon="6.8528404">
      <ele>59.4</ele>
      <time>2024-08-03T06:59:26Z</time>
    </trkpt>
    <trkpt lat="50.9423301" lon="6.8528331">
      <ele>59.8</ele>
      <time>2024-08-03T06:59:30Z</time>
    </trkpt>
    <trkpt lat="50.9422843" lon="6.8528243">
      <ele>59.8</ele>
      <time>2024-08-03T06:59:31Z</time>
    </trkpt>
    <trkpt lat="50.9422311" lon="6.8528168">
      <ele>60.0</ele>
      <time>2024-08-03T06:59:32Z</time>
    </trkpt>
    <trkpt lat="50.9421248" lon="6.8528411">
      <ele>60.4</ele>
      <time>2024-08-03T06:59:34Z</time>
    </trkpt>
    <trkpt lat="50.9420688" lon="6.8528465">
      <ele>60.4</ele>
      <time>2024-08-03T06:59:35Z</time>
    </trkpt>
    <trkpt lat="50.9417437" lon="6.8528497">
      <ele>60.6</ele>
      <time>2024-08-03T06:59:40Z</time>
    </trkpt>
    <trkpt lat="50.9412260" lon="6.8528112">
      <ele>60.2</ele>
      <time>2024-08-03T06:59:48Z</time>
    </trkpt>
    <trkpt lat="50.9407327" lon="6.8527680">
      <ele>60.8</ele>
      <time>2024-08-03T06:59:56Z</time>
    </trkpt>
    <trkpt lat="50.9406699" lon="6.8527627">
      <ele>60.8</ele>
      <time>2024-08-03T06:59:57Z</time>
    </trkpt>
    <trkpt lat="50.9403135" lon="6.8527424">
      <ele>61.0</ele>
      <time>2024-08-03T07:00:03Z</time>
    </trkpt>
    <trkpt lat="50.9401907" lon="6.8527332">
      <ele>61.0</ele>
      <time>2024-08-03T07:00:05Z</time>
    </trkpt>
    <trkpt lat="50.9397960" lon="6.8526679">
      <ele>61.2</ele>
      <time>2024-08-03T07:00:11Z</time>
    </trkpt>
    <trkpt lat="50.9394067" lon="6.8525736">
      <ele>60.6</ele>
      <time>2024-08-03T07:00:17Z</time>
    </trkpt>
    <trkpt lat="50.9393485" lon="6.8525659">
      <ele>60.6</ele>
      <time>2024-08-03T07:00:18Z</time>
    </trkpt>
    <trkpt lat="50.9392312" lon="6.8525434">
      <ele>60.4</ele>
      <time>2024-08-03T07:00:20Z</time>
    </trkpt>
    <trkpt lat="50.9389931" lon="6.8524664">
      <ele>60.4</ele>
      <time>2024-08-03T07:00:24Z</time>
    </trkpt>
    <trkpt lat="50.9386324" lon="6.8523896">
      <ele>60.8</ele>
      <time>2024-08-03T07:00:30Z</time>
    </trkpt>
    <trkpt lat="50.9385773" lon="6.8523810">
      <ele>61.0</ele>
      <time>2024-08-03T07:00:31Z</time>
    </trkpt>
    <trkpt lat="50.9384221" lon="6.8523668">
      <ele>61.2</ele>
      <time>2024-08-03T07:00:34Z</time>
    </trkpt>
    <trkpt lat="50.9383396" lon="6.8523704">
      <ele>61.4</ele>
      <time>2024-08-03T07:00:36Z</time>
    </trkpt>
    <trkpt lat="50.9382622" lon="6.8523450">
      <ele>61.8</ele>
      <time>2024-08-03T07:00:39Z</time>
    </trkpt>
    <trkpt lat="50.9382311" lon="6.8523384">
      <ele>62.2</ele>
      <time>2024-08-03T07:00:41Z</time>
    </trkpt>
    <trkpt lat="50.9382258" lon="6.8523392">
      <ele>62.4</ele>
      <time>2024-08-03T07:00:46Z</time>
    </trkpt>
    <trkpt lat="50.9381332" lon="6.8523245">
      <ele>62.0</ele>
      <time>2024-08-03T07:01:35Z</time>
    </trkpt>
    <trkpt lat="50.9379721" lon="6.8524094">
      <ele>62.0</ele>
      <time>2024-08-03T07:01:39Z</time>
    </trkpt>
    <trkpt lat="50.9378229" lon="6.8525076">
      <ele>61.8</ele>
      <time>2024-08-03T07:01:42Z</time>
    </trkpt>
    <trkpt lat="50.9377099" lon="6.8525423">
      <ele>61.6</ele>
      <time>2024-08-03T07:01:44Z</time>
    </trkpt>
    <trkpt lat="50.9374421" lon="6.8526101">
      <ele>61.2</ele>
      <time>2024-08-03T07:01:49Z</time>
    </trkpt>
    <trkpt lat="50.9370094" lon="6.8527418">
      <ele>61.0</ele>
      <time>2024-08-03T07:01:56Z</time>
    </trkpt>
    <trkpt lat="50.9366088" lon="6.8528589">
      <ele>60.6</ele>
      <time>2024-08-03T07:02:03Z</time>
    </trkpt>
    <trkpt lat="50.9364319" lon="6.8529142">
      <ele>60.4</ele>
      <time>2024-08-03T07:02:06Z</time>
    </trkpt>
    <trkpt lat="50.9360527" lon="6.8530255">
      <ele>60.6</ele>
      <time>2024-08-03T07:02:13Z</time>
    </trkpt>
    <trkpt lat="50.9358121" lon="6.8530919">
      <ele>60.6</ele>
      <time>2024-08-03T07:02:17Z</time>
    </trkpt>
    <trkpt lat="50.9357182" lon="6.8531260">
      <ele>60.6</ele>
      <time>2024-08-03T07:02:19Z</time>
    </trkpt>
    <trkpt lat="50.9356146" lon="6.8531620">
      <ele>60.6</ele>
      <time>2024-08-03T07:02:21Z</time>
    </trkpt>
    <trkpt lat="50.9353684" lon="6.8532358">
      <ele>60.4</ele>
      <time>2024-08-03T07:02:25Z</time>
    </trkpt>
    <trkpt lat="50.9352445" lon="6.8532414">
      <ele>60.4</ele>
      <time>2024-08-03T07:02:27Z</time>
    </trkpt>
    <trkpt lat="50.9347548" lon="6.8532573">
      <ele>60.2</ele>
      <time>2024-08-03T07:02:35Z</time>
    </trkpt>
    <trkpt lat="50.9342774" lon="6.8532842">
      <ele>60.4</ele>
      <time>2024-08-03T07:02:43Z</time>
    </trkpt>
    <trkpt lat="50.9339828" lon="6.8533158">
      <ele>60.6</ele>
      <time>2024-08-03T07:02:48Z</time>
    </trkpt>
    <trkpt lat="50.9339164" lon="6.8533183">
      <ele>60.6</ele>
      <time>2024-08-03T07:02:49Z</time>
    </trkpt>
    <trkpt lat="50.9333342" lon="6.8534038">
      <ele>60.6</ele>
      <time>2024-08-03T07:02:58Z</time>
    </trkpt>
    <trkpt lat="50.9332719" lon="6.8534143">
      <ele>60.6</ele>
      <time>2024-08-03T07:02:59Z</time>
    </trkpt>
    <trkpt lat="50.9328048" lon="6.8534868">
      <ele>60.4</ele>
      <time>2024-08-03T07:03:07Z</time>
    </trkpt>
    <trkpt lat="50.9327598" lon="6.8535027">
      <ele>60.4</ele>
      <time>2024-08-03T07:03:08Z</time>
    </trkpt>
    <trkpt lat="50.9326566" lon="6.8536074">
      <ele>60.4</ele>
      <time>2024-08-03T07:03:10Z</time>
    </trkpt>
    <trkpt lat="50.9325908" lon="6.8537839">
      <ele>60.4</ele>
      <time>2024-08-03T07:03:12Z</time>
    </trkpt>
    <trkpt lat="50.9325735" lon="6.8539032">
      <ele>60.2</ele>
      <time>2024-08-03T07:03:13Z</time>
    </trkpt>
    <trkpt lat="50.9324867" lon="6.8546824">
      <ele>59.8</ele>
      <time>2024-08-03T07:03:21Z</time>
    </trkpt>
    <trkpt lat="50.9323839" lon="6.8553854">
      <ele>60.4</ele>
      <time>2024-08-03T07:03:28Z</time>
    </trkpt>
    <trkpt lat="50.9322756" lon="6.8559855">
      <ele>60.8</ele>
      <time>2024-08-03T07:03:34Z</time>
    </trkpt>
    <trkpt lat="50.9322435" lon="6.8562733">
      <ele>60.6</ele>
      <time>2024-08-03T07:03:37Z</time>
    </trkpt>
    <trkpt lat="50.9322097" lon="6.8565126">
      <ele>60.8</ele>
      <time>2024-08-03T07:03:40Z</time>
    </trkpt>
    <trkpt lat="50.9321853" lon="6.8566146">
      <ele>60.8</ele>
      <time>2024-08-03T07:03:43Z</time>
    </trkpt>
    <trkpt lat="50.9321799" lon="6.8566441">
      <ele>60.8</ele>
      <time>2024-08-03T07:03:44Z</time>
    </trkpt>
    <trkpt lat="50.9321544" lon="6.8567516">
      <ele>61.0</ele>
      <time>2024-08-03T07:03:47Z</time>
    </trkpt>
    <trkpt lat="50.9320788" lon="6.8570565">
      <ele>61.2</ele>
      <time>2024-08-03T07:03:52Z</time>
    </trkpt>
    <trkpt lat="50.9320198" lon="6.8573900">
      <ele>61.0</ele>
      <time>2024-08-03T07:03:57Z</time>
    </trkpt>
    <trkpt lat="50.9319923" lon="6.8574116">
      <ele>60.8</ele>
      <time>2024-08-03T07:03:58Z</time>
    </trkpt>
    <trkpt lat="50.9318720" lon="6.8573782">
      <ele>60.8</ele>
      <time>2024-08-03T07:04:01Z</time>
    </trkpt>
    <trkpt lat="50.9318263" lon="6.8573763">
      <ele>60.8</ele>
      <time>2024-08-03T07:04:02Z</time>
    </trkpt>
    <trkpt lat="50.9315846" lon="6.8574506">
      <ele>60.8</ele>
      <time>2024-08-03T07:04:07Z</time>
    </trkpt>
    <trkpt lat="50.9312675" lon="6.8576202">
      <ele>61.2</ele>
      <time>2024-08-03T07:04:13Z</time>
    </trkpt>
    <trkpt lat="50.9311560" lon="6.8576881">
      <ele>61.6</ele>
      <time>2024-08-03T07:04:15Z</time>
    </trkpt>
    <trkpt lat="50.9310565" lon="6.8577453">
      <ele>62.0</ele>
      <time>2024-08-03T07:04:17Z</time>
    </trkpt>
    <trkpt lat="50.9309645" lon="6.8577792">
      <ele>62.2</ele>
      <time>2024-08-03T07:04:19Z</time>
    </trkpt>
    <trkpt lat="50.9309202" lon="6.8577954">
      <ele>62.2</ele>
      <time>2024-08-03T07:04:20Z</time>
    </trkpt>
    <trkpt lat="50.9308031" lon="6.8578272">
      <ele>62.8</ele>
      <time>2024-08-03T07:04:23Z</time>
    </trkpt>
    <trkpt lat="50.9307553" lon="6.8578374">
      <ele>63.0</ele>
      <time>2024-08-03T07:04:24Z</time>
    </trkpt>
    <trkpt lat="50.9306367" lon="6.8578494">
      <ele>63.2</ele>
      <time>2024-08-03T07:04:26Z</time>
    </trkpt>
    <trkpt lat="50.9303633" lon="6.8578436">
      <ele>63.6</ele>
      <time>2024-08-03T07:04:31Z</time>
    </trkpt>
    <trkpt lat="50.9302596" lon="6.8578257">
      <ele>63.8</ele>
      <time>2024-08-03T07:04:33Z</time>
    </trkpt>
    <trkpt lat="50.9302162" lon="6.8578071">
      <ele>63.8</ele>
      <time>2024-08-03T07:04:34Z</time>
    </trkpt>
    <trkpt lat="50.9301070" lon="6.8577444">
      <ele>64.0</ele>
      <time>2024-08-03T07:04:36Z</time>
    </trkpt>
    <trkpt lat="50.9297887" lon="6.8574452">
      <ele>64.0</ele>
      <time>2024-08-03T07:04:42Z</time>
    </trkpt>
    <trkpt lat="50.9297146" lon="6.8573257">
      <ele>63.8</ele>
      <time>2024-08-03T07:04:44Z</time>
    </trkpt>
    <trkpt lat="50.9295321" lon="6.8569968">
      <ele>63.6</ele>
      <time>2024-08-03T07:04:49Z</time>
    </trkpt>
    <trkpt lat="50.9292836" lon="6.8563305">
      <ele>62.8</ele>
      <time>2024-08-03T07:04:57Z</time>
    </trkpt>
    <trkpt lat="50.9292260" lon="6.8561536">
      <ele>62.8</ele>
      <time>2024-08-03T07:04:59Z</time>
    </trkpt>
    <trkpt lat="50.9291252" lon="6.8560831">
      <ele>62.6</ele>
      <time>2024-08-03T07:05:01Z</time>
    </trkpt>
    <trkpt lat="50.9288011" lon="6.8561858">
      <ele>62.4</ele>
      <time>2024-08-03T07:05:06Z</time>
    </trkpt>
    <trkpt lat="50.9282559" lon="6.8563847">
      <ele>61.6</ele>
      <time>2024-08-03T07:05:14Z</time>
    </trkpt>
    <trkpt lat="50.9281889" lon="6.8564126">
      <ele>61.6</ele>
      <time>2024-08-03T07:05:15Z</time>
    </trkpt>
    <trkpt lat="50.9276754" lon="6.8566189">
      <ele>61.6</ele>
      <time>2024-08-03T07:05:23Z</time>
    </trkpt>
    <trkpt lat="50.9272161" lon="6.8567795">
      <ele>61.8</ele>
      <time>2024-08-03T07:05:30Z</time>
    </trkpt>
    <trkpt lat="50.9267132" lon="6.8569275">
      <ele>61.8</ele>
      <time>2024-08-03T07:05:38Z</time>
    </trkpt>
    <trkpt lat="50.9262177" lon="6.8570622">
      <ele>61.8</ele>
      <time>2024-08-03T07:05:46Z</time>
    </trkpt>
    <trkpt lat="50.9256507" lon="6.8571578">
      <ele>61.4</ele>
      <time>2024-08-03T07:05:55Z</time>
    </trkpt>
    <trkpt lat="50.9252193" lon="6.8572651">
      <ele>60.4</ele>
      <time>2024-08-03T07:06:01Z</time>
    </trkpt>
    <trkpt lat="50.9246618" lon="6.8574278">
      <ele>60.2</ele>
      <time>2024-08-03T07:06:09Z</time>
    </trkpt>
    <trkpt lat="50.9243801" lon="6.8575144">
      <ele>60.2</ele>
      <time>2024-08-03T07:06:13Z</time>
    </trkpt>
    <trkpt lat="50.9238283" lon="6.8576802">
      <ele>60.2</ele>
      <time>2024-08-03T07:06:21Z</time>
    </trkpt>
    <trkpt lat="50.9236190" lon="6.8577554">
      <ele>60.2</ele>
      <time>2024-08-03T07:06:24Z</time>
    </trkpt>
    <trkpt lat="50.9230864" lon="6.8579587">
      <ele>60.4</ele>
      <time>2024-08-03T07:06:32Z</time>
    </trkpt>
    <trkpt lat="50.9230046" lon="6.8579852">
      <ele>60.4</ele>
      <time>2024-08-03T07:06:33Z</time>
    </trkpt>
    <trkpt lat="50.9224663" lon="6.8581764">
      <ele>60.2</ele>
      <time>2024-08-03T07:06:41Z</time>
    </trkpt>
    <trkpt lat="50.9222666" lon="6.8582481">
      <ele>60.2</ele>
      <time>2024-08-03T07:06:44Z</time>
    </trkpt>
    <trkpt lat="50.9219620" lon="6.8584566">
      <ele>60.4</ele>
      <time>2024-08-03T07:06:49Z</time>
    </trkpt>
    <trkpt lat="50.9216734" lon="6.8588900">
      <ele>60.2</ele>
      <time>2024-08-03T07:06:55Z</time>
    </trkpt>
    <trkpt lat="50.9214654" lon="6.8594543">
      <ele>59.6</ele>
      <time>2024-08-03T07:07:01Z</time>
    </trkpt>
    <trkpt lat="50.9213618" lon="6.8597163">
      <ele>59.4</ele>
      <time>2024-08-03T07:07:04Z</time>
    </trkpt>
    <trkpt lat="50.9211940" lon="6.8601034">
      <ele>60.0</ele>
      <time>2024-08-03T07:07:09Z</time>
    </trkpt>
    <trkpt lat="50.9211604" lon="6.8601434">
      <ele>59.2</ele>
      <time>2024-08-03T07:07:10Z</time>
    </trkpt>
    <trkpt lat="50.9211217" lon="6.8601579">
      <ele>59.2</ele>
      <time>2024-08-03T07:07:11Z</time>
    </trkpt>
    <trkpt lat="50.9210510" lon="6.8601163">
      <ele>59.2</ele>
      <time>2024-08-03T07:07:13Z</time>
    </trkpt>
    <trkpt lat="50.9210077" lon="6.8599982">
      <ele>59.2</ele>
      <time>2024-08-03T07:07:15Z</time>
    </trkpt>
    <trkpt lat="50.9210076" lon="6.8599288">
      <ele>59.2</ele>
      <time>2024-08-03T07:07:16Z</time>
    </trkpt>
    <trkpt lat="50.9209982" lon="6.8598646">
      <ele>59.0</ele>
      <time>2024-08-03T07:07:17Z</time>
    </trkpt>
    <trkpt lat="50.9208135" lon="6.8588410">
      <ele>58.2</ele>
      <time>2024-08-03T07:07:27Z</time>
    </trkpt>
    <trkpt lat="50.9206394" lon="6.8579545">
      <ele>57.6</ele>
      <time>2024-08-03T07:07:35Z</time>
    </trkpt>
    <trkpt lat="50.9205893" lon="6.8577779">
      <ele>57.6</ele>
      <time>2024-08-03T07:07:37Z</time>
    </trkpt>
    <trkpt lat="50.9205175" lon="6.8575028">
      <ele>57.8</ele>
      <time>2024-08-03T07:07:41Z</time>
    </trkpt>
    <trkpt lat="50.9203846" lon="6.8568452">
      <ele>58.2</ele>
      <time>2024-08-03T07:07:50Z</time>
    </trkpt>
    <trkpt lat="50.9203340" lon="6.8567952">
      <ele>58.2</ele>
      <time>2024-08-03T07:07:53Z</time>
    </trkpt>
    <trkpt lat="50.9203340" lon="6.8567952">
      <ele>58.4</ele>
      <time>2024-08-03T07:07:57Z</time>
    </trkpt>
    <trkpt lat="50.9203054" lon="6.8567718">
      <ele>59.0</ele>
      <time>2024-08-03T07:08:07Z</time>
    </trkpt>
    <trkpt lat="50.9202861" lon="6.8567370">
      <ele>59.0</ele>
      <time>2024-08-03T07:08:08Z</time>
    </trkpt>
    <trkpt lat="50.9202320" lon="6.8566747">
      <ele>58.8</ele>
      <time>2024-08-03T07:08:10Z</time>
    </trkpt>
    <trkpt lat="50.9201898" lon="6.8566714">
      <ele>58.8</ele>
      <time>2024-08-03T07:08:11Z</time>
    </trkpt>
    <trkpt lat="50.9201400" lon="6.8566849">
      <ele>58.8</ele>
      <time>2024-08-03T07:08:12Z</time>
    </trkpt>
    <trkpt lat="50.9200240" lon="6.8567390">
      <ele>58.4</ele>
      <time>2024-08-03T07:08:14Z</time>
    </trkpt>
    <trkpt lat="50.9196338" lon="6.8569530">
      <ele>57.4</ele>
      <time>2024-08-03T07:08:20Z</time>
    </trkpt>
    <trkpt lat="50.9191367" lon="6.8572425">
      <ele>56.2</ele>
      <time>2024-08-03T07:08:27Z</time>
    </trkpt>
    <trkpt lat="50.9186087" lon="6.8575540">
      <ele>56.2</ele>
      <time>2024-08-03T07:08:35Z</time>
    </trkpt>
    <trkpt lat="50.9185446" lon="6.8575897">
      <ele>56.2</ele>
      <time>2024-08-03T07:08:36Z</time>
    </trkpt>
    <trkpt lat="50.9180334" lon="6.8578725">
      <ele>56.6</ele>
      <time>2024-08-03T07:08:44Z</time>
    </trkpt>
    <trkpt lat="50.9179714" lon="6.8579064">
      <ele>56.6</ele>
      <time>2024-08-03T07:08:45Z</time>
    </trkpt>
    <trkpt lat="50.9174191" lon="6.8581868">
      <ele>56.8</ele>
      <time>2024-08-03T07:08:54Z</time>
    </trkpt>
    <trkpt lat="50.9173559" lon="6.8582153">
      <ele>57.0</ele>
      <time>2024-08-03T07:08:55Z</time>
    </trkpt>
    <trkpt lat="50.9168003" lon="6.8584430">
      <ele>57.0</ele>
      <time>2024-08-03T07:09:04Z</time>
    </trkpt>
    <trkpt lat="50.9167374" lon="6.8584638">
      <ele>57.2</ele>
      <time>2024-08-03T07:09:05Z</time>
    </trkpt>
    <trkpt lat="50.9164885" lon="6.8585530">
      <ele>57.4</ele>
      <time>2024-08-03T07:09:09Z</time>
    </trkpt>
    <trkpt lat="50.9161775" lon="6.8587029">
      <ele>57.8</ele>
      <time>2024-08-03T07:09:14Z</time>
    </trkpt>
    <trkpt lat="50.9156691" lon="6.8589495">
      <ele>58.0</ele>
      <time>2024-08-03T07:09:22Z</time>
    </trkpt>
    <trkpt lat="50.9151063" lon="6.8592581">
      <ele>57.4</ele>
      <time>2024-08-03T07:09:31Z</time>
    </trkpt>
    <trkpt lat="50.9146217" lon="6.8595543">
      <ele>57.4</ele>
      <time>2024-08-03T07:09:39Z</time>
    </trkpt>
    <trkpt lat="50.9140761" lon="6.8598672">
      <ele>57.0</ele>
      <time>2024-08-03T07:09:48Z</time>
    </trkpt>
    <trkpt lat="50.9138903" lon="6.8599725">
      <ele>57.0</ele>
      <time>2024-08-03T07:09:51Z</time>
    </trkpt>
    <trkpt lat="50.9133505" lon="6.8602601">
      <ele>57.2</ele>
      <time>2024-08-03T07:10:00Z</time>
    </trkpt>
    <trkpt lat="50.9127910" lon="6.8605259">
      <ele>57.4</ele>
      <time>2024-08-03T07:10:09Z</time>
    </trkpt>
    <trkpt lat="50.9126667" lon="6.8605747">
      <ele>57.6</ele>
      <time>2024-08-03T07:10:11Z</time>
    </trkpt>
    <trkpt lat="50.9121009" lon="6.8607913">
      <ele>57.6</ele>
      <time>2024-08-03T07:10:20Z</time>
    </trkpt>
    <trkpt lat="50.9120401" lon="6.8608162">
      <ele>57.6</ele>
      <time>2024-08-03T07:10:21Z</time>
    </trkpt>
    <trkpt lat="50.9115379" lon="6.8610270">
      <ele>57.8</ele>
      <time>2024-08-03T07:10:29Z</time>
    </trkpt>
    <trkpt lat="50.9109769" lon="6.8612879">
      <ele>57.6</ele>
      <time>2024-08-03T07:10:38Z</time>
    </trkpt>
    <trkpt lat="50.9104339" lon="6.8616309">
      <ele>57.4</ele>
      <time>2024-08-03T07:10:47Z</time>
    </trkpt>
    <trkpt lat="50.9103746" lon="6.8616728">
      <ele>57.4</ele>
      <time>2024-08-03T07:10:48Z</time>
    </trkpt>
    <trkpt lat="50.9099530" lon="6.8619286">
      <ele>57.4</ele>
      <time>2024-08-03T07:10:55Z</time>
    </trkpt>
    <trkpt lat="50.9094894" lon="6.8622974">
      <ele>57.2</ele>
      <time>2024-08-03T07:11:03Z</time>
    </trkpt>
    <trkpt lat="50.9091639" lon="6.8625509">
      <ele>57.0</ele>
      <time>2024-08-03T07:11:09Z</time>
    </trkpt>
    <trkpt lat="50.9088357" lon="6.8627468">
      <ele>56.8</ele>
      <time>2024-08-03T07:11:14Z</time>
    </trkpt>
    <trkpt lat="50.9087730" lon="6.8627850">
      <ele>56.8</ele>
      <time>2024-08-03T07:11:15Z</time>
    </trkpt>
    <trkpt lat="50.9084539" lon="6.8629573">
      <ele>56.6</ele>
      <time>2024-08-03T07:11:20Z</time>
    </trkpt>
    <trkpt lat="50.9083921" lon="6.8629949">
      <ele>56.4</ele>
      <time>2024-08-03T07:11:21Z</time>
    </trkpt>
    <trkpt lat="50.9079544" lon="6.8632347">
      <ele>56.2</ele>
      <time>2024-08-03T07:11:28Z</time>
    </trkpt>
    <trkpt lat="50.9073986" lon="6.8635451">
      <ele>55.8</ele>
      <time>2024-08-03T07:11:37Z</time>
    </trkpt>
    <trkpt lat="50.9073365" lon="6.8635766">
      <ele>55.8</ele>
      <time>2024-08-03T07:11:38Z</time>
    </trkpt>
    <trkpt lat="50.9068073" lon="6.8638729">
      <ele>56.2</ele>
      <time>2024-08-03T07:11:47Z</time>
    </trkpt>
    <trkpt lat="50.9066276" lon="6.8639679">
      <ele>56.4</ele>
      <time>2024-08-03T07:11:50Z</time>
    </trkpt>
    <trkpt lat="50.9061020" lon="6.8642549">
      <ele>56.6</ele>
      <time>2024-08-03T07:11:59Z</time>
    </trkpt>
    <trkpt lat="50.9056481" lon="6.8645080">
      <ele>56.6</ele>
      <time>2024-08-03T07:12:07Z</time>
    </trkpt>
    <trkpt lat="50.9053593" lon="6.8646751">
      <ele>56.8</ele>
      <time>2024-08-03T07:12:13Z</time>
    </trkpt>
    <trkpt lat="50.9053150" lon="6.8646886">
      <ele>57.0</ele>
      <time>2024-08-03T07:12:14Z</time>
    </trkpt>
    <trkpt lat="50.9052220" lon="6.8646878">
      <ele>57.0</ele>
      <time>2024-08-03T07:12:16Z</time>
    </trkpt>
    <trkpt lat="50.9051805" lon="6.8646772">
      <ele>57.0</ele>
      <time>2024-08-03T07:12:17Z</time>
    </trkpt>
    <trkpt lat="50.9050655" lon="6.8646258">
      <ele>57.2</ele>
      <time>2024-08-03T07:12:21Z</time>
    </trkpt>
    <trkpt lat="50.9050411" lon="6.8646085">
      <ele>57.4</ele>
      <time>2024-08-03T07:12:22Z</time>
    </trkpt>
    <trkpt lat="50.9050121" lon="6.8645110">
      <ele>57.4</ele>
      <time>2024-08-03T07:12:24Z</time>
    </trkpt>
    <trkpt lat="50.9049377" lon="6.8641205">
      <ele>57.6</ele>
      <time>2024-08-03T07:12:29Z</time>
    </trkpt>
    <trkpt lat="50.9047765" lon="6.8634380">
      <ele>56.8</ele>
      <time>2024-08-03T07:12:37Z</time>
    </trkpt>
    <trkpt lat="50.9045585" lon="6.8626112">
      <ele>57.0</ele>
      <time>2024-08-03T07:12:47Z</time>
    </trkpt>
    <trkpt lat="50.9040316" lon="6.8610775">
      <ele>57.2</ele>
      <time>2024-08-03T07:13:08Z</time>
    </trkpt>
    <trkpt lat="50.9038984" lon="6.8607017">
      <ele>57.4</ele>
      <time>2024-08-03T07:13:13Z</time>
    </trkpt>
    <trkpt lat="50.9036296" lon="6.8599671">
      <ele>57.6</ele>
      <time>2024-08-03T07:13:23Z</time>
    </trkpt>
    <trkpt lat="50.9034047" lon="6.8591839">
      <ele>57.8</ele>
      <time>2024-08-03T07:13:33Z</time>
    </trkpt>
    <trkpt lat="50.9032837" lon="6.8586079">
      <ele>57.8</ele>
      <time>2024-08-03T07:13:40Z</time>
    </trkpt>
    <trkpt lat="50.9031721" lon="6.8581075">
      <ele>58.0</ele>
      <time>2024-08-03T07:13:46Z</time>
    </trkpt>
    <trkpt lat="50.9030277" lon="6.8574384">
      <ele>58.2</ele>
      <time>2024-08-03T07:13:54Z</time>
    </trkpt>
    <trkpt lat="50.9028121" lon="6.8566457">
      <ele>58.6</ele>
      <time>2024-08-03T07:14:04Z</time>
    </trkpt>
    <trkpt lat="50.9025435" lon="6.8558135">
      <ele>58.8</ele>
      <time>2024-08-03T07:14:15Z</time>
    </trkpt>
    <trkpt lat="50.9025178" lon="6.8557372">
      <ele>59.0</ele>
      <time>2024-08-03T07:14:16Z</time>
    </trkpt>
    <trkpt lat="50.9023262" lon="6.8551450">
      <ele>59.2</ele>
      <time>2024-08-03T07:14:24Z</time>
    </trkpt>
    <trkpt lat="50.9020675" lon="6.8543023">
      <ele>59.4</ele>
      <time>2024-08-03T07:14:35Z</time>
    </trkpt>
    <trkpt lat="50.9018463" lon="6.8535889">
      <ele>59.4</ele>
      <time>2024-08-03T07:14:44Z</time>
    </trkpt>
    <trkpt lat="50.9015928" lon="6.8527910">
      <ele>59.6</ele>
      <time>2024-08-03T07:14:54Z</time>
    </trkpt>
    <trkpt lat="50.9015663" lon="6.8527106">
      <ele>59.6</ele>
      <time>2024-08-03T07:14:55Z</time>
    </trkpt>
    <trkpt lat="50.9013388" lon="6.8520931">
      <ele>59.8</ele>
      <time>2024-08-03T07:15:03Z</time>
    </trkpt>
    <trkpt lat="50.9010719" lon="6.8514212">
      <ele>59.6</ele>
      <time>2024-08-03T07:15:12Z</time>
    </trkpt>
    <trkpt lat="50.9009504" lon="6.8511305">
      <ele>59.8</ele>
      <time>2024-08-03T07:15:16Z</time>
    </trkpt>
    <trkpt lat="50.9007961" lon="6.8507746">
      <ele>60.0</ele>
      <time>2024-08-03T07:15:21Z</time>
    </trkpt>
    <trkpt lat="50.9005690" lon="6.8502767">
      <ele>60.6</ele>
      <time>2024-08-03T07:15:28Z</time>
    </trkpt>
    <trkpt lat="50.9003091" lon="6.8498214">
      <ele>60.6</ele>
      <time>2024-08-03T07:15:34Z</time>
    </trkpt>
    <trkpt lat="50.9002015" lon="6.8495809">
      <ele>60.6</ele>
      <time>2024-08-03T07:15:37Z</time>
    </trkpt>
    <trkpt lat="50.9001353" lon="6.8494231">
      <ele>60.6</ele>
      <time>2024-08-03T07:15:39Z</time>
    </trkpt>
    <trkpt lat="50.8998711" lon="6.8488991">
      <ele>60.6</ele>
      <time>2024-08-03T07:15:46Z</time>
    </trkpt>
    <trkpt lat="50.8998003" lon="6.8487565">
      <ele>60.8</ele>
      <time>2024-08-03T07:15:48Z</time>
    </trkpt>
    <trkpt lat="50.8997707" lon="6.8486906">
      <ele>61.0</ele>
      <time>2024-08-03T07:15:49Z</time>
    </trkpt>
    <trkpt lat="50.8997058" lon="6.8485516">
      <ele>61.0</ele>
      <time>2024-08-03T07:15:51Z</time>
    </trkpt>
    <trkpt lat="50.8996460" lon="6.8484176">
      <ele>61.2</ele>
      <time>2024-08-03T07:15:53Z</time>
    </trkpt>
    <trkpt lat="50.8995761" lon="6.8482762">
      <ele>61.2</ele>
      <time>2024-08-03T07:15:55Z</time>
    </trkpt>
    <trkpt lat="50.8993022" lon="6.8477005">
      <ele>61.6</ele>
      <time>2024-08-03T07:16:03Z</time>
    </trkpt>
    <trkpt lat="50.8992665" lon="6.8476328">
      <ele>61.6</ele>
      <time>2024-08-03T07:16:04Z</time>
    </trkpt>
    <trkpt lat="50.8990916" lon="6.8473027">
      <ele>61.6</ele>
      <time>2024-08-03T07:16:09Z</time>
    </trkpt>
    <trkpt lat="50.8987779" lon="6.8467449">
      <ele>61.6</ele>
      <time>2024-08-03T07:16:17Z</time>
    </trkpt>
    <trkpt lat="50.8984478" lon="6.8460824">
      <ele>61.8</ele>
      <time>2024-08-03T07:16:27Z</time>
    </trkpt>
    <trkpt lat="50.8983531" lon="6.8458928">
      <ele>61.8</ele>
      <time>2024-08-03T07:16:30Z</time>
    </trkpt>
    <trkpt lat="50.8982049" lon="6.8455917">
      <ele>62.2</ele>
      <time>2024-08-03T07:16:35Z</time>
    </trkpt>
    <trkpt lat="50.8980641" lon="6.8452948">
      <ele>62.6</ele>
      <time>2024-08-03T07:16:41Z</time>
    </trkpt>
    <trkpt lat="50.8979510" lon="6.8450835">
      <ele>62.8</ele>
      <time>2024-08-03T07:16:46Z</time>
    </trkpt>
    <trkpt lat="50.8979235" lon="6.8450261">
      <ele>63.0</ele>
      <time>2024-08-03T07:16:47Z</time>
    </trkpt>
    <trkpt lat="50.8977968" lon="6.8447803">
      <ele>63.0</ele>
      <time>2024-08-03T07:16:51Z</time>
    </trkpt>
    <trkpt lat="50.8975393" lon="6.8443401">
      <ele>62.6</ele>
      <time>2024-08-03T07:16:58Z</time>
    </trkpt>
    <trkpt lat="50.8971664" lon="6.8437239">
      <ele>62.4</ele>
      <time>2024-08-03T07:17:08Z</time>
    </trkpt>
    <trkpt lat="50.8967814" lon="6.8432609">
      <ele>63.0</ele>
      <time>2024-08-03T07:17:17Z</time>
    </trkpt>
    <trkpt lat="50.8963904" lon="6.8429301">
      <ele>63.2</ele>
      <time>2024-08-03T07:17:25Z</time>
    </trkpt>
    <trkpt lat="50.8958781" lon="6.8425893">
      <ele>63.2</ele>
      <time>2024-08-03T07:17:35Z</time>
    </trkpt>
    <trkpt lat="50.8953314" lon="6.8422335">
      <ele>63.8</ele>
      <time>2024-08-03T07:17:46Z</time>
    </trkpt>
    <trkpt lat="50.8951881" lon="6.8421408">
      <ele>64.0</ele>
      <time>2024-08-03T07:17:49Z</time>
    </trkpt>
    <trkpt lat="50.8950864" lon="6.8420749">
      <ele>64.4</ele>
      <time>2024-08-03T07:17:51Z</time>
    </trkpt>
    <trkpt lat="50.8950004" lon="6.8420053">
      <ele>64.4</ele>
      <time>2024-08-03T07:17:53Z</time>
    </trkpt>
    <trkpt lat="50.8946043" lon="6.8416573">
      <ele>65.0</ele>
      <time>2024-08-03T07:18:02Z</time>
    </trkpt>
    <trkpt lat="50.8945639" lon="6.8416275">
      <ele>65.2</ele>
      <time>2024-08-03T07:18:03Z</time>
    </trkpt>
    <trkpt lat="50.8945194" lon="6.8416135">
      <ele>65.2</ele>
      <time>2024-08-03T07:18:04Z</time>
    </trkpt>
    <trkpt lat="50.8944005" lon="6.8416041">
      <ele>65.2</ele>
      <time>2024-08-03T07:18:07Z</time>
    </trkpt>
    <trkpt lat="50.8943393" lon="6.8415919">
      <ele>65.6</ele>
      <time>2024-08-03T07:18:11Z</time>
    </trkpt>
    <trkpt lat="50.8943193" lon="6.8416021">
      <ele>66.0</ele>
      <time>2024-08-03T07:18:34Z</time>
    </trkpt>
    <trkpt lat="50.8943174" lon="6.8416096">
      <ele>66.0</ele>
      <time>2024-08-03T07:18:36Z</time>
    </trkpt>
    <trkpt lat="50.8943174" lon="6.8416096">
      <ele>66.0</ele>
      <time>2024-08-03T07:18:53Z</time>
    </trkpt>
    <trkpt lat="50.8943174" lon="6.8416096">
      <ele>65.8</ele>
      <time>2024-08-03T07:19:19Z</time>
    </trkpt>
    <trkpt lat="50.8943174" lon="6.8416096">
      <ele>65.8</ele>
      <time>2024-08-03T07:19:34Z</time>
    </trkpt>
    <trkpt lat="50.8943174" lon="6.8416096">
      <ele>65.6</ele>
      <time>2024-08-03T07:20:52Z</time>
    </trkpt>
    <trkpt lat="50.8943174" lon="6.8416096">
      <ele>65.4</ele>
      <time>2024-08-03T07:22:19Z</time>
    </trkpt>
    <trkpt lat="50.8943174" lon="6.8416096">
      <ele>65.2</ele>
      <time>2024-08-03T07:24:34Z</time>
    </trkpt>
    <trkpt lat="50.8943174" lon="6.8416096">
      <ele>65.2</ele>
      <time>2024-08-03T07:25:28Z</time>
    </trkpt>
    <trkpt lat="50.8940421" lon="6.8409177">
      <ele>65.0</ele>
      <time>2024-08-03T07:42:17Z</time>
    </trkpt>
    <trkpt lat="50.8936475" lon="6.8408189">
      <ele>65.0</ele>
      <time>2024-08-03T07:42:20Z</time>
    </trkpt>
    <trkpt lat="50.8936356" lon="6.8407614">
      <ele>65.0</ele>
      <time>2024-08-03T07:42:21Z</time>
    </trkpt>
    <trkpt lat="50.8933989" lon="6.8404093">
      <ele>65.0</ele>
      <time>2024-08-03T07:42:29Z</time>
    </trkpt>
    <trkpt lat="50.8933151" lon="6.8402814">
      <ele>65.2</ele>
      <time>2024-08-03T07:42:32Z</time>
    </trkpt>
    <trkpt lat="50.8932579" lon="6.8401614">
      <ele>65.4</ele>
      <time>2024-08-03T07:42:34Z</time>
    </trkpt>
    <trkpt lat="50.8932258" lon="6.8401036">
      <ele>65.6</ele>
      <time>2024-08-03T07:42:35Z</time>
    </trkpt>
    <trkpt lat="50.8930825" lon="6.8398980">
      <ele>65.6</ele>
      <time>2024-08-03T07:42:39Z</time>
    </trkpt>
    <trkpt lat="50.8930061" lon="6.8398077">
      <ele>65.8</ele>
      <time>2024-08-03T07:42:41Z</time>
    </trkpt>
    <trkpt lat="50.8928995" lon="6.8396461">
      <ele>65.8</ele>
      <time>2024-08-03T07:42:44Z</time>
    </trkpt>
    <trkpt lat="50.8925985" lon="6.8393184">
      <ele>66.0</ele>
      <time>2024-08-03T07:42:51Z</time>
    </trkpt>
    <trkpt lat="50.8924648" lon="6.8391807">
      <ele>66.2</ele>
      <time>2024-08-03T07:42:54Z</time>
    </trkpt>
    <trkpt lat="50.8922749" lon="6.8390399">
      <ele>66.4</ele>
      <time>2024-08-03T07:42:58Z</time>
    </trkpt>
    <trkpt lat="50.8919385" lon="6.8388955">
      <ele>66.6</ele>
      <time>2024-08-03T07:43:05Z</time>
    </trkpt>
    <trkpt lat="50.8916899" lon="6.8387622">
      <ele>66.8</ele>
      <time>2024-08-03T07:43:10Z</time>
    </trkpt>
    <trkpt lat="50.8916019" lon="6.8386829">
      <ele>66.8</ele>
      <time>2024-08-03T07:43:12Z</time>
    </trkpt>
    <trkpt lat="50.8912936" lon="6.8383988">
      <ele>66.8</ele>
      <time>2024-08-03T07:43:19Z</time>
    </trkpt>
    <trkpt lat="50.8912512" lon="6.8383584">
      <ele>66.8</ele>
      <time>2024-08-03T07:43:20Z</time>
    </trkpt>
    <trkpt lat="50.8910021" lon="6.8380663">
      <ele>67.0</ele>
      <time>2024-08-03T07:43:26Z</time>
    </trkpt>
    <trkpt lat="50.8909317" lon="6.8379410">
      <ele>67.2</ele>
      <time>2024-08-03T07:43:28Z</time>
    </trkpt>
    <trkpt lat="50.8908794" lon="6.8378018">
      <ele>67.2</ele>
      <time>2024-08-03T07:43:30Z</time>
    </trkpt>
    <trkpt lat="50.8908655" lon="6.8377290">
      <ele>67.4</ele>
      <time>2024-08-03T07:43:31Z</time>
    </trkpt>
    <trkpt lat="50.8908684" lon="6.8376518">
      <ele>67.6</ele>
      <time>2024-08-03T07:43:32Z</time>
    </trkpt>
    <trkpt lat="50.8909076" lon="6.8375038">
      <ele>67.8</ele>
      <time>2024-08-03T07:43:34Z</time>
    </trkpt>
    <trkpt lat="50.8909331" lon="6.8373536">
      <ele>67.8</ele>
      <time>2024-08-03T07:43:36Z</time>
    </trkpt>
    <trkpt lat="50.8909163" lon="6.8371918">
      <ele>68.0</ele>
      <time>2024-08-03T07:43:38Z</time>
    </trkpt>
    <trkpt lat="50.8908373" lon="6.8369570">
      <ele>68.2</ele>
      <time>2024-08-03T07:43:41Z</time>
    </trkpt>
    <trkpt lat="50.8907455" lon="6.8366350">
      <ele>68.2</ele>
      <time>2024-08-03T07:43:45Z</time>
    </trkpt>
    <trkpt lat="50.8906994" lon="6.8364961">
      <ele>68.4</ele>
      <time>2024-08-03T07:43:47Z</time>
    </trkpt>
    <trkpt lat="50.8906403" lon="6.8363567">
      <ele>68.6</ele>
      <time>2024-08-03T07:43:49Z</time>
    </trkpt>
    <trkpt lat="50.8905426" lon="6.8360900">
      <ele>68.8</ele>
      <time>2024-08-03T07:43:53Z</time>
    </trkpt>
    <trkpt lat="50.8905287" lon="6.8360399">
      <ele>69.0</ele>
      <time>2024-08-03T07:43:54Z</time>
    </trkpt>
    <trkpt lat="50.8905146" lon="6.8359797">
      <ele>69.2</ele>
      <time>2024-08-03T07:43:56Z</time>
    </trkpt>
    <trkpt lat="50.8905135" lon="6.8359727">
      <ele>69.4</ele>
      <time>2024-08-03T07:43:57Z</time>
    </trkpt>
    <trkpt lat="50.8904951" lon="6.8358445">
      <ele>69.8</ele>
      <time>2024-08-03T07:44:23Z</time>
    </trkpt>
    <trkpt lat="50.8904767" lon="6.8357764">
      <ele>69.8</ele>
      <time>2024-08-03T07:44:24Z</time>
    </trkpt>
    <trkpt lat="50.8904070" lon="6.8356358">
      <ele>69.6</ele>
      <time>2024-08-03T07:44:26Z</time>
    </trkpt>
    <trkpt lat="50.8902001" lon="6.8352550">
      <ele>69.2</ele>
      <time>2024-08-03T07:44:31Z</time>
    </trkpt>
    <trkpt lat="50.8901585" lon="6.8351824">
      <ele>69.0</ele>
      <time>2024-08-03T07:44:32Z</time>
    </trkpt>
    <trkpt lat="50.8899110" lon="6.8346701">
      <ele>69.0</ele>
      <time>2024-08-03T07:44:39Z</time>
    </trkpt>
    <trkpt lat="50.8896692" lon="6.8342275">
      <ele>69.8</ele>
      <time>2024-08-03T07:44:46Z</time>
    </trkpt>
    <trkpt lat="50.8895287" lon="6.8340070">
      <ele>70.0</ele>
      <time>2024-08-03T07:44:50Z</time>
    </trkpt>
    <trkpt lat="50.8894106" lon="6.8338559">
      <ele>70.4</ele>
      <time>2024-08-03T07:44:53Z</time>
    </trkpt>
    <trkpt lat="50.8889944" lon="6.8333782">
      <ele>70.8</ele>
      <time>2024-08-03T07:45:03Z</time>
    </trkpt>
    <trkpt lat="50.8889546" lon="6.8333198">
      <ele>70.8</ele>
      <time>2024-08-03T07:45:04Z</time>
    </trkpt>
    <trkpt lat="50.8887591" lon="6.8330106">
      <ele>71.0</ele>
      <time>2024-08-03T07:45:09Z</time>
    </trkpt>
    <trkpt lat="50.8886192" lon="6.8327438">
      <ele>71.2</ele>
      <time>2024-08-03T07:45:13Z</time>
    </trkpt>
    <trkpt lat="50.8885357" lon="6.8325214">
      <ele>71.4</ele>
      <time>2024-08-03T07:45:16Z</time>
    </trkpt>
    <trkpt lat="50.8884272" lon="6.8319632">
      <ele>71.8</ele>
      <time>2024-08-03T07:45:23Z</time>
    </trkpt>
    <trkpt lat="50.8884018" lon="6.8318026">
      <ele>72.0</ele>
      <time>2024-08-03T07:45:25Z</time>
    </trkpt>
    <trkpt lat="50.8884068" lon="6.8315525">
      <ele>72.4</ele>
      <time>2024-08-03T07:45:28Z</time>
    </trkpt>
    <trkpt lat="50.8883878" lon="6.8312986">
      <ele>73.0</ele>
      <time>2024-08-03T07:45:31Z</time>
    </trkpt>
    <trkpt lat="50.8883480" lon="6.8310435">
      <ele>73.6</ele>
      <time>2024-08-03T07:45:34Z</time>
    </trkpt>
    <trkpt lat="50.8882807" lon="6.8307954">
      <ele>73.8</ele>
      <time>2024-08-03T07:45:37Z</time>
    </trkpt>
    <trkpt lat="50.8882212" lon="6.8306374">
      <ele>74.0</ele>
      <time>2024-08-03T07:45:39Z</time>
    </trkpt>
    <trkpt lat="50.8881899" lon="6.8305604">
      <ele>74.2</ele>
      <time>2024-08-03T07:45:40Z</time>
    </trkpt>
    <trkpt lat="50.8881618" lon="6.8304843">
      <ele>74.4</ele>
      <time>2024-08-03T07:45:41Z</time>
    </trkpt>
    <trkpt lat="50.8880319" lon="6.8301912">
      <ele>75.2</ele>
      <time>2024-08-03T07:45:45Z</time>
    </trkpt>
    <trkpt lat="50.8878775" lon="6.8299166">
      <ele>75.6</ele>
      <time>2024-08-03T07:45:49Z</time>
    </trkpt>
    <trkpt lat="50.8877594" lon="6.8297215">
      <ele>76.2</ele>
      <time>2024-08-03T07:45:52Z</time>
    </trkpt>
    <trkpt lat="50.8875534" lon="6.8293978">
      <ele>76.8</ele>
      <time>2024-08-03T07:45:57Z</time>
    </trkpt>
    <trkpt lat="50.8874732" lon="6.8292646">
      <ele>77.0</ele>
      <time>2024-08-03T07:45:59Z</time>
    </trkpt>
    <trkpt lat="50.8873535" lon="6.8290839">
      <ele>77.0</ele>
      <time>2024-08-03T07:46:02Z</time>
    </trkpt>
    <trkpt lat="50.8873160" lon="6.8290220">
      <ele>77.0</ele>
      <time>2024-08-03T07:46:03Z</time>
    </trkpt>
    <trkpt lat="50.8869791" lon="6.8284368">
      <ele>77.8</ele>
      <time>2024-08-03T07:46:12Z</time>
    </trkpt>
    <trkpt lat="50.8867991" lon="6.8281913">
      <ele>77.8</ele>
      <time>2024-08-03T07:46:17Z</time>
    </trkpt>
    <trkpt lat="50.8867626" lon="6.8281482">
      <ele>77.8</ele>
      <time>2024-08-03T07:46:18Z</time>
    </trkpt>
    <trkpt lat="50.8865904" lon="6.8280112">
      <ele>78.0</ele>
      <time>2024-08-03T07:46:22Z</time>
    </trkpt>
    <trkpt lat="50.8862467" lon="6.8278658">
      <ele>78.0</ele>
      <time>2024-08-03T07:46:29Z</time>
    </trkpt>
    <trkpt lat="50.8861187" lon="6.8277868">
      <ele>77.6</ele>
      <time>2024-08-03T07:46:32Z</time>
    </trkpt>
    <trkpt lat="50.8860014" lon="6.8276830">
      <ele>77.6</ele>
      <time>2024-08-03T07:46:35Z</time>
    </trkpt>
    <trkpt lat="50.8857970" lon="6.8273991">
      <ele>77.6</ele>
      <time>2024-08-03T07:46:41Z</time>
    </trkpt>
    <trkpt lat="50.8857678" lon="6.8273430">
      <ele>77.8</ele>
      <time>2024-08-03T07:46:42Z</time>
    </trkpt>
    <trkpt lat="50.8856562" lon="6.8271017">
      <ele>78.0</ele>
      <time>2024-08-03T07:46:46Z</time>
    </trkpt>
    <trkpt lat="50.8856237" lon="6.8270504">
      <ele>78.0</ele>
      <time>2024-08-03T07:46:47Z</time>
    </trkpt>
    <trkpt lat="50.8855236" lon="6.8268973">
      <ele>78.4</ele>
      <time>2024-08-03T07:46:50Z</time>
    </trkpt>
    <trkpt lat="50.8853569" lon="6.8266883">
      <ele>78.8</ele>
      <time>2024-08-03T07:46:55Z</time>
    </trkpt>
    <trkpt lat="50.8852847" lon="6.8266050">
      <ele>79.0</ele>
      <time>2024-08-03T07:46:57Z</time>
    </trkpt>
    <trkpt lat="50.8850795" lon="6.8263480">
      <ele>79.6</ele>
      <time>2024-08-03T07:47:03Z</time>
    </trkpt>
    <trkpt lat="50.8850111" lon="6.8262462">
      <ele>80.0</ele>
      <time>2024-08-03T07:47:05Z</time>
    </trkpt>
    <trkpt lat="50.8848110" lon="6.8259299">
      <ele>81.2</ele>
      <time>2024-08-03T07:47:11Z</time>
    </trkpt>
    <trkpt lat="50.8847809" lon="6.8258764">
      <ele>81.4</ele>
      <time>2024-08-03T07:47:12Z</time>
    </trkpt>
    <trkpt lat="50.8846708" lon="6.8256757">
      <ele>82.4</ele>
      <time>2024-08-03T07:47:16Z</time>
    </trkpt>
    <trkpt lat="50.8845067" lon="6.8253769">
      <ele>83.8</ele>
      <time>2024-08-03T07:47:22Z</time>
    </trkpt>
    <trkpt lat="50.8844036" lon="6.8251912">
      <ele>84.8</ele>
      <time>2024-08-03T07:47:26Z</time>
    </trkpt>
    <trkpt lat="50.8842978" lon="6.8249968">
      <ele>85.6</ele>
      <time>2024-08-03T07:47:30Z</time>
    </trkpt>
    <trkpt lat="50.8842472" lon="6.8248974">
      <ele>86.0</ele>
      <time>2024-08-03T07:47:32Z</time>
    </trkpt>
    <trkpt lat="50.8840586" lon="6.8245931">
      <ele>86.6</ele>
      <time>2024-08-03T07:47:38Z</time>
    </trkpt>
    <trkpt lat="50.8839872" lon="6.8245197">
      <ele>87.0</ele>
      <time>2024-08-03T07:47:40Z</time>
    </trkpt>
    <trkpt lat="50.8838380" lon="6.8243581">
      <ele>88.2</ele>
      <time>2024-08-03T07:47:44Z</time>
    </trkpt>
    <trkpt lat="50.8837696" lon="6.8242716">
      <ele>88.6</ele>
      <time>2024-08-03T07:47:46Z</time>
    </trkpt>
    <trkpt lat="50.8837074" lon="6.8241773">
      <ele>89.2</ele>
      <time>2024-08-03T07:47:48Z</time>
    </trkpt>
    <trkpt lat="50.8836164" lon="6.8240142">
      <ele>89.6</ele>
      <time>2024-08-03T07:47:51Z</time>
    </trkpt>
    <trkpt lat="50.8835601" lon="6.8239147">
      <ele>89.8</ele>
      <time>2024-08-03T07:47:53Z</time>
    </trkpt>
    <trkpt lat="50.8835146" lon="6.8237803">
      <ele>89.6</ele>
      <time>2024-08-03T07:47:57Z</time>
    </trkpt>
    <trkpt lat="50.8834688" lon="6.8235821">
      <ele>89.8</ele>
      <time>2024-08-03T07:48:06Z</time>
    </trkpt>
    <trkpt lat="50.8834207" lon="6.8234504">
      <ele>89.8</ele>
      <time>2024-08-03T07:48:13Z</time>
    </trkpt>
    <trkpt lat="50.8834159" lon="6.8234056">
      <ele>89.8</ele>
      <time>2024-08-03T07:48:15Z</time>
    </trkpt>
    <trkpt lat="50.8834023" lon="6.8233471">
      <ele>89.8</ele>
      <time>2024-08-03T07:48:18Z</time>
    </trkpt>
    <trkpt lat="50.8833809" lon="6.8231563">
      <ele>89.8</ele>
      <time>2024-08-03T07:48:27Z</time>
    </trkpt>
    <trkpt lat="50.8833621" lon="6.8228820">
      <ele>89.6</ele>
      <time>2024-08-03T07:48:36Z</time>
    </trkpt>
    <trkpt lat="50.8834018" lon="6.8225921">
      <ele>89.4</ele>
      <time>2024-08-03T07:48:44Z</time>
    </trkpt>
    <trkpt lat="50.8834478" lon="6.8223488">
      <ele>89.4</ele>
      <time>2024-08-03T07:48:51Z</time>
    </trkpt>
    <trkpt lat="50.8834543" lon="6.8222918">
      <ele>89.4</ele>
      <time>2024-08-03T07:48:53Z</time>
    </trkpt>
    <trkpt lat="50.8834740" lon="6.8222231">
      <ele>89.4</ele>
      <time>2024-08-03T07:48:56Z</time>
    </trkpt>
    <trkpt lat="50.8834809" lon="6.8220823">
      <ele>89.2</ele>
      <time>2024-08-03T07:49:01Z</time>
    </trkpt>
    <trkpt lat="50.8834655" lon="6.8220418">
      <ele>89.2</ele>
      <time>2024-08-03T07:49:02Z</time>
    </trkpt>
    <trkpt lat="50.8833897" lon="6.8219375">
      <ele>89.2</ele>
      <time>2024-08-03T07:49:05Z</time>
    </trkpt>
    <trkpt lat="50.8832338" lon="6.8218018">
      <ele>89.0</ele>
      <time>2024-08-03T07:49:10Z</time>
    </trkpt>
    <trkpt lat="50.8829750" lon="6.8215441">
      <ele>89.2</ele>
      <time>2024-08-03T07:49:18Z</time>
    </trkpt>
    <trkpt lat="50.8827279" lon="6.8212335">
      <ele>89.6</ele>
      <time>2024-08-03T07:49:26Z</time>
    </trkpt>
    <trkpt lat="50.8825378" lon="6.8209253">
      <ele>90.0</ele>
      <time>2024-08-03T07:49:33Z</time>
    </trkpt>
    <trkpt lat="50.8825091" lon="6.8208765">
      <ele>90.0</ele>
      <time>2024-08-03T07:49:34Z</time>
    </trkpt>
    <trkpt lat="50.8820452" lon="6.8202480">
      <ele>91.2</ele>
      <time>2024-08-03T07:49:49Z</time>
    </trkpt>
    <trkpt lat="50.8820452" lon="6.8202480">
      <ele>91.0</ele>
      <time>2024-08-03T07:49:50Z</time>
    </trkpt>
    <trkpt lat="50.8819326" lon="6.8198804">
      <ele>91.0</ele>
      <time>2024-08-03T07:49:53Z</time>
    </trkpt>
    <trkpt lat="50.8816649" lon="6.8195126">
      <ele>91.0</ele>
      <time>2024-08-03T07:50:01Z</time>
    </trkpt>
    <trkpt lat="50.8816459" lon="6.8194509">
      <ele>91.0</ele>
      <time>2024-08-03T07:50:02Z</time>
    </trkpt>
    <trkpt lat="50.8816358" lon="6.8193836">
      <ele>91.0</ele>
      <time>2024-08-03T07:50:03Z</time>
    </trkpt>
    <trkpt lat="50.8816099" lon="6.8191201">
      <ele>91.2</ele>
      <time>2024-08-03T07:50:07Z</time>
    </trkpt>
    <trkpt lat="50.8815824" lon="6.8190314">
      <ele>91.4</ele>
      <time>2024-08-03T07:50:09Z</time>
    </trkpt>
    <trkpt lat="50.8815527" lon="6.8189475">
      <ele>91.6</ele>
      <time>2024-08-03T07:50:11Z</time>
    </trkpt>
    <trkpt lat="50.8815723" lon="6.8187604">
      <ele>91.8</ele>
      <time>2024-08-03T07:50:14Z</time>
    </trkpt>
    <trkpt lat="50.8815874" lon="6.8186287">
      <ele>92.0</ele>
      <time>2024-08-03T07:50:16Z</time>
    </trkpt>
    <trkpt lat="50.8815970" lon="6.8185593">
      <ele>92.0</ele>
      <time>2024-08-03T07:50:17Z</time>
    </trkpt>
    <trkpt lat="50.8816309" lon="6.8183380">
      <ele>92.0</ele>
      <time>2024-08-03T07:50:20Z</time>
    </trkpt>
    <trkpt lat="50.8816177" lon="6.8181815">
      <ele>92.0</ele>
      <time>2024-08-03T07:50:22Z</time>
    </trkpt>
    <trkpt lat="50.8815485" lon="6.8180691">
      <ele>91.8</ele>
      <time>2024-08-03T07:50:24Z</time>
    </trkpt>
    <trkpt lat="50.8815036" lon="6.8180311">
      <ele>91.6</ele>
      <time>2024-08-03T07:50:25Z</time>
    </trkpt>
    <trkpt lat="50.8814568" lon="6.8180021">
      <ele>91.6</ele>
      <time>2024-08-03T07:50:26Z</time>
    </trkpt>
    <trkpt lat="50.8814083" lon="6.8179796">
      <ele>91.6</ele>
      <time>2024-08-03T07:50:28Z</time>
    </trkpt>
    <trkpt lat="50.8812464" lon="6.8178958">
      <ele>91.6</ele>
      <time>2024-08-03T07:50:31Z</time>
    </trkpt>
    <trkpt lat="50.8808955" lon="6.8177059">
      <ele>92.2</ele>
      <time>2024-08-03T07:50:38Z</time>
    </trkpt>
    <trkpt lat="50.8805370" lon="6.8175118">
      <ele>92.8</ele>
      <time>2024-08-03T07:50:46Z</time>
    </trkpt>
    <trkpt lat="50.8804198" lon="6.8174429">
      <ele>93.0</ele>
      <time>2024-08-03T07:50:49Z</time>
    </trkpt>
    <trkpt lat="50.8802511" lon="6.8173556">
      <ele>93.2</ele>
      <time>2024-08-03T07:50:53Z</time>
    </trkpt>
    <trkpt lat="50.8801244" lon="6.8173023">
      <ele>93.4</ele>
      <time>2024-08-03T07:50:56Z</time>
    </trkpt>
    <trkpt lat="50.8799185" lon="6.8171830">
      <ele>93.8</ele>
      <time>2024-08-03T07:51:01Z</time>
    </trkpt>
    <trkpt lat="50.8795533" lon="6.8168296">
      <ele>95.4</ele>
      <time>2024-08-03T07:51:12Z</time>
    </trkpt>
    <trkpt lat="50.8784387" lon="6.8164444">
      <ele>96.6</ele>
      <time>2024-08-03T07:51:40Z</time>
    </trkpt>
    <trkpt lat="50.8783526" lon="6.8163646">
      <ele>96.2</ele>
      <time>2024-08-03T07:51:42Z</time>
    </trkpt>
    <trkpt lat="50.8782092" lon="6.8163199">
      <ele>96.2</ele>
      <time>2024-08-03T07:51:44Z</time>
    </trkpt>
    <trkpt lat="50.8781187" lon="6.8162709">
      <ele>96.4</ele>
      <time>2024-08-03T07:51:46Z</time>
    </trkpt>
    <trkpt lat="50.8778968" lon="6.8161311">
      <ele>96.6</ele>
      <time>2024-08-03T07:51:51Z</time>
    </trkpt>
    <trkpt lat="50.8778581" lon="6.8161018">
      <ele>96.6</ele>
      <time>2024-08-03T07:51:52Z</time>
    </trkpt>
    <trkpt lat="50.8774763" lon="6.8158885">
      <ele>96.6</ele>
      <time>2024-08-03T07:52:01Z</time>
    </trkpt>
    <trkpt lat="50.8773851" lon="6.8158546">
      <ele>96.6</ele>
      <time>2024-08-03T07:52:04Z</time>
    </trkpt>
    <trkpt lat="50.8773590" lon="6.8158698">
      <ele>96.8</ele>
      <time>2024-08-03T07:52:05Z</time>
    </trkpt>
    <trkpt lat="50.8773197" lon="6.8160396">
      <ele>97.0</ele>
      <time>2024-08-03T07:52:09Z</time>
    </trkpt>
    <trkpt lat="50.8772720" lon="6.8163431">
      <ele>97.6</ele>
      <time>2024-08-03T07:52:15Z</time>
    </trkpt>
    <trkpt lat="50.8771857" lon="6.8164871">
      <ele>97.6</ele>
      <time>2024-08-03T07:52:19Z</time>
    </trkpt>
    <trkpt lat="50.8770354" lon="6.8164051">
      <ele>97.6</ele>
      <time>2024-08-03T07:52:23Z</time>
    </trkpt>
    <trkpt lat="50.8767033" lon="6.8162270">
      <ele>97.4</ele>
      <time>2024-08-03T07:52:31Z</time>
    </trkpt>
    <trkpt lat="50.8763131" lon="6.8160219">
      <ele>97.2</ele>
      <time>2024-08-03T07:52:40Z</time>
    </trkpt>
    <trkpt lat="50.8759078" lon="6.8158011">
      <ele>96.6</ele>
      <time>2024-08-03T07:52:48Z</time>
    </trkpt>
    <trkpt lat="50.8754426" lon="6.8155483">
      <ele>96.4</ele>
      <time>2024-08-03T07:52:57Z</time>
    </trkpt>
    <trkpt lat="50.8750853" lon="6.8153372">
      <ele>96.2</ele>
      <time>2024-08-03T07:53:04Z</time>
    </trkpt>
    <trkpt lat="50.8746243" lon="6.8151009">
      <ele>96.0</ele>
      <time>2024-08-03T07:53:13Z</time>
    </trkpt>
    <trkpt lat="50.8742839" lon="6.8149111">
      <ele>96.4</ele>
      <time>2024-08-03T07:53:20Z</time>
    </trkpt>
    <trkpt lat="50.8741871" lon="6.8148544">
      <ele>96.6</ele>
      <time>2024-08-03T07:53:22Z</time>
    </trkpt>
    <trkpt lat="50.8740006" lon="6.8147606">
      <ele>96.6</ele>
      <time>2024-08-03T07:53:26Z</time>
    </trkpt>
    <trkpt lat="50.8735745" lon="6.8146034">
      <ele>96.8</ele>
      <time>2024-08-03T07:53:35Z</time>
    </trkpt>
    <trkpt lat="50.8731752" lon="6.8145590">
      <ele>97.0</ele>
      <time>2024-08-03T07:53:43Z</time>
    </trkpt>
    <trkpt lat="50.8727692" lon="6.8146077">
      <ele>97.4</ele>
      <time>2024-08-03T07:53:51Z</time>
    </trkpt>
    <trkpt lat="50.8724844" lon="6.8146330">
      <ele>97.6</ele>
      <time>2024-08-03T07:53:56Z</time>
    </trkpt>
    <trkpt lat="50.8723131" lon="6.8146522">
      <ele>97.4</ele>
      <time>2024-08-03T07:53:59Z</time>
    </trkpt>
    <trkpt lat="50.8719585" lon="6.8146795">
      <ele>97.4</ele>
      <time>2024-08-03T07:54:05Z</time>
    </trkpt>
    <trkpt lat="50.8716610" lon="6.8147098">
      <ele>98.0</ele>
      <time>2024-08-03T07:54:11Z</time>
    </trkpt>
    <trkpt lat="50.8715650" lon="6.8147141">
      <ele>98.8</ele>
      <time>2024-08-03T07:54:13Z</time>
    </trkpt>
    <trkpt lat="50.8713338" lon="6.8147323">
      <ele>99.8</ele>
      <time>2024-08-03T07:54:18Z</time>
    </trkpt>
    <trkpt lat="50.8712900" lon="6.8147375">
      <ele>100.2</ele>
      <time>2024-08-03T07:54:19Z</time>
    </trkpt>
    <trkpt lat="50.8712448" lon="6.8147428">
      <ele>100.4</ele>
      <time>2024-08-03T07:54:20Z</time>
    </trkpt>
    <trkpt lat="50.8710690" lon="6.8147643">
      <ele>101.4</ele>
      <time>2024-08-03T07:54:24Z</time>
    </trkpt>
    <trkpt lat="50.8710246" lon="6.8147703">
      <ele>101.4</ele>
      <time>2024-08-03T07:54:25Z</time>
    </trkpt>
    <trkpt lat="50.8708907" lon="6.8147801">
      <ele>102.4</ele>
      <time>2024-08-03T07:54:28Z</time>
    </trkpt>
    <trkpt lat="50.8707133" lon="6.8148019">
      <ele>103.4</ele>
      <time>2024-08-03T07:54:32Z</time>
    </trkpt>
    <trkpt lat="50.8705525" lon="6.8148138">
      <ele>104.6</ele>
      <time>2024-08-03T07:54:36Z</time>
    </trkpt>
    <trkpt lat="50.8704059" lon="6.8148349">
      <ele>105.8</ele>
      <time>2024-08-03T07:54:40Z</time>
    </trkpt>
    <trkpt lat="50.8703234" lon="6.8148408">
      <ele>106.4</ele>
      <time>2024-08-03T07:54:43Z</time>
    </trkpt>
    <trkpt lat="50.8702614" lon="6.8148453">
      <ele>106.8</ele>
      <time>2024-08-03T07:54:45Z</time>
    </trkpt>
    <trkpt lat="50.8701689" lon="6.8148506">
      <ele>107.2</ele>
      <time>2024-08-03T07:54:48Z</time>
    </trkpt>
    <trkpt lat="50.8700433" lon="6.8148689">
      <ele>108.0</ele>
      <time>2024-08-03T07:54:52Z</time>
    </trkpt>
    <trkpt lat="50.8699517" lon="6.8148805">
      <ele>108.6</ele>
      <time>2024-08-03T07:54:55Z</time>
    </trkpt>
    <trkpt lat="50.8698906" lon="6.8148931">
      <ele>109.0</ele>
      <time>2024-08-03T07:54:57Z</time>
    </trkpt>
    <trkpt lat="50.8697001" lon="6.8149063">
      <ele>110.0</ele>
      <time>2024-08-03T07:55:03Z</time>
    </trkpt>
    <trkpt lat="50.8695067" lon="6.8149189">
      <ele>111.2</ele>
      <time>2024-08-03T07:55:09Z</time>
    </trkpt>
    <trkpt lat="50.8694041" lon="6.8149241">
      <ele>111.8</ele>
      <time>2024-08-03T07:55:12Z</time>
    </trkpt>
    <trkpt lat="50.8692976" lon="6.8149340">
      <ele>112.2</ele>
      <time>2024-08-03T07:55:15Z</time>
    </trkpt>
    <trkpt lat="50.8691808" lon="6.8149650">
      <ele>113.0</ele>
      <time>2024-08-03T07:55:19Z</time>
    </trkpt>
    <trkpt lat="50.8691280" lon="6.8149672">
      <ele>113.4</ele>
      <time>2024-08-03T07:55:22Z</time>
    </trkpt>
    <trkpt lat="50.8690969" lon="6.8149602">
      <ele>113.6</ele>
      <time>2024-08-03T07:55:24Z</time>
    </trkpt>
    <trkpt lat="50.8690830" lon="6.8149694">
      <ele>113.8</ele>
      <time>2024-08-03T07:55:25Z</time>
    </trkpt>
    <trkpt lat="50.8690116" lon="6.8149794">
      <ele>114.2</ele>
      <time>2024-08-03T07:55:27Z</time>
    </trkpt>
    <trkpt lat="50.8687790" lon="6.8149992">
      <ele>115.4</ele>
      <time>2024-08-03T07:55:33Z</time>
    </trkpt>
    <trkpt lat="50.8687405" lon="6.8149992">
      <ele>115.6</ele>
      <time>2024-08-03T07:55:34Z</time>
    </trkpt>
    <trkpt lat="50.8685955" lon="6.8150074">
      <ele>116.4</ele>
      <time>2024-08-03T07:55:38Z</time>
    </trkpt>
    <trkpt lat="50.8683650" lon="6.8150242">
      <ele>117.2</ele>
      <time>2024-08-03T07:55:44Z</time>
    </trkpt>
    <trkpt lat="50.8682909" lon="6.8150251">
      <ele>117.4</ele>
      <time>2024-08-03T07:55:46Z</time>
    </trkpt>
    <trkpt lat="50.8680821" lon="6.8150229">
      <ele>118.4</ele>
      <time>2024-08-03T07:55:51Z</time>
    </trkpt>
    <trkpt lat="50.8680402" lon="6.8150212">
      <ele>118.6</ele>
      <time>2024-08-03T07:55:52Z</time>
    </trkpt>
    <trkpt lat="50.8678333" lon="6.8150189">
      <ele>119.6</ele>
      <time>2024-08-03T07:55:57Z</time>
    </trkpt>
    <trkpt lat="50.8677217" lon="6.8150167">
      <ele>120.0</ele>
      <time>2024-08-03T07:56:00Z</time>
    </trkpt>
    <trkpt lat="50.8676513" lon="6.8150133">
      <ele>120.6</ele>
      <time>2024-08-03T07:56:02Z</time>
    </trkpt>
    <trkpt lat="50.8674844" lon="6.8149977">
      <ele>121.6</ele>
      <time>2024-08-03T07:56:07Z</time>
    </trkpt>
    <trkpt lat="50.8674521" lon="6.8149937">
      <ele>122.0</ele>
      <time>2024-08-03T07:56:08Z</time>
    </trkpt>
    <trkpt lat="50.8672776" lon="6.8149740">
      <ele>122.8</ele>
      <time>2024-08-03T07:56:13Z</time>
    </trkpt>
    <trkpt lat="50.8670156" lon="6.8149411">
      <ele>123.8</ele>
      <time>2024-08-03T07:56:20Z</time>
    </trkpt>
    <trkpt lat="50.8667573" lon="6.8148807">
      <ele>124.6</ele>
      <time>2024-08-03T07:56:27Z</time>
    </trkpt>
    <trkpt lat="50.8666007" lon="6.8148686">
      <ele>124.8</ele>
      <time>2024-08-03T07:56:32Z</time>
    </trkpt>
    <trkpt lat="50.8665764" lon="6.8148733">
      <ele>125.0</ele>
      <time>2024-08-03T07:56:33Z</time>
    </trkpt>
    <trkpt lat="50.8664640" lon="6.8149049">
      <ele>125.4</ele>
      <time>2024-08-03T07:56:39Z</time>
    </trkpt>
    <trkpt lat="50.8664553" lon="6.8148438">
      <ele>125.4</ele>
      <time>2024-08-03T07:56:43Z</time>
    </trkpt>
    <trkpt lat="50.8664515" lon="6.8147913">
      <ele>125.4</ele>
      <time>2024-08-03T07:56:49Z</time>
    </trkpt>
    <trkpt lat="50.8664411" lon="6.8146915">
      <ele>125.4</ele>
      <time>2024-08-03T07:57:29Z</time>
    </trkpt>
    <trkpt lat="50.8664195" lon="6.8144649">
      <ele>125.0</ele>
      <time>2024-08-03T07:57:34Z</time>
    </trkpt>
    <trkpt lat="50.8663719" lon="6.8140369">
      <ele>124.4</ele>
      <time>2024-08-03T07:57:40Z</time>
    </trkpt>
    <trkpt lat="50.8663530" lon="6.8138778">
      <ele>123.8</ele>
      <time>2024-08-03T07:57:42Z</time>
    </trkpt>
    <trkpt lat="50.8662978" lon="6.8134464">
      <ele>122.8</ele>
      <time>2024-08-03T07:57:47Z</time>
    </trkpt>
    <trkpt lat="50.8662866" lon="6.8133574">
      <ele>122.6</ele>
      <time>2024-08-03T07:57:48Z</time>
    </trkpt>
    <trkpt lat="50.8662033" lon="6.8128014">
      <ele>121.4</ele>
      <time>2024-08-03T07:57:54Z</time>
    </trkpt>
    <trkpt lat="50.8661885" lon="6.8127066">
      <ele>121.2</ele>
      <time>2024-08-03T07:57:55Z</time>
    </trkpt>
    <trkpt lat="50.8661219" lon="6.8122501">
      <ele>120.4</ele>
      <time>2024-08-03T07:58:00Z</time>
    </trkpt>
    <trkpt lat="50.8660438" lon="6.8117276">
      <ele>119.6</ele>
      <time>2024-08-03T07:58:06Z</time>
    </trkpt>
    <trkpt lat="50.8659267" lon="6.8109119">
      <ele>119.4</ele>
      <time>2024-08-03T07:58:16Z</time>
    </trkpt>
    <trkpt lat="50.8659165" lon="6.8108326">
      <ele>119.4</ele>
      <time>2024-08-03T07:58:17Z</time>
    </trkpt>
    <trkpt lat="50.8658158" lon="6.8101443">
      <ele>118.4</ele>
      <time>2024-08-03T07:58:26Z</time>
    </trkpt>
    <trkpt lat="50.8656920" lon="6.8093059">
      <ele>118.2</ele>
      <time>2024-08-03T07:58:37Z</time>
    </trkpt>
    <trkpt lat="50.8656815" lon="6.8092297">
      <ele>118.2</ele>
      <time>2024-08-03T07:58:38Z</time>
    </trkpt>
    <trkpt lat="50.8656563" lon="6.8090780">
      <ele>118.2</ele>
      <time>2024-08-03T07:58:40Z</time>
    </trkpt>
    <trkpt lat="50.8655714" lon="6.8085517">
      <ele>117.8</ele>
      <time>2024-08-03T07:58:47Z</time>
    </trkpt>
    <trkpt lat="50.8655475" lon="6.8083356">
      <ele>117.8</ele>
      <time>2024-08-03T07:58:50Z</time>
    </trkpt>
    <trkpt lat="50.8654819" lon="6.8079227">
      <ele>118.2</ele>
      <time>2024-08-03T07:58:56Z</time>
    </trkpt>
    <trkpt lat="50.8654681" lon="6.8077921">
      <ele>118.4</ele>
      <time>2024-08-03T07:58:58Z</time>
    </trkpt>
    <trkpt lat="50.8654452" lon="6.8076039">
      <ele>118.4</ele>
      <time>2024-08-03T07:59:01Z</time>
    </trkpt>
    <trkpt lat="50.8654138" lon="6.8074249">
      <ele>118.4</ele>
      <time>2024-08-03T07:59:04Z</time>
    </trkpt>
    <trkpt lat="50.8653595" lon="6.8069572">
      <ele>118.6</ele>
      <time>2024-08-03T07:59:12Z</time>
    </trkpt>
    <trkpt lat="50.8653092" lon="6.8065391">
      <ele>119.0</ele>
      <time>2024-08-03T07:59:19Z</time>
    </trkpt>
    <trkpt lat="50.8652442" lon="6.8061573">
      <ele>119.2</ele>
      <time>2024-08-03T07:59:25Z</time>
    </trkpt>
    <trkpt lat="50.8652341" lon="6.8060889">
      <ele>119.2</ele>
      <time>2024-08-03T07:59:26Z</time>
    </trkpt>
    <trkpt lat="50.8651640" lon="6.8056281">
      <ele>119.4</ele>
      <time>2024-08-03T07:59:33Z</time>
    </trkpt>
    <trkpt lat="50.8651454" lon="6.8054911">
      <ele>119.4</ele>
      <time>2024-08-03T07:59:35Z</time>
    </trkpt>
    <trkpt lat="50.8651169" lon="6.8053087">
      <ele>119.6</ele>
      <time>2024-08-03T07:59:38Z</time>
    </trkpt>
    <trkpt lat="50.8650841" lon="6.8050392">
      <ele>120.0</ele>
      <time>2024-08-03T07:59:43Z</time>
    </trkpt>
    <trkpt lat="50.8650606" lon="6.8049350">
      <ele>120.2</ele>
      <time>2024-08-03T07:59:46Z</time>
    </trkpt>
    <trkpt lat="50.8650629" lon="6.8048910">
      <ele>120.4</ele>
      <time>2024-08-03T07:59:48Z</time>
    </trkpt>
    <trkpt lat="50.8650645" lon="6.8048404">
      <ele>120.4</ele>
      <time>2024-08-03T07:59:49Z</time>
    </trkpt>
    <trkpt lat="50.8650102" lon="6.8045652">
      <ele>120.8</ele>
      <time>2024-08-03T07:59:53Z</time>
    </trkpt>
    <trkpt lat="50.8649992" lon="6.8044898">
      <ele>120.8</ele>
      <time>2024-08-03T07:59:54Z</time>
    </trkpt>
    <trkpt lat="50.8649889" lon="6.8044149">
      <ele>121.0</ele>
      <time>2024-08-03T07:59:55Z</time>
    </trkpt>
    <trkpt lat="50.8649569" lon="6.8041979">
      <ele>121.2</ele>
      <time>2024-08-03T07:59:58Z</time>
    </trkpt>
    <trkpt lat="50.8648890" lon="6.8038599">
      <ele>121.6</ele>
      <time>2024-08-03T08:00:03Z</time>
    </trkpt>
    <trkpt lat="50.8648202" lon="6.8034925">
      <ele>122.0</ele>
      <time>2024-08-03T08:00:09Z</time>
    </trkpt>
    <trkpt lat="50.8647814" lon="6.8032135">
      <ele>122.8</ele>
      <time>2024-08-03T08:00:14Z</time>
    </trkpt>
    <trkpt lat="50.8647660" lon="6.8031020">
      <ele>123.0</ele>
      <time>2024-08-03T08:00:16Z</time>
    </trkpt>
    <trkpt lat="50.8647662" lon="6.8030488">
      <ele>123.2</ele>
      <time>2024-08-03T08:00:17Z</time>
    </trkpt>
    <trkpt lat="50.8647545" lon="6.8029470">
      <ele>123.4</ele>
      <time>2024-08-03T08:00:19Z</time>
    </trkpt>
    <trkpt lat="50.8647297" lon="6.8026995">
      <ele>124.0</ele>
      <time>2024-08-03T08:00:24Z</time>
    </trkpt>
    <trkpt lat="50.8647195" lon="6.8026468">
      <ele>124.2</ele>
      <time>2024-08-03T08:00:25Z</time>
    </trkpt>
    <trkpt lat="50.8646896" lon="6.8023976">
      <ele>125.0</ele>
      <time>2024-08-03T08:00:30Z</time>
    </trkpt>
    <trkpt lat="50.8646615" lon="6.8022333">
      <ele>125.2</ele>
      <time>2024-08-03T08:00:33Z</time>
    </trkpt>
    <trkpt lat="50.8646213" lon="6.8020168">
      <ele>125.6</ele>
      <time>2024-08-03T08:00:37Z</time>
    </trkpt>
    <trkpt lat="50.8645280" lon="6.8014890">
      <ele>126.2</ele>
      <time>2024-08-03T08:00:46Z</time>
    </trkpt>
    <trkpt lat="50.8644219" lon="6.8008425">
      <ele>126.6</ele>
      <time>2024-08-03T08:00:56Z</time>
    </trkpt>
    <trkpt lat="50.8643577" lon="6.8003783">
      <ele>126.6</ele>
      <time>2024-08-03T08:01:03Z</time>
    </trkpt>
    <trkpt lat="50.8643016" lon="6.8000401">
      <ele>126.8</ele>
      <time>2024-08-03T08:01:08Z</time>
    </trkpt>
    <trkpt lat="50.8642688" lon="6.7998381">
      <ele>127.0</ele>
      <time>2024-08-03T08:01:11Z</time>
    </trkpt>
    <trkpt lat="50.8641877" lon="6.7992788">
      <ele>127.2</ele>
      <time>2024-08-03T08:01:19Z</time>
    </trkpt>
    <trkpt lat="50.8641027" lon="6.7987095">
      <ele>127.0</ele>
      <time>2024-08-03T08:01:27Z</time>
    </trkpt>
    <trkpt lat="50.8640069" lon="6.7980470">
      <ele>126.6</ele>
      <time>2024-08-03T08:01:37Z</time>
    </trkpt>
    <trkpt lat="50.8638997" lon="6.7973295">
      <ele>126.6</ele>
      <time>2024-08-03T08:01:47Z</time>
    </trkpt>
    <trkpt lat="50.8638104" lon="6.7967338">
      <ele>126.4</ele>
      <time>2024-08-03T08:01:56Z</time>
    </trkpt>
    <trkpt lat="50.8637397" lon="6.7962123">
      <ele>126.2</ele>
      <time>2024-08-03T08:02:04Z</time>
    </trkpt>
    <trkpt lat="50.8636187" lon="6.7954627">
      <ele>126.4</ele>
      <time>2024-08-03T08:02:15Z</time>
    </trkpt>
    <trkpt lat="50.8635418" lon="6.7949182">
      <ele>126.4</ele>
      <time>2024-08-03T08:02:23Z</time>
    </trkpt>
    <trkpt lat="50.8634620" lon="6.7943705">
      <ele>126.2</ele>
      <time>2024-08-03T08:02:31Z</time>
    </trkpt>
    <trkpt lat="50.8633651" lon="6.7937119">
      <ele>126.2</ele>
      <time>2024-08-03T08:02:41Z</time>
    </trkpt>
    <trkpt lat="50.8633362" lon="6.7935135">
      <ele>126.2</ele>
      <time>2024-08-03T08:02:44Z</time>
    </trkpt>
    <trkpt lat="50.8633159" lon="6.7933739">
      <ele>126.4</ele>
      <time>2024-08-03T08:02:46Z</time>
    </trkpt>
    <trkpt lat="50.8632964" lon="6.7932336">
      <ele>126.4</ele>
      <time>2024-08-03T08:02:48Z</time>
    </trkpt>
    <trkpt lat="50.8632003" lon="6.7925722">
      <ele>126.4</ele>
      <time>2024-08-03T08:02:58Z</time>
    </trkpt>
    <trkpt lat="50.8631009" lon="6.7918933">
      <ele>126.2</ele>
      <time>2024-08-03T08:03:08Z</time>
    </trkpt>
    <trkpt lat="50.8629972" lon="6.7912225">
      <ele>126.6</ele>
      <time>2024-08-03T08:03:18Z</time>
    </trkpt>
    <trkpt lat="50.8629502" lon="6.7909055">
      <ele>126.6</ele>
      <time>2024-08-03T08:03:23Z</time>
    </trkpt>
    <trkpt lat="50.8629311" lon="6.7907766">
      <ele>126.8</ele>
      <time>2024-08-03T08:03:25Z</time>
    </trkpt>
    <trkpt lat="50.8628844" lon="6.7904378">
      <ele>127.0</ele>
      <time>2024-08-03T08:03:30Z</time>
    </trkpt>
    <trkpt lat="50.8628435" lon="6.7902256">
      <ele>127.0</ele>
      <time>2024-08-03T08:03:33Z</time>
    </trkpt>
    <trkpt lat="50.8628349" lon="6.7901564">
      <ele>127.0</ele>
      <time>2024-08-03T08:03:34Z</time>
    </trkpt>
    <trkpt lat="50.8627455" lon="6.7895469">
      <ele>127.2</ele>
      <time>2024-08-03T08:03:43Z</time>
    </trkpt>
    <trkpt lat="50.8627370" lon="6.7894798">
      <ele>127.2</ele>
      <time>2024-08-03T08:03:44Z</time>
    </trkpt>
    <trkpt lat="50.8626839" lon="6.7891393">
      <ele>127.4</ele>
      <time>2024-08-03T08:03:49Z</time>
    </trkpt>
    <trkpt lat="50.8625824" lon="6.7884448">
      <ele>127.8</ele>
      <time>2024-08-03T08:03:59Z</time>
    </trkpt>
    <trkpt lat="50.8625046" lon="6.7879254">
      <ele>128.0</ele>
      <time>2024-08-03T08:04:07Z</time>
    </trkpt>
    <trkpt lat="50.8624952" lon="6.7878613">
      <ele>128.0</ele>
      <time>2024-08-03T08:04:08Z</time>
    </trkpt>
    <trkpt lat="50.8624015" lon="6.7872676">
      <ele>128.6</ele>
      <time>2024-08-03T08:04:17Z</time>
    </trkpt>
    <trkpt lat="50.8623291" lon="6.7867463">
      <ele>128.8</ele>
      <time>2024-08-03T08:04:25Z</time>
    </trkpt>
    <trkpt lat="50.8623043" lon="6.7866202">
      <ele>129.0</ele>
      <time>2024-08-03T08:04:27Z</time>
    </trkpt>
    <trkpt lat="50.8622923" lon="6.7865553">
      <ele>129.0</ele>
      <time>2024-08-03T08:04:28Z</time>
    </trkpt>
    <trkpt lat="50.8622652" lon="6.7863491">
      <ele>129.2</ele>
      <time>2024-08-03T08:04:31Z</time>
    </trkpt>
    <trkpt lat="50.8621892" lon="6.7858280">
      <ele>129.2</ele>
      <time>2024-08-03T08:04:39Z</time>
    </trkpt>
    <trkpt lat="50.8621315" lon="6.7853820">
      <ele>129.6</ele>
      <time>2024-08-03T08:04:46Z</time>
    </trkpt>
    <trkpt lat="50.8620609" lon="6.7849137">
      <ele>129.8</ele>
      <time>2024-08-03T08:04:53Z</time>
    </trkpt>
    <trkpt lat="50.8620425" lon="6.7847825">
      <ele>129.8</ele>
      <time>2024-08-03T08:04:55Z</time>
    </trkpt>
    <trkpt lat="50.8619691" lon="6.7843178">
      <ele>130.0</ele>
      <time>2024-08-03T08:05:02Z</time>
    </trkpt>
    <trkpt lat="50.8619521" lon="6.7842488">
      <ele>130.0</ele>
      <time>2024-08-03T08:05:03Z</time>
    </trkpt>
    <trkpt lat="50.8619206" lon="6.7840419">
      <ele>130.0</ele>
      <time>2024-08-03T08:05:06Z</time>
    </trkpt>
    <trkpt lat="50.8618727" lon="6.7837030">
      <ele>130.2</ele>
      <time>2024-08-03T08:05:11Z</time>
    </trkpt>
    <trkpt lat="50.8618159" lon="6.7833452">
      <ele>130.4</ele>
      <time>2024-08-03T08:05:16Z</time>
    </trkpt>
    <trkpt lat="50.8617784" lon="6.7830651">
      <ele>130.4</ele>
      <time>2024-08-03T08:05:20Z</time>
    </trkpt>
    <trkpt lat="50.8617611" lon="6.7829243">
      <ele>130.4</ele>
      <time>2024-08-03T08:05:22Z</time>
    </trkpt>
    <trkpt lat="50.8617209" lon="6.7826453">
      <ele>130.6</ele>
      <time>2024-08-03T08:05:26Z</time>
    </trkpt>
    <trkpt lat="50.8616670" lon="6.7821646">
      <ele>130.2</ele>
      <time>2024-08-03T08:05:33Z</time>
    </trkpt>
    <trkpt lat="50.8616170" lon="6.7816061">
      <ele>130.0</ele>
      <time>2024-08-03T08:05:41Z</time>
    </trkpt>
    <trkpt lat="50.8615858" lon="6.7811147">
      <ele>130.0</ele>
      <time>2024-08-03T08:05:48Z</time>
    </trkpt>
    <trkpt lat="50.8615830" lon="6.7810405">
      <ele>130.2</ele>
      <time>2024-08-03T08:05:49Z</time>
    </trkpt>
    <trkpt lat="50.8615599" lon="6.7803543">
      <ele>130.0</ele>
      <time>2024-08-03T08:05:58Z</time>
    </trkpt>
    <trkpt lat="50.8615465" lon="6.7800304">
      <ele>130.0</ele>
      <time>2024-08-03T08:06:02Z</time>
    </trkpt>
    <trkpt lat="50.8615458" lon="6.7798673">
      <ele>129.8</ele>
      <time>2024-08-03T08:06:04Z</time>
    </trkpt>
    <trkpt lat="50.8615234" lon="6.7795454">
      <ele>129.6</ele>
      <time>2024-08-03T08:06:08Z</time>
    </trkpt>
    <trkpt lat="50.8615278" lon="6.7793805">
      <ele>129.6</ele>
      <time>2024-08-03T08:06:10Z</time>
    </trkpt>
    <trkpt lat="50.8615340" lon="6.7788851">
      <ele>129.2</ele>
      <time>2024-08-03T08:06:16Z</time>
    </trkpt>
    <trkpt lat="50.8615319" lon="6.7785577">
      <ele>129.2</ele>
      <time>2024-08-03T08:06:20Z</time>
    </trkpt>
    <trkpt lat="50.8615266" lon="6.7781506">
      <ele>128.8</ele>
      <time>2024-08-03T08:06:25Z</time>
    </trkpt>
    <trkpt lat="50.8615281" lon="6.7780683">
      <ele>128.6</ele>
      <time>2024-08-03T08:06:26Z</time>
    </trkpt>
    <trkpt lat="50.8615159" lon="6.7775402">
      <ele>128.6</ele>
      <time>2024-08-03T08:06:32Z</time>
    </trkpt>
    <trkpt lat="50.8615211" lon="6.7772004">
      <ele>128.2</ele>
      <time>2024-08-03T08:06:36Z</time>
    </trkpt>
    <trkpt lat="50.8615269" lon="6.7769629">
      <ele>128.2</ele>
      <time>2024-08-03T08:06:39Z</time>
    </trkpt>
    <trkpt lat="50.8615373" lon="6.7764079">
      <ele>128.2</ele>
      <time>2024-08-03T08:06:46Z</time>
    </trkpt>
    <trkpt lat="50.8615270" lon="6.7758899">
      <ele>127.6</ele>
      <time>2024-08-03T08:06:52Z</time>
    </trkpt>
    <trkpt lat="50.8615267" lon="6.7758014">
      <ele>127.6</ele>
      <time>2024-08-03T08:06:53Z</time>
    </trkpt>
    <trkpt lat="50.8615206" lon="6.7752797">
      <ele>127.2</ele>
      <time>2024-08-03T08:06:59Z</time>
    </trkpt>
    <trkpt lat="50.8615272" lon="6.7747396">
      <ele>126.8</ele>
      <time>2024-08-03T08:07:05Z</time>
    </trkpt>
    <trkpt lat="50.8615256" lon="6.7746462">
      <ele>126.6</ele>
      <time>2024-08-03T08:07:06Z</time>
    </trkpt>
    <trkpt lat="50.8615213" lon="6.7738948">
      <ele>126.2</ele>
      <time>2024-08-03T08:07:14Z</time>
    </trkpt>
    <trkpt lat="50.8615133" lon="6.7733181">
      <ele>125.8</ele>
      <time>2024-08-03T08:07:20Z</time>
    </trkpt>
    <trkpt lat="50.8615112" lon="6.7729400">
      <ele>125.6</ele>
      <time>2024-08-03T08:07:24Z</time>
    </trkpt>
    <trkpt lat="50.8615141" lon="6.7722422">
      <ele>124.4</ele>
      <time>2024-08-03T08:07:31Z</time>
    </trkpt>
    <trkpt lat="50.8615134" lon="6.7721380">
      <ele>123.8</ele>
      <time>2024-08-03T08:07:32Z</time>
    </trkpt>
    <trkpt lat="50.8615128" lon="6.7719256">
      <ele>123.2</ele>
      <time>2024-08-03T08:07:34Z</time>
    </trkpt>
    <trkpt lat="50.8615033" lon="6.7713880">
      <ele>122.0</ele>
      <time>2024-08-03T08:07:39Z</time>
    </trkpt>
    <trkpt lat="50.8614974" lon="6.7709409">
      <ele>120.6</ele>
      <time>2024-08-03T08:07:43Z</time>
    </trkpt>
    <trkpt lat="50.8614982" lon="6.7708267">
      <ele>119.4</ele>
      <time>2024-08-03T08:07:44Z</time>
    </trkpt>
    <trkpt lat="50.8614910" lon="6.7704849">
      <ele>118.4</ele>
      <time>2024-08-03T08:07:47Z</time>
    </trkpt>
    <trkpt lat="50.8614763" lon="6.7700155">
      <ele>117.2</ele>
      <time>2024-08-03T08:07:51Z</time>
    </trkpt>
    <trkpt lat="50.8614847" lon="6.7696710">
      <ele>116.2</ele>
      <time>2024-08-03T08:07:54Z</time>
    </trkpt>
    <trkpt lat="50.8614822" lon="6.7695536">
      <ele>115.6</ele>
      <time>2024-08-03T08:07:55Z</time>
    </trkpt>
    <trkpt lat="50.8614690" lon="6.7693069">
      <ele>114.8</ele>
      <time>2024-08-03T08:07:57Z</time>
    </trkpt>
    <trkpt lat="50.8614494" lon="6.7689227">
      <ele>113.0</ele>
      <time>2024-08-03T08:08:00Z</time>
    </trkpt>
    <trkpt lat="50.8614446" lon="6.7687905">
      <ele>112.6</ele>
      <time>2024-08-03T08:08:01Z</time>
    </trkpt>
    <trkpt lat="50.8614454" lon="6.7686565">
      <ele>111.4</ele>
      <time>2024-08-03T08:08:02Z</time>
    </trkpt>
    <trkpt lat="50.8614248" lon="6.7682107">
      <ele>110.2</ele>
      <time>2024-08-03T08:08:05Z</time>
    </trkpt>
    <trkpt lat="50.8613985" lon="6.7679036">
      <ele>109.2</ele>
      <time>2024-08-03T08:08:07Z</time>
    </trkpt>
    <trkpt lat="50.8613828" lon="6.7677486">
      <ele>109.0</ele>
      <time>2024-08-03T08:08:08Z</time>
    </trkpt>
    <trkpt lat="50.8613243" lon="6.7672929">
      <ele>107.2</ele>
      <time>2024-08-03T08:08:11Z</time>
    </trkpt>
    <trkpt lat="50.8612765" lon="6.7670016">
      <ele>106.4</ele>
      <time>2024-08-03T08:08:13Z</time>
    </trkpt>
    <trkpt lat="50.8612501" lon="6.7668617">
      <ele>105.8</ele>
      <time>2024-08-03T08:08:14Z</time>
    </trkpt>
    <trkpt lat="50.8611959" lon="6.7665959">
      <ele>104.6</ele>
      <time>2024-08-03T08:08:16Z</time>
    </trkpt>
    <trkpt lat="50.8611075" lon="6.7662177">
      <ele>103.6</ele>
      <time>2024-08-03T08:08:19Z</time>
    </trkpt>
    <trkpt lat="50.8610725" lon="6.7660965">
      <ele>103.6</ele>
      <time>2024-08-03T08:08:20Z</time>
    </trkpt>
    <trkpt lat="50.8608969" lon="6.7655531">
      <ele>102.8</ele>
      <time>2024-08-03T08:08:25Z</time>
    </trkpt>
    <trkpt lat="50.8607931" lon="6.7652575">
      <ele>102.4</ele>
      <time>2024-08-03T08:08:28Z</time>
    </trkpt>
    <trkpt lat="50.8607176" lon="6.7650765">
      <ele>102.4</ele>
      <time>2024-08-03T08:08:30Z</time>
    </trkpt>
    <trkpt lat="50.8604343" lon="6.7644696">
      <ele>102.2</ele>
      <time>2024-08-03T08:08:37Z</time>
    </trkpt>
    <trkpt lat="50.8600659" lon="6.7638450">
      <ele>101.6</ele>
      <time>2024-08-03T08:08:45Z</time>
    </trkpt>
    <trkpt lat="50.8600164" lon="6.7637722">
      <ele>101.4</ele>
      <time>2024-08-03T08:08:46Z</time>
    </trkpt>
    <trkpt lat="50.8596050" lon="6.7632387">
      <ele>100.4</ele>
      <time>2024-08-03T08:08:54Z</time>
    </trkpt>
    <trkpt lat="50.8595578" lon="6.7631834">
      <ele>100.2</ele>
      <time>2024-08-03T08:08:55Z</time>
    </trkpt>
    <trkpt lat="50.8592008" lon="6.7628094">
      <ele>100.0</ele>
      <time>2024-08-03T08:09:02Z</time>
    </trkpt>
    <trkpt lat="50.8589899" lon="6.7626095">
      <ele>99.0</ele>
      <time>2024-08-03T08:09:06Z</time>
    </trkpt>
    <trkpt lat="50.8587831" lon="6.7624190">
      <ele>98.0</ele>
      <time>2024-08-03T08:09:10Z</time>
    </trkpt>
    <trkpt lat="50.8586446" lon="6.7622859">
      <ele>96.8</ele>
      <time>2024-08-03T08:09:13Z</time>
    </trkpt>
    <trkpt lat="50.8585668" lon="6.7622234">
      <ele>95.6</ele>
      <time>2024-08-03T08:09:15Z</time>
    </trkpt>
    <trkpt lat="50.8584376" lon="6.7622088">
      <ele>94.8</ele>
      <time>2024-08-03T08:09:18Z</time>
    </trkpt>
    <trkpt lat="50.8583973" lon="6.7621821">
      <ele>94.8</ele>
      <time>2024-08-03T08:09:19Z</time>
    </trkpt>
    <trkpt lat="50.8583632" lon="6.7621388">
      <ele>94.6</ele>
      <time>2024-08-03T08:09:20Z</time>
    </trkpt>
    <trkpt lat="50.8583263" lon="6.7620271">
      <ele>94.6</ele>
      <time>2024-08-03T08:09:22Z</time>
    </trkpt>
    <trkpt lat="50.8582872" lon="6.7618270">
      <ele>94.2</ele>
      <time>2024-08-03T08:09:26Z</time>
    </trkpt>
    <trkpt lat="50.8582548" lon="6.7617768">
      <ele>94.0</ele>
      <time>2024-08-03T08:09:27Z</time>
    </trkpt>
    <trkpt lat="50.8581295" lon="6.7616388">
      <ele>93.6</ele>
      <time>2024-08-03T08:09:30Z</time>
    </trkpt>
    <trkpt lat="50.8580858" lon="6.7615950">
      <ele>93.6</ele>
      <time>2024-08-03T08:09:31Z</time>
    </trkpt>
    <trkpt lat="50.8580429" lon="6.7615506">
      <ele>93.4</ele>
      <time>2024-08-03T08:09:32Z</time>
    </trkpt>
    <trkpt lat="50.8579121" lon="6.7614168">
      <ele>92.4</ele>
      <time>2024-08-03T08:09:35Z</time>
    </trkpt>
    <trkpt lat="50.8578667" lon="6.7613769">
      <ele>92.4</ele>
      <time>2024-08-03T08:09:36Z</time>
    </trkpt>
    <trkpt lat="50.8575977" lon="6.7611096">
      <ele>92.0</ele>
      <time>2024-08-03T08:09:42Z</time>
    </trkpt>
    <trkpt lat="50.8575501" lon="6.7610713">
      <ele>92.0</ele>
      <time>2024-08-03T08:09:43Z</time>
    </trkpt>
    <trkpt lat="50.8574531" lon="6.7610086">
      <ele>92.0</ele>
      <time>2024-08-03T08:09:45Z</time>
    </trkpt>
    <trkpt lat="50.8574055" lon="6.7609749">
      <ele>91.8</ele>
      <time>2024-08-03T08:09:46Z</time>
    </trkpt>
    <trkpt lat="50.8572085" lon="6.7608676">
      <ele>91.4</ele>
      <time>2024-08-03T08:09:51Z</time>
    </trkpt>
    <trkpt lat="50.8571734" lon="6.7608531">
      <ele>91.2</ele>
      <time>2024-08-03T08:09:52Z</time>
    </trkpt>
    <trkpt lat="50.8570314" lon="6.7607988">
      <ele>91.2</ele>
      <time>2024-08-03T08:09:56Z</time>
    </trkpt>
    <trkpt lat="50.8569895" lon="6.7607871">
      <ele>91.0</ele>
      <time>2024-08-03T08:09:57Z</time>
    </trkpt>
    <trkpt lat="50.8569474" lon="6.7607700">
      <ele>91.0</ele>
      <time>2024-08-03T08:09:58Z</time>
    </trkpt>
    <trkpt lat="50.8568135" lon="6.7606868">
      <ele>91.0</ele>
      <time>2024-08-03T08:10:01Z</time>
    </trkpt>
    <trkpt lat="50.8565248" lon="6.7605371">
      <ele>90.4</ele>
      <time>2024-08-03T08:10:07Z</time>
    </trkpt>
    <trkpt lat="50.8564718" lon="6.7605108">
      <ele>90.2</ele>
      <time>2024-08-03T08:10:08Z</time>
    </trkpt>
    <trkpt lat="50.8561631" lon="6.7603335">
      <ele>89.6</ele>
      <time>2024-08-03T08:10:14Z</time>
    </trkpt>
    <trkpt lat="50.8561149" lon="6.7602975">
      <ele>89.6</ele>
      <time>2024-08-03T08:10:15Z</time>
    </trkpt>
    <trkpt lat="50.8560684" lon="6.7602628">
      <ele>89.6</ele>
      <time>2024-08-03T08:10:16Z</time>
    </trkpt>
    <trkpt lat="50.8559136" lon="6.7600976">
      <ele>89.4</ele>
      <time>2024-08-03T08:10:20Z</time>
    </trkpt>
    <trkpt lat="50.8558352" lon="6.7600185">
      <ele>89.2</ele>
      <time>2024-08-03T08:10:23Z</time>
    </trkpt>
    <trkpt lat="50.8558038" lon="6.7599856">
      <ele>89.2</ele>
      <time>2024-08-03T08:10:25Z</time>
    </trkpt>
    <trkpt lat="50.8557829" lon="6.7599584">
      <ele>89.0</ele>
      <time>2024-08-03T08:10:30Z</time>
    </trkpt>
    <trkpt lat="50.8557360" lon="6.7599175">
      <ele>89.2</ele>
      <time>2024-08-03T08:10:56Z</time>
    </trkpt>
    <trkpt lat="50.8555830" lon="6.7598250">
      <ele>89.2</ele>
      <time>2024-08-03T08:11:02Z</time>
    </trkpt>
    <trkpt lat="50.8553987" lon="6.7597360">
      <ele>89.0</ele>
      <time>2024-08-03T08:11:06Z</time>
    </trkpt>
    <trkpt lat="50.8550813" lon="6.7595910">
      <ele>88.2</ele>
      <time>2024-08-03T08:11:12Z</time>
    </trkpt>
    <trkpt lat="50.8550260" lon="6.7595635">
      <ele>87.8</ele>
      <time>2024-08-03T08:11:13Z</time>
    </trkpt>
    <trkpt lat="50.8547436" lon="6.7593832">
      <ele>87.4</ele>
      <time>2024-08-03T08:11:19Z</time>
    </trkpt>
    <trkpt lat="50.8546046" lon="6.7593079">
      <ele>87.2</ele>
      <time>2024-08-03T08:11:24Z</time>
    </trkpt>
    <trkpt lat="50.8545361" lon="6.7592473">
      <ele>87.0</ele>
      <time>2024-08-03T08:11:28Z</time>
    </trkpt>
    <trkpt lat="50.8545329" lon="6.7592421">
      <ele>87.0</ele>
      <time>2024-08-03T08:11:31Z</time>
    </trkpt>
    <trkpt lat="50.8545329" lon="6.7592421">
      <ele>86.8</ele>
      <time>2024-08-03T08:11:33Z</time>
    </trkpt>
    <trkpt lat="50.8545329" lon="6.7592421">
      <ele>86.6</ele>
      <time>2024-08-03T08:11:43Z</time>
    </trkpt>
    <trkpt lat="50.8545329" lon="6.7592421">
      <ele>86.6</ele>
      <time>2024-08-03T08:12:16Z</time>
    </trkpt>
    <trkpt lat="50.8545329" lon="6.7592421">
      <ele>86.4</ele>
      <time>2024-08-03T08:13:09Z</time>
    </trkpt>
    <trkpt lat="50.8545329" lon="6.7592421">
      <ele>86.2</ele>
      <time>2024-08-03T08:13:44Z</time>
    </trkpt>
    <trkpt lat="50.8545329" lon="6.7592421">
      <ele>86.4</ele>
      <time>2024-08-03T08:14:34Z</time>
    </trkpt>
    <trkpt lat="50.8545329" lon="6.7592421">
      <ele>86.2</ele>
      <time>2024-08-03T08:14:48Z</time>
    </trkpt>
    <trkpt lat="50.8545105" lon="6.7592552">
      <ele>86.2</ele>
      <time>2024-08-03T08:14:58Z</time>
    </trkpt>
    <trkpt lat="50.8545105" lon="6.7592552">
      <ele>86.0</ele>
      <time>2024-08-03T08:15:12Z</time>
    </trkpt>
    <trkpt lat="50.8544368" lon="6.7592226">
      <ele>86.0</ele>
      <time>2024-08-03T08:15:38Z</time>
    </trkpt>
    <trkpt lat="50.8542399" lon="6.7591406">
      <ele>85.4</ele>
      <time>2024-08-03T08:15:44Z</time>
    </trkpt>
    <trkpt lat="50.8541521" lon="6.7591083">
      <ele>85.2</ele>
      <time>2024-08-03T08:15:46Z</time>
    </trkpt>
    <trkpt lat="50.8541081" lon="6.7590780">
      <ele>85.0</ele>
      <time>2024-08-03T08:15:47Z</time>
    </trkpt>
    <trkpt lat="50.8540177" lon="6.7589977">
      <ele>84.6</ele>
      <time>2024-08-03T08:15:49Z</time>
    </trkpt>
    <trkpt lat="50.8538742" lon="6.7588745">
      <ele>84.2</ele>
      <time>2024-08-03T08:15:52Z</time>
    </trkpt>
    <trkpt lat="50.8536736" lon="6.7587212">
      <ele>83.2</ele>
      <time>2024-08-03T08:15:56Z</time>
    </trkpt>
    <trkpt lat="50.8533814" lon="6.7584252">
      <ele>82.4</ele>
      <time>2024-08-03T08:16:02Z</time>
    </trkpt>
    <trkpt lat="50.8532332" lon="6.7582782">
      <ele>82.2</ele>
      <time>2024-08-03T08:16:05Z</time>
    </trkpt>
    <trkpt lat="50.8529384" lon="6.7579639">
      <ele>81.2</ele>
      <time>2024-08-03T08:16:11Z</time>
    </trkpt>
    <trkpt lat="50.8528888" lon="6.7579152">
      <ele>81.0</ele>
      <time>2024-08-03T08:16:12Z</time>
    </trkpt>
    <trkpt lat="50.8525134" lon="6.7575147">
      <ele>80.2</ele>
      <time>2024-08-03T08:16:20Z</time>
    </trkpt>
    <trkpt lat="50.8523328" lon="6.7573265">
      <ele>80.0</ele>
      <time>2024-08-03T08:16:24Z</time>
    </trkpt>
    <trkpt lat="50.8521653" lon="6.7571504">
      <ele>79.8</ele>
      <time>2024-08-03T08:16:28Z</time>
    </trkpt>
    <trkpt lat="50.8520953" lon="6.7570454">
      <ele>79.8</ele>
      <time>2024-08-03T08:16:30Z</time>
    </trkpt>
    <trkpt lat="50.8519828" lon="6.7568322">
      <ele>79.4</ele>
      <time>2024-08-03T08:16:34Z</time>
    </trkpt>
    <trkpt lat="50.8517489" lon="6.7562917">
      <ele>79.4</ele>
      <time>2024-08-03T08:16:43Z</time>
    </trkpt>
    <trkpt lat="50.8515510" lon="6.7558261">
      <ele>79.2</ele>
      <time>2024-08-03T08:16:50Z</time>
    </trkpt>
    <trkpt lat="50.8513033" lon="6.7552732">
      <ele>79.0</ele>
      <time>2024-08-03T08:16:58Z</time>
    </trkpt>
    <trkpt lat="50.8512380" lon="6.7551411">
      <ele>78.8</ele>
      <time>2024-08-03T08:17:00Z</time>
    </trkpt>
    <trkpt lat="50.8511077" lon="6.7547967">
      <ele>78.8</ele>
      <time>2024-08-03T08:17:05Z</time>
    </trkpt>
    <trkpt lat="50.8509856" lon="6.7545078">
      <ele>78.8</ele>
      <time>2024-08-03T08:17:09Z</time>
    </trkpt>
    <trkpt lat="50.8507287" lon="6.7538903">
      <ele>78.6</ele>
      <time>2024-08-03T08:17:18Z</time>
    </trkpt>
    <trkpt lat="50.8504971" lon="6.7533625">
      <ele>78.4</ele>
      <time>2024-08-03T08:17:26Z</time>
    </trkpt>
    <trkpt lat="50.8502014" lon="6.7526927">
      <ele>78.6</ele>
      <time>2024-08-03T08:17:36Z</time>
    </trkpt>
    <trkpt lat="50.8499321" lon="6.7522108">
      <ele>78.2</ele>
      <time>2024-08-03T08:17:44Z</time>
    </trkpt>
    <trkpt lat="50.8496959" lon="6.7518899">
      <ele>78.8</ele>
      <time>2024-08-03T08:17:51Z</time>
    </trkpt>
    <trkpt lat="50.8494439" lon="6.7515440">
      <ele>79.0</ele>
      <time>2024-08-03T08:17:57Z</time>
    </trkpt>
    <trkpt lat="50.8490470" lon="6.7510013">
      <ele>78.2</ele>
      <time>2024-08-03T08:18:06Z</time>
    </trkpt>
    <trkpt lat="50.8486153" lon="6.7504157">
      <ele>78.0</ele>
      <time>2024-08-03T08:18:16Z</time>
    </trkpt>
    <trkpt lat="50.8482401" lon="6.7499054">
      <ele>78.0</ele>
      <time>2024-08-03T08:18:25Z</time>
    </trkpt>
    <trkpt lat="50.8478686" lon="6.7494062">
      <ele>78.2</ele>
      <time>2024-08-03T08:18:34Z</time>
    </trkpt>
    <trkpt lat="50.8474622" lon="6.7488456">
      <ele>78.0</ele>
      <time>2024-08-03T08:18:45Z</time>
    </trkpt>
    <trkpt lat="50.8474247" lon="6.7487967">
      <ele>78.0</ele>
      <time>2024-08-03T08:18:46Z</time>
    </trkpt>
    <trkpt lat="50.8471278" lon="6.7483869">
      <ele>78.0</ele>
      <time>2024-08-03T08:18:54Z</time>
    </trkpt>
    <trkpt lat="50.8468206" lon="6.7479668">
      <ele>78.0</ele>
      <time>2024-08-03T08:19:02Z</time>
    </trkpt>
    <trkpt lat="50.8465625" lon="6.7476144">
      <ele>79.0</ele>
      <time>2024-08-03T08:19:09Z</time>
    </trkpt>
    <trkpt lat="50.8464621" lon="6.7474855">
      <ele>79.8</ele>
      <time>2024-08-03T08:19:12Z</time>
    </trkpt>
    <trkpt lat="50.8463972" lon="6.7474058">
      <ele>80.2</ele>
      <time>2024-08-03T08:19:14Z</time>
    </trkpt>
    <trkpt lat="50.8462945" lon="6.7472926">
      <ele>80.8</ele>
      <time>2024-08-03T08:19:17Z</time>
    </trkpt>
    <trkpt lat="50.8461970" lon="6.7471871">
      <ele>81.8</ele>
      <time>2024-08-03T08:19:20Z</time>
    </trkpt>
    <trkpt lat="50.8461608" lon="6.7471524">
      <ele>82.2</ele>
      <time>2024-08-03T08:19:21Z</time>
    </trkpt>
    <trkpt lat="50.8461279" lon="6.7471182">
      <ele>82.4</ele>
      <time>2024-08-03T08:19:22Z</time>
    </trkpt>
    <trkpt lat="50.8460387" lon="6.7469990">
      <ele>83.2</ele>
      <time>2024-08-03T08:19:25Z</time>
    </trkpt>
    <trkpt lat="50.8460121" lon="6.7469700">
      <ele>83.6</ele>
      <time>2024-08-03T08:19:26Z</time>
    </trkpt>
    <trkpt lat="50.8458859" lon="6.7468332">
      <ele>84.4</ele>
      <time>2024-08-03T08:19:30Z</time>
    </trkpt>
    <trkpt lat="50.8458180" lon="6.7467541">
      <ele>84.6</ele>
      <time>2024-08-03T08:19:32Z</time>
    </trkpt>
    <trkpt lat="50.8456766" lon="6.7465851">
      <ele>85.4</ele>
      <time>2024-08-03T08:19:37Z</time>
    </trkpt>
    <trkpt lat="50.8455962" lon="6.7464905">
      <ele>85.8</ele>
      <time>2024-08-03T08:19:40Z</time>
    </trkpt>
    <trkpt lat="50.8453674" lon="6.7462440">
      <ele>86.2</ele>
      <time>2024-08-03T08:19:48Z</time>
    </trkpt>
    <trkpt lat="50.8452655" lon="6.7461314">
      <ele>85.8</ele>
      <time>2024-08-03T08:19:52Z</time>
    </trkpt>
    <trkpt lat="50.8450593" lon="6.7459030">
      <ele>84.6</ele>
      <time>2024-08-03T08:19:59Z</time>
    </trkpt>
    <trkpt lat="50.8450087" lon="6.7458424">
      <ele>84.2</ele>
      <time>2024-08-03T08:20:01Z</time>
    </trkpt>
    <trkpt lat="50.8448728" lon="6.7456822">
      <ele>83.6</ele>
      <time>2024-08-03T08:20:05Z</time>
    </trkpt>
    <trkpt lat="50.8447976" lon="6.7455860">
      <ele>83.2</ele>
      <time>2024-08-03T08:20:07Z</time>
    </trkpt>
    <trkpt lat="50.8446510" lon="6.7453938">
      <ele>82.0</ele>
      <time>2024-08-03T08:20:11Z</time>
    </trkpt>
    <trkpt lat="50.8445914" lon="6.7452999">
      <ele>81.6</ele>
      <time>2024-08-03T08:20:13Z</time>
    </trkpt>
    <trkpt lat="50.8444751" lon="6.7451052">
      <ele>80.8</ele>
      <time>2024-08-03T08:20:17Z</time>
    </trkpt>
    <trkpt lat="50.8444421" lon="6.7450503">
      <ele>80.8</ele>
      <time>2024-08-03T08:20:18Z</time>
    </trkpt>
    <trkpt lat="50.8443225" lon="6.7448239">
      <ele>80.2</ele>
      <time>2024-08-03T08:20:22Z</time>
    </trkpt>
    <trkpt lat="50.8441821" lon="6.7445382">
      <ele>79.8</ele>
      <time>2024-08-03T08:20:27Z</time>
    </trkpt>
    <trkpt lat="50.8441010" lon="6.7443483">
      <ele>79.8</ele>
      <time>2024-08-03T08:20:30Z</time>
    </trkpt>
    <trkpt lat="50.8440264" lon="6.7441888">
      <ele>79.8</ele>
      <time>2024-08-03T08:20:33Z</time>
    </trkpt>
    <trkpt lat="50.8439414" lon="6.7440275">
      <ele>80.0</ele>
      <time>2024-08-03T08:20:36Z</time>
    </trkpt>
    <trkpt lat="50.8438532" lon="6.7437937">
      <ele>80.6</ele>
      <time>2024-08-03T08:20:41Z</time>
    </trkpt>
    <trkpt lat="50.8437450" lon="6.7435261">
      <ele>80.6</ele>
      <time>2024-08-03T08:20:46Z</time>
    </trkpt>
    <trkpt lat="50.8436944" lon="6.7433953">
      <ele>80.4</ele>
      <time>2024-08-03T08:20:48Z</time>
    </trkpt>
    <trkpt lat="50.8436319" lon="6.7432554">
      <ele>80.0</ele>
      <time>2024-08-03T08:20:50Z</time>
    </trkpt>
    <trkpt lat="50.8435776" lon="6.7431259">
      <ele>79.4</ele>
      <time>2024-08-03T08:20:52Z</time>
    </trkpt>
    <trkpt lat="50.8434882" lon="6.7429256">
      <ele>79.0</ele>
      <time>2024-08-03T08:20:55Z</time>
    </trkpt>
    <trkpt lat="50.8434600" lon="6.7428606">
      <ele>78.8</ele>
      <time>2024-08-03T08:20:56Z</time>
    </trkpt>
    <trkpt lat="50.8434041" lon="6.7427389">
      <ele>78.8</ele>
      <time>2024-08-03T08:20:58Z</time>
    </trkpt>
    <trkpt lat="50.8433275" lon="6.7425483">
      <ele>78.6</ele>
      <time>2024-08-03T08:21:01Z</time>
    </trkpt>
    <trkpt lat="50.8432399" lon="6.7423620">
      <ele>78.4</ele>
      <time>2024-08-03T08:21:04Z</time>
    </trkpt>
    <trkpt lat="50.8431682" lon="6.7421743">
      <ele>78.4</ele>
      <time>2024-08-03T08:21:07Z</time>
    </trkpt>
    <trkpt lat="50.8431146" lon="6.7420576">
      <ele>78.4</ele>
      <time>2024-08-03T08:21:09Z</time>
    </trkpt>
    <trkpt lat="50.8430602" lon="6.7419372">
      <ele>78.4</ele>
      <time>2024-08-03T08:21:11Z</time>
    </trkpt>
    <trkpt lat="50.8430069" lon="6.7418144">
      <ele>78.4</ele>
      <time>2024-08-03T08:21:13Z</time>
    </trkpt>
    <trkpt lat="50.8429624" lon="6.7416798">
      <ele>78.4</ele>
      <time>2024-08-03T08:21:15Z</time>
    </trkpt>
    <trkpt lat="50.8429332" lon="6.7414766">
      <ele>78.6</ele>
      <time>2024-08-03T08:21:18Z</time>
    </trkpt>
    <trkpt lat="50.8428913" lon="6.7411174">
      <ele>78.6</ele>
      <time>2024-08-03T08:21:23Z</time>
    </trkpt>
    <trkpt lat="50.8428783" lon="6.7410525">
      <ele>78.6</ele>
      <time>2024-08-03T08:21:24Z</time>
    </trkpt>
    <trkpt lat="50.8428688" lon="6.7409918">
      <ele>78.6</ele>
      <time>2024-08-03T08:21:25Z</time>
    </trkpt>
    <trkpt lat="50.8428527" lon="6.7408799">
      <ele>78.6</ele>
      <time>2024-08-03T08:21:27Z</time>
    </trkpt>
    <trkpt lat="50.8428356" lon="6.7408158">
      <ele>78.6</ele>
      <time>2024-08-03T08:21:28Z</time>
    </trkpt>
    <trkpt lat="50.8427047" lon="6.7404366">
      <ele>78.6</ele>
      <time>2024-08-03T08:21:34Z</time>
    </trkpt>
    <trkpt lat="50.8426821" lon="6.7403788">
      <ele>78.6</ele>
      <time>2024-08-03T08:21:35Z</time>
    </trkpt>
    <trkpt lat="50.8426437" lon="6.7402533">
      <ele>78.8</ele>
      <time>2024-08-03T08:21:37Z</time>
    </trkpt>
    <trkpt lat="50.8425551" lon="6.7400242">
      <ele>78.8</ele>
      <time>2024-08-03T08:21:41Z</time>
    </trkpt>
    <trkpt lat="50.8423821" lon="6.7395150">
      <ele>78.8</ele>
      <time>2024-08-03T08:21:50Z</time>
    </trkpt>
    <trkpt lat="50.8422706" lon="6.7392695">
      <ele>78.8</ele>
      <time>2024-08-03T08:21:55Z</time>
    </trkpt>
    <trkpt lat="50.8421284" lon="6.7391456">
      <ele>79.0</ele>
      <time>2024-08-03T08:22:00Z</time>
    </trkpt>
    <trkpt lat="50.8418351" lon="6.7389870">
      <ele>79.0</ele>
      <time>2024-08-03T08:22:08Z</time>
    </trkpt>
    <trkpt lat="50.8416494" lon="6.7389420">
      <ele>79.6</ele>
      <time>2024-08-03T08:22:13Z</time>
    </trkpt>
    <trkpt lat="50.8414918" lon="6.7389314">
      <ele>79.8</ele>
      <time>2024-08-03T08:22:17Z</time>
    </trkpt>
    <trkpt lat="50.8412501" lon="6.7390254">
      <ele>80.2</ele>
      <time>2024-08-03T08:22:23Z</time>
    </trkpt>
    <trkpt lat="50.8410619" lon="6.7391314">
      <ele>80.2</ele>
      <time>2024-08-03T08:22:28Z</time>
    </trkpt>
    <trkpt lat="50.8410239" lon="6.7391574">
      <ele>80.2</ele>
      <time>2024-08-03T08:22:29Z</time>
    </trkpt>
    <trkpt lat="50.8407838" lon="6.7392224">
      <ele>80.4</ele>
      <time>2024-08-03T08:22:35Z</time>
    </trkpt>
    <trkpt lat="50.8406597" lon="6.7393355">
      <ele>80.6</ele>
      <time>2024-08-03T08:22:39Z</time>
    </trkpt>
    <trkpt lat="50.8406014" lon="6.7393666">
      <ele>80.6</ele>
      <time>2024-08-03T08:22:41Z</time>
    </trkpt>
    <trkpt lat="50.8405767" lon="6.7393885">
      <ele>80.6</ele>
      <time>2024-08-03T08:22:42Z</time>
    </trkpt>
    <trkpt lat="50.8405328" lon="6.7394386">
      <ele>80.6</ele>
      <time>2024-08-03T08:22:44Z</time>
    </trkpt>
    <trkpt lat="50.8403608" lon="6.7395343">
      <ele>80.4</ele>
      <time>2024-08-03T08:22:49Z</time>
    </trkpt>
    <trkpt lat="50.8401051" lon="6.7396887">
      <ele>80.2</ele>
      <time>2024-08-03T08:22:56Z</time>
    </trkpt>
    <trkpt lat="50.8399690" lon="6.7397454">
      <ele>80.2</ele>
      <time>2024-08-03T08:23:00Z</time>
    </trkpt>
    <trkpt lat="50.8399100" lon="6.7397590">
      <ele>80.2</ele>
      <time>2024-08-03T08:23:02Z</time>
    </trkpt>
    <trkpt lat="50.8398577" lon="6.7397882">
      <ele>80.2</ele>
      <time>2024-08-03T08:23:04Z</time>
    </trkpt>
    <trkpt lat="50.8398040" lon="6.7398409">
      <ele>80.0</ele>
      <time>2024-08-03T08:23:09Z</time>
    </trkpt>
    <trkpt lat="50.8397750" lon="6.7398733">
      <ele>80.0</ele>
      <time>2024-08-03T08:23:14Z</time>
    </trkpt>
    <trkpt lat="50.8397615" lon="6.7399067">
      <ele>80.0</ele>
      <time>2024-08-03T08:23:15Z</time>
    </trkpt>
    <trkpt lat="50.8397595" lon="6.7401043">
      <ele>80.0</ele>
      <time>2024-08-03T08:23:19Z</time>
    </trkpt>
    <trkpt lat="50.8397506" lon="6.7403593">
      <ele>79.8</ele>
      <time>2024-08-03T08:23:23Z</time>
    </trkpt>
    <trkpt lat="50.8397350" lon="6.7404244">
      <ele>79.8</ele>
      <time>2024-08-03T08:23:24Z</time>
    </trkpt>
    <trkpt lat="50.8397145" lon="6.7404868">
      <ele>79.8</ele>
      <time>2024-08-03T08:23:25Z</time>
    </trkpt>
    <trkpt lat="50.8396576" lon="6.7405950">
      <ele>79.6</ele>
      <time>2024-08-03T08:23:27Z</time>
    </trkpt>
    <trkpt lat="50.8396234" lon="6.7406382">
      <ele>79.4</ele>
      <time>2024-08-03T08:23:28Z</time>
    </trkpt>
    <trkpt lat="50.8395093" lon="6.7407502">
      <ele>79.2</ele>
      <time>2024-08-03T08:23:31Z</time>
    </trkpt>
    <trkpt lat="50.8393829" lon="6.7408233">
      <ele>79.2</ele>
      <time>2024-08-03T08:23:34Z</time>
    </trkpt>
    <trkpt lat="50.8391653" lon="6.7409440">
      <ele>79.4</ele>
      <time>2024-08-03T08:23:39Z</time>
    </trkpt>
    <trkpt lat="50.8390877" lon="6.7410038">
      <ele>79.4</ele>
      <time>2024-08-03T08:23:41Z</time>
    </trkpt>
    <trkpt lat="50.8390441" lon="6.7410233">
      <ele>79.4</ele>
      <time>2024-08-03T08:23:42Z</time>
    </trkpt>
    <trkpt lat="50.8389994" lon="6.7410424">
      <ele>79.4</ele>
      <time>2024-08-03T08:23:43Z</time>
    </trkpt>
    <trkpt lat="50.8389119" lon="6.7410896">
      <ele>79.4</ele>
      <time>2024-08-03T08:23:45Z</time>
    </trkpt>
    <trkpt lat="50.8388232" lon="6.7411336">
      <ele>79.4</ele>
      <time>2024-08-03T08:23:47Z</time>
    </trkpt>
    <trkpt lat="50.8384741" lon="6.7413776">
      <ele>79.6</ele>
      <time>2024-08-03T08:23:55Z</time>
    </trkpt>
    <trkpt lat="50.8381751" lon="6.7416350">
      <ele>79.8</ele>
      <time>2024-08-03T08:24:03Z</time>
    </trkpt>
    <trkpt lat="50.8378574" lon="6.7419453">
      <ele>80.2</ele>
      <time>2024-08-03T08:24:11Z</time>
    </trkpt>
    <trkpt lat="50.8378153" lon="6.7419912">
      <ele>80.2</ele>
      <time>2024-08-03T08:24:12Z</time>
    </trkpt>
    <trkpt lat="50.8374728" lon="6.7423564">
      <ele>80.4</ele>
      <time>2024-08-03T08:24:20Z</time>
    </trkpt>
    <trkpt lat="50.8372059" lon="6.7425718">
      <ele>80.4</ele>
      <time>2024-08-03T08:24:26Z</time>
    </trkpt>
    <trkpt lat="50.8369044" lon="6.7427608">
      <ele>80.4</ele>
      <time>2024-08-03T08:24:33Z</time>
    </trkpt>
    <trkpt lat="50.8368626" lon="6.7427794">
      <ele>80.6</ele>
      <time>2024-08-03T08:24:34Z</time>
    </trkpt>
    <trkpt lat="50.8364810" lon="6.7430365">
      <ele>80.6</ele>
      <time>2024-08-03T08:24:43Z</time>
    </trkpt>
    <trkpt lat="50.8362176" lon="6.7433303">
      <ele>80.6</ele>
      <time>2024-08-03T08:24:50Z</time>
    </trkpt>
    <trkpt lat="50.8361494" lon="6.7434284">
      <ele>80.6</ele>
      <time>2024-08-03T08:24:52Z</time>
    </trkpt>
    <trkpt lat="50.8359543" lon="6.7436306">
      <ele>81.0</ele>
      <time>2024-08-03T08:24:57Z</time>
    </trkpt>
    <trkpt lat="50.8356493" lon="6.7439401">
      <ele>81.0</ele>
      <time>2024-08-03T08:25:05Z</time>
    </trkpt>
    <trkpt lat="50.8356040" lon="6.7439441">
      <ele>81.2</ele>
      <time>2024-08-03T08:25:06Z</time>
    </trkpt>
    <trkpt lat="50.8355571" lon="6.7439186">
      <ele>81.2</ele>
      <time>2024-08-03T08:25:07Z</time>
    </trkpt>
    <trkpt lat="50.8355145" lon="6.7438778">
      <ele>81.2</ele>
      <time>2024-08-03T08:25:08Z</time>
    </trkpt>
    <trkpt lat="50.8353057" lon="6.7436523">
      <ele>81.2</ele>
      <time>2024-08-03T08:25:13Z</time>
    </trkpt>
    <trkpt lat="50.8352724" lon="6.7436053">
      <ele>81.2</ele>
      <time>2024-08-03T08:25:14Z</time>
    </trkpt>
    <trkpt lat="50.8352435" lon="6.7435553">
      <ele>81.0</ele>
      <time>2024-08-03T08:25:15Z</time>
    </trkpt>
    <trkpt lat="50.8351460" lon="6.7433170">
      <ele>80.6</ele>
      <time>2024-08-03T08:25:19Z</time>
    </trkpt>
    <trkpt lat="50.8349651" lon="6.7427352">
      <ele>80.6</ele>
      <time>2024-08-03T08:25:28Z</time>
    </trkpt>
    <trkpt lat="50.8349483" lon="6.7426679">
      <ele>80.6</ele>
      <time>2024-08-03T08:25:29Z</time>
    </trkpt>
    <trkpt lat="50.8348754" lon="6.7423629">
      <ele>81.0</ele>
      <time>2024-08-03T08:25:34Z</time>
    </trkpt>
    <trkpt lat="50.8346947" lon="6.7418172">
      <ele>81.4</ele>
      <time>2024-08-03T08:25:43Z</time>
    </trkpt>
    <trkpt lat="50.8345352" lon="6.7413475">
      <ele>81.6</ele>
      <time>2024-08-03T08:25:51Z</time>
    </trkpt>
    <trkpt lat="50.8343458" lon="6.7408075">
      <ele>82.0</ele>
      <time>2024-08-03T08:26:00Z</time>
    </trkpt>
    <trkpt lat="50.8342929" lon="6.7406463">
      <ele>82.2</ele>
      <time>2024-08-03T08:26:03Z</time>
    </trkpt>
    <trkpt lat="50.8342160" lon="6.7404339">
      <ele>82.4</ele>
      <time>2024-08-03T08:26:08Z</time>
    </trkpt>
    <trkpt lat="50.8340960" lon="6.7401587">
      <ele>82.6</ele>
      <time>2024-08-03T08:26:13Z</time>
    </trkpt>
    <trkpt lat="50.8340479" lon="6.7400250">
      <ele>82.6</ele>
      <time>2024-08-03T08:26:15Z</time>
    </trkpt>
    <trkpt lat="50.8339516" lon="6.7397593">
      <ele>82.6</ele>
      <time>2024-08-03T08:26:19Z</time>
    </trkpt>
    <trkpt lat="50.8338045" lon="6.7393609">
      <ele>82.2</ele>
      <time>2024-08-03T08:26:25Z</time>
    </trkpt>
    <trkpt lat="50.8336366" lon="6.7389514">
      <ele>82.4</ele>
      <time>2024-08-03T08:26:32Z</time>
    </trkpt>
    <trkpt lat="50.8336168" lon="6.7388928">
      <ele>82.6</ele>
      <time>2024-08-03T08:26:33Z</time>
    </trkpt>
    <trkpt lat="50.8335417" lon="6.7386402">
      <ele>83.0</ele>
      <time>2024-08-03T08:26:37Z</time>
    </trkpt>
    <trkpt lat="50.8335200" lon="6.7385792">
      <ele>83.0</ele>
      <time>2024-08-03T08:26:38Z</time>
    </trkpt>
    <trkpt lat="50.8333544" lon="6.7380220">
      <ele>83.8</ele>
      <time>2024-08-03T08:26:47Z</time>
    </trkpt>
    <trkpt lat="50.8333025" lon="6.7377644">
      <ele>84.2</ele>
      <time>2024-08-03T08:26:51Z</time>
    </trkpt>
    <trkpt lat="50.8332610" lon="6.7375635">
      <ele>84.4</ele>
      <time>2024-08-03T08:26:54Z</time>
    </trkpt>
    <trkpt lat="50.8332253" lon="6.7373518">
      <ele>84.4</ele>
      <time>2024-08-03T08:26:57Z</time>
    </trkpt>
    <trkpt lat="50.8331441" lon="6.7368605">
      <ele>84.6</ele>
      <time>2024-08-03T08:27:04Z</time>
    </trkpt>
    <trkpt lat="50.8330342" lon="6.7362274">
      <ele>85.0</ele>
      <time>2024-08-03T08:27:13Z</time>
    </trkpt>
    <trkpt lat="50.8329842" lon="6.7358872">
      <ele>85.2</ele>
      <time>2024-08-03T08:27:18Z</time>
    </trkpt>
    <trkpt lat="50.8328860" lon="6.7353149">
      <ele>85.2</ele>
      <time>2024-08-03T08:27:26Z</time>
    </trkpt>
    <trkpt lat="50.8328487" lon="6.7351044">
      <ele>85.4</ele>
      <time>2024-08-03T08:27:29Z</time>
    </trkpt>
    <trkpt lat="50.8327997" lon="6.7348269">
      <ele>85.6</ele>
      <time>2024-08-03T08:27:33Z</time>
    </trkpt>
    <trkpt lat="50.8326326" lon="6.7342167">
      <ele>86.2</ele>
      <time>2024-08-03T08:27:42Z</time>
    </trkpt>
    <trkpt lat="50.8326119" lon="6.7341557">
      <ele>86.2</ele>
      <time>2024-08-03T08:27:43Z</time>
    </trkpt>
    <trkpt lat="50.8324947" lon="6.7338602">
      <ele>86.4</ele>
      <time>2024-08-03T08:27:48Z</time>
    </trkpt>
    <trkpt lat="50.8322203" lon="6.7331944">
      <ele>86.4</ele>
      <time>2024-08-03T08:27:59Z</time>
    </trkpt>
    <trkpt lat="50.8319603" lon="6.7325622">
      <ele>86.6</ele>
      <time>2024-08-03T08:28:10Z</time>
    </trkpt>
    <trkpt lat="50.8316952" lon="6.7319191">
      <ele>86.8</ele>
      <time>2024-08-03T08:28:21Z</time>
    </trkpt>
    <trkpt lat="50.8314831" lon="6.7314207">
      <ele>87.2</ele>
      <time>2024-08-03T08:28:30Z</time>
    </trkpt>
    <trkpt lat="50.8314371" lon="6.7313164">
      <ele>87.4</ele>
      <time>2024-08-03T08:28:32Z</time>
    </trkpt>
    <trkpt lat="50.8314070" lon="6.7312070">
      <ele>87.4</ele>
      <time>2024-08-03T08:28:34Z</time>
    </trkpt>
    <trkpt lat="50.8314016" lon="6.7310944">
      <ele>87.6</ele>
      <time>2024-08-03T08:28:36Z</time>
    </trkpt>
    <trkpt lat="50.8314006" lon="6.7307331">
      <ele>87.6</ele>
      <time>2024-08-03T08:28:42Z</time>
    </trkpt>
    <trkpt lat="50.8313744" lon="6.7302512">
      <ele>87.2</ele>
      <time>2024-08-03T08:28:51Z</time>
    </trkpt>
    <trkpt lat="50.8313538" lon="6.7298068">
      <ele>87.4</ele>
      <time>2024-08-03T08:29:00Z</time>
    </trkpt>
    <trkpt lat="50.8313345" lon="6.7294007">
      <ele>87.4</ele>
      <time>2024-08-03T08:29:07Z</time>
    </trkpt>
    <trkpt lat="50.8313168" lon="6.7288256">
      <ele>87.4</ele>
      <time>2024-08-03T08:29:16Z</time>
    </trkpt>
    <trkpt lat="50.8313049" lon="6.7286447">
      <ele>87.4</ele>
      <time>2024-08-03T08:29:19Z</time>
    </trkpt>
    <trkpt lat="50.8312986" lon="6.7284066">
      <ele>87.2</ele>
      <time>2024-08-03T08:29:23Z</time>
    </trkpt>
    <trkpt lat="50.8312684" lon="6.7277121">
      <ele>87.2</ele>
      <time>2024-08-03T08:29:34Z</time>
    </trkpt>
    <trkpt lat="50.8312466" lon="6.7271349">
      <ele>87.6</ele>
      <time>2024-08-03T08:29:43Z</time>
    </trkpt>
    <trkpt lat="50.8312198" lon="6.7265202">
      <ele>88.2</ele>
      <time>2024-08-03T08:29:52Z</time>
    </trkpt>
    <trkpt lat="50.8312175" lon="6.7264485">
      <ele>88.4</ele>
      <time>2024-08-03T08:29:53Z</time>
    </trkpt>
    <trkpt lat="50.8311874" lon="6.7258043">
      <ele>88.6</ele>
      <time>2024-08-03T08:30:02Z</time>
    </trkpt>
    <trkpt lat="50.8311593" lon="6.7252640">
      <ele>88.8</ele>
      <time>2024-08-03T08:30:10Z</time>
    </trkpt>
    <trkpt lat="50.8311414" lon="6.7247903">
      <ele>89.0</ele>
      <time>2024-08-03T08:30:18Z</time>
    </trkpt>
    <trkpt lat="50.8311184" lon="6.7242196">
      <ele>89.2</ele>
      <time>2024-08-03T08:30:27Z</time>
    </trkpt>
    <trkpt lat="50.8310956" lon="6.7236210">
      <ele>89.0</ele>
      <time>2024-08-03T08:30:36Z</time>
    </trkpt>
    <trkpt lat="50.8310757" lon="6.7230957">
      <ele>88.8</ele>
      <time>2024-08-03T08:30:44Z</time>
    </trkpt>
    <trkpt lat="50.8310514" lon="6.7228585">
      <ele>89.0</ele>
      <time>2024-08-03T08:30:48Z</time>
    </trkpt>
    <trkpt lat="50.8310110" lon="6.7227598">
      <ele>89.2</ele>
      <time>2024-08-03T08:30:50Z</time>
    </trkpt>
    <trkpt lat="50.8309784" lon="6.7227308">
      <ele>89.2</ele>
      <time>2024-08-03T08:30:51Z</time>
    </trkpt>
    <trkpt lat="50.8309001" lon="6.7227271">
      <ele>89.2</ele>
      <time>2024-08-03T08:30:53Z</time>
    </trkpt>
    <trkpt lat="50.8306421" lon="6.7227628">
      <ele>89.4</ele>
      <time>2024-08-03T08:30:59Z</time>
    </trkpt>
    <trkpt lat="50.8305973" lon="6.7227648">
      <ele>89.4</ele>
      <time>2024-08-03T08:31:00Z</time>
    </trkpt>
    <trkpt lat="50.8303220" lon="6.7227724">
      <ele>89.4</ele>
      <time>2024-08-03T08:31:06Z</time>
    </trkpt>
    <trkpt lat="50.8299566" lon="6.7228218">
      <ele>89.4</ele>
      <time>2024-08-03T08:31:14Z</time>
    </trkpt>
    <trkpt lat="50.8297585" lon="6.7228427">
      <ele>89.6</ele>
      <time>2024-08-03T08:31:19Z</time>
    </trkpt>
    <trkpt lat="50.8296479" lon="6.7228444">
      <ele>89.8</ele>
      <time>2024-08-03T08:31:22Z</time>
    </trkpt>
    <trkpt lat="50.8293442" lon="6.7228701">
      <ele>90.2</ele>
      <time>2024-08-03T08:31:29Z</time>
    </trkpt>
    <trkpt lat="50.8292472" lon="6.7228779">
      <ele>90.2</ele>
      <time>2024-08-03T08:31:31Z</time>
    </trkpt>
    <trkpt lat="50.8290009" lon="6.7229086">
      <ele>90.2</ele>
      <time>2024-08-03T08:31:36Z</time>
    </trkpt>
    <trkpt lat="50.8285660" lon="6.7229623">
      <ele>90.4</ele>
      <time>2024-08-03T08:31:45Z</time>
    </trkpt>
    <trkpt lat="50.8281672" lon="6.7229986">
      <ele>90.0</ele>
      <time>2024-08-03T08:31:53Z</time>
    </trkpt>
    <trkpt lat="50.8278016" lon="6.7230374">
      <ele>89.6</ele>
      <time>2024-08-03T08:32:00Z</time>
    </trkpt>
    <trkpt lat="50.8274393" lon="6.7230563">
      <ele>89.6</ele>
      <time>2024-08-03T08:32:07Z</time>
    </trkpt>
    <trkpt lat="50.8271843" lon="6.7230830">
      <ele>89.6</ele>
      <time>2024-08-03T08:32:12Z</time>
    </trkpt>
    <trkpt lat="50.8271332" lon="6.7230935">
      <ele>89.6</ele>
      <time>2024-08-03T08:32:13Z</time>
    </trkpt>
    <trkpt lat="50.8267420" lon="6.7231338">
      <ele>90.2</ele>
      <time>2024-08-03T08:32:21Z</time>
    </trkpt>
    <trkpt lat="50.8263025" lon="6.7231845">
      <ele>90.8</ele>
      <time>2024-08-03T08:32:30Z</time>
    </trkpt>
    <trkpt lat="50.8258953" lon="6.7232322">
      <ele>91.0</ele>
      <time>2024-08-03T08:32:38Z</time>
    </trkpt>
    <trkpt lat="50.8254990" lon="6.7232788">
      <ele>91.0</ele>
      <time>2024-08-03T08:32:46Z</time>
    </trkpt>
    <trkpt lat="50.8253944" lon="6.7232997">
      <ele>91.0</ele>
      <time>2024-08-03T08:32:48Z</time>
    </trkpt>
    <trkpt lat="50.8252219" lon="6.7233048">
      <ele>91.2</ele>
      <time>2024-08-03T08:32:51Z</time>
    </trkpt>
    <trkpt lat="50.8249711" lon="6.7233296">
      <ele>91.4</ele>
      <time>2024-08-03T08:32:56Z</time>
    </trkpt>
    <trkpt lat="50.8248837" lon="6.7232907">
      <ele>92.4</ele>
      <time>2024-08-03T08:33:00Z</time>
    </trkpt>
    <trkpt lat="50.8248684" lon="6.7232649">
      <ele>93.0</ele>
      <time>2024-08-03T08:33:02Z</time>
    </trkpt>
    <trkpt lat="50.8248518" lon="6.7231871">
      <ele>93.2</ele>
      <time>2024-08-03T08:33:05Z</time>
    </trkpt>
    <trkpt lat="50.8248442" lon="6.7231016">
      <ele>93.4</ele>
      <time>2024-08-03T08:33:08Z</time>
    </trkpt>
    <trkpt lat="50.8248379" lon="6.7230027">
      <ele>93.4</ele>
      <time>2024-08-03T08:33:10Z</time>
    </trkpt>
    <trkpt lat="50.8248094" lon="6.7225689">
      <ele>93.6</ele>
      <time>2024-08-03T08:33:17Z</time>
    </trkpt>
    <trkpt lat="50.8247768" lon="6.7221247">
      <ele>93.4</ele>
      <time>2024-08-03T08:33:23Z</time>
    </trkpt>
    <trkpt lat="50.8247327" lon="6.7215902">
      <ele>93.8</ele>
      <time>2024-08-03T08:33:30Z</time>
    </trkpt>
    <trkpt lat="50.8246855" lon="6.7209592">
      <ele>94.0</ele>
      <time>2024-08-03T08:33:38Z</time>
    </trkpt>
    <trkpt lat="50.8246371" lon="6.7204202">
      <ele>94.4</ele>
      <time>2024-08-03T08:33:45Z</time>
    </trkpt>
    <trkpt lat="50.8246303" lon="6.7203407">
      <ele>94.4</ele>
      <time>2024-08-03T08:33:46Z</time>
    </trkpt>
    <trkpt lat="50.8246263" lon="6.7202624">
      <ele>94.4</ele>
      <time>2024-08-03T08:33:47Z</time>
    </trkpt>
    <trkpt lat="50.8246030" lon="6.7199465">
      <ele>94.4</ele>
      <time>2024-08-03T08:33:51Z</time>
    </trkpt>
    <trkpt lat="50.8245704" lon="6.7194264">
      <ele>94.6</ele>
      <time>2024-08-03T08:33:58Z</time>
    </trkpt>
    <trkpt lat="50.8245579" lon="6.7191966">
      <ele>94.6</ele>
      <time>2024-08-03T08:34:01Z</time>
    </trkpt>
    <trkpt lat="50.8245121" lon="6.7185807">
      <ele>94.8</ele>
      <time>2024-08-03T08:34:09Z</time>
    </trkpt>
    <trkpt lat="50.8244740" lon="6.7179536">
      <ele>95.0</ele>
      <time>2024-08-03T08:34:17Z</time>
    </trkpt>
    <trkpt lat="50.8244263" lon="6.7172901">
      <ele>95.0</ele>
      <time>2024-08-03T08:34:25Z</time>
    </trkpt>
    <trkpt lat="50.8243999" lon="6.7168229">
      <ele>95.0</ele>
      <time>2024-08-03T08:34:31Z</time>
    </trkpt>
    <trkpt lat="50.8243586" lon="6.7161794">
      <ele>95.2</ele>
      <time>2024-08-03T08:34:39Z</time>
    </trkpt>
    <trkpt lat="50.8243328" lon="6.7158578">
      <ele>95.4</ele>
      <time>2024-08-03T08:34:43Z</time>
    </trkpt>
    <trkpt lat="50.8243246" lon="6.7156242">
      <ele>95.6</ele>
      <time>2024-08-03T08:34:46Z</time>
    </trkpt>
    <trkpt lat="50.8243201" lon="6.7154789">
      <ele>95.6</ele>
      <time>2024-08-03T08:34:48Z</time>
    </trkpt>
    <trkpt lat="50.8243079" lon="6.7153222">
      <ele>95.6</ele>
      <time>2024-08-03T08:34:50Z</time>
    </trkpt>
    <trkpt lat="50.8242945" lon="6.7151619">
      <ele>95.6</ele>
      <time>2024-08-03T08:34:52Z</time>
    </trkpt>
    <trkpt lat="50.8242611" lon="6.7146933">
      <ele>95.6</ele>
      <time>2024-08-03T08:34:58Z</time>
    </trkpt>
    <trkpt lat="50.8242102" lon="6.7139603">
      <ele>95.8</ele>
      <time>2024-08-03T08:35:07Z</time>
    </trkpt>
    <trkpt lat="50.8241567" lon="6.7130503">
      <ele>96.2</ele>
      <time>2024-08-03T08:35:18Z</time>
    </trkpt>
    <trkpt lat="50.8241549" lon="6.7129699">
      <ele>96.2</ele>
      <time>2024-08-03T08:35:19Z</time>
    </trkpt>
    <trkpt lat="50.8241249" lon="6.7124016">
      <ele>96.2</ele>
      <time>2024-08-03T08:35:26Z</time>
    </trkpt>
    <trkpt lat="50.8240742" lon="6.7117347">
      <ele>96.4</ele>
      <time>2024-08-03T08:35:34Z</time>
    </trkpt>
    <trkpt lat="50.8240430" lon="6.7113214">
      <ele>96.6</ele>
      <time>2024-08-03T08:35:39Z</time>
    </trkpt>
    <trkpt lat="50.8240274" lon="6.7110660">
      <ele>96.6</ele>
      <time>2024-08-03T08:35:42Z</time>
    </trkpt>
    <trkpt lat="50.8239815" lon="6.7102406">
      <ele>96.8</ele>
      <time>2024-08-03T08:35:52Z</time>
    </trkpt>
    <trkpt lat="50.8239806" lon="6.7101634">
      <ele>97.0</ele>
      <time>2024-08-03T08:35:53Z</time>
    </trkpt>
    <trkpt lat="50.8239329" lon="6.7094163">
      <ele>97.2</ele>
      <time>2024-08-03T08:36:02Z</time>
    </trkpt>
    <trkpt lat="50.8238839" lon="6.7085350">
      <ele>97.4</ele>
      <time>2024-08-03T08:36:12Z</time>
    </trkpt>
    <trkpt lat="50.8238786" lon="6.7084443">
      <ele>97.6</ele>
      <time>2024-08-03T08:36:13Z</time>
    </trkpt>
    <trkpt lat="50.8238700" lon="6.7082754">
      <ele>97.6</ele>
      <time>2024-08-03T08:36:15Z</time>
    </trkpt>
    <trkpt lat="50.8238335" lon="6.7075194">
      <ele>98.0</ele>
      <time>2024-08-03T08:36:24Z</time>
    </trkpt>
    <trkpt lat="50.8237926" lon="6.7066889">
      <ele>98.2</ele>
      <time>2024-08-03T08:36:34Z</time>
    </trkpt>
    <trkpt lat="50.8237682" lon="6.7061015">
      <ele>98.2</ele>
      <time>2024-08-03T08:36:41Z</time>
    </trkpt>
    <trkpt lat="50.8237291" lon="6.7052445">
      <ele>98.2</ele>
      <time>2024-08-03T08:36:51Z</time>
    </trkpt>
    <trkpt lat="50.8236959" lon="6.7044638">
      <ele>98.2</ele>
      <time>2024-08-03T08:37:00Z</time>
    </trkpt>
    <trkpt lat="50.8236790" lon="6.7039589">
      <ele>98.2</ele>
      <time>2024-08-03T08:37:06Z</time>
    </trkpt>
    <trkpt lat="50.8236638" lon="6.7036221">
      <ele>98.2</ele>
      <time>2024-08-03T08:37:10Z</time>
    </trkpt>
    <trkpt lat="50.8236535" lon="6.7032807">
      <ele>98.0</ele>
      <time>2024-08-03T08:37:14Z</time>
    </trkpt>
    <trkpt lat="50.8236486" lon="6.7030292">
      <ele>98.0</ele>
      <time>2024-08-03T08:37:17Z</time>
    </trkpt>
    <trkpt lat="50.8236261" lon="6.7021877">
      <ele>97.6</ele>
      <time>2024-08-03T08:37:27Z</time>
    </trkpt>
    <trkpt lat="50.8235928" lon="6.7013727">
      <ele>97.4</ele>
      <time>2024-08-03T08:37:36Z</time>
    </trkpt>
    <trkpt lat="50.8235747" lon="6.7005065">
      <ele>97.2</ele>
      <time>2024-08-03T08:37:46Z</time>
    </trkpt>
    <trkpt lat="50.8235737" lon="6.7004194">
      <ele>97.2</ele>
      <time>2024-08-03T08:37:47Z</time>
    </trkpt>
    <trkpt lat="50.8235512" lon="6.6995405">
      <ele>97.0</ele>
      <time>2024-08-03T08:37:57Z</time>
    </trkpt>
    <trkpt lat="50.8235504" lon="6.6994576">
      <ele>97.0</ele>
      <time>2024-08-03T08:37:58Z</time>
    </trkpt>
    <trkpt lat="50.8235417" lon="6.6987026">
      <ele>96.8</ele>
      <time>2024-08-03T08:38:07Z</time>
    </trkpt>
    <trkpt lat="50.8235204" lon="6.6978190">
      <ele>96.6</ele>
      <time>2024-08-03T08:38:17Z</time>
    </trkpt>
    <trkpt lat="50.8235168" lon="6.6970476">
      <ele>96.8</ele>
      <time>2024-08-03T08:38:26Z</time>
    </trkpt>
    <trkpt lat="50.8235115" lon="6.6967079">
      <ele>96.8</ele>
      <time>2024-08-03T08:38:30Z</time>
    </trkpt>
    <trkpt lat="50.8235150" lon="6.6965530">
      <ele>96.8</ele>
      <time>2024-08-03T08:38:32Z</time>
    </trkpt>
    <trkpt lat="50.8235152" lon="6.6964744">
      <ele>96.8</ele>
      <time>2024-08-03T08:38:33Z</time>
    </trkpt>
    <trkpt lat="50.8235085" lon="6.6962988">
      <ele>96.8</ele>
      <time>2024-08-03T08:38:35Z</time>
    </trkpt>
    <trkpt lat="50.8235079" lon="6.6961261">
      <ele>96.8</ele>
      <time>2024-08-03T08:38:37Z</time>
    </trkpt>
    <trkpt lat="50.8235072" lon="6.6957005">
      <ele>97.0</ele>
      <time>2024-08-03T08:38:42Z</time>
    </trkpt>
    <trkpt lat="50.8235029" lon="6.6955282">
      <ele>97.0</ele>
      <time>2024-08-03T08:38:44Z</time>
    </trkpt>
    <trkpt lat="50.8234985" lon="6.6953604">
      <ele>97.2</ele>
      <time>2024-08-03T08:38:46Z</time>
    </trkpt>
    <trkpt lat="50.8234955" lon="6.6949381">
      <ele>97.0</ele>
      <time>2024-08-03T08:38:51Z</time>
    </trkpt>
    <trkpt lat="50.8235014" lon="6.6943815">
      <ele>97.2</ele>
      <time>2024-08-03T08:38:58Z</time>
    </trkpt>
    <trkpt lat="50.8235096" lon="6.6936668">
      <ele>97.6</ele>
      <time>2024-08-03T08:39:07Z</time>
    </trkpt>
    <trkpt lat="50.8235119" lon="6.6931134">
      <ele>97.8</ele>
      <time>2024-08-03T08:39:14Z</time>
    </trkpt>
    <trkpt lat="50.8235142" lon="6.6928840">
      <ele>97.8</ele>
      <time>2024-08-03T08:39:17Z</time>
    </trkpt>
    <trkpt lat="50.8235162" lon="6.6926628">
      <ele>98.0</ele>
      <time>2024-08-03T08:39:20Z</time>
    </trkpt>
    <trkpt lat="50.8234650" lon="6.6922251">
      <ele>98.2</ele>
      <time>2024-08-03T08:39:26Z</time>
    </trkpt>
    <trkpt lat="50.8234367" lon="6.6920086">
      <ele>98.4</ele>
      <time>2024-08-03T08:39:30Z</time>
    </trkpt>
    <trkpt lat="50.8234303" lon="6.6919043">
      <ele>98.6</ele>
      <time>2024-08-03T08:39:32Z</time>
    </trkpt>
    <trkpt lat="50.8233834" lon="6.6915327">
      <ele>98.6</ele>
      <time>2024-08-03T08:39:39Z</time>
    </trkpt>
    <trkpt lat="50.8232653" lon="6.6914067">
      <ele>98.8</ele>
      <time>2024-08-03T08:39:44Z</time>
    </trkpt>
    <trkpt lat="50.8232142" lon="6.6914010">
      <ele>98.8</ele>
      <time>2024-08-03T08:39:46Z</time>
    </trkpt>
    <trkpt lat="50.8231477" lon="6.6914493">
      <ele>98.8</ele>
      <time>2024-08-03T08:39:49Z</time>
    </trkpt>
    <trkpt lat="50.8231187" lon="6.6914899">
      <ele>98.8</ele>
      <time>2024-08-03T08:39:51Z</time>
    </trkpt>
    <trkpt lat="50.8230837" lon="6.6915012">
      <ele>98.8</ele>
      <time>2024-08-03T08:39:53Z</time>
    </trkpt>
    <trkpt lat="50.8230616" lon="6.6915077">
      <ele>98.8</ele>
      <time>2024-08-03T08:39:58Z</time>
    </trkpt>
    <trkpt lat="50.8230463" lon="6.6915373">
      <ele>99.0</ele>
      <time>2024-08-03T08:40:05Z</time>
    </trkpt>
    <trkpt lat="50.8231027" lon="6.6915515">
      <ele>99.0</ele>
      <time>2024-08-03T08:40:10Z</time>
    </trkpt>
    <trkpt lat="50.8232010" lon="6.6915198">
      <ele>99.0</ele>
      <time>2024-08-03T08:40:18Z</time>
    </trkpt>
    <trkpt lat="50.8233124" lon="6.6915390">
      <ele>99.0</ele>
      <time>2024-08-03T08:40:27Z</time>
    </trkpt>
    <trkpt lat="50.8233215" lon="6.6915331">
      <ele>99.0</ele>
      <time>2024-08-03T08:40:28Z</time>
    </trkpt>
    <trkpt lat="50.8233249" lon="6.6915265">
      <ele>99.0</ele>
      <time>2024-08-03T08:40:31Z</time>
    </trkpt>
    <trkpt lat="50.8233249" lon="6.6915265">
      <ele>99.0</ele>
      <time>2024-08-03T08:41:10Z</time>
    </trkpt>
    <trkpt lat="50.8233249" lon="6.6915265">
      <ele>99.0</ele>
      <time>2024-08-03T08:41:30Z</time>
    </trkpt>
    <trkpt lat="50.8233249" lon="6.6915265">
      <ele>98.8</ele>
      <time>2024-08-03T08:42:51Z</time>
    </trkpt>
    <trkpt lat="50.8233249" lon="6.6915265">
      <ele>98.8</ele>
      <time>2024-08-03T08:43:30Z</time>
    </trkpt>
    <trkpt lat="50.8232784" lon="6.6915282">
      <ele>98.8</ele>
      <time>2024-08-03T08:43:40Z</time>
    </trkpt>
    <trkpt lat="50.8232429" lon="6.6915305">
      <ele>98.8</ele>
      <time>2024-08-03T08:43:45Z</time>
    </trkpt>
    <trkpt lat="50.8232404" lon="6.6915283">
      <ele>98.8</ele>
      <time>2024-08-03T08:43:48Z</time>
    </trkpt>
    <trkpt lat="50.8232404" lon="6.6915283">
      <ele>98.8</ele>
      <time>2024-08-03T08:44:23Z</time>
    </trkpt>
    <trkpt lat="50.8232323" lon="6.6914930">
      <ele>98.8</ele>
      <time>2024-08-03T08:44:27Z</time>
    </trkpt>
    <trkpt lat="50.8232168" lon="6.6914705">
      <ele>98.8</ele>
      <time>2024-08-03T08:44:30Z</time>
    </trkpt>
    <trkpt lat="50.8231894" lon="6.6914495">
      <ele>98.6</ele>
      <time>2024-08-03T08:44:36Z</time>
    </trkpt>
    <trkpt lat="50.8231673" lon="6.6914429">
      <ele>98.6</ele>
      <time>2024-08-03T08:44:38Z</time>
    </trkpt>
    <trkpt lat="50.8230593" lon="6.6914539">
      <ele>98.4</ele>
      <time>2024-08-03T08:44:44Z</time>
    </trkpt>
    <trkpt lat="50.8228460" lon="6.6914653">
      <ele>98.2</ele>
      <time>2024-08-03T08:44:51Z</time>
    </trkpt>
    <trkpt lat="50.8225123" lon="6.6914285">
      <ele>98.2</ele>
      <time>2024-08-03T08:45:00Z</time>
    </trkpt>
    <trkpt lat="50.8221176" lon="6.6913627">
      <ele>98.2</ele>
      <time>2024-08-03T08:45:10Z</time>
    </trkpt>
    <trkpt lat="50.8216887" lon="6.6912775">
      <ele>98.2</ele>
      <time>2024-08-03T08:45:20Z</time>
    </trkpt>
    <trkpt lat="50.8212498" lon="6.6911726">
      <ele>98.2</ele>
      <time>2024-08-03T08:45:30Z</time>
    </trkpt>
    <trkpt lat="50.8212056" lon="6.6911627">
      <ele>98.2</ele>
      <time>2024-08-03T08:45:31Z</time>
    </trkpt>
    <trkpt lat="50.8209440" lon="6.6910733">
      <ele>98.4</ele>
      <time>2024-08-03T08:45:37Z</time>
    </trkpt>
    <trkpt lat="50.8205095" lon="6.6909329">
      <ele>98.8</ele>
      <time>2024-08-03T08:45:47Z</time>
    </trkpt>
    <trkpt lat="50.8201500" lon="6.6907997">
      <ele>99.0</ele>
      <time>2024-08-03T08:45:55Z</time>
    </trkpt>
    <trkpt lat="50.8196403" lon="6.6906099">
      <ele>99.4</ele>
      <time>2024-08-03T08:46:06Z</time>
    </trkpt>
    <trkpt lat="50.8195434" lon="6.6905723">
      <ele>99.6</ele>
      <time>2024-08-03T08:46:08Z</time>
    </trkpt>
    <trkpt lat="50.8191659" lon="6.6904389">
      <ele>100.0</ele>
      <time>2024-08-03T08:46:16Z</time>
    </trkpt>
    <trkpt lat="50.8191216" lon="6.6904183">
      <ele>100.0</ele>
      <time>2024-08-03T08:46:17Z</time>
    </trkpt>
    <trkpt lat="50.8187633" lon="6.6902743">
      <ele>100.4</ele>
      <time>2024-08-03T08:46:25Z</time>
    </trkpt>
    <trkpt lat="50.8185044" lon="6.6901774">
      <ele>100.6</ele>
      <time>2024-08-03T08:46:31Z</time>
    </trkpt>
    <trkpt lat="50.8184187" lon="6.6901417">
      <ele>100.6</ele>
      <time>2024-08-03T08:46:33Z</time>
    </trkpt>
    <trkpt lat="50.8180805" lon="6.6900032">
      <ele>100.8</ele>
      <time>2024-08-03T08:46:41Z</time>
    </trkpt>
    <trkpt lat="50.8176704" lon="6.6898403">
      <ele>101.2</ele>
      <time>2024-08-03T08:46:51Z</time>
    </trkpt>
    <trkpt lat="50.8173948" lon="6.6897237">
      <ele>101.4</ele>
      <time>2024-08-03T08:46:58Z</time>
    </trkpt>
    <trkpt lat="50.8172794" lon="6.6896759">
      <ele>101.6</ele>
      <time>2024-08-03T08:47:01Z</time>
    </trkpt>
    <trkpt lat="50.8169235" lon="6.6895445">
      <ele>102.2</ele>
      <time>2024-08-03T08:47:10Z</time>
    </trkpt>
    <trkpt lat="50.8167257" lon="6.6894714">
      <ele>102.4</ele>
      <time>2024-08-03T08:47:15Z</time>
    </trkpt>
    <trkpt lat="50.8164481" lon="6.6893738">
      <ele>102.8</ele>
      <time>2024-08-03T08:47:22Z</time>
    </trkpt>
    <trkpt lat="50.8159828" lon="6.6892067">
      <ele>103.2</ele>
      <time>2024-08-03T08:47:34Z</time>
    </trkpt>
    <trkpt lat="50.8156026" lon="6.6890851">
      <ele>103.4</ele>
      <time>2024-08-03T08:47:44Z</time>
    </trkpt>
    <trkpt lat="50.8155643" lon="6.6890731">
      <ele>103.4</ele>
      <time>2024-08-03T08:47:45Z</time>
    </trkpt>
    <trkpt lat="50.8151868" lon="6.6889511">
      <ele>103.8</ele>
      <time>2024-08-03T08:47:55Z</time>
    </trkpt>
    <trkpt lat="50.8148895" lon="6.6888512">
      <ele>103.8</ele>
      <time>2024-08-03T08:48:03Z</time>
    </trkpt>
    <trkpt lat="50.8144765" lon="6.6887447">
      <ele>104.0</ele>
      <time>2024-08-03T08:48:14Z</time>
    </trkpt>
    <trkpt lat="50.8141663" lon="6.6886614">
      <ele>104.2</ele>
      <time>2024-08-03T08:48:23Z</time>
    </trkpt>
    <trkpt lat="50.8140967" lon="6.6886420">
      <ele>104.4</ele>
      <time>2024-08-03T08:48:25Z</time>
    </trkpt>
    <trkpt lat="50.8137769" lon="6.6885714">
      <ele>104.8</ele>
      <time>2024-08-03T08:48:34Z</time>
    </trkpt>
    <trkpt lat="50.8133452" lon="6.6884972">
      <ele>105.2</ele>
      <time>2024-08-03T08:48:46Z</time>
    </trkpt>
    <trkpt lat="50.8131932" lon="6.6884746">
      <ele>105.6</ele>
      <time>2024-08-03T08:48:50Z</time>
    </trkpt>
    <trkpt lat="50.8130009" lon="6.6884455">
      <ele>105.6</ele>
      <time>2024-08-03T08:48:55Z</time>
    </trkpt>
    <trkpt lat="50.8125909" lon="6.6883745">
      <ele>105.6</ele>
      <time>2024-08-03T08:49:06Z</time>
    </trkpt>
    <trkpt lat="50.8122071" lon="6.6883210">
      <ele>106.0</ele>
      <time>2024-08-03T08:49:16Z</time>
    </trkpt>
    <trkpt lat="50.8117896" lon="6.6882769">
      <ele>106.0</ele>
      <time>2024-08-03T08:49:27Z</time>
    </trkpt>
    <trkpt lat="50.8112683" lon="6.6882254">
      <ele>106.4</ele>
      <time>2024-08-03T08:49:41Z</time>
    </trkpt>
    <trkpt lat="50.8112316" lon="6.6882243">
      <ele>106.6</ele>
      <time>2024-08-03T08:49:42Z</time>
    </trkpt>
    <trkpt lat="50.8109374" lon="6.6882035">
      <ele>106.8</ele>
      <time>2024-08-03T08:49:50Z</time>
    </trkpt>
    <trkpt lat="50.8104255" lon="6.6881805">
      <ele>107.4</ele>
      <time>2024-08-03T08:50:04Z</time>
    </trkpt>
    <trkpt lat="50.8102795" lon="6.6881750">
      <ele>107.6</ele>
      <time>2024-08-03T08:50:08Z</time>
    </trkpt>
    <trkpt lat="50.8100517" lon="6.6881631">
      <ele>107.8</ele>
      <time>2024-08-03T08:50:14Z</time>
    </trkpt>
    <trkpt lat="50.8096694" lon="6.6881564">
      <ele>108.2</ele>
      <time>2024-08-03T08:50:24Z</time>
    </trkpt>
    <trkpt lat="50.8092577" lon="6.6881546">
      <ele>108.6</ele>
      <time>2024-08-03T08:50:35Z</time>
    </trkpt>
    <trkpt lat="50.8088786" lon="6.6881579">
      <ele>109.0</ele>
      <time>2024-08-03T08:50:45Z</time>
    </trkpt>
    <trkpt lat="50.8088051" lon="6.6881577">
      <ele>109.4</ele>
      <time>2024-08-03T08:50:47Z</time>
    </trkpt>
    <trkpt lat="50.8085465" lon="6.6881572">
      <ele>109.6</ele>
      <time>2024-08-03T08:50:54Z</time>
    </trkpt>
    <trkpt lat="50.8085083" lon="6.6881573">
      <ele>109.6</ele>
      <time>2024-08-03T08:50:55Z</time>
    </trkpt>
    <trkpt lat="50.8081375" lon="6.6881630">
      <ele>109.8</ele>
      <time>2024-08-03T08:51:05Z</time>
    </trkpt>
    <trkpt lat="50.8077184" lon="6.6881754">
      <ele>110.2</ele>
      <time>2024-08-03T08:51:16Z</time>
    </trkpt>
    <trkpt lat="50.8072603" lon="6.6881812">
      <ele>110.2</ele>
      <time>2024-08-03T08:51:28Z</time>
    </trkpt>
    <trkpt lat="50.8068722" lon="6.6881867">
      <ele>110.2</ele>
      <time>2024-08-03T08:51:38Z</time>
    </trkpt>
    <trkpt lat="50.8064901" lon="6.6881898">
      <ele>110.2</ele>
      <time>2024-08-03T08:51:48Z</time>
    </trkpt>
    <trkpt lat="50.8063775" lon="6.6881916">
      <ele>110.2</ele>
      <time>2024-08-03T08:51:51Z</time>
    </trkpt>
    <trkpt lat="50.8061900" lon="6.6881936">
      <ele>110.2</ele>
      <time>2024-08-03T08:51:56Z</time>
    </trkpt>
    <trkpt lat="50.8057814" lon="6.6882024">
      <ele>110.4</ele>
      <time>2024-08-03T08:52:07Z</time>
    </trkpt>
    <trkpt lat="50.8056709" lon="6.6882075">
      <ele>110.4</ele>
      <time>2024-08-03T08:52:10Z</time>
    </trkpt>
    <trkpt lat="50.8054138" lon="6.6882130">
      <ele>110.4</ele>
      <time>2024-08-03T08:52:17Z</time>
    </trkpt>
    <trkpt lat="50.8049246" lon="6.6882189">
      <ele>110.6</ele>
      <time>2024-08-03T08:52:30Z</time>
    </trkpt>
    <trkpt lat="50.8044245" lon="6.6882280">
      <ele>110.8</ele>
      <time>2024-08-03T08:52:43Z</time>
    </trkpt>
    <trkpt lat="50.8038963" lon="6.6882301">
      <ele>111.2</ele>
      <time>2024-08-03T08:52:56Z</time>
    </trkpt>
    <trkpt lat="50.8034580" lon="6.6882380">
      <ele>111.2</ele>
      <time>2024-08-03T08:53:07Z</time>
    </trkpt>
    <trkpt lat="50.8033403" lon="6.6882401">
      <ele>111.2</ele>
      <time>2024-08-03T08:53:10Z</time>
    </trkpt>
    <trkpt lat="50.8031485" lon="6.6882339">
      <ele>111.2</ele>
      <time>2024-08-03T08:53:15Z</time>
    </trkpt>
    <trkpt lat="50.8029374" lon="6.6882228">
      <ele>111.4</ele>
      <time>2024-08-03T08:53:21Z</time>
    </trkpt>
    <trkpt lat="50.8028402" lon="6.6881898">
      <ele>111.8</ele>
      <time>2024-08-03T08:53:24Z</time>
    </trkpt>
    <trkpt lat="50.8026766" lon="6.6881537">
      <ele>112.0</ele>
      <time>2024-08-03T08:53:29Z</time>
    </trkpt>
    <trkpt lat="50.8024248" lon="6.6882206">
      <ele>112.4</ele>
      <time>2024-08-03T08:53:36Z</time>
    </trkpt>
    <trkpt lat="50.8023880" lon="6.6882255">
      <ele>112.4</ele>
      <time>2024-08-03T08:53:37Z</time>
    </trkpt>
    <trkpt lat="50.8021636" lon="6.6882685">
      <ele>112.8</ele>
      <time>2024-08-03T08:53:43Z</time>
    </trkpt>
    <trkpt lat="50.8018503" lon="6.6883856">
      <ele>113.2</ele>
      <time>2024-08-03T08:53:51Z</time>
    </trkpt>
    <trkpt lat="50.8014911" lon="6.6885866">
      <ele>113.4</ele>
      <time>2024-08-03T08:54:00Z</time>
    </trkpt>
    <trkpt lat="50.8014101" lon="6.6886281">
      <ele>113.4</ele>
      <time>2024-08-03T08:54:02Z</time>
    </trkpt>
    <trkpt lat="50.8013688" lon="6.6886483">
      <ele>113.4</ele>
      <time>2024-08-03T08:54:03Z</time>
    </trkpt>
    <trkpt lat="50.8009658" lon="6.6888632">
      <ele>113.8</ele>
      <time>2024-08-03T08:54:13Z</time>
    </trkpt>
    <trkpt lat="50.8006092" lon="6.6890551">
      <ele>114.0</ele>
      <time>2024-08-03T08:54:22Z</time>
    </trkpt>
    <trkpt lat="50.8002233" lon="6.6892544">
      <ele>114.2</ele>
      <time>2024-08-03T08:54:31Z</time>
    </trkpt>
    <trkpt lat="50.8000061" lon="6.6893694">
      <ele>114.6</ele>
      <time>2024-08-03T08:54:36Z</time>
    </trkpt>
    <trkpt lat="50.7998198" lon="6.6894642">
      <ele>114.6</ele>
      <time>2024-08-03T08:54:40Z</time>
    </trkpt>
    <trkpt lat="50.7994895" lon="6.6896402">
      <ele>114.6</ele>
      <time>2024-08-03T08:54:47Z</time>
    </trkpt>
    <trkpt lat="50.7990709" lon="6.6898533">
      <ele>114.8</ele>
      <time>2024-08-03T08:54:56Z</time>
    </trkpt>
    <trkpt lat="50.7987807" lon="6.6900034">
      <ele>115.0</ele>
      <time>2024-08-03T08:55:03Z</time>
    </trkpt>
    <trkpt lat="50.7987391" lon="6.6900009">
      <ele>115.2</ele>
      <time>2024-08-03T08:55:04Z</time>
    </trkpt>
    <trkpt lat="50.7987022" lon="6.6899739">
      <ele>115.2</ele>
      <time>2024-08-03T08:55:05Z</time>
    </trkpt>
    <trkpt lat="50.7986465" lon="6.6898739">
      <ele>115.2</ele>
      <time>2024-08-03T08:55:07Z</time>
    </trkpt>
    <trkpt lat="50.7985928" lon="6.6897725">
      <ele>115.0</ele>
      <time>2024-08-03T08:55:09Z</time>
    </trkpt>
    <trkpt lat="50.7984847" lon="6.6896693">
      <ele>115.0</ele>
      <time>2024-08-03T08:55:12Z</time>
    </trkpt>
    <trkpt lat="50.7982749" lon="6.6894221">
      <ele>115.2</ele>
      <time>2024-08-03T08:55:18Z</time>
    </trkpt>
    <trkpt lat="50.7982151" lon="6.6893248">
      <ele>115.2</ele>
      <time>2024-08-03T08:55:20Z</time>
    </trkpt>
    <trkpt lat="50.7981458" lon="6.6891494">
      <ele>115.0</ele>
      <time>2024-08-03T08:55:23Z</time>
    </trkpt>
    <trkpt lat="50.7979483" lon="6.6887256">
      <ele>114.8</ele>
      <time>2024-08-03T08:55:30Z</time>
    </trkpt>
    <trkpt lat="50.7977027" lon="6.6881759">
      <ele>115.0</ele>
      <time>2024-08-03T08:55:40Z</time>
    </trkpt>
    <trkpt lat="50.7975341" lon="6.6877935">
      <ele>115.4</ele>
      <time>2024-08-03T08:55:47Z</time>
    </trkpt>
    <trkpt lat="50.7975083" lon="6.6877372">
      <ele>115.4</ele>
      <time>2024-08-03T08:55:48Z</time>
    </trkpt>
    <trkpt lat="50.7973178" lon="6.6873061">
      <ele>115.6</ele>
      <time>2024-08-03T08:55:56Z</time>
    </trkpt>
    <trkpt lat="50.7971329" lon="6.6868946">
      <ele>115.8</ele>
      <time>2024-08-03T08:56:04Z</time>
    </trkpt>
    <trkpt lat="50.7969045" lon="6.6863856">
      <ele>116.0</ele>
      <time>2024-08-03T08:56:14Z</time>
    </trkpt>
    <trkpt lat="50.7967207" lon="6.6859783">
      <ele>116.0</ele>
      <time>2024-08-03T08:56:22Z</time>
    </trkpt>
    <trkpt lat="50.7965456" lon="6.6855839">
      <ele>116.0</ele>
      <time>2024-08-03T08:56:30Z</time>
    </trkpt>
    <trkpt lat="50.7963558" lon="6.6851578">
      <ele>116.4</ele>
      <time>2024-08-03T08:56:39Z</time>
    </trkpt>
    <trkpt lat="50.7962921" lon="6.6850145">
      <ele>116.4</ele>
      <time>2024-08-03T08:56:42Z</time>
    </trkpt>
    <trkpt lat="50.7961307" lon="6.6846482">
      <ele>116.8</ele>
      <time>2024-08-03T08:56:50Z</time>
    </trkpt>
    <trkpt lat="50.7959373" lon="6.6842124">
      <ele>117.2</ele>
      <time>2024-08-03T08:57:00Z</time>
    </trkpt>
    <trkpt lat="50.7957289" lon="6.6837522">
      <ele>117.2</ele>
      <time>2024-08-03T08:57:10Z</time>
    </trkpt>
    <trkpt lat="50.7955509" lon="6.6833335">
      <ele>117.4</ele>
      <time>2024-08-03T08:57:19Z</time>
    </trkpt>
    <trkpt lat="50.7953857" lon="6.6829121">
      <ele>117.2</ele>
      <time>2024-08-03T08:57:28Z</time>
    </trkpt>
    <trkpt lat="50.7951580" lon="6.6824021">
      <ele>117.2</ele>
      <time>2024-08-03T08:57:38Z</time>
    </trkpt>
    <trkpt lat="50.7950075" lon="6.6820509">
      <ele>117.4</ele>
      <time>2024-08-03T08:57:45Z</time>
    </trkpt>
    <trkpt lat="50.7949190" lon="6.6818442">
      <ele>117.6</ele>
      <time>2024-08-03T08:57:49Z</time>
    </trkpt>
    <trkpt lat="50.7947301" lon="6.6813952">
      <ele>117.6</ele>
      <time>2024-08-03T08:57:58Z</time>
    </trkpt>
    <trkpt lat="50.7944981" lon="6.6808619">
      <ele>117.8</ele>
      <time>2024-08-03T08:58:09Z</time>
    </trkpt>
    <trkpt lat="50.7942719" lon="6.6803234">
      <ele>118.0</ele>
      <time>2024-08-03T08:58:20Z</time>
    </trkpt>
    <trkpt lat="50.7942324" lon="6.6802278">
      <ele>118.2</ele>
      <time>2024-08-03T08:58:22Z</time>
    </trkpt>
    <trkpt lat="50.7940173" lon="6.6798121">
      <ele>118.6</ele>
      <time>2024-08-03T08:58:31Z</time>
    </trkpt>
    <trkpt lat="50.7936864" lon="6.6792620">
      <ele>118.6</ele>
      <time>2024-08-03T08:58:43Z</time>
    </trkpt>
    <trkpt lat="50.7934132" lon="6.6788125">
      <ele>118.6</ele>
      <time>2024-08-03T08:58:53Z</time>
    </trkpt>
    <trkpt lat="50.7932627" lon="6.6785388">
      <ele>118.4</ele>
      <time>2024-08-03T08:58:59Z</time>
    </trkpt>
    <trkpt lat="50.7929920" lon="6.6781063">
      <ele>118.2</ele>
      <time>2024-08-03T08:59:09Z</time>
    </trkpt>
    <trkpt lat="50.7927441" lon="6.6777088">
      <ele>118.0</ele>
      <time>2024-08-03T08:59:19Z</time>
    </trkpt>
    <trkpt lat="50.7926296" lon="6.6775870">
      <ele>118.0</ele>
      <time>2024-08-03T08:59:23Z</time>
    </trkpt>
    <trkpt lat="50.7925072" lon="6.6774440">
      <ele>117.8</ele>
      <time>2024-08-03T08:59:28Z</time>
    </trkpt>
    <trkpt lat="50.7924950" lon="6.6774407">
      <ele>117.8</ele>
      <time>2024-08-03T08:59:31Z</time>
    </trkpt>
    <trkpt lat="50.7924744" lon="6.6774935">
      <ele>118.0</ele>
      <time>2024-08-03T09:00:26Z</time>
    </trkpt>
    <trkpt lat="50.7924659" lon="6.6775024">
      <ele>118.0</ele>
      <time>2024-08-03T09:00:27Z</time>
    </trkpt>
    <trkpt lat="50.7924419" lon="6.6774918">
      <ele>118.0</ele>
      <time>2024-08-03T09:00:31Z</time>
    </trkpt>
    <trkpt lat="50.7924302" lon="6.6774717">
      <ele>118.0</ele>
      <time>2024-08-03T09:00:36Z</time>
    </trkpt>
    <trkpt lat="50.7924055" lon="6.6774406">
      <ele>118.2</ele>
      <time>2024-08-03T09:00:38Z</time>
    </trkpt>
    <trkpt lat="50.7923077" lon="6.6774070">
      <ele>118.2</ele>
      <time>2024-08-03T09:00:43Z</time>
    </trkpt>
    <trkpt lat="50.7921626" lon="6.6771780">
      <ele>118.2</ele>
      <time>2024-08-03T09:00:51Z</time>
    </trkpt>
    <trkpt lat="50.7920144" lon="6.6767951">
      <ele>118.4</ele>
      <time>2024-08-03T09:00:59Z</time>
    </trkpt>
    <trkpt lat="50.7918824" lon="6.6765815">
      <ele>118.6</ele>
      <time>2024-08-03T09:01:04Z</time>
    </trkpt>
    <trkpt lat="50.7918539" lon="6.6765389">
      <ele>118.6</ele>
      <time>2024-08-03T09:01:05Z</time>
    </trkpt>
    <trkpt lat="50.7915812" lon="6.6761290">
      <ele>119.0</ele>
      <time>2024-08-03T09:01:14Z</time>
    </trkpt>
    <trkpt lat="50.7911842" lon="6.6755544">
      <ele>119.8</ele>
      <time>2024-08-03T09:01:27Z</time>
    </trkpt>
    <trkpt lat="50.7909483" lon="6.6752140">
      <ele>120.0</ele>
      <time>2024-08-03T09:01:35Z</time>
    </trkpt>
    <trkpt lat="50.7908592" lon="6.6750804">
      <ele>120.2</ele>
      <time>2024-08-03T09:01:38Z</time>
    </trkpt>
    <trkpt lat="50.7906707" lon="6.6748009">
      <ele>120.4</ele>
      <time>2024-08-03T09:01:44Z</time>
    </trkpt>
    <trkpt lat="50.7904165" lon="6.6744377">
      <ele>120.8</ele>
      <time>2024-08-03T09:01:52Z</time>
    </trkpt>
    <trkpt lat="50.7903546" lon="6.6743486">
      <ele>120.6</ele>
      <time>2024-08-03T09:01:54Z</time>
    </trkpt>
    <trkpt lat="50.7900358" lon="6.6739056">
      <ele>120.8</ele>
      <time>2024-08-03T09:02:04Z</time>
    </trkpt>
    <trkpt lat="50.7897223" lon="6.6734691">
      <ele>121.0</ele>
      <time>2024-08-03T09:02:14Z</time>
    </trkpt>
    <trkpt lat="50.7896909" lon="6.6734295">
      <ele>121.0</ele>
      <time>2024-08-03T09:02:15Z</time>
    </trkpt>
    <trkpt lat="50.7894643" lon="6.6731679">
      <ele>121.2</ele>
      <time>2024-08-03T09:02:22Z</time>
    </trkpt>
    <trkpt lat="50.7893651" lon="6.6730588">
      <ele>121.2</ele>
      <time>2024-08-03T09:02:25Z</time>
    </trkpt>
    <trkpt lat="50.7892315" lon="6.6728932">
      <ele>121.4</ele>
      <time>2024-08-03T09:02:29Z</time>
    </trkpt>
    <trkpt lat="50.7889521" lon="6.6725634">
      <ele>121.6</ele>
      <time>2024-08-03T09:02:37Z</time>
    </trkpt>
    <trkpt lat="50.7886372" lon="6.6721962">
      <ele>122.0</ele>
      <time>2024-08-03T09:02:46Z</time>
    </trkpt>
    <trkpt lat="50.7885307" lon="6.6720708">
      <ele>122.0</ele>
      <time>2024-08-03T09:02:49Z</time>
    </trkpt>
    <trkpt lat="50.7883875" lon="6.6719010">
      <ele>122.0</ele>
      <time>2024-08-03T09:02:53Z</time>
    </trkpt>
    <trkpt lat="50.7879823" lon="6.6714264">
      <ele>122.2</ele>
      <time>2024-08-03T09:03:04Z</time>
    </trkpt>
    <trkpt lat="50.7878331" lon="6.6712739">
      <ele>122.4</ele>
      <time>2024-08-03T09:03:08Z</time>
    </trkpt>
    <trkpt lat="50.7877173" lon="6.6711646">
      <ele>122.6</ele>
      <time>2024-08-03T09:03:11Z</time>
    </trkpt>
    <trkpt lat="50.7873962" lon="6.6709061">
      <ele>123.0</ele>
      <time>2024-08-03T09:03:19Z</time>
    </trkpt>
    <trkpt lat="50.7873561" lon="6.6708757">
      <ele>123.0</ele>
      <time>2024-08-03T09:03:20Z</time>
    </trkpt>
    <trkpt lat="50.7871257" lon="6.6706836">
      <ele>123.0</ele>
      <time>2024-08-03T09:03:26Z</time>
    </trkpt>
    <trkpt lat="50.7867893" lon="6.6704054">
      <ele>123.0</ele>
      <time>2024-08-03T09:03:35Z</time>
    </trkpt>
    <trkpt lat="50.7864480" lon="6.6701248">
      <ele>123.0</ele>
      <time>2024-08-03T09:03:44Z</time>
    </trkpt>
    <trkpt lat="50.7861418" lon="6.6698783">
      <ele>123.2</ele>
      <time>2024-08-03T09:03:52Z</time>
    </trkpt>
    <trkpt lat="50.7858684" lon="6.6696569">
      <ele>123.2</ele>
      <time>2024-08-03T09:03:59Z</time>
    </trkpt>
    <trkpt lat="50.7857890" lon="6.6695933">
      <ele>123.2</ele>
      <time>2024-08-03T09:04:01Z</time>
    </trkpt>
    <trkpt lat="50.7853683" lon="6.6692312">
      <ele>122.6</ele>
      <time>2024-08-03T09:04:12Z</time>
    </trkpt>
    <trkpt lat="50.7851528" lon="6.6689993">
      <ele>122.6</ele>
      <time>2024-08-03T09:04:18Z</time>
    </trkpt>
    <trkpt lat="50.7849748" lon="6.6688056">
      <ele>122.6</ele>
      <time>2024-08-03T09:04:23Z</time>
    </trkpt>
    <trkpt lat="50.7846856" lon="6.6684883">
      <ele>122.4</ele>
      <time>2024-08-03T09:04:31Z</time>
    </trkpt>
    <trkpt lat="50.7845077" lon="6.6682949">
      <ele>122.4</ele>
      <time>2024-08-03T09:04:37Z</time>
    </trkpt>
    <trkpt lat="50.7845016" lon="6.6682886">
      <ele>122.4</ele>
      <time>2024-08-03T09:04:40Z</time>
    </trkpt>
    <trkpt lat="50.7845121" lon="6.6683160">
      <ele>122.6</ele>
      <time>2024-08-03T09:04:49Z</time>
    </trkpt>
    <trkpt lat="50.7845121" lon="6.6683160">
      <ele>122.4</ele>
      <time>2024-08-03T09:04:58Z</time>
    </trkpt>
    <trkpt lat="50.7845091" lon="6.6683195">
      <ele>122.2</ele>
      <time>2024-08-03T09:05:35Z</time>
    </trkpt>
    <trkpt lat="50.7844618" lon="6.6682481">
      <ele>122.0</ele>
      <time>2024-08-03T09:05:44Z</time>
    </trkpt>
    <trkpt lat="50.7843428" lon="6.6681262">
      <ele>121.8</ele>
      <time>2024-08-03T09:05:49Z</time>
    </trkpt>
    <trkpt lat="50.7843171" lon="6.6680998">
      <ele>121.8</ele>
      <time>2024-08-03T09:05:50Z</time>
    </trkpt>
    <trkpt lat="50.7841081" lon="6.6678633">
      <ele>121.8</ele>
      <time>2024-08-03T09:05:57Z</time>
    </trkpt>
    <trkpt lat="50.7838885" lon="6.6675993">
      <ele>121.6</ele>
      <time>2024-08-03T09:06:04Z</time>
    </trkpt>
    <trkpt lat="50.7837221" lon="6.6672724">
      <ele>121.6</ele>
      <time>2024-08-03T09:06:10Z</time>
    </trkpt>
    <trkpt lat="50.7836089" lon="6.6667903">
      <ele>121.2</ele>
      <time>2024-08-03T09:06:16Z</time>
    </trkpt>
    <trkpt lat="50.7835346" lon="6.6664605">
      <ele>120.8</ele>
      <time>2024-08-03T09:06:20Z</time>
    </trkpt>
    <trkpt lat="50.7834322" lon="6.6660503">
      <ele>120.4</ele>
      <time>2024-08-03T09:06:25Z</time>
    </trkpt>
    <trkpt lat="50.7833496" lon="6.6656783">
      <ele>119.8</ele>
      <time>2024-08-03T09:06:30Z</time>
    </trkpt>
    <trkpt lat="50.7832846" lon="6.6654019">
      <ele>119.6</ele>
      <time>2024-08-03T09:06:34Z</time>
    </trkpt>
    <trkpt lat="50.7831592" lon="6.6647437">
      <ele>119.8</ele>
      <time>2024-08-03T09:06:44Z</time>
    </trkpt>
    <trkpt lat="50.7831461" lon="6.6646849">
      <ele>119.8</ele>
      <time>2024-08-03T09:06:45Z</time>
    </trkpt>
    <trkpt lat="50.7830936" lon="6.6644551">
      <ele>120.0</ele>
      <time>2024-08-03T09:06:49Z</time>
    </trkpt>
    <trkpt lat="50.7830158" lon="6.6642221">
      <ele>120.2</ele>
      <time>2024-08-03T09:06:54Z</time>
    </trkpt>
    <trkpt lat="50.7828638" lon="6.6641493">
      <ele>120.2</ele>
      <time>2024-08-03T09:06:58Z</time>
    </trkpt>
    <trkpt lat="50.7826673" lon="6.6641968">
      <ele>120.4</ele>
      <time>2024-08-03T09:07:02Z</time>
    </trkpt>
    <trkpt lat="50.7822535" lon="6.6643016">
      <ele>120.6</ele>
      <time>2024-08-03T09:07:10Z</time>
    </trkpt>
    <trkpt lat="50.7818397" lon="6.6643266">
      <ele>120.6</ele>
      <time>2024-08-03T09:07:18Z</time>
    </trkpt>
    <trkpt lat="50.7817397" lon="6.6643144">
      <ele>120.8</ele>
      <time>2024-08-03T09:07:20Z</time>
    </trkpt>
    <trkpt lat="50.7816419" lon="6.6642978">
      <ele>120.8</ele>
      <time>2024-08-03T09:07:22Z</time>
    </trkpt>
    <trkpt lat="50.7814495" lon="6.6642429">
      <ele>121.0</ele>
      <time>2024-08-03T09:07:26Z</time>
    </trkpt>
    <trkpt lat="50.7810287" lon="6.6640255">
      <ele>121.6</ele>
      <time>2024-08-03T09:07:35Z</time>
    </trkpt>
    <trkpt lat="50.7808121" lon="6.6638515">
      <ele>121.8</ele>
      <time>2024-08-03T09:07:40Z</time>
    </trkpt>
    <trkpt lat="50.7806554" lon="6.6636906">
      <ele>122.0</ele>
      <time>2024-08-03T09:07:44Z</time>
    </trkpt>
    <trkpt lat="50.7803605" lon="6.6633181">
      <ele>122.8</ele>
      <time>2024-08-03T09:07:52Z</time>
    </trkpt>
    <trkpt lat="50.7803238" lon="6.6632674">
      <ele>122.8</ele>
      <time>2024-08-03T09:07:53Z</time>
    </trkpt>
    <trkpt lat="50.7800955" lon="6.6629018">
      <ele>123.0</ele>
      <time>2024-08-03T09:08:00Z</time>
    </trkpt>
    <trkpt lat="50.7798792" lon="6.6625324">
      <ele>123.0</ele>
      <time>2024-08-03T09:08:07Z</time>
    </trkpt>
    <trkpt lat="50.7795637" lon="6.6619833">
      <ele>123.2</ele>
      <time>2024-08-03T09:08:17Z</time>
    </trkpt>
    <trkpt lat="50.7792739" lon="6.6614875">
      <ele>123.4</ele>
      <time>2024-08-03T09:08:26Z</time>
    </trkpt>
    <trkpt lat="50.7790720" lon="6.6611611">
      <ele>123.2</ele>
      <time>2024-08-03T09:08:32Z</time>
    </trkpt>
    <trkpt lat="50.7789807" lon="6.6609892">
      <ele>123.0</ele>
      <time>2024-08-03T09:08:35Z</time>
    </trkpt>
    <trkpt lat="50.7787224" lon="6.6605455">
      <ele>122.8</ele>
      <time>2024-08-03T09:08:43Z</time>
    </trkpt>
    <trkpt lat="50.7784334" lon="6.6600547">
      <ele>123.6</ele>
      <time>2024-08-03T09:08:52Z</time>
    </trkpt>
    <trkpt lat="50.7784007" lon="6.6599945">
      <ele>123.6</ele>
      <time>2024-08-03T09:08:53Z</time>
    </trkpt>
    <trkpt lat="50.7781529" lon="6.6595550">
      <ele>124.0</ele>
      <time>2024-08-03T09:09:01Z</time>
    </trkpt>
    <trkpt lat="50.7780309" lon="6.6593514">
      <ele>124.2</ele>
      <time>2024-08-03T09:09:05Z</time>
    </trkpt>
    <trkpt lat="50.7779663" lon="6.6592653">
      <ele>124.4</ele>
      <time>2024-08-03T09:09:07Z</time>
    </trkpt>
    <trkpt lat="50.7778068" lon="6.6589682">
      <ele>124.6</ele>
      <time>2024-08-03T09:09:13Z</time>
    </trkpt>
    <trkpt lat="50.7776777" lon="6.6587399">
      <ele>124.8</ele>
      <time>2024-08-03T09:09:18Z</time>
    </trkpt>
    <trkpt lat="50.7775777" lon="6.6585632">
      <ele>125.0</ele>
      <time>2024-08-03T09:09:22Z</time>
    </trkpt>
    <trkpt lat="50.7773400" lon="6.6581562">
      <ele>125.4</ele>
      <time>2024-08-03T09:09:31Z</time>
    </trkpt>
    <trkpt lat="50.7771865" lon="6.6579094">
      <ele>125.6</ele>
      <time>2024-08-03T09:09:38Z</time>
    </trkpt>
    <trkpt lat="50.7770604" lon="6.6576846">
      <ele>125.8</ele>
      <time>2024-08-03T09:09:44Z</time>
    </trkpt>
    <trkpt lat="50.7769943" lon="6.6575696">
      <ele>125.8</ele>
      <time>2024-08-03T09:09:47Z</time>
    </trkpt>
    <trkpt lat="50.7768771" lon="6.6573709">
      <ele>126.0</ele>
      <time>2024-08-03T09:09:52Z</time>
    </trkpt>
    <trkpt lat="50.7766684" lon="6.6569980">
      <ele>126.0</ele>
      <time>2024-08-03T09:10:01Z</time>
    </trkpt>
    <trkpt lat="50.7764246" lon="6.6565876">
      <ele>126.4</ele>
      <time>2024-08-03T09:10:11Z</time>
    </trkpt>
    <trkpt lat="50.7762524" lon="6.6563157">
      <ele>126.8</ele>
      <time>2024-08-03T09:10:18Z</time>
    </trkpt>
    <trkpt lat="50.7762082" lon="6.6562228">
      <ele>126.8</ele>
      <time>2024-08-03T09:10:20Z</time>
    </trkpt>
    <trkpt lat="50.7760015" lon="6.6558189">
      <ele>126.8</ele>
      <time>2024-08-03T09:10:29Z</time>
    </trkpt>
    <trkpt lat="50.7758266" lon="6.6553919">
      <ele>127.0</ele>
      <time>2024-08-03T09:10:38Z</time>
    </trkpt>
    <trkpt lat="50.7756956" lon="6.6550389">
      <ele>127.4</ele>
      <time>2024-08-03T09:10:45Z</time>
    </trkpt>
    <trkpt lat="50.7754964" lon="6.6544722">
      <ele>127.6</ele>
      <time>2024-08-03T09:10:56Z</time>
    </trkpt>
    <trkpt lat="50.7753070" lon="6.6539599">
      <ele>127.6</ele>
      <time>2024-08-03T09:11:06Z</time>
    </trkpt>
    <trkpt lat="50.7751807" lon="6.6536980">
      <ele>127.6</ele>
      <time>2024-08-03T09:11:12Z</time>
    </trkpt>
    <trkpt lat="50.7749479" lon="6.6532661">
      <ele>127.8</ele>
      <time>2024-08-03T09:11:22Z</time>
    </trkpt>
    <trkpt lat="50.7746713" lon="6.6528718">
      <ele>127.6</ele>
      <time>2024-08-03T09:11:32Z</time>
    </trkpt>
    <trkpt lat="50.7744255" lon="6.6525894">
      <ele>127.6</ele>
      <time>2024-08-03T09:11:40Z</time>
    </trkpt>
    <trkpt lat="50.7741624" lon="6.6523417">
      <ele>127.6</ele>
      <time>2024-08-03T09:11:48Z</time>
    </trkpt>
    <trkpt lat="50.7739224" lon="6.6521328">
      <ele>127.6</ele>
      <time>2024-08-03T09:11:55Z</time>
    </trkpt>
    <trkpt lat="50.7736006" lon="6.6518462">
      <ele>127.6</ele>
      <time>2024-08-03T09:12:04Z</time>
    </trkpt>
    <trkpt lat="50.7732815" lon="6.6515429">
      <ele>127.4</ele>
      <time>2024-08-03T09:12:13Z</time>
    </trkpt>
    <trkpt lat="50.7729980" lon="6.6512906">
      <ele>127.2</ele>
      <time>2024-08-03T09:12:21Z</time>
    </trkpt>
    <trkpt lat="50.7729624" lon="6.6512602">
      <ele>127.2</ele>
      <time>2024-08-03T09:12:22Z</time>
    </trkpt>
    <trkpt lat="50.7727310" lon="6.6510508">
      <ele>127.0</ele>
      <time>2024-08-03T09:12:29Z</time>
    </trkpt>
    <trkpt lat="50.7724026" lon="6.6507486">
      <ele>127.2</ele>
      <time>2024-08-03T09:12:39Z</time>
    </trkpt>
    <trkpt lat="50.7720108" lon="6.6503966">
      <ele>127.2</ele>
      <time>2024-08-03T09:12:51Z</time>
    </trkpt>
    <trkpt lat="50.7716862" lon="6.6501068">
      <ele>127.0</ele>
      <time>2024-08-03T09:13:01Z</time>
    </trkpt>
    <trkpt lat="50.7713579" lon="6.6498155">
      <ele>127.0</ele>
      <time>2024-08-03T09:13:12Z</time>
    </trkpt>
    <trkpt lat="50.7711620" lon="6.6496509">
      <ele>127.4</ele>
      <time>2024-08-03T09:13:20Z</time>
    </trkpt>
    <trkpt lat="50.7709399" lon="6.6494573">
      <ele>127.2</ele>
      <time>2024-08-03T09:13:29Z</time>
    </trkpt>
    <trkpt lat="50.7706358" lon="6.6492231">
      <ele>127.2</ele>
      <time>2024-08-03T09:13:40Z</time>
    </trkpt>
    <trkpt lat="50.7703593" lon="6.6490414">
      <ele>127.2</ele>
      <time>2024-08-03T09:13:49Z</time>
    </trkpt>
    <trkpt lat="50.7699403" lon="6.6488185">
      <ele>127.4</ele>
      <time>2024-08-03T09:14:02Z</time>
    </trkpt>
    <trkpt lat="50.7695155" lon="6.6486823">
      <ele>127.2</ele>
      <time>2024-08-03T09:14:14Z</time>
    </trkpt>
    <trkpt lat="50.7691494" lon="6.6486284">
      <ele>127.2</ele>
      <time>2024-08-03T09:14:24Z</time>
    </trkpt>
    <trkpt lat="50.7688418" lon="6.6486356">
      <ele>127.2</ele>
      <time>2024-08-03T09:14:32Z</time>
    </trkpt>
    <trkpt lat="50.7685358" lon="6.6486933">
      <ele>127.2</ele>
      <time>2024-08-03T09:14:40Z</time>
    </trkpt>
    <trkpt lat="50.7682475" lon="6.6487883">
      <ele>127.2</ele>
      <time>2024-08-03T09:14:48Z</time>
    </trkpt>
    <trkpt lat="50.7678859" lon="6.6489801">
      <ele>127.4</ele>
      <time>2024-08-03T09:14:58Z</time>
    </trkpt>
    <trkpt lat="50.7676908" lon="6.6491019">
      <ele>127.6</ele>
      <time>2024-08-03T09:15:03Z</time>
    </trkpt>
    <trkpt lat="50.7676523" lon="6.6491298">
      <ele>127.6</ele>
      <time>2024-08-03T09:15:04Z</time>
    </trkpt>
    <trkpt lat="50.7673453" lon="6.6493740">
      <ele>127.8</ele>
      <time>2024-08-03T09:15:12Z</time>
    </trkpt>
    <trkpt lat="50.7672702" lon="6.6494417">
      <ele>127.6</ele>
      <time>2024-08-03T09:15:14Z</time>
    </trkpt>
    <trkpt lat="50.7669074" lon="6.6497980">
      <ele>127.8</ele>
      <time>2024-08-03T09:15:24Z</time>
    </trkpt>
    <trkpt lat="50.7665339" lon="6.6502242">
      <ele>128.2</ele>
      <time>2024-08-03T09:15:34Z</time>
    </trkpt>
    <trkpt lat="50.7660802" lon="6.6506991">
      <ele>128.8</ele>
      <time>2024-08-03T09:15:46Z</time>
    </trkpt>
    <trkpt lat="50.7660419" lon="6.6507353">
      <ele>128.8</ele>
      <time>2024-08-03T09:15:47Z</time>
    </trkpt>
    <trkpt lat="50.7659197" lon="6.6508419">
      <ele>128.8</ele>
      <time>2024-08-03T09:15:50Z</time>
    </trkpt>
    <trkpt lat="50.7658209" lon="6.6508685">
      <ele>129.0</ele>
      <time>2024-08-03T09:15:52Z</time>
    </trkpt>
    <trkpt lat="50.7657709" lon="6.6508488">
      <ele>129.0</ele>
      <time>2024-08-03T09:15:53Z</time>
    </trkpt>
    <trkpt lat="50.7657220" lon="6.6508144">
      <ele>129.0</ele>
      <time>2024-08-03T09:15:54Z</time>
    </trkpt>
    <trkpt lat="50.7656438" lon="6.6507163">
      <ele>129.0</ele>
      <time>2024-08-03T09:15:56Z</time>
    </trkpt>
    <trkpt lat="50.7656092" lon="6.6506606">
      <ele>129.0</ele>
      <time>2024-08-03T09:15:57Z</time>
    </trkpt>
    <trkpt lat="50.7653365" lon="6.6501172">
      <ele>129.0</ele>
      <time>2024-08-03T09:16:06Z</time>
    </trkpt>
    <trkpt lat="50.7652543" lon="6.6499372">
      <ele>128.8</ele>
      <time>2024-08-03T09:16:09Z</time>
    </trkpt>
    <trkpt lat="50.7651230" lon="6.6496464">
      <ele>128.8</ele>
      <time>2024-08-03T09:16:14Z</time>
    </trkpt>
    <trkpt lat="50.7648789" lon="6.6491100">
      <ele>129.0</ele>
      <time>2024-08-03T09:16:23Z</time>
    </trkpt>
    <trkpt lat="50.7646236" lon="6.6485453">
      <ele>129.0</ele>
      <time>2024-08-03T09:16:33Z</time>
    </trkpt>
    <trkpt lat="50.7645017" lon="6.6482602">
      <ele>128.6</ele>
      <time>2024-08-03T09:16:38Z</time>
    </trkpt>
    <trkpt lat="50.7644271" lon="6.6480954">
      <ele>128.4</ele>
      <time>2024-08-03T09:16:41Z</time>
    </trkpt>
    <trkpt lat="50.7642030" lon="6.6475670">
      <ele>128.8</ele>
      <time>2024-08-03T09:16:51Z</time>
    </trkpt>
    <trkpt lat="50.7641856" lon="6.6475151">
      <ele>128.8</ele>
      <time>2024-08-03T09:16:52Z</time>
    </trkpt>
    <trkpt lat="50.7641256" lon="6.6472479">
      <ele>128.8</ele>
      <time>2024-08-03T09:16:57Z</time>
    </trkpt>
    <trkpt lat="50.7640960" lon="6.6468736">
      <ele>128.6</ele>
      <time>2024-08-03T09:17:04Z</time>
    </trkpt>
    <trkpt lat="50.7641290" lon="6.6464456">
      <ele>128.4</ele>
      <time>2024-08-03T09:17:11Z</time>
    </trkpt>
    <trkpt lat="50.7642344" lon="6.6459633">
      <ele>127.8</ele>
      <time>2024-08-03T09:17:18Z</time>
    </trkpt>
    <trkpt lat="50.7642661" lon="6.6458004">
      <ele>127.6</ele>
      <time>2024-08-03T09:17:20Z</time>
    </trkpt>
    <trkpt lat="50.7642820" lon="6.6457151">
      <ele>127.4</ele>
      <time>2024-08-03T09:17:21Z</time>
    </trkpt>
    <trkpt lat="50.7642978" lon="6.6456317">
      <ele>127.0</ele>
      <time>2024-08-03T09:17:22Z</time>
    </trkpt>
    <trkpt lat="50.7643109" lon="6.6454834">
      <ele>126.4</ele>
      <time>2024-08-03T09:17:25Z</time>
    </trkpt>
    <trkpt lat="50.7643196" lon="6.6454692">
      <ele>126.2</ele>
      <time>2024-08-03T09:17:26Z</time>
    </trkpt>
    <trkpt lat="50.7643322" lon="6.6454613">
      <ele>126.0</ele>
      <time>2024-08-03T09:17:27Z</time>
    </trkpt>
    <trkpt lat="50.7643563" lon="6.6454754">
      <ele>125.8</ele>
      <time>2024-08-03T09:17:29Z</time>
    </trkpt>
    <trkpt lat="50.7643514" lon="6.6455077">
      <ele>125.8</ele>
      <time>2024-08-03T09:17:31Z</time>
    </trkpt>
    <trkpt lat="50.7643403" lon="6.6455090">
      <ele>125.8</ele>
      <time>2024-08-03T09:17:32Z</time>
    </trkpt>
    <trkpt lat="50.7643373" lon="6.6455102">
      <ele>125.8</ele>
      <time>2024-08-03T09:17:36Z</time>
    </trkpt>
    <trkpt lat="50.7643265" lon="6.6454713">
      <ele>125.6</ele>
      <time>2024-08-03T09:17:49Z</time>
    </trkpt>
    <trkpt lat="50.7643238" lon="6.6454153">
      <ele>125.6</ele>
      <time>2024-08-03T09:17:51Z</time>
    </trkpt>
    <trkpt lat="50.7643191" lon="6.6452483">
      <ele>125.2</ele>
      <time>2024-08-03T09:17:56Z</time>
    </trkpt>
    <trkpt lat="50.7643131" lon="6.6449631">
      <ele>124.4</ele>
      <time>2024-08-03T09:18:01Z</time>
    </trkpt>
    <trkpt lat="50.7642687" lon="6.6446247">
      <ele>123.8</ele>
      <time>2024-08-03T09:18:05Z</time>
    </trkpt>
    <trkpt lat="50.7642491" lon="6.6445281">
      <ele>123.6</ele>
      <time>2024-08-03T09:18:06Z</time>
    </trkpt>
    <trkpt lat="50.7642279" lon="6.6444244">
      <ele>123.2</ele>
      <time>2024-08-03T09:18:07Z</time>
    </trkpt>
    <trkpt lat="50.7642032" lon="6.6443249">
      <ele>122.8</ele>
      <time>2024-08-03T09:18:08Z</time>
    </trkpt>
    <trkpt lat="50.7641756" lon="6.6442291">
      <ele>122.6</ele>
      <time>2024-08-03T09:18:09Z</time>
    </trkpt>
    <trkpt lat="50.7641060" lon="6.6438971">
      <ele>121.4</ele>
      <time>2024-08-03T09:18:12Z</time>
    </trkpt>
    <trkpt lat="50.7640446" lon="6.6435233">
      <ele>120.4</ele>
      <time>2024-08-03T09:18:15Z</time>
    </trkpt>
    <trkpt lat="50.7639694" lon="6.6431305">
      <ele>119.4</ele>
      <time>2024-08-03T09:18:18Z</time>
    </trkpt>
    <trkpt lat="50.7639447" lon="6.6429981">
      <ele>118.8</ele>
      <time>2024-08-03T09:18:19Z</time>
    </trkpt>
    <trkpt lat="50.7638484" lon="6.6425503">
      <ele>118.0</ele>
      <time>2024-08-03T09:18:23Z</time>
    </trkpt>
    <trkpt lat="50.7638199" lon="6.6424458">
      <ele>117.8</ele>
      <time>2024-08-03T09:18:24Z</time>
    </trkpt>
    <trkpt lat="50.7636822" lon="6.6420275">
      <ele>116.8</ele>
      <time>2024-08-03T09:18:28Z</time>
    </trkpt>
    <trkpt lat="50.7636429" lon="6.6419320">
      <ele>116.4</ele>
      <time>2024-08-03T09:18:29Z</time>
    </trkpt>
    <trkpt lat="50.7636009" lon="6.6418445">
      <ele>116.4</ele>
      <time>2024-08-03T09:18:30Z</time>
    </trkpt>
    <trkpt lat="50.7633451" lon="6.6413333">
      <ele>115.6</ele>
      <time>2024-08-03T09:18:36Z</time>
    </trkpt>
    <trkpt lat="50.7631786" lon="6.6410166">
      <ele>115.2</ele>
      <time>2024-08-03T09:18:40Z</time>
    </trkpt>
    <trkpt lat="50.7631441" lon="6.6409346">
      <ele>115.2</ele>
      <time>2024-08-03T09:18:41Z</time>
    </trkpt>
    <trkpt lat="50.7630790" lon="6.6407817">
      <ele>115.2</ele>
      <time>2024-08-03T09:18:43Z</time>
    </trkpt>
    <trkpt lat="50.7630458" lon="6.6407166">
      <ele>115.2</ele>
      <time>2024-08-03T09:18:44Z</time>
    </trkpt>
    <trkpt lat="50.7628844" lon="6.6403912">
      <ele>115.8</ele>
      <time>2024-08-03T09:18:49Z</time>
    </trkpt>
    <trkpt lat="50.7628462" lon="6.6403434">
      <ele>116.0</ele>
      <time>2024-08-03T09:18:50Z</time>
    </trkpt>
    <trkpt lat="50.7628023" lon="6.6403067">
      <ele>116.0</ele>
      <time>2024-08-03T09:18:51Z</time>
    </trkpt>
    <trkpt lat="50.7626664" lon="6.6402398">
      <ele>116.2</ele>
      <time>2024-08-03T09:18:54Z</time>
    </trkpt>
    <trkpt lat="50.7624993" lon="6.6402323">
      <ele>116.8</ele>
      <time>2024-08-03T09:18:58Z</time>
    </trkpt>
    <trkpt lat="50.7624674" lon="6.6402053">
      <ele>117.0</ele>
      <time>2024-08-03T09:18:59Z</time>
    </trkpt>
    <trkpt lat="50.7624405" lon="6.6401618">
      <ele>117.2</ele>
      <time>2024-08-03T09:19:00Z</time>
    </trkpt>
    <trkpt lat="50.7624012" lon="6.6400578">
      <ele>117.8</ele>
      <time>2024-08-03T09:19:02Z</time>
    </trkpt>
    <trkpt lat="50.7623820" lon="6.6400009">
      <ele>118.2</ele>
      <time>2024-08-03T09:19:03Z</time>
    </trkpt>
    <trkpt lat="50.7622634" lon="6.6395793">
      <ele>119.0</ele>
      <time>2024-08-03T09:19:10Z</time>
    </trkpt>
    <trkpt lat="50.7622498" lon="6.6395144">
      <ele>119.0</ele>
      <time>2024-08-03T09:19:11Z</time>
    </trkpt>
    <trkpt lat="50.7622388" lon="6.6394507">
      <ele>119.0</ele>
      <time>2024-08-03T09:19:12Z</time>
    </trkpt>
    <trkpt lat="50.7621889" lon="6.6391960">
      <ele>119.4</ele>
      <time>2024-08-03T09:19:16Z</time>
    </trkpt>
    <trkpt lat="50.7621535" lon="6.6390039">
      <ele>119.4</ele>
      <time>2024-08-03T09:19:19Z</time>
    </trkpt>
    <trkpt lat="50.7620153" lon="6.6383684">
      <ele>119.2</ele>
      <time>2024-08-03T09:19:29Z</time>
    </trkpt>
    <trkpt lat="50.7619662" lon="6.6380973">
      <ele>119.2</ele>
      <time>2024-08-03T09:19:33Z</time>
    </trkpt>
    <trkpt lat="50.7619362" lon="6.6378828">
      <ele>119.2</ele>
      <time>2024-08-03T09:19:36Z</time>
    </trkpt>
    <trkpt lat="50.7618264" lon="6.6375065">
      <ele>119.0</ele>
      <time>2024-08-03T09:19:42Z</time>
    </trkpt>
    <trkpt lat="50.7617761" lon="6.6373886">
      <ele>119.0</ele>
      <time>2024-08-03T09:19:44Z</time>
    </trkpt>
    <trkpt lat="50.7615314" lon="6.6368153">
      <ele>118.8</ele>
      <time>2024-08-03T09:19:54Z</time>
    </trkpt>
    <trkpt lat="50.7613954" lon="6.6363985">
      <ele>119.0</ele>
      <time>2024-08-03T09:20:01Z</time>
    </trkpt>
    <trkpt lat="50.7613788" lon="6.6363384">
      <ele>119.0</ele>
      <time>2024-08-03T09:20:02Z</time>
    </trkpt>
    <trkpt lat="50.7612706" lon="6.6359477">
      <ele>119.2</ele>
      <time>2024-08-03T09:20:08Z</time>
    </trkpt>
    <trkpt lat="50.7611315" lon="6.6354234">
      <ele>119.2</ele>
      <time>2024-08-03T09:20:16Z</time>
    </trkpt>
    <trkpt lat="50.7610401" lon="6.6351220">
      <ele>119.8</ele>
      <time>2024-08-03T09:20:21Z</time>
    </trkpt>
    <trkpt lat="50.7609700" lon="6.6349643">
      <ele>120.2</ele>
      <time>2024-08-03T09:20:24Z</time>
    </trkpt>
    <trkpt lat="50.7609378" lon="6.6348063">
      <ele>120.8</ele>
      <time>2024-08-03T09:20:28Z</time>
    </trkpt>
    <trkpt lat="50.7609349" lon="6.6347991">
      <ele>121.2</ele>
      <time>2024-08-03T09:20:31Z</time>
    </trkpt>
    <trkpt lat="50.7608949" lon="6.6346897">
      <ele>121.8</ele>
      <time>2024-08-03T09:20:40Z</time>
    </trkpt>
    <trkpt lat="50.7608093" lon="6.6346563">
      <ele>121.6</ele>
      <time>2024-08-03T09:20:42Z</time>
    </trkpt>
    <trkpt lat="50.7607594" lon="6.6346580">
      <ele>121.6</ele>
      <time>2024-08-03T09:20:43Z</time>
    </trkpt>
    <trkpt lat="50.7607054" lon="6.6346675">
      <ele>121.6</ele>
      <time>2024-08-03T09:20:44Z</time>
    </trkpt>
    <trkpt lat="50.7604846" lon="6.6347291">
      <ele>121.6</ele>
      <time>2024-08-03T09:20:48Z</time>
    </trkpt>
    <trkpt lat="50.7603689" lon="6.6347317">
      <ele>121.6</ele>
      <time>2024-08-03T09:20:50Z</time>
    </trkpt>
    <trkpt lat="50.7602014" lon="6.6346993">
      <ele>121.8</ele>
      <time>2024-08-03T09:20:53Z</time>
    </trkpt>
    <trkpt lat="50.7601532" lon="6.6346693">
      <ele>121.8</ele>
      <time>2024-08-03T09:20:54Z</time>
    </trkpt>
    <trkpt lat="50.7601097" lon="6.6346271">
      <ele>121.8</ele>
      <time>2024-08-03T09:20:55Z</time>
    </trkpt>
    <trkpt lat="50.7600461" lon="6.6345024">
      <ele>122.0</ele>
      <time>2024-08-03T09:20:57Z</time>
    </trkpt>
    <trkpt lat="50.7599388" lon="6.6340746">
      <ele>122.2</ele>
      <time>2024-08-03T09:21:03Z</time>
    </trkpt>
    <trkpt lat="50.7598533" lon="6.6335888">
      <ele>122.2</ele>
      <time>2024-08-03T09:21:10Z</time>
    </trkpt>
    <trkpt lat="50.7597609" lon="6.6330140">
      <ele>122.6</ele>
      <time>2024-08-03T09:21:19Z</time>
    </trkpt>
    <trkpt lat="50.7597429" lon="6.6328887">
      <ele>122.8</ele>
      <time>2024-08-03T09:21:21Z</time>
    </trkpt>
    <trkpt lat="50.7596786" lon="6.6324276">
      <ele>123.6</ele>
      <time>2024-08-03T09:21:29Z</time>
    </trkpt>
    <trkpt lat="50.7596544" lon="6.6322510">
      <ele>123.8</ele>
      <time>2024-08-03T09:21:32Z</time>
    </trkpt>
    <trkpt lat="50.7595685" lon="6.6317894">
      <ele>124.4</ele>
      <time>2024-08-03T09:21:40Z</time>
    </trkpt>
    <trkpt lat="50.7594392" lon="6.6313815">
      <ele>124.6</ele>
      <time>2024-08-03T09:21:48Z</time>
    </trkpt>
    <trkpt lat="50.7592457" lon="6.6308986">
      <ele>124.6</ele>
      <time>2024-08-03T09:21:58Z</time>
    </trkpt>
    <trkpt lat="50.7590379" lon="6.6304178">
      <ele>124.6</ele>
      <time>2024-08-03T09:22:08Z</time>
    </trkpt>
    <trkpt lat="50.7589381" lon="6.6301744">
      <ele>124.8</ele>
      <time>2024-08-03T09:22:13Z</time>
    </trkpt>
    <trkpt lat="50.7588597" lon="6.6299951">
      <ele>125.0</ele>
      <time>2024-08-03T09:22:17Z</time>
    </trkpt>
    <trkpt lat="50.7586903" lon="6.6295434">
      <ele>125.2</ele>
      <time>2024-08-03T09:22:26Z</time>
    </trkpt>
    <trkpt lat="50.7585072" lon="6.6290555">
      <ele>125.6</ele>
      <time>2024-08-03T09:22:36Z</time>
    </trkpt>
    <trkpt lat="50.7583141" lon="6.6285224">
      <ele>125.8</ele>
      <time>2024-08-03T09:22:47Z</time>
    </trkpt>
    <trkpt lat="50.7582661" lon="6.6283804">
      <ele>126.0</ele>
      <time>2024-08-03T09:22:50Z</time>
    </trkpt>
    <trkpt lat="50.7580840" lon="6.6279244">
      <ele>126.0</ele>
      <time>2024-08-03T09:23:00Z</time>
    </trkpt>
    <trkpt lat="50.7579620" lon="6.6276259">
      <ele>126.4</ele>
      <time>2024-08-03T09:23:07Z</time>
    </trkpt>
    <trkpt lat="50.7578803" lon="6.6274268">
      <ele>126.4</ele>
      <time>2024-08-03T09:23:12Z</time>
    </trkpt>
    <trkpt lat="50.7577139" lon="6.6270762">
      <ele>126.8</ele>
      <time>2024-08-03T09:23:21Z</time>
    </trkpt>
    <trkpt lat="50.7575781" lon="6.6268238">
      <ele>127.0</ele>
      <time>2024-08-03T09:23:28Z</time>
    </trkpt>
    <trkpt lat="50.7575575" lon="6.6267954">
      <ele>127.0</ele>
      <time>2024-08-03T09:23:29Z</time>
    </trkpt>
    <trkpt lat="50.7574300" lon="6.6265788">
      <ele>127.0</ele>
      <time>2024-08-03T09:23:35Z</time>
    </trkpt>
    <trkpt lat="50.7572886" lon="6.6263402">
      <ele>127.0</ele>
      <time>2024-08-03T09:23:41Z</time>
    </trkpt>
    <trkpt lat="50.7570770" lon="6.6260363">
      <ele>127.2</ele>
      <time>2024-08-03T09:23:50Z</time>
    </trkpt>
    <trkpt lat="50.7569048" lon="6.6257811">
      <ele>127.2</ele>
      <time>2024-08-03T09:23:57Z</time>
    </trkpt>
    <trkpt lat="50.7565681" lon="6.6252808">
      <ele>127.4</ele>
      <time>2024-08-03T09:24:10Z</time>
    </trkpt>
    <trkpt lat="50.7563707" lon="6.6249569">
      <ele>127.4</ele>
      <time>2024-08-03T09:24:18Z</time>
    </trkpt>
    <trkpt lat="50.7561573" lon="6.6245711">
      <ele>127.6</ele>
      <time>2024-08-03T09:24:27Z</time>
    </trkpt>
    <trkpt lat="50.7559708" lon="6.6242042">
      <ele>127.8</ele>
      <time>2024-08-03T09:24:35Z</time>
    </trkpt>
    <trkpt lat="50.7557776" lon="6.6237836">
      <ele>127.8</ele>
      <time>2024-08-03T09:24:44Z</time>
    </trkpt>
    <trkpt lat="50.7555740" lon="6.6233337">
      <ele>128.2</ele>
      <time>2024-08-03T09:24:54Z</time>
    </trkpt>
    <trkpt lat="50.7555313" lon="6.6232345">
      <ele>128.2</ele>
      <time>2024-08-03T09:24:56Z</time>
    </trkpt>
    <trkpt lat="50.7554080" lon="6.6229548">
      <ele>128.2</ele>
      <time>2024-08-03T09:25:02Z</time>
    </trkpt>
    <trkpt lat="50.7552652" lon="6.6226357">
      <ele>128.4</ele>
      <time>2024-08-03T09:25:09Z</time>
    </trkpt>
    <trkpt lat="50.7550865" lon="6.6222366">
      <ele>128.6</ele>
      <time>2024-08-03T09:25:18Z</time>
    </trkpt>
    <trkpt lat="50.7550475" lon="6.6221537">
      <ele>128.6</ele>
      <time>2024-08-03T09:25:20Z</time>
    </trkpt>
    <trkpt lat="50.7548537" lon="6.6217394">
      <ele>128.6</ele>
      <time>2024-08-03T09:25:30Z</time>
    </trkpt>
    <trkpt lat="50.7546793" lon="6.6213510">
      <ele>128.8</ele>
      <time>2024-08-03T09:25:39Z</time>
    </trkpt>
    <trkpt lat="50.7545205" lon="6.6210060">
      <ele>128.8</ele>
      <time>2024-08-03T09:25:47Z</time>
    </trkpt>
    <trkpt lat="50.7542836" lon="6.6205012">
      <ele>129.2</ele>
      <time>2024-08-03T09:25:59Z</time>
    </trkpt>
    <trkpt lat="50.7542318" lon="6.6203833">
      <ele>129.2</ele>
      <time>2024-08-03T09:26:02Z</time>
    </trkpt>
    <trkpt lat="50.7541120" lon="6.6201288">
      <ele>129.2</ele>
      <time>2024-08-03T09:26:08Z</time>
    </trkpt>
    <trkpt lat="50.7539281" lon="6.6197416">
      <ele>129.4</ele>
      <time>2024-08-03T09:26:17Z</time>
    </trkpt>
    <trkpt lat="50.7537410" lon="6.6193592">
      <ele>129.6</ele>
      <time>2024-08-03T09:26:26Z</time>
    </trkpt>
    <trkpt lat="50.7535623" lon="6.6189957">
      <ele>129.8</ele>
      <time>2024-08-03T09:26:34Z</time>
    </trkpt>
    <trkpt lat="50.7533629" lon="6.6185732">
      <ele>129.8</ele>
      <time>2024-08-03T09:26:43Z</time>
    </trkpt>
    <trkpt lat="50.7531509" lon="6.6181302">
      <ele>129.8</ele>
      <time>2024-08-03T09:26:53Z</time>
    </trkpt>
    <trkpt lat="50.7529761" lon="6.6177685">
      <ele>130.2</ele>
      <time>2024-08-03T09:27:01Z</time>
    </trkpt>
    <trkpt lat="50.7528605" lon="6.6175241">
      <ele>130.2</ele>
      <time>2024-08-03T09:27:06Z</time>
    </trkpt>
    <trkpt lat="50.7526432" lon="6.6170624">
      <ele>130.4</ele>
      <time>2024-08-03T09:27:16Z</time>
    </trkpt>
    <trkpt lat="50.7524250" lon="6.6165842">
      <ele>130.6</ele>
      <time>2024-08-03T09:27:26Z</time>
    </trkpt>
    <trkpt lat="50.7522621" lon="6.6161988">
      <ele>130.8</ele>
      <time>2024-08-03T09:27:35Z</time>
    </trkpt>
    <trkpt lat="50.7522470" lon="6.6161515">
      <ele>130.8</ele>
      <time>2024-08-03T09:27:38Z</time>
    </trkpt>
    <trkpt lat="50.7522471" lon="6.6161459">
      <ele>130.8</ele>
      <time>2024-08-03T09:27:40Z</time>
    </trkpt>
    <trkpt lat="50.7522282" lon="6.6161011">
      <ele>131.0</ele>
      <time>2024-08-03T09:27:55Z</time>
    </trkpt>
    <trkpt lat="50.7521526" lon="6.6159457">
      <ele>131.0</ele>
      <time>2024-08-03T09:27:59Z</time>
    </trkpt>
    <trkpt lat="50.7519566" lon="6.6155725">
      <ele>131.0</ele>
      <time>2024-08-03T09:28:06Z</time>
    </trkpt>
    <trkpt lat="50.7516925" lon="6.6151040">
      <ele>130.8</ele>
      <time>2024-08-03T09:28:15Z</time>
    </trkpt>
    <trkpt lat="50.7514581" lon="6.6146401">
      <ele>131.0</ele>
      <time>2024-08-03T09:28:23Z</time>
    </trkpt>
    <trkpt lat="50.7511525" lon="6.6140413">
      <ele>131.0</ele>
      <time>2024-08-03T09:28:33Z</time>
    </trkpt>
    <trkpt lat="50.7509808" lon="6.6136988">
      <ele>131.2</ele>
      <time>2024-08-03T09:28:39Z</time>
    </trkpt>
    <trkpt lat="50.7508197" lon="6.6133813">
      <ele>131.4</ele>
      <time>2024-08-03T09:28:45Z</time>
    </trkpt>
    <trkpt lat="50.7507139" lon="6.6131838">
      <ele>131.6</ele>
      <time>2024-08-03T09:28:49Z</time>
    </trkpt>
    <trkpt lat="50.7506218" lon="6.6129890">
      <ele>131.6</ele>
      <time>2024-08-03T09:28:53Z</time>
    </trkpt>
    <trkpt lat="50.7503304" lon="6.6124220">
      <ele>131.8</ele>
      <time>2024-08-03T09:29:03Z</time>
    </trkpt>
    <trkpt lat="50.7500610" lon="6.6119104">
      <ele>131.8</ele>
      <time>2024-08-03T09:29:12Z</time>
    </trkpt>
    <trkpt lat="50.7497464" lon="6.6113035">
      <ele>132.0</ele>
      <time>2024-08-03T09:29:23Z</time>
    </trkpt>
    <trkpt lat="50.7496386" lon="6.6110986">
      <ele>132.2</ele>
      <time>2024-08-03T09:29:27Z</time>
    </trkpt>
    <trkpt lat="50.7494696" lon="6.6107891">
      <ele>132.4</ele>
      <time>2024-08-03T09:29:33Z</time>
    </trkpt>
    <trkpt lat="50.7492368" lon="6.6103818">
      <ele>132.6</ele>
      <time>2024-08-03T09:29:41Z</time>
    </trkpt>
    <trkpt lat="50.7489963" lon="6.6099776">
      <ele>132.8</ele>
      <time>2024-08-03T09:29:49Z</time>
    </trkpt>
    <trkpt lat="50.7486521" lon="6.6093829">
      <ele>133.0</ele>
      <time>2024-08-03T09:30:00Z</time>
    </trkpt>
    <trkpt lat="50.7483290" lon="6.6088438">
      <ele>133.2</ele>
      <time>2024-08-03T09:30:10Z</time>
    </trkpt>
    <trkpt lat="50.7480091" lon="6.6082956">
      <ele>133.4</ele>
      <time>2024-08-03T09:30:20Z</time>
    </trkpt>
    <trkpt lat="50.7477018" lon="6.6077818">
      <ele>133.8</ele>
      <time>2024-08-03T09:30:30Z</time>
    </trkpt>
    <trkpt lat="50.7475559" lon="6.6075485">
      <ele>134.0</ele>
      <time>2024-08-03T09:30:35Z</time>
    </trkpt>
    <trkpt lat="50.7474780" lon="6.6074159">
      <ele>134.0</ele>
      <time>2024-08-03T09:30:38Z</time>
    </trkpt>
    <trkpt lat="50.7473726" lon="6.6072498">
      <ele>134.4</ele>
      <time>2024-08-03T09:30:42Z</time>
    </trkpt>
    <trkpt lat="50.7472488" lon="6.6070674">
      <ele>134.6</ele>
      <time>2024-08-03T09:30:46Z</time>
    </trkpt>
    <trkpt lat="50.7470348" lon="6.6067822">
      <ele>134.8</ele>
      <time>2024-08-03T09:30:52Z</time>
    </trkpt>
    <trkpt lat="50.7466973" lon="6.6064132">
      <ele>135.2</ele>
      <time>2024-08-03T09:31:01Z</time>
    </trkpt>
    <trkpt lat="50.7466251" lon="6.6063484">
      <ele>135.2</ele>
      <time>2024-08-03T09:31:03Z</time>
    </trkpt>
    <trkpt lat="50.7465496" lon="6.6062801">
      <ele>135.4</ele>
      <time>2024-08-03T09:31:05Z</time>
    </trkpt>
    <trkpt lat="50.7463873" lon="6.6061702">
      <ele>135.4</ele>
      <time>2024-08-03T09:31:09Z</time>
    </trkpt>
    <trkpt lat="50.7460032" lon="6.6059613">
      <ele>135.6</ele>
      <time>2024-08-03T09:31:18Z</time>
    </trkpt>
    <trkpt lat="50.7456395" lon="6.6058289">
      <ele>135.4</ele>
      <time>2024-08-03T09:31:26Z</time>
    </trkpt>
    <trkpt lat="50.7452968" lon="6.6056544">
      <ele>135.6</ele>
      <time>2024-08-03T09:31:34Z</time>
    </trkpt>
    <trkpt lat="50.7452592" lon="6.6056269">
      <ele>135.6</ele>
      <time>2024-08-03T09:31:35Z</time>
    </trkpt>
    <trkpt lat="50.7451125" lon="6.6055129">
      <ele>135.6</ele>
      <time>2024-08-03T09:31:39Z</time>
    </trkpt>
    <trkpt lat="50.7450354" lon="6.6054413">
      <ele>135.6</ele>
      <time>2024-08-03T09:31:41Z</time>
    </trkpt>
    <trkpt lat="50.7448024" lon="6.6051708">
      <ele>135.8</ele>
      <time>2024-08-03T09:31:47Z</time>
    </trkpt>
    <trkpt lat="50.7445651" lon="6.6048630">
      <ele>136.0</ele>
      <time>2024-08-03T09:31:54Z</time>
    </trkpt>
    <trkpt lat="50.7442521" lon="6.6044745">
      <ele>136.2</ele>
      <time>2024-08-03T09:32:03Z</time>
    </trkpt>
    <trkpt lat="50.7442158" lon="6.6044354">
      <ele>136.4</ele>
      <time>2024-08-03T09:32:04Z</time>
    </trkpt>
    <trkpt lat="50.7439483" lon="6.6041052">
      <ele>136.6</ele>
      <time>2024-08-03T09:32:12Z</time>
    </trkpt>
    <trkpt lat="50.7438924" lon="6.6040288">
      <ele>136.8</ele>
      <time>2024-08-03T09:32:14Z</time>
    </trkpt>
    <trkpt lat="50.7438335" lon="6.6039722">
      <ele>136.8</ele>
      <time>2024-08-03T09:32:16Z</time>
    </trkpt>
    <trkpt lat="50.7437256" lon="6.6038232">
      <ele>137.0</ele>
      <time>2024-08-03T09:32:21Z</time>
    </trkpt>
    <trkpt lat="50.7437115" lon="6.6038002">
      <ele>137.2</ele>
      <time>2024-08-03T09:32:22Z</time>
    </trkpt>
    <trkpt lat="50.7436981" lon="6.6037763">
      <ele>137.2</ele>
      <time>2024-08-03T09:32:24Z</time>
    </trkpt>
    <trkpt lat="50.7436981" lon="6.6037763">
      <ele>137.4</ele>
      <time>2024-08-03T09:32:27Z</time>
    </trkpt>
    <trkpt lat="50.7437007" lon="6.6037727">
      <ele>137.6</ele>
      <time>2024-08-03T09:32:33Z</time>
    </trkpt>
    <trkpt lat="50.7437007" lon="6.6037727">
      <ele>137.2</ele>
      <time>2024-08-03T09:34:58Z</time>
    </trkpt>
    <trkpt lat="50.7437007" lon="6.6037727">
      <ele>137.2</ele>
      <time>2024-08-03T09:36:37Z</time>
    </trkpt>
    <trkpt lat="50.7436988" lon="6.6037702">
      <ele>137.2</ele>
      <time>2024-08-03T09:38:00Z</time>
    </trkpt>
    <trkpt lat="50.7436601" lon="6.6037354">
      <ele>137.0</ele>
      <time>2024-08-03T09:38:07Z</time>
    </trkpt>
    <trkpt lat="50.7436030" lon="6.6036590">
      <ele>137.2</ele>
      <time>2024-08-03T09:38:14Z</time>
    </trkpt>
    <trkpt lat="50.7435914" lon="6.6036537">
      <ele>137.2</ele>
      <time>2024-08-03T09:38:16Z</time>
    </trkpt>
    <trkpt lat="50.7435764" lon="6.6036468">
      <ele>137.4</ele>
      <time>2024-08-03T09:38:21Z</time>
    </trkpt>
    <trkpt lat="50.7435314" lon="6.6036023">
      <ele>137.4</ele>
      <time>2024-08-03T09:38:26Z</time>
    </trkpt>
    <trkpt lat="50.7434277" lon="6.6034667">
      <ele>137.4</ele>
      <time>2024-08-03T09:38:30Z</time>
    </trkpt>
    <trkpt lat="50.7432136" lon="6.6031430">
      <ele>137.8</ele>
      <time>2024-08-03T09:38:38Z</time>
    </trkpt>
    <trkpt lat="50.7429075" lon="6.6026736">
      <ele>138.0</ele>
      <time>2024-08-03T09:38:49Z</time>
    </trkpt>
    <trkpt lat="50.7428248" lon="6.6025437">
      <ele>138.0</ele>
      <time>2024-08-03T09:38:52Z</time>
    </trkpt>
    <trkpt lat="50.7426465" lon="6.6022444">
      <ele>138.2</ele>
      <time>2024-08-03T09:38:58Z</time>
    </trkpt>
    <trkpt lat="50.7423169" lon="6.6017886">
      <ele>138.0</ele>
      <time>2024-08-03T09:39:07Z</time>
    </trkpt>
    <trkpt lat="50.7419730" lon="6.6013849">
      <ele>138.2</ele>
      <time>2024-08-03T09:39:16Z</time>
    </trkpt>
    <trkpt lat="50.7415563" lon="6.6009096">
      <ele>138.2</ele>
      <time>2024-08-03T09:39:26Z</time>
    </trkpt>
    <trkpt lat="50.7412080" lon="6.6004244">
      <ele>138.2</ele>
      <time>2024-08-03T09:39:35Z</time>
    </trkpt>
    <trkpt lat="50.7410106" lon="6.5999524">
      <ele>138.2</ele>
      <time>2024-08-03T09:39:42Z</time>
    </trkpt>
    <trkpt lat="50.7409122" lon="6.5996996">
      <ele>138.2</ele>
      <time>2024-08-03T09:39:46Z</time>
    </trkpt>
    <trkpt lat="50.7408434" lon="6.5995111">
      <ele>138.2</ele>
      <time>2024-08-03T09:39:49Z</time>
    </trkpt>
    <trkpt lat="50.7407980" lon="6.5993838">
      <ele>138.2</ele>
      <time>2024-08-03T09:39:51Z</time>
    </trkpt>
    <trkpt lat="50.7407376" lon="6.5992696">
      <ele>138.2</ele>
      <time>2024-08-03T09:39:53Z</time>
    </trkpt>
    <trkpt lat="50.7406678" lon="6.5991704">
      <ele>138.2</ele>
      <time>2024-08-03T09:39:55Z</time>
    </trkpt>
    <trkpt lat="50.7403901" lon="6.5988112">
      <ele>139.0</ele>
      <time>2024-08-03T09:40:03Z</time>
    </trkpt>
    <trkpt lat="50.7403542" lon="6.5987670">
      <ele>139.2</ele>
      <time>2024-08-03T09:40:04Z</time>
    </trkpt>
    <trkpt lat="50.7401295" lon="6.5984938">
      <ele>140.0</ele>
      <time>2024-08-03T09:40:11Z</time>
    </trkpt>
    <trkpt lat="50.7400970" lon="6.5984658">
      <ele>140.0</ele>
      <time>2024-08-03T09:40:12Z</time>
    </trkpt>
    <trkpt lat="50.7398835" lon="6.5982861">
      <ele>141.2</ele>
      <time>2024-08-03T09:40:19Z</time>
    </trkpt>
    <trkpt lat="50.7397303" lon="6.5981864">
      <ele>142.4</ele>
      <time>2024-08-03T09:40:24Z</time>
    </trkpt>
    <trkpt lat="50.7396701" lon="6.5981398">
      <ele>142.8</ele>
      <time>2024-08-03T09:40:26Z</time>
    </trkpt>
    <trkpt lat="50.7395742" lon="6.5980771">
      <ele>143.6</ele>
      <time>2024-08-03T09:40:29Z</time>
    </trkpt>
    <trkpt lat="50.7394479" lon="6.5979796">
      <ele>144.2</ele>
      <time>2024-08-03T09:40:33Z</time>
    </trkpt>
    <trkpt lat="50.7393594" lon="6.5978928">
      <ele>144.6</ele>
      <time>2024-08-03T09:40:36Z</time>
    </trkpt>
    <trkpt lat="50.7391179" lon="6.5976175">
      <ele>145.4</ele>
      <time>2024-08-03T09:40:44Z</time>
    </trkpt>
    <trkpt lat="50.7390316" lon="6.5975117">
      <ele>145.6</ele>
      <time>2024-08-03T09:40:47Z</time>
    </trkpt>
    <trkpt lat="50.7388717" lon="6.5973433">
      <ele>146.0</ele>
      <time>2024-08-03T09:40:53Z</time>
    </trkpt>
    <trkpt lat="50.7386327" lon="6.5971190">
      <ele>146.4</ele>
      <time>2024-08-03T09:41:01Z</time>
    </trkpt>
    <trkpt lat="50.7383818" lon="6.5969680">
      <ele>146.6</ele>
      <time>2024-08-03T09:41:08Z</time>
    </trkpt>
    <trkpt lat="50.7381126" lon="6.5968999">
      <ele>146.6</ele>
      <time>2024-08-03T09:41:15Z</time>
    </trkpt>
    <trkpt lat="50.7378085" lon="6.5969634">
      <ele>146.6</ele>
      <time>2024-08-03T09:41:23Z</time>
    </trkpt>
    <trkpt lat="50.7374239" lon="6.5970446">
      <ele>147.0</ele>
      <time>2024-08-03T09:41:33Z</time>
    </trkpt>
    <trkpt lat="50.7371214" lon="6.5970676">
      <ele>147.2</ele>
      <time>2024-08-03T09:41:41Z</time>
    </trkpt>
    <trkpt lat="50.7367332" lon="6.5971025">
      <ele>147.4</ele>
      <time>2024-08-03T09:41:51Z</time>
    </trkpt>
    <trkpt lat="50.7363088" lon="6.5971817">
      <ele>147.6</ele>
      <time>2024-08-03T09:42:01Z</time>
    </trkpt>
    <trkpt lat="50.7360545" lon="6.5972573">
      <ele>147.6</ele>
      <time>2024-08-03T09:42:07Z</time>
    </trkpt>
    <trkpt lat="50.7359355" lon="6.5972743">
      <ele>147.6</ele>
      <time>2024-08-03T09:42:10Z</time>
    </trkpt>
    <trkpt lat="50.7358968" lon="6.5972673">
      <ele>147.4</ele>
      <time>2024-08-03T09:42:11Z</time>
    </trkpt>
    <trkpt lat="50.7358609" lon="6.5972582">
      <ele>147.6</ele>
      <time>2024-08-03T09:42:12Z</time>
    </trkpt>
    <trkpt lat="50.7356455" lon="6.5971768">
      <ele>148.0</ele>
      <time>2024-08-03T09:42:18Z</time>
    </trkpt>
    <trkpt lat="50.7354007" lon="6.5970184">
      <ele>148.4</ele>
      <time>2024-08-03T09:42:25Z</time>
    </trkpt>
    <trkpt lat="50.7351366" lon="6.5968710">
      <ele>149.2</ele>
      <time>2024-08-03T09:42:32Z</time>
    </trkpt>
    <trkpt lat="50.7349702" lon="6.5967011">
      <ele>149.4</ele>
      <time>2024-08-03T09:42:37Z</time>
    </trkpt>
    <trkpt lat="50.7349019" lon="6.5966386">
      <ele>149.6</ele>
      <time>2024-08-03T09:42:39Z</time>
    </trkpt>
    <trkpt lat="50.7347038" lon="6.5964337">
      <ele>149.8</ele>
      <time>2024-08-03T09:42:45Z</time>
    </trkpt>
    <trkpt lat="50.7344714" lon="6.5961831">
      <ele>150.0</ele>
      <time>2024-08-03T09:42:52Z</time>
    </trkpt>
    <trkpt lat="50.7341942" lon="6.5958038">
      <ele>150.2</ele>
      <time>2024-08-03T09:43:00Z</time>
    </trkpt>
    <trkpt lat="50.7341269" lon="6.5957179">
      <ele>150.2</ele>
      <time>2024-08-03T09:43:02Z</time>
    </trkpt>
    <trkpt lat="50.7340327" lon="6.5955646">
      <ele>150.2</ele>
      <time>2024-08-03T09:43:05Z</time>
    </trkpt>
    <trkpt lat="50.7339934" lon="6.5955238">
      <ele>150.2</ele>
      <time>2024-08-03T09:43:06Z</time>
    </trkpt>
    <trkpt lat="50.7339537" lon="6.5954783">
      <ele>150.2</ele>
      <time>2024-08-03T09:43:07Z</time>
    </trkpt>
    <trkpt lat="50.7337869" lon="6.5952338">
      <ele>150.2</ele>
      <time>2024-08-03T09:43:11Z</time>
    </trkpt>
    <trkpt lat="50.7336469" lon="6.5950021">
      <ele>150.6</ele>
      <time>2024-08-03T09:43:16Z</time>
    </trkpt>
    <trkpt lat="50.7336278" lon="6.5949872">
      <ele>150.6</ele>
      <time>2024-08-03T09:43:17Z</time>
    </trkpt>
    <trkpt lat="50.7335669" lon="6.5949387">
      <ele>150.8</ele>
      <time>2024-08-03T09:43:21Z</time>
    </trkpt>
    <trkpt lat="50.7335223" lon="6.5949833">
      <ele>151.2</ele>
      <time>2024-08-03T09:43:27Z</time>
    </trkpt>
    <trkpt lat="50.7335297" lon="6.5949699">
      <ele>151.4</ele>
      <time>2024-08-03T09:43:32Z</time>
    </trkpt>
    <trkpt lat="50.7335297" lon="6.5949699">
      <ele>151.4</ele>
      <time>2024-08-03T09:43:45Z</time>
    </trkpt>
    <trkpt lat="50.7335297" lon="6.5949699">
      <ele>151.2</ele>
      <time>2024-08-03T09:44:04Z</time>
    </trkpt>
    <trkpt lat="50.7335125" lon="6.5949993">
      <ele>151.2</ele>
      <time>2024-08-03T09:44:12Z</time>
    </trkpt>
    <trkpt lat="50.7334229" lon="6.5950933">
      <ele>151.4</ele>
      <time>2024-08-03T09:44:22Z</time>
    </trkpt>
    <trkpt lat="50.7333041" lon="6.5952235">
      <ele>151.6</ele>
      <time>2024-08-03T09:44:32Z</time>
    </trkpt>
    <trkpt lat="50.7332789" lon="6.5952524">
      <ele>151.6</ele>
      <time>2024-08-03T09:44:34Z</time>
    </trkpt>
    <trkpt lat="50.7331828" lon="6.5953381">
      <ele>151.6</ele>
      <time>2024-08-03T09:44:42Z</time>
    </trkpt>
    <trkpt lat="50.7331307" lon="6.5953731">
      <ele>151.8</ele>
      <time>2024-08-03T09:44:47Z</time>
    </trkpt>
    <trkpt lat="50.7331103" lon="6.5953429">
      <ele>151.6</ele>
      <time>2024-08-03T09:44:49Z</time>
    </trkpt>
    <trkpt lat="50.7330794" lon="6.5952962">
      <ele>151.6</ele>
      <time>2024-08-03T09:44:53Z</time>
    </trkpt>
    <trkpt lat="50.7330747" lon="6.5952485">
      <ele>151.8</ele>
      <time>2024-08-03T09:44:56Z</time>
    </trkpt>
    <trkpt lat="50.7330268" lon="6.5951422">
      <ele>151.8</ele>
      <time>2024-08-03T09:45:03Z</time>
    </trkpt>
    <trkpt lat="50.7329297" lon="6.5949854">
      <ele>152.0</ele>
      <time>2024-08-03T09:45:14Z</time>
    </trkpt>
    <trkpt lat="50.7328993" lon="6.5948949">
      <ele>152.0</ele>
      <time>2024-08-03T09:45:21Z</time>
    </trkpt>
    <trkpt lat="50.7328888" lon="6.5948438">
      <ele>152.0</ele>
      <time>2024-08-03T09:45:28Z</time>
    </trkpt>
    <trkpt lat="50.7328520" lon="6.5947611">
      <ele>152.2</ele>
      <time>2024-08-03T09:45:35Z</time>
    </trkpt>
    <trkpt lat="50.7328375" lon="6.5947301">
      <ele>152.2</ele>
      <time>2024-08-03T09:45:37Z</time>
    </trkpt>
    <trkpt lat="50.7328109" lon="6.5946642">
      <ele>152.2</ele>
      <time>2024-08-03T09:45:42Z</time>
    </trkpt>
    <trkpt lat="50.7328162" lon="6.5946073">
      <ele>152.2</ele>
      <time>2024-08-03T09:45:45Z</time>
    </trkpt>
    <trkpt lat="50.7328300" lon="6.5945173">
      <ele>152.2</ele>
      <time>2024-08-03T09:45:50Z</time>
    </trkpt>
    <trkpt lat="50.7328276" lon="6.5945102">
      <ele>152.2</ele>
      <time>2024-08-03T09:45:52Z</time>
    </trkpt>
    <trkpt lat="50.7328288" lon="6.5945154">
      <ele>152.2</ele>
      <time>2024-08-03T09:46:00Z</time>
    </trkpt>
    <trkpt lat="50.7328288" lon="6.5945154">
      <ele>152.4</ele>
      <time>2024-08-03T09:46:29Z</time>
    </trkpt>
    <trkpt lat="50.7328288" lon="6.5945154">
      <ele>152.4</ele>
      <time>2024-08-03T09:46:39Z</time>
    </trkpt>
    <trkpt lat="50.7328288" lon="6.5945154">
      <ele>152.6</ele>
      <time>2024-08-03T09:46:57Z</time>
    </trkpt>
    <trkpt lat="50.7328288" lon="6.5945154">
      <ele>152.8</ele>
      <time>2024-08-03T09:48:02Z</time>
    </trkpt>
    <trkpt lat="50.7328288" lon="6.5945154">
      <ele>152.8</ele>
      <time>2024-08-03T09:50:56Z</time>
    </trkpt>
    <trkpt lat="50.7328289" lon="6.5945154">
      <ele>152.6</ele>
      <time>2024-08-03T09:51:44Z</time>
    </trkpt>
    <trkpt lat="50.7328289" lon="6.5945154">
      <ele>152.6</ele>
      <time>2024-08-03T09:52:36Z</time>
    </trkpt>
    <trkpt lat="50.7328289" lon="6.5945154">
      <ele>152.6</ele>
      <time>2024-08-03T09:54:02Z</time>
    </trkpt>
    <trkpt lat="50.7328289" lon="6.5945154">
      <ele>152.0</ele>
      <time>2024-08-03T09:55:37Z</time>
    </trkpt>
    <trkpt lat="50.7328304" lon="6.5945342">
      <ele>152.0</ele>
      <time>2024-08-03T09:56:00Z</time>
    </trkpt>
    <trkpt lat="50.7328117" lon="6.5945897">
      <ele>152.0</ele>
      <time>2024-08-03T09:56:06Z</time>
    </trkpt>
    <trkpt lat="50.7328342" lon="6.5946957">
      <ele>152.0</ele>
      <time>2024-08-03T09:56:14Z</time>
    </trkpt>
    <trkpt lat="50.7328411" lon="6.5947088">
      <ele>152.0</ele>
      <time>2024-08-03T09:56:15Z</time>
    </trkpt>
    <trkpt lat="50.7328832" lon="6.5948058">
      <ele>152.0</ele>
      <time>2024-08-03T09:56:22Z</time>
    </trkpt>
    <trkpt lat="50.7329362" lon="6.5949434">
      <ele>152.0</ele>
      <time>2024-08-03T09:56:32Z</time>
    </trkpt>
    <trkpt lat="50.7333658" lon="6.5951200">
      <ele>152.4</ele>
      <time>2024-08-03T10:45:15Z</time>
    </trkpt>
    <trkpt lat="50.7335459" lon="6.5949947">
      <ele>152.2</ele>
      <time>2024-08-03T10:45:18Z</time>
    </trkpt>
    <trkpt lat="50.7334579" lon="6.5950100">
      <ele>152.0</ele>
      <time>2024-08-03T10:45:20Z</time>
    </trkpt>
    <trkpt lat="50.7335629" lon="6.5950364">
      <ele>152.0</ele>
      <time>2024-08-03T10:45:21Z</time>
    </trkpt>
    <trkpt lat="50.7335987" lon="6.5950159">
      <ele>152.2</ele>
      <time>2024-08-03T10:45:23Z</time>
    </trkpt>
    <trkpt lat="50.7336807" lon="6.5949709">
      <ele>152.2</ele>
      <time>2024-08-03T10:45:26Z</time>
    </trkpt>
    <trkpt lat="50.7337144" lon="6.5949019">
      <ele>152.0</ele>
      <time>2024-08-03T10:45:30Z</time>
    </trkpt>
    <trkpt lat="50.7337019" lon="6.5948679">
      <ele>152.0</ele>
      <time>2024-08-03T10:45:31Z</time>
    </trkpt>
    <trkpt lat="50.7335865" lon="6.5946657">
      <ele>152.0</ele>
      <time>2024-08-03T10:45:36Z</time>
    </trkpt>
    <trkpt lat="50.7333698" lon="6.5942882">
      <ele>152.0</ele>
      <time>2024-08-03T10:45:44Z</time>
    </trkpt>
    <trkpt lat="50.7331646" lon="6.5939117">
      <ele>151.8</ele>
      <time>2024-08-03T10:45:52Z</time>
    </trkpt>
    <trkpt lat="50.7331556" lon="6.5938918">
      <ele>151.8</ele>
      <time>2024-08-03T10:45:53Z</time>
    </trkpt>
    <trkpt lat="50.7331447" lon="6.5938875">
      <ele>152.0</ele>
      <time>2024-08-03T10:45:55Z</time>
    </trkpt>
    <trkpt lat="50.7331075" lon="6.5938554">
      <ele>153.2</ele>
      <time>2024-08-03T10:46:19Z</time>
    </trkpt>
    <trkpt lat="50.7330784" lon="6.5938525">
      <ele>153.2</ele>
      <time>2024-08-03T10:46:20Z</time>
    </trkpt>
    <trkpt lat="50.7329152" lon="6.5939828">
      <ele>153.0</ele>
      <time>2024-08-03T10:46:25Z</time>
    </trkpt>
    <trkpt lat="50.7326911" lon="6.5942831">
      <ele>153.0</ele>
      <time>2024-08-03T10:46:32Z</time>
    </trkpt>
    <trkpt lat="50.7323737" lon="6.5947003">
      <ele>153.0</ele>
      <time>2024-08-03T10:46:41Z</time>
    </trkpt>
    <trkpt lat="50.7320012" lon="6.5951849">
      <ele>153.2</ele>
      <time>2024-08-03T10:46:51Z</time>
    </trkpt>
    <trkpt lat="50.7316828" lon="6.5955952">
      <ele>153.2</ele>
      <time>2024-08-03T10:46:59Z</time>
    </trkpt>
    <trkpt lat="50.7315646" lon="6.5957534">
      <ele>153.4</ele>
      <time>2024-08-03T10:47:02Z</time>
    </trkpt>
    <trkpt lat="50.7311263" lon="6.5962890">
      <ele>153.6</ele>
      <time>2024-08-03T10:47:13Z</time>
    </trkpt>
    <trkpt lat="50.7310867" lon="6.5963363">
      <ele>153.6</ele>
      <time>2024-08-03T10:47:14Z</time>
    </trkpt>
    <trkpt lat="50.7307294" lon="6.5967668">
      <ele>154.2</ele>
      <time>2024-08-03T10:47:23Z</time>
    </trkpt>
    <trkpt lat="50.7306900" lon="6.5968143">
      <ele>154.4</ele>
      <time>2024-08-03T10:47:24Z</time>
    </trkpt>
    <trkpt lat="50.7304597" lon="6.5970867">
      <ele>154.6</ele>
      <time>2024-08-03T10:47:30Z</time>
    </trkpt>
    <trkpt lat="50.7303127" lon="6.5972539">
      <ele>154.4</ele>
      <time>2024-08-03T10:47:34Z</time>
    </trkpt>
    <trkpt lat="50.7301723" lon="6.5974280">
      <ele>154.4</ele>
      <time>2024-08-03T10:47:38Z</time>
    </trkpt>
    <trkpt lat="50.7300726" lon="6.5975293">
      <ele>154.6</ele>
      <time>2024-08-03T10:47:41Z</time>
    </trkpt>
    <trkpt lat="50.7298926" lon="6.5977401">
      <ele>155.0</ele>
      <time>2024-08-03T10:47:47Z</time>
    </trkpt>
    <trkpt lat="50.7298627" lon="6.5977737">
      <ele>155.2</ele>
      <time>2024-08-03T10:47:48Z</time>
    </trkpt>
    <trkpt lat="50.7295151" lon="6.5981608">
      <ele>155.4</ele>
      <time>2024-08-03T10:48:00Z</time>
    </trkpt>
    <trkpt lat="50.7291659" lon="6.5985041">
      <ele>156.0</ele>
      <time>2024-08-03T10:48:12Z</time>
    </trkpt>
    <trkpt lat="50.7289537" lon="6.5986851">
      <ele>156.6</ele>
      <time>2024-08-03T10:48:21Z</time>
    </trkpt>
    <trkpt lat="50.7289208" lon="6.5986845">
      <ele>156.6</ele>
      <time>2024-08-03T10:48:23Z</time>
    </trkpt>
    <trkpt lat="50.7289070" lon="6.5986715">
      <ele>156.8</ele>
      <time>2024-08-03T10:48:25Z</time>
    </trkpt>
    <trkpt lat="50.7288792" lon="6.5986482">
      <ele>157.0</ele>
      <time>2024-08-03T10:48:29Z</time>
    </trkpt>
    <trkpt lat="50.7287965" lon="6.5984967">
      <ele>157.0</ele>
      <time>2024-08-03T10:48:33Z</time>
    </trkpt>
    <trkpt lat="50.7286315" lon="6.5981302">
      <ele>157.2</ele>
      <time>2024-08-03T10:48:40Z</time>
    </trkpt>
    <trkpt lat="50.7285223" lon="6.5978743">
      <ele>158.0</ele>
      <time>2024-08-03T10:48:46Z</time>
    </trkpt>
    <trkpt lat="50.7284675" lon="6.5977529">
      <ele>158.0</ele>
      <time>2024-08-03T10:48:49Z</time>
    </trkpt>
    <trkpt lat="50.7282571" lon="6.5972895">
      <ele>158.6</ele>
      <time>2024-08-03T10:49:01Z</time>
    </trkpt>
    <trkpt lat="50.7280949" lon="6.5969300">
      <ele>159.0</ele>
      <time>2024-08-03T10:49:10Z</time>
    </trkpt>
    <trkpt lat="50.7280358" lon="6.5968076">
      <ele>159.0</ele>
      <time>2024-08-03T10:49:13Z</time>
    </trkpt>
    <trkpt lat="50.7279306" lon="6.5965847">
      <ele>159.0</ele>
      <time>2024-08-03T10:49:18Z</time>
    </trkpt>
    <trkpt lat="50.7277072" lon="6.5961255">
      <ele>159.4</ele>
      <time>2024-08-03T10:49:28Z</time>
    </trkpt>
    <trkpt lat="50.7276865" lon="6.5960782">
      <ele>159.4</ele>
      <time>2024-08-03T10:49:29Z</time>
    </trkpt>
    <trkpt lat="50.7275210" lon="6.5957350">
      <ele>159.4</ele>
      <time>2024-08-03T10:49:36Z</time>
    </trkpt>
    <trkpt lat="50.7272591" lon="6.5952156">
      <ele>159.6</ele>
      <time>2024-08-03T10:49:47Z</time>
    </trkpt>
    <trkpt lat="50.7272093" lon="6.5951226">
      <ele>159.8</ele>
      <time>2024-08-03T10:49:49Z</time>
    </trkpt>
    <trkpt lat="50.7269787" lon="6.5946730">
      <ele>160.4</ele>
      <time>2024-08-03T10:49:59Z</time>
    </trkpt>
    <trkpt lat="50.7268320" lon="6.5944043">
      <ele>160.8</ele>
      <time>2024-08-03T10:50:05Z</time>
    </trkpt>
    <trkpt lat="50.7267045" lon="6.5941762">
      <ele>161.0</ele>
      <time>2024-08-03T10:50:10Z</time>
    </trkpt>
    <trkpt lat="50.7264200" lon="6.5936910">
      <ele>161.2</ele>
      <time>2024-08-03T10:50:21Z</time>
    </trkpt>
    <trkpt lat="50.7261837" lon="6.5932865">
      <ele>161.6</ele>
      <time>2024-08-03T10:50:31Z</time>
    </trkpt>
    <trkpt lat="50.7260795" lon="6.5931189">
      <ele>161.8</ele>
      <time>2024-08-03T10:50:35Z</time>
    </trkpt>
    <trkpt lat="50.7259174" lon="6.5928690">
      <ele>162.0</ele>
      <time>2024-08-03T10:50:41Z</time>
    </trkpt>
    <trkpt lat="50.7256097" lon="6.5923855">
      <ele>162.6</ele>
      <time>2024-08-03T10:50:52Z</time>
    </trkpt>
    <trkpt lat="50.7254180" lon="6.5920868">
      <ele>162.8</ele>
      <time>2024-08-03T10:50:59Z</time>
    </trkpt>
    <trkpt lat="50.7253320" lon="6.5919571">
      <ele>163.0</ele>
      <time>2024-08-03T10:51:02Z</time>
    </trkpt>
    <trkpt lat="50.7250471" lon="6.5915231">
      <ele>162.8</ele>
      <time>2024-08-03T10:51:12Z</time>
    </trkpt>
    <trkpt lat="50.7247768" lon="6.5911104">
      <ele>163.2</ele>
      <time>2024-08-03T10:51:22Z</time>
    </trkpt>
    <trkpt lat="50.7246437" lon="6.5909106">
      <ele>163.6</ele>
      <time>2024-08-03T10:51:27Z</time>
    </trkpt>
    <trkpt lat="50.7245935" lon="6.5908307">
      <ele>163.8</ele>
      <time>2024-08-03T10:51:29Z</time>
    </trkpt>
    <trkpt lat="50.7244754" lon="6.5906577">
      <ele>163.8</ele>
      <time>2024-08-03T10:51:33Z</time>
    </trkpt>
    <trkpt lat="50.7242571" lon="6.5903295">
      <ele>164.0</ele>
      <time>2024-08-03T10:51:41Z</time>
    </trkpt>
    <trkpt lat="50.7239423" lon="6.5898396">
      <ele>164.2</ele>
      <time>2024-08-03T10:51:53Z</time>
    </trkpt>
    <trkpt lat="50.7236648" lon="6.5894188">
      <ele>164.4</ele>
      <time>2024-08-03T10:52:03Z</time>
    </trkpt>
    <trkpt lat="50.7236391" lon="6.5893791">
      <ele>164.6</ele>
      <time>2024-08-03T10:52:04Z</time>
    </trkpt>
    <trkpt lat="50.7233127" lon="6.5888873">
      <ele>164.6</ele>
      <time>2024-08-03T10:52:16Z</time>
    </trkpt>
    <trkpt lat="50.7230479" lon="6.5884631">
      <ele>165.2</ele>
      <time>2024-08-03T10:52:26Z</time>
    </trkpt>
    <trkpt lat="50.7228256" lon="6.5881067">
      <ele>165.4</ele>
      <time>2024-08-03T10:52:34Z</time>
    </trkpt>
    <trkpt lat="50.7227957" lon="6.5880628">
      <ele>165.4</ele>
      <time>2024-08-03T10:52:35Z</time>
    </trkpt>
    <trkpt lat="50.7227096" lon="6.5879310">
      <ele>165.6</ele>
      <time>2024-08-03T10:52:38Z</time>
    </trkpt>
    <trkpt lat="50.7225426" lon="6.5876733">
      <ele>165.8</ele>
      <time>2024-08-03T10:52:44Z</time>
    </trkpt>
    <trkpt lat="50.7223050" lon="6.5872946">
      <ele>165.8</ele>
      <time>2024-08-03T10:52:53Z</time>
    </trkpt>
    <trkpt lat="50.7220406" lon="6.5868724">
      <ele>166.2</ele>
      <time>2024-08-03T10:53:03Z</time>
    </trkpt>
    <trkpt lat="50.7220091" lon="6.5868283">
      <ele>166.2</ele>
      <time>2024-08-03T10:53:04Z</time>
    </trkpt>
    <trkpt lat="50.7218629" lon="6.5865972">
      <ele>166.4</ele>
      <time>2024-08-03T10:53:09Z</time>
    </trkpt>
    <trkpt lat="50.7217566" lon="6.5864219">
      <ele>166.4</ele>
      <time>2024-08-03T10:53:13Z</time>
    </trkpt>
    <trkpt lat="50.7214984" lon="6.5859795">
      <ele>166.6</ele>
      <time>2024-08-03T10:53:23Z</time>
    </trkpt>
    <trkpt lat="50.7213130" lon="6.5856608">
      <ele>167.0</ele>
      <time>2024-08-03T10:53:30Z</time>
    </trkpt>
    <trkpt lat="50.7212144" lon="6.5854892">
      <ele>167.2</ele>
      <time>2024-08-03T10:53:34Z</time>
    </trkpt>
    <trkpt lat="50.7209647" lon="6.5850412">
      <ele>167.6</ele>
      <time>2024-08-03T10:53:44Z</time>
    </trkpt>
    <trkpt lat="50.7207507" lon="6.5846386">
      <ele>168.0</ele>
      <time>2024-08-03T10:53:53Z</time>
    </trkpt>
    <trkpt lat="50.7207020" lon="6.5845479">
      <ele>168.2</ele>
      <time>2024-08-03T10:53:55Z</time>
    </trkpt>
    <trkpt lat="50.7206319" lon="6.5844154">
      <ele>168.2</ele>
      <time>2024-08-03T10:53:58Z</time>
    </trkpt>
    <trkpt lat="50.7205384" lon="6.5842309">
      <ele>168.6</ele>
      <time>2024-08-03T10:54:02Z</time>
    </trkpt>
    <trkpt lat="50.7202756" lon="6.5837157">
      <ele>168.8</ele>
      <time>2024-08-03T10:54:13Z</time>
    </trkpt>
    <trkpt lat="50.7201933" lon="6.5835424">
      <ele>169.0</ele>
      <time>2024-08-03T10:54:17Z</time>
    </trkpt>
    <trkpt lat="50.7200588" lon="6.5832695">
      <ele>169.6</ele>
      <time>2024-08-03T10:54:23Z</time>
    </trkpt>
    <trkpt lat="50.7198473" lon="6.5828219">
      <ele>170.0</ele>
      <time>2024-08-03T10:54:32Z</time>
    </trkpt>
    <trkpt lat="50.7198032" lon="6.5827251">
      <ele>170.0</ele>
      <time>2024-08-03T10:54:34Z</time>
    </trkpt>
    <trkpt lat="50.7195921" lon="6.5822418">
      <ele>170.6</ele>
      <time>2024-08-03T10:54:44Z</time>
    </trkpt>
    <trkpt lat="50.7194469" lon="6.5819093">
      <ele>171.0</ele>
      <time>2024-08-03T10:54:51Z</time>
    </trkpt>
    <trkpt lat="50.7193875" lon="6.5817695">
      <ele>171.0</ele>
      <time>2024-08-03T10:54:54Z</time>
    </trkpt>
    <trkpt lat="50.7192465" lon="6.5813982">
      <ele>171.6</ele>
      <time>2024-08-03T10:55:02Z</time>
    </trkpt>
    <trkpt lat="50.7190743" lon="6.5809877">
      <ele>172.0</ele>
      <time>2024-08-03T10:55:10Z</time>
    </trkpt>
    <trkpt lat="50.7190338" lon="6.5808850">
      <ele>172.2</ele>
      <time>2024-08-03T10:55:12Z</time>
    </trkpt>
    <trkpt lat="50.7188854" lon="6.5804793">
      <ele>172.8</ele>
      <time>2024-08-03T10:55:20Z</time>
    </trkpt>
    <trkpt lat="50.7187946" lon="6.5802250">
      <ele>173.0</ele>
      <time>2024-08-03T10:55:25Z</time>
    </trkpt>
    <trkpt lat="50.7187362" lon="6.5800739">
      <ele>173.2</ele>
      <time>2024-08-03T10:55:28Z</time>
    </trkpt>
    <trkpt lat="50.7186123" lon="6.5797269">
      <ele>173.8</ele>
      <time>2024-08-03T10:55:35Z</time>
    </trkpt>
    <trkpt lat="50.7184950" lon="6.5794078">
      <ele>174.0</ele>
      <time>2024-08-03T10:55:41Z</time>
    </trkpt>
    <trkpt lat="50.7184578" lon="6.5793047">
      <ele>174.0</ele>
      <time>2024-08-03T10:55:43Z</time>
    </trkpt>
    <trkpt lat="50.7183116" lon="6.5789545">
      <ele>174.2</ele>
      <time>2024-08-03T10:55:50Z</time>
    </trkpt>
    <trkpt lat="50.7182731" lon="6.5786841">
      <ele>174.8</ele>
      <time>2024-08-03T10:55:55Z</time>
    </trkpt>
    <trkpt lat="50.7182831" lon="6.5784373">
      <ele>174.8</ele>
      <time>2024-08-03T10:55:59Z</time>
    </trkpt>
    <trkpt lat="50.7182743" lon="6.5783724">
      <ele>175.0</ele>
      <time>2024-08-03T10:56:00Z</time>
    </trkpt>
    <trkpt lat="50.7181927" lon="6.5782116">
      <ele>175.2</ele>
      <time>2024-08-03T10:56:03Z</time>
    </trkpt>
    <trkpt lat="50.7181520" lon="6.5781847">
      <ele>175.2</ele>
      <time>2024-08-03T10:56:04Z</time>
    </trkpt>
    <trkpt lat="50.7181096" lon="6.5781591">
      <ele>175.2</ele>
      <time>2024-08-03T10:56:05Z</time>
    </trkpt>
    <trkpt lat="50.7180297" lon="6.5780746">
      <ele>175.8</ele>
      <time>2024-08-03T10:56:07Z</time>
    </trkpt>
    <trkpt lat="50.7180007" lon="6.5780144">
      <ele>176.0</ele>
      <time>2024-08-03T10:56:08Z</time>
    </trkpt>
    <trkpt lat="50.7178618" lon="6.5775581">
      <ele>176.6</ele>
      <time>2024-08-03T10:56:16Z</time>
    </trkpt>
    <trkpt lat="50.7178025" lon="6.5773603">
      <ele>177.0</ele>
      <time>2024-08-03T10:56:20Z</time>
    </trkpt>
    <trkpt lat="50.7177361" lon="6.5771522">
      <ele>177.0</ele>
      <time>2024-08-03T10:56:24Z</time>
    </trkpt>
    <trkpt lat="50.7175895" lon="6.5766523">
      <ele>177.4</ele>
      <time>2024-08-03T10:56:33Z</time>
    </trkpt>
    <trkpt lat="50.7174640" lon="6.5762097">
      <ele>178.0</ele>
      <time>2024-08-03T10:56:41Z</time>
    </trkpt>
    <trkpt lat="50.7174456" lon="6.5761557">
      <ele>178.0</ele>
      <time>2024-08-03T10:56:42Z</time>
    </trkpt>
    <trkpt lat="50.7173146" lon="6.5756656">
      <ele>179.2</ele>
      <time>2024-08-03T10:56:51Z</time>
    </trkpt>
    <trkpt lat="50.7172852" lon="6.5755646">
      <ele>179.4</ele>
      <time>2024-08-03T10:56:53Z</time>
    </trkpt>
    <trkpt lat="50.7172109" lon="6.5752709">
      <ele>179.8</ele>
      <time>2024-08-03T10:56:59Z</time>
    </trkpt>
    <trkpt lat="50.7171289" lon="6.5749812">
      <ele>180.2</ele>
      <time>2024-08-03T10:57:05Z</time>
    </trkpt>
    <trkpt lat="50.7171191" lon="6.5749280">
      <ele>180.4</ele>
      <time>2024-08-03T10:57:06Z</time>
    </trkpt>
    <trkpt lat="50.7170592" lon="6.5746427">
      <ele>180.8</ele>
      <time>2024-08-03T10:57:12Z</time>
    </trkpt>
    <trkpt lat="50.7169912" lon="6.5743502">
      <ele>181.2</ele>
      <time>2024-08-03T10:57:18Z</time>
    </trkpt>
    <trkpt lat="50.7169718" lon="6.5742538">
      <ele>181.4</ele>
      <time>2024-08-03T10:57:20Z</time>
    </trkpt>
    <trkpt lat="50.7169044" lon="6.5739562">
      <ele>181.8</ele>
      <time>2024-08-03T10:57:26Z</time>
    </trkpt>
    <trkpt lat="50.7168365" lon="6.5736408">
      <ele>181.8</ele>
      <time>2024-08-03T10:57:32Z</time>
    </trkpt>
    <trkpt lat="50.7167277" lon="6.5731736">
      <ele>182.0</ele>
      <time>2024-08-03T10:57:41Z</time>
    </trkpt>
    <trkpt lat="50.7167145" lon="6.5731213">
      <ele>182.4</ele>
      <time>2024-08-03T10:57:42Z</time>
    </trkpt>
    <trkpt lat="50.7166045" lon="6.5726496">
      <ele>183.2</ele>
      <time>2024-08-03T10:57:51Z</time>
    </trkpt>
    <trkpt lat="50.7165000" lon="6.5721359">
      <ele>183.8</ele>
      <time>2024-08-03T10:58:01Z</time>
    </trkpt>
    <trkpt lat="50.7164392" lon="6.5718559">
      <ele>184.2</ele>
      <time>2024-08-03T10:58:07Z</time>
    </trkpt>
    <trkpt lat="50.7163982" lon="6.5716723">
      <ele>184.6</ele>
      <time>2024-08-03T10:58:11Z</time>
    </trkpt>
    <trkpt lat="50.7163078" lon="6.5712051">
      <ele>185.2</ele>
      <time>2024-08-03T10:58:20Z</time>
    </trkpt>
    <trkpt lat="50.7162313" lon="6.5708179">
      <ele>186.0</ele>
      <time>2024-08-03T10:58:27Z</time>
    </trkpt>
    <trkpt lat="50.7162020" lon="6.5706620">
      <ele>186.2</ele>
      <time>2024-08-03T10:58:30Z</time>
    </trkpt>
    <trkpt lat="50.7161174" lon="6.5702351">
      <ele>187.0</ele>
      <time>2024-08-03T10:58:38Z</time>
    </trkpt>
    <trkpt lat="50.7160862" lon="6.5700882">
      <ele>187.4</ele>
      <time>2024-08-03T10:58:41Z</time>
    </trkpt>
    <trkpt lat="50.7160225" lon="6.5697557">
      <ele>188.0</ele>
      <time>2024-08-03T10:58:48Z</time>
    </trkpt>
    <trkpt lat="50.7159409" lon="6.5693604">
      <ele>188.4</ele>
      <time>2024-08-03T10:58:56Z</time>
    </trkpt>
    <trkpt lat="50.7159183" lon="6.5692593">
      <ele>188.4</ele>
      <time>2024-08-03T10:58:58Z</time>
    </trkpt>
    <trkpt lat="50.7158420" lon="6.5689077">
      <ele>188.8</ele>
      <time>2024-08-03T10:59:05Z</time>
    </trkpt>
    <trkpt lat="50.7157675" lon="6.5685570">
      <ele>189.2</ele>
      <time>2024-08-03T10:59:12Z</time>
    </trkpt>
    <trkpt lat="50.7157564" lon="6.5685055">
      <ele>189.4</ele>
      <time>2024-08-03T10:59:13Z</time>
    </trkpt>
    <trkpt lat="50.7157235" lon="6.5682013">
      <ele>190.0</ele>
      <time>2024-08-03T10:59:19Z</time>
    </trkpt>
    <trkpt lat="50.7157175" lon="6.5679735">
      <ele>190.4</ele>
      <time>2024-08-03T10:59:23Z</time>
    </trkpt>
    <trkpt lat="50.7155916" lon="6.5677316">
      <ele>191.0</ele>
      <time>2024-08-03T10:59:28Z</time>
    </trkpt>
    <trkpt lat="50.7155121" lon="6.5674431">
      <ele>191.4</ele>
      <time>2024-08-03T10:59:33Z</time>
    </trkpt>
    <trkpt lat="50.7154182" lon="6.5671112">
      <ele>192.0</ele>
      <time>2024-08-03T10:59:39Z</time>
    </trkpt>
    <trkpt lat="50.7153920" lon="6.5670072">
      <ele>192.2</ele>
      <time>2024-08-03T10:59:41Z</time>
    </trkpt>
    <trkpt lat="50.7153665" lon="6.5669059">
      <ele>192.4</ele>
      <time>2024-08-03T10:59:43Z</time>
    </trkpt>
    <trkpt lat="50.7153513" lon="6.5668519">
      <ele>192.6</ele>
      <time>2024-08-03T10:59:44Z</time>
    </trkpt>
    <trkpt lat="50.7152034" lon="6.5663176">
      <ele>193.4</ele>
      <time>2024-08-03T10:59:54Z</time>
    </trkpt>
    <trkpt lat="50.7151578" lon="6.5661646">
      <ele>193.4</ele>
      <time>2024-08-03T10:59:57Z</time>
    </trkpt>
    <trkpt lat="50.7150749" lon="6.5658812">
      <ele>194.0</ele>
      <time>2024-08-03T11:00:03Z</time>
    </trkpt>
    <trkpt lat="50.7149953" lon="6.5656326">
      <ele>194.4</ele>
      <time>2024-08-03T11:00:08Z</time>
    </trkpt>
    <trkpt lat="50.7149345" lon="6.5654405">
      <ele>194.6</ele>
      <time>2024-08-03T11:00:12Z</time>
    </trkpt>
    <trkpt lat="50.7148089" lon="6.5650678">
      <ele>195.2</ele>
      <time>2024-08-03T11:00:19Z</time>
    </trkpt>
    <trkpt lat="50.7147782" lon="6.5649640">
      <ele>195.4</ele>
      <time>2024-08-03T11:00:21Z</time>
    </trkpt>
    <trkpt lat="50.7146586" lon="6.5646350">
      <ele>196.0</ele>
      <time>2024-08-03T11:00:27Z</time>
    </trkpt>
    <trkpt lat="50.7145331" lon="6.5642805">
      <ele>196.4</ele>
      <time>2024-08-03T11:00:34Z</time>
    </trkpt>
    <trkpt lat="50.7144963" lon="6.5641801">
      <ele>196.6</ele>
      <time>2024-08-03T11:00:36Z</time>
    </trkpt>
    <trkpt lat="50.7143724" lon="6.5638339">
      <ele>197.4</ele>
      <time>2024-08-03T11:00:43Z</time>
    </trkpt>
    <trkpt lat="50.7143347" lon="6.5637343">
      <ele>197.6</ele>
      <time>2024-08-03T11:00:45Z</time>
    </trkpt>
    <trkpt lat="50.7142066" lon="6.5634193">
      <ele>198.2</ele>
      <time>2024-08-03T11:00:52Z</time>
    </trkpt>
    <trkpt lat="50.7141343" lon="6.5632484">
      <ele>198.6</ele>
      <time>2024-08-03T11:00:56Z</time>
    </trkpt>
    <trkpt lat="50.7140374" lon="6.5630058">
      <ele>199.0</ele>
      <time>2024-08-03T11:01:02Z</time>
    </trkpt>
    <trkpt lat="50.7139301" lon="6.5627573">
      <ele>199.4</ele>
      <time>2024-08-03T11:01:08Z</time>
    </trkpt>
    <trkpt lat="50.7139130" lon="6.5627134">
      <ele>199.4</ele>
      <time>2024-08-03T11:01:09Z</time>
    </trkpt>
    <trkpt lat="50.7138752" lon="6.5626247">
      <ele>199.6</ele>
      <time>2024-08-03T11:01:11Z</time>
    </trkpt>
    <trkpt lat="50.7136833" lon="6.5621906">
      <ele>200.2</ele>
      <time>2024-08-03T11:01:21Z</time>
    </trkpt>
    <trkpt lat="50.7136453" lon="6.5621039">
      <ele>200.4</ele>
      <time>2024-08-03T11:01:23Z</time>
    </trkpt>
    <trkpt lat="50.7135088" lon="6.5618007">
      <ele>201.0</ele>
      <time>2024-08-03T11:01:30Z</time>
    </trkpt>
    <trkpt lat="50.7133317" lon="6.5613974">
      <ele>201.6</ele>
      <time>2024-08-03T11:01:40Z</time>
    </trkpt>
    <trkpt lat="50.7131656" lon="6.5610324">
      <ele>202.2</ele>
      <time>2024-08-03T11:01:49Z</time>
    </trkpt>
    <trkpt lat="50.7130304" lon="6.5607464">
      <ele>202.4</ele>
      <time>2024-08-03T11:01:56Z</time>
    </trkpt>
    <trkpt lat="50.7129937" lon="6.5606645">
      <ele>202.6</ele>
      <time>2024-08-03T11:01:58Z</time>
    </trkpt>
    <trkpt lat="50.7128164" lon="6.5602916">
      <ele>203.2</ele>
      <time>2024-08-03T11:02:07Z</time>
    </trkpt>
    <trkpt lat="50.7127613" lon="6.5601659">
      <ele>203.4</ele>
      <time>2024-08-03T11:02:10Z</time>
    </trkpt>
    <trkpt lat="50.7126446" lon="6.5599017">
      <ele>203.8</ele>
      <time>2024-08-03T11:02:16Z</time>
    </trkpt>
    <trkpt lat="50.7125027" lon="6.5595773">
      <ele>204.6</ele>
      <time>2024-08-03T11:02:23Z</time>
    </trkpt>
    <trkpt lat="50.7124436" lon="6.5594436">
      <ele>204.8</ele>
      <time>2024-08-03T11:02:26Z</time>
    </trkpt>
    <trkpt lat="50.7122658" lon="6.5590147">
      <ele>205.6</ele>
      <time>2024-08-03T11:02:36Z</time>
    </trkpt>
    <trkpt lat="50.7121176" lon="6.5586563">
      <ele>206.2</ele>
      <time>2024-08-03T11:02:45Z</time>
    </trkpt>
    <trkpt lat="50.7120083" lon="6.5583596">
      <ele>206.6</ele>
      <time>2024-08-03T11:02:52Z</time>
    </trkpt>
    <trkpt lat="50.7119755" lon="6.5582683">
      <ele>206.6</ele>
      <time>2024-08-03T11:02:54Z</time>
    </trkpt>
    <trkpt lat="50.7118468" lon="6.5578736">
      <ele>207.0</ele>
      <time>2024-08-03T11:03:03Z</time>
    </trkpt>
    <trkpt lat="50.7117286" lon="6.5574675">
      <ele>207.4</ele>
      <time>2024-08-03T11:03:12Z</time>
    </trkpt>
    <trkpt lat="50.7117099" lon="6.5574188">
      <ele>207.4</ele>
      <time>2024-08-03T11:03:13Z</time>
    </trkpt>
    <trkpt lat="50.7115731" lon="6.5569919">
      <ele>208.0</ele>
      <time>2024-08-03T11:03:22Z</time>
    </trkpt>
    <trkpt lat="50.7115245" lon="6.5568206">
      <ele>208.6</ele>
      <time>2024-08-03T11:03:26Z</time>
    </trkpt>
    <trkpt lat="50.7114492" lon="6.5565932">
      <ele>209.0</ele>
      <time>2024-08-03T11:03:31Z</time>
    </trkpt>
    <trkpt lat="50.7113855" lon="6.5564109">
      <ele>209.2</ele>
      <time>2024-08-03T11:03:35Z</time>
    </trkpt>
    <trkpt lat="50.7113359" lon="6.5562437">
      <ele>209.4</ele>
      <time>2024-08-03T11:03:39Z</time>
    </trkpt>
    <trkpt lat="50.7113229" lon="6.5562011">
      <ele>209.6</ele>
      <time>2024-08-03T11:03:40Z</time>
    </trkpt>
    <trkpt lat="50.7112743" lon="6.5559955">
      <ele>209.8</ele>
      <time>2024-08-03T11:03:45Z</time>
    </trkpt>
    <trkpt lat="50.7111547" lon="6.5556024">
      <ele>210.2</ele>
      <time>2024-08-03T11:03:54Z</time>
    </trkpt>
    <trkpt lat="50.7111044" lon="6.5554142">
      <ele>210.4</ele>
      <time>2024-08-03T11:03:58Z</time>
    </trkpt>
    <trkpt lat="50.7110745" lon="6.5553179">
      <ele>210.4</ele>
      <time>2024-08-03T11:04:00Z</time>
    </trkpt>
    <trkpt lat="50.7109801" lon="6.5550056">
      <ele>211.0</ele>
      <time>2024-08-03T11:04:07Z</time>
    </trkpt>
    <trkpt lat="50.7108645" lon="6.5546358">
      <ele>211.4</ele>
      <time>2024-08-03T11:04:15Z</time>
    </trkpt>
    <trkpt lat="50.7108558" lon="6.5545922">
      <ele>211.4</ele>
      <time>2024-08-03T11:04:16Z</time>
    </trkpt>
    <trkpt lat="50.7107954" lon="6.5544223">
      <ele>211.6</ele>
      <time>2024-08-03T11:04:20Z</time>
    </trkpt>
    <trkpt lat="50.7107807" lon="6.5543753">
      <ele>211.8</ele>
      <time>2024-08-03T11:04:21Z</time>
    </trkpt>
    <trkpt lat="50.7107349" lon="6.5542241">
      <ele>211.8</ele>
      <time>2024-08-03T11:04:25Z</time>
    </trkpt>
    <trkpt lat="50.7106906" lon="6.5540976">
      <ele>212.2</ele>
      <time>2024-08-03T11:04:28Z</time>
    </trkpt>
    <trkpt lat="50.7106939" lon="6.5540610">
      <ele>212.4</ele>
      <time>2024-08-03T11:04:29Z</time>
    </trkpt>
    <trkpt lat="50.7106907" lon="6.5540283">
      <ele>212.4</ele>
      <time>2024-08-03T11:04:30Z</time>
    </trkpt>
    <trkpt lat="50.7106024" lon="6.5537703">
      <ele>212.6</ele>
      <time>2024-08-03T11:04:36Z</time>
    </trkpt>
    <trkpt lat="50.7105297" lon="6.5535383">
      <ele>212.6</ele>
      <time>2024-08-03T11:04:42Z</time>
    </trkpt>
    <trkpt lat="50.7104231" lon="6.5532142">
      <ele>213.0</ele>
      <time>2024-08-03T11:04:50Z</time>
    </trkpt>
    <trkpt lat="50.7103647" lon="6.5530489">
      <ele>213.4</ele>
      <time>2024-08-03T11:04:54Z</time>
    </trkpt>
    <trkpt lat="50.7103215" lon="6.5529055">
      <ele>213.8</ele>
      <time>2024-08-03T11:04:58Z</time>
    </trkpt>
    <trkpt lat="50.7102240" lon="6.5526055">
      <ele>214.0</ele>
      <time>2024-08-03T11:05:05Z</time>
    </trkpt>
    <trkpt lat="50.7101711" lon="6.5524091">
      <ele>214.4</ele>
      <time>2024-08-03T11:05:09Z</time>
    </trkpt>
    <trkpt lat="50.7100945" lon="6.5522090">
      <ele>214.4</ele>
      <time>2024-08-03T11:05:13Z</time>
    </trkpt>
    <trkpt lat="50.7100481" lon="6.5520714">
      <ele>214.4</ele>
      <time>2024-08-03T11:05:16Z</time>
    </trkpt>
    <trkpt lat="50.7099669" lon="6.5518296">
      <ele>214.6</ele>
      <time>2024-08-03T11:05:21Z</time>
    </trkpt>
    <trkpt lat="50.7097781" lon="6.5512434">
      <ele>215.2</ele>
      <time>2024-08-03T11:05:33Z</time>
    </trkpt>
    <trkpt lat="50.7097255" lon="6.5510013">
      <ele>215.4</ele>
      <time>2024-08-03T11:05:39Z</time>
    </trkpt>
    <trkpt lat="50.7097062" lon="6.5509478">
      <ele>215.4</ele>
      <time>2024-08-03T11:05:41Z</time>
    </trkpt>
    <trkpt lat="50.7097028" lon="6.5509436">
      <ele>215.6</ele>
      <time>2024-08-03T11:05:43Z</time>
    </trkpt>
    <trkpt lat="50.7097028" lon="6.5509436">
      <ele>216.0</ele>
      <time>2024-08-03T11:05:46Z</time>
    </trkpt>
    <trkpt lat="50.7097028" lon="6.5509436">
      <ele>216.4</ele>
      <time>2024-08-03T11:05:52Z</time>
    </trkpt>
    <trkpt lat="50.7097028" lon="6.5509436">
      <ele>216.6</ele>
      <time>2024-08-03T11:06:02Z</time>
    </trkpt>
    <trkpt lat="50.7096892" lon="6.5509084">
      <ele>216.6</ele>
      <time>2024-08-03T11:06:06Z</time>
    </trkpt>
    <trkpt lat="50.7096685" lon="6.5508441">
      <ele>216.6</ele>
      <time>2024-08-03T11:06:08Z</time>
    </trkpt>
    <trkpt lat="50.7096133" lon="6.5506188">
      <ele>216.8</ele>
      <time>2024-08-03T11:06:14Z</time>
    </trkpt>
    <trkpt lat="50.7095100" lon="6.5502687">
      <ele>216.6</ele>
      <time>2024-08-03T11:06:22Z</time>
    </trkpt>
    <trkpt lat="50.7094630" lon="6.5500965">
      <ele>216.8</ele>
      <time>2024-08-03T11:06:26Z</time>
    </trkpt>
    <trkpt lat="50.7094217" lon="6.5499608">
      <ele>217.0</ele>
      <time>2024-08-03T11:06:29Z</time>
    </trkpt>
    <trkpt lat="50.7092930" lon="6.5495621">
      <ele>217.4</ele>
      <time>2024-08-03T11:06:37Z</time>
    </trkpt>
    <trkpt lat="50.7091686" lon="6.5491789">
      <ele>217.6</ele>
      <time>2024-08-03T11:06:45Z</time>
    </trkpt>
    <trkpt lat="50.7091432" lon="6.5491244">
      <ele>217.6</ele>
      <time>2024-08-03T11:06:46Z</time>
    </trkpt>
    <trkpt lat="50.7090498" lon="6.5487824">
      <ele>218.2</ele>
      <time>2024-08-03T11:06:53Z</time>
    </trkpt>
    <trkpt lat="50.7089262" lon="6.5484356">
      <ele>218.6</ele>
      <time>2024-08-03T11:07:00Z</time>
    </trkpt>
    <trkpt lat="50.7088184" lon="6.5481098">
      <ele>219.0</ele>
      <time>2024-08-03T11:07:07Z</time>
    </trkpt>
    <trkpt lat="50.7086666" lon="6.5477082">
      <ele>218.8</ele>
      <time>2024-08-03T11:07:15Z</time>
    </trkpt>
    <trkpt lat="50.7084921" lon="6.5472846">
      <ele>219.6</ele>
      <time>2024-08-03T11:07:23Z</time>
    </trkpt>
    <trkpt lat="50.7084325" lon="6.5471435">
      <ele>219.8</ele>
      <time>2024-08-03T11:07:26Z</time>
    </trkpt>
    <trkpt lat="50.7083025" lon="6.5469105">
      <ele>219.8</ele>
      <time>2024-08-03T11:07:30Z</time>
    </trkpt>
    <trkpt lat="50.7081543" lon="6.5465786">
      <ele>220.0</ele>
      <time>2024-08-03T11:07:37Z</time>
    </trkpt>
    <trkpt lat="50.7079406" lon="6.5461215">
      <ele>220.4</ele>
      <time>2024-08-03T11:07:48Z</time>
    </trkpt>
    <trkpt lat="50.7078259" lon="6.5459029">
      <ele>220.6</ele>
      <time>2024-08-03T11:07:53Z</time>
    </trkpt>
    <trkpt lat="50.7077748" lon="6.5458057">
      <ele>220.6</ele>
      <time>2024-08-03T11:07:55Z</time>
    </trkpt>
    <trkpt lat="50.7076442" lon="6.5455600">
      <ele>220.8</ele>
      <time>2024-08-03T11:08:00Z</time>
    </trkpt>
    <trkpt lat="50.7074322" lon="6.5451662">
      <ele>220.8</ele>
      <time>2024-08-03T11:08:09Z</time>
    </trkpt>
    <trkpt lat="50.7071643" lon="6.5447085">
      <ele>221.2</ele>
      <time>2024-08-03T11:08:19Z</time>
    </trkpt>
    <trkpt lat="50.7070525" lon="6.5445324">
      <ele>221.4</ele>
      <time>2024-08-03T11:08:23Z</time>
    </trkpt>
    <trkpt lat="50.7069472" lon="6.5443670">
      <ele>221.6</ele>
      <time>2024-08-03T11:08:27Z</time>
    </trkpt>
    <trkpt lat="50.7067914" lon="6.5441204">
      <ele>221.8</ele>
      <time>2024-08-03T11:08:33Z</time>
    </trkpt>
    <trkpt lat="50.7065224" lon="6.5437125">
      <ele>222.0</ele>
      <time>2024-08-03T11:08:43Z</time>
    </trkpt>
    <trkpt lat="50.7063852" lon="6.5434864">
      <ele>222.2</ele>
      <time>2024-08-03T11:08:48Z</time>
    </trkpt>
    <trkpt lat="50.7063502" lon="6.5434392">
      <ele>222.2</ele>
      <time>2024-08-03T11:08:49Z</time>
    </trkpt>
    <trkpt lat="50.7061755" lon="6.5431778">
      <ele>222.4</ele>
      <time>2024-08-03T11:08:55Z</time>
    </trkpt>
    <trkpt lat="50.7059580" lon="6.5428506">
      <ele>222.8</ele>
      <time>2024-08-03T11:09:03Z</time>
    </trkpt>
    <trkpt lat="50.7057892" lon="6.5426009">
      <ele>223.4</ele>
      <time>2024-08-03T11:09:08Z</time>
    </trkpt>
    <trkpt lat="50.7056401" lon="6.5423666">
      <ele>223.6</ele>
      <time>2024-08-03T11:09:13Z</time>
    </trkpt>
    <trkpt lat="50.7053665" lon="6.5418871">
      <ele>223.6</ele>
      <time>2024-08-03T11:09:24Z</time>
    </trkpt>
    <trkpt lat="50.7051721" lon="6.5415563">
      <ele>223.4</ele>
      <time>2024-08-03T11:09:31Z</time>
    </trkpt>
    <trkpt lat="50.7050088" lon="6.5412669">
      <ele>224.0</ele>
      <time>2024-08-03T11:09:37Z</time>
    </trkpt>
    <trkpt lat="50.7049712" lon="6.5411826">
      <ele>224.2</ele>
      <time>2024-08-03T11:09:39Z</time>
    </trkpt>
    <trkpt lat="50.7048758" lon="6.5409978">
      <ele>224.4</ele>
      <time>2024-08-03T11:09:43Z</time>
    </trkpt>
    <trkpt lat="50.7046816" lon="6.5405902">
      <ele>225.0</ele>
      <time>2024-08-03T11:09:51Z</time>
    </trkpt>
    <trkpt lat="50.7046361" lon="6.5404870">
      <ele>225.2</ele>
      <time>2024-08-03T11:09:53Z</time>
    </trkpt>
    <trkpt lat="50.7044452" lon="6.5400551">
      <ele>225.4</ele>
      <time>2024-08-03T11:10:01Z</time>
    </trkpt>
    <trkpt lat="50.7042346" lon="6.5395128">
      <ele>225.8</ele>
      <time>2024-08-03T11:10:11Z</time>
    </trkpt>
    <trkpt lat="50.7041708" lon="6.5393453">
      <ele>226.0</ele>
      <time>2024-08-03T11:10:14Z</time>
    </trkpt>
    <trkpt lat="50.7040843" lon="6.5390764">
      <ele>226.2</ele>
      <time>2024-08-03T11:10:19Z</time>
    </trkpt>
    <trkpt lat="50.7039522" lon="6.5386803">
      <ele>226.6</ele>
      <time>2024-08-03T11:10:26Z</time>
    </trkpt>
    <trkpt lat="50.7039337" lon="6.5386220">
      <ele>226.6</ele>
      <time>2024-08-03T11:10:27Z</time>
    </trkpt>
    <trkpt lat="50.7038002" lon="6.5381586">
      <ele>226.8</ele>
      <time>2024-08-03T11:10:35Z</time>
    </trkpt>
    <trkpt lat="50.7037815" lon="6.5380976">
      <ele>226.8</ele>
      <time>2024-08-03T11:10:36Z</time>
    </trkpt>
    <trkpt lat="50.7037073" lon="6.5378032">
      <ele>227.0</ele>
      <time>2024-08-03T11:10:41Z</time>
    </trkpt>
    <trkpt lat="50.7036753" lon="6.5376873">
      <ele>227.0</ele>
      <time>2024-08-03T11:10:43Z</time>
    </trkpt>
    <trkpt lat="50.7035435" lon="6.5371435">
      <ele>227.2</ele>
      <time>2024-08-03T11:10:52Z</time>
    </trkpt>
    <trkpt lat="50.7035306" lon="6.5370827">
      <ele>227.2</ele>
      <time>2024-08-03T11:10:53Z</time>
    </trkpt>
    <trkpt lat="50.7034372" lon="6.5365560">
      <ele>227.4</ele>
      <time>2024-08-03T11:11:02Z</time>
    </trkpt>
    <trkpt lat="50.7033985" lon="6.5363224">
      <ele>227.8</ele>
      <time>2024-08-03T11:11:06Z</time>
    </trkpt>
    <trkpt lat="50.7033445" lon="6.5359771">
      <ele>228.4</ele>
      <time>2024-08-03T11:11:12Z</time>
    </trkpt>
    <trkpt lat="50.7032879" lon="6.5355652">
      <ele>228.6</ele>
      <time>2024-08-03T11:11:19Z</time>
    </trkpt>
    <trkpt lat="50.7032415" lon="6.5351269">
      <ele>228.8</ele>
      <time>2024-08-03T11:11:26Z</time>
    </trkpt>
    <trkpt lat="50.7032301" lon="6.5350006">
      <ele>229.0</ele>
      <time>2024-08-03T11:11:28Z</time>
    </trkpt>
    <trkpt lat="50.7032078" lon="6.5346334">
      <ele>229.4</ele>
      <time>2024-08-03T11:11:34Z</time>
    </trkpt>
    <trkpt lat="50.7031835" lon="6.5342048">
      <ele>229.6</ele>
      <time>2024-08-03T11:11:41Z</time>
    </trkpt>
    <trkpt lat="50.7031596" lon="6.5338919">
      <ele>230.0</ele>
      <time>2024-08-03T11:11:46Z</time>
    </trkpt>
    <trkpt lat="50.7031528" lon="6.5337597">
      <ele>230.0</ele>
      <time>2024-08-03T11:11:48Z</time>
    </trkpt>
    <trkpt lat="50.7031134" lon="6.5331797">
      <ele>230.6</ele>
      <time>2024-08-03T11:11:57Z</time>
    </trkpt>
    <trkpt lat="50.7030944" lon="6.5328207">
      <ele>230.8</ele>
      <time>2024-08-03T11:12:03Z</time>
    </trkpt>
    <trkpt lat="50.7030884" lon="6.5327029">
      <ele>230.8</ele>
      <time>2024-08-03T11:12:05Z</time>
    </trkpt>
    <trkpt lat="50.7030737" lon="6.5322447">
      <ele>231.4</ele>
      <time>2024-08-03T11:12:13Z</time>
    </trkpt>
    <trkpt lat="50.7030519" lon="6.5317653">
      <ele>231.6</ele>
      <time>2024-08-03T11:12:21Z</time>
    </trkpt>
    <trkpt lat="50.7030319" lon="6.5314025">
      <ele>231.8</ele>
      <time>2024-08-03T11:12:27Z</time>
    </trkpt>
    <trkpt lat="50.7030296" lon="6.5313442">
      <ele>231.8</ele>
      <time>2024-08-03T11:12:28Z</time>
    </trkpt>
    <trkpt lat="50.7030075" lon="6.5308475">
      <ele>232.4</ele>
      <time>2024-08-03T11:12:36Z</time>
    </trkpt>
    <trkpt lat="50.7029885" lon="6.5304121">
      <ele>232.6</ele>
      <time>2024-08-03T11:12:43Z</time>
    </trkpt>
    <trkpt lat="50.7029859" lon="6.5301666">
      <ele>232.8</ele>
      <time>2024-08-03T11:12:47Z</time>
    </trkpt>
    <trkpt lat="50.7029699" lon="6.5299197">
      <ele>233.2</ele>
      <time>2024-08-03T11:12:51Z</time>
    </trkpt>
    <trkpt lat="50.7029386" lon="6.5292692">
      <ele>233.6</ele>
      <time>2024-08-03T11:13:01Z</time>
    </trkpt>
    <trkpt lat="50.7029183" lon="6.5288562">
      <ele>233.8</ele>
      <time>2024-08-03T11:13:08Z</time>
    </trkpt>
    <trkpt lat="50.7029179" lon="6.5287976">
      <ele>233.8</ele>
      <time>2024-08-03T11:13:09Z</time>
    </trkpt>
    <trkpt lat="50.7028924" lon="6.5283107">
      <ele>234.4</ele>
      <time>2024-08-03T11:13:17Z</time>
    </trkpt>
    <trkpt lat="50.7028770" lon="6.5279291">
      <ele>234.8</ele>
      <time>2024-08-03T11:13:23Z</time>
    </trkpt>
    <trkpt lat="50.7028653" lon="6.5277363">
      <ele>234.8</ele>
      <time>2024-08-03T11:13:26Z</time>
    </trkpt>
    <trkpt lat="50.7028369" lon="6.5270313">
      <ele>235.4</ele>
      <time>2024-08-03T11:13:37Z</time>
    </trkpt>
    <trkpt lat="50.7028272" lon="6.5267772">
      <ele>235.6</ele>
      <time>2024-08-03T11:13:41Z</time>
    </trkpt>
    <trkpt lat="50.7028195" lon="6.5265164">
      <ele>235.8</ele>
      <time>2024-08-03T11:13:45Z</time>
    </trkpt>
    <trkpt lat="50.7028036" lon="6.5262004">
      <ele>236.0</ele>
      <time>2024-08-03T11:13:50Z</time>
    </trkpt>
    <trkpt lat="50.7027812" lon="6.5260875">
      <ele>236.0</ele>
      <time>2024-08-03T11:13:52Z</time>
    </trkpt>
    <trkpt lat="50.7027561" lon="6.5259698">
      <ele>236.0</ele>
      <time>2024-08-03T11:13:54Z</time>
    </trkpt>
    <trkpt lat="50.7027430" lon="6.5257847">
      <ele>235.8</ele>
      <time>2024-08-03T11:13:57Z</time>
    </trkpt>
    <trkpt lat="50.7026572" lon="6.5255640">
      <ele>235.8</ele>
      <time>2024-08-03T11:14:01Z</time>
    </trkpt>
    <trkpt lat="50.7026189" lon="6.5255339">
      <ele>235.8</ele>
      <time>2024-08-03T11:14:02Z</time>
    </trkpt>
    <trkpt lat="50.7024933" lon="6.5255042">
      <ele>235.8</ele>
      <time>2024-08-03T11:14:05Z</time>
    </trkpt>
    <trkpt lat="50.7024166" lon="6.5255093">
      <ele>235.6</ele>
      <time>2024-08-03T11:14:07Z</time>
    </trkpt>
    <trkpt lat="50.7022778" lon="6.5255491">
      <ele>235.6</ele>
      <time>2024-08-03T11:14:11Z</time>
    </trkpt>
    <trkpt lat="50.7020297" lon="6.5255509">
      <ele>235.4</ele>
      <time>2024-08-03T11:14:17Z</time>
    </trkpt>
    <trkpt lat="50.7019917" lon="6.5255301">
      <ele>235.4</ele>
      <time>2024-08-03T11:14:18Z</time>
    </trkpt>
    <trkpt lat="50.7019551" lon="6.5255020">
      <ele>235.4</ele>
      <time>2024-08-03T11:14:19Z</time>
    </trkpt>
    <trkpt lat="50.7018876" lon="6.5254306">
      <ele>235.0</ele>
      <time>2024-08-03T11:14:21Z</time>
    </trkpt>
    <trkpt lat="50.7018333" lon="6.5253415">
      <ele>235.0</ele>
      <time>2024-08-03T11:14:23Z</time>
    </trkpt>
    <trkpt lat="50.7016518" lon="6.5249716">
      <ele>234.8</ele>
      <time>2024-08-03T11:14:30Z</time>
    </trkpt>
    <trkpt lat="50.7015476" lon="6.5246888">
      <ele>234.8</ele>
      <time>2024-08-03T11:14:36Z</time>
    </trkpt>
    <trkpt lat="50.7015047" lon="6.5246175">
      <ele>234.6</ele>
      <time>2024-08-03T11:14:38Z</time>
    </trkpt>
    <trkpt lat="50.7014232" lon="6.5245861">
      <ele>234.6</ele>
      <time>2024-08-03T11:14:40Z</time>
    </trkpt>
    <trkpt lat="50.7013337" lon="6.5246235">
      <ele>234.6</ele>
      <time>2024-08-03T11:14:42Z</time>
    </trkpt>
    <trkpt lat="50.7012478" lon="6.5246898">
      <ele>234.6</ele>
      <time>2024-08-03T11:14:44Z</time>
    </trkpt>
    <trkpt lat="50.7010219" lon="6.5248749">
      <ele>235.2</ele>
      <time>2024-08-03T11:14:50Z</time>
    </trkpt>
    <trkpt lat="50.7008894" lon="6.5250160">
      <ele>236.0</ele>
      <time>2024-08-03T11:14:54Z</time>
    </trkpt>
    <trkpt lat="50.7007887" lon="6.5251146">
      <ele>236.4</ele>
      <time>2024-08-03T11:14:57Z</time>
    </trkpt>
    <trkpt lat="50.7006666" lon="6.5252467">
      <ele>237.0</ele>
      <time>2024-08-03T11:15:01Z</time>
    </trkpt>
    <trkpt lat="50.7005824" lon="6.5253301">
      <ele>237.6</ele>
      <time>2024-08-03T11:15:04Z</time>
    </trkpt>
    <trkpt lat="50.7005010" lon="6.5254154">
      <ele>238.2</ele>
      <time>2024-08-03T11:15:07Z</time>
    </trkpt>
    <trkpt lat="50.7004129" lon="6.5254996">
      <ele>238.6</ele>
      <time>2024-08-03T11:15:10Z</time>
    </trkpt>
    <trkpt lat="50.7002303" lon="6.5256846">
      <ele>239.2</ele>
      <time>2024-08-03T11:15:17Z</time>
    </trkpt>
    <trkpt lat="50.7001775" lon="6.5257362">
      <ele>239.6</ele>
      <time>2024-08-03T11:15:19Z</time>
    </trkpt>
    <trkpt lat="50.7000226" lon="6.5258913">
      <ele>240.4</ele>
      <time>2024-08-03T11:15:25Z</time>
    </trkpt>
    <trkpt lat="50.6999021" lon="6.5260047">
      <ele>240.8</ele>
      <time>2024-08-03T11:15:30Z</time>
    </trkpt>
    <trkpt lat="50.6998335" lon="6.5260662">
      <ele>241.2</ele>
      <time>2024-08-03T11:15:33Z</time>
    </trkpt>
    <trkpt lat="50.6996576" lon="6.5262252">
      <ele>242.0</ele>
      <time>2024-08-03T11:15:40Z</time>
    </trkpt>
    <trkpt lat="50.6995849" lon="6.5262922">
      <ele>242.2</ele>
      <time>2024-08-03T11:15:43Z</time>
    </trkpt>
    <trkpt lat="50.6994590" lon="6.5264002">
      <ele>242.8</ele>
      <time>2024-08-03T11:15:48Z</time>
    </trkpt>
    <trkpt lat="50.6993564" lon="6.5264838">
      <ele>243.4</ele>
      <time>2024-08-03T11:15:52Z</time>
    </trkpt>
    <trkpt lat="50.6991687" lon="6.5266302">
      <ele>244.2</ele>
      <time>2024-08-03T11:15:59Z</time>
    </trkpt>
    <trkpt lat="50.6991177" lon="6.5266741">
      <ele>244.4</ele>
      <time>2024-08-03T11:16:01Z</time>
    </trkpt>
    <trkpt lat="50.6989591" lon="6.5268052">
      <ele>245.0</ele>
      <time>2024-08-03T11:16:07Z</time>
    </trkpt>
    <trkpt lat="50.6989085" lon="6.5268504">
      <ele>245.4</ele>
      <time>2024-08-03T11:16:09Z</time>
    </trkpt>
    <trkpt lat="50.6987700" lon="6.5269416">
      <ele>246.2</ele>
      <time>2024-08-03T11:16:14Z</time>
    </trkpt>
    <trkpt lat="50.6986836" lon="6.5269950">
      <ele>246.4</ele>
      <time>2024-08-03T11:16:17Z</time>
    </trkpt>
    <trkpt lat="50.6984602" lon="6.5271001">
      <ele>247.0</ele>
      <time>2024-08-03T11:16:24Z</time>
    </trkpt>
    <trkpt lat="50.6984024" lon="6.5271332">
      <ele>247.6</ele>
      <time>2024-08-03T11:16:26Z</time>
    </trkpt>
    <trkpt lat="50.6981891" lon="6.5272431">
      <ele>248.6</ele>
      <time>2024-08-03T11:16:33Z</time>
    </trkpt>
    <trkpt lat="50.6978148" lon="6.5274179">
      <ele>249.8</ele>
      <time>2024-08-03T11:16:45Z</time>
    </trkpt>
    <trkpt lat="50.6974342" lon="6.5275758">
      <ele>250.2</ele>
      <time>2024-08-03T11:16:56Z</time>
    </trkpt>
    <trkpt lat="50.6970406" lon="6.5277012">
      <ele>250.2</ele>
      <time>2024-08-03T11:17:06Z</time>
    </trkpt>
    <trkpt lat="50.6966317" lon="6.5278002">
      <ele>249.6</ele>
      <time>2024-08-03T11:17:15Z</time>
    </trkpt>
    <trkpt lat="50.6964717" lon="6.5278309">
      <ele>249.4</ele>
      <time>2024-08-03T11:17:18Z</time>
    </trkpt>
    <trkpt lat="50.6963547" lon="6.5278497">
      <ele>249.0</ele>
      <time>2024-08-03T11:17:20Z</time>
    </trkpt>
    <trkpt lat="50.6961645" lon="6.5278782">
      <ele>248.4</ele>
      <time>2024-08-03T11:17:23Z</time>
    </trkpt>
    <trkpt lat="50.6959608" lon="6.5279131">
      <ele>247.4</ele>
      <time>2024-08-03T11:17:26Z</time>
    </trkpt>
    <trkpt lat="50.6958840" lon="6.5279230">
      <ele>247.2</ele>
      <time>2024-08-03T11:17:27Z</time>
    </trkpt>
    <trkpt lat="50.6956393" lon="6.5279440">
      <ele>246.2</ele>
      <time>2024-08-03T11:17:30Z</time>
    </trkpt>
    <trkpt lat="50.6953874" lon="6.5279744">
      <ele>245.0</ele>
      <time>2024-08-03T11:17:33Z</time>
    </trkpt>
    <trkpt lat="50.6953013" lon="6.5279846">
      <ele>244.8</ele>
      <time>2024-08-03T11:17:34Z</time>
    </trkpt>
    <trkpt lat="50.6951278" lon="6.5280029">
      <ele>244.0</ele>
      <time>2024-08-03T11:17:36Z</time>
    </trkpt>
    <trkpt lat="50.6949508" lon="6.5280231">
      <ele>242.4</ele>
      <time>2024-08-03T11:17:38Z</time>
    </trkpt>
    <trkpt lat="50.6946927" lon="6.5280544">
      <ele>241.4</ele>
      <time>2024-08-03T11:17:41Z</time>
    </trkpt>
    <trkpt lat="50.6945240" lon="6.5280683">
      <ele>240.8</ele>
      <time>2024-08-03T11:17:43Z</time>
    </trkpt>
    <trkpt lat="50.6944419" lon="6.5280765">
      <ele>240.4</ele>
      <time>2024-08-03T11:17:44Z</time>
    </trkpt>
    <trkpt lat="50.6938952" lon="6.5281300">
      <ele>239.6</ele>
      <time>2024-08-03T11:17:51Z</time>
    </trkpt>
    <trkpt lat="50.6938175" lon="6.5281385">
      <ele>239.4</ele>
      <time>2024-08-03T11:17:52Z</time>
    </trkpt>
    <trkpt lat="50.6935896" lon="6.5281670">
      <ele>239.2</ele>
      <time>2024-08-03T11:17:55Z</time>
    </trkpt>
    <trkpt lat="50.6932330" lon="6.5282108">
      <ele>239.2</ele>
      <time>2024-08-03T11:18:00Z</time>
    </trkpt>
    <trkpt lat="50.6928861" lon="6.5282403">
      <ele>238.8</ele>
      <time>2024-08-03T11:18:05Z</time>
    </trkpt>
    <trkpt lat="50.6923865" lon="6.5282278">
      <ele>238.4</ele>
      <time>2024-08-03T11:18:12Z</time>
    </trkpt>
    <trkpt lat="50.6921723" lon="6.5281987">
      <ele>238.0</ele>
      <time>2024-08-03T11:18:15Z</time>
    </trkpt>
    <trkpt lat="50.6917541" lon="6.5281457">
      <ele>236.6</ele>
      <time>2024-08-03T11:18:21Z</time>
    </trkpt>
    <trkpt lat="50.6916856" lon="6.5281382">
      <ele>236.6</ele>
      <time>2024-08-03T11:18:22Z</time>
    </trkpt>
    <trkpt lat="50.6912382" lon="6.5281277">
      <ele>236.2</ele>
      <time>2024-08-03T11:18:29Z</time>
    </trkpt>
    <trkpt lat="50.6910702" lon="6.5281554">
      <ele>236.4</ele>
      <time>2024-08-03T11:18:32Z</time>
    </trkpt>
    <trkpt lat="50.6909686" lon="6.5281465">
      <ele>236.8</ele>
      <time>2024-08-03T11:18:34Z</time>
    </trkpt>
    <trkpt lat="50.6907222" lon="6.5281374">
      <ele>237.4</ele>
      <time>2024-08-03T11:18:40Z</time>
    </trkpt>
    <trkpt lat="50.6906539" lon="6.5281329">
      <ele>237.8</ele>
      <time>2024-08-03T11:18:42Z</time>
    </trkpt>
    <trkpt lat="50.6904416" lon="6.5280928">
      <ele>238.4</ele>
      <time>2024-08-03T11:18:48Z</time>
    </trkpt>
    <trkpt lat="50.6903726" lon="6.5280700">
      <ele>238.8</ele>
      <time>2024-08-03T11:18:50Z</time>
    </trkpt>
    <trkpt lat="50.6902398" lon="6.5280335">
      <ele>239.2</ele>
      <time>2024-08-03T11:18:54Z</time>
    </trkpt>
    <trkpt lat="50.6901548" lon="6.5279957">
      <ele>239.8</ele>
      <time>2024-08-03T11:18:57Z</time>
    </trkpt>
    <trkpt lat="50.6901056" lon="6.5279782">
      <ele>240.2</ele>
      <time>2024-08-03T11:18:59Z</time>
    </trkpt>
    <trkpt lat="50.6900307" lon="6.5279499">
      <ele>240.8</ele>
      <time>2024-08-03T11:19:02Z</time>
    </trkpt>
    <trkpt lat="50.6899400" lon="6.5279022">
      <ele>241.4</ele>
      <time>2024-08-03T11:19:06Z</time>
    </trkpt>
    <trkpt lat="50.6898224" lon="6.5278386">
      <ele>242.0</ele>
      <time>2024-08-03T11:19:11Z</time>
    </trkpt>
    <trkpt lat="50.6897650" lon="6.5278006">
      <ele>242.4</ele>
      <time>2024-08-03T11:19:14Z</time>
    </trkpt>
    <trkpt lat="50.6896862" lon="6.5277635">
      <ele>243.0</ele>
      <time>2024-08-03T11:19:19Z</time>
    </trkpt>
    <trkpt lat="50.6896695" lon="6.5277549">
      <ele>243.2</ele>
      <time>2024-08-03T11:19:20Z</time>
    </trkpt>
    <trkpt lat="50.6895543" lon="6.5276795">
      <ele>243.8</ele>
      <time>2024-08-03T11:19:26Z</time>
    </trkpt>
    <trkpt lat="50.6895115" lon="6.5276456">
      <ele>244.0</ele>
      <time>2024-08-03T11:19:28Z</time>
    </trkpt>
    <trkpt lat="50.6893879" lon="6.5275357">
      <ele>244.6</ele>
      <time>2024-08-03T11:19:35Z</time>
    </trkpt>
    <trkpt lat="50.6893255" lon="6.5274717">
      <ele>245.2</ele>
      <time>2024-08-03T11:19:38Z</time>
    </trkpt>
    <trkpt lat="50.6892393" lon="6.5273985">
      <ele>245.6</ele>
      <time>2024-08-03T11:19:42Z</time>
    </trkpt>
    <trkpt lat="50.6891568" lon="6.5273341">
      <ele>246.2</ele>
      <time>2024-08-03T11:19:46Z</time>
    </trkpt>
    <trkpt lat="50.6891192" lon="6.5272904">
      <ele>246.4</ele>
      <time>2024-08-03T11:19:48Z</time>
    </trkpt>
    <trkpt lat="50.6889934" lon="6.5271794">
      <ele>247.2</ele>
      <time>2024-08-03T11:19:54Z</time>
    </trkpt>
    <trkpt lat="50.6889739" lon="6.5271618">
      <ele>247.4</ele>
      <time>2024-08-03T11:19:55Z</time>
    </trkpt>
    <trkpt lat="50.6888792" lon="6.5270743">
      <ele>248.2</ele>
      <time>2024-08-03T11:20:01Z</time>
    </trkpt>
    <trkpt lat="50.6888627" lon="6.5270569">
      <ele>248.4</ele>
      <time>2024-08-03T11:20:02Z</time>
    </trkpt>
    <trkpt lat="50.6887733" lon="6.5269887">
      <ele>248.8</ele>
      <time>2024-08-03T11:20:07Z</time>
    </trkpt>
    <trkpt lat="50.6886494" lon="6.5268629">
      <ele>249.4</ele>
      <time>2024-08-03T11:20:14Z</time>
    </trkpt>
    <trkpt lat="50.6884943" lon="6.5266988">
      <ele>250.4</ele>
      <time>2024-08-03T11:20:22Z</time>
    </trkpt>
    <trkpt lat="50.6884760" lon="6.5266800">
      <ele>250.6</ele>
      <time>2024-08-03T11:20:23Z</time>
    </trkpt>
    <trkpt lat="50.6883756" lon="6.5265707">
      <ele>251.2</ele>
      <time>2024-08-03T11:20:29Z</time>
    </trkpt>
    <trkpt lat="50.6883110" lon="6.5264753">
      <ele>251.6</ele>
      <time>2024-08-03T11:20:33Z</time>
    </trkpt>
    <trkpt lat="50.6882601" lon="6.5264169">
      <ele>251.8</ele>
      <time>2024-08-03T11:20:36Z</time>
    </trkpt>
    <trkpt lat="50.6881675" lon="6.5262941">
      <ele>252.6</ele>
      <time>2024-08-03T11:20:42Z</time>
    </trkpt>
    <trkpt lat="50.6881512" lon="6.5262726">
      <ele>252.6</ele>
      <time>2024-08-03T11:20:43Z</time>
    </trkpt>
    <trkpt lat="50.6880833" lon="6.5261776">
      <ele>253.2</ele>
      <time>2024-08-03T11:20:47Z</time>
    </trkpt>
    <trkpt lat="50.6880019" lon="6.5260742">
      <ele>253.6</ele>
      <time>2024-08-03T11:20:52Z</time>
    </trkpt>
    <trkpt lat="50.6879866" lon="6.5260609">
      <ele>254.0</ele>
      <time>2024-08-03T11:20:53Z</time>
    </trkpt>
    <trkpt lat="50.6879033" lon="6.5259328">
      <ele>254.8</ele>
      <time>2024-08-03T11:20:59Z</time>
    </trkpt>
    <trkpt lat="50.6877863" lon="6.5257761">
      <ele>255.6</ele>
      <time>2024-08-03T11:21:06Z</time>
    </trkpt>
    <trkpt lat="50.6877251" lon="6.5256989">
      <ele>255.8</ele>
      <time>2024-08-03T11:21:10Z</time>
    </trkpt>
    <trkpt lat="50.6876254" lon="6.5255657">
      <ele>256.6</ele>
      <time>2024-08-03T11:21:16Z</time>
    </trkpt>
    <trkpt lat="50.6876077" lon="6.5255433">
      <ele>257.2</ele>
      <time>2024-08-03T11:21:17Z</time>
    </trkpt>
    <trkpt lat="50.6875728" lon="6.5255069">
      <ele>257.8</ele>
      <time>2024-08-03T11:21:19Z</time>
    </trkpt>
    <trkpt lat="50.6875546" lon="6.5254885">
      <ele>258.0</ele>
      <time>2024-08-03T11:21:21Z</time>
    </trkpt>
    <trkpt lat="50.6875455" lon="6.5254574">
      <ele>258.0</ele>
      <time>2024-08-03T11:21:23Z</time>
    </trkpt>
    <trkpt lat="50.6875212" lon="6.5254306">
      <ele>258.2</ele>
      <time>2024-08-03T11:21:25Z</time>
    </trkpt>
    <trkpt lat="50.6873838" lon="6.5253238">
      <ele>259.0</ele>
      <time>2024-08-03T11:21:33Z</time>
    </trkpt>
    <trkpt lat="50.6873166" lon="6.5252867">
      <ele>259.6</ele>
      <time>2024-08-03T11:21:36Z</time>
    </trkpt>
    <trkpt lat="50.6871978" lon="6.5252290">
      <ele>260.0</ele>
      <time>2024-08-03T11:21:42Z</time>
    </trkpt>
    <trkpt lat="50.6871030" lon="6.5251631">
      <ele>260.6</ele>
      <time>2024-08-03T11:21:47Z</time>
    </trkpt>
    <trkpt lat="50.6870488" lon="6.5251396">
      <ele>261.0</ele>
      <time>2024-08-03T11:21:50Z</time>
    </trkpt>
    <trkpt lat="50.6869447" lon="6.5250737">
      <ele>261.6</ele>
      <time>2024-08-03T11:21:56Z</time>
    </trkpt>
    <trkpt lat="50.6868411" lon="6.5250137">
      <ele>262.6</ele>
      <time>2024-08-03T11:22:02Z</time>
    </trkpt>
    <trkpt lat="50.6868225" lon="6.5250033">
      <ele>262.6</ele>
      <time>2024-08-03T11:22:03Z</time>
    </trkpt>
    <trkpt lat="50.6866875" lon="6.5249318">
      <ele>263.6</ele>
      <time>2024-08-03T11:22:10Z</time>
    </trkpt>
    <trkpt lat="50.6866466" lon="6.5249094">
      <ele>263.8</ele>
      <time>2024-08-03T11:22:12Z</time>
    </trkpt>
    <trkpt lat="50.6864993" lon="6.5248310">
      <ele>264.8</ele>
      <time>2024-08-03T11:22:19Z</time>
    </trkpt>
    <trkpt lat="50.6864365" lon="6.5248025">
      <ele>265.2</ele>
      <time>2024-08-03T11:22:22Z</time>
    </trkpt>
    <trkpt lat="50.6863933" lon="6.5247934">
      <ele>265.4</ele>
      <time>2024-08-03T11:22:24Z</time>
    </trkpt>
    <trkpt lat="50.6863271" lon="6.5247609">
      <ele>265.6</ele>
      <time>2024-08-03T11:22:27Z</time>
    </trkpt>
    <trkpt lat="50.6863065" lon="6.5247472">
      <ele>265.8</ele>
      <time>2024-08-03T11:22:28Z</time>
    </trkpt>
    <trkpt lat="50.6861849" lon="6.5246835">
      <ele>266.6</ele>
      <time>2024-08-03T11:22:34Z</time>
    </trkpt>
    <trkpt lat="50.6861663" lon="6.5246720">
      <ele>267.0</ele>
      <time>2024-08-03T11:22:35Z</time>
    </trkpt>
    <trkpt lat="50.6860551" lon="6.5245862">
      <ele>267.6</ele>
      <time>2024-08-03T11:22:42Z</time>
    </trkpt>
    <trkpt lat="50.6859933" lon="6.5245515">
      <ele>267.8</ele>
      <time>2024-08-03T11:22:45Z</time>
    </trkpt>
    <trkpt lat="50.6858672" lon="6.5245096">
      <ele>268.6</ele>
      <time>2024-08-03T11:22:51Z</time>
    </trkpt>
    <trkpt lat="50.6858214" lon="6.5244970">
      <ele>269.0</ele>
      <time>2024-08-03T11:22:53Z</time>
    </trkpt>
    <trkpt lat="50.6857898" lon="6.5245107">
      <ele>269.4</ele>
      <time>2024-08-03T11:22:55Z</time>
    </trkpt>
    <trkpt lat="50.6857709" lon="6.5245155">
      <ele>269.8</ele>
      <time>2024-08-03T11:22:59Z</time>
    </trkpt>
    <trkpt lat="50.6857407" lon="6.5245427">
      <ele>270.0</ele>
      <time>2024-08-03T11:23:07Z</time>
    </trkpt>
    <trkpt lat="50.6857307" lon="6.5245526">
      <ele>270.0</ele>
      <time>2024-08-03T11:23:16Z</time>
    </trkpt>
    <trkpt lat="50.6857307" lon="6.5245526">
      <ele>270.2</ele>
      <time>2024-08-03T11:23:25Z</time>
    </trkpt>
    <trkpt lat="50.6857307" lon="6.5245526">
      <ele>270.0</ele>
      <time>2024-08-03T11:23:39Z</time>
    </trkpt>
    <trkpt lat="50.6857271" lon="6.5245578">
      <ele>269.8</ele>
      <time>2024-08-03T11:24:12Z</time>
    </trkpt>
    <trkpt lat="50.6857271" lon="6.5245578">
      <ele>269.2</ele>
      <time>2024-08-03T11:26:56Z</time>
    </trkpt>
    <trkpt lat="50.6857271" lon="6.5245578">
      <ele>269.0</ele>
      <time>2024-08-03T11:27:23Z</time>
    </trkpt>
    <trkpt lat="50.6857271" lon="6.5245578">
      <ele>269.2</ele>
      <time>2024-08-03T11:27:41Z</time>
    </trkpt>
    <trkpt lat="50.6857330" lon="6.5245518">
      <ele>269.2</ele>
      <time>2024-08-03T11:27:58Z</time>
    </trkpt>
    <trkpt lat="50.6857280" lon="6.5245553">
      <ele>269.4</ele>
      <time>2024-08-03T11:28:03Z</time>
    </trkpt>
    <trkpt lat="50.6857280" lon="6.5245553">
      <ele>269.4</ele>
      <time>2024-08-03T11:28:06Z</time>
    </trkpt>
    <trkpt lat="50.6857367" lon="6.5245459">
      <ele>269.2</ele>
      <time>2024-08-03T11:28:30Z</time>
    </trkpt>
    <trkpt lat="50.6857364" lon="6.5245080">
      <ele>269.4</ele>
      <time>2024-08-03T11:28:35Z</time>
    </trkpt>
    <trkpt lat="50.6857338" lon="6.5244703">
      <ele>269.4</ele>
      <time>2024-08-03T11:28:37Z</time>
    </trkpt>
    <trkpt lat="50.6857120" lon="6.5244079">
      <ele>269.6</ele>
      <time>2024-08-03T11:28:41Z</time>
    </trkpt>
    <trkpt lat="50.6856845" lon="6.5243899">
      <ele>269.8</ele>
      <time>2024-08-03T11:28:43Z</time>
    </trkpt>
    <trkpt lat="50.6856462" lon="6.5243754">
      <ele>270.4</ele>
      <time>2024-08-03T11:28:50Z</time>
    </trkpt>
    <trkpt lat="50.6856377" lon="6.5243733">
      <ele>270.6</ele>
      <time>2024-08-03T11:28:52Z</time>
    </trkpt>
    <trkpt lat="50.6856065" lon="6.5243613">
      <ele>270.6</ele>
      <time>2024-08-03T11:28:55Z</time>
    </trkpt>
    <trkpt lat="50.6855361" lon="6.5243494">
      <ele>271.0</ele>
      <time>2024-08-03T11:29:01Z</time>
    </trkpt>
    <trkpt lat="50.6855087" lon="6.5243440">
      <ele>271.2</ele>
      <time>2024-08-03T11:29:03Z</time>
    </trkpt>
    <trkpt lat="50.6854266" lon="6.5243400">
      <ele>271.6</ele>
      <time>2024-08-03T11:29:09Z</time>
    </trkpt>
    <trkpt lat="50.6853680" lon="6.5243428">
      <ele>271.8</ele>
      <time>2024-08-03T11:29:13Z</time>
    </trkpt>
    <trkpt lat="50.6852802" lon="6.5243465">
      <ele>272.6</ele>
      <time>2024-08-03T11:29:19Z</time>
    </trkpt>
    <trkpt lat="50.6851959" lon="6.5243564">
      <ele>273.0</ele>
      <time>2024-08-03T11:29:25Z</time>
    </trkpt>
    <trkpt lat="50.6851093" lon="6.5243471">
      <ele>273.6</ele>
      <time>2024-08-03T11:29:31Z</time>
    </trkpt>
    <trkpt lat="50.6850498" lon="6.5243485">
      <ele>274.0</ele>
      <time>2024-08-03T11:29:35Z</time>
    </trkpt>
    <trkpt lat="50.6849349" lon="6.5243540">
      <ele>274.8</ele>
      <time>2024-08-03T11:29:43Z</time>
    </trkpt>
    <trkpt lat="50.6849078" lon="6.5243583">
      <ele>275.0</ele>
      <time>2024-08-03T11:29:45Z</time>
    </trkpt>
    <trkpt lat="50.6848595" lon="6.5243602">
      <ele>275.0</ele>
      <time>2024-08-03T11:29:49Z</time>
    </trkpt>
    <trkpt lat="50.6848463" lon="6.5243682">
      <ele>275.0</ele>
      <time>2024-08-03T11:29:52Z</time>
    </trkpt>
    <trkpt lat="50.6848368" lon="6.5243651">
      <ele>275.0</ele>
      <time>2024-08-03T11:29:55Z</time>
    </trkpt>
    <trkpt lat="50.6848176" lon="6.5243697">
      <ele>275.2</ele>
      <time>2024-08-03T11:29:57Z</time>
    </trkpt>
    <trkpt lat="50.6847776" lon="6.5243666">
      <ele>275.6</ele>
      <time>2024-08-03T11:30:00Z</time>
    </trkpt>
    <trkpt lat="50.6847423" lon="6.5243701">
      <ele>276.0</ele>
      <time>2024-08-03T11:30:04Z</time>
    </trkpt>
    <trkpt lat="50.6846299" lon="6.5243691">
      <ele>276.4</ele>
      <time>2024-08-03T11:30:14Z</time>
    </trkpt>
    <trkpt lat="50.6846073" lon="6.5243599">
      <ele>276.6</ele>
      <time>2024-08-03T11:30:16Z</time>
    </trkpt>
    <trkpt lat="50.6845797" lon="6.5243604">
      <ele>276.8</ele>
      <time>2024-08-03T11:30:18Z</time>
    </trkpt>
    <trkpt lat="50.6845360" lon="6.5243646">
      <ele>277.2</ele>
      <time>2024-08-03T11:30:21Z</time>
    </trkpt>
    <trkpt lat="50.6844631" lon="6.5243696">
      <ele>277.4</ele>
      <time>2024-08-03T11:30:29Z</time>
    </trkpt>
    <trkpt lat="50.6843278" lon="6.5243678">
      <ele>277.6</ele>
      <time>2024-08-03T11:30:35Z</time>
    </trkpt>
    <trkpt lat="50.6842506" lon="6.5243588">
      <ele>277.8</ele>
      <time>2024-08-03T11:30:38Z</time>
    </trkpt>
    <trkpt lat="50.6841676" lon="6.5243483">
      <ele>278.2</ele>
      <time>2024-08-03T11:30:41Z</time>
    </trkpt>
    <trkpt lat="50.6839356" lon="6.5243147">
      <ele>279.0</ele>
      <time>2024-08-03T11:30:49Z</time>
    </trkpt>
    <trkpt lat="50.6836748" lon="6.5242687">
      <ele>279.8</ele>
      <time>2024-08-03T11:30:57Z</time>
    </trkpt>
    <trkpt lat="50.6833403" lon="6.5242021">
      <ele>279.8</ele>
      <time>2024-08-03T11:31:06Z</time>
    </trkpt>
    <trkpt lat="50.6832625" lon="6.5241823">
      <ele>280.2</ele>
      <time>2024-08-03T11:31:08Z</time>
    </trkpt>
    <trkpt lat="50.6830672" lon="6.5241061">
      <ele>280.4</ele>
      <time>2024-08-03T11:31:13Z</time>
    </trkpt>
    <trkpt lat="50.6828017" lon="6.5239179">
      <ele>280.6</ele>
      <time>2024-08-03T11:31:20Z</time>
    </trkpt>
    <trkpt lat="50.6825331" lon="6.5236086">
      <ele>280.8</ele>
      <time>2024-08-03T11:31:28Z</time>
    </trkpt>
    <trkpt lat="50.6822899" lon="6.5232747">
      <ele>281.2</ele>
      <time>2024-08-03T11:31:36Z</time>
    </trkpt>
    <trkpt lat="50.6822625" lon="6.5232338">
      <ele>281.4</ele>
      <time>2024-08-03T11:31:37Z</time>
    </trkpt>
    <trkpt lat="50.6820256" lon="6.5229152">
      <ele>281.8</ele>
      <time>2024-08-03T11:31:46Z</time>
    </trkpt>
    <trkpt lat="50.6818819" lon="6.5227442">
      <ele>282.2</ele>
      <time>2024-08-03T11:31:51Z</time>
    </trkpt>
    <trkpt lat="50.6816750" lon="6.5225053">
      <ele>282.8</ele>
      <time>2024-08-03T11:31:58Z</time>
    </trkpt>
    <trkpt lat="50.6815265" lon="6.5223498">
      <ele>283.4</ele>
      <time>2024-08-03T11:32:03Z</time>
    </trkpt>
    <trkpt lat="50.6814137" lon="6.5222279">
      <ele>283.8</ele>
      <time>2024-08-03T11:32:07Z</time>
    </trkpt>
    <trkpt lat="50.6811635" lon="6.5219865">
      <ele>284.2</ele>
      <time>2024-08-03T11:32:15Z</time>
    </trkpt>
    <trkpt lat="50.6811275" lon="6.5219597">
      <ele>284.4</ele>
      <time>2024-08-03T11:32:16Z</time>
    </trkpt>
    <trkpt lat="50.6810932" lon="6.5219355">
      <ele>284.2</ele>
      <time>2024-08-03T11:32:17Z</time>
    </trkpt>
    <trkpt lat="50.6809505" lon="6.5217551">
      <ele>284.8</ele>
      <time>2024-08-03T11:32:22Z</time>
    </trkpt>
    <trkpt lat="50.6808532" lon="6.5214129">
      <ele>285.2</ele>
      <time>2024-08-03T11:32:29Z</time>
    </trkpt>
    <trkpt lat="50.6808317" lon="6.5213227">
      <ele>285.2</ele>
      <time>2024-08-03T11:32:31Z</time>
    </trkpt>
    <trkpt lat="50.6807994" lon="6.5211728">
      <ele>285.6</ele>
      <time>2024-08-03T11:32:34Z</time>
    </trkpt>
    <trkpt lat="50.6807307" lon="6.5208954">
      <ele>286.0</ele>
      <time>2024-08-03T11:32:40Z</time>
    </trkpt>
    <trkpt lat="50.6806970" lon="6.5207008">
      <ele>286.2</ele>
      <time>2024-08-03T11:32:44Z</time>
    </trkpt>
    <trkpt lat="50.6806605" lon="6.5205671">
      <ele>286.6</ele>
      <time>2024-08-03T11:32:47Z</time>
    </trkpt>
    <trkpt lat="50.6806378" lon="6.5204752">
      <ele>287.2</ele>
      <time>2024-08-03T11:32:49Z</time>
    </trkpt>
    <trkpt lat="50.6806242" lon="6.5204266">
      <ele>287.4</ele>
      <time>2024-08-03T11:32:50Z</time>
    </trkpt>
    <trkpt lat="50.6805602" lon="6.5201803">
      <ele>287.6</ele>
      <time>2024-08-03T11:32:55Z</time>
    </trkpt>
    <trkpt lat="50.6804765" lon="6.5198881">
      <ele>288.0</ele>
      <time>2024-08-03T11:33:01Z</time>
    </trkpt>
    <trkpt lat="50.6804231" lon="6.5197056">
      <ele>288.4</ele>
      <time>2024-08-03T11:33:05Z</time>
    </trkpt>
    <trkpt lat="50.6803698" lon="6.5195161">
      <ele>289.0</ele>
      <time>2024-08-03T11:33:09Z</time>
    </trkpt>
    <trkpt lat="50.6803269" lon="6.5193864">
      <ele>289.4</ele>
      <time>2024-08-03T11:33:12Z</time>
    </trkpt>
    <trkpt lat="50.6802861" lon="6.5192212">
      <ele>289.8</ele>
      <time>2024-08-03T11:33:16Z</time>
    </trkpt>
    <trkpt lat="50.6802478" lon="6.5191208">
      <ele>290.4</ele>
      <time>2024-08-03T11:33:19Z</time>
    </trkpt>
    <trkpt lat="50.6802175" lon="6.5190607">
      <ele>290.6</ele>
      <time>2024-08-03T11:33:21Z</time>
    </trkpt>
    <trkpt lat="50.6801693" lon="6.5190359">
      <ele>290.8</ele>
      <time>2024-08-03T11:33:23Z</time>
    </trkpt>
    <trkpt lat="50.6801442" lon="6.5190403">
      <ele>290.8</ele>
      <time>2024-08-03T11:33:24Z</time>
    </trkpt>
    <trkpt lat="50.6801195" lon="6.5190509">
      <ele>291.0</ele>
      <time>2024-08-03T11:33:25Z</time>
    </trkpt>
    <trkpt lat="50.6799967" lon="6.5190956">
      <ele>291.4</ele>
      <time>2024-08-03T11:33:30Z</time>
    </trkpt>
    <trkpt lat="50.6799440" lon="6.5191047">
      <ele>291.4</ele>
      <time>2024-08-03T11:33:32Z</time>
    </trkpt>
    <trkpt lat="50.6796729" lon="6.5191967">
      <ele>291.6</ele>
      <time>2024-08-03T11:33:41Z</time>
    </trkpt>
    <trkpt lat="50.6794329" lon="6.5192556">
      <ele>291.8</ele>
      <time>2024-08-03T11:33:48Z</time>
    </trkpt>
    <trkpt lat="50.6793054" lon="6.5192412">
      <ele>291.8</ele>
      <time>2024-08-03T11:33:52Z</time>
    </trkpt>
    <trkpt lat="50.6791569" lon="6.5192218">
      <ele>292.0</ele>
      <time>2024-08-03T11:33:57Z</time>
    </trkpt>
    <trkpt lat="50.6789318" lon="6.5191725">
      <ele>292.4</ele>
      <time>2024-08-03T11:34:05Z</time>
    </trkpt>
    <trkpt lat="50.6788738" lon="6.5191565">
      <ele>292.4</ele>
      <time>2024-08-03T11:34:07Z</time>
    </trkpt>
    <trkpt lat="50.6786792" lon="6.5190938">
      <ele>292.6</ele>
      <time>2024-08-03T11:34:14Z</time>
    </trkpt>
    <trkpt lat="50.6785011" lon="6.5190437">
      <ele>293.2</ele>
      <time>2024-08-03T11:34:21Z</time>
    </trkpt>
    <trkpt lat="50.6784528" lon="6.5190301">
      <ele>293.4</ele>
      <time>2024-08-03T11:34:23Z</time>
    </trkpt>
    <trkpt lat="50.6783494" lon="6.5190251">
      <ele>294.0</ele>
      <time>2024-08-03T11:34:28Z</time>
    </trkpt>
    <trkpt lat="50.6782482" lon="6.5190352">
      <ele>294.4</ele>
      <time>2024-08-03T11:34:33Z</time>
    </trkpt>
    <trkpt lat="50.6781765" lon="6.5190385">
      <ele>295.0</ele>
      <time>2024-08-03T11:34:37Z</time>
    </trkpt>
    <trkpt lat="50.6781170" lon="6.5190416">
      <ele>295.4</ele>
      <time>2024-08-03T11:34:40Z</time>
    </trkpt>
    <trkpt lat="50.6780399" lon="6.5190368">
      <ele>295.8</ele>
      <time>2024-08-03T11:34:44Z</time>
    </trkpt>
    <trkpt lat="50.6779787" lon="6.5189930">
      <ele>296.4</ele>
      <time>2024-08-03T11:34:48Z</time>
    </trkpt>
    <trkpt lat="50.6779730" lon="6.5189876">
      <ele>296.8</ele>
      <time>2024-08-03T11:34:50Z</time>
    </trkpt>
    <trkpt lat="50.6779623" lon="6.5189767">
      <ele>297.6</ele>
      <time>2024-08-03T11:34:55Z</time>
    </trkpt>
    <trkpt lat="50.6779363" lon="6.5189693">
      <ele>297.8</ele>
      <time>2024-08-03T11:34:58Z</time>
    </trkpt>
    <trkpt lat="50.6778725" lon="6.5189213">
      <ele>297.8</ele>
      <time>2024-08-03T11:35:05Z</time>
    </trkpt>
    <trkpt lat="50.6778434" lon="6.5188985">
      <ele>298.6</ele>
      <time>2024-08-03T11:35:10Z</time>
    </trkpt>
    <trkpt lat="50.6778183" lon="6.5188698">
      <ele>298.8</ele>
      <time>2024-08-03T11:35:13Z</time>
    </trkpt>
    <trkpt lat="50.6777832" lon="6.5188379">
      <ele>299.2</ele>
      <time>2024-08-03T11:35:16Z</time>
    </trkpt>
    <trkpt lat="50.6777544" lon="6.5188011">
      <ele>299.6</ele>
      <time>2024-08-03T11:35:19Z</time>
    </trkpt>
    <trkpt lat="50.6777468" lon="6.5187849">
      <ele>299.8</ele>
      <time>2024-08-03T11:35:20Z</time>
    </trkpt>
    <trkpt lat="50.6777367" lon="6.5187728">
      <ele>299.8</ele>
      <time>2024-08-03T11:35:21Z</time>
    </trkpt>
    <trkpt lat="50.6777226" lon="6.5187624">
      <ele>300.0</ele>
      <time>2024-08-03T11:35:22Z</time>
    </trkpt>
    <trkpt lat="50.6776341" lon="6.5187075">
      <ele>300.6</ele>
      <time>2024-08-03T11:35:30Z</time>
    </trkpt>
    <trkpt lat="50.6776257" lon="6.5187015">
      <ele>300.8</ele>
      <time>2024-08-03T11:35:31Z</time>
    </trkpt>
    <trkpt lat="50.6775963" lon="6.5186994">
      <ele>301.0</ele>
      <time>2024-08-03T11:35:33Z</time>
    </trkpt>
    <trkpt lat="50.6775691" lon="6.5186977">
      <ele>301.0</ele>
      <time>2024-08-03T11:35:35Z</time>
    </trkpt>
    <trkpt lat="50.6775446" lon="6.5186900">
      <ele>301.2</ele>
      <time>2024-08-03T11:35:37Z</time>
    </trkpt>
    <trkpt lat="50.6774651" lon="6.5186436">
      <ele>301.6</ele>
      <time>2024-08-03T11:35:44Z</time>
    </trkpt>
    <trkpt lat="50.6774441" lon="6.5186335">
      <ele>301.8</ele>
      <time>2024-08-03T11:35:46Z</time>
    </trkpt>
    <trkpt lat="50.6773392" lon="6.5185520">
      <ele>302.6</ele>
      <time>2024-08-03T11:35:56Z</time>
    </trkpt>
    <trkpt lat="50.6773108" lon="6.5185156">
      <ele>302.8</ele>
      <time>2024-08-03T11:35:59Z</time>
    </trkpt>
    <trkpt lat="50.6772830" lon="6.5184287">
      <ele>303.0</ele>
      <time>2024-08-03T11:36:04Z</time>
    </trkpt>
    <trkpt lat="50.6772345" lon="6.5183018">
      <ele>303.8</ele>
      <time>2024-08-03T11:36:12Z</time>
    </trkpt>
    <trkpt lat="50.6771762" lon="6.5181410">
      <ele>305.0</ele>
      <time>2024-08-03T11:36:22Z</time>
    </trkpt>
    <trkpt lat="50.6771373" lon="6.5180364">
      <ele>305.4</ele>
      <time>2024-08-03T11:36:29Z</time>
    </trkpt>
    <trkpt lat="50.6770870" lon="6.5179490">
      <ele>306.0</ele>
      <time>2024-08-03T11:36:36Z</time>
    </trkpt>
    <trkpt lat="50.6770765" lon="6.5179376">
      <ele>306.0</ele>
      <time>2024-08-03T11:36:37Z</time>
    </trkpt>
    <trkpt lat="50.6769894" lon="6.5178650">
      <ele>306.2</ele>
      <time>2024-08-03T11:36:45Z</time>
    </trkpt>
    <trkpt lat="50.6768676" lon="6.5178035">
      <ele>306.2</ele>
      <time>2024-08-03T11:36:55Z</time>
    </trkpt>
    <trkpt lat="50.6768067" lon="6.5177589">
      <ele>306.8</ele>
      <time>2024-08-03T11:37:00Z</time>
    </trkpt>
    <trkpt lat="50.6767565" lon="6.5177155">
      <ele>307.0</ele>
      <time>2024-08-03T11:37:05Z</time>
    </trkpt>
    <trkpt lat="50.6766709" lon="6.5176554">
      <ele>307.4</ele>
      <time>2024-08-03T11:37:13Z</time>
    </trkpt>
    <trkpt lat="50.6765977" lon="6.5176343">
      <ele>308.0</ele>
      <time>2024-08-03T11:37:20Z</time>
    </trkpt>
    <trkpt lat="50.6765277" lon="6.5175554">
      <ele>308.2</ele>
      <time>2024-08-03T11:37:27Z</time>
    </trkpt>
    <trkpt lat="50.6765182" lon="6.5175488">
      <ele>308.2</ele>
      <time>2024-08-03T11:37:28Z</time>
    </trkpt>
    <trkpt lat="50.6764690" lon="6.5175102">
      <ele>308.6</ele>
      <time>2024-08-03T11:37:33Z</time>
    </trkpt>
    <trkpt lat="50.6764407" lon="6.5174740">
      <ele>308.8</ele>
      <time>2024-08-03T11:37:36Z</time>
    </trkpt>
    <trkpt lat="50.6764128" lon="6.5174408">
      <ele>309.0</ele>
      <time>2024-08-03T11:37:39Z</time>
    </trkpt>
    <trkpt lat="50.6763368" lon="6.5173539">
      <ele>309.4</ele>
      <time>2024-08-03T11:37:47Z</time>
    </trkpt>
    <trkpt lat="50.6762715" lon="6.5172809">
      <ele>310.0</ele>
      <time>2024-08-03T11:37:54Z</time>
    </trkpt>
    <trkpt lat="50.6762537" lon="6.5172586">
      <ele>310.0</ele>
      <time>2024-08-03T11:37:56Z</time>
    </trkpt>
    <trkpt lat="50.6761748" lon="6.5171493">
      <ele>310.8</ele>
      <time>2024-08-03T11:38:05Z</time>
    </trkpt>
    <trkpt lat="50.6761512" lon="6.5171134">
      <ele>311.0</ele>
      <time>2024-08-03T11:38:08Z</time>
    </trkpt>
    <trkpt lat="50.6760670" lon="6.5169758">
      <ele>311.4</ele>
      <time>2024-08-03T11:38:18Z</time>
    </trkpt>
    <trkpt lat="50.6759941" lon="6.5168579">
      <ele>311.6</ele>
      <time>2024-08-03T11:38:27Z</time>
    </trkpt>
    <trkpt lat="50.6759445" lon="6.5167669">
      <ele>312.0</ele>
      <time>2024-08-03T11:38:33Z</time>
    </trkpt>
    <trkpt lat="50.6759118" lon="6.5167032">
      <ele>312.2</ele>
      <time>2024-08-03T11:38:37Z</time>
    </trkpt>
    <trkpt lat="50.6758408" lon="6.5165697">
      <ele>312.2</ele>
      <time>2024-08-03T11:38:46Z</time>
    </trkpt>
    <trkpt lat="50.6758291" lon="6.5165580">
      <ele>312.2</ele>
      <time>2024-08-03T11:38:49Z</time>
    </trkpt>
    <trkpt lat="50.6758291" lon="6.5165580">
      <ele>312.2</ele>
      <time>2024-08-03T11:38:51Z</time>
    </trkpt>
    <trkpt lat="50.6758291" lon="6.5165580">
      <ele>312.2</ele>
      <time>2024-08-03T11:39:04Z</time>
    </trkpt>
    <trkpt lat="50.6758097" lon="6.5165291">
      <ele>312.2</ele>
      <time>2024-08-03T11:39:13Z</time>
    </trkpt>
    <trkpt lat="50.6758017" lon="6.5165145">
      <ele>312.2</ele>
      <time>2024-08-03T11:39:14Z</time>
    </trkpt>
    <trkpt lat="50.6757808" lon="6.5164838">
      <ele>312.2</ele>
      <time>2024-08-03T11:39:16Z</time>
    </trkpt>
    <trkpt lat="50.6757303" lon="6.5163870">
      <ele>312.0</ele>
      <time>2024-08-03T11:39:20Z</time>
    </trkpt>
    <trkpt lat="50.6756293" lon="6.5161852">
      <ele>312.2</ele>
      <time>2024-08-03T11:39:27Z</time>
    </trkpt>
    <trkpt lat="50.6754995" lon="6.5159925">
      <ele>312.4</ele>
      <time>2024-08-03T11:39:35Z</time>
    </trkpt>
    <trkpt lat="50.6753468" lon="6.5156808">
      <ele>312.6</ele>
      <time>2024-08-03T11:39:45Z</time>
    </trkpt>
    <trkpt lat="50.6752274" lon="6.5154265">
      <ele>312.6</ele>
      <time>2024-08-03T11:39:53Z</time>
    </trkpt>
    <trkpt lat="50.6751051" lon="6.5151823">
      <ele>313.0</ele>
      <time>2024-08-03T11:40:01Z</time>
    </trkpt>
    <trkpt lat="50.6750730" lon="6.5151257">
      <ele>313.2</ele>
      <time>2024-08-03T11:40:03Z</time>
    </trkpt>
    <trkpt lat="50.6749447" lon="6.5148711">
      <ele>313.6</ele>
      <time>2024-08-03T11:40:12Z</time>
    </trkpt>
    <trkpt lat="50.6748552" lon="6.5146985">
      <ele>313.8</ele>
      <time>2024-08-03T11:40:18Z</time>
    </trkpt>
    <trkpt lat="50.6748271" lon="6.5146358">
      <ele>314.0</ele>
      <time>2024-08-03T11:40:20Z</time>
    </trkpt>
    <trkpt lat="50.6746948" lon="6.5143774">
      <ele>314.6</ele>
      <time>2024-08-03T11:40:28Z</time>
    </trkpt>
    <trkpt lat="50.6746670" lon="6.5143126">
      <ele>315.0</ele>
      <time>2024-08-03T11:40:30Z</time>
    </trkpt>
    <trkpt lat="50.6745679" lon="6.5141246">
      <ele>315.2</ele>
      <time>2024-08-03T11:40:36Z</time>
    </trkpt>
    <trkpt lat="50.6744559" lon="6.5139116">
      <ele>315.6</ele>
      <time>2024-08-03T11:40:43Z</time>
    </trkpt>
    <trkpt lat="50.6742938" lon="6.5136265">
      <ele>315.8</ele>
      <time>2024-08-03T11:40:52Z</time>
    </trkpt>
    <trkpt lat="50.6742207" lon="6.5135127">
      <ele>316.0</ele>
      <time>2024-08-03T11:40:56Z</time>
    </trkpt>
    <trkpt lat="50.6741319" lon="6.5133827">
      <ele>316.2</ele>
      <time>2024-08-03T11:41:01Z</time>
    </trkpt>
    <trkpt lat="50.6739185" lon="6.5131055">
      <ele>316.6</ele>
      <time>2024-08-03T11:41:11Z</time>
    </trkpt>
    <trkpt lat="50.6737161" lon="6.5128880">
      <ele>317.0</ele>
      <time>2024-08-03T11:41:18Z</time>
    </trkpt>
    <trkpt lat="50.6734798" lon="6.5126792">
      <ele>317.6</ele>
      <time>2024-08-03T11:41:25Z</time>
    </trkpt>
    <trkpt lat="50.6733555" lon="6.5125573">
      <ele>318.2</ele>
      <time>2024-08-03T11:41:30Z</time>
    </trkpt>
    <trkpt lat="50.6733317" lon="6.5125358">
      <ele>318.2</ele>
      <time>2024-08-03T11:41:31Z</time>
    </trkpt>
    <trkpt lat="50.6733101" lon="6.5125185">
      <ele>318.4</ele>
      <time>2024-08-03T11:41:32Z</time>
    </trkpt>
    <trkpt lat="50.6731991" lon="6.5124023">
      <ele>319.2</ele>
      <time>2024-08-03T11:41:37Z</time>
    </trkpt>
    <trkpt lat="50.6731785" lon="6.5123798">
      <ele>319.4</ele>
      <time>2024-08-03T11:41:38Z</time>
    </trkpt>
    <trkpt lat="50.6730653" lon="6.5122536">
      <ele>320.4</ele>
      <time>2024-08-03T11:41:44Z</time>
    </trkpt>
    <trkpt lat="50.6729435" lon="6.5121280">
      <ele>320.8</ele>
      <time>2024-08-03T11:41:51Z</time>
    </trkpt>
    <trkpt lat="50.6727470" lon="6.5119380">
      <ele>320.8</ele>
      <time>2024-08-03T11:42:00Z</time>
    </trkpt>
    <trkpt lat="50.6725479" lon="6.5117264">
      <ele>320.8</ele>
      <time>2024-08-03T11:42:09Z</time>
    </trkpt>
    <trkpt lat="50.6723635" lon="6.5115308">
      <ele>321.2</ele>
      <time>2024-08-03T11:42:18Z</time>
    </trkpt>
    <trkpt lat="50.6722239" lon="6.5113689">
      <ele>321.4</ele>
      <time>2024-08-03T11:42:25Z</time>
    </trkpt>
    <trkpt lat="50.6720785" lon="6.5112051">
      <ele>321.6</ele>
      <time>2024-08-03T11:42:31Z</time>
    </trkpt>
    <trkpt lat="50.6718618" lon="6.5109702">
      <ele>321.8</ele>
      <time>2024-08-03T11:42:40Z</time>
    </trkpt>
    <trkpt lat="50.6716920" lon="6.5107853">
      <ele>322.2</ele>
      <time>2024-08-03T11:42:48Z</time>
    </trkpt>
    <trkpt lat="50.6714883" lon="6.5105563">
      <ele>322.2</ele>
      <time>2024-08-03T11:42:57Z</time>
    </trkpt>
    <trkpt lat="50.6714632" lon="6.5105287">
      <ele>322.2</ele>
      <time>2024-08-03T11:42:58Z</time>
    </trkpt>
    <trkpt lat="50.6712326" lon="6.5102806">
      <ele>322.4</ele>
      <time>2024-08-03T11:43:07Z</time>
    </trkpt>
    <trkpt lat="50.6709767" lon="6.5100363">
      <ele>322.4</ele>
      <time>2024-08-03T11:43:16Z</time>
    </trkpt>
    <trkpt lat="50.6707442" lon="6.5099108">
      <ele>322.8</ele>
      <time>2024-08-03T11:43:24Z</time>
    </trkpt>
    <trkpt lat="50.6704810" lon="6.5097767">
      <ele>322.8</ele>
      <time>2024-08-03T11:43:33Z</time>
    </trkpt>
    <trkpt lat="50.6701493" lon="6.5095569">
      <ele>322.8</ele>
      <time>2024-08-03T11:43:45Z</time>
    </trkpt>
    <trkpt lat="50.6698989" lon="6.5093828">
      <ele>323.2</ele>
      <time>2024-08-03T11:43:54Z</time>
    </trkpt>
    <trkpt lat="50.6698716" lon="6.5093645">
      <ele>323.4</ele>
      <time>2024-08-03T11:43:55Z</time>
    </trkpt>
    <trkpt lat="50.6695853" lon="6.5092432">
      <ele>324.2</ele>
      <time>2024-08-03T11:44:05Z</time>
    </trkpt>
    <trkpt lat="50.6695527" lon="6.5092365">
      <ele>324.4</ele>
      <time>2024-08-03T11:44:06Z</time>
    </trkpt>
    <trkpt lat="50.6693062" lon="6.5091951">
      <ele>324.4</ele>
      <time>2024-08-03T11:44:12Z</time>
    </trkpt>
    <trkpt lat="50.6689657" lon="6.5091213">
      <ele>323.0</ele>
      <time>2024-08-03T11:44:18Z</time>
    </trkpt>
    <trkpt lat="50.6686900" lon="6.5090662">
      <ele>321.8</ele>
      <time>2024-08-03T11:44:22Z</time>
    </trkpt>
    <trkpt lat="50.6684688" lon="6.5090200">
      <ele>320.8</ele>
      <time>2024-08-03T11:44:25Z</time>
    </trkpt>
    <trkpt lat="50.6682426" lon="6.5089729">
      <ele>319.2</ele>
      <time>2024-08-03T11:44:28Z</time>
    </trkpt>
    <trkpt lat="50.6678667" lon="6.5088952">
      <ele>318.2</ele>
      <time>2024-08-03T11:44:33Z</time>
    </trkpt>
    <trkpt lat="50.6677948" lon="6.5088800">
      <ele>318.0</ele>
      <time>2024-08-03T11:44:34Z</time>
    </trkpt>
    <trkpt lat="50.6672436" lon="6.5087783">
      <ele>317.4</ele>
      <time>2024-08-03T11:44:42Z</time>
    </trkpt>
    <trkpt lat="50.6671051" lon="6.5087543">
      <ele>317.2</ele>
      <time>2024-08-03T11:44:44Z</time>
    </trkpt>
    <trkpt lat="50.6668796" lon="6.5087152">
      <ele>315.8</ele>
      <time>2024-08-03T11:44:47Z</time>
    </trkpt>
    <trkpt lat="50.6667192" lon="6.5086861">
      <ele>314.8</ele>
      <time>2024-08-03T11:44:49Z</time>
    </trkpt>
    <trkpt lat="50.6666362" lon="6.5086735">
      <ele>314.6</ele>
      <time>2024-08-03T11:44:50Z</time>
    </trkpt>
    <trkpt lat="50.6663853" lon="6.5086335">
      <ele>313.4</ele>
      <time>2024-08-03T11:44:53Z</time>
    </trkpt>
    <trkpt lat="50.6660584" lon="6.5085850">
      <ele>312.4</ele>
      <time>2024-08-03T11:44:57Z</time>
    </trkpt>
    <trkpt lat="50.6659791" lon="6.5085741">
      <ele>312.2</ele>
      <time>2024-08-03T11:44:58Z</time>
    </trkpt>
    <trkpt lat="50.6655257" lon="6.5085036">
      <ele>311.0</ele>
      <time>2024-08-03T11:45:04Z</time>
    </trkpt>
    <trkpt lat="50.6654019" lon="6.5084812">
      <ele>310.4</ele>
      <time>2024-08-03T11:45:06Z</time>
    </trkpt>
    <trkpt lat="50.6650880" lon="6.5084303">
      <ele>310.4</ele>
      <time>2024-08-03T11:45:12Z</time>
    </trkpt>
    <trkpt lat="50.6649232" lon="6.5083951">
      <ele>311.2</ele>
      <time>2024-08-03T11:45:17Z</time>
    </trkpt>
    <trkpt lat="50.6649110" lon="6.5083839">
      <ele>311.6</ele>
      <time>2024-08-03T11:45:21Z</time>
    </trkpt>
    <trkpt lat="50.6649096" lon="6.5083806">
      <ele>312.0</ele>
      <time>2024-08-03T11:45:25Z</time>
    </trkpt>
    <trkpt lat="50.6649096" lon="6.5083806">
      <ele>311.8</ele>
      <time>2024-08-03T11:45:30Z</time>
    </trkpt>
    <trkpt lat="50.6648961" lon="6.5083809">
      <ele>311.6</ele>
      <time>2024-08-03T11:45:45Z</time>
    </trkpt>
    <trkpt lat="50.6648858" lon="6.5083800">
      <ele>311.8</ele>
      <time>2024-08-03T11:45:51Z</time>
    </trkpt>
    <trkpt lat="50.6648373" lon="6.5083782">
      <ele>311.8</ele>
      <time>2024-08-03T11:46:05Z</time>
    </trkpt>
    <trkpt lat="50.6646803" lon="6.5083601">
      <ele>311.6</ele>
      <time>2024-08-03T11:46:11Z</time>
    </trkpt>
    <trkpt lat="50.6644251" lon="6.5083208">
      <ele>311.6</ele>
      <time>2024-08-03T11:46:18Z</time>
    </trkpt>
    <trkpt lat="50.6641159" lon="6.5082746">
      <ele>311.6</ele>
      <time>2024-08-03T11:46:26Z</time>
    </trkpt>
    <trkpt lat="50.6638173" lon="6.5082311">
      <ele>311.8</ele>
      <time>2024-08-03T11:46:35Z</time>
    </trkpt>
    <trkpt lat="50.6636329" lon="6.5082036">
      <ele>312.2</ele>
      <time>2024-08-03T11:46:41Z</time>
    </trkpt>
    <trkpt lat="50.6635759" lon="6.5081906">
      <ele>312.4</ele>
      <time>2024-08-03T11:46:43Z</time>
    </trkpt>
    <trkpt lat="50.6633792" lon="6.5082216">
      <ele>312.6</ele>
      <time>2024-08-03T11:46:49Z</time>
    </trkpt>
    <trkpt lat="50.6632044" lon="6.5082963">
      <ele>312.6</ele>
      <time>2024-08-03T11:46:53Z</time>
    </trkpt>
    <trkpt lat="50.6628858" lon="6.5084456">
      <ele>311.8</ele>
      <time>2024-08-03T11:46:59Z</time>
    </trkpt>
    <trkpt lat="50.6626359" lon="6.5086176">
      <ele>310.6</ele>
      <time>2024-08-03T11:47:03Z</time>
    </trkpt>
    <trkpt lat="50.6625734" lon="6.5086524">
      <ele>310.2</ele>
      <time>2024-08-03T11:47:04Z</time>
    </trkpt>
    <trkpt lat="50.6624464" lon="6.5087136">
      <ele>309.2</ele>
      <time>2024-08-03T11:47:06Z</time>
    </trkpt>
    <trkpt lat="50.6622531" lon="6.5088087">
      <ele>308.2</ele>
      <time>2024-08-03T11:47:09Z</time>
    </trkpt>
    <trkpt lat="50.6621209" lon="6.5088720">
      <ele>307.8</ele>
      <time>2024-08-03T11:47:11Z</time>
    </trkpt>
    <trkpt lat="50.6617926" lon="6.5090277">
      <ele>307.2</ele>
      <time>2024-08-03T11:47:16Z</time>
    </trkpt>
    <trkpt lat="50.6615195" lon="6.5091623">
      <ele>306.6</ele>
      <time>2024-08-03T11:47:20Z</time>
    </trkpt>
    <trkpt lat="50.6613151" lon="6.5092645">
      <ele>306.0</ele>
      <time>2024-08-03T11:47:23Z</time>
    </trkpt>
    <trkpt lat="50.6609666" lon="6.5094372">
      <ele>305.2</ele>
      <time>2024-08-03T11:47:28Z</time>
    </trkpt>
    <trkpt lat="50.6608311" lon="6.5095109">
      <ele>305.0</ele>
      <time>2024-08-03T11:47:30Z</time>
    </trkpt>
    <trkpt lat="50.6606557" lon="6.5096288">
      <ele>305.0</ele>
      <time>2024-08-03T11:47:33Z</time>
    </trkpt>
    <trkpt lat="50.6606017" lon="6.5096576">
      <ele>305.0</ele>
      <time>2024-08-03T11:47:34Z</time>
    </trkpt>
    <trkpt lat="50.6604269" lon="6.5097736">
      <ele>306.2</ele>
      <time>2024-08-03T11:47:38Z</time>
    </trkpt>
    <trkpt lat="50.6603889" lon="6.5097994">
      <ele>306.4</ele>
      <time>2024-08-03T11:47:39Z</time>
    </trkpt>
    <trkpt lat="50.6602803" lon="6.5098815">
      <ele>307.4</ele>
      <time>2024-08-03T11:47:42Z</time>
    </trkpt>
    <trkpt lat="50.6601358" lon="6.5100048">
      <ele>308.2</ele>
      <time>2024-08-03T11:47:46Z</time>
    </trkpt>
    <trkpt lat="50.6601012" lon="6.5100384">
      <ele>308.4</ele>
      <time>2024-08-03T11:47:47Z</time>
    </trkpt>
    <trkpt lat="50.6599247" lon="6.5102001">
      <ele>309.4</ele>
      <time>2024-08-03T11:47:52Z</time>
    </trkpt>
    <trkpt lat="50.6598026" lon="6.5103098">
      <ele>310.0</ele>
      <time>2024-08-03T11:47:56Z</time>
    </trkpt>
    <trkpt lat="50.6597725" lon="6.5103377">
      <ele>310.4</ele>
      <time>2024-08-03T11:47:57Z</time>
    </trkpt>
    <trkpt lat="50.6596619" lon="6.5104474">
      <ele>311.6</ele>
      <time>2024-08-03T11:48:01Z</time>
    </trkpt>
    <trkpt lat="50.6596331" lon="6.5104757">
      <ele>311.8</ele>
      <time>2024-08-03T11:48:02Z</time>
    </trkpt>
    <trkpt lat="50.6595230" lon="6.5105728">
      <ele>312.4</ele>
      <time>2024-08-03T11:48:06Z</time>
    </trkpt>
    <trkpt lat="50.6594308" lon="6.5106530">
      <ele>313.4</ele>
      <time>2024-08-03T11:48:10Z</time>
    </trkpt>
    <trkpt lat="50.6593131" lon="6.5107559">
      <ele>314.6</ele>
      <time>2024-08-03T11:48:15Z</time>
    </trkpt>
    <trkpt lat="50.6591946" lon="6.5108542">
      <ele>315.4</ele>
      <time>2024-08-03T11:48:20Z</time>
    </trkpt>
    <trkpt lat="50.6591734" lon="6.5108724">
      <ele>315.6</ele>
      <time>2024-08-03T11:48:21Z</time>
    </trkpt>
    <trkpt lat="50.6590414" lon="6.5109850">
      <ele>316.6</ele>
      <time>2024-08-03T11:48:27Z</time>
    </trkpt>
    <trkpt lat="50.6589216" lon="6.5110842">
      <ele>317.8</ele>
      <time>2024-08-03T11:48:33Z</time>
    </trkpt>
    <trkpt lat="50.6589009" lon="6.5110959">
      <ele>318.0</ele>
      <time>2024-08-03T11:48:34Z</time>
    </trkpt>
    <trkpt lat="50.6588170" lon="6.5111456">
      <ele>318.8</ele>
      <time>2024-08-03T11:48:38Z</time>
    </trkpt>
    <trkpt lat="50.6587320" lon="6.5111914">
      <ele>319.6</ele>
      <time>2024-08-03T11:48:42Z</time>
    </trkpt>
    <trkpt lat="50.6587130" lon="6.5112112">
      <ele>319.8</ele>
      <time>2024-08-03T11:48:43Z</time>
    </trkpt>
    <trkpt lat="50.6586948" lon="6.5112268">
      <ele>320.2</ele>
      <time>2024-08-03T11:48:44Z</time>
    </trkpt>
    <trkpt lat="50.6586062" lon="6.5112964">
      <ele>321.0</ele>
      <time>2024-08-03T11:48:48Z</time>
    </trkpt>
    <trkpt lat="50.6585606" lon="6.5113369">
      <ele>321.2</ele>
      <time>2024-08-03T11:48:50Z</time>
    </trkpt>
    <trkpt lat="50.6584932" lon="6.5113862">
      <ele>321.6</ele>
      <time>2024-08-03T11:48:53Z</time>
    </trkpt>
    <trkpt lat="50.6584703" lon="6.5114010">
      <ele>322.0</ele>
      <time>2024-08-03T11:48:54Z</time>
    </trkpt>
    <trkpt lat="50.6583383" lon="6.5115327">
      <ele>323.0</ele>
      <time>2024-08-03T11:49:00Z</time>
    </trkpt>
    <trkpt lat="50.6583182" lon="6.5115552">
      <ele>323.2</ele>
      <time>2024-08-03T11:49:01Z</time>
    </trkpt>
    <trkpt lat="50.6582950" lon="6.5115718">
      <ele>323.4</ele>
      <time>2024-08-03T11:49:02Z</time>
    </trkpt>
    <trkpt lat="50.6582195" lon="6.5116508">
      <ele>324.0</ele>
      <time>2024-08-03T11:49:06Z</time>
    </trkpt>
    <trkpt lat="50.6581516" lon="6.5117443">
      <ele>324.8</ele>
      <time>2024-08-03T11:49:10Z</time>
    </trkpt>
    <trkpt lat="50.6581342" lon="6.5117604">
      <ele>325.0</ele>
      <time>2024-08-03T11:49:11Z</time>
    </trkpt>
    <trkpt lat="50.6580461" lon="6.5118200">
      <ele>325.8</ele>
      <time>2024-08-03T11:49:15Z</time>
    </trkpt>
    <trkpt lat="50.6580069" lon="6.5118520">
      <ele>326.2</ele>
      <time>2024-08-03T11:49:17Z</time>
    </trkpt>
    <trkpt lat="50.6579695" lon="6.5118683">
      <ele>326.4</ele>
      <time>2024-08-03T11:49:19Z</time>
    </trkpt>
    <trkpt lat="50.6579252" lon="6.5118639">
      <ele>326.6</ele>
      <time>2024-08-03T11:49:21Z</time>
    </trkpt>
    <trkpt lat="50.6578390" lon="6.5118686">
      <ele>327.0</ele>
      <time>2024-08-03T11:49:25Z</time>
    </trkpt>
    <trkpt lat="50.6577232" lon="6.5118896">
      <ele>327.6</ele>
      <time>2024-08-03T11:49:30Z</time>
    </trkpt>
    <trkpt lat="50.6576881" lon="6.5118667">
      <ele>328.2</ele>
      <time>2024-08-03T11:49:35Z</time>
    </trkpt>
    <trkpt lat="50.6576881" lon="6.5118667">
      <ele>328.2</ele>
      <time>2024-08-03T11:49:36Z</time>
    </trkpt>
    <trkpt lat="50.6576483" lon="6.5118629">
      <ele>328.4</ele>
      <time>2024-08-03T11:49:44Z</time>
    </trkpt>
    <trkpt lat="50.6575901" lon="6.5118650">
      <ele>328.4</ele>
      <time>2024-08-03T11:49:49Z</time>
    </trkpt>
    <trkpt lat="50.6575652" lon="6.5118626">
      <ele>328.4</ele>
      <time>2024-08-03T11:49:51Z</time>
    </trkpt>
    <trkpt lat="50.6574975" lon="6.5118521">
      <ele>328.4</ele>
      <time>2024-08-03T11:50:00Z</time>
    </trkpt>
    <trkpt lat="50.6574369" lon="6.5118346">
      <ele>328.2</ele>
      <time>2024-08-03T11:50:07Z</time>
    </trkpt>
    <trkpt lat="50.6573519" lon="6.5117910">
      <ele>328.4</ele>
      <time>2024-08-03T11:50:14Z</time>
    </trkpt>
    <trkpt lat="50.6572459" lon="6.5117976">
      <ele>328.8</ele>
      <time>2024-08-03T11:50:24Z</time>
    </trkpt>
    <trkpt lat="50.6571807" lon="6.5117810">
      <ele>328.8</ele>
      <time>2024-08-03T11:50:29Z</time>
    </trkpt>
    <trkpt lat="50.6571628" lon="6.5117807">
      <ele>328.8</ele>
      <time>2024-08-03T11:50:32Z</time>
    </trkpt>
    <trkpt lat="50.6571503" lon="6.5117758">
      <ele>329.0</ele>
      <time>2024-08-03T11:50:33Z</time>
    </trkpt>
    <trkpt lat="50.6570563" lon="6.5117906">
      <ele>329.0</ele>
      <time>2024-08-03T11:50:41Z</time>
    </trkpt>
    <trkpt lat="50.6570209" lon="6.5117993">
      <ele>329.0</ele>
      <time>2024-08-03T11:50:43Z</time>
    </trkpt>
    <trkpt lat="50.6569668" lon="6.5117910">
      <ele>329.0</ele>
      <time>2024-08-03T11:50:47Z</time>
    </trkpt>
    <trkpt lat="50.6569075" lon="6.5117649">
      <ele>329.2</ele>
      <time>2024-08-03T11:50:53Z</time>
    </trkpt>
    <trkpt lat="50.6568213" lon="6.5117589">
      <ele>329.6</ele>
      <time>2024-08-03T11:50:59Z</time>
    </trkpt>
    <trkpt lat="50.6568071" lon="6.5117603">
      <ele>329.8</ele>
      <time>2024-08-03T11:51:00Z</time>
    </trkpt>
    <trkpt lat="50.6567101" lon="6.5117386">
      <ele>329.8</ele>
      <time>2024-08-03T11:51:07Z</time>
    </trkpt>
    <trkpt lat="50.6566538" lon="6.5117577">
      <ele>330.0</ele>
      <time>2024-08-03T11:51:15Z</time>
    </trkpt>
    <trkpt lat="50.6566039" lon="6.5117497">
      <ele>330.2</ele>
      <time>2024-08-03T11:51:19Z</time>
    </trkpt>
    <trkpt lat="50.6565867" lon="6.5117441">
      <ele>330.2</ele>
      <time>2024-08-03T11:51:20Z</time>
    </trkpt>
    <trkpt lat="50.6564277" lon="6.5117279">
      <ele>330.2</ele>
      <time>2024-08-03T11:51:26Z</time>
    </trkpt>
    <trkpt lat="50.6562409" lon="6.5117183">
      <ele>330.4</ele>
      <time>2024-08-03T11:51:32Z</time>
    </trkpt>
    <trkpt lat="50.6562053" lon="6.5117147">
      <ele>330.6</ele>
      <time>2024-08-03T11:51:33Z</time>
    </trkpt>
    <trkpt lat="50.6561700" lon="6.5117122">
      <ele>330.6</ele>
      <time>2024-08-03T11:51:34Z</time>
    </trkpt>
    <trkpt lat="50.6559503" lon="6.5116977">
      <ele>330.6</ele>
      <time>2024-08-03T11:51:40Z</time>
    </trkpt>
    <trkpt lat="50.6556377" lon="6.5117048">
      <ele>330.4</ele>
      <time>2024-08-03T11:51:48Z</time>
    </trkpt>
    <trkpt lat="50.6553824" lon="6.5116899">
      <ele>330.0</ele>
      <time>2024-08-03T11:51:54Z</time>
    </trkpt>
    <trkpt lat="50.6551017" lon="6.5116489">
      <ele>329.4</ele>
      <time>2024-08-03T11:52:00Z</time>
    </trkpt>
    <trkpt lat="50.6550575" lon="6.5116376">
      <ele>329.0</ele>
      <time>2024-08-03T11:52:01Z</time>
    </trkpt>
    <trkpt lat="50.6546965" lon="6.5116004">
      <ele>328.8</ele>
      <time>2024-08-03T11:52:10Z</time>
    </trkpt>
    <trkpt lat="50.6544436" lon="6.5116567">
      <ele>328.8</ele>
      <time>2024-08-03T11:52:17Z</time>
    </trkpt>
    <trkpt lat="50.6541512" lon="6.5118380">
      <ele>329.2</ele>
      <time>2024-08-03T11:52:26Z</time>
    </trkpt>
    <trkpt lat="50.6539488" lon="6.5120993">
      <ele>329.6</ele>
      <time>2024-08-03T11:52:34Z</time>
    </trkpt>
    <trkpt lat="50.6538223" lon="6.5122564">
      <ele>330.2</ele>
      <time>2024-08-03T11:52:39Z</time>
    </trkpt>
    <trkpt lat="50.6537205" lon="6.5123894">
      <ele>330.4</ele>
      <time>2024-08-03T11:52:43Z</time>
    </trkpt>
    <trkpt lat="50.6535696" lon="6.5126146">
      <ele>331.2</ele>
      <time>2024-08-03T11:52:50Z</time>
    </trkpt>
    <trkpt lat="50.6535550" lon="6.5126464">
      <ele>331.4</ele>
      <time>2024-08-03T11:52:51Z</time>
    </trkpt>
    <trkpt lat="50.6535021" lon="6.5127637">
      <ele>332.4</ele>
      <time>2024-08-03T11:52:56Z</time>
    </trkpt>
    <trkpt lat="50.6534119" lon="6.5128634">
      <ele>333.2</ele>
      <time>2024-08-03T11:53:02Z</time>
    </trkpt>
    <trkpt lat="50.6533766" lon="6.5129011">
      <ele>333.6</ele>
      <time>2024-08-03T11:53:04Z</time>
    </trkpt>
    <trkpt lat="50.6532895" lon="6.5130294">
      <ele>334.2</ele>
      <time>2024-08-03T11:53:09Z</time>
    </trkpt>
    <trkpt lat="50.6532230" lon="6.5130821">
      <ele>334.6</ele>
      <time>2024-08-03T11:53:12Z</time>
    </trkpt>
    <trkpt lat="50.6531785" lon="6.5131054">
      <ele>334.8</ele>
      <time>2024-08-03T11:53:14Z</time>
    </trkpt>
    <trkpt lat="50.6531581" lon="6.5131195">
      <ele>335.0</ele>
      <time>2024-08-03T11:53:15Z</time>
    </trkpt>
    <trkpt lat="50.6530759" lon="6.5131783">
      <ele>335.6</ele>
      <time>2024-08-03T11:53:19Z</time>
    </trkpt>
    <trkpt lat="50.6529870" lon="6.5132425">
      <ele>336.4</ele>
      <time>2024-08-03T11:53:23Z</time>
    </trkpt>
    <trkpt lat="50.6529096" lon="6.5132729">
      <ele>336.6</ele>
      <time>2024-08-03T11:53:26Z</time>
    </trkpt>
    <trkpt lat="50.6528280" lon="6.5133315">
      <ele>337.0</ele>
      <time>2024-08-03T11:53:29Z</time>
    </trkpt>
    <trkpt lat="50.6526957" lon="6.5134326">
      <ele>337.8</ele>
      <time>2024-08-03T11:53:34Z</time>
    </trkpt>
    <trkpt lat="50.6526686" lon="6.5134564">
      <ele>337.8</ele>
      <time>2024-08-03T11:53:35Z</time>
    </trkpt>
    <trkpt lat="50.6525405" lon="6.5135568">
      <ele>338.8</ele>
      <time>2024-08-03T11:53:40Z</time>
    </trkpt>
    <trkpt lat="50.6524684" lon="6.5136288">
      <ele>339.0</ele>
      <time>2024-08-03T11:53:43Z</time>
    </trkpt>
    <trkpt lat="50.6523674" lon="6.5137293">
      <ele>339.6</ele>
      <time>2024-08-03T11:53:47Z</time>
    </trkpt>
    <trkpt lat="50.6522170" lon="6.5138511">
      <ele>340.6</ele>
      <time>2024-08-03T11:53:53Z</time>
    </trkpt>
    <trkpt lat="50.6521935" lon="6.5138644">
      <ele>340.8</ele>
      <time>2024-08-03T11:53:54Z</time>
    </trkpt>
    <trkpt lat="50.6520135" lon="6.5140417">
      <ele>341.2</ele>
      <time>2024-08-03T11:54:01Z</time>
    </trkpt>
    <trkpt lat="50.6518066" lon="6.5142230">
      <ele>341.4</ele>
      <time>2024-08-03T11:54:08Z</time>
    </trkpt>
    <trkpt lat="50.6515607" lon="6.5144602">
      <ele>341.4</ele>
      <time>2024-08-03T11:54:16Z</time>
    </trkpt>
    <trkpt lat="50.6512693" lon="6.5147302">
      <ele>340.4</ele>
      <time>2024-08-03T11:54:23Z</time>
    </trkpt>
    <trkpt lat="50.6509819" lon="6.5151413">
      <ele>339.8</ele>
      <time>2024-08-03T11:54:31Z</time>
    </trkpt>
    <trkpt lat="50.6509459" lon="6.5151952">
      <ele>339.8</ele>
      <time>2024-08-03T11:54:32Z</time>
    </trkpt>
    <trkpt lat="50.6507319" lon="6.5155408">
      <ele>339.4</ele>
      <time>2024-08-03T11:54:39Z</time>
    </trkpt>
    <trkpt lat="50.6507056" lon="6.5155992">
      <ele>339.4</ele>
      <time>2024-08-03T11:54:40Z</time>
    </trkpt>
    <trkpt lat="50.6506083" lon="6.5158873">
      <ele>339.4</ele>
      <time>2024-08-03T11:54:44Z</time>
    </trkpt>
    <trkpt lat="50.6505843" lon="6.5159638">
      <ele>339.4</ele>
      <time>2024-08-03T11:54:45Z</time>
    </trkpt>
    <trkpt lat="50.6504830" lon="6.5162550">
      <ele>339.0</ele>
      <time>2024-08-03T11:54:49Z</time>
    </trkpt>
    <trkpt lat="50.6504133" lon="6.5163671">
      <ele>338.6</ele>
      <time>2024-08-03T11:54:51Z</time>
    </trkpt>
    <trkpt lat="50.6501970" lon="6.5166089">
      <ele>338.4</ele>
      <time>2024-08-03T11:54:57Z</time>
    </trkpt>
    <trkpt lat="50.6500315" lon="6.5167670">
      <ele>338.6</ele>
      <time>2024-08-03T11:55:03Z</time>
    </trkpt>
    <trkpt lat="50.6499575" lon="6.5168103">
      <ele>338.8</ele>
      <time>2024-08-03T11:55:07Z</time>
    </trkpt>
    <trkpt lat="50.6499575" lon="6.5168103">
      <ele>338.6</ele>
      <time>2024-08-03T11:55:24Z</time>
    </trkpt>
    <trkpt lat="50.6499575" lon="6.5168103">
      <ele>338.6</ele>
      <time>2024-08-03T11:56:02Z</time>
    </trkpt>
    <trkpt lat="50.6499352" lon="6.5168275">
      <ele>338.6</ele>
      <time>2024-08-03T11:56:24Z</time>
    </trkpt>
    <trkpt lat="50.6498238" lon="6.5169476">
      <ele>338.6</ele>
      <time>2024-08-03T11:56:29Z</time>
    </trkpt>
    <trkpt lat="50.6497870" lon="6.5169881">
      <ele>338.6</ele>
      <time>2024-08-03T11:56:30Z</time>
    </trkpt>
    <trkpt lat="50.6496503" lon="6.5171225">
      <ele>338.6</ele>
      <time>2024-08-03T11:56:33Z</time>
    </trkpt>
    <trkpt lat="50.6491976" lon="6.5176066">
      <ele>339.8</ele>
      <time>2024-08-03T11:56:42Z</time>
    </trkpt>
    <trkpt lat="50.6491449" lon="6.5176635">
      <ele>340.0</ele>
      <time>2024-08-03T11:56:43Z</time>
    </trkpt>
    <trkpt lat="50.6488640" lon="6.5179677">
      <ele>341.4</ele>
      <time>2024-08-03T11:56:49Z</time>
    </trkpt>
    <trkpt lat="50.6488287" lon="6.5180038">
      <ele>341.4</ele>
      <time>2024-08-03T11:56:50Z</time>
    </trkpt>
    <trkpt lat="50.6487679" lon="6.5180689">
      <ele>342.4</ele>
      <time>2024-08-03T11:56:52Z</time>
    </trkpt>
    <trkpt lat="50.6487116" lon="6.5181339">
      <ele>343.0</ele>
      <time>2024-08-03T11:56:55Z</time>
    </trkpt>
    <trkpt lat="50.6487000" lon="6.5181441">
      <ele>343.6</ele>
      <time>2024-08-03T11:56:58Z</time>
    </trkpt>
    <trkpt lat="50.6487000" lon="6.5181441">
      <ele>343.8</ele>
      <time>2024-08-03T11:56:59Z</time>
    </trkpt>
    <trkpt lat="50.6487000" lon="6.5181441">
      <ele>344.0</ele>
      <time>2024-08-03T11:57:06Z</time>
    </trkpt>
    <trkpt lat="50.6486589" lon="6.5181939">
      <ele>343.8</ele>
      <time>2024-08-03T11:57:37Z</time>
    </trkpt>
    <trkpt lat="50.6485094" lon="6.5183546">
      <ele>343.8</ele>
      <time>2024-08-03T11:57:43Z</time>
    </trkpt>
    <trkpt lat="50.6483105" lon="6.5185623">
      <ele>343.8</ele>
      <time>2024-08-03T11:57:49Z</time>
    </trkpt>
    <trkpt lat="50.6480951" lon="6.5187688">
      <ele>343.4</ele>
      <time>2024-08-03T11:57:55Z</time>
    </trkpt>
    <trkpt lat="50.6477922" lon="6.5189007">
      <ele>343.6</ele>
      <time>2024-08-03T11:58:03Z</time>
    </trkpt>
    <trkpt lat="50.6475457" lon="6.5190404">
      <ele>344.4</ele>
      <time>2024-08-03T11:58:10Z</time>
    </trkpt>
    <trkpt lat="50.6474047" lon="6.5191190">
      <ele>344.8</ele>
      <time>2024-08-03T11:58:14Z</time>
    </trkpt>
    <trkpt lat="50.6472941" lon="6.5191723">
      <ele>345.2</ele>
      <time>2024-08-03T11:58:17Z</time>
    </trkpt>
    <trkpt lat="50.6472574" lon="6.5191977">
      <ele>345.4</ele>
      <time>2024-08-03T11:58:18Z</time>
    </trkpt>
    <trkpt lat="50.6470342" lon="6.5193498">
      <ele>345.8</ele>
      <time>2024-08-03T11:58:25Z</time>
    </trkpt>
    <trkpt lat="50.6468085" lon="6.5195144">
      <ele>345.8</ele>
      <time>2024-08-03T11:58:31Z</time>
    </trkpt>
    <trkpt lat="50.6466795" lon="6.5196330">
      <ele>345.4</ele>
      <time>2024-08-03T11:58:34Z</time>
    </trkpt>
    <trkpt lat="50.6465827" lon="6.5197494">
      <ele>345.2</ele>
      <time>2024-08-03T11:58:36Z</time>
    </trkpt>
    <trkpt lat="50.6463931" lon="6.5199519">
      <ele>344.8</ele>
      <time>2024-08-03T11:58:40Z</time>
    </trkpt>
    <trkpt lat="50.6463370" lon="6.5200096">
      <ele>344.6</ele>
      <time>2024-08-03T11:58:41Z</time>
    </trkpt>
    <trkpt lat="50.6461717" lon="6.5201786">
      <ele>344.0</ele>
      <time>2024-08-03T11:58:44Z</time>
    </trkpt>
    <trkpt lat="50.6460587" lon="6.5202763">
      <ele>343.2</ele>
      <time>2024-08-03T11:58:46Z</time>
    </trkpt>
    <trkpt lat="50.6457864" lon="6.5205327">
      <ele>342.4</ele>
      <time>2024-08-03T11:58:51Z</time>
    </trkpt>
    <trkpt lat="50.6457278" lon="6.5205859">
      <ele>342.2</ele>
      <time>2024-08-03T11:58:52Z</time>
    </trkpt>
    <trkpt lat="50.6455445" lon="6.5207440">
      <ele>341.8</ele>
      <time>2024-08-03T11:58:55Z</time>
    </trkpt>
    <trkpt lat="50.6453139" lon="6.5208982">
      <ele>341.2</ele>
      <time>2024-08-03T11:58:59Z</time>
    </trkpt>
    <trkpt lat="50.6452575" lon="6.5209284">
      <ele>341.2</ele>
      <time>2024-08-03T11:59:00Z</time>
    </trkpt>
    <trkpt lat="50.6448534" lon="6.5211663">
      <ele>341.0</ele>
      <time>2024-08-03T11:59:08Z</time>
    </trkpt>
    <trkpt lat="50.6446242" lon="6.5212958">
      <ele>340.8</ele>
      <time>2024-08-03T11:59:13Z</time>
    </trkpt>
    <trkpt lat="50.6444536" lon="6.5213996">
      <ele>341.0</ele>
      <time>2024-08-03T11:59:17Z</time>
    </trkpt>
    <trkpt lat="50.6441441" lon="6.5215953">
      <ele>341.4</ele>
      <time>2024-08-03T11:59:25Z</time>
    </trkpt>
    <trkpt lat="50.6441112" lon="6.5216216">
      <ele>341.4</ele>
      <time>2024-08-03T11:59:26Z</time>
    </trkpt>
    <trkpt lat="50.6439350" lon="6.5217614">
      <ele>341.8</ele>
      <time>2024-08-03T11:59:31Z</time>
    </trkpt>
    <trkpt lat="50.6436373" lon="6.5219452">
      <ele>341.8</ele>
      <time>2024-08-03T11:59:39Z</time>
    </trkpt>
    <trkpt lat="50.6433650" lon="6.5221164">
      <ele>341.0</ele>
      <time>2024-08-03T11:59:45Z</time>
    </trkpt>
    <trkpt lat="50.6430700" lon="6.5223026">
      <ele>340.2</ele>
      <time>2024-08-03T11:59:51Z</time>
    </trkpt>
    <trkpt lat="50.6429133" lon="6.5223947">
      <ele>340.0</ele>
      <time>2024-08-03T11:59:54Z</time>
    </trkpt>
    <trkpt lat="50.6425900" lon="6.5225318">
      <ele>339.8</ele>
      <time>2024-08-03T12:00:00Z</time>
    </trkpt>
    <trkpt lat="50.6424256" lon="6.5225847">
      <ele>339.4</ele>
      <time>2024-08-03T12:00:03Z</time>
    </trkpt>
    <trkpt lat="50.6421114" lon="6.5226842">
      <ele>338.8</ele>
      <time>2024-08-03T12:00:09Z</time>
    </trkpt>
    <trkpt lat="50.6415578" lon="6.5228473">
      <ele>338.6</ele>
      <time>2024-08-03T12:00:20Z</time>
    </trkpt>
    <trkpt lat="50.6411875" lon="6.5229698">
      <ele>338.4</ele>
      <time>2024-08-03T12:00:28Z</time>
    </trkpt>
    <trkpt lat="50.6409683" lon="6.5229985">
      <ele>338.4</ele>
      <time>2024-08-03T12:00:33Z</time>
    </trkpt>
    <trkpt lat="50.6408758" lon="6.5229931">
      <ele>338.4</ele>
      <time>2024-08-03T12:00:35Z</time>
    </trkpt>
    <trkpt lat="50.6406339" lon="6.5229774">
      <ele>337.8</ele>
      <time>2024-08-03T12:00:40Z</time>
    </trkpt>
    <trkpt lat="50.6405807" lon="6.5229898">
      <ele>337.8</ele>
      <time>2024-08-03T12:00:41Z</time>
    </trkpt>
    <trkpt lat="50.6405273" lon="6.5230068">
      <ele>337.6</ele>
      <time>2024-08-03T12:00:42Z</time>
    </trkpt>
    <trkpt lat="50.6404246" lon="6.5230537">
      <ele>337.0</ele>
      <time>2024-08-03T12:00:44Z</time>
    </trkpt>
    <trkpt lat="50.6401857" lon="6.5231898">
      <ele>336.0</ele>
      <time>2024-08-03T12:00:49Z</time>
    </trkpt>
    <trkpt lat="50.6399365" lon="6.5233244">
      <ele>335.0</ele>
      <time>2024-08-03T12:00:55Z</time>
    </trkpt>
    <trkpt lat="50.6398982" lon="6.5233451">
      <ele>334.8</ele>
      <time>2024-08-03T12:00:56Z</time>
    </trkpt>
    <trkpt lat="50.6398610" lon="6.5233557">
      <ele>334.4</ele>
      <time>2024-08-03T12:00:57Z</time>
    </trkpt>
    <trkpt lat="50.6397931" lon="6.5233219">
      <ele>334.2</ele>
      <time>2024-08-03T12:00:59Z</time>
    </trkpt>
    <trkpt lat="50.6397528" lon="6.5231984">
      <ele>334.0</ele>
      <time>2024-08-03T12:01:01Z</time>
    </trkpt>
    <trkpt lat="50.6397401" lon="6.5231214">
      <ele>333.8</ele>
      <time>2024-08-03T12:01:02Z</time>
    </trkpt>
    <trkpt lat="50.6397295" lon="6.5230399">
      <ele>333.4</ele>
      <time>2024-08-03T12:01:03Z</time>
    </trkpt>
    <trkpt lat="50.6396875" lon="6.5227579">
      <ele>332.4</ele>
      <time>2024-08-03T12:01:06Z</time>
    </trkpt>
    <trkpt lat="50.6396709" lon="6.5226544">
      <ele>332.0</ele>
      <time>2024-08-03T12:01:07Z</time>
    </trkpt>
    <trkpt lat="50.6396378" lon="6.5224443">
      <ele>331.2</ele>
      <time>2024-08-03T12:01:09Z</time>
    </trkpt>
    <trkpt lat="50.6395834" lon="6.5221183">
      <ele>330.0</ele>
      <time>2024-08-03T12:01:12Z</time>
    </trkpt>
    <trkpt lat="50.6395284" lon="6.5217822">
      <ele>328.8</ele>
      <time>2024-08-03T12:01:15Z</time>
    </trkpt>
    <trkpt lat="50.6394720" lon="6.5214256">
      <ele>327.6</ele>
      <time>2024-08-03T12:01:18Z</time>
    </trkpt>
    <trkpt lat="50.6394345" lon="6.5211783">
      <ele>326.4</ele>
      <time>2024-08-03T12:01:20Z</time>
    </trkpt>
    <trkpt lat="50.6393985" lon="6.5209229">
      <ele>325.4</ele>
      <time>2024-08-03T12:01:22Z</time>
    </trkpt>
    <trkpt lat="50.6393791" lon="6.5207941">
      <ele>324.8</ele>
      <time>2024-08-03T12:01:23Z</time>
    </trkpt>
    <trkpt lat="50.6393362" lon="6.5205276">
      <ele>323.6</ele>
      <time>2024-08-03T12:01:25Z</time>
    </trkpt>
    <trkpt lat="50.6392937" lon="6.5202577">
      <ele>322.2</ele>
      <time>2024-08-03T12:01:27Z</time>
    </trkpt>
    <trkpt lat="50.6392741" lon="6.5201226">
      <ele>321.2</ele>
      <time>2024-08-03T12:01:28Z</time>
    </trkpt>
    <trkpt lat="50.6392350" lon="6.5198527">
      <ele>320.4</ele>
      <time>2024-08-03T12:01:30Z</time>
    </trkpt>
    <trkpt lat="50.6392141" lon="6.5197159">
      <ele>320.0</ele>
      <time>2024-08-03T12:01:31Z</time>
    </trkpt>
    <trkpt lat="50.6391943" lon="6.5195791">
      <ele>319.0</ele>
      <time>2024-08-03T12:01:32Z</time>
    </trkpt>
    <trkpt lat="50.6391367" lon="6.5191770">
      <ele>317.6</ele>
      <time>2024-08-03T12:01:35Z</time>
    </trkpt>
    <trkpt lat="50.6390909" lon="6.5188988">
      <ele>316.6</ele>
      <time>2024-08-03T12:01:37Z</time>
    </trkpt>
    <trkpt lat="50.6390694" lon="6.5187564">
      <ele>315.6</ele>
      <time>2024-08-03T12:01:38Z</time>
    </trkpt>
    <trkpt lat="50.6390383" lon="6.5184648">
      <ele>314.6</ele>
      <time>2024-08-03T12:01:40Z</time>
    </trkpt>
    <trkpt lat="50.6390086" lon="6.5181691">
      <ele>312.0</ele>
      <time>2024-08-03T12:01:42Z</time>
    </trkpt>
    <trkpt lat="50.6389964" lon="6.5180241">
      <ele>311.2</ele>
      <time>2024-08-03T12:01:43Z</time>
    </trkpt>
    <trkpt lat="50.6389860" lon="6.5178783">
      <ele>310.2</ele>
      <time>2024-08-03T12:01:44Z</time>
    </trkpt>
    <trkpt lat="50.6389767" lon="6.5177327">
      <ele>309.2</ele>
      <time>2024-08-03T12:01:45Z</time>
    </trkpt>
    <trkpt lat="50.6389585" lon="6.5174376">
      <ele>307.8</ele>
      <time>2024-08-03T12:01:47Z</time>
    </trkpt>
    <trkpt lat="50.6389481" lon="6.5171446">
      <ele>306.6</ele>
      <time>2024-08-03T12:01:49Z</time>
    </trkpt>
    <trkpt lat="50.6389403" lon="6.5170001">
      <ele>306.0</ele>
      <time>2024-08-03T12:01:50Z</time>
    </trkpt>
    <trkpt lat="50.6389236" lon="6.5167108">
      <ele>305.4</ele>
      <time>2024-08-03T12:01:52Z</time>
    </trkpt>
    <trkpt lat="50.6388863" lon="6.5161451">
      <ele>304.0</ele>
      <time>2024-08-03T12:01:56Z</time>
    </trkpt>
    <trkpt lat="50.6388508" lon="6.5157284">
      <ele>303.0</ele>
      <time>2024-08-03T12:01:59Z</time>
    </trkpt>
    <trkpt lat="50.6388384" lon="6.5155907">
      <ele>302.8</ele>
      <time>2024-08-03T12:02:00Z</time>
    </trkpt>
    <trkpt lat="50.6387926" lon="6.5151885">
      <ele>301.6</ele>
      <time>2024-08-03T12:02:03Z</time>
    </trkpt>
    <trkpt lat="50.6387416" lon="6.5147891">
      <ele>300.4</ele>
      <time>2024-08-03T12:02:06Z</time>
    </trkpt>
    <trkpt lat="50.6386843" lon="6.5144049">
      <ele>299.4</ele>
      <time>2024-08-03T12:02:09Z</time>
    </trkpt>
    <trkpt lat="50.6386638" lon="6.5142813">
      <ele>299.2</ele>
      <time>2024-08-03T12:02:10Z</time>
    </trkpt>
    <trkpt lat="50.6386001" lon="6.5139093">
      <ele>298.2</ele>
      <time>2024-08-03T12:02:13Z</time>
    </trkpt>
    <trkpt lat="50.6385564" lon="6.5136595">
      <ele>297.0</ele>
      <time>2024-08-03T12:02:15Z</time>
    </trkpt>
    <trkpt lat="50.6384765" lon="6.5131655">
      <ele>296.2</ele>
      <time>2024-08-03T12:02:19Z</time>
    </trkpt>
    <trkpt lat="50.6384612" lon="6.5130410">
      <ele>296.0</ele>
      <time>2024-08-03T12:02:20Z</time>
    </trkpt>
    <trkpt lat="50.6384295" lon="6.5125312">
      <ele>295.4</ele>
      <time>2024-08-03T12:02:24Z</time>
    </trkpt>
    <trkpt lat="50.6384301" lon="6.5124040">
      <ele>295.0</ele>
      <time>2024-08-03T12:02:25Z</time>
    </trkpt>
    <trkpt lat="50.6384339" lon="6.5120282">
      <ele>293.6</ele>
      <time>2024-08-03T12:02:28Z</time>
    </trkpt>
    <trkpt lat="50.6384344" lon="6.5115397">
      <ele>292.8</ele>
      <time>2024-08-03T12:02:32Z</time>
    </trkpt>
    <trkpt lat="50.6384240" lon="6.5114191">
      <ele>292.6</ele>
      <time>2024-08-03T12:02:33Z</time>
    </trkpt>
    <trkpt lat="50.6384093" lon="6.5113003">
      <ele>292.4</ele>
      <time>2024-08-03T12:02:34Z</time>
    </trkpt>
    <trkpt lat="50.6383583" lon="6.5110774">
      <ele>292.0</ele>
      <time>2024-08-03T12:02:36Z</time>
    </trkpt>
    <trkpt lat="50.6383220" lon="6.5109740">
      <ele>291.8</ele>
      <time>2024-08-03T12:02:37Z</time>
    </trkpt>
    <trkpt lat="50.6382478" lon="6.5107626">
      <ele>291.6</ele>
      <time>2024-08-03T12:02:39Z</time>
    </trkpt>
    <trkpt lat="50.6380888" lon="6.5103535">
      <ele>290.6</ele>
      <time>2024-08-03T12:02:43Z</time>
    </trkpt>
    <trkpt lat="50.6380567" lon="6.5102461">
      <ele>290.4</ele>
      <time>2024-08-03T12:02:44Z</time>
    </trkpt>
    <trkpt lat="50.6379605" lon="6.5098063">
      <ele>289.2</ele>
      <time>2024-08-03T12:02:48Z</time>
    </trkpt>
    <trkpt lat="50.6378164" lon="6.5090529">
      <ele>288.0</ele>
      <time>2024-08-03T12:02:55Z</time>
    </trkpt>
    <trkpt lat="50.6377986" lon="6.5089433">
      <ele>288.0</ele>
      <time>2024-08-03T12:02:56Z</time>
    </trkpt>
    <trkpt lat="50.6376867" lon="6.5083023">
      <ele>287.0</ele>
      <time>2024-08-03T12:03:02Z</time>
    </trkpt>
    <trkpt lat="50.6376499" lon="6.5080895">
      <ele>286.6</ele>
      <time>2024-08-03T12:03:04Z</time>
    </trkpt>
    <trkpt lat="50.6374682" lon="6.5074178">
      <ele>285.8</ele>
      <time>2024-08-03T12:03:11Z</time>
    </trkpt>
    <trkpt lat="50.6372890" lon="6.5069935">
      <ele>284.6</ele>
      <time>2024-08-03T12:03:16Z</time>
    </trkpt>
    <trkpt lat="50.6371763" lon="6.5067518">
      <ele>284.2</ele>
      <time>2024-08-03T12:03:19Z</time>
    </trkpt>
    <trkpt lat="50.6370672" lon="6.5065174">
      <ele>283.6</ele>
      <time>2024-08-03T12:03:22Z</time>
    </trkpt>
    <trkpt lat="50.6369305" lon="6.5062047">
      <ele>282.6</ele>
      <time>2024-08-03T12:03:26Z</time>
    </trkpt>
    <trkpt lat="50.6368984" lon="6.5061227">
      <ele>282.4</ele>
      <time>2024-08-03T12:03:27Z</time>
    </trkpt>
    <trkpt lat="50.6366399" lon="6.5053556">
      <ele>282.2</ele>
      <time>2024-08-03T12:03:36Z</time>
    </trkpt>
    <trkpt lat="50.6363698" lon="6.5046057">
      <ele>281.4</ele>
      <time>2024-08-03T12:03:45Z</time>
    </trkpt>
    <trkpt lat="50.6363306" lon="6.5045319">
      <ele>281.4</ele>
      <time>2024-08-03T12:03:46Z</time>
    </trkpt>
    <trkpt lat="50.6361792" lon="6.5042276">
      <ele>280.8</ele>
      <time>2024-08-03T12:03:50Z</time>
    </trkpt>
    <trkpt lat="50.6360759" lon="6.5039861">
      <ele>280.4</ele>
      <time>2024-08-03T12:03:53Z</time>
    </trkpt>
    <trkpt lat="50.6360386" lon="6.5039054">
      <ele>280.0</ele>
      <time>2024-08-03T12:03:54Z</time>
    </trkpt>
    <trkpt lat="50.6357334" lon="6.5031166">
      <ele>278.8</ele>
      <time>2024-08-03T12:04:03Z</time>
    </trkpt>
    <trkpt lat="50.6357075" lon="6.5030175">
      <ele>278.6</ele>
      <time>2024-08-03T12:04:04Z</time>
    </trkpt>
    <trkpt lat="50.6356368" lon="6.5027103">
      <ele>277.4</ele>
      <time>2024-08-03T12:04:07Z</time>
    </trkpt>
    <trkpt lat="50.6355510" lon="6.5022836">
      <ele>276.4</ele>
      <time>2024-08-03T12:04:11Z</time>
    </trkpt>
    <trkpt lat="50.6355292" lon="6.5021707">
      <ele>276.4</ele>
      <time>2024-08-03T12:04:12Z</time>
    </trkpt>
    <trkpt lat="50.6353883" lon="6.5014825">
      <ele>275.0</ele>
      <time>2024-08-03T12:04:18Z</time>
    </trkpt>
    <trkpt lat="50.6353253" lon="6.5012535">
      <ele>274.0</ele>
      <time>2024-08-03T12:04:20Z</time>
    </trkpt>
    <trkpt lat="50.6352889" lon="6.5011433">
      <ele>273.8</ele>
      <time>2024-08-03T12:04:21Z</time>
    </trkpt>
    <trkpt lat="50.6351690" lon="6.5008039">
      <ele>272.8</ele>
      <time>2024-08-03T12:04:24Z</time>
    </trkpt>
    <trkpt lat="50.6350875" lon="6.5005736">
      <ele>271.6</ele>
      <time>2024-08-03T12:04:26Z</time>
    </trkpt>
    <trkpt lat="50.6350073" lon="6.5003342">
      <ele>270.8</ele>
      <time>2024-08-03T12:04:28Z</time>
    </trkpt>
    <trkpt lat="50.6349673" lon="6.5002119">
      <ele>270.6</ele>
      <time>2024-08-03T12:04:29Z</time>
    </trkpt>
    <trkpt lat="50.6348813" lon="6.4999672">
      <ele>269.0</ele>
      <time>2024-08-03T12:04:31Z</time>
    </trkpt>
    <trkpt lat="50.6347134" lon="6.4994430">
      <ele>267.2</ele>
      <time>2024-08-03T12:04:35Z</time>
    </trkpt>
    <trkpt lat="50.6346721" lon="6.4993078">
      <ele>266.8</ele>
      <time>2024-08-03T12:04:36Z</time>
    </trkpt>
    <trkpt lat="50.6346350" lon="6.4991685">
      <ele>266.4</ele>
      <time>2024-08-03T12:04:37Z</time>
    </trkpt>
    <trkpt lat="50.6346061" lon="6.4990255">
      <ele>265.4</ele>
      <time>2024-08-03T12:04:38Z</time>
    </trkpt>
    <trkpt lat="50.6345857" lon="6.4988788">
      <ele>265.2</ele>
      <time>2024-08-03T12:04:39Z</time>
    </trkpt>
    <trkpt lat="50.6345677" lon="6.4987256">
      <ele>264.0</ele>
      <time>2024-08-03T12:04:40Z</time>
    </trkpt>
    <trkpt lat="50.6345330" lon="6.4984110">
      <ele>262.4</ele>
      <time>2024-08-03T12:04:42Z</time>
    </trkpt>
    <trkpt lat="50.6344627" lon="6.4979300">
      <ele>261.4</ele>
      <time>2024-08-03T12:04:45Z</time>
    </trkpt>
    <trkpt lat="50.6343383" lon="6.4974661">
      <ele>260.2</ele>
      <time>2024-08-03T12:04:48Z</time>
    </trkpt>
    <trkpt lat="50.6342872" lon="6.4973146">
      <ele>259.0</ele>
      <time>2024-08-03T12:04:49Z</time>
    </trkpt>
    <trkpt lat="50.6342328" lon="6.4971648">
      <ele>258.2</ele>
      <time>2024-08-03T12:04:50Z</time>
    </trkpt>
    <trkpt lat="50.6341758" lon="6.4970157">
      <ele>257.8</ele>
      <time>2024-08-03T12:04:51Z</time>
    </trkpt>
    <trkpt lat="50.6341164" lon="6.4968686">
      <ele>256.6</ele>
      <time>2024-08-03T12:04:52Z</time>
    </trkpt>
    <trkpt lat="50.6339912" lon="6.4965770">
      <ele>255.4</ele>
      <time>2024-08-03T12:04:54Z</time>
    </trkpt>
    <trkpt lat="50.6338599" lon="6.4962811">
      <ele>254.2</ele>
      <time>2024-08-03T12:04:56Z</time>
    </trkpt>
    <trkpt lat="50.6337924" lon="6.4961350">
      <ele>253.2</ele>
      <time>2024-08-03T12:04:57Z</time>
    </trkpt>
    <trkpt lat="50.6336529" lon="6.4958512">
      <ele>252.0</ele>
      <time>2024-08-03T12:04:59Z</time>
    </trkpt>
    <trkpt lat="50.6335140" lon="6.4955633">
      <ele>251.0</ele>
      <time>2024-08-03T12:05:01Z</time>
    </trkpt>
    <trkpt lat="50.6334484" lon="6.4954161">
      <ele>249.6</ele>
      <time>2024-08-03T12:05:02Z</time>
    </trkpt>
    <trkpt lat="50.6333861" lon="6.4952674">
      <ele>249.2</ele>
      <time>2024-08-03T12:05:03Z</time>
    </trkpt>
    <trkpt lat="50.6333250" lon="6.4951166">
      <ele>248.4</ele>
      <time>2024-08-03T12:05:04Z</time>
    </trkpt>
    <trkpt lat="50.6332024" lon="6.4948191">
      <ele>247.2</ele>
      <time>2024-08-03T12:05:06Z</time>
    </trkpt>
    <trkpt lat="50.6331392" lon="6.4946749">
      <ele>246.2</ele>
      <time>2024-08-03T12:05:07Z</time>
    </trkpt>
    <trkpt lat="50.6330169" lon="6.4943910">
      <ele>245.2</ele>
      <time>2024-08-03T12:05:09Z</time>
    </trkpt>
    <trkpt lat="50.6329084" lon="6.4941020">
      <ele>243.8</ele>
      <time>2024-08-03T12:05:11Z</time>
    </trkpt>
    <trkpt lat="50.6328169" lon="6.4938082">
      <ele>242.2</ele>
      <time>2024-08-03T12:05:13Z</time>
    </trkpt>
    <trkpt lat="50.6327209" lon="6.4935165">
      <ele>241.2</ele>
      <time>2024-08-03T12:05:15Z</time>
    </trkpt>
    <trkpt lat="50.6325830" lon="6.4930845">
      <ele>239.6</ele>
      <time>2024-08-03T12:05:18Z</time>
    </trkpt>
    <trkpt lat="50.6324560" lon="6.4926530">
      <ele>238.2</ele>
      <time>2024-08-03T12:05:21Z</time>
    </trkpt>
    <trkpt lat="50.6323629" lon="6.4923821">
      <ele>237.2</ele>
      <time>2024-08-03T12:05:23Z</time>
    </trkpt>
    <trkpt lat="50.6322690" lon="6.4921176">
      <ele>236.2</ele>
      <time>2024-08-03T12:05:25Z</time>
    </trkpt>
    <trkpt lat="50.6322218" lon="6.4919822">
      <ele>235.0</ele>
      <time>2024-08-03T12:05:26Z</time>
    </trkpt>
    <trkpt lat="50.6320783" lon="6.4915801">
      <ele>233.8</ele>
      <time>2024-08-03T12:05:29Z</time>
    </trkpt>
    <trkpt lat="50.6319865" lon="6.4913167">
      <ele>232.4</ele>
      <time>2024-08-03T12:05:31Z</time>
    </trkpt>
    <trkpt lat="50.6319033" lon="6.4910462">
      <ele>231.2</ele>
      <time>2024-08-03T12:05:33Z</time>
    </trkpt>
    <trkpt lat="50.6318647" lon="6.4909120">
      <ele>230.8</ele>
      <time>2024-08-03T12:05:34Z</time>
    </trkpt>
    <trkpt lat="50.6317933" lon="6.4906530">
      <ele>230.0</ele>
      <time>2024-08-03T12:05:36Z</time>
    </trkpt>
    <trkpt lat="50.6317379" lon="6.4903920">
      <ele>228.4</ele>
      <time>2024-08-03T12:05:38Z</time>
    </trkpt>
    <trkpt lat="50.6316885" lon="6.4901273">
      <ele>227.6</ele>
      <time>2024-08-03T12:05:40Z</time>
    </trkpt>
    <trkpt lat="50.6316692" lon="6.4899935">
      <ele>227.4</ele>
      <time>2024-08-03T12:05:41Z</time>
    </trkpt>
    <trkpt lat="50.6316566" lon="6.4898584">
      <ele>226.8</ele>
      <time>2024-08-03T12:05:42Z</time>
    </trkpt>
    <trkpt lat="50.6316475" lon="6.4895796">
      <ele>226.4</ele>
      <time>2024-08-03T12:05:44Z</time>
    </trkpt>
    <trkpt lat="50.6316423" lon="6.4891616">
      <ele>225.0</ele>
      <time>2024-08-03T12:05:47Z</time>
    </trkpt>
    <trkpt lat="50.6316568" lon="6.4886691">
      <ele>224.6</ele>
      <time>2024-08-03T12:05:51Z</time>
    </trkpt>
    <trkpt lat="50.6316619" lon="6.4882784">
      <ele>224.0</ele>
      <time>2024-08-03T12:05:55Z</time>
    </trkpt>
    <trkpt lat="50.6316586" lon="6.4882085">
      <ele>224.0</ele>
      <time>2024-08-03T12:05:56Z</time>
    </trkpt>
    <trkpt lat="50.6316515" lon="6.4880805">
      <ele>224.0</ele>
      <time>2024-08-03T12:05:58Z</time>
    </trkpt>
    <trkpt lat="50.6316576" lon="6.4879257">
      <ele>223.8</ele>
      <time>2024-08-03T12:06:01Z</time>
    </trkpt>
    <trkpt lat="50.6316598" lon="6.4878827">
      <ele>223.8</ele>
      <time>2024-08-03T12:06:05Z</time>
    </trkpt>
    <trkpt lat="50.6316655" lon="6.4878666">
      <ele>223.2</ele>
      <time>2024-08-03T12:06:11Z</time>
    </trkpt>
    <trkpt lat="50.6316816" lon="6.4877811">
      <ele>223.2</ele>
      <time>2024-08-03T12:06:57Z</time>
    </trkpt>
    <trkpt lat="50.6317116" lon="6.4876914">
      <ele>223.2</ele>
      <time>2024-08-03T12:06:59Z</time>
    </trkpt>
    <trkpt lat="50.6317769" lon="6.4876176">
      <ele>223.0</ele>
      <time>2024-08-03T12:07:01Z</time>
    </trkpt>
    <trkpt lat="50.6318525" lon="6.4875399">
      <ele>222.8</ele>
      <time>2024-08-03T12:07:03Z</time>
    </trkpt>
    <trkpt lat="50.6320303" lon="6.4873941">
      <ele>221.4</ele>
      <time>2024-08-03T12:07:07Z</time>
    </trkpt>
    <trkpt lat="50.6320738" lon="6.4873512">
      <ele>221.2</ele>
      <time>2024-08-03T12:07:08Z</time>
    </trkpt>
    <trkpt lat="50.6321613" lon="6.4872463">
      <ele>220.6</ele>
      <time>2024-08-03T12:07:10Z</time>
    </trkpt>
    <trkpt lat="50.6322018" lon="6.4871876">
      <ele>220.4</ele>
      <time>2024-08-03T12:07:11Z</time>
    </trkpt>
    <trkpt lat="50.6322416" lon="6.4871263">
      <ele>220.2</ele>
      <time>2024-08-03T12:07:12Z</time>
    </trkpt>
    <trkpt lat="50.6324325" lon="6.4867969">
      <ele>219.4</ele>
      <time>2024-08-03T12:07:17Z</time>
    </trkpt>
    <trkpt lat="50.6324756" lon="6.4867353">
      <ele>219.2</ele>
      <time>2024-08-03T12:07:18Z</time>
    </trkpt>
    <trkpt lat="50.6327486" lon="6.4862489">
      <ele>217.8</ele>
      <time>2024-08-03T12:07:25Z</time>
    </trkpt>
    <trkpt lat="50.6327808" lon="6.4861722">
      <ele>217.4</ele>
      <time>2024-08-03T12:07:26Z</time>
    </trkpt>
    <trkpt lat="50.6328250" lon="6.4859976">
      <ele>217.0</ele>
      <time>2024-08-03T12:07:28Z</time>
    </trkpt>
    <trkpt lat="50.6328381" lon="6.4859033">
      <ele>217.0</ele>
      <time>2024-08-03T12:07:29Z</time>
    </trkpt>
    <trkpt lat="50.6328890" lon="6.4855166">
      <ele>216.8</ele>
      <time>2024-08-03T12:07:33Z</time>
    </trkpt>
    <trkpt lat="50.6329215" lon="6.4851059">
      <ele>216.4</ele>
      <time>2024-08-03T12:07:37Z</time>
    </trkpt>
    <trkpt lat="50.6329223" lon="6.4849993">
      <ele>216.2</ele>
      <time>2024-08-03T12:07:38Z</time>
    </trkpt>
    <trkpt lat="50.6328760" lon="6.4845819">
      <ele>215.4</ele>
      <time>2024-08-03T12:07:42Z</time>
    </trkpt>
    <trkpt lat="50.6328267" lon="6.4842808">
      <ele>213.8</ele>
      <time>2024-08-03T12:07:45Z</time>
    </trkpt>
    <trkpt lat="50.6328124" lon="6.4840762">
      <ele>212.8</ele>
      <time>2024-08-03T12:07:47Z</time>
    </trkpt>
    <trkpt lat="50.6328082" lon="6.4839734">
      <ele>212.6</ele>
      <time>2024-08-03T12:07:48Z</time>
    </trkpt>
    <trkpt lat="50.6328009" lon="6.4837694">
      <ele>211.6</ele>
      <time>2024-08-03T12:07:50Z</time>
    </trkpt>
    <trkpt lat="50.6328067" lon="6.4831704">
      <ele>210.4</ele>
      <time>2024-08-03T12:07:56Z</time>
    </trkpt>
    <trkpt lat="50.6329051" lon="6.4825307">
      <ele>209.4</ele>
      <time>2024-08-03T12:08:03Z</time>
    </trkpt>
    <trkpt lat="50.6329635" lon="6.4821649">
      <ele>209.2</ele>
      <time>2024-08-03T12:08:07Z</time>
    </trkpt>
    <trkpt lat="50.6330018" lon="6.4819887">
      <ele>209.0</ele>
      <time>2024-08-03T12:08:09Z</time>
    </trkpt>
    <trkpt lat="50.6330263" lon="6.4819064">
      <ele>208.8</ele>
      <time>2024-08-03T12:08:10Z</time>
    </trkpt>
    <trkpt lat="50.6331261" lon="6.4816817">
      <ele>208.0</ele>
      <time>2024-08-03T12:08:13Z</time>
    </trkpt>
    <trkpt lat="50.6332497" lon="6.4813669">
      <ele>207.6</ele>
      <time>2024-08-03T12:08:17Z</time>
    </trkpt>
    <trkpt lat="50.6332770" lon="6.4812820">
      <ele>207.0</ele>
      <time>2024-08-03T12:08:18Z</time>
    </trkpt>
    <trkpt lat="50.6333053" lon="6.4811949">
      <ele>206.8</ele>
      <time>2024-08-03T12:08:19Z</time>
    </trkpt>
    <trkpt lat="50.6334206" lon="6.4807506">
      <ele>206.0</ele>
      <time>2024-08-03T12:08:24Z</time>
    </trkpt>
    <trkpt lat="50.6334401" lon="6.4806619">
      <ele>206.0</ele>
      <time>2024-08-03T12:08:25Z</time>
    </trkpt>
    <trkpt lat="50.6334864" lon="6.4804824">
      <ele>205.8</ele>
      <time>2024-08-03T12:08:27Z</time>
    </trkpt>
    <trkpt lat="50.6335545" lon="6.4803163">
      <ele>205.6</ele>
      <time>2024-08-03T12:08:29Z</time>
    </trkpt>
    <trkpt lat="50.6335935" lon="6.4802379">
      <ele>205.4</ele>
      <time>2024-08-03T12:08:30Z</time>
    </trkpt>
    <trkpt lat="50.6336365" lon="6.4801592">
      <ele>205.0</ele>
      <time>2024-08-03T12:08:31Z</time>
    </trkpt>
    <trkpt lat="50.6337631" lon="6.4798116">
      <ele>203.8</ele>
      <time>2024-08-03T12:08:35Z</time>
    </trkpt>
    <trkpt lat="50.6337805" lon="6.4797146">
      <ele>203.6</ele>
      <time>2024-08-03T12:08:36Z</time>
    </trkpt>
    <trkpt lat="50.6338128" lon="6.4793154">
      <ele>202.2</ele>
      <time>2024-08-03T12:08:40Z</time>
    </trkpt>
    <trkpt lat="50.6338169" lon="6.4791046">
      <ele>201.6</ele>
      <time>2024-08-03T12:08:42Z</time>
    </trkpt>
    <trkpt lat="50.6337967" lon="6.4787822">
      <ele>201.0</ele>
      <time>2024-08-03T12:08:45Z</time>
    </trkpt>
    <trkpt lat="50.6337774" lon="6.4784626">
      <ele>200.6</ele>
      <time>2024-08-03T12:08:48Z</time>
    </trkpt>
    <trkpt lat="50.6337765" lon="6.4783556">
      <ele>200.4</ele>
      <time>2024-08-03T12:08:49Z</time>
    </trkpt>
    <trkpt lat="50.6337736" lon="6.4780477">
      <ele>200.0</ele>
      <time>2024-08-03T12:08:52Z</time>
    </trkpt>
    <trkpt lat="50.6337761" lon="6.4778385">
      <ele>200.0</ele>
      <time>2024-08-03T12:08:55Z</time>
    </trkpt>
    <trkpt lat="50.6337680" lon="6.4777851">
      <ele>200.0</ele>
      <time>2024-08-03T12:08:58Z</time>
    </trkpt>
    <trkpt lat="50.6337520" lon="6.4777583">
      <ele>200.6</ele>
      <time>2024-08-03T12:09:01Z</time>
    </trkpt>
    <trkpt lat="50.6337348" lon="6.4776972">
      <ele>200.6</ele>
      <time>2024-08-03T12:09:03Z</time>
    </trkpt>
    <trkpt lat="50.6336629" lon="6.4775065">
      <ele>200.6</ele>
      <time>2024-08-03T12:09:07Z</time>
    </trkpt>
    <trkpt lat="50.6334842" lon="6.4770801">
      <ele>199.4</ele>
      <time>2024-08-03T12:09:14Z</time>
    </trkpt>
    <trkpt lat="50.6334399" lon="6.4769651">
      <ele>199.2</ele>
      <time>2024-08-03T12:09:16Z</time>
    </trkpt>
    <trkpt lat="50.6333869" lon="6.4768927">
      <ele>199.2</ele>
      <time>2024-08-03T12:09:18Z</time>
    </trkpt>
    <trkpt lat="50.6333747" lon="6.4768622">
      <ele>199.2</ele>
      <time>2024-08-03T12:09:19Z</time>
    </trkpt>
    <trkpt lat="50.6333703" lon="6.4768340">
      <ele>199.2</ele>
      <time>2024-08-03T12:09:21Z</time>
    </trkpt>
    <trkpt lat="50.6333703" lon="6.4768340">
      <ele>200.2</ele>
      <time>2024-08-03T12:09:28Z</time>
    </trkpt>
    <trkpt lat="50.6333697" lon="6.4768321">
      <ele>200.2</ele>
      <time>2024-08-03T12:09:29Z</time>
    </trkpt>
    <trkpt lat="50.6333658" lon="6.4768247">
      <ele>200.2</ele>
      <time>2024-08-03T12:09:35Z</time>
    </trkpt>
    <trkpt lat="50.6333658" lon="6.4768247">
      <ele>200.0</ele>
      <time>2024-08-03T12:10:05Z</time>
    </trkpt>
    <trkpt lat="50.6333658" lon="6.4768247">
      <ele>199.8</ele>
      <time>2024-08-03T12:10:27Z</time>
    </trkpt>
    <trkpt lat="50.6333658" lon="6.4768247">
      <ele>200.0</ele>
      <time>2024-08-03T12:10:48Z</time>
    </trkpt>
    <trkpt lat="50.6333658" lon="6.4768247">
      <ele>200.0</ele>
      <time>2024-08-03T12:11:12Z</time>
    </trkpt>
    <trkpt lat="50.6333658" lon="6.4768247">
      <ele>200.2</ele>
      <time>2024-08-03T12:11:42Z</time>
    </trkpt>
    <trkpt lat="50.6333658" lon="6.4768247">
      <ele>200.4</ele>
      <time>2024-08-03T12:12:07Z</time>
    </trkpt>
    <trkpt lat="50.6333658" lon="6.4768247">
      <ele>200.0</ele>
      <time>2024-08-03T12:12:39Z</time>
    </trkpt>
    <trkpt lat="50.6333658" lon="6.4768247">
      <ele>199.8</ele>
      <time>2024-08-03T12:13:06Z</time>
    </trkpt>
    <trkpt lat="50.6333681" lon="6.4768315">
      <ele>200.0</ele>
      <time>2024-08-03T12:13:29Z</time>
    </trkpt>
    <trkpt lat="50.6333775" lon="6.4768223">
      <ele>200.0</ele>
      <time>2024-08-03T12:13:33Z</time>
    </trkpt>
    <trkpt lat="50.6333854" lon="6.4768065">
      <ele>200.0</ele>
      <time>2024-08-03T12:13:34Z</time>
    </trkpt>
    <trkpt lat="50.6334064" lon="6.4766905">
      <ele>199.8</ele>
      <time>2024-08-03T12:13:38Z</time>
    </trkpt>
    <trkpt lat="50.6334407" lon="6.4764120">
      <ele>200.0</ele>
      <time>2024-08-03T12:13:44Z</time>
    </trkpt>
    <trkpt lat="50.6335362" lon="6.4759700">
      <ele>200.4</ele>
      <time>2024-08-03T12:13:53Z</time>
    </trkpt>
    <trkpt lat="50.6336101" lon="6.4756174">
      <ele>200.6</ele>
      <time>2024-08-03T12:14:00Z</time>
    </trkpt>
    <trkpt lat="50.6336973" lon="6.4752235">
      <ele>201.4</ele>
      <time>2024-08-03T12:14:08Z</time>
    </trkpt>
    <trkpt lat="50.6337230" lon="6.4751201">
      <ele>201.4</ele>
      <time>2024-08-03T12:14:10Z</time>
    </trkpt>
    <trkpt lat="50.6337354" lon="6.4750711">
      <ele>201.6</ele>
      <time>2024-08-03T12:14:11Z</time>
    </trkpt>
    <trkpt lat="50.6338245" lon="6.4748638">
      <ele>201.6</ele>
      <time>2024-08-03T12:14:17Z</time>
    </trkpt>
    <trkpt lat="50.6339588" lon="6.4746698">
      <ele>201.4</ele>
      <time>2024-08-03T12:14:24Z</time>
    </trkpt>
    <trkpt lat="50.6339660" lon="6.4746651">
      <ele>201.4</ele>
      <time>2024-08-03T12:14:27Z</time>
    </trkpt>
    <trkpt lat="50.6339867" lon="6.4746753">
      <ele>201.4</ele>
      <time>2024-08-03T12:14:33Z</time>
    </trkpt>
    <trkpt lat="50.6339954" lon="6.4746922">
      <ele>201.4</ele>
      <time>2024-08-03T12:14:34Z</time>
    </trkpt>
    <trkpt lat="50.6340115" lon="6.4747094">
      <ele>201.4</ele>
      <time>2024-08-03T12:14:35Z</time>
    </trkpt>
    <trkpt lat="50.6341091" lon="6.4746962">
      <ele>201.2</ele>
      <time>2024-08-03T12:14:38Z</time>
    </trkpt>
    <trkpt lat="50.6343324" lon="6.4745673">
      <ele>200.6</ele>
      <time>2024-08-03T12:14:44Z</time>
    </trkpt>
    <trkpt lat="50.6344637" lon="6.4745235">
      <ele>200.4</ele>
      <time>2024-08-03T12:14:47Z</time>
    </trkpt>
    <trkpt lat="50.6346832" lon="6.4744458">
      <ele>200.2</ele>
      <time>2024-08-03T12:14:52Z</time>
    </trkpt>
    <trkpt lat="50.6347223" lon="6.4744342">
      <ele>200.2</ele>
      <time>2024-08-03T12:14:53Z</time>
    </trkpt>
    <trkpt lat="50.6348748" lon="6.4743774">
      <ele>200.4</ele>
      <time>2024-08-03T12:14:57Z</time>
    </trkpt>
    <trkpt lat="50.6351211" lon="6.4742519">
      <ele>201.0</ele>
      <time>2024-08-03T12:15:04Z</time>
    </trkpt>
    <trkpt lat="50.6353047" lon="6.4740169">
      <ele>201.0</ele>
      <time>2024-08-03T12:15:10Z</time>
    </trkpt>
    <trkpt lat="50.6354480" lon="6.4737436">
      <ele>201.0</ele>
      <time>2024-08-03T12:15:16Z</time>
    </trkpt>
    <trkpt lat="50.6354755" lon="6.4737203">
      <ele>201.0</ele>
      <time>2024-08-03T12:15:17Z</time>
    </trkpt>
    <trkpt lat="50.6355767" lon="6.4736923">
      <ele>201.2</ele>
      <time>2024-08-03T12:15:22Z</time>
    </trkpt>
    <trkpt lat="50.6356020" lon="6.4737016">
      <ele>201.4</ele>
      <time>2024-08-03T12:15:24Z</time>
    </trkpt>
    <trkpt lat="50.6356117" lon="6.4737125">
      <ele>201.4</ele>
      <time>2024-08-03T12:15:27Z</time>
    </trkpt>
    <trkpt lat="50.6356117" lon="6.4737125">
      <ele>201.0</ele>
      <time>2024-08-03T12:15:59Z</time>
    </trkpt>
    <trkpt lat="50.6356316" lon="6.4737560">
      <ele>201.0</ele>
      <time>2024-08-03T12:16:15Z</time>
    </trkpt>
    <trkpt lat="50.6356433" lon="6.4737019">
      <ele>201.0</ele>
      <time>2024-08-03T12:16:19Z</time>
    </trkpt>
    <trkpt lat="50.6356366" lon="6.4736868">
      <ele>201.0</ele>
      <time>2024-08-03T12:16:20Z</time>
    </trkpt>
    <trkpt lat="50.6356173" lon="6.4735478">
      <ele>201.2</ele>
      <time>2024-08-03T12:16:26Z</time>
    </trkpt>
    <trkpt lat="50.6356252" lon="6.4734597">
      <ele>201.2</ele>
      <time>2024-08-03T12:16:29Z</time>
    </trkpt>
    <trkpt lat="50.6355902" lon="6.4733862">
      <ele>201.2</ele>
      <time>2024-08-03T12:16:31Z</time>
    </trkpt>
    <trkpt lat="50.6355485" lon="6.4732395">
      <ele>201.2</ele>
      <time>2024-08-03T12:16:34Z</time>
    </trkpt>
    <trkpt lat="50.6355515" lon="6.4731877">
      <ele>201.2</ele>
      <time>2024-08-03T12:16:35Z</time>
    </trkpt>
    <trkpt lat="50.6356423" lon="6.4728482">
      <ele>201.6</ele>
      <time>2024-08-03T12:16:42Z</time>
    </trkpt>
    <trkpt lat="50.6356989" lon="6.4727144">
      <ele>202.6</ele>
      <time>2024-08-03T12:16:45Z</time>
    </trkpt>
    <trkpt lat="50.6358167" lon="6.4725190">
      <ele>203.4</ele>
      <time>2024-08-03T12:16:50Z</time>
    </trkpt>
    <trkpt lat="50.6358759" lon="6.4724561">
      <ele>203.6</ele>
      <time>2024-08-03T12:16:52Z</time>
    </trkpt>
    <trkpt lat="50.6360028" lon="6.4723431">
      <ele>204.6</ele>
      <time>2024-08-03T12:16:56Z</time>
    </trkpt>
    <trkpt lat="50.6361670" lon="6.4722369">
      <ele>205.8</ele>
      <time>2024-08-03T12:17:01Z</time>
    </trkpt>
    <trkpt lat="50.6361971" lon="6.4722203">
      <ele>206.0</ele>
      <time>2024-08-03T12:17:02Z</time>
    </trkpt>
    <trkpt lat="50.6362800" lon="6.4721723">
      <ele>207.0</ele>
      <time>2024-08-03T12:17:05Z</time>
    </trkpt>
    <trkpt lat="50.6363606" lon="6.4721061">
      <ele>207.6</ele>
      <time>2024-08-03T12:17:08Z</time>
    </trkpt>
    <trkpt lat="50.6364371" lon="6.4720170">
      <ele>208.2</ele>
      <time>2024-08-03T12:17:11Z</time>
    </trkpt>
    <trkpt lat="50.6365708" lon="6.4718119">
      <ele>209.2</ele>
      <time>2024-08-03T12:17:17Z</time>
    </trkpt>
    <trkpt lat="50.6366886" lon="6.4715625">
      <ele>210.0</ele>
      <time>2024-08-03T12:17:23Z</time>
    </trkpt>
    <trkpt lat="50.6367330" lon="6.4713862">
      <ele>210.4</ele>
      <time>2024-08-03T12:17:27Z</time>
    </trkpt>
    <trkpt lat="50.6367589" lon="6.4712545">
      <ele>211.6</ele>
      <time>2024-08-03T12:17:30Z</time>
    </trkpt>
    <trkpt lat="50.6367672" lon="6.4712137">
      <ele>211.8</ele>
      <time>2024-08-03T12:17:31Z</time>
    </trkpt>
    <trkpt lat="50.6367920" lon="6.4710659">
      <ele>213.0</ele>
      <time>2024-08-03T12:17:35Z</time>
    </trkpt>
    <trkpt lat="50.6368056" lon="6.4709940">
      <ele>213.4</ele>
      <time>2024-08-03T12:17:37Z</time>
    </trkpt>
    <trkpt lat="50.6368476" lon="6.4706650">
      <ele>214.0</ele>
      <time>2024-08-03T12:17:44Z</time>
    </trkpt>
    <trkpt lat="50.6368523" lon="6.4706213">
      <ele>214.2</ele>
      <time>2024-08-03T12:17:45Z</time>
    </trkpt>
    <trkpt lat="50.6368617" lon="6.4704855">
      <ele>214.4</ele>
      <time>2024-08-03T12:17:51Z</time>
    </trkpt>
    <trkpt lat="50.6368627" lon="6.4704830">
      <ele>215.2</ele>
      <time>2024-08-03T12:17:56Z</time>
    </trkpt>
    <trkpt lat="50.6368792" lon="6.4704281">
      <ele>215.8</ele>
      <time>2024-08-03T12:18:00Z</time>
    </trkpt>
    <trkpt lat="50.6368876" lon="6.4704144">
      <ele>215.8</ele>
      <time>2024-08-03T12:18:01Z</time>
    </trkpt>
    <trkpt lat="50.6369268" lon="6.4703005">
      <ele>215.8</ele>
      <time>2024-08-03T12:18:08Z</time>
    </trkpt>
    <trkpt lat="50.6369671" lon="6.4702115">
      <ele>215.8</ele>
      <time>2024-08-03T12:18:16Z</time>
    </trkpt>
    <trkpt lat="50.6369658" lon="6.4700844">
      <ele>215.6</ele>
      <time>2024-08-03T12:18:24Z</time>
    </trkpt>
    <trkpt lat="50.6369673" lon="6.4700672">
      <ele>215.6</ele>
      <time>2024-08-03T12:18:25Z</time>
    </trkpt>
    <trkpt lat="50.6369688" lon="6.4700014">
      <ele>215.4</ele>
      <time>2024-08-03T12:18:29Z</time>
    </trkpt>
    <trkpt lat="50.6369901" lon="6.4699631">
      <ele>215.6</ele>
      <time>2024-08-03T12:18:32Z</time>
    </trkpt>
    <trkpt lat="50.6370649" lon="6.4698539">
      <ele>215.8</ele>
      <time>2024-08-03T12:18:41Z</time>
    </trkpt>
    <trkpt lat="50.6371477" lon="6.4697813">
      <ele>215.8</ele>
      <time>2024-08-03T12:18:50Z</time>
    </trkpt>
    <trkpt lat="50.6371487" lon="6.4696728">
      <ele>215.6</ele>
      <time>2024-08-03T12:18:58Z</time>
    </trkpt>
    <trkpt lat="50.6371476" lon="6.4696683">
      <ele>215.8</ele>
      <time>2024-08-03T12:19:05Z</time>
    </trkpt>
    <trkpt lat="50.6371581" lon="6.4697139">
      <ele>216.0</ele>
      <time>2024-08-03T12:19:12Z</time>
    </trkpt>
    <trkpt lat="50.6371595" lon="6.4697191">
      <ele>216.2</ele>
      <time>2024-08-03T12:19:19Z</time>
    </trkpt>
    <trkpt lat="50.6371531" lon="6.4696869">
      <ele>216.2</ele>
      <time>2024-08-03T12:19:23Z</time>
    </trkpt>
    <trkpt lat="50.6371429" lon="6.4696686">
      <ele>216.2</ele>
      <time>2024-08-03T12:19:25Z</time>
    </trkpt>
    <trkpt lat="50.6371429" lon="6.4696686">
      <ele>216.2</ele>
      <time>2024-08-03T12:19:31Z</time>
    </trkpt>
    <trkpt lat="50.6371429" lon="6.4696686">
      <ele>216.2</ele>
      <time>2024-08-03T12:19:36Z</time>
    </trkpt>
    <trkpt lat="50.6371429" lon="6.4696686">
      <ele>216.2</ele>
      <time>2024-08-03T12:20:00Z</time>
    </trkpt>
    <trkpt lat="50.6371429" lon="6.4696686">
      <ele>216.2</ele>
      <time>2024-08-03T12:20:27Z</time>
    </trkpt>
    <trkpt lat="50.6371429" lon="6.4696686">
      <ele>216.0</ele>
      <time>2024-08-03T12:21:21Z</time>
    </trkpt>
    <trkpt lat="50.6371429" lon="6.4696686">
      <ele>216.2</ele>
      <time>2024-08-03T12:22:18Z</time>
    </trkpt>
    <trkpt lat="50.6371429" lon="6.4696686">
      <ele>216.2</ele>
      <time>2024-08-03T12:23:23Z</time>
    </trkpt>
    <trkpt lat="50.6371429" lon="6.4696686">
      <ele>216.2</ele>
      <time>2024-08-03T12:24:37Z</time>
    </trkpt>
    <trkpt lat="50.6371429" lon="6.4696686">
      <ele>216.4</ele>
      <time>2024-08-03T12:25:00Z</time>
    </trkpt>
    <trkpt lat="50.6371429" lon="6.4696686">
      <ele>216.2</ele>
      <time>2024-08-03T12:25:19Z</time>
    </trkpt>
    <trkpt lat="50.6371429" lon="6.4696686">
      <ele>216.6</ele>
      <time>2024-08-03T12:26:15Z</time>
    </trkpt>
    <trkpt lat="50.6371429" lon="6.4696686">
      <ele>216.4</ele>
      <time>2024-08-03T12:26:43Z</time>
    </trkpt>
    <trkpt lat="50.6371429" lon="6.4696686">
      <ele>216.2</ele>
      <time>2024-08-03T12:28:07Z</time>
    </trkpt>
    <trkpt lat="50.6371429" lon="6.4696686">
      <ele>216.6</ele>
      <time>2024-08-03T12:28:25Z</time>
    </trkpt>
    <trkpt lat="50.6371429" lon="6.4696686">
      <ele>216.6</ele>
      <time>2024-08-03T12:29:49Z</time>
    </trkpt>
    <trkpt lat="50.6371429" lon="6.4696686">
      <ele>216.6</ele>
      <time>2024-08-03T12:32:51Z</time>
    </trkpt>
    <trkpt lat="50.6371429" lon="6.4696686">
      <ele>216.6</ele>
      <time>2024-08-03T12:33:11Z</time>
    </trkpt>
    <trkpt lat="50.6371429" lon="6.4696686">
      <ele>216.8</ele>
      <time>2024-08-03T12:35:25Z</time>
    </trkpt>
    <trkpt lat="50.6371429" lon="6.4696686">
      <ele>216.8</ele>
      <time>2024-08-03T12:39:20Z</time>
    </trkpt>
    <trkpt lat="50.6371429" lon="6.4696686">
      <ele>216.4</ele>
      <time>2024-08-03T12:42:29Z</time>
    </trkpt>
    <trkpt lat="50.6371429" lon="6.4696686">
      <ele>216.4</ele>
      <time>2024-08-03T12:43:50Z</time>
    </trkpt>
    <trkpt lat="50.6371429" lon="6.4696686">
      <ele>216.4</ele>
      <time>2024-08-03T12:48:17Z</time>
    </trkpt>
    <trkpt lat="50.6371401" lon="6.4696723">
      <ele>216.6</ele>
      <time>2024-08-03T12:48:28Z</time>
    </trkpt>
    <trkpt lat="50.6371473" lon="6.4696995">
      <ele>216.4</ele>
      <time>2024-08-03T12:48:35Z</time>
    </trkpt>
    <trkpt lat="50.6371501" lon="6.4697409">
      <ele>216.4</ele>
      <time>2024-08-03T12:48:42Z</time>
    </trkpt>
    <trkpt lat="50.6371501" lon="6.4697409">
      <ele>216.4</ele>
      <time>2024-08-03T12:48:44Z</time>
    </trkpt>
    <trkpt lat="50.6371364" lon="6.4697423">
      <ele>216.4</ele>
      <time>2024-08-03T12:48:48Z</time>
    </trkpt>
    <trkpt lat="50.6370991" lon="6.4697670">
      <ele>216.4</ele>
      <time>2024-08-03T12:48:53Z</time>
    </trkpt>
    <trkpt lat="50.6370858" lon="6.4697604">
      <ele>216.4</ele>
      <time>2024-08-03T12:48:54Z</time>
    </trkpt>
    <trkpt lat="50.6370436" lon="6.4697601">
      <ele>216.4</ele>
      <time>2024-08-03T12:48:57Z</time>
    </trkpt>
    <trkpt lat="50.6370002" lon="6.4697741">
      <ele>216.2</ele>
      <time>2024-08-03T12:48:59Z</time>
    </trkpt>
    <trkpt lat="50.6369967" lon="6.4697704">
      <ele>216.2</ele>
      <time>2024-08-03T12:49:00Z</time>
    </trkpt>
    <trkpt lat="50.6369878" lon="6.4697765">
      <ele>216.2</ele>
      <time>2024-08-03T12:49:01Z</time>
    </trkpt>
    <trkpt lat="50.6369778" lon="6.4697782">
      <ele>216.2</ele>
      <time>2024-08-03T12:49:03Z</time>
    </trkpt>
    <trkpt lat="50.6369651" lon="6.4697876">
      <ele>216.4</ele>
      <time>2024-08-03T12:49:05Z</time>
    </trkpt>
    <trkpt lat="50.6369239" lon="6.4698485">
      <ele>216.6</ele>
      <time>2024-08-03T12:49:09Z</time>
    </trkpt>
    <trkpt lat="50.6369152" lon="6.4698760">
      <ele>216.6</ele>
      <time>2024-08-03T12:49:10Z</time>
    </trkpt>
    <trkpt lat="50.6368306" lon="6.4700854">
      <ele>216.6</ele>
      <time>2024-08-03T12:49:14Z</time>
    </trkpt>
    <trkpt lat="50.6367865" lon="6.4702559">
      <ele>216.4</ele>
      <time>2024-08-03T12:49:19Z</time>
    </trkpt>
    <trkpt lat="50.6367926" lon="6.4702725">
      <ele>216.2</ele>
      <time>2024-08-03T12:49:20Z</time>
    </trkpt>
    <trkpt lat="50.6368053" lon="6.4702761">
      <ele>216.0</ele>
      <time>2024-08-03T12:49:24Z</time>
    </trkpt>
    <trkpt lat="50.6368370" lon="6.4702600">
      <ele>216.0</ele>
      <time>2024-08-03T12:49:31Z</time>
    </trkpt>
    <trkpt lat="50.6368505" lon="6.4702320">
      <ele>216.0</ele>
      <time>2024-08-03T12:49:32Z</time>
    </trkpt>
    <trkpt lat="50.6368569" lon="6.4700110">
      <ele>215.8</ele>
      <time>2024-08-03T12:49:37Z</time>
    </trkpt>
    <trkpt lat="50.6368384" lon="6.4698178">
      <ele>215.4</ele>
      <time>2024-08-03T12:49:41Z</time>
    </trkpt>
    <trkpt lat="50.6368176" lon="6.4696668">
      <ele>215.2</ele>
      <time>2024-08-03T12:49:44Z</time>
    </trkpt>
    <trkpt lat="50.6367380" lon="6.4693043">
      <ele>216.4</ele>
      <time>2024-08-03T12:49:51Z</time>
    </trkpt>
    <trkpt lat="50.6367153" lon="6.4692004">
      <ele>216.8</ele>
      <time>2024-08-03T12:49:53Z</time>
    </trkpt>
    <trkpt lat="50.6367037" lon="6.4691487">
      <ele>217.0</ele>
      <time>2024-08-03T12:49:54Z</time>
    </trkpt>
    <trkpt lat="50.6366623" lon="6.4689462">
      <ele>217.6</ele>
      <time>2024-08-03T12:49:58Z</time>
    </trkpt>
    <trkpt lat="50.6366249" lon="6.4687607">
      <ele>218.0</ele>
      <time>2024-08-03T12:50:02Z</time>
    </trkpt>
    <trkpt lat="50.6365858" lon="6.4685736">
      <ele>218.6</ele>
      <time>2024-08-03T12:50:06Z</time>
    </trkpt>
    <trkpt lat="50.6365451" lon="6.4683866">
      <ele>218.8</ele>
      <time>2024-08-03T12:50:10Z</time>
    </trkpt>
    <trkpt lat="50.6364839" lon="6.4681249">
      <ele>219.6</ele>
      <time>2024-08-03T12:50:16Z</time>
    </trkpt>
    <trkpt lat="50.6364586" lon="6.4679986">
      <ele>220.4</ele>
      <time>2024-08-03T12:50:19Z</time>
    </trkpt>
    <trkpt lat="50.6364372" lon="6.4678797">
      <ele>220.8</ele>
      <time>2024-08-03T12:50:22Z</time>
    </trkpt>
    <trkpt lat="50.6363818" lon="6.4675378">
      <ele>222.0</ele>
      <time>2024-08-03T12:50:30Z</time>
    </trkpt>
    <trkpt lat="50.6363775" lon="6.4674940">
      <ele>222.0</ele>
      <time>2024-08-03T12:50:31Z</time>
    </trkpt>
    <trkpt lat="50.6363662" lon="6.4672743">
      <ele>222.6</ele>
      <time>2024-08-03T12:50:36Z</time>
    </trkpt>
    <trkpt lat="50.6363584" lon="6.4670509">
      <ele>223.2</ele>
      <time>2024-08-03T12:50:41Z</time>
    </trkpt>
    <trkpt lat="50.6363550" lon="6.4669623">
      <ele>223.4</ele>
      <time>2024-08-03T12:50:43Z</time>
    </trkpt>
    <trkpt lat="50.6363568" lon="6.4666950">
      <ele>224.2</ele>
      <time>2024-08-03T12:50:49Z</time>
    </trkpt>
    <trkpt lat="50.6363633" lon="6.4665698">
      <ele>224.8</ele>
      <time>2024-08-03T12:50:52Z</time>
    </trkpt>
    <trkpt lat="50.6363778" lon="6.4664247">
      <ele>225.4</ele>
      <time>2024-08-03T12:50:56Z</time>
    </trkpt>
    <trkpt lat="50.6363919" lon="6.4663272">
      <ele>225.6</ele>
      <time>2024-08-03T12:50:59Z</time>
    </trkpt>
    <trkpt lat="50.6364377" lon="6.4660667">
      <ele>226.2</ele>
      <time>2024-08-03T12:51:06Z</time>
    </trkpt>
    <trkpt lat="50.6365308" lon="6.4657900">
      <ele>227.0</ele>
      <time>2024-08-03T12:51:13Z</time>
    </trkpt>
    <trkpt lat="50.6365850" lon="6.4656715">
      <ele>227.2</ele>
      <time>2024-08-03T12:51:16Z</time>
    </trkpt>
    <trkpt lat="50.6366089" lon="6.4656383">
      <ele>227.4</ele>
      <time>2024-08-03T12:51:17Z</time>
    </trkpt>
    <trkpt lat="50.6366668" lon="6.4655376">
      <ele>228.0</ele>
      <time>2024-08-03T12:51:20Z</time>
    </trkpt>
    <trkpt lat="50.6367303" lon="6.4654618">
      <ele>228.2</ele>
      <time>2024-08-03T12:51:23Z</time>
    </trkpt>
    <trkpt lat="50.6368277" lon="6.4653462">
      <ele>228.6</ele>
      <time>2024-08-03T12:51:27Z</time>
    </trkpt>
    <trkpt lat="50.6370077" lon="6.4650710">
      <ele>229.2</ele>
      <time>2024-08-03T12:51:35Z</time>
    </trkpt>
    <trkpt lat="50.6370271" lon="6.4650342">
      <ele>229.4</ele>
      <time>2024-08-03T12:51:36Z</time>
    </trkpt>
    <trkpt lat="50.6370963" lon="6.4648514">
      <ele>229.6</ele>
      <time>2024-08-03T12:51:41Z</time>
    </trkpt>
    <trkpt lat="50.6371346" lon="6.4646129">
      <ele>230.0</ele>
      <time>2024-08-03T12:51:47Z</time>
    </trkpt>
    <trkpt lat="50.6371147" lon="6.4644030">
      <ele>230.4</ele>
      <time>2024-08-03T12:51:52Z</time>
    </trkpt>
    <trkpt lat="50.6370970" lon="6.4643314">
      <ele>230.6</ele>
      <time>2024-08-03T12:51:54Z</time>
    </trkpt>
    <trkpt lat="50.6370288" lon="6.4641695">
      <ele>231.4</ele>
      <time>2024-08-03T12:51:59Z</time>
    </trkpt>
    <trkpt lat="50.6369995" lon="6.4641136">
      <ele>231.6</ele>
      <time>2024-08-03T12:52:01Z</time>
    </trkpt>
    <trkpt lat="50.6369409" lon="6.4639792">
      <ele>232.4</ele>
      <time>2024-08-03T12:52:06Z</time>
    </trkpt>
    <trkpt lat="50.6368016" lon="6.4637923">
      <ele>233.6</ele>
      <time>2024-08-03T12:52:14Z</time>
    </trkpt>
    <trkpt lat="50.6366612" lon="6.4637131">
      <ele>234.6</ele>
      <time>2024-08-03T12:52:20Z</time>
    </trkpt>
    <trkpt lat="50.6366383" lon="6.4637093">
      <ele>234.6</ele>
      <time>2024-08-03T12:52:21Z</time>
    </trkpt>
    <trkpt lat="50.6365457" lon="6.4636945">
      <ele>235.6</ele>
      <time>2024-08-03T12:52:27Z</time>
    </trkpt>
    <trkpt lat="50.6365415" lon="6.4636934">
      <ele>235.8</ele>
      <time>2024-08-03T12:52:28Z</time>
    </trkpt>
    <trkpt lat="50.6365415" lon="6.4636934">
      <ele>236.4</ele>
      <time>2024-08-03T12:52:34Z</time>
    </trkpt>
    <trkpt lat="50.6365020" lon="6.4636973">
      <ele>236.6</ele>
      <time>2024-08-03T12:52:42Z</time>
    </trkpt>
    <trkpt lat="50.6364898" lon="6.4636989">
      <ele>236.6</ele>
      <time>2024-08-03T12:52:43Z</time>
    </trkpt>
    <trkpt lat="50.6364766" lon="6.4637033">
      <ele>236.6</ele>
      <time>2024-08-03T12:52:44Z</time>
    </trkpt>
    <trkpt lat="50.6364120" lon="6.4637111">
      <ele>236.8</ele>
      <time>2024-08-03T12:52:49Z</time>
    </trkpt>
    <trkpt lat="50.6363980" lon="6.4637159">
      <ele>236.8</ele>
      <time>2024-08-03T12:52:50Z</time>
    </trkpt>
    <trkpt lat="50.6362780" lon="6.4637387">
      <ele>237.2</ele>
      <time>2024-08-03T12:52:59Z</time>
    </trkpt>
    <trkpt lat="50.6362155" lon="6.4637308">
      <ele>237.6</ele>
      <time>2024-08-03T12:53:04Z</time>
    </trkpt>
    <trkpt lat="50.6361568" lon="6.4637019">
      <ele>238.2</ele>
      <time>2024-08-03T12:53:09Z</time>
    </trkpt>
    <trkpt lat="50.6360764" lon="6.4636144">
      <ele>238.8</ele>
      <time>2024-08-03T12:53:16Z</time>
    </trkpt>
    <trkpt lat="50.6360565" lon="6.4635843">
      <ele>239.0</ele>
      <time>2024-08-03T12:53:18Z</time>
    </trkpt>
    <trkpt lat="50.6359827" lon="6.4634493">
      <ele>239.4</ele>
      <time>2024-08-03T12:53:27Z</time>
    </trkpt>
    <trkpt lat="50.6359367" lon="6.4633087">
      <ele>239.8</ele>
      <time>2024-08-03T12:53:35Z</time>
    </trkpt>
    <trkpt lat="50.6359241" lon="6.4632520">
      <ele>240.0</ele>
      <time>2024-08-03T12:53:38Z</time>
    </trkpt>
    <trkpt lat="50.6358711" lon="6.4630985">
      <ele>240.4</ele>
      <time>2024-08-03T12:53:46Z</time>
    </trkpt>
    <trkpt lat="50.6358665" lon="6.4630785">
      <ele>240.4</ele>
      <time>2024-08-03T12:53:47Z</time>
    </trkpt>
    <trkpt lat="50.6358293" lon="6.4629691">
      <ele>240.4</ele>
      <time>2024-08-03T12:53:53Z</time>
    </trkpt>
    <trkpt lat="50.6357821" lon="6.4628264">
      <ele>240.6</ele>
      <time>2024-08-03T12:54:01Z</time>
    </trkpt>
    <trkpt lat="50.6357632" lon="6.4627359">
      <ele>240.8</ele>
      <time>2024-08-03T12:54:06Z</time>
    </trkpt>
    <trkpt lat="50.6357600" lon="6.4627213">
      <ele>240.8</ele>
      <time>2024-08-03T12:54:07Z</time>
    </trkpt>
    <trkpt lat="50.6357465" lon="6.4626286">
      <ele>241.0</ele>
      <time>2024-08-03T12:54:12Z</time>
    </trkpt>
    <trkpt lat="50.6357080" lon="6.4624332">
      <ele>241.0</ele>
      <time>2024-08-03T12:54:22Z</time>
    </trkpt>
    <trkpt lat="50.6357077" lon="6.4622283">
      <ele>241.2</ele>
      <time>2024-08-03T12:54:32Z</time>
    </trkpt>
    <trkpt lat="50.6357076" lon="6.4620562">
      <ele>241.2</ele>
      <time>2024-08-03T12:54:41Z</time>
    </trkpt>
    <trkpt lat="50.6357068" lon="6.4618484">
      <ele>241.4</ele>
      <time>2024-08-03T12:54:51Z</time>
    </trkpt>
    <trkpt lat="50.6357116" lon="6.4616268">
      <ele>241.0</ele>
      <time>2024-08-03T12:55:02Z</time>
    </trkpt>
    <trkpt lat="50.6357481" lon="6.4614396">
      <ele>241.2</ele>
      <time>2024-08-03T12:55:11Z</time>
    </trkpt>
    <trkpt lat="50.6357780" lon="6.4613482">
      <ele>241.4</ele>
      <time>2024-08-03T12:55:16Z</time>
    </trkpt>
    <trkpt lat="50.6358319" lon="6.4612316">
      <ele>241.6</ele>
      <time>2024-08-03T12:55:23Z</time>
    </trkpt>
    <trkpt lat="50.6359013" lon="6.4611145">
      <ele>242.0</ele>
      <time>2024-08-03T12:55:31Z</time>
    </trkpt>
    <trkpt lat="50.6359613" lon="6.4610277">
      <ele>242.4</ele>
      <time>2024-08-03T12:55:37Z</time>
    </trkpt>
    <trkpt lat="50.6360108" lon="6.4609781">
      <ele>242.8</ele>
      <time>2024-08-03T12:55:41Z</time>
    </trkpt>
    <trkpt lat="50.6360913" lon="6.4608858">
      <ele>243.6</ele>
      <time>2024-08-03T12:55:49Z</time>
    </trkpt>
    <trkpt lat="50.6361115" lon="6.4608617">
      <ele>243.8</ele>
      <time>2024-08-03T12:55:51Z</time>
    </trkpt>
    <trkpt lat="50.6361953" lon="6.4607625">
      <ele>244.4</ele>
      <time>2024-08-03T12:55:59Z</time>
    </trkpt>
    <trkpt lat="50.6362316" lon="6.4607176">
      <ele>244.6</ele>
      <time>2024-08-03T12:56:02Z</time>
    </trkpt>
    <trkpt lat="50.6362901" lon="6.4606541">
      <ele>245.2</ele>
      <time>2024-08-03T12:56:08Z</time>
    </trkpt>
    <trkpt lat="50.6363910" lon="6.4605262">
      <ele>245.8</ele>
      <time>2024-08-03T12:56:18Z</time>
    </trkpt>
    <trkpt lat="50.6363986" lon="6.4605141">
      <ele>245.8</ele>
      <time>2024-08-03T12:56:19Z</time>
    </trkpt>
    <trkpt lat="50.6364838" lon="6.4604036">
      <ele>246.4</ele>
      <time>2024-08-03T12:56:27Z</time>
    </trkpt>
    <trkpt lat="50.6365410" lon="6.4603246">
      <ele>246.8</ele>
      <time>2024-08-03T12:56:33Z</time>
    </trkpt>
    <trkpt lat="50.6365826" lon="6.4602572">
      <ele>247.0</ele>
      <time>2024-08-03T12:56:38Z</time>
    </trkpt>
    <trkpt lat="50.6367007" lon="6.4600988">
      <ele>247.6</ele>
      <time>2024-08-03T12:56:50Z</time>
    </trkpt>
    <trkpt lat="50.6367192" lon="6.4600747">
      <ele>247.8</ele>
      <time>2024-08-03T12:56:52Z</time>
    </trkpt>
    <trkpt lat="50.6367860" lon="6.4599729">
      <ele>248.0</ele>
      <time>2024-08-03T12:57:00Z</time>
    </trkpt>
    <trkpt lat="50.6368891" lon="6.4598656">
      <ele>248.2</ele>
      <time>2024-08-03T12:57:10Z</time>
    </trkpt>
    <trkpt lat="50.6369342" lon="6.4598054">
      <ele>248.6</ele>
      <time>2024-08-03T12:57:18Z</time>
    </trkpt>
    <trkpt lat="50.6370085" lon="6.4597480">
      <ele>248.6</ele>
      <time>2024-08-03T12:57:22Z</time>
    </trkpt>
    <trkpt lat="50.6372092" lon="6.4595824">
      <ele>248.6</ele>
      <time>2024-08-03T12:57:29Z</time>
    </trkpt>
    <trkpt lat="50.6375221" lon="6.4593385">
      <ele>248.6</ele>
      <time>2024-08-03T12:57:38Z</time>
    </trkpt>
    <trkpt lat="50.6376706" lon="6.4592332">
      <ele>248.8</ele>
      <time>2024-08-03T12:57:42Z</time>
    </trkpt>
    <trkpt lat="50.6377443" lon="6.4591714">
      <ele>249.0</ele>
      <time>2024-08-03T12:57:44Z</time>
    </trkpt>
    <trkpt lat="50.6378554" lon="6.4590847">
      <ele>249.2</ele>
      <time>2024-08-03T12:57:47Z</time>
    </trkpt>
    <trkpt lat="50.6379726" lon="6.4590069">
      <ele>249.6</ele>
      <time>2024-08-03T12:57:50Z</time>
    </trkpt>
    <trkpt lat="50.6380570" lon="6.4589610">
      <ele>249.8</ele>
      <time>2024-08-03T12:57:52Z</time>
    </trkpt>
    <trkpt lat="50.6382556" lon="6.4588798">
      <ele>250.2</ele>
      <time>2024-08-03T12:57:57Z</time>
    </trkpt>
    <trkpt lat="50.6383334" lon="6.4588575">
      <ele>250.4</ele>
      <time>2024-08-03T12:57:59Z</time>
    </trkpt>
    <trkpt lat="50.6384147" lon="6.4588452">
      <ele>250.4</ele>
      <time>2024-08-03T12:58:01Z</time>
    </trkpt>
    <trkpt lat="50.6385302" lon="6.4588549">
      <ele>250.6</ele>
      <time>2024-08-03T12:58:04Z</time>
    </trkpt>
    <trkpt lat="50.6385687" lon="6.4588611">
      <ele>250.8</ele>
      <time>2024-08-03T12:58:05Z</time>
    </trkpt>
    <trkpt lat="50.6388581" lon="6.4588695">
      <ele>251.8</ele>
      <time>2024-08-03T12:58:13Z</time>
    </trkpt>
    <trkpt lat="50.6391161" lon="6.4588865">
      <ele>252.6</ele>
      <time>2024-08-03T12:58:21Z</time>
    </trkpt>
    <trkpt lat="50.6391492" lon="6.4588906">
      <ele>252.8</ele>
      <time>2024-08-03T12:58:22Z</time>
    </trkpt>
    <trkpt lat="50.6393346" lon="6.4589283">
      <ele>254.0</ele>
      <time>2024-08-03T12:58:28Z</time>
    </trkpt>
    <trkpt lat="50.6395337" lon="6.4590098">
      <ele>254.8</ele>
      <time>2024-08-03T12:58:36Z</time>
    </trkpt>
    <trkpt lat="50.6395507" lon="6.4590216">
      <ele>255.0</ele>
      <time>2024-08-03T12:58:37Z</time>
    </trkpt>
    <trkpt lat="50.6395635" lon="6.4590312">
      <ele>255.2</ele>
      <time>2024-08-03T12:58:38Z</time>
    </trkpt>
    <trkpt lat="50.6395916" lon="6.4590462">
      <ele>256.0</ele>
      <time>2024-08-03T12:58:41Z</time>
    </trkpt>
    <trkpt lat="50.6395989" lon="6.4590508">
      <ele>256.2</ele>
      <time>2024-08-03T12:58:42Z</time>
    </trkpt>
    <trkpt lat="50.6396554" lon="6.4590784">
      <ele>257.0</ele>
      <time>2024-08-03T12:58:50Z</time>
    </trkpt>
    <trkpt lat="50.6396790" lon="6.4590917">
      <ele>257.0</ele>
      <time>2024-08-03T12:58:53Z</time>
    </trkpt>
    <trkpt lat="50.6397590" lon="6.4591248">
      <ele>257.4</ele>
      <time>2024-08-03T12:59:01Z</time>
    </trkpt>
    <trkpt lat="50.6397682" lon="6.4591323">
      <ele>257.6</ele>
      <time>2024-08-03T12:59:02Z</time>
    </trkpt>
    <trkpt lat="50.6398382" lon="6.4591646">
      <ele>258.0</ele>
      <time>2024-08-03T12:59:08Z</time>
    </trkpt>
    <trkpt lat="50.6398603" lon="6.4591756">
      <ele>258.2</ele>
      <time>2024-08-03T12:59:10Z</time>
    </trkpt>
    <trkpt lat="50.6399504" lon="6.4592034">
      <ele>258.6</ele>
      <time>2024-08-03T12:59:17Z</time>
    </trkpt>
    <trkpt lat="50.6400486" lon="6.4592351">
      <ele>259.2</ele>
      <time>2024-08-03T12:59:24Z</time>
    </trkpt>
    <trkpt lat="50.6401207" lon="6.4592662">
      <ele>259.8</ele>
      <time>2024-08-03T12:59:29Z</time>
    </trkpt>
    <trkpt lat="50.6401251" lon="6.4592681">
      <ele>260.0</ele>
      <time>2024-08-03T12:59:33Z</time>
    </trkpt>
    <trkpt lat="50.6401618" lon="6.4592750">
      <ele>260.8</ele>
      <time>2024-08-03T12:59:38Z</time>
    </trkpt>
    <trkpt lat="50.6402044" lon="6.4592900">
      <ele>261.0</ele>
      <time>2024-08-03T12:59:42Z</time>
    </trkpt>
    <trkpt lat="50.6402243" lon="6.4592939">
      <ele>261.2</ele>
      <time>2024-08-03T12:59:44Z</time>
    </trkpt>
    <trkpt lat="50.6403603" lon="6.4593115">
      <ele>262.0</ele>
      <time>2024-08-03T12:59:55Z</time>
    </trkpt>
    <trkpt lat="50.6403852" lon="6.4593107">
      <ele>262.2</ele>
      <time>2024-08-03T12:59:57Z</time>
    </trkpt>
    <trkpt lat="50.6404774" lon="6.4593108">
      <ele>263.2</ele>
      <time>2024-08-03T13:00:05Z</time>
    </trkpt>
    <trkpt lat="50.6404892" lon="6.4593093">
      <ele>263.2</ele>
      <time>2024-08-03T13:00:06Z</time>
    </trkpt>
    <trkpt lat="50.6405968" lon="6.4592937">
      <ele>264.2</ele>
      <time>2024-08-03T13:00:15Z</time>
    </trkpt>
    <trkpt lat="50.6406875" lon="6.4592788">
      <ele>265.0</ele>
      <time>2024-08-03T13:00:23Z</time>
    </trkpt>
    <trkpt lat="50.6407180" lon="6.4592719">
      <ele>265.2</ele>
      <time>2024-08-03T13:00:25Z</time>
    </trkpt>
    <trkpt lat="50.6408011" lon="6.4592424">
      <ele>266.2</ele>
      <time>2024-08-03T13:00:32Z</time>
    </trkpt>
    <trkpt lat="50.6408785" lon="6.4591924">
      <ele>267.2</ele>
      <time>2024-08-03T13:00:39Z</time>
    </trkpt>
    <trkpt lat="50.6409215" lon="6.4591604">
      <ele>267.4</ele>
      <time>2024-08-03T13:00:42Z</time>
    </trkpt>
    <trkpt lat="50.6410045" lon="6.4590699">
      <ele>268.2</ele>
      <time>2024-08-03T13:00:50Z</time>
    </trkpt>
    <trkpt lat="50.6410120" lon="6.4590574">
      <ele>268.4</ele>
      <time>2024-08-03T13:00:51Z</time>
    </trkpt>
    <trkpt lat="50.6410707" lon="6.4589785">
      <ele>268.8</ele>
      <time>2024-08-03T13:00:57Z</time>
    </trkpt>
    <trkpt lat="50.6411139" lon="6.4589256">
      <ele>269.4</ele>
      <time>2024-08-03T13:01:02Z</time>
    </trkpt>
    <trkpt lat="50.6411410" lon="6.4588908">
      <ele>269.8</ele>
      <time>2024-08-03T13:01:05Z</time>
    </trkpt>
    <trkpt lat="50.6411831" lon="6.4588195">
      <ele>270.4</ele>
      <time>2024-08-03T13:01:10Z</time>
    </trkpt>
    <trkpt lat="50.6412137" lon="6.4587649">
      <ele>270.6</ele>
      <time>2024-08-03T13:01:14Z</time>
    </trkpt>
    <trkpt lat="50.6412292" lon="6.4587342">
      <ele>270.8</ele>
      <time>2024-08-03T13:01:16Z</time>
    </trkpt>
    <trkpt lat="50.6412618" lon="6.4586479">
      <ele>271.4</ele>
      <time>2024-08-03T13:01:21Z</time>
    </trkpt>
    <trkpt lat="50.6412695" lon="6.4586269">
      <ele>271.4</ele>
      <time>2024-08-03T13:01:22Z</time>
    </trkpt>
    <trkpt lat="50.6412883" lon="6.4585840">
      <ele>271.6</ele>
      <time>2024-08-03T13:01:24Z</time>
    </trkpt>
    <trkpt lat="50.6413266" lon="6.4584058">
      <ele>272.4</ele>
      <time>2024-08-03T13:01:33Z</time>
    </trkpt>
    <trkpt lat="50.6413339" lon="6.4583838">
      <ele>272.6</ele>
      <time>2024-08-03T13:01:34Z</time>
    </trkpt>
    <trkpt lat="50.6413567" lon="6.4582212">
      <ele>273.0</ele>
      <time>2024-08-03T13:01:41Z</time>
    </trkpt>
    <trkpt lat="50.6413638" lon="6.4581318">
      <ele>273.6</ele>
      <time>2024-08-03T13:01:47Z</time>
    </trkpt>
    <trkpt lat="50.6413666" lon="6.4581094">
      <ele>273.6</ele>
      <time>2024-08-03T13:01:48Z</time>
    </trkpt>
    <trkpt lat="50.6413746" lon="6.4580538">
      <ele>274.2</ele>
      <time>2024-08-03T13:01:52Z</time>
    </trkpt>
    <trkpt lat="50.6413824" lon="6.4580141">
      <ele>274.6</ele>
      <time>2024-08-03T13:01:55Z</time>
    </trkpt>
    <trkpt lat="50.6413841" lon="6.4579987">
      <ele>274.8</ele>
      <time>2024-08-03T13:01:56Z</time>
    </trkpt>
    <trkpt lat="50.6414089" lon="6.4578241">
      <ele>275.4</ele>
      <time>2024-08-03T13:02:05Z</time>
    </trkpt>
    <trkpt lat="50.6414486" lon="6.4576473">
      <ele>276.0</ele>
      <time>2024-08-03T13:02:14Z</time>
    </trkpt>
    <trkpt lat="50.6414533" lon="6.4575880">
      <ele>276.2</ele>
      <time>2024-08-03T13:02:16Z</time>
    </trkpt>
    <trkpt lat="50.6414601" lon="6.4574906">
      <ele>276.4</ele>
      <time>2024-08-03T13:02:20Z</time>
    </trkpt>
    <trkpt lat="50.6414593" lon="6.4574654">
      <ele>276.6</ele>
      <time>2024-08-03T13:02:21Z</time>
    </trkpt>
    <trkpt lat="50.6414965" lon="6.4572988">
      <ele>277.4</ele>
      <time>2024-08-03T13:02:29Z</time>
    </trkpt>
    <trkpt lat="50.6415096" lon="6.4571987">
      <ele>277.6</ele>
      <time>2024-08-03T13:02:34Z</time>
    </trkpt>
    <trkpt lat="50.6415209" lon="6.4570960">
      <ele>278.0</ele>
      <time>2024-08-03T13:02:39Z</time>
    </trkpt>
    <trkpt lat="50.6415408" lon="6.4569595">
      <ele>278.4</ele>
      <time>2024-08-03T13:02:46Z</time>
    </trkpt>
    <trkpt lat="50.6415533" lon="6.4568658">
      <ele>279.2</ele>
      <time>2024-08-03T13:02:51Z</time>
    </trkpt>
    <trkpt lat="50.6415587" lon="6.4568150">
      <ele>279.6</ele>
      <time>2024-08-03T13:02:54Z</time>
    </trkpt>
    <trkpt lat="50.6415776" lon="6.4567390">
      <ele>280.0</ele>
      <time>2024-08-03T13:02:58Z</time>
    </trkpt>
    <trkpt lat="50.6415947" lon="6.4566508">
      <ele>280.6</ele>
      <time>2024-08-03T13:03:03Z</time>
    </trkpt>
    <trkpt lat="50.6416211" lon="6.4565613">
      <ele>281.2</ele>
      <time>2024-08-03T13:03:08Z</time>
    </trkpt>
    <trkpt lat="50.6416386" lon="6.4564731">
      <ele>281.8</ele>
      <time>2024-08-03T13:03:13Z</time>
    </trkpt>
    <trkpt lat="50.6416469" lon="6.4564492">
      <ele>281.8</ele>
      <time>2024-08-03T13:03:14Z</time>
    </trkpt>
    <trkpt lat="50.6416574" lon="6.4564043">
      <ele>282.0</ele>
      <time>2024-08-03T13:03:16Z</time>
    </trkpt>
    <trkpt lat="50.6416640" lon="6.4563883">
      <ele>282.0</ele>
      <time>2024-08-03T13:03:17Z</time>
    </trkpt>
    <trkpt lat="50.6416707" lon="6.4563376">
      <ele>282.4</ele>
      <time>2024-08-03T13:03:20Z</time>
    </trkpt>
    <trkpt lat="50.6416743" lon="6.4562743">
      <ele>282.8</ele>
      <time>2024-08-03T13:03:23Z</time>
    </trkpt>
    <trkpt lat="50.6416933" lon="6.4561656">
      <ele>283.2</ele>
      <time>2024-08-03T13:03:29Z</time>
    </trkpt>
    <trkpt lat="50.6417049" lon="6.4560791">
      <ele>283.6</ele>
      <time>2024-08-03T13:03:34Z</time>
    </trkpt>
    <trkpt lat="50.6417074" lon="6.4560639">
      <ele>283.6</ele>
      <time>2024-08-03T13:03:35Z</time>
    </trkpt>
    <trkpt lat="50.6417370" lon="6.4559230">
      <ele>284.6</ele>
      <time>2024-08-03T13:03:43Z</time>
    </trkpt>
    <trkpt lat="50.6417426" lon="6.4558971">
      <ele>284.6</ele>
      <time>2024-08-03T13:03:44Z</time>
    </trkpt>
    <trkpt lat="50.6417475" lon="6.4558257">
      <ele>285.0</ele>
      <time>2024-08-03T13:03:47Z</time>
    </trkpt>
    <trkpt lat="50.6417568" lon="6.4556917">
      <ele>285.8</ele>
      <time>2024-08-03T13:03:52Z</time>
    </trkpt>
    <trkpt lat="50.6417582" lon="6.4556699">
      <ele>285.8</ele>
      <time>2024-08-03T13:03:53Z</time>
    </trkpt>
    <trkpt lat="50.6417640" lon="6.4555702">
      <ele>286.6</ele>
      <time>2024-08-03T13:03:59Z</time>
    </trkpt>
    <trkpt lat="50.6417555" lon="6.4555542">
      <ele>286.8</ele>
      <time>2024-08-03T13:04:00Z</time>
    </trkpt>
    <trkpt lat="50.6417531" lon="6.4555464">
      <ele>286.8</ele>
      <time>2024-08-03T13:04:01Z</time>
    </trkpt>
    <trkpt lat="50.6417529" lon="6.4555345">
      <ele>287.0</ele>
      <time>2024-08-03T13:04:06Z</time>
    </trkpt>
    <trkpt lat="50.6417234" lon="6.4554528">
      <ele>286.8</ele>
      <time>2024-08-03T13:04:13Z</time>
    </trkpt>
    <trkpt lat="50.6416564" lon="6.4552441">
      <ele>286.4</ele>
      <time>2024-08-03T13:04:18Z</time>
    </trkpt>
    <trkpt lat="50.6415674" lon="6.4549170">
      <ele>286.6</ele>
      <time>2024-08-03T13:04:25Z</time>
    </trkpt>
    <trkpt lat="50.6414731" lon="6.4545171">
      <ele>287.6</ele>
      <time>2024-08-03T13:04:33Z</time>
    </trkpt>
    <trkpt lat="50.6414330" lon="6.4543192">
      <ele>288.8</ele>
      <time>2024-08-03T13:04:37Z</time>
    </trkpt>
    <trkpt lat="50.6413968" lon="6.4540525">
      <ele>289.4</ele>
      <time>2024-08-03T13:04:42Z</time>
    </trkpt>
    <trkpt lat="50.6413736" lon="6.4537799">
      <ele>289.8</ele>
      <time>2024-08-03T13:04:47Z</time>
    </trkpt>
    <trkpt lat="50.6413673" lon="6.4536142">
      <ele>290.0</ele>
      <time>2024-08-03T13:04:50Z</time>
    </trkpt>
    <trkpt lat="50.6413612" lon="6.4531474">
      <ele>291.0</ele>
      <time>2024-08-03T13:04:59Z</time>
    </trkpt>
    <trkpt lat="50.6413628" lon="6.4531052">
      <ele>291.2</ele>
      <time>2024-08-03T13:05:00Z</time>
    </trkpt>
    <trkpt lat="50.6413844" lon="6.4528133">
      <ele>291.8</ele>
      <time>2024-08-03T13:05:07Z</time>
    </trkpt>
    <trkpt lat="50.6414838" lon="6.4525094">
      <ele>291.6</ele>
      <time>2024-08-03T13:05:14Z</time>
    </trkpt>
    <trkpt lat="50.6416120" lon="6.4522829">
      <ele>291.4</ele>
      <time>2024-08-03T13:05:20Z</time>
    </trkpt>
    <trkpt lat="50.6417662" lon="6.4519866">
      <ele>291.4</ele>
      <time>2024-08-03T13:05:27Z</time>
    </trkpt>
    <trkpt lat="50.6418527" lon="6.4517712">
      <ele>290.8</ele>
      <time>2024-08-03T13:05:33Z</time>
    </trkpt>
    <trkpt lat="50.6418932" lon="6.4515190">
      <ele>290.6</ele>
      <time>2024-08-03T13:05:38Z</time>
    </trkpt>
    <trkpt lat="50.6418941" lon="6.4510825">
      <ele>290.0</ele>
      <time>2024-08-03T13:05:45Z</time>
    </trkpt>
    <trkpt lat="50.6418797" lon="6.4508718">
      <ele>289.8</ele>
      <time>2024-08-03T13:05:48Z</time>
    </trkpt>
    <trkpt lat="50.6418579" lon="6.4505757">
      <ele>289.0</ele>
      <time>2024-08-03T13:05:52Z</time>
    </trkpt>
    <trkpt lat="50.6418526" lon="6.4504208">
      <ele>288.8</ele>
      <time>2024-08-03T13:05:54Z</time>
    </trkpt>
    <trkpt lat="50.6418111" lon="6.4499399">
      <ele>287.8</ele>
      <time>2024-08-03T13:06:00Z</time>
    </trkpt>
    <trkpt lat="50.6418026" lon="6.4498589">
      <ele>287.4</ele>
      <time>2024-08-03T13:06:01Z</time>
    </trkpt>
    <trkpt lat="50.6418004" lon="6.4497742">
      <ele>287.2</ele>
      <time>2024-08-03T13:06:02Z</time>
    </trkpt>
    <trkpt lat="50.6417895" lon="6.4495218">
      <ele>286.8</ele>
      <time>2024-08-03T13:06:05Z</time>
    </trkpt>
    <trkpt lat="50.6417636" lon="6.4492764">
      <ele>286.4</ele>
      <time>2024-08-03T13:06:08Z</time>
    </trkpt>
    <trkpt lat="50.6416880" lon="6.4489699">
      <ele>286.0</ele>
      <time>2024-08-03T13:06:12Z</time>
    </trkpt>
    <trkpt lat="50.6416232" lon="6.4488413">
      <ele>285.6</ele>
      <time>2024-08-03T13:06:14Z</time>
    </trkpt>
    <trkpt lat="50.6415398" lon="6.4487630">
      <ele>285.4</ele>
      <time>2024-08-03T13:06:16Z</time>
    </trkpt>
    <trkpt lat="50.6414898" lon="6.4487585">
      <ele>285.4</ele>
      <time>2024-08-03T13:06:17Z</time>
    </trkpt>
    <trkpt lat="50.6414373" lon="6.4487702">
      <ele>285.2</ele>
      <time>2024-08-03T13:06:18Z</time>
    </trkpt>
    <trkpt lat="50.6412875" lon="6.4488335">
      <ele>285.0</ele>
      <time>2024-08-03T13:06:21Z</time>
    </trkpt>
    <trkpt lat="50.6411322" lon="6.4489055">
      <ele>284.2</ele>
      <time>2024-08-03T13:06:24Z</time>
    </trkpt>
    <trkpt lat="50.6410000" lon="6.4489526">
      <ele>283.4</ele>
      <time>2024-08-03T13:06:27Z</time>
    </trkpt>
    <trkpt lat="50.6409445" lon="6.4489545">
      <ele>283.0</ele>
      <time>2024-08-03T13:06:28Z</time>
    </trkpt>
    <trkpt lat="50.6408336" lon="6.4489102">
      <ele>282.2</ele>
      <time>2024-08-03T13:06:30Z</time>
    </trkpt>
    <trkpt lat="50.6407769" lon="6.4488502">
      <ele>281.8</ele>
      <time>2024-08-03T13:06:31Z</time>
    </trkpt>
    <trkpt lat="50.6406698" lon="6.4486913">
      <ele>281.0</ele>
      <time>2024-08-03T13:06:33Z</time>
    </trkpt>
    <trkpt lat="50.6406288" lon="6.4486056">
      <ele>280.8</ele>
      <time>2024-08-03T13:06:34Z</time>
    </trkpt>
    <trkpt lat="50.6405156" lon="6.4483267">
      <ele>279.8</ele>
      <time>2024-08-03T13:06:37Z</time>
    </trkpt>
    <trkpt lat="50.6404851" lon="6.4482179">
      <ele>279.6</ele>
      <time>2024-08-03T13:06:38Z</time>
    </trkpt>
    <trkpt lat="50.6404152" lon="6.4479996">
      <ele>279.0</ele>
      <time>2024-08-03T13:06:40Z</time>
    </trkpt>
    <trkpt lat="50.6403517" lon="6.4477476">
      <ele>278.6</ele>
      <time>2024-08-03T13:06:42Z</time>
    </trkpt>
    <trkpt lat="50.6402844" lon="6.4475271">
      <ele>277.4</ele>
      <time>2024-08-03T13:06:44Z</time>
    </trkpt>
    <trkpt lat="50.6401821" lon="6.4471719">
      <ele>276.2</ele>
      <time>2024-08-03T13:06:47Z</time>
    </trkpt>
    <trkpt lat="50.6401528" lon="6.4470386">
      <ele>276.0</ele>
      <time>2024-08-03T13:06:48Z</time>
    </trkpt>
    <trkpt lat="50.6400923" lon="6.4468221">
      <ele>275.2</ele>
      <time>2024-08-03T13:06:50Z</time>
    </trkpt>
    <trkpt lat="50.6400080" lon="6.4465260">
      <ele>273.8</ele>
      <time>2024-08-03T13:06:53Z</time>
    </trkpt>
    <trkpt lat="50.6399862" lon="6.4464143">
      <ele>273.4</ele>
      <time>2024-08-03T13:06:54Z</time>
    </trkpt>
    <trkpt lat="50.6399281" lon="6.4461157">
      <ele>272.6</ele>
      <time>2024-08-03T13:06:57Z</time>
    </trkpt>
    <trkpt lat="50.6399125" lon="6.4459385">
      <ele>272.2</ele>
      <time>2024-08-03T13:06:59Z</time>
    </trkpt>
    <trkpt lat="50.6399169" lon="6.4457838">
      <ele>272.2</ele>
      <time>2024-08-03T13:07:01Z</time>
    </trkpt>
    <trkpt lat="50.6399371" lon="6.4455586">
      <ele>272.4</ele>
      <time>2024-08-03T13:07:04Z</time>
    </trkpt>
    <trkpt lat="50.6399935" lon="6.4450986">
      <ele>273.2</ele>
      <time>2024-08-03T13:07:10Z</time>
    </trkpt>
    <trkpt lat="50.6399980" lon="6.4450215">
      <ele>273.8</ele>
      <time>2024-08-03T13:07:11Z</time>
    </trkpt>
    <trkpt lat="50.6400015" lon="6.4449441">
      <ele>274.2</ele>
      <time>2024-08-03T13:07:12Z</time>
    </trkpt>
    <trkpt lat="50.6399982" lon="6.4445566">
      <ele>274.8</ele>
      <time>2024-08-03T13:07:17Z</time>
    </trkpt>
    <trkpt lat="50.6399787" lon="6.4443371">
      <ele>275.0</ele>
      <time>2024-08-03T13:07:20Z</time>
    </trkpt>
    <trkpt lat="50.6398694" lon="6.4436298">
      <ele>276.0</ele>
      <time>2024-08-03T13:07:30Z</time>
    </trkpt>
    <trkpt lat="50.6397900" lon="6.4429855">
      <ele>276.2</ele>
      <time>2024-08-03T13:07:39Z</time>
    </trkpt>
    <trkpt lat="50.6397464" lon="6.4425572">
      <ele>275.8</ele>
      <time>2024-08-03T13:07:45Z</time>
    </trkpt>
    <trkpt lat="50.6396957" lon="6.4421249">
      <ele>275.6</ele>
      <time>2024-08-03T13:07:51Z</time>
    </trkpt>
    <trkpt lat="50.6395831" lon="6.4417158">
      <ele>275.2</ele>
      <time>2024-08-03T13:07:57Z</time>
    </trkpt>
    <trkpt lat="50.6394578" lon="6.4415012">
      <ele>274.6</ele>
      <time>2024-08-03T13:08:01Z</time>
    </trkpt>
    <trkpt lat="50.6393826" lon="6.4414174">
      <ele>274.6</ele>
      <time>2024-08-03T13:08:03Z</time>
    </trkpt>
    <trkpt lat="50.6392563" lon="6.4413244">
      <ele>274.4</ele>
      <time>2024-08-03T13:08:06Z</time>
    </trkpt>
    <trkpt lat="50.6391163" lon="6.4412791">
      <ele>274.4</ele>
      <time>2024-08-03T13:08:09Z</time>
    </trkpt>
    <trkpt lat="50.6389176" lon="6.4412776">
      <ele>274.6</ele>
      <time>2024-08-03T13:08:13Z</time>
    </trkpt>
    <trkpt lat="50.6388164" lon="6.4413006">
      <ele>274.8</ele>
      <time>2024-08-03T13:08:15Z</time>
    </trkpt>
    <trkpt lat="50.6383407" lon="6.4414197">
      <ele>275.4</ele>
      <time>2024-08-03T13:08:25Z</time>
    </trkpt>
    <trkpt lat="50.6383079" lon="6.4414229">
      <ele>275.6</ele>
      <time>2024-08-03T13:08:28Z</time>
    </trkpt>
    <trkpt lat="50.6382886" lon="6.4414182">
      <ele>275.6</ele>
      <time>2024-08-03T13:08:34Z</time>
    </trkpt>
    <trkpt lat="50.6382611" lon="6.4414223">
      <ele>275.6</ele>
      <time>2024-08-03T13:08:41Z</time>
    </trkpt>
    <trkpt lat="50.6382611" lon="6.4414223">
      <ele>276.0</ele>
      <time>2024-08-03T13:08:51Z</time>
    </trkpt>
    <trkpt lat="50.6381945" lon="6.4414434">
      <ele>276.4</ele>
      <time>2024-08-03T13:10:30Z</time>
    </trkpt>
    <trkpt lat="50.6380193" lon="6.4414802">
      <ele>276.0</ele>
      <time>2024-08-03T13:10:35Z</time>
    </trkpt>
    <trkpt lat="50.6378028" lon="6.4415295">
      <ele>276.0</ele>
      <time>2024-08-03T13:10:40Z</time>
    </trkpt>
    <trkpt lat="50.6377133" lon="6.4415524">
      <ele>276.0</ele>
      <time>2024-08-03T13:10:42Z</time>
    </trkpt>
    <trkpt lat="50.6371465" lon="6.4416951">
      <ele>275.6</ele>
      <time>2024-08-03T13:10:54Z</time>
    </trkpt>
    <trkpt lat="50.6366936" lon="6.4418046">
      <ele>275.2</ele>
      <time>2024-08-03T13:11:03Z</time>
    </trkpt>
    <trkpt lat="50.6361845" lon="6.4419223">
      <ele>275.4</ele>
      <time>2024-08-03T13:11:13Z</time>
    </trkpt>
    <trkpt lat="50.6356384" lon="6.4420926">
      <ele>275.8</ele>
      <time>2024-08-03T13:11:24Z</time>
    </trkpt>
    <trkpt lat="50.6351039" lon="6.4423410">
      <ele>276.0</ele>
      <time>2024-08-03T13:11:35Z</time>
    </trkpt>
    <trkpt lat="50.6350175" lon="6.4423854">
      <ele>275.8</ele>
      <time>2024-08-03T13:11:37Z</time>
    </trkpt>
    <trkpt lat="50.6347840" lon="6.4425054">
      <ele>276.6</ele>
      <time>2024-08-03T13:11:43Z</time>
    </trkpt>
    <trkpt lat="50.6347506" lon="6.4425239">
      <ele>276.8</ele>
      <time>2024-08-03T13:11:44Z</time>
    </trkpt>
    <trkpt lat="50.6345679" lon="6.4426328">
      <ele>277.4</ele>
      <time>2024-08-03T13:11:50Z</time>
    </trkpt>
    <trkpt lat="50.6344643" lon="6.4427077">
      <ele>277.8</ele>
      <time>2024-08-03T13:11:54Z</time>
    </trkpt>
    <trkpt lat="50.6343837" lon="6.4427648">
      <ele>278.2</ele>
      <time>2024-08-03T13:11:57Z</time>
    </trkpt>
    <trkpt lat="50.6342964" lon="6.4428545">
      <ele>278.8</ele>
      <time>2024-08-03T13:12:01Z</time>
    </trkpt>
    <trkpt lat="50.6342530" lon="6.4428940">
      <ele>279.2</ele>
      <time>2024-08-03T13:12:03Z</time>
    </trkpt>
    <trkpt lat="50.6341617" lon="6.4430179">
      <ele>280.0</ele>
      <time>2024-08-03T13:12:08Z</time>
    </trkpt>
    <trkpt lat="50.6341438" lon="6.4430393">
      <ele>280.0</ele>
      <time>2024-08-03T13:12:09Z</time>
    </trkpt>
    <trkpt lat="50.6340872" lon="6.4431038">
      <ele>280.6</ele>
      <time>2024-08-03T13:12:13Z</time>
    </trkpt>
    <trkpt lat="50.6340763" lon="6.4431023">
      <ele>280.6</ele>
      <time>2024-08-03T13:12:14Z</time>
    </trkpt>
    <trkpt lat="50.6340291" lon="6.4431104">
      <ele>281.0</ele>
      <time>2024-08-03T13:12:17Z</time>
    </trkpt>
    <trkpt lat="50.6340087" lon="6.4431261">
      <ele>281.0</ele>
      <time>2024-08-03T13:12:18Z</time>
    </trkpt>
    <trkpt lat="50.6339686" lon="6.4431656">
      <ele>281.2</ele>
      <time>2024-08-03T13:12:20Z</time>
    </trkpt>
    <trkpt lat="50.6339103" lon="6.4432587">
      <ele>281.6</ele>
      <time>2024-08-03T13:12:24Z</time>
    </trkpt>
    <trkpt lat="50.6339104" lon="6.4433219">
      <ele>281.6</ele>
      <time>2024-08-03T13:12:26Z</time>
    </trkpt>
    <trkpt lat="50.6338644" lon="6.4435177">
      <ele>281.6</ele>
      <time>2024-08-03T13:12:31Z</time>
    </trkpt>
    <trkpt lat="50.6338295" lon="6.4435670">
      <ele>282.0</ele>
      <time>2024-08-03T13:12:33Z</time>
    </trkpt>
    <trkpt lat="50.6337422" lon="6.4437234">
      <ele>283.0</ele>
      <time>2024-08-03T13:12:39Z</time>
    </trkpt>
    <trkpt lat="50.6337114" lon="6.4437770">
      <ele>283.2</ele>
      <time>2024-08-03T13:12:41Z</time>
    </trkpt>
    <trkpt lat="50.6336514" lon="6.4439153">
      <ele>283.8</ele>
      <time>2024-08-03T13:12:46Z</time>
    </trkpt>
    <trkpt lat="50.6335510" lon="6.4440552">
      <ele>284.2</ele>
      <time>2024-08-03T13:12:51Z</time>
    </trkpt>
    <trkpt lat="50.6334629" lon="6.4441577">
      <ele>284.6</ele>
      <time>2024-08-03T13:12:55Z</time>
    </trkpt>
    <trkpt lat="50.6333376" lon="6.4442605">
      <ele>285.2</ele>
      <time>2024-08-03T13:13:01Z</time>
    </trkpt>
    <trkpt lat="50.6332963" lon="6.4442881">
      <ele>285.4</ele>
      <time>2024-08-03T13:13:03Z</time>
    </trkpt>
    <trkpt lat="50.6332024" lon="6.4443469">
      <ele>286.0</ele>
      <time>2024-08-03T13:13:07Z</time>
    </trkpt>
    <trkpt lat="50.6330869" lon="6.4444050">
      <ele>286.6</ele>
      <time>2024-08-03T13:13:12Z</time>
    </trkpt>
    <trkpt lat="50.6329308" lon="6.4444807">
      <ele>287.4</ele>
      <time>2024-08-03T13:13:18Z</time>
    </trkpt>
    <trkpt lat="50.6329056" lon="6.4444862">
      <ele>287.6</ele>
      <time>2024-08-03T13:13:19Z</time>
    </trkpt>
    <trkpt lat="50.6327408" lon="6.4445186">
      <ele>288.4</ele>
      <time>2024-08-03T13:13:26Z</time>
    </trkpt>
    <trkpt lat="50.6326659" lon="6.4445194">
      <ele>288.8</ele>
      <time>2024-08-03T13:13:29Z</time>
    </trkpt>
    <trkpt lat="50.6325573" lon="6.4445107">
      <ele>289.6</ele>
      <time>2024-08-03T13:13:34Z</time>
    </trkpt>
    <trkpt lat="50.6325175" lon="6.4445039">
      <ele>290.0</ele>
      <time>2024-08-03T13:13:36Z</time>
    </trkpt>
    <trkpt lat="50.6323982" lon="6.4444678">
      <ele>290.6</ele>
      <time>2024-08-03T13:13:42Z</time>
    </trkpt>
    <trkpt lat="50.6323848" lon="6.4444448">
      <ele>290.6</ele>
      <time>2024-08-03T13:13:43Z</time>
    </trkpt>
    <trkpt lat="50.6323676" lon="6.4443571">
      <ele>291.0</ele>
      <time>2024-08-03T13:13:47Z</time>
    </trkpt>
    <trkpt lat="50.6323619" lon="6.4443408">
      <ele>291.0</ele>
      <time>2024-08-03T13:13:48Z</time>
    </trkpt>
    <trkpt lat="50.6323535" lon="6.4442455">
      <ele>291.4</ele>
      <time>2024-08-03T13:13:52Z</time>
    </trkpt>
    <trkpt lat="50.6323489" lon="6.4441116">
      <ele>291.4</ele>
      <time>2024-08-03T13:13:57Z</time>
    </trkpt>
    <trkpt lat="50.6323196" lon="6.4440605">
      <ele>291.4</ele>
      <time>2024-08-03T13:13:59Z</time>
    </trkpt>
    <trkpt lat="50.6321643" lon="6.4439695">
      <ele>290.8</ele>
      <time>2024-08-03T13:14:07Z</time>
    </trkpt>
    <trkpt lat="50.6319346" lon="6.4438340">
      <ele>291.0</ele>
      <time>2024-08-03T13:14:17Z</time>
    </trkpt>
    <trkpt lat="50.6318155" lon="6.4437266">
      <ele>291.4</ele>
      <time>2024-08-03T13:14:23Z</time>
    </trkpt>
    <trkpt lat="50.6316954" lon="6.4435824">
      <ele>291.4</ele>
      <time>2024-08-03T13:14:31Z</time>
    </trkpt>
    <trkpt lat="50.6316567" lon="6.4435496">
      <ele>291.6</ele>
      <time>2024-08-03T13:14:34Z</time>
    </trkpt>
    <trkpt lat="50.6316378" lon="6.4435534">
      <ele>291.6</ele>
      <time>2024-08-03T13:14:35Z</time>
    </trkpt>
    <trkpt lat="50.6315163" lon="6.4434590">
      <ele>291.4</ele>
      <time>2024-08-03T13:14:42Z</time>
    </trkpt>
    <trkpt lat="50.6314055" lon="6.4433471">
      <ele>291.2</ele>
      <time>2024-08-03T13:14:46Z</time>
    </trkpt>
    <trkpt lat="50.6311970" lon="6.4431163">
      <ele>290.0</ele>
      <time>2024-08-03T13:14:53Z</time>
    </trkpt>
    <trkpt lat="50.6310428" lon="6.4429691">
      <ele>289.0</ele>
      <time>2024-08-03T13:14:58Z</time>
    </trkpt>
    <trkpt lat="50.6309850" lon="6.4429025">
      <ele>288.4</ele>
      <time>2024-08-03T13:15:00Z</time>
    </trkpt>
    <trkpt lat="50.6308922" lon="6.4428055">
      <ele>287.6</ele>
      <time>2024-08-03T13:15:03Z</time>
    </trkpt>
    <trkpt lat="50.6307695" lon="6.4426826">
      <ele>286.8</ele>
      <time>2024-08-03T13:15:07Z</time>
    </trkpt>
    <trkpt lat="50.6307358" lon="6.4426545">
      <ele>286.4</ele>
      <time>2024-08-03T13:15:08Z</time>
    </trkpt>
    <trkpt lat="50.6306031" lon="6.4425365">
      <ele>285.4</ele>
      <time>2024-08-03T13:15:12Z</time>
    </trkpt>
    <trkpt lat="50.6305099" lon="6.4424601">
      <ele>284.8</ele>
      <time>2024-08-03T13:15:15Z</time>
    </trkpt>
    <trkpt lat="50.6304046" lon="6.4423651">
      <ele>284.2</ele>
      <time>2024-08-03T13:15:18Z</time>
    </trkpt>
    <trkpt lat="50.6303284" lon="6.4423003">
      <ele>283.8</ele>
      <time>2024-08-03T13:15:20Z</time>
    </trkpt>
    <trkpt lat="50.6301356" lon="6.4421276">
      <ele>282.8</ele>
      <time>2024-08-03T13:15:25Z</time>
    </trkpt>
    <trkpt lat="50.6300680" lon="6.4420420">
      <ele>282.2</ele>
      <time>2024-08-03T13:15:27Z</time>
    </trkpt>
    <trkpt lat="50.6299978" lon="6.4419548">
      <ele>281.6</ele>
      <time>2024-08-03T13:15:29Z</time>
    </trkpt>
    <trkpt lat="50.6298913" lon="6.4417983">
      <ele>280.2</ele>
      <time>2024-08-03T13:15:32Z</time>
    </trkpt>
    <trkpt lat="50.6298486" lon="6.4416430">
      <ele>279.8</ele>
      <time>2024-08-03T13:15:34Z</time>
    </trkpt>
    <trkpt lat="50.6298291" lon="6.4414938">
      <ele>279.2</ele>
      <time>2024-08-03T13:15:36Z</time>
    </trkpt>
    <trkpt lat="50.6298243" lon="6.4414244">
      <ele>279.0</ele>
      <time>2024-08-03T13:15:37Z</time>
    </trkpt>
    <trkpt lat="50.6298246" lon="6.4413601">
      <ele>278.8</ele>
      <time>2024-08-03T13:15:38Z</time>
    </trkpt>
    <trkpt lat="50.6298331" lon="6.4412893">
      <ele>278.8</ele>
      <time>2024-08-03T13:15:39Z</time>
    </trkpt>
    <trkpt lat="50.6298471" lon="6.4412261">
      <ele>278.8</ele>
      <time>2024-08-03T13:15:40Z</time>
    </trkpt>
    <trkpt lat="50.6299030" lon="6.4410620">
      <ele>278.8</ele>
      <time>2024-08-03T13:15:43Z</time>
    </trkpt>
    <trkpt lat="50.6300840" lon="6.4408495">
      <ele>279.0</ele>
      <time>2024-08-03T13:15:49Z</time>
    </trkpt>
    <trkpt lat="50.6302375" lon="6.4408544">
      <ele>279.0</ele>
      <time>2024-08-03T13:15:54Z</time>
    </trkpt>
    <trkpt lat="50.6303389" lon="6.4408947">
      <ele>279.2</ele>
      <time>2024-08-03T13:15:59Z</time>
    </trkpt>
    <trkpt lat="50.6304349" lon="6.4409370">
      <ele>279.2</ele>
      <time>2024-08-03T13:16:02Z</time>
    </trkpt>
    <trkpt lat="50.6305004" lon="6.4409677">
      <ele>279.0</ele>
      <time>2024-08-03T13:16:05Z</time>
    </trkpt>
    <trkpt lat="50.6305543" lon="6.4409910">
      <ele>279.0</ele>
      <time>2024-08-03T13:16:07Z</time>
    </trkpt>
    <trkpt lat="50.6306077" lon="6.4410183">
      <ele>279.0</ele>
      <time>2024-08-03T13:16:09Z</time>
    </trkpt>
    <trkpt lat="50.6307141" lon="6.4410742">
      <ele>279.0</ele>
      <time>2024-08-03T13:16:13Z</time>
    </trkpt>
    <trkpt lat="50.6309563" lon="6.4411669">
      <ele>279.2</ele>
      <time>2024-08-03T13:16:19Z</time>
    </trkpt>
    <trkpt lat="50.6309726" lon="6.4411753">
      <ele>279.4</ele>
      <time>2024-08-03T13:16:21Z</time>
    </trkpt>
    <trkpt lat="50.6309879" lon="6.4411809">
      <ele>279.4</ele>
      <time>2024-08-03T13:16:22Z</time>
    </trkpt>
    <trkpt lat="50.6310396" lon="6.4411890">
      <ele>279.6</ele>
      <time>2024-08-03T13:16:24Z</time>
    </trkpt>
    <trkpt lat="50.6311521" lon="6.4412309">
      <ele>279.4</ele>
      <time>2024-08-03T13:16:27Z</time>
    </trkpt>
    <trkpt lat="50.6312210" lon="6.4412544">
      <ele>279.8</ele>
      <time>2024-08-03T13:16:30Z</time>
    </trkpt>
    <trkpt lat="50.6312452" lon="6.4412547">
      <ele>279.8</ele>
      <time>2024-08-03T13:16:31Z</time>
    </trkpt>
    <trkpt lat="50.6312802" lon="6.4412572">
      <ele>279.8</ele>
      <time>2024-08-03T13:16:32Z</time>
    </trkpt>
    <trkpt lat="50.6314008" lon="6.4412486">
      <ele>280.0</ele>
      <time>2024-08-03T13:16:35Z</time>
    </trkpt>
    <trkpt lat="50.6314904" lon="6.4412343">
      <ele>280.2</ele>
      <time>2024-08-03T13:16:37Z</time>
    </trkpt>
    <trkpt lat="50.6315634" lon="6.4412281">
      <ele>280.2</ele>
      <time>2024-08-03T13:16:39Z</time>
    </trkpt>
    <trkpt lat="50.6316134" lon="6.4412138">
      <ele>280.2</ele>
      <time>2024-08-03T13:16:40Z</time>
    </trkpt>
    <trkpt lat="50.6316955" lon="6.4411783">
      <ele>280.2</ele>
      <time>2024-08-03T13:16:42Z</time>
    </trkpt>
    <trkpt lat="50.6317909" lon="6.4411205">
      <ele>280.2</ele>
      <time>2024-08-03T13:16:45Z</time>
    </trkpt>
    <trkpt lat="50.6318238" lon="6.4410759">
      <ele>280.4</ele>
      <time>2024-08-03T13:16:47Z</time>
    </trkpt>
    <trkpt lat="50.6318469" lon="6.4410317">
      <ele>280.4</ele>
      <time>2024-08-03T13:16:49Z</time>
    </trkpt>
    <trkpt lat="50.6320416" lon="6.4409204">
      <ele>280.6</ele>
      <time>2024-08-03T13:16:53Z</time>
    </trkpt>
    <trkpt lat="50.6321075" lon="6.4408108">
      <ele>280.8</ele>
      <time>2024-08-03T13:16:56Z</time>
    </trkpt>
    <trkpt lat="50.6321358" lon="6.4407434">
      <ele>281.0</ele>
      <time>2024-08-03T13:16:58Z</time>
    </trkpt>
    <trkpt lat="50.6321609" lon="6.4406954">
      <ele>281.0</ele>
      <time>2024-08-03T13:16:59Z</time>
    </trkpt>
    <trkpt lat="50.6322063" lon="6.4406339">
      <ele>281.2</ele>
      <time>2024-08-03T13:17:01Z</time>
    </trkpt>
    <trkpt lat="50.6322121" lon="6.4406220">
      <ele>281.2</ele>
      <time>2024-08-03T13:17:02Z</time>
    </trkpt>
    <trkpt lat="50.6322148" lon="6.4406154">
      <ele>281.4</ele>
      <time>2024-08-03T13:17:03Z</time>
    </trkpt>
    <trkpt lat="50.6322392" lon="6.4405698">
      <ele>281.4</ele>
      <time>2024-08-03T13:17:05Z</time>
    </trkpt>
    <trkpt lat="50.6323043" lon="6.4404524">
      <ele>281.4</ele>
      <time>2024-08-03T13:17:09Z</time>
    </trkpt>
    <trkpt lat="50.6323367" lon="6.4404213">
      <ele>281.6</ele>
      <time>2024-08-03T13:17:10Z</time>
    </trkpt>
    <trkpt lat="50.6324425" lon="6.4403200">
      <ele>281.6</ele>
      <time>2024-08-03T13:17:14Z</time>
    </trkpt>
    <trkpt lat="50.6324608" lon="6.4402944">
      <ele>281.8</ele>
      <time>2024-08-03T13:17:15Z</time>
    </trkpt>
    <trkpt lat="50.6324797" lon="6.4402780">
      <ele>281.8</ele>
      <time>2024-08-03T13:17:16Z</time>
    </trkpt>
    <trkpt lat="50.6325129" lon="6.4402547">
      <ele>282.2</ele>
      <time>2024-08-03T13:17:19Z</time>
    </trkpt>
    <trkpt lat="50.6326967" lon="6.4401228">
      <ele>282.2</ele>
      <time>2024-08-03T13:17:25Z</time>
    </trkpt>
    <trkpt lat="50.6327470" lon="6.4400772">
      <ele>282.4</ele>
      <time>2024-08-03T13:17:27Z</time>
    </trkpt>
    <trkpt lat="50.6328647" lon="6.4399833">
      <ele>282.6</ele>
      <time>2024-08-03T13:17:30Z</time>
    </trkpt>
    <trkpt lat="50.6330478" lon="6.4398831">
      <ele>282.8</ele>
      <time>2024-08-03T13:17:35Z</time>
    </trkpt>
    <trkpt lat="50.6332699" lon="6.4397745">
      <ele>283.4</ele>
      <time>2024-08-03T13:17:41Z</time>
    </trkpt>
    <trkpt lat="50.6333156" lon="6.4397466">
      <ele>283.6</ele>
      <time>2024-08-03T13:17:42Z</time>
    </trkpt>
    <trkpt lat="50.6334847" lon="6.4396264">
      <ele>283.6</ele>
      <time>2024-08-03T13:17:48Z</time>
    </trkpt>
    <trkpt lat="50.6336003" lon="6.4395140">
      <ele>283.6</ele>
      <time>2024-08-03T13:17:53Z</time>
    </trkpt>
    <trkpt lat="50.6336313" lon="6.4394543">
      <ele>283.6</ele>
      <time>2024-08-03T13:17:55Z</time>
    </trkpt>
    <trkpt lat="50.6336818" lon="6.4393350">
      <ele>283.6</ele>
      <time>2024-08-03T13:17:59Z</time>
    </trkpt>
    <trkpt lat="50.6337577" lon="6.4391410">
      <ele>284.2</ele>
      <time>2024-08-03T13:18:05Z</time>
    </trkpt>
    <trkpt lat="50.6337708" lon="6.4391125">
      <ele>284.2</ele>
      <time>2024-08-03T13:18:06Z</time>
    </trkpt>
    <trkpt lat="50.6337804" lon="6.4390696">
      <ele>284.2</ele>
      <time>2024-08-03T13:18:08Z</time>
    </trkpt>
    <trkpt lat="50.6337859" lon="6.4390214">
      <ele>284.4</ele>
      <time>2024-08-03T13:18:10Z</time>
    </trkpt>
    <trkpt lat="50.6338085" lon="6.4389919">
      <ele>284.4</ele>
      <time>2024-08-03T13:18:11Z</time>
    </trkpt>
    <trkpt lat="50.6338870" lon="6.4389010">
      <ele>284.6</ele>
      <time>2024-08-03T13:18:14Z</time>
    </trkpt>
    <trkpt lat="50.6339426" lon="6.4388635">
      <ele>284.8</ele>
      <time>2024-08-03T13:18:16Z</time>
    </trkpt>
    <trkpt lat="50.6341634" lon="6.4387256">
      <ele>285.0</ele>
      <time>2024-08-03T13:18:23Z</time>
    </trkpt>
    <trkpt lat="50.6343488" lon="6.4386476">
      <ele>285.2</ele>
      <time>2024-08-03T13:18:29Z</time>
    </trkpt>
    <trkpt lat="50.6344471" lon="6.4386080">
      <ele>285.6</ele>
      <time>2024-08-03T13:18:32Z</time>
    </trkpt>
    <trkpt lat="50.6345135" lon="6.4385701">
      <ele>285.6</ele>
      <time>2024-08-03T13:18:34Z</time>
    </trkpt>
    <trkpt lat="50.6346987" lon="6.4384223">
      <ele>285.8</ele>
      <time>2024-08-03T13:18:40Z</time>
    </trkpt>
    <trkpt lat="50.6347793" lon="6.4381559">
      <ele>285.8</ele>
      <time>2024-08-03T13:18:46Z</time>
    </trkpt>
    <trkpt lat="50.6347774" lon="6.4377917">
      <ele>285.8</ele>
      <time>2024-08-03T13:18:53Z</time>
    </trkpt>
    <trkpt lat="50.6347747" lon="6.4375293">
      <ele>285.6</ele>
      <time>2024-08-03T13:18:59Z</time>
    </trkpt>
    <trkpt lat="50.6347792" lon="6.4373219">
      <ele>285.6</ele>
      <time>2024-08-03T13:19:03Z</time>
    </trkpt>
    <trkpt lat="50.6347783" lon="6.4370048">
      <ele>285.6</ele>
      <time>2024-08-03T13:19:10Z</time>
    </trkpt>
    <trkpt lat="50.6347730" lon="6.4369065">
      <ele>285.8</ele>
      <time>2024-08-03T13:19:12Z</time>
    </trkpt>
    <trkpt lat="50.6347458" lon="6.4367613">
      <ele>286.0</ele>
      <time>2024-08-03T13:19:15Z</time>
    </trkpt>
    <trkpt lat="50.6347296" lon="6.4366701">
      <ele>286.2</ele>
      <time>2024-08-03T13:19:17Z</time>
    </trkpt>
    <trkpt lat="50.6346974" lon="6.4364901">
      <ele>286.2</ele>
      <time>2024-08-03T13:19:21Z</time>
    </trkpt>
    <trkpt lat="50.6346809" lon="6.4363202">
      <ele>286.4</ele>
      <time>2024-08-03T13:19:26Z</time>
    </trkpt>
    <trkpt lat="50.6346738" lon="6.4362434">
      <ele>286.6</ele>
      <time>2024-08-03T13:19:28Z</time>
    </trkpt>
    <trkpt lat="50.6346754" lon="6.4361634">
      <ele>286.6</ele>
      <time>2024-08-03T13:19:30Z</time>
    </trkpt>
    <trkpt lat="50.6347166" lon="6.4359721">
      <ele>286.6</ele>
      <time>2024-08-03T13:19:34Z</time>
    </trkpt>
    <trkpt lat="50.6347258" lon="6.4359162">
      <ele>286.6</ele>
      <time>2024-08-03T13:19:35Z</time>
    </trkpt>
    <trkpt lat="50.6348399" lon="6.4355538">
      <ele>287.0</ele>
      <time>2024-08-03T13:19:43Z</time>
    </trkpt>
    <trkpt lat="50.6349266" lon="6.4353064">
      <ele>286.8</ele>
      <time>2024-08-03T13:19:49Z</time>
    </trkpt>
    <trkpt lat="50.6350075" lon="6.4349061">
      <ele>286.8</ele>
      <time>2024-08-03T13:19:57Z</time>
    </trkpt>
    <trkpt lat="50.6349580" lon="6.4345614">
      <ele>286.8</ele>
      <time>2024-08-03T13:20:04Z</time>
    </trkpt>
    <trkpt lat="50.6349103" lon="6.4344393">
      <ele>287.0</ele>
      <time>2024-08-03T13:20:07Z</time>
    </trkpt>
    <trkpt lat="50.6348669" lon="6.4343809">
      <ele>287.2</ele>
      <time>2024-08-03T13:20:09Z</time>
    </trkpt>
    <trkpt lat="50.6348129" lon="6.4343401">
      <ele>287.4</ele>
      <time>2024-08-03T13:20:11Z</time>
    </trkpt>
    <trkpt lat="50.6346621" lon="6.4343463">
      <ele>287.4</ele>
      <time>2024-08-03T13:20:16Z</time>
    </trkpt>
    <trkpt lat="50.6345111" lon="6.4343277">
      <ele>287.4</ele>
      <time>2024-08-03T13:20:21Z</time>
    </trkpt>
    <trkpt lat="50.6344778" lon="6.4343069">
      <ele>287.4</ele>
      <time>2024-08-03T13:20:22Z</time>
    </trkpt>
    <trkpt lat="50.6344331" lon="6.4342272">
      <ele>287.2</ele>
      <time>2024-08-03T13:20:24Z</time>
    </trkpt>
    <trkpt lat="50.6344042" lon="6.4340702">
      <ele>287.2</ele>
      <time>2024-08-03T13:20:27Z</time>
    </trkpt>
    <trkpt lat="50.6344075" lon="6.4340133">
      <ele>287.2</ele>
      <time>2024-08-03T13:20:28Z</time>
    </trkpt>
    <trkpt lat="50.6344581" lon="6.4337817">
      <ele>287.4</ele>
      <time>2024-08-03T13:20:32Z</time>
    </trkpt>
    <trkpt lat="50.6344761" lon="6.4337307">
      <ele>287.4</ele>
      <time>2024-08-03T13:20:33Z</time>
    </trkpt>
    <trkpt lat="50.6345275" lon="6.4334726">
      <ele>287.4</ele>
      <time>2024-08-03T13:20:38Z</time>
    </trkpt>
    <trkpt lat="50.6345774" lon="6.4330945">
      <ele>287.6</ele>
      <time>2024-08-03T13:20:45Z</time>
    </trkpt>
    <trkpt lat="50.6346090" lon="6.4326990">
      <ele>287.2</ele>
      <time>2024-08-03T13:20:52Z</time>
    </trkpt>
    <trkpt lat="50.6346324" lon="6.4323280">
      <ele>287.2</ele>
      <time>2024-08-03T13:20:58Z</time>
    </trkpt>
    <trkpt lat="50.6346854" lon="6.4318441">
      <ele>287.2</ele>
      <time>2024-08-03T13:21:07Z</time>
    </trkpt>
    <trkpt lat="50.6347378" lon="6.4314232">
      <ele>287.0</ele>
      <time>2024-08-03T13:21:15Z</time>
    </trkpt>
    <trkpt lat="50.6347814" lon="6.4309860">
      <ele>287.2</ele>
      <time>2024-08-03T13:21:23Z</time>
    </trkpt>
    <trkpt lat="50.6348201" lon="6.4306839">
      <ele>287.2</ele>
      <time>2024-08-03T13:21:29Z</time>
    </trkpt>
    <trkpt lat="50.6348652" lon="6.4303014">
      <ele>287.4</ele>
      <time>2024-08-03T13:21:36Z</time>
    </trkpt>
    <trkpt lat="50.6349771" lon="6.4299153">
      <ele>287.4</ele>
      <time>2024-08-03T13:21:43Z</time>
    </trkpt>
    <trkpt lat="50.6350597" lon="6.4295929">
      <ele>287.6</ele>
      <time>2024-08-03T13:21:49Z</time>
    </trkpt>
    <trkpt lat="50.6351554" lon="6.4291241">
      <ele>287.0</ele>
      <time>2024-08-03T13:21:57Z</time>
    </trkpt>
    <trkpt lat="50.6351686" lon="6.4290776">
      <ele>287.0</ele>
      <time>2024-08-03T13:21:58Z</time>
    </trkpt>
    <trkpt lat="50.6352398" lon="6.4289135">
      <ele>287.0</ele>
      <time>2024-08-03T13:22:02Z</time>
    </trkpt>
    <trkpt lat="50.6353330" lon="6.4287570">
      <ele>287.2</ele>
      <time>2024-08-03T13:22:06Z</time>
    </trkpt>
    <trkpt lat="50.6354399" lon="6.4285300">
      <ele>287.4</ele>
      <time>2024-08-03T13:22:11Z</time>
    </trkpt>
    <trkpt lat="50.6355435" lon="6.4282589">
      <ele>287.4</ele>
      <time>2024-08-03T13:22:17Z</time>
    </trkpt>
    <trkpt lat="50.6356386" lon="6.4279166">
      <ele>287.6</ele>
      <time>2024-08-03T13:22:23Z</time>
    </trkpt>
    <trkpt lat="50.6357271" lon="6.4275372">
      <ele>287.6</ele>
      <time>2024-08-03T13:22:30Z</time>
    </trkpt>
    <trkpt lat="50.6358194" lon="6.4272751">
      <ele>287.6</ele>
      <time>2024-08-03T13:22:35Z</time>
    </trkpt>
    <trkpt lat="50.6359805" lon="6.4269494">
      <ele>287.4</ele>
      <time>2024-08-03T13:22:42Z</time>
    </trkpt>
    <trkpt lat="50.6361309" lon="6.4267083">
      <ele>287.6</ele>
      <time>2024-08-03T13:22:49Z</time>
    </trkpt>
    <trkpt lat="50.6362708" lon="6.4264911">
      <ele>287.8</ele>
      <time>2024-08-03T13:22:56Z</time>
    </trkpt>
    <trkpt lat="50.6363340" lon="6.4263728">
      <ele>287.8</ele>
      <time>2024-08-03T13:22:59Z</time>
    </trkpt>
    <trkpt lat="50.6363473" lon="6.4263211">
      <ele>287.8</ele>
      <time>2024-08-03T13:23:00Z</time>
    </trkpt>
    <trkpt lat="50.6364715" lon="6.4260788">
      <ele>287.8</ele>
      <time>2024-08-03T13:23:05Z</time>
    </trkpt>
    <trkpt lat="50.6364916" lon="6.4259769">
      <ele>287.6</ele>
      <time>2024-08-03T13:23:07Z</time>
    </trkpt>
    <trkpt lat="50.6364827" lon="6.4258607">
      <ele>287.6</ele>
      <time>2024-08-03T13:23:09Z</time>
    </trkpt>
    <trkpt lat="50.6363729" lon="6.4255985">
      <ele>287.2</ele>
      <time>2024-08-03T13:23:14Z</time>
    </trkpt>
    <trkpt lat="50.6361892" lon="6.4254055">
      <ele>287.0</ele>
      <time>2024-08-03T13:23:20Z</time>
    </trkpt>
    <trkpt lat="50.6360431" lon="6.4252546">
      <ele>286.6</ele>
      <time>2024-08-03T13:23:25Z</time>
    </trkpt>
    <trkpt lat="50.6359972" lon="6.4251772">
      <ele>286.6</ele>
      <time>2024-08-03T13:23:27Z</time>
    </trkpt>
    <trkpt lat="50.6357842" lon="6.4247906">
      <ele>286.8</ele>
      <time>2024-08-03T13:23:36Z</time>
    </trkpt>
    <trkpt lat="50.6355817" lon="6.4245583">
      <ele>287.0</ele>
      <time>2024-08-03T13:23:43Z</time>
    </trkpt>
    <trkpt lat="50.6353309" lon="6.4242902">
      <ele>287.0</ele>
      <time>2024-08-03T13:23:51Z</time>
    </trkpt>
    <trkpt lat="50.6352098" lon="6.4241419">
      <ele>286.8</ele>
      <time>2024-08-03T13:23:55Z</time>
    </trkpt>
    <trkpt lat="50.6350490" lon="6.4239622">
      <ele>286.8</ele>
      <time>2024-08-03T13:24:01Z</time>
    </trkpt>
    <trkpt lat="50.6349005" lon="6.4237766">
      <ele>286.8</ele>
      <time>2024-08-03T13:24:07Z</time>
    </trkpt>
    <trkpt lat="50.6347713" lon="6.4236144">
      <ele>287.4</ele>
      <time>2024-08-03T13:24:13Z</time>
    </trkpt>
    <trkpt lat="50.6346669" lon="6.4235054">
      <ele>287.8</ele>
      <time>2024-08-03T13:24:17Z</time>
    </trkpt>
    <trkpt lat="50.6345353" lon="6.4233533">
      <ele>288.2</ele>
      <time>2024-08-03T13:24:22Z</time>
    </trkpt>
    <trkpt lat="50.6343120" lon="6.4231168">
      <ele>288.4</ele>
      <time>2024-08-03T13:24:30Z</time>
    </trkpt>
    <trkpt lat="50.6342215" lon="6.4230305">
      <ele>288.6</ele>
      <time>2024-08-03T13:24:33Z</time>
    </trkpt>
    <trkpt lat="50.6340564" lon="6.4228958">
      <ele>288.6</ele>
      <time>2024-08-03T13:24:38Z</time>
    </trkpt>
    <trkpt lat="50.6338603" lon="6.4227847">
      <ele>288.8</ele>
      <time>2024-08-03T13:24:44Z</time>
    </trkpt>
    <trkpt lat="50.6335323" lon="6.4226455">
      <ele>289.0</ele>
      <time>2024-08-03T13:24:53Z</time>
    </trkpt>
    <trkpt lat="50.6332155" lon="6.4225256">
      <ele>288.8</ele>
      <time>2024-08-03T13:25:02Z</time>
    </trkpt>
    <trkpt lat="50.6329167" lon="6.4224145">
      <ele>289.0</ele>
      <time>2024-08-03T13:25:11Z</time>
    </trkpt>
    <trkpt lat="50.6327136" lon="6.4222998">
      <ele>288.8</ele>
      <time>2024-08-03T13:25:18Z</time>
    </trkpt>
    <trkpt lat="50.6324783" lon="6.4221562">
      <ele>289.0</ele>
      <time>2024-08-03T13:25:26Z</time>
    </trkpt>
    <trkpt lat="50.6322540" lon="6.4220177">
      <ele>289.0</ele>
      <time>2024-08-03T13:25:33Z</time>
    </trkpt>
    <trkpt lat="50.6320383" lon="6.4218509">
      <ele>289.2</ele>
      <time>2024-08-03T13:25:40Z</time>
    </trkpt>
    <trkpt lat="50.6319656" lon="6.4217887">
      <ele>289.4</ele>
      <time>2024-08-03T13:25:43Z</time>
    </trkpt>
    <trkpt lat="50.6319218" lon="6.4217525">
      <ele>289.4</ele>
      <time>2024-08-03T13:25:45Z</time>
    </trkpt>
    <trkpt lat="50.6317866" lon="6.4216733">
      <ele>289.8</ele>
      <time>2024-08-03T13:25:50Z</time>
    </trkpt>
    <trkpt lat="50.6315276" lon="6.4214968">
      <ele>289.8</ele>
      <time>2024-08-03T13:25:59Z</time>
    </trkpt>
    <trkpt lat="50.6313481" lon="6.4213601">
      <ele>290.2</ele>
      <time>2024-08-03T13:26:05Z</time>
    </trkpt>
    <trkpt lat="50.6312599" lon="6.4212864">
      <ele>290.4</ele>
      <time>2024-08-03T13:26:08Z</time>
    </trkpt>
    <trkpt lat="50.6309236" lon="6.4210120">
      <ele>290.6</ele>
      <time>2024-08-03T13:26:19Z</time>
    </trkpt>
    <trkpt lat="50.6307000" lon="6.4208937">
      <ele>291.0</ele>
      <time>2024-08-03T13:26:26Z</time>
    </trkpt>
    <trkpt lat="50.6306335" lon="6.4208749">
      <ele>291.2</ele>
      <time>2024-08-03T13:26:28Z</time>
    </trkpt>
    <trkpt lat="50.6304174" lon="6.4208055">
      <ele>291.4</ele>
      <time>2024-08-03T13:26:35Z</time>
    </trkpt>
    <trkpt lat="50.6301911" lon="6.4207684">
      <ele>291.8</ele>
      <time>2024-08-03T13:26:42Z</time>
    </trkpt>
    <trkpt lat="50.6301264" lon="6.4207636">
      <ele>291.8</ele>
      <time>2024-08-03T13:26:44Z</time>
    </trkpt>
    <trkpt lat="50.6300357" lon="6.4207397">
      <ele>292.0</ele>
      <time>2024-08-03T13:26:47Z</time>
    </trkpt>
    <trkpt lat="50.6298720" lon="6.4206992">
      <ele>292.6</ele>
      <time>2024-08-03T13:26:52Z</time>
    </trkpt>
    <trkpt lat="50.6298117" lon="6.4206627">
      <ele>292.8</ele>
      <time>2024-08-03T13:26:54Z</time>
    </trkpt>
    <trkpt lat="50.6297412" lon="6.4206510">
      <ele>293.0</ele>
      <time>2024-08-03T13:26:56Z</time>
    </trkpt>
    <trkpt lat="50.6294895" lon="6.4206172">
      <ele>293.6</ele>
      <time>2024-08-03T13:27:03Z</time>
    </trkpt>
    <trkpt lat="50.6294538" lon="6.4206113">
      <ele>293.8</ele>
      <time>2024-08-03T13:27:04Z</time>
    </trkpt>
    <trkpt lat="50.6292641" lon="6.4205792">
      <ele>295.0</ele>
      <time>2024-08-03T13:27:10Z</time>
    </trkpt>
    <trkpt lat="50.6291036" lon="6.4205321">
      <ele>296.0</ele>
      <time>2024-08-03T13:27:15Z</time>
    </trkpt>
    <trkpt lat="50.6289949" lon="6.4204750">
      <ele>296.6</ele>
      <time>2024-08-03T13:27:19Z</time>
    </trkpt>
    <trkpt lat="50.6289746" lon="6.4204965">
      <ele>297.0</ele>
      <time>2024-08-03T13:27:20Z</time>
    </trkpt>
    <trkpt lat="50.6288457" lon="6.4204984">
      <ele>298.2</ele>
      <time>2024-08-03T13:27:25Z</time>
    </trkpt>
    <trkpt lat="50.6287104" lon="6.4204909">
      <ele>298.8</ele>
      <time>2024-08-03T13:27:30Z</time>
    </trkpt>
    <trkpt lat="50.6286664" lon="6.4204734">
      <ele>299.2</ele>
      <time>2024-08-03T13:27:32Z</time>
    </trkpt>
    <trkpt lat="50.6285952" lon="6.4204594">
      <ele>299.6</ele>
      <time>2024-08-03T13:27:35Z</time>
    </trkpt>
    <trkpt lat="50.6285682" lon="6.4204580">
      <ele>300.2</ele>
      <time>2024-08-03T13:27:37Z</time>
    </trkpt>
    <trkpt lat="50.6285349" lon="6.4204487">
      <ele>300.6</ele>
      <time>2024-08-03T13:27:39Z</time>
    </trkpt>
    <trkpt lat="50.6285095" lon="6.4204274">
      <ele>301.0</ele>
      <time>2024-08-03T13:27:41Z</time>
    </trkpt>
    <trkpt lat="50.6284869" lon="6.4204162">
      <ele>301.4</ele>
      <time>2024-08-03T13:27:43Z</time>
    </trkpt>
    <trkpt lat="50.6284672" lon="6.4203893">
      <ele>301.8</ele>
      <time>2024-08-03T13:27:45Z</time>
    </trkpt>
    <trkpt lat="50.6284612" lon="6.4203785">
      <ele>301.8</ele>
      <time>2024-08-03T13:27:46Z</time>
    </trkpt>
    <trkpt lat="50.6284336" lon="6.4203320">
      <ele>302.2</ele>
      <time>2024-08-03T13:27:52Z</time>
    </trkpt>
    <trkpt lat="50.6283659" lon="6.4202735">
      <ele>302.2</ele>
      <time>2024-08-03T13:27:56Z</time>
    </trkpt>
    <trkpt lat="50.6283268" lon="6.4201578">
      <ele>302.2</ele>
      <time>2024-08-03T13:28:01Z</time>
    </trkpt>
    <trkpt lat="50.6282657" lon="6.4199827">
      <ele>302.4</ele>
      <time>2024-08-03T13:28:06Z</time>
    </trkpt>
    <trkpt lat="50.6281986" lon="6.4198022">
      <ele>303.0</ele>
      <time>2024-08-03T13:28:10Z</time>
    </trkpt>
    <trkpt lat="50.6281749" lon="6.4197576">
      <ele>303.0</ele>
      <time>2024-08-03T13:28:11Z</time>
    </trkpt>
    <trkpt lat="50.6279893" lon="6.4194915">
      <ele>303.2</ele>
      <time>2024-08-03T13:28:18Z</time>
    </trkpt>
    <trkpt lat="50.6279316" lon="6.4194075">
      <ele>303.6</ele>
      <time>2024-08-03T13:28:22Z</time>
    </trkpt>
    <trkpt lat="50.6278604" lon="6.4192551">
      <ele>303.8</ele>
      <time>2024-08-03T13:28:26Z</time>
    </trkpt>
    <trkpt lat="50.6278601" lon="6.4192251">
      <ele>304.0</ele>
      <time>2024-08-03T13:28:27Z</time>
    </trkpt>
    <trkpt lat="50.6279304" lon="6.4191147">
      <ele>304.6</ele>
      <time>2024-08-03T13:28:31Z</time>
    </trkpt>
    <trkpt lat="50.6279964" lon="6.4190552">
      <ele>305.0</ele>
      <time>2024-08-03T13:28:33Z</time>
    </trkpt>
    <trkpt lat="50.6280348" lon="6.4190401">
      <ele>305.2</ele>
      <time>2024-08-03T13:28:35Z</time>
    </trkpt>
    <trkpt lat="50.6281118" lon="6.4189969">
      <ele>306.0</ele>
      <time>2024-08-03T13:28:38Z</time>
    </trkpt>
    <trkpt lat="50.6281645" lon="6.4189884">
      <ele>306.6</ele>
      <time>2024-08-03T13:28:40Z</time>
    </trkpt>
    <trkpt lat="50.6281904" lon="6.4189853">
      <ele>307.0</ele>
      <time>2024-08-03T13:28:42Z</time>
    </trkpt>
    <trkpt lat="50.6282019" lon="6.4189858">
      <ele>307.0</ele>
      <time>2024-08-03T13:28:43Z</time>
    </trkpt>
    <trkpt lat="50.6282235" lon="6.4189863">
      <ele>307.2</ele>
      <time>2024-08-03T13:28:44Z</time>
    </trkpt>
    <trkpt lat="50.6283276" lon="6.4189632">
      <ele>308.2</ele>
      <time>2024-08-03T13:28:50Z</time>
    </trkpt>
    <trkpt lat="50.6284878" lon="6.4189334">
      <ele>308.6</ele>
      <time>2024-08-03T13:28:55Z</time>
    </trkpt>
    <trkpt lat="50.6286368" lon="6.4188708">
      <ele>309.0</ele>
      <time>2024-08-03T13:28:59Z</time>
    </trkpt>
    <trkpt lat="50.6286614" lon="6.4188557">
      <ele>309.2</ele>
      <time>2024-08-03T13:29:00Z</time>
    </trkpt>
    <trkpt lat="50.6287696" lon="6.4187863">
      <ele>309.6</ele>
      <time>2024-08-03T13:29:05Z</time>
    </trkpt>
    <trkpt lat="50.6288438" lon="6.4187450">
      <ele>310.0</ele>
      <time>2024-08-03T13:29:07Z</time>
    </trkpt>
    <trkpt lat="50.6289084" lon="6.4186974">
      <ele>310.4</ele>
      <time>2024-08-03T13:29:10Z</time>
    </trkpt>
    <trkpt lat="50.6289731" lon="6.4186594">
      <ele>311.0</ele>
      <time>2024-08-03T13:29:13Z</time>
    </trkpt>
    <trkpt lat="50.6290592" lon="6.4185964">
      <ele>311.2</ele>
      <time>2024-08-03T13:29:15Z</time>
    </trkpt>
    <trkpt lat="50.6290975" lon="6.4185551">
      <ele>311.2</ele>
      <time>2024-08-03T13:29:16Z</time>
    </trkpt>
    <trkpt lat="50.6291785" lon="6.4184989">
      <ele>311.4</ele>
      <time>2024-08-03T13:29:19Z</time>
    </trkpt>
    <trkpt lat="50.6292326" lon="6.4184564">
      <ele>311.4</ele>
      <time>2024-08-03T13:29:22Z</time>
    </trkpt>
    <trkpt lat="50.6292698" lon="6.4184507">
      <ele>311.8</ele>
      <time>2024-08-03T13:29:24Z</time>
    </trkpt>
    <trkpt lat="50.6293132" lon="6.4184242">
      <ele>311.8</ele>
      <time>2024-08-03T13:29:26Z</time>
    </trkpt>
    <trkpt lat="50.6293414" lon="6.4184183">
      <ele>311.8</ele>
      <time>2024-08-03T13:29:27Z</time>
    </trkpt>
    <trkpt lat="50.6293601" lon="6.4184021">
      <ele>312.0</ele>
      <time>2024-08-03T13:29:28Z</time>
    </trkpt>
    <trkpt lat="50.6294313" lon="6.4183686">
      <ele>312.2</ele>
      <time>2024-08-03T13:29:30Z</time>
    </trkpt>
    <trkpt lat="50.6295733" lon="6.4182885">
      <ele>313.0</ele>
      <time>2024-08-03T13:29:35Z</time>
    </trkpt>
    <trkpt lat="50.6297393" lon="6.4182471">
      <ele>313.2</ele>
      <time>2024-08-03T13:29:40Z</time>
    </trkpt>
    <trkpt lat="50.6298026" lon="6.4182464">
      <ele>313.4</ele>
      <time>2024-08-03T13:29:42Z</time>
    </trkpt>
    <trkpt lat="50.6298899" lon="6.4182615">
      <ele>313.6</ele>
      <time>2024-08-03T13:29:45Z</time>
    </trkpt>
    <trkpt lat="50.6299141" lon="6.4182565">
      <ele>313.8</ele>
      <time>2024-08-03T13:29:46Z</time>
    </trkpt>
    <trkpt lat="50.6299470" lon="6.4182286">
      <ele>314.0</ele>
      <time>2024-08-03T13:29:47Z</time>
    </trkpt>
    <trkpt lat="50.6300602" lon="6.4181446">
      <ele>314.2</ele>
      <time>2024-08-03T13:29:50Z</time>
    </trkpt>
    <trkpt lat="50.6302237" lon="6.4180793">
      <ele>314.8</ele>
      <time>2024-08-03T13:29:54Z</time>
    </trkpt>
    <trkpt lat="50.6303622" lon="6.4180129">
      <ele>315.2</ele>
      <time>2024-08-03T13:29:58Z</time>
    </trkpt>
    <trkpt lat="50.6304890" lon="6.4179627">
      <ele>315.6</ele>
      <time>2024-08-03T13:30:03Z</time>
    </trkpt>
    <trkpt lat="50.6305392" lon="6.4179334">
      <ele>315.8</ele>
      <time>2024-08-03T13:30:05Z</time>
    </trkpt>
    <trkpt lat="50.6306477" lon="6.4178658">
      <ele>316.4</ele>
      <time>2024-08-03T13:30:10Z</time>
    </trkpt>
    <trkpt lat="50.6308153" lon="6.4177611">
      <ele>316.8</ele>
      <time>2024-08-03T13:30:17Z</time>
    </trkpt>
    <trkpt lat="50.6309641" lon="6.4176274">
      <ele>317.2</ele>
      <time>2024-08-03T13:30:23Z</time>
    </trkpt>
    <trkpt lat="50.6310464" lon="6.4174497">
      <ele>317.6</ele>
      <time>2024-08-03T13:30:28Z</time>
    </trkpt>
    <trkpt lat="50.6310603" lon="6.4174163">
      <ele>317.8</ele>
      <time>2024-08-03T13:30:29Z</time>
    </trkpt>
    <trkpt lat="50.6310756" lon="6.4173936">
      <ele>317.8</ele>
      <time>2024-08-03T13:30:30Z</time>
    </trkpt>
    <trkpt lat="50.6310940" lon="6.4173488">
      <ele>318.0</ele>
      <time>2024-08-03T13:30:32Z</time>
    </trkpt>
    <trkpt lat="50.6310937" lon="6.4172816">
      <ele>318.2</ele>
      <time>2024-08-03T13:30:34Z</time>
    </trkpt>
    <trkpt lat="50.6310786" lon="6.4171412">
      <ele>318.4</ele>
      <time>2024-08-03T13:30:37Z</time>
    </trkpt>
    <trkpt lat="50.6310698" lon="6.4169152">
      <ele>318.8</ele>
      <time>2024-08-03T13:30:42Z</time>
    </trkpt>
    <trkpt lat="50.6310572" lon="6.4168723">
      <ele>318.8</ele>
      <time>2024-08-03T13:30:43Z</time>
    </trkpt>
    <trkpt lat="50.6310372" lon="6.4165888">
      <ele>319.4</ele>
      <time>2024-08-03T13:30:49Z</time>
    </trkpt>
    <trkpt lat="50.6310687" lon="6.4164022">
      <ele>319.6</ele>
      <time>2024-08-03T13:30:53Z</time>
    </trkpt>
    <trkpt lat="50.6310594" lon="6.4163593">
      <ele>319.8</ele>
      <time>2024-08-03T13:30:54Z</time>
    </trkpt>
    <trkpt lat="50.6310619" lon="6.4163203">
      <ele>320.0</ele>
      <time>2024-08-03T13:30:55Z</time>
    </trkpt>
    <trkpt lat="50.6310691" lon="6.4162998">
      <ele>320.2</ele>
      <time>2024-08-03T13:30:57Z</time>
    </trkpt>
    <trkpt lat="50.6310711" lon="6.4162788">
      <ele>320.4</ele>
      <time>2024-08-03T13:30:58Z</time>
    </trkpt>
    <trkpt lat="50.6311197" lon="6.4161193">
      <ele>320.6</ele>
      <time>2024-08-03T13:31:03Z</time>
    </trkpt>
    <trkpt lat="50.6311454" lon="6.4160517">
      <ele>320.8</ele>
      <time>2024-08-03T13:31:05Z</time>
    </trkpt>
    <trkpt lat="50.6312117" lon="6.4158420">
      <ele>321.2</ele>
      <time>2024-08-03T13:31:09Z</time>
    </trkpt>
    <trkpt lat="50.6312508" lon="6.4156684">
      <ele>321.8</ele>
      <time>2024-08-03T13:31:13Z</time>
    </trkpt>
    <trkpt lat="50.6312760" lon="6.4155673">
      <ele>322.0</ele>
      <time>2024-08-03T13:31:15Z</time>
    </trkpt>
    <trkpt lat="50.6313535" lon="6.4153259">
      <ele>322.4</ele>
      <time>2024-08-03T13:31:20Z</time>
    </trkpt>
    <trkpt lat="50.6314607" lon="6.4150954">
      <ele>322.6</ele>
      <time>2024-08-03T13:31:26Z</time>
    </trkpt>
    <trkpt lat="50.6314655" lon="6.4150607">
      <ele>322.8</ele>
      <time>2024-08-03T13:31:27Z</time>
    </trkpt>
    <trkpt lat="50.6315640" lon="6.4147797">
      <ele>323.2</ele>
      <time>2024-08-03T13:31:32Z</time>
    </trkpt>
    <trkpt lat="50.6315208" lon="6.4144868">
      <ele>323.4</ele>
      <time>2024-08-03T13:31:38Z</time>
    </trkpt>
    <trkpt lat="50.6314476" lon="6.4142750">
      <ele>323.6</ele>
      <time>2024-08-03T13:31:43Z</time>
    </trkpt>
    <trkpt lat="50.6312928" lon="6.4140305">
      <ele>323.8</ele>
      <time>2024-08-03T13:31:50Z</time>
    </trkpt>
    <trkpt lat="50.6311542" lon="6.4139256">
      <ele>323.6</ele>
      <time>2024-08-03T13:31:55Z</time>
    </trkpt>
    <trkpt lat="50.6311473" lon="6.4139249">
      <ele>323.6</ele>
      <time>2024-08-03T13:31:58Z</time>
    </trkpt>
    <trkpt lat="50.6311473" lon="6.4139249">
      <ele>323.4</ele>
      <time>2024-08-03T13:32:22Z</time>
    </trkpt>
    <trkpt lat="50.6311473" lon="6.4139249">
      <ele>323.2</ele>
      <time>2024-08-03T13:33:46Z</time>
    </trkpt>
    <trkpt lat="50.6311473" lon="6.4139249">
      <ele>323.2</ele>
      <time>2024-08-03T13:34:00Z</time>
    </trkpt>
    <trkpt lat="50.6311473" lon="6.4139249">
      <ele>323.4</ele>
      <time>2024-08-03T13:34:26Z</time>
    </trkpt>
    <trkpt lat="50.6311496" lon="6.4139290">
      <ele>323.0</ele>
      <time>2024-08-03T13:35:03Z</time>
    </trkpt>
    <trkpt lat="50.6311534" lon="6.4139272">
      <ele>323.0</ele>
      <time>2024-08-03T13:35:10Z</time>
    </trkpt>
    <trkpt lat="50.6311534" lon="6.4139272">
      <ele>323.0</ele>
      <time>2024-08-03T13:35:18Z</time>
    </trkpt>
    <trkpt lat="50.6311534" lon="6.4139272">
      <ele>323.6</ele>
      <time>2024-08-03T13:35:47Z</time>
    </trkpt>
    <trkpt lat="50.6311534" lon="6.4139272">
      <ele>323.6</ele>
      <time>2024-08-03T13:35:48Z</time>
    </trkpt>
    <trkpt lat="50.6311534" lon="6.4139272">
      <ele>323.2</ele>
      <time>2024-08-03T13:36:02Z</time>
    </trkpt>
    <trkpt lat="50.6311534" lon="6.4139272">
      <ele>323.2</ele>
      <time>2024-08-03T13:36:24Z</time>
    </trkpt>
    <trkpt lat="50.6311534" lon="6.4139272">
      <ele>323.6</ele>
      <time>2024-08-03T13:36:45Z</time>
    </trkpt>
    <trkpt lat="50.6311534" lon="6.4139272">
      <ele>323.6</ele>
      <time>2024-08-03T13:37:06Z</time>
    </trkpt>
    <trkpt lat="50.6311889" lon="6.4139426">
      <ele>323.6</ele>
      <time>2024-08-03T13:37:13Z</time>
    </trkpt>
    <trkpt lat="50.6312444" lon="6.4140137">
      <ele>324.0</ele>
      <time>2024-08-03T13:37:22Z</time>
    </trkpt>
    <trkpt lat="50.6312554" lon="6.4140201">
      <ele>324.2</ele>
      <time>2024-08-03T13:37:30Z</time>
    </trkpt>
    <trkpt lat="50.6312554" lon="6.4140201">
      <ele>324.0</ele>
      <time>2024-08-03T13:37:47Z</time>
    </trkpt>
    <trkpt lat="50.6312492" lon="6.4140192">
      <ele>324.0</ele>
      <time>2024-08-03T13:37:52Z</time>
    </trkpt>
    <trkpt lat="50.6312454" lon="6.4140155">
      <ele>323.6</ele>
      <time>2024-08-03T13:38:01Z</time>
    </trkpt>
    <trkpt lat="50.6312454" lon="6.4140155">
      <ele>323.6</ele>
      <time>2024-08-03T13:38:10Z</time>
    </trkpt>
    <trkpt lat="50.6312454" lon="6.4140155">
      <ele>324.0</ele>
      <time>2024-08-03T13:38:57Z</time>
    </trkpt>
    <trkpt lat="50.6312454" lon="6.4140155">
      <ele>324.0</ele>
      <time>2024-08-03T13:39:14Z</time>
    </trkpt>
    <trkpt lat="50.6311817" lon="6.4139732">
      <ele>323.8</ele>
      <time>2024-08-03T13:39:22Z</time>
    </trkpt>
    <trkpt lat="50.6310434" lon="6.4138971">
      <ele>323.2</ele>
      <time>2024-08-03T13:39:28Z</time>
    </trkpt>
    <trkpt lat="50.6308937" lon="6.4138582">
      <ele>322.8</ele>
      <time>2024-08-03T13:39:32Z</time>
    </trkpt>
    <trkpt lat="50.6306961" lon="6.4138809">
      <ele>322.0</ele>
      <time>2024-08-03T13:39:37Z</time>
    </trkpt>
    <trkpt lat="50.6306185" lon="6.4139110">
      <ele>321.6</ele>
      <time>2024-08-03T13:39:39Z</time>
    </trkpt>
    <trkpt lat="50.6305837" lon="6.4139222">
      <ele>321.6</ele>
      <time>2024-08-03T13:39:40Z</time>
    </trkpt>
    <trkpt lat="50.6304886" lon="6.4139280">
      <ele>321.0</ele>
      <time>2024-08-03T13:39:44Z</time>
    </trkpt>
    <trkpt lat="50.6304384" lon="6.4139137">
      <ele>320.6</ele>
      <time>2024-08-03T13:39:46Z</time>
    </trkpt>
    <trkpt lat="50.6303196" lon="6.4139093">
      <ele>320.2</ele>
      <time>2024-08-03T13:39:50Z</time>
    </trkpt>
    <trkpt lat="50.6300933" lon="6.4139160">
      <ele>319.6</ele>
      <time>2024-08-03T13:39:57Z</time>
    </trkpt>
    <trkpt lat="50.6300851" lon="6.4139257">
      <ele>319.4</ele>
      <time>2024-08-03T13:39:58Z</time>
    </trkpt>
    <trkpt lat="50.6300795" lon="6.4139284">
      <ele>319.2</ele>
      <time>2024-08-03T13:40:02Z</time>
    </trkpt>
    <trkpt lat="50.6300795" lon="6.4139284">
      <ele>319.0</ele>
      <time>2024-08-03T13:40:09Z</time>
    </trkpt>
    <trkpt lat="50.6300173" lon="6.4139692">
      <ele>319.0</ele>
      <time>2024-08-03T13:40:19Z</time>
    </trkpt>
    <trkpt lat="50.6298556" lon="6.4139783">
      <ele>319.0</ele>
      <time>2024-08-03T13:40:25Z</time>
    </trkpt>
    <trkpt lat="50.6297877" lon="6.4139833">
      <ele>318.6</ele>
      <time>2024-08-03T13:40:28Z</time>
    </trkpt>
    <trkpt lat="50.6297186" lon="6.4139792">
      <ele>318.0</ele>
      <time>2024-08-03T13:40:31Z</time>
    </trkpt>
    <trkpt lat="50.6295811" lon="6.4139634">
      <ele>317.4</ele>
      <time>2024-08-03T13:40:36Z</time>
    </trkpt>
    <trkpt lat="50.6294177" lon="6.4139324">
      <ele>317.0</ele>
      <time>2024-08-03T13:40:42Z</time>
    </trkpt>
    <trkpt lat="50.6292669" lon="6.4139239">
      <ele>316.2</ele>
      <time>2024-08-03T13:40:47Z</time>
    </trkpt>
    <trkpt lat="50.6292108" lon="6.4139378">
      <ele>316.0</ele>
      <time>2024-08-03T13:40:49Z</time>
    </trkpt>
    <trkpt lat="50.6291351" lon="6.4139326">
      <ele>315.6</ele>
      <time>2024-08-03T13:40:52Z</time>
    </trkpt>
    <trkpt lat="50.6291137" lon="6.4139198">
      <ele>315.4</ele>
      <time>2024-08-03T13:40:53Z</time>
    </trkpt>
    <trkpt lat="50.6289970" lon="6.4138880">
      <ele>315.4</ele>
      <time>2024-08-03T13:40:58Z</time>
    </trkpt>
    <trkpt lat="50.6288656" lon="6.4138757">
      <ele>315.2</ele>
      <time>2024-08-03T13:41:02Z</time>
    </trkpt>
    <trkpt lat="50.6288392" lon="6.4138631">
      <ele>315.2</ele>
      <time>2024-08-03T13:41:03Z</time>
    </trkpt>
    <trkpt lat="50.6287366" lon="6.4138243">
      <ele>314.8</ele>
      <time>2024-08-03T13:41:06Z</time>
    </trkpt>
    <trkpt lat="50.6286528" lon="6.4137963">
      <ele>314.6</ele>
      <time>2024-08-03T13:41:08Z</time>
    </trkpt>
    <trkpt lat="50.6284221" lon="6.4137358">
      <ele>314.0</ele>
      <time>2024-08-03T13:41:14Z</time>
    </trkpt>
    <trkpt lat="50.6283839" lon="6.4137270">
      <ele>313.8</ele>
      <time>2024-08-03T13:41:15Z</time>
    </trkpt>
    <trkpt lat="50.6283575" lon="6.4137292">
      <ele>313.8</ele>
      <time>2024-08-03T13:41:16Z</time>
    </trkpt>
    <trkpt lat="50.6282677" lon="6.4137554">
      <ele>313.6</ele>
      <time>2024-08-03T13:41:18Z</time>
    </trkpt>
    <trkpt lat="50.6280223" lon="6.4137261">
      <ele>312.8</ele>
      <time>2024-08-03T13:41:25Z</time>
    </trkpt>
    <trkpt lat="50.6278438" lon="6.4136871">
      <ele>312.4</ele>
      <time>2024-08-03T13:41:31Z</time>
    </trkpt>
    <trkpt lat="50.6277970" lon="6.4136825">
      <ele>312.4</ele>
      <time>2024-08-03T13:41:33Z</time>
    </trkpt>
    <trkpt lat="50.6277479" lon="6.4136736">
      <ele>312.4</ele>
      <time>2024-08-03T13:41:35Z</time>
    </trkpt>
    <trkpt lat="50.6276535" lon="6.4136637">
      <ele>312.4</ele>
      <time>2024-08-03T13:41:38Z</time>
    </trkpt>
    <trkpt lat="50.6276218" lon="6.4136536">
      <ele>312.2</ele>
      <time>2024-08-03T13:41:39Z</time>
    </trkpt>
    <trkpt lat="50.6274175" lon="6.4136342">
      <ele>312.2</ele>
      <time>2024-08-03T13:41:45Z</time>
    </trkpt>
    <trkpt lat="50.6274018" lon="6.4136142">
      <ele>312.0</ele>
      <time>2024-08-03T13:41:46Z</time>
    </trkpt>
    <trkpt lat="50.6273469" lon="6.4135931">
      <ele>312.2</ele>
      <time>2024-08-03T13:41:48Z</time>
    </trkpt>
    <trkpt lat="50.6272993" lon="6.4135908">
      <ele>312.2</ele>
      <time>2024-08-03T13:41:49Z</time>
    </trkpt>
    <trkpt lat="50.6272178" lon="6.4135743">
      <ele>312.4</ele>
      <time>2024-08-03T13:41:52Z</time>
    </trkpt>
    <trkpt lat="50.6270902" lon="6.4135496">
      <ele>312.4</ele>
      <time>2024-08-03T13:41:57Z</time>
    </trkpt>
    <trkpt lat="50.6270865" lon="6.4135481">
      <ele>312.4</ele>
      <time>2024-08-03T13:42:02Z</time>
    </trkpt>
    <trkpt lat="50.6270789" lon="6.4135358">
      <ele>312.4</ele>
      <time>2024-08-03T13:42:08Z</time>
    </trkpt>
    <trkpt lat="50.6270044" lon="6.4134738">
      <ele>312.2</ele>
      <time>2024-08-03T13:42:13Z</time>
    </trkpt>
    <trkpt lat="50.6268931" lon="6.4134511">
      <ele>312.0</ele>
      <time>2024-08-03T13:42:17Z</time>
    </trkpt>
    <trkpt lat="50.6268747" lon="6.4134510">
      <ele>312.0</ele>
      <time>2024-08-03T13:42:18Z</time>
    </trkpt>
    <trkpt lat="50.6267629" lon="6.4134053">
      <ele>311.8</ele>
      <time>2024-08-03T13:42:22Z</time>
    </trkpt>
    <trkpt lat="50.6266631" lon="6.4133737">
      <ele>311.8</ele>
      <time>2024-08-03T13:42:26Z</time>
    </trkpt>
    <trkpt lat="50.6266197" lon="6.4133544">
      <ele>311.8</ele>
      <time>2024-08-03T13:42:28Z</time>
    </trkpt>
    <trkpt lat="50.6265364" lon="6.4133350">
      <ele>312.0</ele>
      <time>2024-08-03T13:42:32Z</time>
    </trkpt>
    <trkpt lat="50.6264108" lon="6.4132949">
      <ele>311.8</ele>
      <time>2024-08-03T13:42:38Z</time>
    </trkpt>
    <trkpt lat="50.6262468" lon="6.4132685">
      <ele>311.6</ele>
      <time>2024-08-03T13:42:43Z</time>
    </trkpt>
    <trkpt lat="50.6261157" lon="6.4131897">
      <ele>311.6</ele>
      <time>2024-08-03T13:42:48Z</time>
    </trkpt>
    <trkpt lat="50.6259488" lon="6.4131141">
      <ele>311.8</ele>
      <time>2024-08-03T13:42:53Z</time>
    </trkpt>
    <trkpt lat="50.6258192" lon="6.4130387">
      <ele>311.6</ele>
      <time>2024-08-03T13:42:57Z</time>
    </trkpt>
    <trkpt lat="50.6257912" lon="6.4130127">
      <ele>311.8</ele>
      <time>2024-08-03T13:42:58Z</time>
    </trkpt>
    <trkpt lat="50.6256355" lon="6.4129335">
      <ele>311.8</ele>
      <time>2024-08-03T13:43:03Z</time>
    </trkpt>
    <trkpt lat="50.6255853" lon="6.4129051">
      <ele>311.6</ele>
      <time>2024-08-03T13:43:05Z</time>
    </trkpt>
    <trkpt lat="50.6255159" lon="6.4128575">
      <ele>311.6</ele>
      <time>2024-08-03T13:43:07Z</time>
    </trkpt>
    <trkpt lat="50.6253438" lon="6.4127474">
      <ele>311.6</ele>
      <time>2024-08-03T13:43:12Z</time>
    </trkpt>
    <trkpt lat="50.6251914" lon="6.4126526">
      <ele>311.6</ele>
      <time>2024-08-03T13:43:16Z</time>
    </trkpt>
    <trkpt lat="50.6251591" lon="6.4126324">
      <ele>311.6</ele>
      <time>2024-08-03T13:43:17Z</time>
    </trkpt>
    <trkpt lat="50.6250070" lon="6.4125290">
      <ele>311.6</ele>
      <time>2024-08-03T13:43:21Z</time>
    </trkpt>
    <trkpt lat="50.6247970" lon="6.4123569">
      <ele>311.6</ele>
      <time>2024-08-03T13:43:27Z</time>
    </trkpt>
    <trkpt lat="50.6245894" lon="6.4122009">
      <ele>311.6</ele>
      <time>2024-08-03T13:43:32Z</time>
    </trkpt>
    <trkpt lat="50.6244729" lon="6.4120875">
      <ele>311.6</ele>
      <time>2024-08-03T13:43:36Z</time>
    </trkpt>
    <trkpt lat="50.6244311" lon="6.4120238">
      <ele>311.6</ele>
      <time>2024-08-03T13:43:38Z</time>
    </trkpt>
    <trkpt lat="50.6243415" lon="6.4119266">
      <ele>311.6</ele>
      <time>2024-08-03T13:43:41Z</time>
    </trkpt>
    <trkpt lat="50.6242928" lon="6.4118550">
      <ele>311.6</ele>
      <time>2024-08-03T13:43:45Z</time>
    </trkpt>
    <trkpt lat="50.6242858" lon="6.4118407">
      <ele>311.4</ele>
      <time>2024-08-03T13:43:46Z</time>
    </trkpt>
    <trkpt lat="50.6242753" lon="6.4118278">
      <ele>311.4</ele>
      <time>2024-08-03T13:43:47Z</time>
    </trkpt>
    <trkpt lat="50.6242322" lon="6.4117435">
      <ele>311.4</ele>
      <time>2024-08-03T13:43:49Z</time>
    </trkpt>
    <trkpt lat="50.6242118" lon="6.4116965">
      <ele>311.4</ele>
      <time>2024-08-03T13:43:51Z</time>
    </trkpt>
    <trkpt lat="50.6241408" lon="6.4115741">
      <ele>311.4</ele>
      <time>2024-08-03T13:43:56Z</time>
    </trkpt>
    <trkpt lat="50.6241287" lon="6.4115310">
      <ele>311.4</ele>
      <time>2024-08-03T13:43:57Z</time>
    </trkpt>
    <trkpt lat="50.6240221" lon="6.4112581">
      <ele>311.2</ele>
      <time>2024-08-03T13:44:03Z</time>
    </trkpt>
    <trkpt lat="50.6240069" lon="6.4112239">
      <ele>311.2</ele>
      <time>2024-08-03T13:44:04Z</time>
    </trkpt>
    <trkpt lat="50.6239777" lon="6.4111541">
      <ele>311.2</ele>
      <time>2024-08-03T13:44:06Z</time>
    </trkpt>
    <trkpt lat="50.6239037" lon="6.4110255">
      <ele>311.4</ele>
      <time>2024-08-03T13:44:08Z</time>
    </trkpt>
    <trkpt lat="50.6238995" lon="6.4109922">
      <ele>311.4</ele>
      <time>2024-08-03T13:44:09Z</time>
    </trkpt>
    <trkpt lat="50.6238983" lon="6.4108750">
      <ele>311.4</ele>
      <time>2024-08-03T13:44:11Z</time>
    </trkpt>
    <trkpt lat="50.6238483" lon="6.4106909">
      <ele>311.4</ele>
      <time>2024-08-03T13:44:14Z</time>
    </trkpt>
    <trkpt lat="50.6238347" lon="6.4106533">
      <ele>311.4</ele>
      <time>2024-08-03T13:44:15Z</time>
    </trkpt>
    <trkpt lat="50.6237939" lon="6.4106142">
      <ele>311.4</ele>
      <time>2024-08-03T13:44:17Z</time>
    </trkpt>
    <trkpt lat="50.6237948" lon="6.4105214">
      <ele>311.4</ele>
      <time>2024-08-03T13:44:19Z</time>
    </trkpt>
    <trkpt lat="50.6238303" lon="6.4104030">
      <ele>311.4</ele>
      <time>2024-08-03T13:44:21Z</time>
    </trkpt>
    <trkpt lat="50.6238030" lon="6.4101937">
      <ele>311.4</ele>
      <time>2024-08-03T13:44:23Z</time>
    </trkpt>
    <trkpt lat="50.6237720" lon="6.4099406">
      <ele>311.2</ele>
      <time>2024-08-03T13:44:27Z</time>
    </trkpt>
    <trkpt lat="50.6237337" lon="6.4098637">
      <ele>311.2</ele>
      <time>2024-08-03T13:44:29Z</time>
    </trkpt>
    <trkpt lat="50.6237221" lon="6.4098050">
      <ele>311.2</ele>
      <time>2024-08-03T13:44:30Z</time>
    </trkpt>
    <trkpt lat="50.6236773" lon="6.4096192">
      <ele>311.0</ele>
      <time>2024-08-03T13:44:33Z</time>
    </trkpt>
    <trkpt lat="50.6236844" lon="6.4095777">
      <ele>311.0</ele>
      <time>2024-08-03T13:44:34Z</time>
    </trkpt>
    <trkpt lat="50.6236515" lon="6.4093374">
      <ele>311.0</ele>
      <time>2024-08-03T13:44:39Z</time>
    </trkpt>
    <trkpt lat="50.6236219" lon="6.4092907">
      <ele>311.0</ele>
      <time>2024-08-03T13:44:40Z</time>
    </trkpt>
    <trkpt lat="50.6235761" lon="6.4091752">
      <ele>310.6</ele>
      <time>2024-08-03T13:44:42Z</time>
    </trkpt>
    <trkpt lat="50.6235738" lon="6.4091195">
      <ele>310.8</ele>
      <time>2024-08-03T13:44:43Z</time>
    </trkpt>
    <trkpt lat="50.6235660" lon="6.4090662">
      <ele>310.8</ele>
      <time>2024-08-03T13:44:44Z</time>
    </trkpt>
    <trkpt lat="50.6235403" lon="6.4090233">
      <ele>310.6</ele>
      <time>2024-08-03T13:44:45Z</time>
    </trkpt>
    <trkpt lat="50.6235143" lon="6.4089571">
      <ele>310.6</ele>
      <time>2024-08-03T13:44:46Z</time>
    </trkpt>
    <trkpt lat="50.6234738" lon="6.4088679">
      <ele>310.8</ele>
      <time>2024-08-03T13:44:48Z</time>
    </trkpt>
    <trkpt lat="50.6234788" lon="6.4087778">
      <ele>310.8</ele>
      <time>2024-08-03T13:44:50Z</time>
    </trkpt>
    <trkpt lat="50.6234659" lon="6.4087261">
      <ele>311.0</ele>
      <time>2024-08-03T13:44:52Z</time>
    </trkpt>
    <trkpt lat="50.6234618" lon="6.4087214">
      <ele>311.0</ele>
      <time>2024-08-03T13:44:54Z</time>
    </trkpt>
    <trkpt lat="50.6234659" lon="6.4087180">
      <ele>311.6</ele>
      <time>2024-08-03T13:45:16Z</time>
    </trkpt>
    <trkpt lat="50.6234597" lon="6.4087042">
      <ele>311.0</ele>
      <time>2024-08-03T13:45:29Z</time>
    </trkpt>
    <trkpt lat="50.6234479" lon="6.4086514">
      <ele>311.0</ele>
      <time>2024-08-03T13:45:36Z</time>
    </trkpt>
    <trkpt lat="50.6234451" lon="6.4086470">
      <ele>311.0</ele>
      <time>2024-08-03T13:45:40Z</time>
    </trkpt>
    <trkpt lat="50.6234579" lon="6.4086607">
      <ele>311.0</ele>
      <time>2024-08-03T13:45:43Z</time>
    </trkpt>
    <trkpt lat="50.6234723" lon="6.4086753">
      <ele>311.0</ele>
      <time>2024-08-03T13:45:46Z</time>
    </trkpt>
    <trkpt lat="50.6234737" lon="6.4086768">
      <ele>311.2</ele>
      <time>2024-08-03T13:45:53Z</time>
    </trkpt>
    <trkpt lat="50.6234892" lon="6.4086587">
      <ele>311.0</ele>
      <time>2024-08-03T13:46:00Z</time>
    </trkpt>
    <trkpt lat="50.6235120" lon="6.4086315">
      <ele>310.8</ele>
      <time>2024-08-03T13:46:07Z</time>
    </trkpt>
    <trkpt lat="50.6235249" lon="6.4086053">
      <ele>310.6</ele>
      <time>2024-08-03T13:46:10Z</time>
    </trkpt>
    <trkpt lat="50.6235608" lon="6.4085644">
      <ele>310.2</ele>
      <time>2024-08-03T13:46:14Z</time>
    </trkpt>
    <trkpt lat="50.6235633" lon="6.4085467">
      <ele>310.0</ele>
      <time>2024-08-03T13:46:16Z</time>
    </trkpt>
    <trkpt lat="50.6235693" lon="6.4084945">
      <ele>310.0</ele>
      <time>2024-08-03T13:46:18Z</time>
    </trkpt>
    <trkpt lat="50.6235815" lon="6.4084680">
      <ele>310.0</ele>
      <time>2024-08-03T13:46:19Z</time>
    </trkpt>
    <trkpt lat="50.6235966" lon="6.4084140">
      <ele>309.2</ele>
      <time>2024-08-03T13:46:27Z</time>
    </trkpt>
    <trkpt lat="50.6236001" lon="6.4083848">
      <ele>309.2</ele>
      <time>2024-08-03T13:46:28Z</time>
    </trkpt>
    <trkpt lat="50.6236011" lon="6.4083381">
      <ele>309.0</ele>
      <time>2024-08-03T13:46:30Z</time>
    </trkpt>
    <trkpt lat="50.6236041" lon="6.4083068">
      <ele>308.8</ele>
      <time>2024-08-03T13:46:31Z</time>
    </trkpt>
    <trkpt lat="50.6236076" lon="6.4082813">
      <ele>308.8</ele>
      <time>2024-08-03T13:46:32Z</time>
    </trkpt>
    <trkpt lat="50.6236534" lon="6.4081495">
      <ele>308.4</ele>
      <time>2024-08-03T13:46:38Z</time>
    </trkpt>
    <trkpt lat="50.6236629" lon="6.4081210">
      <ele>308.2</ele>
      <time>2024-08-03T13:46:39Z</time>
    </trkpt>
    <trkpt lat="50.6236872" lon="6.4080811">
      <ele>308.0</ele>
      <time>2024-08-03T13:46:42Z</time>
    </trkpt>
    <trkpt lat="50.6236933" lon="6.4080621">
      <ele>307.8</ele>
      <time>2024-08-03T13:46:44Z</time>
    </trkpt>
    <trkpt lat="50.6236982" lon="6.4080258">
      <ele>307.8</ele>
      <time>2024-08-03T13:46:45Z</time>
    </trkpt>
    <trkpt lat="50.6237507" lon="6.4078606">
      <ele>307.6</ele>
      <time>2024-08-03T13:46:49Z</time>
    </trkpt>
    <trkpt lat="50.6237746" lon="6.4078094">
      <ele>307.2</ele>
      <time>2024-08-03T13:46:51Z</time>
    </trkpt>
    <trkpt lat="50.6237762" lon="6.4078053">
      <ele>307.0</ele>
      <time>2024-08-03T13:46:54Z</time>
    </trkpt>
    <trkpt lat="50.6237762" lon="6.4078053">
      <ele>306.8</ele>
      <time>2024-08-03T13:46:56Z</time>
    </trkpt>
    <trkpt lat="50.6237758" lon="6.4077906">
      <ele>306.6</ele>
      <time>2024-08-03T13:46:59Z</time>
    </trkpt>
    <trkpt lat="50.6237757" lon="6.4077325">
      <ele>306.2</ele>
      <time>2024-08-03T13:47:02Z</time>
    </trkpt>
    <trkpt lat="50.6237814" lon="6.4076631">
      <ele>306.2</ele>
      <time>2024-08-03T13:47:04Z</time>
    </trkpt>
    <trkpt lat="50.6237747" lon="6.4075214">
      <ele>305.6</ele>
      <time>2024-08-03T13:47:10Z</time>
    </trkpt>
    <trkpt lat="50.6237747" lon="6.4075214">
      <ele>305.6</ele>
      <time>2024-08-03T13:47:11Z</time>
    </trkpt>
    <trkpt lat="50.6237816" lon="6.4074160">
      <ele>305.2</ele>
      <time>2024-08-03T13:47:16Z</time>
    </trkpt>
    <trkpt lat="50.6237878" lon="6.4072389">
      <ele>305.0</ele>
      <time>2024-08-03T13:47:21Z</time>
    </trkpt>
    <trkpt lat="50.6238039" lon="6.4071234">
      <ele>304.8</ele>
      <time>2024-08-03T13:47:25Z</time>
    </trkpt>
    <trkpt lat="50.6238039" lon="6.4071234">
      <ele>304.6</ele>
      <time>2024-08-03T13:47:27Z</time>
    </trkpt>
    <trkpt lat="50.6238315" lon="6.4070406">
      <ele>304.0</ele>
      <time>2024-08-03T13:47:33Z</time>
    </trkpt>
    <trkpt lat="50.6238279" lon="6.4070350">
      <ele>303.8</ele>
      <time>2024-08-03T13:47:34Z</time>
    </trkpt>
    <trkpt lat="50.6238358" lon="6.4069902">
      <ele>303.6</ele>
      <time>2024-08-03T13:47:36Z</time>
    </trkpt>
    <trkpt lat="50.6238663" lon="6.4069121">
      <ele>303.6</ele>
      <time>2024-08-03T13:47:38Z</time>
    </trkpt>
    <trkpt lat="50.6238707" lon="6.4069078">
      <ele>303.6</ele>
      <time>2024-08-03T13:47:39Z</time>
    </trkpt>
    <trkpt lat="50.6239276" lon="6.4067818">
      <ele>303.0</ele>
      <time>2024-08-03T13:47:45Z</time>
    </trkpt>
    <trkpt lat="50.6239497" lon="6.4066852">
      <ele>302.8</ele>
      <time>2024-08-03T13:47:50Z</time>
    </trkpt>
    <trkpt lat="50.6239666" lon="6.4065919">
      <ele>302.6</ele>
      <time>2024-08-03T13:47:52Z</time>
    </trkpt>
    <trkpt lat="50.6239689" lon="6.4065875">
      <ele>302.4</ele>
      <time>2024-08-03T13:47:54Z</time>
    </trkpt>
    <trkpt lat="50.6239689" lon="6.4065875">
      <ele>302.4</ele>
      <time>2024-08-03T13:47:56Z</time>
    </trkpt>
    <trkpt lat="50.6239689" lon="6.4065875">
      <ele>302.0</ele>
      <time>2024-08-03T13:48:04Z</time>
    </trkpt>
    <trkpt lat="50.6239689" lon="6.4065875">
      <ele>301.8</ele>
      <time>2024-08-03T13:48:14Z</time>
    </trkpt>
    <trkpt lat="50.6239689" lon="6.4065875">
      <ele>301.8</ele>
      <time>2024-08-03T13:48:19Z</time>
    </trkpt>
    <trkpt lat="50.6239689" lon="6.4065875">
      <ele>301.8</ele>
      <time>2024-08-03T13:48:26Z</time>
    </trkpt>
    <trkpt lat="50.6239689" lon="6.4065875">
      <ele>301.8</ele>
      <time>2024-08-03T13:48:36Z</time>
    </trkpt>
    <trkpt lat="50.6239656" lon="6.4065594">
      <ele>301.8</ele>
      <time>2024-08-03T13:48:47Z</time>
    </trkpt>
    <trkpt lat="50.6239693" lon="6.4065427">
      <ele>301.4</ele>
      <time>2024-08-03T13:48:55Z</time>
    </trkpt>
    <trkpt lat="50.6239738" lon="6.4065257">
      <ele>301.2</ele>
      <time>2024-08-03T13:48:58Z</time>
    </trkpt>
    <trkpt lat="50.6239872" lon="6.4065115">
      <ele>301.0</ele>
      <time>2024-08-03T13:49:00Z</time>
    </trkpt>
    <trkpt lat="50.6239896" lon="6.4065110">
      <ele>301.0</ele>
      <time>2024-08-03T13:49:02Z</time>
    </trkpt>
    <trkpt lat="50.6240526" lon="6.4063457">
      <ele>300.4</ele>
      <time>2024-08-03T13:49:09Z</time>
    </trkpt>
    <trkpt lat="50.6241243" lon="6.4061916">
      <ele>300.0</ele>
      <time>2024-08-03T13:49:15Z</time>
    </trkpt>
    <trkpt lat="50.6241303" lon="6.4061806">
      <ele>300.0</ele>
      <time>2024-08-03T13:49:16Z</time>
    </trkpt>
    <trkpt lat="50.6241329" lon="6.4061560">
      <ele>299.8</ele>
      <time>2024-08-03T13:49:19Z</time>
    </trkpt>
    <trkpt lat="50.6241577" lon="6.4061030">
      <ele>299.6</ele>
      <time>2024-08-03T13:49:23Z</time>
    </trkpt>
    <trkpt lat="50.6241968" lon="6.4060043">
      <ele>299.2</ele>
      <time>2024-08-03T13:49:25Z</time>
    </trkpt>
    <trkpt lat="50.6242222" lon="6.4059423">
      <ele>299.0</ele>
      <time>2024-08-03T13:49:28Z</time>
    </trkpt>
    <trkpt lat="50.6242388" lon="6.4059132">
      <ele>299.0</ele>
      <time>2024-08-03T13:49:30Z</time>
    </trkpt>
    <trkpt lat="50.6242575" lon="6.4058425">
      <ele>298.6</ele>
      <time>2024-08-03T13:49:34Z</time>
    </trkpt>
    <trkpt lat="50.6242683" lon="6.4058243">
      <ele>298.2</ele>
      <time>2024-08-03T13:49:40Z</time>
    </trkpt>
    <trkpt lat="50.6243237" lon="6.4056974">
      <ele>297.8</ele>
      <time>2024-08-03T13:49:48Z</time>
    </trkpt>
    <trkpt lat="50.6243237" lon="6.4056974">
      <ele>297.8</ele>
      <time>2024-08-03T13:49:54Z</time>
    </trkpt>
    <trkpt lat="50.6243305" lon="6.4056877">
      <ele>297.6</ele>
      <time>2024-08-03T13:50:04Z</time>
    </trkpt>
    <trkpt lat="50.6243413" lon="6.4056734">
      <ele>297.6</ele>
      <time>2024-08-03T13:50:05Z</time>
    </trkpt>
    <trkpt lat="50.6243736" lon="6.4056325">
      <ele>297.6</ele>
      <time>2024-08-03T13:50:10Z</time>
    </trkpt>
    <trkpt lat="50.6243736" lon="6.4056325">
      <ele>297.2</ele>
      <time>2024-08-03T13:50:16Z</time>
    </trkpt>
    <trkpt lat="50.6243736" lon="6.4056325">
      <ele>297.2</ele>
      <time>2024-08-03T13:50:25Z</time>
    </trkpt>
    <trkpt lat="50.6243736" lon="6.4056325">
      <ele>297.2</ele>
      <time>2024-08-03T13:50:34Z</time>
    </trkpt>
    <trkpt lat="50.6243842" lon="6.4056287">
      <ele>297.2</ele>
      <time>2024-08-03T13:50:44Z</time>
    </trkpt>
    <trkpt lat="50.6244019" lon="6.4056304">
      <ele>297.2</ele>
      <time>2024-08-03T13:50:45Z</time>
    </trkpt>
    <trkpt lat="50.6244373" lon="6.4056304">
      <ele>297.2</ele>
      <time>2024-08-03T13:50:47Z</time>
    </trkpt>
    <trkpt lat="50.6244651" lon="6.4056250">
      <ele>297.0</ele>
      <time>2024-08-03T13:50:49Z</time>
    </trkpt>
    <trkpt lat="50.6244997" lon="6.4056161">
      <ele>296.4</ele>
      <time>2024-08-03T13:50:54Z</time>
    </trkpt>
    <trkpt lat="50.6245140" lon="6.4056051">
      <ele>296.2</ele>
      <time>2024-08-03T13:50:55Z</time>
    </trkpt>
    <trkpt lat="50.6245653" lon="6.4055668">
      <ele>296.0</ele>
      <time>2024-08-03T13:50:57Z</time>
    </trkpt>
    <trkpt lat="50.6245798" lon="6.4055688">
      <ele>295.4</ele>
      <time>2024-08-03T13:51:01Z</time>
    </trkpt>
    <trkpt lat="50.6245798" lon="6.4055688">
      <ele>295.0</ele>
      <time>2024-08-03T13:51:02Z</time>
    </trkpt>
    <trkpt lat="50.6246061" lon="6.4055709">
      <ele>294.4</ele>
      <time>2024-08-03T13:51:10Z</time>
    </trkpt>
    <trkpt lat="50.6246411" lon="6.4055894">
      <ele>294.0</ele>
      <time>2024-08-03T13:51:16Z</time>
    </trkpt>
    <trkpt lat="50.6246490" lon="6.4055837">
      <ele>293.6</ele>
      <time>2024-08-03T13:51:18Z</time>
    </trkpt>
    <trkpt lat="50.6246701" lon="6.4055746">
      <ele>292.8</ele>
      <time>2024-08-03T13:51:24Z</time>
    </trkpt>
    <trkpt lat="50.6246724" lon="6.4055765">
      <ele>292.8</ele>
      <time>2024-08-03T13:51:25Z</time>
    </trkpt>
    <trkpt lat="50.6246724" lon="6.4055765">
      <ele>291.6</ele>
      <time>2024-08-03T13:51:32Z</time>
    </trkpt>
    <trkpt lat="50.6246724" lon="6.4055765">
      <ele>291.2</ele>
      <time>2024-08-03T13:51:38Z</time>
    </trkpt>
    <trkpt lat="50.6246724" lon="6.4055765">
      <ele>290.8</ele>
      <time>2024-08-03T13:51:57Z</time>
    </trkpt>
    <trkpt lat="50.6246724" lon="6.4055765">
      <ele>290.8</ele>
      <time>2024-08-03T13:52:19Z</time>
    </trkpt>
    <trkpt lat="50.6246919" lon="6.4055745">
      <ele>291.0</ele>
      <time>2024-08-03T13:52:29Z</time>
    </trkpt>
    <trkpt lat="50.6247451" lon="6.4055833">
      <ele>291.0</ele>
      <time>2024-08-03T13:52:35Z</time>
    </trkpt>
    <trkpt lat="50.6247601" lon="6.4056086">
      <ele>290.4</ele>
      <time>2024-08-03T13:52:39Z</time>
    </trkpt>
    <trkpt lat="50.6247812" lon="6.4056229">
      <ele>290.2</ele>
      <time>2024-08-03T13:52:41Z</time>
    </trkpt>
    <trkpt lat="50.6248112" lon="6.4056411">
      <ele>289.2</ele>
      <time>2024-08-03T13:52:45Z</time>
    </trkpt>
    <trkpt lat="50.6248231" lon="6.4056418">
      <ele>289.0</ele>
      <time>2024-08-03T13:52:46Z</time>
    </trkpt>
    <trkpt lat="50.6248568" lon="6.4056509">
      <ele>288.6</ele>
      <time>2024-08-03T13:52:48Z</time>
    </trkpt>
    <trkpt lat="50.6248694" lon="6.4056508">
      <ele>288.2</ele>
      <time>2024-08-03T13:52:50Z</time>
    </trkpt>
    <trkpt lat="50.6248790" lon="6.4056532">
      <ele>288.2</ele>
      <time>2024-08-03T13:52:51Z</time>
    </trkpt>
    <trkpt lat="50.6249037" lon="6.4056620">
      <ele>287.8</ele>
      <time>2024-08-03T13:52:53Z</time>
    </trkpt>
    <trkpt lat="50.6249113" lon="6.4056708">
      <ele>287.6</ele>
      <time>2024-08-03T13:52:56Z</time>
    </trkpt>
    <trkpt lat="50.6249292" lon="6.4056898">
      <ele>286.8</ele>
      <time>2024-08-03T13:53:00Z</time>
    </trkpt>
    <trkpt lat="50.6249402" lon="6.4057005">
      <ele>286.8</ele>
      <time>2024-08-03T13:53:01Z</time>
    </trkpt>
    <trkpt lat="50.6249744" lon="6.4057219">
      <ele>286.2</ele>
      <time>2024-08-03T13:53:03Z</time>
    </trkpt>
    <trkpt lat="50.6249974" lon="6.4057348">
      <ele>286.0</ele>
      <time>2024-08-03T13:53:05Z</time>
    </trkpt>
    <trkpt lat="50.6250396" lon="6.4057561">
      <ele>285.8</ele>
      <time>2024-08-03T13:53:08Z</time>
    </trkpt>
    <trkpt lat="50.6250526" lon="6.4057666">
      <ele>285.2</ele>
      <time>2024-08-03T13:53:09Z</time>
    </trkpt>
    <trkpt lat="50.6250611" lon="6.4057783">
      <ele>284.6</ele>
      <time>2024-08-03T13:53:10Z</time>
    </trkpt>
    <trkpt lat="50.6250770" lon="6.4057852">
      <ele>284.4</ele>
      <time>2024-08-03T13:53:12Z</time>
    </trkpt>
    <trkpt lat="50.6251013" lon="6.4058000">
      <ele>284.0</ele>
      <time>2024-08-03T13:53:14Z</time>
    </trkpt>
    <trkpt lat="50.6251363" lon="6.4058317">
      <ele>283.4</ele>
      <time>2024-08-03T13:53:18Z</time>
    </trkpt>
    <trkpt lat="50.6251535" lon="6.4058325">
      <ele>283.2</ele>
      <time>2024-08-03T13:53:19Z</time>
    </trkpt>
    <trkpt lat="50.6251646" lon="6.4058442">
      <ele>283.2</ele>
      <time>2024-08-03T13:53:20Z</time>
    </trkpt>
    <trkpt lat="50.6252061" lon="6.4058943">
      <ele>282.2</ele>
      <time>2024-08-03T13:53:24Z</time>
    </trkpt>
    <trkpt lat="50.6252894" lon="6.4059226">
      <ele>281.4</ele>
      <time>2024-08-03T13:53:29Z</time>
    </trkpt>
    <trkpt lat="50.6253079" lon="6.4059458">
      <ele>281.0</ele>
      <time>2024-08-03T13:53:31Z</time>
    </trkpt>
    <trkpt lat="50.6253079" lon="6.4059458">
      <ele>280.0</ele>
      <time>2024-08-03T13:53:35Z</time>
    </trkpt>
    <trkpt lat="50.6253112" lon="6.4059478">
      <ele>279.8</ele>
      <time>2024-08-03T13:53:36Z</time>
    </trkpt>
    <trkpt lat="50.6253726" lon="6.4059881">
      <ele>279.2</ele>
      <time>2024-08-03T13:53:41Z</time>
    </trkpt>
    <trkpt lat="50.6253823" lon="6.4059983">
      <ele>279.0</ele>
      <time>2024-08-03T13:53:42Z</time>
    </trkpt>
    <trkpt lat="50.6254250" lon="6.4060309">
      <ele>278.0</ele>
      <time>2024-08-03T13:53:46Z</time>
    </trkpt>
    <trkpt lat="50.6254370" lon="6.4060337">
      <ele>277.6</ele>
      <time>2024-08-03T13:53:47Z</time>
    </trkpt>
    <trkpt lat="50.6254419" lon="6.4060456">
      <ele>277.4</ele>
      <time>2024-08-03T13:53:48Z</time>
    </trkpt>
    <trkpt lat="50.6254635" lon="6.4060656">
      <ele>277.2</ele>
      <time>2024-08-03T13:53:50Z</time>
    </trkpt>
    <trkpt lat="50.6254784" lon="6.4060728">
      <ele>277.0</ele>
      <time>2024-08-03T13:53:51Z</time>
    </trkpt>
    <trkpt lat="50.6254869" lon="6.4060830">
      <ele>276.6</ele>
      <time>2024-08-03T13:53:52Z</time>
    </trkpt>
    <trkpt lat="50.6255008" lon="6.4061203">
      <ele>275.8</ele>
      <time>2024-08-03T13:53:56Z</time>
    </trkpt>
    <trkpt lat="50.6255219" lon="6.4061363">
      <ele>275.4</ele>
      <time>2024-08-03T13:53:59Z</time>
    </trkpt>
    <trkpt lat="50.6255254" lon="6.4061352">
      <ele>275.4</ele>
      <time>2024-08-03T13:54:00Z</time>
    </trkpt>
    <trkpt lat="50.6255406" lon="6.4061400">
      <ele>275.2</ele>
      <time>2024-08-03T13:54:02Z</time>
    </trkpt>
    <trkpt lat="50.6255978" lon="6.4061801">
      <ele>274.4</ele>
      <time>2024-08-03T13:54:08Z</time>
    </trkpt>
    <trkpt lat="50.6256218" lon="6.4062101">
      <ele>274.2</ele>
      <time>2024-08-03T13:54:10Z</time>
    </trkpt>
    <trkpt lat="50.6256379" lon="6.4062289">
      <ele>273.4</ele>
      <time>2024-08-03T13:54:15Z</time>
    </trkpt>
    <trkpt lat="50.6256379" lon="6.4062289">
      <ele>273.2</ele>
      <time>2024-08-03T13:54:17Z</time>
    </trkpt>
    <trkpt lat="50.6256379" lon="6.4062289">
      <ele>272.8</ele>
      <time>2024-08-03T13:54:26Z</time>
    </trkpt>
    <trkpt lat="50.6256317" lon="6.4062492">
      <ele>272.4</ele>
      <time>2024-08-03T13:54:33Z</time>
    </trkpt>
    <trkpt lat="50.6256233" lon="6.4063121">
      <ele>272.2</ele>
      <time>2024-08-03T13:54:37Z</time>
    </trkpt>
    <trkpt lat="50.6256093" lon="6.4063382">
      <ele>272.2</ele>
      <time>2024-08-03T13:54:39Z</time>
    </trkpt>
    <trkpt lat="50.6256087" lon="6.4064135">
      <ele>272.2</ele>
      <time>2024-08-03T13:54:47Z</time>
    </trkpt>
    <trkpt lat="50.6255971" lon="6.4064650">
      <ele>272.0</ele>
      <time>2024-08-03T13:54:56Z</time>
    </trkpt>
    <trkpt lat="50.6256044" lon="6.4064840">
      <ele>271.8</ele>
      <time>2024-08-03T13:55:06Z</time>
    </trkpt>
    <trkpt lat="50.6256001" lon="6.4065298">
      <ele>271.6</ele>
      <time>2024-08-03T13:55:12Z</time>
    </trkpt>
    <trkpt lat="50.6255972" lon="6.4065851">
      <ele>271.8</ele>
      <time>2024-08-03T13:55:15Z</time>
    </trkpt>
    <trkpt lat="50.6255991" lon="6.4065919">
      <ele>271.8</ele>
      <time>2024-08-03T13:55:16Z</time>
    </trkpt>
    <trkpt lat="50.6255715" lon="6.4066820">
      <ele>272.0</ele>
      <time>2024-08-03T13:55:23Z</time>
    </trkpt>
    <trkpt lat="50.6255606" lon="6.4067183">
      <ele>272.2</ele>
      <time>2024-08-03T13:55:29Z</time>
    </trkpt>
    <trkpt lat="50.6255588" lon="6.4067260">
      <ele>272.4</ele>
      <time>2024-08-03T13:55:33Z</time>
    </trkpt>
    <trkpt lat="50.6255533" lon="6.4067470">
      <ele>272.6</ele>
      <time>2024-08-03T13:55:41Z</time>
    </trkpt>
    <trkpt lat="50.6255422" lon="6.4067675">
      <ele>272.6</ele>
      <time>2024-08-03T13:55:46Z</time>
    </trkpt>
    <trkpt lat="50.6255379" lon="6.4068887">
      <ele>272.8</ele>
      <time>2024-08-03T13:55:51Z</time>
    </trkpt>
    <trkpt lat="50.6255524" lon="6.4070348">
      <ele>272.6</ele>
      <time>2024-08-03T13:55:57Z</time>
    </trkpt>
    <trkpt lat="50.6255838" lon="6.4071094">
      <ele>272.2</ele>
      <time>2024-08-03T13:56:03Z</time>
    </trkpt>
    <trkpt lat="50.6255805" lon="6.4071250">
      <ele>271.6</ele>
      <time>2024-08-03T13:56:07Z</time>
    </trkpt>
    <trkpt lat="50.6255805" lon="6.4071250">
      <ele>271.4</ele>
      <time>2024-08-03T13:56:09Z</time>
    </trkpt>
    <trkpt lat="50.6256014" lon="6.4071719">
      <ele>270.8</ele>
      <time>2024-08-03T13:56:12Z</time>
    </trkpt>
    <trkpt lat="50.6256141" lon="6.4071879">
      <ele>270.4</ele>
      <time>2024-08-03T13:56:15Z</time>
    </trkpt>
    <trkpt lat="50.6256502" lon="6.4072650">
      <ele>269.8</ele>
      <time>2024-08-03T13:56:19Z</time>
    </trkpt>
    <trkpt lat="50.6256553" lon="6.4072829">
      <ele>269.6</ele>
      <time>2024-08-03T13:56:20Z</time>
    </trkpt>
    <trkpt lat="50.6256887" lon="6.4073453">
      <ele>269.4</ele>
      <time>2024-08-03T13:56:23Z</time>
    </trkpt>
    <trkpt lat="50.6256985" lon="6.4073589">
      <ele>269.2</ele>
      <time>2024-08-03T13:56:24Z</time>
    </trkpt>
    <trkpt lat="50.6257180" lon="6.4073861">
      <ele>268.4</ele>
      <time>2024-08-03T13:56:28Z</time>
    </trkpt>
    <trkpt lat="50.6257239" lon="6.4073981">
      <ele>268.0</ele>
      <time>2024-08-03T13:56:29Z</time>
    </trkpt>
    <trkpt lat="50.6257462" lon="6.4074576">
      <ele>267.6</ele>
      <time>2024-08-03T13:56:33Z</time>
    </trkpt>
    <trkpt lat="50.6257515" lon="6.4074932">
      <ele>267.2</ele>
      <time>2024-08-03T13:56:43Z</time>
    </trkpt>
    <trkpt lat="50.6257550" lon="6.4075170">
      <ele>266.8</ele>
      <time>2024-08-03T13:56:47Z</time>
    </trkpt>
    <trkpt lat="50.6257682" lon="6.4075610">
      <ele>266.6</ele>
      <time>2024-08-03T13:56:51Z</time>
    </trkpt>
    <trkpt lat="50.6257854" lon="6.4076528">
      <ele>266.0</ele>
      <time>2024-08-03T13:56:57Z</time>
    </trkpt>
    <trkpt lat="50.6257858" lon="6.4076755">
      <ele>266.0</ele>
      <time>2024-08-03T13:56:58Z</time>
    </trkpt>
    <trkpt lat="50.6257761" lon="6.4077249">
      <ele>266.0</ele>
      <time>2024-08-03T13:57:00Z</time>
    </trkpt>
    <trkpt lat="50.6257778" lon="6.4077396">
      <ele>266.2</ele>
      <time>2024-08-03T13:57:01Z</time>
    </trkpt>
    <trkpt lat="50.6257854" lon="6.4077703">
      <ele>266.4</ele>
      <time>2024-08-03T13:57:03Z</time>
    </trkpt>
    <trkpt lat="50.6257935" lon="6.4077893">
      <ele>266.6</ele>
      <time>2024-08-03T13:57:06Z</time>
    </trkpt>
    <trkpt lat="50.6257935" lon="6.4077893">
      <ele>266.6</ele>
      <time>2024-08-03T13:57:17Z</time>
    </trkpt>
  </trkseg></trk>
</gpx>
