<?xml version="1.0" encoding="UTF-8"?>
<gpx version="1.1" creator="Diary FIT converter" xmlns="http://www.topografix.com/GPX/1/1">
  <trk><name>Cycling</name><trkseg>
    <trkpt lat="51.1960384" lon="6.4458322">
      <ele>55.4</ele>
      <time>2025-09-14T08:24:02Z</time>
    </trkpt>
    <trkpt lat="51.1961336" lon="6.4459142">
      <ele>55.4</ele>
      <time>2025-09-14T08:24:11Z</time>
    </trkpt>
    <trkpt lat="51.1961469" lon="6.4459228">
      <ele>55.6</ele>
      <time>2025-09-14T08:24:13Z</time>
    </trkpt>
    <trkpt lat="51.1961855" lon="6.4459686">
      <ele>55.8</ele>
      <time>2025-09-14T08:24:17Z</time>
    </trkpt>
    <trkpt lat="51.1962264" lon="6.4459980">
      <ele>56.0</ele>
      <time>2025-09-14T08:24:22Z</time>
    </trkpt>
    <trkpt lat="51.1962417" lon="6.4460140">
      <ele>56.0</ele>
      <time>2025-09-14T08:24:24Z</time>
    </trkpt>
    <trkpt lat="51.1962440" lon="6.4460217">
      <ele>56.0</ele>
      <time>2025-09-14T08:24:25Z</time>
    </trkpt>
    <trkpt lat="51.1962762" lon="6.4461217">
      <ele>56.0</ele>
      <time>2025-09-14T08:24:30Z</time>
    </trkpt>
    <trkpt lat="51.1963308" lon="6.4462372">
      <ele>56.0</ele>
      <time>2025-09-14T08:24:42Z</time>
    </trkpt>
    <trkpt lat="51.1963372" lon="6.4462546">
      <ele>56.0</ele>
      <time>2025-09-14T08:24:53Z</time>
    </trkpt>
    <trkpt lat="51.1963372" lon="6.4462546">
      <ele>54.6</ele>
      <time>2025-09-14T08:24:59Z</time>
    </trkpt>
    <trkpt lat="51.1963372" lon="6.4462546">
      <ele>53.4</ele>
      <time>2025-09-14T08:25:04Z</time>
    </trkpt>
    <trkpt lat="51.1963379" lon="6.4462546">
      <ele>52.2</ele>
      <time>2025-09-14T08:25:07Z</time>
    </trkpt>
    <trkpt lat="51.1969895" lon="6.4455735">
      <ele>51.6</ele>
      <time>2025-09-14T08:26:11Z</time>
    </trkpt>
    <trkpt lat="51.1969014" lon="6.4455061">
      <ele>51.6</ele>
      <time>2025-09-14T08:26:16Z</time>
    </trkpt>
    <trkpt lat="51.1969064" lon="6.4453473">
      <ele>51.4</ele>
      <time>2025-09-14T08:26:23Z</time>
    </trkpt>
    <trkpt lat="51.1969088" lon="6.4453254">
      <ele>51.4</ele>
      <time>2025-09-14T08:26:24Z</time>
    </trkpt>
    <trkpt lat="51.1968755" lon="6.4452645">
      <ele>51.4</ele>
      <time>2025-09-14T08:26:30Z</time>
    </trkpt>
    <trkpt lat="51.1968589" lon="6.4451809">
      <ele>51.4</ele>
      <time>2025-09-14T08:26:35Z</time>
    </trkpt>
    <trkpt lat="51.1968565" lon="6.4451582">
      <ele>51.4</ele>
      <time>2025-09-14T08:26:37Z</time>
    </trkpt>
    <trkpt lat="51.1969231" lon="6.4450769">
      <ele>51.4</ele>
      <time>2025-09-14T08:26:40Z</time>
    </trkpt>
    <trkpt lat="51.1969242" lon="6.4450613">
      <ele>51.4</ele>
      <time>2025-09-14T08:26:41Z</time>
    </trkpt>
    <trkpt lat="51.1969766" lon="6.4450654">
      <ele>51.6</ele>
      <time>2025-09-14T08:26:45Z</time>
    </trkpt>
    <trkpt lat="51.1970370" lon="6.4449661">
      <ele>51.4</ele>
      <time>2025-09-14T08:26:57Z</time>
    </trkpt>
    <trkpt lat="51.1970490" lon="6.4449527">
      <ele>51.2</ele>
      <time>2025-09-14T08:26:59Z</time>
    </trkpt>
    <trkpt lat="51.1970680" lon="6.4449267">
      <ele>51.2</ele>
      <time>2025-09-14T08:27:04Z</time>
    </trkpt>
    <trkpt lat="51.1970615" lon="6.4449148">
      <ele>51.2</ele>
      <time>2025-09-14T08:27:16Z</time>
    </trkpt>
    <trkpt lat="51.1970792" lon="6.4449103">
      <ele>51.2</ele>
      <time>2025-09-14T08:27:18Z</time>
    </trkpt>
    <trkpt lat="51.1971159" lon="6.4449269">
      <ele>51.0</ele>
      <time>2025-09-14T08:27:20Z</time>
    </trkpt>
    <trkpt lat="51.1972103" lon="6.4450892">
      <ele>50.8</ele>
      <time>2025-09-14T08:27:25Z</time>
    </trkpt>
    <trkpt lat="51.1973941" lon="6.4453948">
      <ele>50.2</ele>
      <time>2025-09-14T08:27:33Z</time>
    </trkpt>
    <trkpt lat="51.1975227" lon="6.4454558">
      <ele>50.0</ele>
      <time>2025-09-14T08:27:37Z</time>
    </trkpt>
    <trkpt lat="51.1976367" lon="6.4454006">
      <ele>49.8</ele>
      <time>2025-09-14T08:27:41Z</time>
    </trkpt>
    <trkpt lat="51.1976596" lon="6.4453787">
      <ele>49.8</ele>
      <time>2025-09-14T08:27:42Z</time>
    </trkpt>
    <trkpt lat="51.1976601" lon="6.4452815">
      <ele>49.8</ele>
      <time>2025-09-14T08:27:43Z</time>
    </trkpt>
    <trkpt lat="51.1976534" lon="6.4452143">
      <ele>49.8</ele>
      <time>2025-09-14T08:27:44Z</time>
    </trkpt>
    <trkpt lat="51.1976479" lon="6.4451300">
      <ele>49.8</ele>
      <time>2025-09-14T08:27:45Z</time>
    </trkpt>
    <trkpt lat="51.1975667" lon="6.4449412">
      <ele>49.6</ele>
      <time>2025-09-14T08:27:48Z</time>
    </trkpt>
    <trkpt lat="51.1973166" lon="6.4444721">
      <ele>49.0</ele>
      <time>2025-09-14T08:27:56Z</time>
    </trkpt>
    <trkpt lat="51.1970678" lon="6.4441068">
      <ele>49.0</ele>
      <time>2025-09-14T08:28:03Z</time>
    </trkpt>
    <trkpt lat="51.1970402" lon="6.4440483">
      <ele>49.0</ele>
      <time>2025-09-14T08:28:04Z</time>
    </trkpt>
    <trkpt lat="51.1970248" lon="6.4439829">
      <ele>49.0</ele>
      <time>2025-09-14T08:28:05Z</time>
    </trkpt>
    <trkpt lat="51.1970329" lon="6.4438509">
      <ele>49.0</ele>
      <time>2025-09-14T08:28:07Z</time>
    </trkpt>
    <trkpt lat="51.1970858" lon="6.4437213">
      <ele>49.2</ele>
      <time>2025-09-14T08:28:09Z</time>
    </trkpt>
    <trkpt lat="51.1971858" lon="6.4435172">
      <ele>49.4</ele>
      <time>2025-09-14T08:28:12Z</time>
    </trkpt>
    <trkpt lat="51.1973381" lon="6.4430895">
      <ele>49.0</ele>
      <time>2025-09-14T08:28:18Z</time>
    </trkpt>
    <trkpt lat="51.1974911" lon="6.4426954">
      <ele>49.4</ele>
      <time>2025-09-14T08:28:24Z</time>
    </trkpt>
    <trkpt lat="51.1975027" lon="6.4426252">
      <ele>49.6</ele>
      <time>2025-09-14T08:28:25Z</time>
    </trkpt>
    <trkpt lat="51.1975116" lon="6.4425524">
      <ele>49.6</ele>
      <time>2025-09-14T08:28:26Z</time>
    </trkpt>
    <trkpt lat="51.1975136" lon="6.4424129">
      <ele>49.6</ele>
      <time>2025-09-14T08:28:28Z</time>
    </trkpt>
    <trkpt lat="51.1974919" lon="6.4422830">
      <ele>49.6</ele>
      <time>2025-09-14T08:28:30Z</time>
    </trkpt>
    <trkpt lat="51.1973897" lon="6.4420736">
      <ele>49.6</ele>
      <time>2025-09-14T08:28:34Z</time>
    </trkpt>
    <trkpt lat="51.1972967" lon="6.4419300">
      <ele>49.6</ele>
      <time>2025-09-14T08:28:37Z</time>
    </trkpt>
    <trkpt lat="51.1972651" lon="6.4418875">
      <ele>49.6</ele>
      <time>2025-09-14T08:28:38Z</time>
    </trkpt>
    <trkpt lat="51.1970577" lon="6.4414206">
      <ele>50.2</ele>
      <time>2025-09-14T08:28:45Z</time>
    </trkpt>
    <trkpt lat="51.1969609" lon="6.4412407">
      <ele>50.6</ele>
      <time>2025-09-14T08:28:48Z</time>
    </trkpt>
    <trkpt lat="51.1968987" lon="6.4411052">
      <ele>51.0</ele>
      <time>2025-09-14T08:28:50Z</time>
    </trkpt>
    <trkpt lat="51.1968703" lon="6.4410312">
      <ele>51.0</ele>
      <time>2025-09-14T08:28:51Z</time>
    </trkpt>
    <trkpt lat="51.1967750" lon="6.4408370">
      <ele>51.8</ele>
      <time>2025-09-14T08:28:54Z</time>
    </trkpt>
    <trkpt lat="51.1967099" lon="6.4407302">
      <ele>52.2</ele>
      <time>2025-09-14T08:28:56Z</time>
    </trkpt>
    <trkpt lat="51.1966783" lon="6.4406687">
      <ele>52.4</ele>
      <time>2025-09-14T08:28:57Z</time>
    </trkpt>
    <trkpt lat="51.1966451" lon="6.4406037">
      <ele>52.4</ele>
      <time>2025-09-14T08:28:58Z</time>
    </trkpt>
    <trkpt lat="51.1965570" lon="6.4404152">
      <ele>53.0</ele>
      <time>2025-09-14T08:29:01Z</time>
    </trkpt>
    <trkpt lat="51.1964899" lon="6.4402803">
      <ele>53.2</ele>
      <time>2025-09-14T08:29:03Z</time>
    </trkpt>
    <trkpt lat="51.1964534" lon="6.4402157">
      <ele>53.4</ele>
      <time>2025-09-14T08:29:04Z</time>
    </trkpt>
    <trkpt lat="51.1963771" lon="6.4400861">
      <ele>53.4</ele>
      <time>2025-09-14T08:29:06Z</time>
    </trkpt>
    <trkpt lat="51.1963354" lon="6.4400289">
      <ele>53.6</ele>
      <time>2025-09-14T08:29:07Z</time>
    </trkpt>
    <trkpt lat="51.1961969" lon="6.4398693">
      <ele>54.4</ele>
      <time>2025-09-14T08:29:10Z</time>
    </trkpt>
    <trkpt lat="51.1961027" lon="6.4397761">
      <ele>54.6</ele>
      <time>2025-09-14T08:29:12Z</time>
    </trkpt>
    <trkpt lat="51.1960093" lon="6.4395943">
      <ele>55.0</ele>
      <time>2025-09-14T08:29:15Z</time>
    </trkpt>
    <trkpt lat="51.1959724" lon="6.4395388">
      <ele>55.0</ele>
      <time>2025-09-14T08:29:16Z</time>
    </trkpt>
    <trkpt lat="51.1958742" lon="6.4393788">
      <ele>55.4</ele>
      <time>2025-09-14T08:29:19Z</time>
    </trkpt>
    <trkpt lat="51.1958422" lon="6.4393289">
      <ele>55.8</ele>
      <time>2025-09-14T08:29:20Z</time>
    </trkpt>
    <trkpt lat="51.1957135" lon="6.4391005">
      <ele>56.4</ele>
      <time>2025-09-14T08:29:24Z</time>
    </trkpt>
    <trkpt lat="51.1956585" lon="6.4389985">
      <ele>56.6</ele>
      <time>2025-09-14T08:29:26Z</time>
    </trkpt>
    <trkpt lat="51.1956025" lon="6.4388825">
      <ele>56.8</ele>
      <time>2025-09-14T08:29:28Z</time>
    </trkpt>
    <trkpt lat="51.1955213" lon="6.4387149">
      <ele>57.8</ele>
      <time>2025-09-14T08:29:31Z</time>
    </trkpt>
    <trkpt lat="51.1954929" lon="6.4386575">
      <ele>58.2</ele>
      <time>2025-09-14T08:29:32Z</time>
    </trkpt>
    <trkpt lat="51.1953106" lon="6.4382982">
      <ele>59.0</ele>
      <time>2025-09-14T08:29:38Z</time>
    </trkpt>
    <trkpt lat="51.1952872" lon="6.4382368">
      <ele>59.0</ele>
      <time>2025-09-14T08:29:39Z</time>
    </trkpt>
    <trkpt lat="51.1952628" lon="6.4381740">
      <ele>59.0</ele>
      <time>2025-09-14T08:29:40Z</time>
    </trkpt>
    <trkpt lat="51.1952373" lon="6.4381134">
      <ele>59.2</ele>
      <time>2025-09-14T08:29:41Z</time>
    </trkpt>
    <trkpt lat="51.1952189" lon="6.4380518">
      <ele>59.2</ele>
      <time>2025-09-14T08:29:42Z</time>
    </trkpt>
    <trkpt lat="51.1952172" lon="6.4379571">
      <ele>59.4</ele>
      <time>2025-09-14T08:29:43Z</time>
    </trkpt>
    <trkpt lat="51.1952247" lon="6.4378646">
      <ele>59.6</ele>
      <time>2025-09-14T08:29:44Z</time>
    </trkpt>
    <trkpt lat="51.1952382" lon="6.4376956">
      <ele>60.2</ele>
      <time>2025-09-14T08:29:46Z</time>
    </trkpt>
    <trkpt lat="51.1952506" lon="6.4375588">
      <ele>60.8</ele>
      <time>2025-09-14T08:29:48Z</time>
    </trkpt>
    <trkpt lat="51.1952526" lon="6.4374307">
      <ele>61.6</ele>
      <time>2025-09-14T08:29:50Z</time>
    </trkpt>
    <trkpt lat="51.1952462" lon="6.4371931">
      <ele>62.8</ele>
      <time>2025-09-14T08:29:54Z</time>
    </trkpt>
    <trkpt lat="51.1952453" lon="6.4370809">
      <ele>63.6</ele>
      <time>2025-09-14T08:29:56Z</time>
    </trkpt>
    <trkpt lat="51.1952379" lon="6.4370222">
      <ele>64.2</ele>
      <time>2025-09-14T08:29:57Z</time>
    </trkpt>
    <trkpt lat="51.1952088" lon="6.4367918">
      <ele>65.4</ele>
      <time>2025-09-14T08:30:01Z</time>
    </trkpt>
    <trkpt lat="51.1952137" lon="6.4364824">
      <ele>65.8</ele>
      <time>2025-09-14T08:30:06Z</time>
    </trkpt>
    <trkpt lat="51.1952130" lon="6.4361631">
      <ele>66.4</ele>
      <time>2025-09-14T08:30:11Z</time>
    </trkpt>
    <trkpt lat="51.1952169" lon="6.4358724">
      <ele>67.4</ele>
      <time>2025-09-14T08:30:16Z</time>
    </trkpt>
    <trkpt lat="51.1952357" lon="6.4355878">
      <ele>68.8</ele>
      <time>2025-09-14T08:30:21Z</time>
    </trkpt>
    <trkpt lat="51.1952290" lon="6.4354248">
      <ele>69.6</ele>
      <time>2025-09-14T08:30:24Z</time>
    </trkpt>
    <trkpt lat="51.1952292" lon="6.4353707">
      <ele>69.8</ele>
      <time>2025-09-14T08:30:25Z</time>
    </trkpt>
    <trkpt lat="51.1952308" lon="6.4350968">
      <ele>70.8</ele>
      <time>2025-09-14T08:30:30Z</time>
    </trkpt>
    <trkpt lat="51.1952330" lon="6.4350431">
      <ele>71.0</ele>
      <time>2025-09-14T08:30:31Z</time>
    </trkpt>
    <trkpt lat="51.1952359" lon="6.4348964">
      <ele>71.6</ele>
      <time>2025-09-14T08:30:34Z</time>
    </trkpt>
    <trkpt lat="51.1952381" lon="6.4348580">
      <ele>72.2</ele>
      <time>2025-09-14T08:30:35Z</time>
    </trkpt>
    <trkpt lat="51.1952402" lon="6.4348218">
      <ele>72.4</ele>
      <time>2025-09-14T08:30:36Z</time>
    </trkpt>
    <trkpt lat="51.1952399" lon="6.4347527">
      <ele>72.8</ele>
      <time>2025-09-14T08:30:38Z</time>
    </trkpt>
    <trkpt lat="51.1952388" lon="6.4347188">
      <ele>73.4</ele>
      <time>2025-09-14T08:30:39Z</time>
    </trkpt>
    <trkpt lat="51.1952475" lon="6.4346671">
      <ele>73.6</ele>
      <time>2025-09-14T08:30:40Z</time>
    </trkpt>
    <trkpt lat="51.1953114" lon="6.4342887">
      <ele>74.4</ele>
      <time>2025-09-14T08:30:46Z</time>
    </trkpt>
    <trkpt lat="51.1954303" lon="6.4340608">
      <ele>75.2</ele>
      <time>2025-09-14T08:30:51Z</time>
    </trkpt>
    <trkpt lat="51.1954583" lon="6.4340244">
      <ele>75.4</ele>
      <time>2025-09-14T08:30:52Z</time>
    </trkpt>
    <trkpt lat="51.1955290" lon="6.4339057">
      <ele>76.0</ele>
      <time>2025-09-14T08:30:54Z</time>
    </trkpt>
    <trkpt lat="51.1955828" lon="6.4338481">
      <ele>76.0</ele>
      <time>2025-09-14T08:30:55Z</time>
    </trkpt>
    <trkpt lat="51.1956600" lon="6.4337633">
      <ele>76.6</ele>
      <time>2025-09-14T08:30:57Z</time>
    </trkpt>
    <trkpt lat="51.1958289" lon="6.4335750">
      <ele>76.8</ele>
      <time>2025-09-14T08:31:01Z</time>
    </trkpt>
    <trkpt lat="51.1961285" lon="6.4331548">
      <ele>75.8</ele>
      <time>2025-09-14T08:31:09Z</time>
    </trkpt>
    <trkpt lat="51.1962230" lon="6.4329653">
      <ele>76.0</ele>
      <time>2025-09-14T08:31:14Z</time>
    </trkpt>
    <trkpt lat="51.1962265" lon="6.4329594">
      <ele>76.8</ele>
      <time>2025-09-14T08:31:19Z</time>
    </trkpt>
    <trkpt lat="51.1962782" lon="6.4328708">
      <ele>77.0</ele>
      <time>2025-09-14T08:31:25Z</time>
    </trkpt>
    <trkpt lat="51.1963459" lon="6.4326912">
      <ele>76.8</ele>
      <time>2025-09-14T08:31:29Z</time>
    </trkpt>
    <trkpt lat="51.1963529" lon="6.4325597">
      <ele>76.8</ele>
      <time>2025-09-14T08:31:31Z</time>
    </trkpt>
    <trkpt lat="51.1963230" lon="6.4324162">
      <ele>76.8</ele>
      <time>2025-09-14T08:31:33Z</time>
    </trkpt>
    <trkpt lat="51.1962226" lon="6.4321369">
      <ele>76.6</ele>
      <time>2025-09-14T08:31:37Z</time>
    </trkpt>
    <trkpt lat="51.1962011" lon="6.4320486">
      <ele>76.4</ele>
      <time>2025-09-14T08:31:38Z</time>
    </trkpt>
    <trkpt lat="51.1961593" lon="6.4319129">
      <ele>76.4</ele>
      <time>2025-09-14T08:31:40Z</time>
    </trkpt>
    <trkpt lat="51.1961171" lon="6.4317855">
      <ele>76.4</ele>
      <time>2025-09-14T08:31:42Z</time>
    </trkpt>
    <trkpt lat="51.1960447" lon="6.4314596">
      <ele>77.0</ele>
      <time>2025-09-14T08:31:46Z</time>
    </trkpt>
    <trkpt lat="51.1960165" lon="6.4312706">
      <ele>77.2</ele>
      <time>2025-09-14T08:31:48Z</time>
    </trkpt>
    <trkpt lat="51.1959984" lon="6.4311870">
      <ele>77.2</ele>
      <time>2025-09-14T08:31:49Z</time>
    </trkpt>
    <trkpt lat="51.1959523" lon="6.4310212">
      <ele>77.4</ele>
      <time>2025-09-14T08:31:51Z</time>
    </trkpt>
    <trkpt lat="51.1958823" lon="6.4308871">
      <ele>77.2</ele>
      <time>2025-09-14T08:31:53Z</time>
    </trkpt>
    <trkpt lat="51.1957577" lon="6.4304357">
      <ele>76.4</ele>
      <time>2025-09-14T08:31:57Z</time>
    </trkpt>
    <trkpt lat="51.1956979" lon="6.4299974">
      <ele>75.2</ele>
      <time>2025-09-14T08:32:00Z</time>
    </trkpt>
    <trkpt lat="51.1956407" lon="6.4297466">
      <ele>74.0</ele>
      <time>2025-09-14T08:32:02Z</time>
    </trkpt>
    <trkpt lat="51.1956115" lon="6.4296335">
      <ele>73.8</ele>
      <time>2025-09-14T08:32:03Z</time>
    </trkpt>
    <trkpt lat="51.1955831" lon="6.4295191">
      <ele>73.0</ele>
      <time>2025-09-14T08:32:04Z</time>
    </trkpt>
    <trkpt lat="51.1955251" lon="6.4293008">
      <ele>71.8</ele>
      <time>2025-09-14T08:32:06Z</time>
    </trkpt>
    <trkpt lat="51.1954727" lon="6.4290745">
      <ele>70.6</ele>
      <time>2025-09-14T08:32:08Z</time>
    </trkpt>
    <trkpt lat="51.1954500" lon="6.4289544">
      <ele>70.2</ele>
      <time>2025-09-14T08:32:09Z</time>
    </trkpt>
    <trkpt lat="51.1954366" lon="6.4288268">
      <ele>70.0</ele>
      <time>2025-09-14T08:32:10Z</time>
    </trkpt>
    <trkpt lat="51.1954416" lon="6.4286901">
      <ele>69.6</ele>
      <time>2025-09-14T08:32:11Z</time>
    </trkpt>
    <trkpt lat="51.1954588" lon="6.4285501">
      <ele>69.4</ele>
      <time>2025-09-14T08:32:12Z</time>
    </trkpt>
    <trkpt lat="51.1955461" lon="6.4281234">
      <ele>68.4</ele>
      <time>2025-09-14T08:32:15Z</time>
    </trkpt>
    <trkpt lat="51.1956089" lon="6.4278417">
      <ele>67.0</ele>
      <time>2025-09-14T08:32:17Z</time>
    </trkpt>
    <trkpt lat="51.1956375" lon="6.4276974">
      <ele>65.6</ele>
      <time>2025-09-14T08:32:18Z</time>
    </trkpt>
    <trkpt lat="51.1957011" lon="6.4274102">
      <ele>63.8</ele>
      <time>2025-09-14T08:32:20Z</time>
    </trkpt>
    <trkpt lat="51.1957519" lon="6.4271443">
      <ele>62.6</ele>
      <time>2025-09-14T08:32:22Z</time>
    </trkpt>
    <trkpt lat="51.1957760" lon="6.4270203">
      <ele>62.0</ele>
      <time>2025-09-14T08:32:23Z</time>
    </trkpt>
    <trkpt lat="51.1957970" lon="6.4268989">
      <ele>61.8</ele>
      <time>2025-09-14T08:32:24Z</time>
    </trkpt>
    <trkpt lat="51.1958355" lon="6.4266661">
      <ele>60.6</ele>
      <time>2025-09-14T08:32:26Z</time>
    </trkpt>
    <trkpt lat="51.1958740" lon="6.4263423">
      <ele>59.4</ele>
      <time>2025-09-14T08:32:29Z</time>
    </trkpt>
    <trkpt lat="51.1958654" lon="6.4261760">
      <ele>59.2</ele>
      <time>2025-09-14T08:32:31Z</time>
    </trkpt>
    <trkpt lat="51.1958540" lon="6.4261073">
      <ele>59.2</ele>
      <time>2025-09-14T08:32:32Z</time>
    </trkpt>
    <trkpt lat="51.1958439" lon="6.4260434">
      <ele>59.2</ele>
      <time>2025-09-14T08:32:33Z</time>
    </trkpt>
    <trkpt lat="51.1958363" lon="6.4258871">
      <ele>59.2</ele>
      <time>2025-09-14T08:32:36Z</time>
    </trkpt>
    <trkpt lat="51.1958918" lon="6.4257394">
      <ele>59.0</ele>
      <time>2025-09-14T08:32:39Z</time>
    </trkpt>
    <trkpt lat="51.1959071" lon="6.4256746">
      <ele>59.0</ele>
      <time>2025-09-14T08:32:40Z</time>
    </trkpt>
    <trkpt lat="51.1959514" lon="6.4255364">
      <ele>58.8</ele>
      <time>2025-09-14T08:32:42Z</time>
    </trkpt>
    <trkpt lat="51.1959918" lon="6.4253864">
      <ele>58.8</ele>
      <time>2025-09-14T08:32:44Z</time>
    </trkpt>
    <trkpt lat="51.1961199" lon="6.4248046">
      <ele>58.6</ele>
      <time>2025-09-14T08:32:51Z</time>
    </trkpt>
    <trkpt lat="51.1962394" lon="6.4242910">
      <ele>58.4</ele>
      <time>2025-09-14T08:32:56Z</time>
    </trkpt>
    <trkpt lat="51.1962626" lon="6.4241909">
      <ele>58.4</ele>
      <time>2025-09-14T08:32:57Z</time>
    </trkpt>
    <trkpt lat="51.1963906" lon="6.4235732">
      <ele>58.2</ele>
      <time>2025-09-14T08:33:03Z</time>
    </trkpt>
    <trkpt lat="51.1965645" lon="6.4228531">
      <ele>58.0</ele>
      <time>2025-09-14T08:33:10Z</time>
    </trkpt>
    <trkpt lat="51.1966921" lon="6.4223656">
      <ele>58.4</ele>
      <time>2025-09-14T08:33:15Z</time>
    </trkpt>
    <trkpt lat="51.1967129" lon="6.4222926">
      <ele>58.4</ele>
      <time>2025-09-14T08:33:16Z</time>
    </trkpt>
    <trkpt lat="51.1967321" lon="6.4222138">
      <ele>58.4</ele>
      <time>2025-09-14T08:33:17Z</time>
    </trkpt>
    <trkpt lat="51.1967729" lon="6.4220627">
      <ele>58.2</ele>
      <time>2025-09-14T08:33:19Z</time>
    </trkpt>
    <trkpt lat="51.1968269" lon="6.4217610">
      <ele>58.4</ele>
      <time>2025-09-14T08:33:24Z</time>
    </trkpt>
    <trkpt lat="51.1968378" lon="6.4217214">
      <ele>59.0</ele>
      <time>2025-09-14T08:33:28Z</time>
    </trkpt>
    <trkpt lat="51.1968378" lon="6.4217214">
      <ele>59.4</ele>
      <time>2025-09-14T08:33:30Z</time>
    </trkpt>
    <trkpt lat="51.1968631" lon="6.4216200">
      <ele>59.4</ele>
      <time>2025-09-14T08:33:56Z</time>
    </trkpt>
    <trkpt lat="51.1969123" lon="6.4213817">
      <ele>59.6</ele>
      <time>2025-09-14T08:34:00Z</time>
    </trkpt>
    <trkpt lat="51.1969890" lon="6.4209617">
      <ele>59.6</ele>
      <time>2025-09-14T08:34:05Z</time>
    </trkpt>
    <trkpt lat="51.1970344" lon="6.4205532">
      <ele>59.4</ele>
      <time>2025-09-14T08:34:10Z</time>
    </trkpt>
    <trkpt lat="51.1970397" lon="6.4204745">
      <ele>59.4</ele>
      <time>2025-09-14T08:34:11Z</time>
    </trkpt>
    <trkpt lat="51.1971358" lon="6.4196577">
      <ele>59.6</ele>
      <time>2025-09-14T08:34:21Z</time>
    </trkpt>
    <trkpt lat="51.1972371" lon="6.4190525">
      <ele>59.4</ele>
      <time>2025-09-14T08:34:29Z</time>
    </trkpt>
    <trkpt lat="51.1972538" lon="6.4189771">
      <ele>59.4</ele>
      <time>2025-09-14T08:34:30Z</time>
    </trkpt>
    <trkpt lat="51.1973493" lon="6.4186258">
      <ele>59.4</ele>
      <time>2025-09-14T08:34:35Z</time>
    </trkpt>
    <trkpt lat="51.1973681" lon="6.4185533">
      <ele>59.8</ele>
      <time>2025-09-14T08:34:36Z</time>
    </trkpt>
    <trkpt lat="51.1974777" lon="6.4181557">
      <ele>60.0</ele>
      <time>2025-09-14T08:34:42Z</time>
    </trkpt>
    <trkpt lat="51.1975245" lon="6.4180373">
      <ele>60.2</ele>
      <time>2025-09-14T08:34:44Z</time>
    </trkpt>
    <trkpt lat="51.1975475" lon="6.4179807">
      <ele>60.2</ele>
      <time>2025-09-14T08:34:45Z</time>
    </trkpt>
    <trkpt lat="51.1976593" lon="6.4177602">
      <ele>60.6</ele>
      <time>2025-09-14T08:34:50Z</time>
    </trkpt>
    <trkpt lat="51.1976847" lon="6.4177089">
      <ele>60.6</ele>
      <time>2025-09-14T08:34:51Z</time>
    </trkpt>
    <trkpt lat="51.1977540" lon="6.4174692">
      <ele>60.8</ele>
      <time>2025-09-14T08:34:55Z</time>
    </trkpt>
    <trkpt lat="51.1977949" lon="6.4172877">
      <ele>60.8</ele>
      <time>2025-09-14T08:34:57Z</time>
    </trkpt>
    <trkpt lat="51.1978124" lon="6.4170907">
      <ele>60.8</ele>
      <time>2025-09-14T08:34:59Z</time>
    </trkpt>
    <trkpt lat="51.1978227" lon="6.4165922">
      <ele>61.0</ele>
      <time>2025-09-14T08:35:05Z</time>
    </trkpt>
    <trkpt lat="51.1978084" lon="6.4161517">
      <ele>61.2</ele>
      <time>2025-09-14T08:35:11Z</time>
    </trkpt>
    <trkpt lat="51.1978084" lon="6.4159959">
      <ele>61.2</ele>
      <time>2025-09-14T08:35:13Z</time>
    </trkpt>
    <trkpt lat="51.1978081" lon="6.4157604">
      <ele>61.2</ele>
      <time>2025-09-14T08:35:16Z</time>
    </trkpt>
    <trkpt lat="51.1978136" lon="6.4155084">
      <ele>61.2</ele>
      <time>2025-09-14T08:35:19Z</time>
    </trkpt>
    <trkpt lat="51.1978252" lon="6.4152446">
      <ele>60.8</ele>
      <time>2025-09-14T08:35:22Z</time>
    </trkpt>
    <trkpt lat="51.1978658" lon="6.4149813">
      <ele>60.2</ele>
      <time>2025-09-14T08:35:25Z</time>
    </trkpt>
    <trkpt lat="51.1978812" lon="6.4148947">
      <ele>60.2</ele>
      <time>2025-09-14T08:35:26Z</time>
    </trkpt>
    <trkpt lat="51.1979635" lon="6.4144547">
      <ele>59.8</ele>
      <time>2025-09-14T08:35:31Z</time>
    </trkpt>
    <trkpt lat="51.1980112" lon="6.4141914">
      <ele>59.8</ele>
      <time>2025-09-14T08:35:34Z</time>
    </trkpt>
    <trkpt lat="51.1980373" lon="6.4139189">
      <ele>59.4</ele>
      <time>2025-09-14T08:35:37Z</time>
    </trkpt>
    <trkpt lat="51.1980944" lon="6.4132272">
      <ele>59.2</ele>
      <time>2025-09-14T08:35:44Z</time>
    </trkpt>
    <trkpt lat="51.1981136" lon="6.4129348">
      <ele>59.2</ele>
      <time>2025-09-14T08:35:47Z</time>
    </trkpt>
    <trkpt lat="51.1980921" lon="6.4125496">
      <ele>59.2</ele>
      <time>2025-09-14T08:35:52Z</time>
    </trkpt>
    <trkpt lat="51.1980893" lon="6.4124761">
      <ele>60.2</ele>
      <time>2025-09-14T08:35:56Z</time>
    </trkpt>
    <trkpt lat="51.1980893" lon="6.4124761">
      <ele>61.4</ele>
      <time>2025-09-14T08:36:02Z</time>
    </trkpt>
    <trkpt lat="51.1980893" lon="6.4124761">
      <ele>61.2</ele>
      <time>2025-09-14T08:36:16Z</time>
    </trkpt>
    <trkpt lat="51.1980771" lon="6.4124531">
      <ele>60.8</ele>
      <time>2025-09-14T08:36:44Z</time>
    </trkpt>
    <trkpt lat="51.1980554" lon="6.4123484">
      <ele>61.0</ele>
      <time>2025-09-14T08:36:47Z</time>
    </trkpt>
    <trkpt lat="51.1980011" lon="6.4120477">
      <ele>60.6</ele>
      <time>2025-09-14T08:36:52Z</time>
    </trkpt>
    <trkpt lat="51.1979800" lon="6.4119160">
      <ele>60.4</ele>
      <time>2025-09-14T08:36:54Z</time>
    </trkpt>
    <trkpt lat="51.1979693" lon="6.4117600">
      <ele>60.0</ele>
      <time>2025-09-14T08:36:56Z</time>
    </trkpt>
    <trkpt lat="51.1979375" lon="6.4111269">
      <ele>60.0</ele>
      <time>2025-09-14T08:37:05Z</time>
    </trkpt>
    <trkpt lat="51.1979130" lon="6.4103799">
      <ele>60.6</ele>
      <time>2025-09-14T08:37:14Z</time>
    </trkpt>
    <trkpt lat="51.1979112" lon="6.4100190">
      <ele>61.2</ele>
      <time>2025-09-14T08:37:18Z</time>
    </trkpt>
    <trkpt lat="51.1978710" lon="6.4098290">
      <ele>62.0</ele>
      <time>2025-09-14T08:37:20Z</time>
    </trkpt>
    <trkpt lat="51.1977309" lon="6.4092088">
      <ele>62.2</ele>
      <time>2025-09-14T08:37:26Z</time>
    </trkpt>
    <trkpt lat="51.1976548" lon="6.4086551">
      <ele>61.4</ele>
      <time>2025-09-14T08:37:31Z</time>
    </trkpt>
    <trkpt lat="51.1976227" lon="6.4077747">
      <ele>60.2</ele>
      <time>2025-09-14T08:37:39Z</time>
    </trkpt>
    <trkpt lat="51.1976189" lon="6.4076704">
      <ele>60.2</ele>
      <time>2025-09-14T08:37:40Z</time>
    </trkpt>
    <trkpt lat="51.1976006" lon="6.4069617">
      <ele>60.6</ele>
      <time>2025-09-14T08:37:47Z</time>
    </trkpt>
    <trkpt lat="51.1976032" lon="6.4068648">
      <ele>60.8</ele>
      <time>2025-09-14T08:37:48Z</time>
    </trkpt>
    <trkpt lat="51.1975883" lon="6.4063913">
      <ele>60.6</ele>
      <time>2025-09-14T08:37:53Z</time>
    </trkpt>
    <trkpt lat="51.1975675" lon="6.4058571">
      <ele>60.8</ele>
      <time>2025-09-14T08:37:59Z</time>
    </trkpt>
    <trkpt lat="51.1975523" lon="6.4057651">
      <ele>60.8</ele>
      <time>2025-09-14T08:38:00Z</time>
    </trkpt>
    <trkpt lat="51.1975230" lon="6.4055887">
      <ele>60.8</ele>
      <time>2025-09-14T08:38:02Z</time>
    </trkpt>
    <trkpt lat="51.1975054" lon="6.4054251">
      <ele>60.8</ele>
      <time>2025-09-14T08:38:04Z</time>
    </trkpt>
    <trkpt lat="51.1975039" lon="6.4053368">
      <ele>60.8</ele>
      <time>2025-09-14T08:38:05Z</time>
    </trkpt>
    <trkpt lat="51.1975169" lon="6.4049671">
      <ele>60.8</ele>
      <time>2025-09-14T08:38:09Z</time>
    </trkpt>
    <trkpt lat="51.1975091" lon="6.4047802">
      <ele>60.8</ele>
      <time>2025-09-14T08:38:11Z</time>
    </trkpt>
    <trkpt lat="51.1975008" lon="6.4039173">
      <ele>61.4</ele>
      <time>2025-09-14T08:38:20Z</time>
    </trkpt>
    <trkpt lat="51.1975004" lon="6.4038226">
      <ele>61.4</ele>
      <time>2025-09-14T08:38:21Z</time>
    </trkpt>
    <trkpt lat="51.1974908" lon="6.4029179">
      <ele>62.0</ele>
      <time>2025-09-14T08:38:31Z</time>
    </trkpt>
    <trkpt lat="51.1974931" lon="6.4028305">
      <ele>62.0</ele>
      <time>2025-09-14T08:38:32Z</time>
    </trkpt>
    <trkpt lat="51.1974976" lon="6.4026543">
      <ele>62.2</ele>
      <time>2025-09-14T08:38:34Z</time>
    </trkpt>
    <trkpt lat="51.1975251" lon="6.4019537">
      <ele>62.8</ele>
      <time>2025-09-14T08:38:42Z</time>
    </trkpt>
    <trkpt lat="51.1975297" lon="6.4018666">
      <ele>63.2</ele>
      <time>2025-09-14T08:38:43Z</time>
    </trkpt>
    <trkpt lat="51.1975479" lon="6.4016046">
      <ele>63.8</ele>
      <time>2025-09-14T08:38:46Z</time>
    </trkpt>
    <trkpt lat="51.1975954" lon="6.4012479">
      <ele>64.2</ele>
      <time>2025-09-14T08:38:50Z</time>
    </trkpt>
    <trkpt lat="51.1977357" lon="6.4003713">
      <ele>65.2</ele>
      <time>2025-09-14T08:39:00Z</time>
    </trkpt>
    <trkpt lat="51.1977563" lon="6.4002949">
      <ele>65.2</ele>
      <time>2025-09-14T08:39:01Z</time>
    </trkpt>
    <trkpt lat="51.1977784" lon="6.4002177">
      <ele>65.4</ele>
      <time>2025-09-14T08:39:02Z</time>
    </trkpt>
    <trkpt lat="51.1978797" lon="6.3998274">
      <ele>66.0</ele>
      <time>2025-09-14T08:39:07Z</time>
    </trkpt>
    <trkpt lat="51.1979837" lon="6.3994306">
      <ele>66.6</ele>
      <time>2025-09-14T08:39:12Z</time>
    </trkpt>
    <trkpt lat="51.1980197" lon="6.3992069">
      <ele>67.0</ele>
      <time>2025-09-14T08:39:15Z</time>
    </trkpt>
    <trkpt lat="51.1980401" lon="6.3989858">
      <ele>67.6</ele>
      <time>2025-09-14T08:39:18Z</time>
    </trkpt>
    <trkpt lat="51.1980579" lon="6.3987385">
      <ele>68.2</ele>
      <time>2025-09-14T08:39:21Z</time>
    </trkpt>
    <trkpt lat="51.1980609" lon="6.3986528">
      <ele>68.2</ele>
      <time>2025-09-14T08:39:22Z</time>
    </trkpt>
    <trkpt lat="51.1980438" lon="6.3982147">
      <ele>68.6</ele>
      <time>2025-09-14T08:39:27Z</time>
    </trkpt>
    <trkpt lat="51.1980181" lon="6.3973238">
      <ele>68.4</ele>
      <time>2025-09-14T08:39:37Z</time>
    </trkpt>
    <trkpt lat="51.1980343" lon="6.3969505">
      <ele>68.4</ele>
      <time>2025-09-14T08:39:41Z</time>
    </trkpt>
    <trkpt lat="51.1980275" lon="6.3968599">
      <ele>68.4</ele>
      <time>2025-09-14T08:39:42Z</time>
    </trkpt>
    <trkpt lat="51.1980451" lon="6.3962314">
      <ele>68.6</ele>
      <time>2025-09-14T08:39:49Z</time>
    </trkpt>
    <trkpt lat="51.1980550" lon="6.3960732">
      <ele>68.8</ele>
      <time>2025-09-14T08:39:51Z</time>
    </trkpt>
    <trkpt lat="51.1981075" lon="6.3957273">
      <ele>69.2</ele>
      <time>2025-09-14T08:39:55Z</time>
    </trkpt>
    <trkpt lat="51.1981683" lon="6.3953026">
      <ele>69.0</ele>
      <time>2025-09-14T08:40:00Z</time>
    </trkpt>
    <trkpt lat="51.1982172" lon="6.3949739">
      <ele>69.2</ele>
      <time>2025-09-14T08:40:04Z</time>
    </trkpt>
    <trkpt lat="51.1982751" lon="6.3942924">
      <ele>69.4</ele>
      <time>2025-09-14T08:40:13Z</time>
    </trkpt>
    <trkpt lat="51.1982677" lon="6.3937457">
      <ele>69.4</ele>
      <time>2025-09-14T08:40:20Z</time>
    </trkpt>
    <trkpt lat="51.1982577" lon="6.3936659">
      <ele>69.6</ele>
      <time>2025-09-14T08:40:21Z</time>
    </trkpt>
    <trkpt lat="51.1981389" lon="6.3929672">
      <ele>69.6</ele>
      <time>2025-09-14T08:40:30Z</time>
    </trkpt>
    <trkpt lat="51.1980233" lon="6.3923521">
      <ele>69.6</ele>
      <time>2025-09-14T08:40:38Z</time>
    </trkpt>
    <trkpt lat="51.1979354" lon="6.3918944">
      <ele>69.4</ele>
      <time>2025-09-14T08:40:44Z</time>
    </trkpt>
    <trkpt lat="51.1979149" lon="6.3918179">
      <ele>69.4</ele>
      <time>2025-09-14T08:40:45Z</time>
    </trkpt>
    <trkpt lat="51.1978735" lon="6.3916012">
      <ele>69.4</ele>
      <time>2025-09-14T08:40:48Z</time>
    </trkpt>
    <trkpt lat="51.1978567" lon="6.3914458">
      <ele>69.4</ele>
      <time>2025-09-14T08:40:50Z</time>
    </trkpt>
    <trkpt lat="51.1978353" lon="6.3911306">
      <ele>69.8</ele>
      <time>2025-09-14T08:40:54Z</time>
    </trkpt>
    <trkpt lat="51.1978300" lon="6.3910552">
      <ele>70.0</ele>
      <time>2025-09-14T08:40:55Z</time>
    </trkpt>
    <trkpt lat="51.1978157" lon="6.3908177">
      <ele>70.4</ele>
      <time>2025-09-14T08:40:58Z</time>
    </trkpt>
    <trkpt lat="51.1978118" lon="6.3905787">
      <ele>71.0</ele>
      <time>2025-09-14T08:41:01Z</time>
    </trkpt>
    <trkpt lat="51.1978086" lon="6.3901998">
      <ele>71.2</ele>
      <time>2025-09-14T08:41:06Z</time>
    </trkpt>
    <trkpt lat="51.1978111" lon="6.3895570">
      <ele>71.4</ele>
      <time>2025-09-14T08:41:15Z</time>
    </trkpt>
    <trkpt lat="51.1978157" lon="6.3894388">
      <ele>71.6</ele>
      <time>2025-09-14T08:41:18Z</time>
    </trkpt>
    <trkpt lat="51.1978144" lon="6.3894337">
      <ele>71.8</ele>
      <time>2025-09-14T08:41:19Z</time>
    </trkpt>
    <trkpt lat="51.1978144" lon="6.3894337">
      <ele>72.0</ele>
      <time>2025-09-14T08:41:20Z</time>
    </trkpt>
    <trkpt lat="51.1978098" lon="6.3894179">
      <ele>73.0</ele>
      <time>2025-09-14T08:41:26Z</time>
    </trkpt>
    <trkpt lat="51.1978098" lon="6.3894179">
      <ele>73.4</ele>
      <time>2025-09-14T08:41:57Z</time>
    </trkpt>
    <trkpt lat="51.1978098" lon="6.3894179">
      <ele>73.8</ele>
      <time>2025-09-14T08:44:37Z</time>
    </trkpt>
    <trkpt lat="51.1978098" lon="6.3894179">
      <ele>73.2</ele>
      <time>2025-09-14T08:44:51Z</time>
    </trkpt>
    <trkpt lat="51.1978098" lon="6.3894179">
      <ele>73.4</ele>
      <time>2025-09-14T08:45:26Z</time>
    </trkpt>
    <trkpt lat="51.1978098" lon="6.3894179">
      <ele>73.6</ele>
      <time>2025-09-14T08:45:38Z</time>
    </trkpt>
    <trkpt lat="51.1978098" lon="6.3894179">
      <ele>73.6</ele>
      <time>2025-09-14T08:45:42Z</time>
    </trkpt>
    <trkpt lat="51.1978098" lon="6.3894179">
      <ele>73.8</ele>
      <time>2025-09-14T08:45:52Z</time>
    </trkpt>
    <trkpt lat="51.1978098" lon="6.3894179">
      <ele>73.6</ele>
      <time>2025-09-14T08:46:13Z</time>
    </trkpt>
    <trkpt lat="51.1978098" lon="6.3894179">
      <ele>73.2</ele>
      <time>2025-09-14T08:47:25Z</time>
    </trkpt>
    <trkpt lat="51.1978038" lon="6.3893876">
      <ele>73.2</ele>
      <time>2025-09-14T08:47:38Z</time>
    </trkpt>
    <trkpt lat="51.1978025" lon="6.3893656">
      <ele>73.2</ele>
      <time>2025-09-14T08:47:49Z</time>
    </trkpt>
    <trkpt lat="51.1978015" lon="6.3893109">
      <ele>73.2</ele>
      <time>2025-09-14T08:47:51Z</time>
    </trkpt>
    <trkpt lat="51.1977938" lon="6.3890535">
      <ele>72.8</ele>
      <time>2025-09-14T08:47:57Z</time>
    </trkpt>
    <trkpt lat="51.1977932" lon="6.3888145">
      <ele>72.6</ele>
      <time>2025-09-14T08:48:01Z</time>
    </trkpt>
    <trkpt lat="51.1977903" lon="6.3887469">
      <ele>72.6</ele>
      <time>2025-09-14T08:48:02Z</time>
    </trkpt>
    <trkpt lat="51.1977958" lon="6.3882609">
      <ele>72.6</ele>
      <time>2025-09-14T08:48:09Z</time>
    </trkpt>
    <trkpt lat="51.1977767" lon="6.3876721">
      <ele>73.0</ele>
      <time>2025-09-14T08:48:17Z</time>
    </trkpt>
    <trkpt lat="51.1977723" lon="6.3872830">
      <ele>73.0</ele>
      <time>2025-09-14T08:48:22Z</time>
    </trkpt>
    <trkpt lat="51.1977649" lon="6.3871452">
      <ele>73.0</ele>
      <time>2025-09-14T08:48:24Z</time>
    </trkpt>
    <trkpt lat="51.1977536" lon="6.3865734">
      <ele>73.0</ele>
      <time>2025-09-14T08:48:31Z</time>
    </trkpt>
    <trkpt lat="51.1977573" lon="6.3857849">
      <ele>72.0</ele>
      <time>2025-09-14T08:48:40Z</time>
    </trkpt>
    <trkpt lat="51.1977903" lon="6.3850831">
      <ele>72.0</ele>
      <time>2025-09-14T08:48:48Z</time>
    </trkpt>
    <trkpt lat="51.1978033" lon="6.3847163">
      <ele>72.0</ele>
      <time>2025-09-14T08:48:53Z</time>
    </trkpt>
    <trkpt lat="51.1978222" lon="6.3843441">
      <ele>72.0</ele>
      <time>2025-09-14T08:48:57Z</time>
    </trkpt>
    <trkpt lat="51.1978487" lon="6.3834588">
      <ele>71.6</ele>
      <time>2025-09-14T08:49:07Z</time>
    </trkpt>
    <trkpt lat="51.1978494" lon="6.3833712">
      <ele>71.8</ele>
      <time>2025-09-14T08:49:08Z</time>
    </trkpt>
    <trkpt lat="51.1978589" lon="6.3824448">
      <ele>72.2</ele>
      <time>2025-09-14T08:49:18Z</time>
    </trkpt>
    <trkpt lat="51.1978684" lon="6.3815778">
      <ele>71.2</ele>
      <time>2025-09-14T08:49:27Z</time>
    </trkpt>
    <trkpt lat="51.1978716" lon="6.3813881">
      <ele>71.0</ele>
      <time>2025-09-14T08:49:29Z</time>
    </trkpt>
    <trkpt lat="51.1978696" lon="6.3806669">
      <ele>71.0</ele>
      <time>2025-09-14T08:49:37Z</time>
    </trkpt>
    <trkpt lat="51.1978820" lon="6.3801138">
      <ele>71.2</ele>
      <time>2025-09-14T08:49:43Z</time>
    </trkpt>
    <trkpt lat="51.1978712" lon="6.3799470">
      <ele>71.2</ele>
      <time>2025-09-14T08:49:45Z</time>
    </trkpt>
    <trkpt lat="51.1978863" lon="6.3791242">
      <ele>72.0</ele>
      <time>2025-09-14T08:49:54Z</time>
    </trkpt>
    <trkpt lat="51.1979076" lon="6.3784358">
      <ele>72.8</ele>
      <time>2025-09-14T08:50:02Z</time>
    </trkpt>
    <trkpt lat="51.1979141" lon="6.3783505">
      <ele>73.0</ele>
      <time>2025-09-14T08:50:03Z</time>
    </trkpt>
    <trkpt lat="51.1979171" lon="6.3777879">
      <ele>73.8</ele>
      <time>2025-09-14T08:50:09Z</time>
    </trkpt>
    <trkpt lat="51.1979212" lon="6.3775952">
      <ele>73.6</ele>
      <time>2025-09-14T08:50:11Z</time>
    </trkpt>
    <trkpt lat="51.1979212" lon="6.3774038">
      <ele>73.4</ele>
      <time>2025-09-14T08:50:13Z</time>
    </trkpt>
    <trkpt lat="51.1979163" lon="6.3770039">
      <ele>73.2</ele>
      <time>2025-09-14T08:50:17Z</time>
    </trkpt>
    <trkpt lat="51.1979155" lon="6.3762836">
      <ele>72.6</ele>
      <time>2025-09-14T08:50:24Z</time>
    </trkpt>
    <trkpt lat="51.1979179" lon="6.3754610">
      <ele>72.4</ele>
      <time>2025-09-14T08:50:32Z</time>
    </trkpt>
    <trkpt lat="51.1979188" lon="6.3748042">
      <ele>73.0</ele>
      <time>2025-09-14T08:50:39Z</time>
    </trkpt>
    <trkpt lat="51.1979245" lon="6.3739903">
      <ele>73.6</ele>
      <time>2025-09-14T08:50:48Z</time>
    </trkpt>
    <trkpt lat="51.1979205" lon="6.3732382">
      <ele>73.8</ele>
      <time>2025-09-14T08:50:56Z</time>
    </trkpt>
    <trkpt lat="51.1979112" lon="6.3723753">
      <ele>73.8</ele>
      <time>2025-09-14T08:51:05Z</time>
    </trkpt>
    <trkpt lat="51.1979084" lon="6.3716055">
      <ele>73.6</ele>
      <time>2025-09-14T08:51:13Z</time>
    </trkpt>
    <trkpt lat="51.1978985" lon="6.3707307">
      <ele>72.8</ele>
      <time>2025-09-14T08:51:22Z</time>
    </trkpt>
    <trkpt lat="51.1978894" lon="6.3703349">
      <ele>72.8</ele>
      <time>2025-09-14T08:51:26Z</time>
    </trkpt>
    <trkpt lat="51.1978716" lon="6.3700531">
      <ele>72.6</ele>
      <time>2025-09-14T08:51:29Z</time>
    </trkpt>
    <trkpt lat="51.1979195" lon="6.3692414">
      <ele>72.2</ele>
      <time>2025-09-14T08:51:37Z</time>
    </trkpt>
    <trkpt lat="51.1979819" lon="6.3686221">
      <ele>72.0</ele>
      <time>2025-09-14T08:51:43Z</time>
    </trkpt>
    <trkpt lat="51.1980029" lon="6.3684147">
      <ele>71.8</ele>
      <time>2025-09-14T08:51:45Z</time>
    </trkpt>
    <trkpt lat="51.1981502" lon="6.3675026">
      <ele>71.6</ele>
      <time>2025-09-14T08:51:54Z</time>
    </trkpt>
    <trkpt lat="51.1983003" lon="6.3666264">
      <ele>71.4</ele>
      <time>2025-09-14T08:52:03Z</time>
    </trkpt>
    <trkpt lat="51.1983502" lon="6.3663458">
      <ele>71.2</ele>
      <time>2025-09-14T08:52:06Z</time>
    </trkpt>
    <trkpt lat="51.1984539" lon="6.3656833">
      <ele>71.8</ele>
      <time>2025-09-14T08:52:13Z</time>
    </trkpt>
    <trkpt lat="51.1985679" lon="6.3650273">
      <ele>71.8</ele>
      <time>2025-09-14T08:52:20Z</time>
    </trkpt>
    <trkpt lat="51.1987121" lon="6.3642127">
      <ele>71.8</ele>
      <time>2025-09-14T08:52:29Z</time>
    </trkpt>
    <trkpt lat="51.1988688" lon="6.3633375">
      <ele>72.2</ele>
      <time>2025-09-14T08:52:39Z</time>
    </trkpt>
    <trkpt lat="51.1989833" lon="6.3627281">
      <ele>72.8</ele>
      <time>2025-09-14T08:52:46Z</time>
    </trkpt>
    <trkpt lat="51.1989979" lon="6.3626381">
      <ele>72.8</ele>
      <time>2025-09-14T08:52:47Z</time>
    </trkpt>
    <trkpt lat="51.1990403" lon="6.3620694">
      <ele>73.2</ele>
      <time>2025-09-14T08:52:53Z</time>
    </trkpt>
    <trkpt lat="51.1990640" lon="6.3612692">
      <ele>72.4</ele>
      <time>2025-09-14T08:53:01Z</time>
    </trkpt>
    <trkpt lat="51.1990551" lon="6.3606771">
      <ele>72.0</ele>
      <time>2025-09-14T08:53:07Z</time>
    </trkpt>
    <trkpt lat="51.1990508" lon="6.3604874">
      <ele>71.8</ele>
      <time>2025-09-14T08:53:09Z</time>
    </trkpt>
    <trkpt lat="51.1990426" lon="6.3602920">
      <ele>71.8</ele>
      <time>2025-09-14T08:53:11Z</time>
    </trkpt>
    <trkpt lat="51.1990284" lon="6.3596128">
      <ele>71.8</ele>
      <time>2025-09-14T08:53:18Z</time>
    </trkpt>
    <trkpt lat="51.1990308" lon="6.3589350">
      <ele>72.2</ele>
      <time>2025-09-14T08:53:25Z</time>
    </trkpt>
    <trkpt lat="51.1990297" lon="6.3583729">
      <ele>72.0</ele>
      <time>2025-09-14T08:53:32Z</time>
    </trkpt>
    <trkpt lat="51.1990296" lon="6.3581677">
      <ele>72.8</ele>
      <time>2025-09-14T08:53:36Z</time>
    </trkpt>
    <trkpt lat="51.1990315" lon="6.3580970">
      <ele>72.8</ele>
      <time>2025-09-14T08:53:37Z</time>
    </trkpt>
    <trkpt lat="51.1990325" lon="6.3577803">
      <ele>73.0</ele>
      <time>2025-09-14T08:53:41Z</time>
    </trkpt>
    <trkpt lat="51.1990183" lon="6.3571633">
      <ele>72.2</ele>
      <time>2025-09-14T08:53:48Z</time>
    </trkpt>
    <trkpt lat="51.1990288" lon="6.3564946">
      <ele>72.2</ele>
      <time>2025-09-14T08:53:55Z</time>
    </trkpt>
    <trkpt lat="51.1990428" lon="6.3556094">
      <ele>74.0</ele>
      <time>2025-09-14T08:54:04Z</time>
    </trkpt>
    <trkpt lat="51.1990430" lon="6.3555156">
      <ele>71.8</ele>
      <time>2025-09-14T08:54:05Z</time>
    </trkpt>
    <trkpt lat="51.1990667" lon="6.3549322">
      <ele>71.6</ele>
      <time>2025-09-14T08:54:11Z</time>
    </trkpt>
    <trkpt lat="51.1990759" lon="6.3548341">
      <ele>71.8</ele>
      <time>2025-09-14T08:54:12Z</time>
    </trkpt>
    <trkpt lat="51.1991523" lon="6.3539635">
      <ele>72.8</ele>
      <time>2025-09-14T08:54:21Z</time>
    </trkpt>
    <trkpt lat="51.1992382" lon="6.3531260">
      <ele>72.4</ele>
      <time>2025-09-14T08:54:30Z</time>
    </trkpt>
    <trkpt lat="51.1992822" lon="6.3527694">
      <ele>72.4</ele>
      <time>2025-09-14T08:54:34Z</time>
    </trkpt>
    <trkpt lat="51.1993110" lon="6.3525909">
      <ele>72.6</ele>
      <time>2025-09-14T08:54:36Z</time>
    </trkpt>
    <trkpt lat="51.1993255" lon="6.3525004">
      <ele>72.8</ele>
      <time>2025-09-14T08:54:37Z</time>
    </trkpt>
    <trkpt lat="51.1994488" lon="6.3517961">
      <ele>73.0</ele>
      <time>2025-09-14T08:54:45Z</time>
    </trkpt>
    <trkpt lat="51.1994842" lon="6.3516146">
      <ele>73.0</ele>
      <time>2025-09-14T08:54:47Z</time>
    </trkpt>
    <trkpt lat="51.1995458" lon="6.3513466">
      <ele>73.0</ele>
      <time>2025-09-14T08:54:50Z</time>
    </trkpt>
    <trkpt lat="51.1995718" lon="6.3512549">
      <ele>73.0</ele>
      <time>2025-09-14T08:54:51Z</time>
    </trkpt>
    <trkpt lat="51.1997797" lon="6.3506780">
      <ele>73.2</ele>
      <time>2025-09-14T08:54:58Z</time>
    </trkpt>
    <trkpt lat="51.2001322" lon="6.3500339">
      <ele>73.2</ele>
      <time>2025-09-14T08:55:07Z</time>
    </trkpt>
    <trkpt lat="51.2005191" lon="6.3494284">
      <ele>73.4</ele>
      <time>2025-09-14T08:55:16Z</time>
    </trkpt>
    <trkpt lat="51.2008823" lon="6.3489097">
      <ele>73.4</ele>
      <time>2025-09-14T08:55:24Z</time>
    </trkpt>
    <trkpt lat="51.2012739" lon="6.3482872">
      <ele>73.2</ele>
      <time>2025-09-14T08:55:33Z</time>
    </trkpt>
    <trkpt lat="51.2013164" lon="6.3482134">
      <ele>73.2</ele>
      <time>2025-09-14T08:55:34Z</time>
    </trkpt>
    <trkpt lat="51.2016076" lon="6.3476790">
      <ele>73.0</ele>
      <time>2025-09-14T08:55:41Z</time>
    </trkpt>
    <trkpt lat="51.2019426" lon="6.3469618">
      <ele>72.2</ele>
      <time>2025-09-14T08:55:50Z</time>
    </trkpt>
    <trkpt lat="51.2019761" lon="6.3468812">
      <ele>72.4</ele>
      <time>2025-09-14T08:55:51Z</time>
    </trkpt>
    <trkpt lat="51.2021636" lon="6.3464752">
      <ele>72.8</ele>
      <time>2025-09-14T08:55:56Z</time>
    </trkpt>
    <trkpt lat="51.2022706" lon="6.3462375">
      <ele>72.8</ele>
      <time>2025-09-14T08:55:59Z</time>
    </trkpt>
    <trkpt lat="51.2023131" lon="6.3461638">
      <ele>72.8</ele>
      <time>2025-09-14T08:56:00Z</time>
    </trkpt>
    <trkpt lat="51.2026736" lon="6.3455998">
      <ele>71.8</ele>
      <time>2025-09-14T08:56:08Z</time>
    </trkpt>
    <trkpt lat="51.2027622" lon="6.3454677">
      <ele>71.6</ele>
      <time>2025-09-14T08:56:10Z</time>
    </trkpt>
    <trkpt lat="51.2030624" lon="6.3450185">
      <ele>72.0</ele>
      <time>2025-09-14T08:56:17Z</time>
    </trkpt>
    <trkpt lat="51.2032407" lon="6.3447544">
      <ele>72.8</ele>
      <time>2025-09-14T08:56:21Z</time>
    </trkpt>
    <trkpt lat="51.2034069" lon="6.3445107">
      <ele>72.8</ele>
      <time>2025-09-14T08:56:25Z</time>
    </trkpt>
    <trkpt lat="51.2037009" lon="6.3440986">
      <ele>72.6</ele>
      <time>2025-09-14T08:56:32Z</time>
    </trkpt>
    <trkpt lat="51.2040050" lon="6.3437733">
      <ele>73.6</ele>
      <time>2025-09-14T08:56:39Z</time>
    </trkpt>
    <trkpt lat="51.2043229" lon="6.3434589">
      <ele>72.2</ele>
      <time>2025-09-14T08:56:46Z</time>
    </trkpt>
    <trkpt lat="51.2045646" lon="6.3432018">
      <ele>71.8</ele>
      <time>2025-09-14T08:56:51Z</time>
    </trkpt>
    <trkpt lat="51.2047709" lon="6.3429897">
      <ele>71.8</ele>
      <time>2025-09-14T08:56:55Z</time>
    </trkpt>
    <trkpt lat="51.2052678" lon="6.3424537">
      <ele>72.2</ele>
      <time>2025-09-14T08:57:05Z</time>
    </trkpt>
    <trkpt lat="51.2053152" lon="6.3423955">
      <ele>72.2</ele>
      <time>2025-09-14T08:57:06Z</time>
    </trkpt>
    <trkpt lat="51.2053639" lon="6.3423468">
      <ele>72.2</ele>
      <time>2025-09-14T08:57:07Z</time>
    </trkpt>
    <trkpt lat="51.2055003" lon="6.3421764">
      <ele>72.0</ele>
      <time>2025-09-14T08:57:10Z</time>
    </trkpt>
    <trkpt lat="51.2056223" lon="6.3419799">
      <ele>71.6</ele>
      <time>2025-09-14T08:57:13Z</time>
    </trkpt>
    <trkpt lat="51.2058070" lon="6.3416582">
      <ele>71.6</ele>
      <time>2025-09-14T08:57:18Z</time>
    </trkpt>
    <trkpt lat="51.2059837" lon="6.3413118">
      <ele>71.6</ele>
      <time>2025-09-14T08:57:23Z</time>
    </trkpt>
    <trkpt lat="51.2060923" lon="6.3411097">
      <ele>71.8</ele>
      <time>2025-09-14T08:57:26Z</time>
    </trkpt>
    <trkpt lat="51.2061255" lon="6.3410375">
      <ele>72.0</ele>
      <time>2025-09-14T08:57:27Z</time>
    </trkpt>
    <trkpt lat="51.2061871" lon="6.3409039">
      <ele>72.2</ele>
      <time>2025-09-14T08:57:29Z</time>
    </trkpt>
    <trkpt lat="51.2062147" lon="6.3408296">
      <ele>72.2</ele>
      <time>2025-09-14T08:57:30Z</time>
    </trkpt>
    <trkpt lat="51.2062387" lon="6.3407507">
      <ele>72.2</ele>
      <time>2025-09-14T08:57:31Z</time>
    </trkpt>
    <trkpt lat="51.2063339" lon="6.3403190">
      <ele>71.4</ele>
      <time>2025-09-14T08:57:36Z</time>
    </trkpt>
    <trkpt lat="51.2064037" lon="6.3399490">
      <ele>71.2</ele>
      <time>2025-09-14T08:57:40Z</time>
    </trkpt>
    <trkpt lat="51.2064346" lon="6.3397530">
      <ele>71.0</ele>
      <time>2025-09-14T08:57:42Z</time>
    </trkpt>
    <trkpt lat="51.2065293" lon="6.3392603">
      <ele>70.6</ele>
      <time>2025-09-14T08:57:47Z</time>
    </trkpt>
    <trkpt lat="51.2065804" lon="6.3389741">
      <ele>70.6</ele>
      <time>2025-09-14T08:57:50Z</time>
    </trkpt>
    <trkpt lat="51.2066239" lon="6.3386870">
      <ele>70.8</ele>
      <time>2025-09-14T08:57:53Z</time>
    </trkpt>
    <trkpt lat="51.2066473" lon="6.3384964">
      <ele>70.6</ele>
      <time>2025-09-14T08:57:55Z</time>
    </trkpt>
    <trkpt lat="51.2066918" lon="6.3382182">
      <ele>70.6</ele>
      <time>2025-09-14T08:57:58Z</time>
    </trkpt>
    <trkpt lat="51.2067377" lon="6.3379517">
      <ele>70.8</ele>
      <time>2025-09-14T08:58:01Z</time>
    </trkpt>
    <trkpt lat="51.2068277" lon="6.3373059">
      <ele>71.0</ele>
      <time>2025-09-14T08:58:08Z</time>
    </trkpt>
    <trkpt lat="51.2068536" lon="6.3370324">
      <ele>71.0</ele>
      <time>2025-09-14T08:58:11Z</time>
    </trkpt>
    <trkpt lat="51.2068772" lon="6.3367658">
      <ele>70.8</ele>
      <time>2025-09-14T08:58:14Z</time>
    </trkpt>
    <trkpt lat="51.2068886" lon="6.3366781">
      <ele>71.0</ele>
      <time>2025-09-14T08:58:15Z</time>
    </trkpt>
    <trkpt lat="51.2069241" lon="6.3365137">
      <ele>71.0</ele>
      <time>2025-09-14T08:58:17Z</time>
    </trkpt>
    <trkpt lat="51.2069356" lon="6.3364261">
      <ele>71.0</ele>
      <time>2025-09-14T08:58:18Z</time>
    </trkpt>
    <trkpt lat="51.2069571" lon="6.3361645">
      <ele>71.0</ele>
      <time>2025-09-14T08:58:21Z</time>
    </trkpt>
    <trkpt lat="51.2069692" lon="6.3359855">
      <ele>71.2</ele>
      <time>2025-09-14T08:58:23Z</time>
    </trkpt>
    <trkpt lat="51.2069836" lon="6.3358965">
      <ele>71.2</ele>
      <time>2025-09-14T08:58:24Z</time>
    </trkpt>
    <trkpt lat="51.2069998" lon="6.3358095">
      <ele>71.2</ele>
      <time>2025-09-14T08:58:25Z</time>
    </trkpt>
    <trkpt lat="51.2070637" lon="6.3353668">
      <ele>70.8</ele>
      <time>2025-09-14T08:58:30Z</time>
    </trkpt>
    <trkpt lat="51.2070778" lon="6.3352788">
      <ele>70.8</ele>
      <time>2025-09-14T08:58:31Z</time>
    </trkpt>
    <trkpt lat="51.2071764" lon="6.3348641">
      <ele>70.4</ele>
      <time>2025-09-14T08:58:36Z</time>
    </trkpt>
    <trkpt lat="51.2074283" lon="6.3340358">
      <ele>70.6</ele>
      <time>2025-09-14T08:58:46Z</time>
    </trkpt>
    <trkpt lat="51.2075921" lon="6.3334500">
      <ele>70.6</ele>
      <time>2025-09-14T08:58:53Z</time>
    </trkpt>
    <trkpt lat="51.2076780" lon="6.3329454">
      <ele>70.6</ele>
      <time>2025-09-14T08:58:59Z</time>
    </trkpt>
    <trkpt lat="51.2076845" lon="6.3328573">
      <ele>70.4</ele>
      <time>2025-09-14T08:59:00Z</time>
    </trkpt>
    <trkpt lat="51.2076897" lon="6.3327692">
      <ele>70.4</ele>
      <time>2025-09-14T08:59:01Z</time>
    </trkpt>
    <trkpt lat="51.2076914" lon="6.3325919">
      <ele>70.2</ele>
      <time>2025-09-14T08:59:03Z</time>
    </trkpt>
    <trkpt lat="51.2076795" lon="6.3324277">
      <ele>70.0</ele>
      <time>2025-09-14T08:59:05Z</time>
    </trkpt>
    <trkpt lat="51.2076942" lon="6.3318817">
      <ele>70.2</ele>
      <time>2025-09-14T08:59:11Z</time>
    </trkpt>
    <trkpt lat="51.2077015" lon="6.3310502">
      <ele>70.4</ele>
      <time>2025-09-14T08:59:21Z</time>
    </trkpt>
    <trkpt lat="51.2076806" lon="6.3309071">
      <ele>70.4</ele>
      <time>2025-09-14T08:59:23Z</time>
    </trkpt>
    <trkpt lat="51.2076628" lon="6.3306609">
      <ele>70.4</ele>
      <time>2025-09-14T08:59:26Z</time>
    </trkpt>
    <trkpt lat="51.2076574" lon="6.3305662">
      <ele>70.4</ele>
      <time>2025-09-14T08:59:27Z</time>
    </trkpt>
    <trkpt lat="51.2075614" lon="6.3300025">
      <ele>69.8</ele>
      <time>2025-09-14T08:59:33Z</time>
    </trkpt>
    <trkpt lat="51.2074968" lon="6.3297256">
      <ele>69.6</ele>
      <time>2025-09-14T08:59:36Z</time>
    </trkpt>
    <trkpt lat="51.2073408" lon="6.3292082">
      <ele>69.0</ele>
      <time>2025-09-14T08:59:42Z</time>
    </trkpt>
    <trkpt lat="51.2071810" lon="6.3286993">
      <ele>68.6</ele>
      <time>2025-09-14T08:59:48Z</time>
    </trkpt>
    <trkpt lat="51.2069548" lon="6.3280628">
      <ele>68.8</ele>
      <time>2025-09-14T08:59:56Z</time>
    </trkpt>
    <trkpt lat="51.2067654" lon="6.3273822">
      <ele>69.2</ele>
      <time>2025-09-14T09:00:04Z</time>
    </trkpt>
    <trkpt lat="51.2065919" lon="6.3266759">
      <ele>69.4</ele>
      <time>2025-09-14T09:00:12Z</time>
    </trkpt>
    <trkpt lat="51.2063802" lon="6.3257984">
      <ele>69.6</ele>
      <time>2025-09-14T09:00:22Z</time>
    </trkpt>
    <trkpt lat="51.2061585" lon="6.3251712">
      <ele>69.4</ele>
      <time>2025-09-14T09:00:30Z</time>
    </trkpt>
    <trkpt lat="51.2059578" lon="6.3247548">
      <ele>69.4</ele>
      <time>2025-09-14T09:00:36Z</time>
    </trkpt>
    <trkpt lat="51.2058906" lon="6.3246147">
      <ele>69.4</ele>
      <time>2025-09-14T09:00:38Z</time>
    </trkpt>
    <trkpt lat="51.2055988" lon="6.3240887">
      <ele>69.4</ele>
      <time>2025-09-14T09:00:46Z</time>
    </trkpt>
    <trkpt lat="51.2053837" lon="6.3236975">
      <ele>69.4</ele>
      <time>2025-09-14T09:00:52Z</time>
    </trkpt>
    <trkpt lat="51.2052304" lon="6.3234554">
      <ele>69.4</ele>
      <time>2025-09-14T09:00:56Z</time>
    </trkpt>
    <trkpt lat="51.2051549" lon="6.3233372">
      <ele>69.4</ele>
      <time>2025-09-14T09:00:58Z</time>
    </trkpt>
    <trkpt lat="51.2049829" lon="6.3231097">
      <ele>69.4</ele>
      <time>2025-09-14T09:01:02Z</time>
    </trkpt>
    <trkpt lat="51.2048192" lon="6.3229086">
      <ele>69.8</ele>
      <time>2025-09-14T09:01:06Z</time>
    </trkpt>
    <trkpt lat="51.2047472" lon="6.3228024">
      <ele>70.0</ele>
      <time>2025-09-14T09:01:08Z</time>
    </trkpt>
    <trkpt lat="51.2043400" lon="6.3222339">
      <ele>69.6</ele>
      <time>2025-09-14T09:01:18Z</time>
    </trkpt>
    <trkpt lat="51.2042997" lon="6.3221807">
      <ele>69.6</ele>
      <time>2025-09-14T09:01:19Z</time>
    </trkpt>
    <trkpt lat="51.2042004" lon="6.3220283">
      <ele>69.2</ele>
      <time>2025-09-14T09:01:22Z</time>
    </trkpt>
    <trkpt lat="51.2041575" lon="6.3219016">
      <ele>69.2</ele>
      <time>2025-09-14T09:01:24Z</time>
    </trkpt>
    <trkpt lat="51.2040996" lon="6.3216726">
      <ele>69.2</ele>
      <time>2025-09-14T09:01:27Z</time>
    </trkpt>
    <trkpt lat="51.2040646" lon="6.3214141">
      <ele>69.0</ele>
      <time>2025-09-14T09:01:30Z</time>
    </trkpt>
    <trkpt lat="51.2040484" lon="6.3210563">
      <ele>68.6</ele>
      <time>2025-09-14T09:01:34Z</time>
    </trkpt>
    <trkpt lat="51.2040510" lon="6.3209675">
      <ele>68.4</ele>
      <time>2025-09-14T09:01:35Z</time>
    </trkpt>
    <trkpt lat="51.2040553" lon="6.3208799">
      <ele>68.2</ele>
      <time>2025-09-14T09:01:36Z</time>
    </trkpt>
    <trkpt lat="51.2041344" lon="6.3199746">
      <ele>68.6</ele>
      <time>2025-09-14T09:01:46Z</time>
    </trkpt>
    <trkpt lat="51.2041971" lon="6.3191848">
      <ele>68.8</ele>
      <time>2025-09-14T09:01:54Z</time>
    </trkpt>
    <trkpt lat="51.2042618" lon="6.3183254">
      <ele>69.4</ele>
      <time>2025-09-14T09:02:03Z</time>
    </trkpt>
    <trkpt lat="51.2042705" lon="6.3182293">
      <ele>69.6</ele>
      <time>2025-09-14T09:02:04Z</time>
    </trkpt>
    <trkpt lat="51.2042999" lon="6.3174675">
      <ele>70.4</ele>
      <time>2025-09-14T09:02:12Z</time>
    </trkpt>
    <trkpt lat="51.2043144" lon="6.3172884">
      <ele>70.4</ele>
      <time>2025-09-14T09:02:14Z</time>
    </trkpt>
    <trkpt lat="51.2043686" lon="6.3169302">
      <ele>70.4</ele>
      <time>2025-09-14T09:02:18Z</time>
    </trkpt>
    <trkpt lat="51.2044220" lon="6.3160861">
      <ele>70.0</ele>
      <time>2025-09-14T09:02:27Z</time>
    </trkpt>
    <trkpt lat="51.2044307" lon="6.3152264">
      <ele>69.4</ele>
      <time>2025-09-14T09:02:36Z</time>
    </trkpt>
    <trkpt lat="51.2044300" lon="6.3149547">
      <ele>69.6</ele>
      <time>2025-09-14T09:02:39Z</time>
    </trkpt>
    <trkpt lat="51.2044354" lon="6.3144859">
      <ele>69.8</ele>
      <time>2025-09-14T09:02:45Z</time>
    </trkpt>
    <trkpt lat="51.2044597" lon="6.3142901">
      <ele>70.2</ele>
      <time>2025-09-14T09:02:48Z</time>
    </trkpt>
    <trkpt lat="51.2045015" lon="6.3141743">
      <ele>70.2</ele>
      <time>2025-09-14T09:02:50Z</time>
    </trkpt>
    <trkpt lat="51.2046154" lon="6.3140257">
      <ele>70.4</ele>
      <time>2025-09-14T09:02:53Z</time>
    </trkpt>
    <trkpt lat="51.2046576" lon="6.3139612">
      <ele>70.2</ele>
      <time>2025-09-14T09:02:54Z</time>
    </trkpt>
    <trkpt lat="51.2049233" lon="6.3135632">
      <ele>70.0</ele>
      <time>2025-09-14T09:03:00Z</time>
    </trkpt>
    <trkpt lat="51.2052407" lon="6.3132777">
      <ele>70.2</ele>
      <time>2025-09-14T09:03:06Z</time>
    </trkpt>
    <trkpt lat="51.2055569" lon="6.3130268">
      <ele>70.6</ele>
      <time>2025-09-14T09:03:11Z</time>
    </trkpt>
    <trkpt lat="51.2056232" lon="6.3129698">
      <ele>70.4</ele>
      <time>2025-09-14T09:03:12Z</time>
    </trkpt>
    <trkpt lat="51.2060469" lon="6.3126313">
      <ele>69.6</ele>
      <time>2025-09-14T09:03:18Z</time>
    </trkpt>
    <trkpt lat="51.2061147" lon="6.3125784">
      <ele>69.2</ele>
      <time>2025-09-14T09:03:19Z</time>
    </trkpt>
    <trkpt lat="51.2065484" lon="6.3122722">
      <ele>68.6</ele>
      <time>2025-09-14T09:03:25Z</time>
    </trkpt>
    <trkpt lat="51.2069391" lon="6.3119758">
      <ele>68.2</ele>
      <time>2025-09-14T09:03:30Z</time>
    </trkpt>
    <trkpt lat="51.2071029" lon="6.3118606">
      <ele>68.0</ele>
      <time>2025-09-14T09:03:32Z</time>
    </trkpt>
    <trkpt lat="51.2073048" lon="6.3117554">
      <ele>67.8</ele>
      <time>2025-09-14T09:03:34Z</time>
    </trkpt>
    <trkpt lat="51.2074480" lon="6.3116317">
      <ele>67.8</ele>
      <time>2025-09-14T09:03:36Z</time>
    </trkpt>
    <trkpt lat="51.2078444" lon="6.3112663">
      <ele>67.0</ele>
      <time>2025-09-14T09:03:41Z</time>
    </trkpt>
    <trkpt lat="51.2079134" lon="6.3111817">
      <ele>66.2</ele>
      <time>2025-09-14T09:03:42Z</time>
    </trkpt>
    <trkpt lat="51.2079794" lon="6.3110910">
      <ele>66.0</ele>
      <time>2025-09-14T09:03:43Z</time>
    </trkpt>
    <trkpt lat="51.2082069" lon="6.3106817">
      <ele>65.2</ele>
      <time>2025-09-14T09:03:47Z</time>
    </trkpt>
    <trkpt lat="51.2083944" lon="6.3100874">
      <ele>65.4</ele>
      <time>2025-09-14T09:03:52Z</time>
    </trkpt>
    <trkpt lat="51.2084140" lon="6.3099610">
      <ele>65.4</ele>
      <time>2025-09-14T09:03:53Z</time>
    </trkpt>
    <trkpt lat="51.2084665" lon="6.3094523">
      <ele>65.6</ele>
      <time>2025-09-14T09:03:57Z</time>
    </trkpt>
    <trkpt lat="51.2085077" lon="6.3089454">
      <ele>64.8</ele>
      <time>2025-09-14T09:04:01Z</time>
    </trkpt>
    <trkpt lat="51.2085576" lon="6.3084535">
      <ele>64.8</ele>
      <time>2025-09-14T09:04:05Z</time>
    </trkpt>
    <trkpt lat="51.2086452" lon="6.3075427">
      <ele>64.8</ele>
      <time>2025-09-14T09:04:13Z</time>
    </trkpt>
    <trkpt lat="51.2086568" lon="6.3074308">
      <ele>64.8</ele>
      <time>2025-09-14T09:04:14Z</time>
    </trkpt>
    <trkpt lat="51.2087011" lon="6.3067791">
      <ele>64.8</ele>
      <time>2025-09-14T09:04:20Z</time>
    </trkpt>
    <trkpt lat="51.2087146" lon="6.3064768">
      <ele>65.0</ele>
      <time>2025-09-14T09:04:23Z</time>
    </trkpt>
    <trkpt lat="51.2087314" lon="6.3063909">
      <ele>65.0</ele>
      <time>2025-09-14T09:04:24Z</time>
    </trkpt>
    <trkpt lat="51.2088151" lon="6.3059201">
      <ele>64.4</ele>
      <time>2025-09-14T09:04:29Z</time>
    </trkpt>
    <trkpt lat="51.2088329" lon="6.3058152">
      <ele>64.4</ele>
      <time>2025-09-14T09:04:30Z</time>
    </trkpt>
    <trkpt lat="51.2088592" lon="6.3054053">
      <ele>64.0</ele>
      <time>2025-09-14T09:04:34Z</time>
    </trkpt>
    <trkpt lat="51.2088660" lon="6.3052424">
      <ele>63.8</ele>
      <time>2025-09-14T09:04:36Z</time>
    </trkpt>
    <trkpt lat="51.2088811" lon="6.3051505">
      <ele>63.6</ele>
      <time>2025-09-14T09:04:37Z</time>
    </trkpt>
    <trkpt lat="51.2089278" lon="6.3044876">
      <ele>63.4</ele>
      <time>2025-09-14T09:04:44Z</time>
    </trkpt>
    <trkpt lat="51.2089307" lon="6.3043886">
      <ele>63.6</ele>
      <time>2025-09-14T09:04:45Z</time>
    </trkpt>
    <trkpt lat="51.2089410" lon="6.3040387">
      <ele>64.2</ele>
      <time>2025-09-14T09:04:50Z</time>
    </trkpt>
    <trkpt lat="51.2089544" lon="6.3037624">
      <ele>64.6</ele>
      <time>2025-09-14T09:04:55Z</time>
    </trkpt>
    <trkpt lat="51.2089582" lon="6.3036830">
      <ele>64.8</ele>
      <time>2025-09-14T09:04:56Z</time>
    </trkpt>
    <trkpt lat="51.2089765" lon="6.3033458">
      <ele>65.0</ele>
      <time>2025-09-14T09:05:00Z</time>
    </trkpt>
    <trkpt lat="51.2090149" lon="6.3027385">
      <ele>65.4</ele>
      <time>2025-09-14T09:05:06Z</time>
    </trkpt>
    <trkpt lat="51.2090643" lon="6.3019380">
      <ele>65.4</ele>
      <time>2025-09-14T09:05:14Z</time>
    </trkpt>
    <trkpt lat="51.2091249" lon="6.3010017">
      <ele>65.0</ele>
      <time>2025-09-14T09:05:24Z</time>
    </trkpt>
    <trkpt lat="51.2091679" lon="6.3004328">
      <ele>65.2</ele>
      <time>2025-09-14T09:05:31Z</time>
    </trkpt>
    <trkpt lat="51.2091810" lon="6.3001963">
      <ele>65.6</ele>
      <time>2025-09-14T09:05:36Z</time>
    </trkpt>
    <trkpt lat="51.2091829" lon="6.3001890">
      <ele>65.8</ele>
      <time>2025-09-14T09:05:38Z</time>
    </trkpt>
    <trkpt lat="51.2091829" lon="6.3001890">
      <ele>66.4</ele>
      <time>2025-09-14T09:05:40Z</time>
    </trkpt>
    <trkpt lat="51.2091829" lon="6.3001890">
      <ele>66.8</ele>
      <time>2025-09-14T09:05:43Z</time>
    </trkpt>
    <trkpt lat="51.2091792" lon="6.3001472">
      <ele>67.2</ele>
      <time>2025-09-14T09:05:47Z</time>
    </trkpt>
    <trkpt lat="51.2091882" lon="6.3000678">
      <ele>67.0</ele>
      <time>2025-09-14T09:05:49Z</time>
    </trkpt>
    <trkpt lat="51.2092115" lon="6.2997643">
      <ele>66.8</ele>
      <time>2025-09-14T09:05:54Z</time>
    </trkpt>
    <trkpt lat="51.2092264" lon="6.2995155">
      <ele>65.6</ele>
      <time>2025-09-14T09:05:57Z</time>
    </trkpt>
    <trkpt lat="51.2092336" lon="6.2993372">
      <ele>65.2</ele>
      <time>2025-09-14T09:05:59Z</time>
    </trkpt>
    <trkpt lat="51.2092451" lon="6.2991559">
      <ele>64.6</ele>
      <time>2025-09-14T09:06:01Z</time>
    </trkpt>
    <trkpt lat="51.2092725" lon="6.2985847">
      <ele>64.4</ele>
      <time>2025-09-14T09:06:07Z</time>
    </trkpt>
    <trkpt lat="51.2092736" lon="6.2984836">
      <ele>64.6</ele>
      <time>2025-09-14T09:06:08Z</time>
    </trkpt>
    <trkpt lat="51.2093326" lon="6.2975878">
      <ele>64.8</ele>
      <time>2025-09-14T09:06:17Z</time>
    </trkpt>
    <trkpt lat="51.2093860" lon="6.2968856">
      <ele>64.8</ele>
      <time>2025-09-14T09:06:24Z</time>
    </trkpt>
    <trkpt lat="51.2095087" lon="6.2960334">
      <ele>64.8</ele>
      <time>2025-09-14T09:06:32Z</time>
    </trkpt>
    <trkpt lat="51.2095285" lon="6.2959249">
      <ele>64.8</ele>
      <time>2025-09-14T09:06:33Z</time>
    </trkpt>
    <trkpt lat="51.2096864" lon="6.2950341">
      <ele>63.8</ele>
      <time>2025-09-14T09:06:41Z</time>
    </trkpt>
    <trkpt lat="51.2097066" lon="6.2949249">
      <ele>63.8</ele>
      <time>2025-09-14T09:06:42Z</time>
    </trkpt>
    <trkpt lat="51.2097281" lon="6.2948142">
      <ele>63.6</ele>
      <time>2025-09-14T09:06:43Z</time>
    </trkpt>
    <trkpt lat="51.2098890" lon="6.2939517">
      <ele>62.4</ele>
      <time>2025-09-14T09:06:51Z</time>
    </trkpt>
    <trkpt lat="51.2099109" lon="6.2938493">
      <ele>62.2</ele>
      <time>2025-09-14T09:06:52Z</time>
    </trkpt>
    <trkpt lat="51.2100147" lon="6.2933519">
      <ele>61.6</ele>
      <time>2025-09-14T09:06:57Z</time>
    </trkpt>
    <trkpt lat="51.2100832" lon="6.2929592">
      <ele>61.4</ele>
      <time>2025-09-14T09:07:01Z</time>
    </trkpt>
    <trkpt lat="51.2101535" lon="6.2925687">
      <ele>60.8</ele>
      <time>2025-09-14T09:07:05Z</time>
    </trkpt>
    <trkpt lat="51.2102064" lon="6.2922871">
      <ele>60.2</ele>
      <time>2025-09-14T09:07:08Z</time>
    </trkpt>
    <trkpt lat="51.2103072" lon="6.2917099">
      <ele>60.0</ele>
      <time>2025-09-14T09:07:14Z</time>
    </trkpt>
    <trkpt lat="51.2104002" lon="6.2910333">
      <ele>59.2</ele>
      <time>2025-09-14T09:07:21Z</time>
    </trkpt>
    <trkpt lat="51.2104370" lon="6.2908651">
      <ele>59.2</ele>
      <time>2025-09-14T09:07:23Z</time>
    </trkpt>
    <trkpt lat="51.2104711" lon="6.2905935">
      <ele>59.4</ele>
      <time>2025-09-14T09:07:26Z</time>
    </trkpt>
    <trkpt lat="51.2105503" lon="6.2897034">
      <ele>58.6</ele>
      <time>2025-09-14T09:07:35Z</time>
    </trkpt>
    <trkpt lat="51.2105596" lon="6.2895045">
      <ele>58.0</ele>
      <time>2025-09-14T09:07:37Z</time>
    </trkpt>
    <trkpt lat="51.2105569" lon="6.2892209">
      <ele>57.0</ele>
      <time>2025-09-14T09:07:40Z</time>
    </trkpt>
    <trkpt lat="51.2105484" lon="6.2890590">
      <ele>56.8</ele>
      <time>2025-09-14T09:07:42Z</time>
    </trkpt>
    <trkpt lat="51.2105329" lon="6.2886151">
      <ele>56.6</ele>
      <time>2025-09-14T09:07:47Z</time>
    </trkpt>
    <trkpt lat="51.2105198" lon="6.2885321">
      <ele>56.6</ele>
      <time>2025-09-14T09:07:48Z</time>
    </trkpt>
    <trkpt lat="51.2105045" lon="6.2883678">
      <ele>56.6</ele>
      <time>2025-09-14T09:07:50Z</time>
    </trkpt>
    <trkpt lat="51.2105128" lon="6.2881827">
      <ele>56.8</ele>
      <time>2025-09-14T09:07:52Z</time>
    </trkpt>
    <trkpt lat="51.2105114" lon="6.2880919">
      <ele>57.0</ele>
      <time>2025-09-14T09:07:53Z</time>
    </trkpt>
    <trkpt lat="51.2105056" lon="6.2880073">
      <ele>57.0</ele>
      <time>2025-09-14T09:07:54Z</time>
    </trkpt>
    <trkpt lat="51.2104850" lon="6.2878489">
      <ele>57.0</ele>
      <time>2025-09-14T09:07:56Z</time>
    </trkpt>
    <trkpt lat="51.2104611" lon="6.2875727">
      <ele>57.6</ele>
      <time>2025-09-14T09:07:59Z</time>
    </trkpt>
    <trkpt lat="51.2104369" lon="6.2873876">
      <ele>57.8</ele>
      <time>2025-09-14T09:08:01Z</time>
    </trkpt>
    <trkpt lat="51.2104340" lon="6.2872809">
      <ele>58.0</ele>
      <time>2025-09-14T09:08:02Z</time>
    </trkpt>
    <trkpt lat="51.2104268" lon="6.2871804">
      <ele>58.2</ele>
      <time>2025-09-14T09:08:03Z</time>
    </trkpt>
    <trkpt lat="51.2103384" lon="6.2865810">
      <ele>58.8</ele>
      <time>2025-09-14T09:08:10Z</time>
    </trkpt>
    <trkpt lat="51.2103061" lon="6.2859002">
      <ele>59.0</ele>
      <time>2025-09-14T09:08:18Z</time>
    </trkpt>
    <trkpt lat="51.2103077" lon="6.2857355">
      <ele>59.0</ele>
      <time>2025-09-14T09:08:20Z</time>
    </trkpt>
    <trkpt lat="51.2103262" lon="6.2854147">
      <ele>59.2</ele>
      <time>2025-09-14T09:08:24Z</time>
    </trkpt>
    <trkpt lat="51.2103619" lon="6.2850372">
      <ele>59.4</ele>
      <time>2025-09-14T09:08:29Z</time>
    </trkpt>
    <trkpt lat="51.2103742" lon="6.2848873">
      <ele>59.6</ele>
      <time>2025-09-14T09:08:31Z</time>
    </trkpt>
    <trkpt lat="51.2103780" lon="6.2848113">
      <ele>59.6</ele>
      <time>2025-09-14T09:08:32Z</time>
    </trkpt>
    <trkpt lat="51.2103895" lon="6.2846708">
      <ele>59.8</ele>
      <time>2025-09-14T09:08:34Z</time>
    </trkpt>
    <trkpt lat="51.2104138" lon="6.2845351">
      <ele>59.8</ele>
      <time>2025-09-14T09:08:36Z</time>
    </trkpt>
    <trkpt lat="51.2104256" lon="6.2844641">
      <ele>59.6</ele>
      <time>2025-09-14T09:08:37Z</time>
    </trkpt>
    <trkpt lat="51.2104813" lon="6.2842649">
      <ele>59.6</ele>
      <time>2025-09-14T09:08:40Z</time>
    </trkpt>
    <trkpt lat="51.2105313" lon="6.2841584">
      <ele>59.6</ele>
      <time>2025-09-14T09:08:42Z</time>
    </trkpt>
    <trkpt lat="51.2105895" lon="6.2840647">
      <ele>59.6</ele>
      <time>2025-09-14T09:08:44Z</time>
    </trkpt>
    <trkpt lat="51.2106056" lon="6.2839765">
      <ele>59.8</ele>
      <time>2025-09-14T09:08:46Z</time>
    </trkpt>
    <trkpt lat="51.2105813" lon="6.2837686">
      <ele>60.0</ele>
      <time>2025-09-14T09:08:51Z</time>
    </trkpt>
    <trkpt lat="51.2106510" lon="6.2835184">
      <ele>61.0</ele>
      <time>2025-09-14T09:08:58Z</time>
    </trkpt>
    <trkpt lat="51.2106657" lon="6.2834802">
      <ele>61.0</ele>
      <time>2025-09-14T09:08:59Z</time>
    </trkpt>
    <trkpt lat="51.2106748" lon="6.2834386">
      <ele>61.0</ele>
      <time>2025-09-14T09:09:00Z</time>
    </trkpt>
    <trkpt lat="51.2106686" lon="6.2833915">
      <ele>61.0</ele>
      <time>2025-09-14T09:09:01Z</time>
    </trkpt>
    <trkpt lat="51.2106068" lon="6.2830819">
      <ele>60.4</ele>
      <time>2025-09-14T09:09:07Z</time>
    </trkpt>
    <trkpt lat="51.2106324" lon="6.2827634">
      <ele>60.2</ele>
      <time>2025-09-14T09:09:12Z</time>
    </trkpt>
    <trkpt lat="51.2107136" lon="6.2822156">
      <ele>60.8</ele>
      <time>2025-09-14T09:09:20Z</time>
    </trkpt>
    <trkpt lat="51.2107471" lon="6.2820953">
      <ele>60.8</ele>
      <time>2025-09-14T09:09:22Z</time>
    </trkpt>
    <trkpt lat="51.2107768" lon="6.2819171">
      <ele>60.8</ele>
      <time>2025-09-14T09:09:25Z</time>
    </trkpt>
    <trkpt lat="51.2108022" lon="6.2817897">
      <ele>61.0</ele>
      <time>2025-09-14T09:09:27Z</time>
    </trkpt>
    <trkpt lat="51.2108433" lon="6.2814985">
      <ele>61.4</ele>
      <time>2025-09-14T09:09:31Z</time>
    </trkpt>
    <trkpt lat="51.2108888" lon="6.2811010">
      <ele>61.4</ele>
      <time>2025-09-14T09:09:36Z</time>
    </trkpt>
    <trkpt lat="51.2109012" lon="6.2810273">
      <ele>61.4</ele>
      <time>2025-09-14T09:09:37Z</time>
    </trkpt>
    <trkpt lat="51.2109200" lon="6.2809560">
      <ele>61.4</ele>
      <time>2025-09-14T09:09:38Z</time>
    </trkpt>
    <trkpt lat="51.2109641" lon="6.2807215">
      <ele>61.4</ele>
      <time>2025-09-14T09:09:41Z</time>
    </trkpt>
    <trkpt lat="51.2110690" lon="6.2800505">
      <ele>61.8</ele>
      <time>2025-09-14T09:09:50Z</time>
    </trkpt>
    <trkpt lat="51.2111037" lon="6.2799312">
      <ele>61.8</ele>
      <time>2025-09-14T09:09:52Z</time>
    </trkpt>
    <trkpt lat="51.2111238" lon="6.2798055">
      <ele>62.0</ele>
      <time>2025-09-14T09:09:54Z</time>
    </trkpt>
    <trkpt lat="51.2111342" lon="6.2797426">
      <ele>62.0</ele>
      <time>2025-09-14T09:09:55Z</time>
    </trkpt>
    <trkpt lat="51.2111575" lon="6.2795826">
      <ele>62.6</ele>
      <time>2025-09-14T09:10:00Z</time>
    </trkpt>
    <trkpt lat="51.2111483" lon="6.2795904">
      <ele>63.0</ele>
      <time>2025-09-14T09:10:08Z</time>
    </trkpt>
    <trkpt lat="51.2111423" lon="6.2795934">
      <ele>63.2</ele>
      <time>2025-09-14T09:10:22Z</time>
    </trkpt>
    <trkpt lat="51.2111423" lon="6.2795934">
      <ele>63.4</ele>
      <time>2025-09-14T09:10:27Z</time>
    </trkpt>
    <trkpt lat="51.2111423" lon="6.2795934">
      <ele>63.4</ele>
      <time>2025-09-14T09:10:38Z</time>
    </trkpt>
    <trkpt lat="51.2111403" lon="6.2795922">
      <ele>63.4</ele>
      <time>2025-09-14T09:10:57Z</time>
    </trkpt>
    <trkpt lat="51.2111403" lon="6.2795922">
      <ele>63.2</ele>
      <time>2025-09-14T09:11:11Z</time>
    </trkpt>
    <trkpt lat="51.2111379" lon="6.2795624">
      <ele>63.2</ele>
      <time>2025-09-14T09:11:32Z</time>
    </trkpt>
    <trkpt lat="51.2111400" lon="6.2795319">
      <ele>63.0</ele>
      <time>2025-09-14T09:11:44Z</time>
    </trkpt>
    <trkpt lat="51.2111633" lon="6.2793499">
      <ele>62.8</ele>
      <time>2025-09-14T09:11:48Z</time>
    </trkpt>
    <trkpt lat="51.2111954" lon="6.2789869">
      <ele>62.6</ele>
      <time>2025-09-14T09:11:53Z</time>
    </trkpt>
    <trkpt lat="51.2112207" lon="6.2787359">
      <ele>62.2</ele>
      <time>2025-09-14T09:11:56Z</time>
    </trkpt>
    <trkpt lat="51.2112526" lon="6.2785738">
      <ele>62.2</ele>
      <time>2025-09-14T09:11:58Z</time>
    </trkpt>
    <trkpt lat="51.2112720" lon="6.2784889">
      <ele>61.8</ele>
      <time>2025-09-14T09:11:59Z</time>
    </trkpt>
    <trkpt lat="51.2112883" lon="6.2784014">
      <ele>61.8</ele>
      <time>2025-09-14T09:12:00Z</time>
    </trkpt>
    <trkpt lat="51.2114018" lon="6.2780234">
      <ele>61.4</ele>
      <time>2025-09-14T09:12:04Z</time>
    </trkpt>
    <trkpt lat="51.2114315" lon="6.2779272">
      <ele>61.2</ele>
      <time>2025-09-14T09:12:05Z</time>
    </trkpt>
    <trkpt lat="51.2114968" lon="6.2777261">
      <ele>60.6</ele>
      <time>2025-09-14T09:12:07Z</time>
    </trkpt>
    <trkpt lat="51.2115642" lon="6.2775247">
      <ele>60.2</ele>
      <time>2025-09-14T09:12:09Z</time>
    </trkpt>
    <trkpt lat="51.2116107" lon="6.2774307">
      <ele>59.6</ele>
      <time>2025-09-14T09:12:10Z</time>
    </trkpt>
    <trkpt lat="51.2116597" lon="6.2773479">
      <ele>59.4</ele>
      <time>2025-09-14T09:12:11Z</time>
    </trkpt>
    <trkpt lat="51.2118242" lon="6.2771355">
      <ele>58.8</ele>
      <time>2025-09-14T09:12:14Z</time>
    </trkpt>
    <trkpt lat="51.2118862" lon="6.2770851">
      <ele>58.6</ele>
      <time>2025-09-14T09:12:15Z</time>
    </trkpt>
    <trkpt lat="51.2122159" lon="6.2767556">
      <ele>57.8</ele>
      <time>2025-09-14T09:12:21Z</time>
    </trkpt>
    <trkpt lat="51.2124796" lon="6.2764050">
      <ele>59.4</ele>
      <time>2025-09-14T09:12:27Z</time>
    </trkpt>
    <trkpt lat="51.2125231" lon="6.2763426">
      <ele>59.6</ele>
      <time>2025-09-14T09:12:28Z</time>
    </trkpt>
    <trkpt lat="51.2126416" lon="6.2761636">
      <ele>60.8</ele>
      <time>2025-09-14T09:12:31Z</time>
    </trkpt>
    <trkpt lat="51.2127205" lon="6.2760469">
      <ele>61.4</ele>
      <time>2025-09-14T09:12:33Z</time>
    </trkpt>
    <trkpt lat="51.2128091" lon="6.2759337">
      <ele>61.8</ele>
      <time>2025-09-14T09:12:35Z</time>
    </trkpt>
    <trkpt lat="51.2130158" lon="6.2756433">
      <ele>62.8</ele>
      <time>2025-09-14T09:12:40Z</time>
    </trkpt>
    <trkpt lat="51.2130587" lon="6.2755854">
      <ele>63.2</ele>
      <time>2025-09-14T09:12:41Z</time>
    </trkpt>
    <trkpt lat="51.2134454" lon="6.2750688">
      <ele>64.4</ele>
      <time>2025-09-14T09:12:50Z</time>
    </trkpt>
    <trkpt lat="51.2134907" lon="6.2750243">
      <ele>64.6</ele>
      <time>2025-09-14T09:12:51Z</time>
    </trkpt>
    <trkpt lat="51.2135739" lon="6.2749486">
      <ele>64.8</ele>
      <time>2025-09-14T09:12:53Z</time>
    </trkpt>
    <trkpt lat="51.2136121" lon="6.2749001">
      <ele>65.0</ele>
      <time>2025-09-14T09:12:54Z</time>
    </trkpt>
    <trkpt lat="51.2138932" lon="6.2745440">
      <ele>65.6</ele>
      <time>2025-09-14T09:13:01Z</time>
    </trkpt>
    <trkpt lat="51.2139279" lon="6.2745067">
      <ele>65.6</ele>
      <time>2025-09-14T09:13:02Z</time>
    </trkpt>
    <trkpt lat="51.2140450" lon="6.2743487">
      <ele>65.8</ele>
      <time>2025-09-14T09:13:05Z</time>
    </trkpt>
    <trkpt lat="51.2141672" lon="6.2741476">
      <ele>66.0</ele>
      <time>2025-09-14T09:13:08Z</time>
    </trkpt>
    <trkpt lat="51.2143953" lon="6.2736902">
      <ele>66.0</ele>
      <time>2025-09-14T09:13:14Z</time>
    </trkpt>
    <trkpt lat="51.2145396" lon="6.2733669">
      <ele>65.2</ele>
      <time>2025-09-14T09:13:18Z</time>
    </trkpt>
    <trkpt lat="51.2145772" lon="6.2732946">
      <ele>65.2</ele>
      <time>2025-09-14T09:13:19Z</time>
    </trkpt>
    <trkpt lat="51.2146547" lon="6.2731924">
      <ele>64.8</ele>
      <time>2025-09-14T09:13:21Z</time>
    </trkpt>
    <trkpt lat="51.2146907" lon="6.2731685">
      <ele>64.6</ele>
      <time>2025-09-14T09:13:22Z</time>
    </trkpt>
    <trkpt lat="51.2147215" lon="6.2731387">
      <ele>64.2</ele>
      <time>2025-09-14T09:13:23Z</time>
    </trkpt>
    <trkpt lat="51.2147730" lon="6.2730294">
      <ele>64.2</ele>
      <time>2025-09-14T09:13:25Z</time>
    </trkpt>
    <trkpt lat="51.2147910" lon="6.2727721">
      <ele>64.0</ele>
      <time>2025-09-14T09:13:28Z</time>
    </trkpt>
    <trkpt lat="51.2148272" lon="6.2726041">
      <ele>64.2</ele>
      <time>2025-09-14T09:13:30Z</time>
    </trkpt>
    <trkpt lat="51.2148826" lon="6.2724458">
      <ele>64.2</ele>
      <time>2025-09-14T09:13:32Z</time>
    </trkpt>
    <trkpt lat="51.2149391" lon="6.2722926">
      <ele>64.4</ele>
      <time>2025-09-14T09:13:34Z</time>
    </trkpt>
    <trkpt lat="51.2150143" lon="6.2720634">
      <ele>64.4</ele>
      <time>2025-09-14T09:13:37Z</time>
    </trkpt>
    <trkpt lat="51.2150742" lon="6.2718245">
      <ele>64.6</ele>
      <time>2025-09-14T09:13:40Z</time>
    </trkpt>
    <trkpt lat="51.2150858" lon="6.2716587">
      <ele>64.8</ele>
      <time>2025-09-14T09:13:42Z</time>
    </trkpt>
    <trkpt lat="51.2150809" lon="6.2715743">
      <ele>64.8</ele>
      <time>2025-09-14T09:13:43Z</time>
    </trkpt>
    <trkpt lat="51.2150722" lon="6.2713236">
      <ele>64.8</ele>
      <time>2025-09-14T09:13:46Z</time>
    </trkpt>
    <trkpt lat="51.2151153" lon="6.2711578">
      <ele>64.8</ele>
      <time>2025-09-14T09:13:48Z</time>
    </trkpt>
    <trkpt lat="51.2151991" lon="6.2709963">
      <ele>64.8</ele>
      <time>2025-09-14T09:13:50Z</time>
    </trkpt>
    <trkpt lat="51.2152975" lon="6.2708641">
      <ele>64.6</ele>
      <time>2025-09-14T09:13:52Z</time>
    </trkpt>
    <trkpt lat="51.2156181" lon="6.2704981">
      <ele>62.6</ele>
      <time>2025-09-14T09:13:58Z</time>
    </trkpt>
    <trkpt lat="51.2157221" lon="6.2703703">
      <ele>62.2</ele>
      <time>2025-09-14T09:14:00Z</time>
    </trkpt>
    <trkpt lat="51.2158539" lon="6.2702212">
      <ele>61.4</ele>
      <time>2025-09-14T09:14:03Z</time>
    </trkpt>
    <trkpt lat="51.2158769" lon="6.2701967">
      <ele>61.2</ele>
      <time>2025-09-14T09:14:04Z</time>
    </trkpt>
    <trkpt lat="51.2160194" lon="6.2700612">
      <ele>60.8</ele>
      <time>2025-09-14T09:14:08Z</time>
    </trkpt>
    <trkpt lat="51.2161057" lon="6.2699577">
      <ele>60.4</ele>
      <time>2025-09-14T09:14:10Z</time>
    </trkpt>
    <trkpt lat="51.2162555" lon="6.2698094">
      <ele>60.0</ele>
      <time>2025-09-14T09:14:13Z</time>
    </trkpt>
    <trkpt lat="51.2163530" lon="6.2697048">
      <ele>59.8</ele>
      <time>2025-09-14T09:14:15Z</time>
    </trkpt>
    <trkpt lat="51.2164868" lon="6.2696121">
      <ele>59.8</ele>
      <time>2025-09-14T09:14:18Z</time>
    </trkpt>
    <trkpt lat="51.2165727" lon="6.2695264">
      <ele>59.8</ele>
      <time>2025-09-14T09:14:20Z</time>
    </trkpt>
    <trkpt lat="51.2167566" lon="6.2693280">
      <ele>60.4</ele>
      <time>2025-09-14T09:14:24Z</time>
    </trkpt>
    <trkpt lat="51.2168010" lon="6.2692788">
      <ele>60.4</ele>
      <time>2025-09-14T09:14:25Z</time>
    </trkpt>
    <trkpt lat="51.2169821" lon="6.2690854">
      <ele>60.6</ele>
      <time>2025-09-14T09:14:29Z</time>
    </trkpt>
    <trkpt lat="51.2174734" lon="6.2685611">
      <ele>60.8</ele>
      <time>2025-09-14T09:14:40Z</time>
    </trkpt>
    <trkpt lat="51.2176107" lon="6.2684182">
      <ele>61.4</ele>
      <time>2025-09-14T09:14:43Z</time>
    </trkpt>
    <trkpt lat="51.2179570" lon="6.2680573">
      <ele>62.4</ele>
      <time>2025-09-14T09:14:51Z</time>
    </trkpt>
    <trkpt lat="51.2183021" lon="6.2677443">
      <ele>63.2</ele>
      <time>2025-09-14T09:14:59Z</time>
    </trkpt>
    <trkpt lat="51.2183905" lon="6.2676942">
      <ele>63.6</ele>
      <time>2025-09-14T09:15:01Z</time>
    </trkpt>
    <trkpt lat="51.2185286" lon="6.2676184">
      <ele>64.2</ele>
      <time>2025-09-14T09:15:04Z</time>
    </trkpt>
    <trkpt lat="51.2186715" lon="6.2675492">
      <ele>64.6</ele>
      <time>2025-09-14T09:15:07Z</time>
    </trkpt>
    <trkpt lat="51.2191103" lon="6.2672942">
      <ele>65.4</ele>
      <time>2025-09-14T09:15:16Z</time>
    </trkpt>
    <trkpt lat="51.2193697" lon="6.2671448">
      <ele>65.8</ele>
      <time>2025-09-14T09:15:21Z</time>
    </trkpt>
    <trkpt lat="51.2195177" lon="6.2670432">
      <ele>65.8</ele>
      <time>2025-09-14T09:15:24Z</time>
    </trkpt>
    <trkpt lat="51.2199275" lon="6.2667411">
      <ele>65.4</ele>
      <time>2025-09-14T09:15:32Z</time>
    </trkpt>
    <trkpt lat="51.2202233" lon="6.2664991">
      <ele>64.8</ele>
      <time>2025-09-14T09:15:38Z</time>
    </trkpt>
    <trkpt lat="51.2203204" lon="6.2664138">
      <ele>64.6</ele>
      <time>2025-09-14T09:15:40Z</time>
    </trkpt>
    <trkpt lat="51.2207351" lon="6.2660240">
      <ele>64.4</ele>
      <time>2025-09-14T09:15:48Z</time>
    </trkpt>
    <trkpt lat="51.2210366" lon="6.2656895">
      <ele>64.2</ele>
      <time>2025-09-14T09:15:54Z</time>
    </trkpt>
    <trkpt lat="51.2211179" lon="6.2655553">
      <ele>64.4</ele>
      <time>2025-09-14T09:15:56Z</time>
    </trkpt>
    <trkpt lat="51.2212307" lon="6.2653508">
      <ele>64.4</ele>
      <time>2025-09-14T09:15:59Z</time>
    </trkpt>
    <trkpt lat="51.2212824" lon="6.2651879">
      <ele>64.2</ele>
      <time>2025-09-14T09:16:01Z</time>
    </trkpt>
    <trkpt lat="51.2213094" lon="6.2651078">
      <ele>64.2</ele>
      <time>2025-09-14T09:16:02Z</time>
    </trkpt>
    <trkpt lat="51.2214488" lon="6.2647926">
      <ele>63.4</ele>
      <time>2025-09-14T09:16:06Z</time>
    </trkpt>
    <trkpt lat="51.2216103" lon="6.2643725">
      <ele>62.2</ele>
      <time>2025-09-14T09:16:11Z</time>
    </trkpt>
    <trkpt lat="51.2216454" lon="6.2642871">
      <ele>62.0</ele>
      <time>2025-09-14T09:16:12Z</time>
    </trkpt>
    <trkpt lat="51.2217817" lon="6.2639475">
      <ele>61.4</ele>
      <time>2025-09-14T09:16:16Z</time>
    </trkpt>
    <trkpt lat="51.2218474" lon="6.2637804">
      <ele>61.2</ele>
      <time>2025-09-14T09:16:18Z</time>
    </trkpt>
    <trkpt lat="51.2221236" lon="6.2631471">
      <ele>60.4</ele>
      <time>2025-09-14T09:16:26Z</time>
    </trkpt>
    <trkpt lat="51.2221927" lon="6.2630021">
      <ele>60.2</ele>
      <time>2025-09-14T09:16:28Z</time>
    </trkpt>
    <trkpt lat="51.2223677" lon="6.2627168">
      <ele>59.4</ele>
      <time>2025-09-14T09:16:32Z</time>
    </trkpt>
    <trkpt lat="51.2226745" lon="6.2623604">
      <ele>59.0</ele>
      <time>2025-09-14T09:16:38Z</time>
    </trkpt>
    <trkpt lat="51.2230910" lon="6.2618975">
      <ele>58.0</ele>
      <time>2025-09-14T09:16:46Z</time>
    </trkpt>
    <trkpt lat="51.2232423" lon="6.2617278">
      <ele>57.8</ele>
      <time>2025-09-14T09:16:49Z</time>
    </trkpt>
    <trkpt lat="51.2235522" lon="6.2613860">
      <ele>56.8</ele>
      <time>2025-09-14T09:16:55Z</time>
    </trkpt>
    <trkpt lat="51.2236515" lon="6.2612747">
      <ele>56.4</ele>
      <time>2025-09-14T09:16:57Z</time>
    </trkpt>
    <trkpt lat="51.2239229" lon="6.2609921">
      <ele>55.8</ele>
      <time>2025-09-14T09:17:02Z</time>
    </trkpt>
    <trkpt lat="51.2242230" lon="6.2607441">
      <ele>55.4</ele>
      <time>2025-09-14T09:17:07Z</time>
    </trkpt>
    <trkpt lat="51.2245730" lon="6.2604920">
      <ele>55.2</ele>
      <time>2025-09-14T09:17:13Z</time>
    </trkpt>
    <trkpt lat="51.2248118" lon="6.2603198">
      <ele>54.6</ele>
      <time>2025-09-14T09:17:17Z</time>
    </trkpt>
    <trkpt lat="51.2249880" lon="6.2601695">
      <ele>54.4</ele>
      <time>2025-09-14T09:17:20Z</time>
    </trkpt>
    <trkpt lat="51.2251950" lon="6.2599302">
      <ele>54.0</ele>
      <time>2025-09-14T09:17:24Z</time>
    </trkpt>
    <trkpt lat="51.2252361" lon="6.2598521">
      <ele>54.0</ele>
      <time>2025-09-14T09:17:25Z</time>
    </trkpt>
    <trkpt lat="51.2254262" lon="6.2592694">
      <ele>54.6</ele>
      <time>2025-09-14T09:17:32Z</time>
    </trkpt>
    <trkpt lat="51.2255244" lon="6.2589585">
      <ele>55.0</ele>
      <time>2025-09-14T09:17:36Z</time>
    </trkpt>
    <trkpt lat="51.2256002" lon="6.2586484">
      <ele>55.2</ele>
      <time>2025-09-14T09:17:40Z</time>
    </trkpt>
    <trkpt lat="51.2256810" lon="6.2582064">
      <ele>55.8</ele>
      <time>2025-09-14T09:17:46Z</time>
    </trkpt>
    <trkpt lat="51.2257069" lon="6.2580615">
      <ele>56.0</ele>
      <time>2025-09-14T09:17:48Z</time>
    </trkpt>
    <trkpt lat="51.2257989" lon="6.2575764">
      <ele>56.8</ele>
      <time>2025-09-14T09:17:55Z</time>
    </trkpt>
    <trkpt lat="51.2258362" lon="6.2574494">
      <ele>57.0</ele>
      <time>2025-09-14T09:17:57Z</time>
    </trkpt>
    <trkpt lat="51.2259633" lon="6.2571524">
      <ele>58.4</ele>
      <time>2025-09-14T09:18:02Z</time>
    </trkpt>
    <trkpt lat="51.2260182" lon="6.2570351">
      <ele>59.2</ele>
      <time>2025-09-14T09:18:04Z</time>
    </trkpt>
    <trkpt lat="51.2260462" lon="6.2569760">
      <ele>59.4</ele>
      <time>2025-09-14T09:18:05Z</time>
    </trkpt>
    <trkpt lat="51.2263289" lon="6.2563758">
      <ele>60.0</ele>
      <time>2025-09-14T09:18:15Z</time>
    </trkpt>
    <trkpt lat="51.2266190" lon="6.2558879">
      <ele>59.8</ele>
      <time>2025-09-14T09:18:23Z</time>
    </trkpt>
    <trkpt lat="51.2270924" lon="6.2553025">
      <ele>58.8</ele>
      <time>2025-09-14T09:18:33Z</time>
    </trkpt>
    <trkpt lat="51.2271955" lon="6.2551757">
      <ele>58.2</ele>
      <time>2025-09-14T09:18:35Z</time>
    </trkpt>
    <trkpt lat="51.2274562" lon="6.2548637">
      <ele>57.0</ele>
      <time>2025-09-14T09:18:40Z</time>
    </trkpt>
    <trkpt lat="51.2275643" lon="6.2547336">
      <ele>56.2</ele>
      <time>2025-09-14T09:18:42Z</time>
    </trkpt>
    <trkpt lat="51.2276681" lon="6.2546072">
      <ele>55.6</ele>
      <time>2025-09-14T09:18:44Z</time>
    </trkpt>
    <trkpt lat="51.2279167" lon="6.2542948">
      <ele>54.6</ele>
      <time>2025-09-14T09:18:49Z</time>
    </trkpt>
    <trkpt lat="51.2280625" lon="6.2541134">
      <ele>54.4</ele>
      <time>2025-09-14T09:18:52Z</time>
    </trkpt>
    <trkpt lat="51.2284275" lon="6.2536230">
      <ele>53.6</ele>
      <time>2025-09-14T09:19:00Z</time>
    </trkpt>
    <trkpt lat="51.2284729" lon="6.2535525">
      <ele>53.6</ele>
      <time>2025-09-14T09:19:01Z</time>
    </trkpt>
    <trkpt lat="51.2287889" lon="6.2529947">
      <ele>53.2</ele>
      <time>2025-09-14T09:19:09Z</time>
    </trkpt>
    <trkpt lat="51.2289383" lon="6.2527195">
      <ele>53.2</ele>
      <time>2025-09-14T09:19:13Z</time>
    </trkpt>
    <trkpt lat="51.2289718" lon="6.2526486">
      <ele>53.2</ele>
      <time>2025-09-14T09:19:14Z</time>
    </trkpt>
    <trkpt lat="51.2292166" lon="6.2521798">
      <ele>53.2</ele>
      <time>2025-09-14T09:19:21Z</time>
    </trkpt>
    <trkpt lat="51.2294164" lon="6.2518136">
      <ele>53.2</ele>
      <time>2025-09-14T09:19:27Z</time>
    </trkpt>
    <trkpt lat="51.2296697" lon="6.2513400">
      <ele>53.8</ele>
      <time>2025-09-14T09:19:35Z</time>
    </trkpt>
    <trkpt lat="51.2297961" lon="6.2511303">
      <ele>53.8</ele>
      <time>2025-09-14T09:19:39Z</time>
    </trkpt>
    <trkpt lat="51.2299245" lon="6.2509713">
      <ele>54.0</ele>
      <time>2025-09-14T09:19:42Z</time>
    </trkpt>
    <trkpt lat="51.2301771" lon="6.2507242">
      <ele>54.2</ele>
      <time>2025-09-14T09:19:48Z</time>
    </trkpt>
    <trkpt lat="51.2304933" lon="6.2505806">
      <ele>54.4</ele>
      <time>2025-09-14T09:19:54Z</time>
    </trkpt>
    <trkpt lat="51.2310182" lon="6.2504182">
      <ele>53.8</ele>
      <time>2025-09-14T09:20:03Z</time>
    </trkpt>
    <trkpt lat="51.2312518" lon="6.2503771">
      <ele>52.2</ele>
      <time>2025-09-14T09:20:08Z</time>
    </trkpt>
    <trkpt lat="51.2313833" lon="6.2503756">
      <ele>51.6</ele>
      <time>2025-09-14T09:20:13Z</time>
    </trkpt>
    <trkpt lat="51.2314119" lon="6.2503757">
      <ele>51.6</ele>
      <time>2025-09-14T09:20:15Z</time>
    </trkpt>
    <trkpt lat="51.2314152" lon="6.2503751">
      <ele>51.6</ele>
      <time>2025-09-14T09:20:17Z</time>
    </trkpt>
    <trkpt lat="51.2314152" lon="6.2503751">
      <ele>51.6</ele>
      <time>2025-09-14T09:20:28Z</time>
    </trkpt>
    <trkpt lat="51.2314152" lon="6.2503751">
      <ele>51.6</ele>
      <time>2025-09-14T09:21:36Z</time>
    </trkpt>
    <trkpt lat="51.2314707" lon="6.2503512">
      <ele>51.2</ele>
      <time>2025-09-14T09:21:44Z</time>
    </trkpt>
    <trkpt lat="51.2315205" lon="6.2503186">
      <ele>51.0</ele>
      <time>2025-09-14T09:21:50Z</time>
    </trkpt>
    <trkpt lat="51.2315861" lon="6.2502855">
      <ele>51.0</ele>
      <time>2025-09-14T09:22:00Z</time>
    </trkpt>
    <trkpt lat="51.2316029" lon="6.2502795">
      <ele>50.8</ele>
      <time>2025-09-14T09:22:08Z</time>
    </trkpt>
    <trkpt lat="51.2316490" lon="6.2502802">
      <ele>50.6</ele>
      <time>2025-09-14T09:22:13Z</time>
    </trkpt>
    <trkpt lat="51.2317425" lon="6.2502426">
      <ele>50.6</ele>
      <time>2025-09-14T09:22:21Z</time>
    </trkpt>
    <trkpt lat="51.2318102" lon="6.2502029">
      <ele>50.6</ele>
      <time>2025-09-14T09:22:27Z</time>
    </trkpt>
    <trkpt lat="51.2318391" lon="6.2502236">
      <ele>50.6</ele>
      <time>2025-09-14T09:22:34Z</time>
    </trkpt>
    <trkpt lat="51.2318780" lon="6.2502057">
      <ele>50.6</ele>
      <time>2025-09-14T09:22:39Z</time>
    </trkpt>
    <trkpt lat="51.2319130" lon="6.2501941">
      <ele>50.4</ele>
      <time>2025-09-14T09:22:49Z</time>
    </trkpt>
    <trkpt lat="51.2319206" lon="6.2501965">
      <ele>50.2</ele>
      <time>2025-09-14T09:22:50Z</time>
    </trkpt>
    <trkpt lat="51.2319236" lon="6.2501966">
      <ele>49.8</ele>
      <time>2025-09-14T09:22:56Z</time>
    </trkpt>
    <trkpt lat="51.2319236" lon="6.2501966">
      <ele>49.6</ele>
      <time>2025-09-14T09:22:59Z</time>
    </trkpt>
    <trkpt lat="51.2319662" lon="6.2501685">
      <ele>49.6</ele>
      <time>2025-09-14T09:23:06Z</time>
    </trkpt>
    <trkpt lat="51.2319883" lon="6.2501679">
      <ele>49.6</ele>
      <time>2025-09-14T09:23:14Z</time>
    </trkpt>
    <trkpt lat="51.2320192" lon="6.2501700">
      <ele>49.6</ele>
      <time>2025-09-14T09:23:20Z</time>
    </trkpt>
    <trkpt lat="51.2320192" lon="6.2501700">
      <ele>49.6</ele>
      <time>2025-09-14T09:23:22Z</time>
    </trkpt>
    <trkpt lat="51.2320529" lon="6.2501616">
      <ele>49.8</ele>
      <time>2025-09-14T09:23:30Z</time>
    </trkpt>
    <trkpt lat="51.2321497" lon="6.2501341">
      <ele>49.8</ele>
      <time>2025-09-14T09:23:34Z</time>
    </trkpt>
    <trkpt lat="51.2323195" lon="6.2500889">
      <ele>49.8</ele>
      <time>2025-09-14T09:23:38Z</time>
    </trkpt>
    <trkpt lat="51.2325131" lon="6.2500091">
      <ele>49.6</ele>
      <time>2025-09-14T09:23:42Z</time>
    </trkpt>
    <trkpt lat="51.2326532" lon="6.2499631">
      <ele>49.4</ele>
      <time>2025-09-14T09:23:45Z</time>
    </trkpt>
    <trkpt lat="51.2326954" lon="6.2499462">
      <ele>49.2</ele>
      <time>2025-09-14T09:23:46Z</time>
    </trkpt>
    <trkpt lat="51.2327346" lon="6.2499157">
      <ele>49.2</ele>
      <time>2025-09-14T09:23:47Z</time>
    </trkpt>
    <trkpt lat="51.2327497" lon="6.2498977">
      <ele>49.2</ele>
      <time>2025-09-14T09:23:49Z</time>
    </trkpt>
    <trkpt lat="51.2327884" lon="6.2498210">
      <ele>49.0</ele>
      <time>2025-09-14T09:23:51Z</time>
    </trkpt>
    <trkpt lat="51.2327995" lon="6.2497524">
      <ele>49.0</ele>
      <time>2025-09-14T09:23:52Z</time>
    </trkpt>
    <trkpt lat="51.2328655" lon="6.2493497">
      <ele>49.4</ele>
      <time>2025-09-14T09:23:58Z</time>
    </trkpt>
    <trkpt lat="51.2329617" lon="6.2490380">
      <ele>50.0</ele>
      <time>2025-09-14T09:24:03Z</time>
    </trkpt>
    <trkpt lat="51.2330689" lon="6.2488295">
      <ele>50.2</ele>
      <time>2025-09-14T09:24:07Z</time>
    </trkpt>
    <trkpt lat="51.2331281" lon="6.2487319">
      <ele>50.4</ele>
      <time>2025-09-14T09:24:09Z</time>
    </trkpt>
    <trkpt lat="51.2333370" lon="6.2485340">
      <ele>51.4</ele>
      <time>2025-09-14T09:24:15Z</time>
    </trkpt>
    <trkpt lat="51.2333751" lon="6.2485175">
      <ele>51.6</ele>
      <time>2025-09-14T09:24:16Z</time>
    </trkpt>
    <trkpt lat="51.2336230" lon="6.2484639">
      <ele>52.0</ele>
      <time>2025-09-14T09:24:22Z</time>
    </trkpt>
    <trkpt lat="51.2337524" lon="6.2484529">
      <ele>52.0</ele>
      <time>2025-09-14T09:24:25Z</time>
    </trkpt>
    <trkpt lat="51.2338801" lon="6.2484579">
      <ele>52.2</ele>
      <time>2025-09-14T09:24:28Z</time>
    </trkpt>
    <trkpt lat="51.2339630" lon="6.2484701">
      <ele>52.4</ele>
      <time>2025-09-14T09:24:30Z</time>
    </trkpt>
    <trkpt lat="51.2342265" lon="6.2485383">
      <ele>52.8</ele>
      <time>2025-09-14T09:24:36Z</time>
    </trkpt>
    <trkpt lat="51.2345538" lon="6.2487167">
      <ele>53.4</ele>
      <time>2025-09-14T09:24:44Z</time>
    </trkpt>
    <trkpt lat="51.2345939" lon="6.2487434">
      <ele>53.8</ele>
      <time>2025-09-14T09:24:45Z</time>
    </trkpt>
    <trkpt lat="51.2348907" lon="6.2489884">
      <ele>54.4</ele>
      <time>2025-09-14T09:24:53Z</time>
    </trkpt>
    <trkpt lat="51.2349631" lon="6.2490308">
      <ele>54.6</ele>
      <time>2025-09-14T09:24:55Z</time>
    </trkpt>
    <trkpt lat="51.2350433" lon="6.2490060">
      <ele>54.8</ele>
      <time>2025-09-14T09:24:57Z</time>
    </trkpt>
    <trkpt lat="51.2353331" lon="6.2487927">
      <ele>55.8</ele>
      <time>2025-09-14T09:25:04Z</time>
    </trkpt>
    <trkpt lat="51.2353774" lon="6.2487581">
      <ele>55.8</ele>
      <time>2025-09-14T09:25:05Z</time>
    </trkpt>
    <trkpt lat="51.2356579" lon="6.2485119">
      <ele>55.2</ele>
      <time>2025-09-14T09:25:11Z</time>
    </trkpt>
    <trkpt lat="51.2357035" lon="6.2484612">
      <ele>55.0</ele>
      <time>2025-09-14T09:25:12Z</time>
    </trkpt>
    <trkpt lat="51.2358914" lon="6.2482613">
      <ele>54.6</ele>
      <time>2025-09-14T09:25:16Z</time>
    </trkpt>
    <trkpt lat="51.2360427" lon="6.2481108">
      <ele>54.4</ele>
      <time>2025-09-14T09:25:19Z</time>
    </trkpt>
    <trkpt lat="51.2364344" lon="6.2478026">
      <ele>53.2</ele>
      <time>2025-09-14T09:25:26Z</time>
    </trkpt>
    <trkpt lat="51.2364920" lon="6.2477580">
      <ele>53.2</ele>
      <time>2025-09-14T09:25:27Z</time>
    </trkpt>
    <trkpt lat="51.2369405" lon="6.2474090">
      <ele>52.2</ele>
      <time>2025-09-14T09:25:35Z</time>
    </trkpt>
    <trkpt lat="51.2371051" lon="6.2472865">
      <ele>51.4</ele>
      <time>2025-09-14T09:25:39Z</time>
    </trkpt>
    <trkpt lat="51.2371539" lon="6.2472544">
      <ele>51.0</ele>
      <time>2025-09-14T09:25:41Z</time>
    </trkpt>
    <trkpt lat="51.2371932" lon="6.2472326">
      <ele>51.0</ele>
      <time>2025-09-14T09:25:43Z</time>
    </trkpt>
    <trkpt lat="51.2372202" lon="6.2472164">
      <ele>50.8</ele>
      <time>2025-09-14T09:25:45Z</time>
    </trkpt>
    <trkpt lat="51.2372300" lon="6.2472137">
      <ele>51.0</ele>
      <time>2025-09-14T09:25:48Z</time>
    </trkpt>
    <trkpt lat="51.2372504" lon="6.2472172">
      <ele>50.6</ele>
      <time>2025-09-14T09:26:03Z</time>
    </trkpt>
    <trkpt lat="51.2373032" lon="6.2472089">
      <ele>50.8</ele>
      <time>2025-09-14T09:26:05Z</time>
    </trkpt>
    <trkpt lat="51.2374732" lon="6.2471544">
      <ele>50.6</ele>
      <time>2025-09-14T09:26:10Z</time>
    </trkpt>
    <trkpt lat="51.2375156" lon="6.2471326">
      <ele>50.6</ele>
      <time>2025-09-14T09:26:11Z</time>
    </trkpt>
    <trkpt lat="51.2375925" lon="6.2470557">
      <ele>50.6</ele>
      <time>2025-09-14T09:26:13Z</time>
    </trkpt>
    <trkpt lat="51.2376266" lon="6.2470020">
      <ele>50.6</ele>
      <time>2025-09-14T09:26:14Z</time>
    </trkpt>
    <trkpt lat="51.2378957" lon="6.2465848">
      <ele>50.0</ele>
      <time>2025-09-14T09:26:21Z</time>
    </trkpt>
    <trkpt lat="51.2381590" lon="6.2460994">
      <ele>49.4</ele>
      <time>2025-09-14T09:26:28Z</time>
    </trkpt>
    <trkpt lat="51.2383504" lon="6.2457128">
      <ele>49.6</ele>
      <time>2025-09-14T09:26:34Z</time>
    </trkpt>
    <trkpt lat="51.2383842" lon="6.2456607">
      <ele>49.8</ele>
      <time>2025-09-14T09:26:35Z</time>
    </trkpt>
    <trkpt lat="51.2386433" lon="6.2453606">
      <ele>50.6</ele>
      <time>2025-09-14T09:26:42Z</time>
    </trkpt>
    <trkpt lat="51.2387141" lon="6.2452785">
      <ele>51.0</ele>
      <time>2025-09-14T09:26:44Z</time>
    </trkpt>
    <trkpt lat="51.2387945" lon="6.2452099">
      <ele>51.4</ele>
      <time>2025-09-14T09:26:46Z</time>
    </trkpt>
    <trkpt lat="51.2389169" lon="6.2451147">
      <ele>51.8</ele>
      <time>2025-09-14T09:26:49Z</time>
    </trkpt>
    <trkpt lat="51.2391203" lon="6.2449417">
      <ele>52.6</ele>
      <time>2025-09-14T09:26:54Z</time>
    </trkpt>
    <trkpt lat="51.2392772" lon="6.2448105">
      <ele>53.6</ele>
      <time>2025-09-14T09:26:58Z</time>
    </trkpt>
    <trkpt lat="51.2393219" lon="6.2447827">
      <ele>53.8</ele>
      <time>2025-09-14T09:26:59Z</time>
    </trkpt>
    <trkpt lat="51.2396533" lon="6.2445361">
      <ele>54.8</ele>
      <time>2025-09-14T09:27:07Z</time>
    </trkpt>
    <trkpt lat="51.2396971" lon="6.2445105">
      <ele>55.0</ele>
      <time>2025-09-14T09:27:08Z</time>
    </trkpt>
    <trkpt lat="51.2397351" lon="6.2444817">
      <ele>55.0</ele>
      <time>2025-09-14T09:27:09Z</time>
    </trkpt>
    <trkpt lat="51.2397845" lon="6.2444059">
      <ele>55.0</ele>
      <time>2025-09-14T09:27:11Z</time>
    </trkpt>
    <trkpt lat="51.2397957" lon="6.2443641">
      <ele>55.2</ele>
      <time>2025-09-14T09:27:12Z</time>
    </trkpt>
    <trkpt lat="51.2398826" lon="6.2442467">
      <ele>55.8</ele>
      <time>2025-09-14T09:27:15Z</time>
    </trkpt>
    <trkpt lat="51.2399175" lon="6.2442064">
      <ele>56.0</ele>
      <time>2025-09-14T09:27:16Z</time>
    </trkpt>
    <trkpt lat="51.2402399" lon="6.2438526">
      <ele>56.2</ele>
      <time>2025-09-14T09:27:25Z</time>
    </trkpt>
    <trkpt lat="51.2403444" lon="6.2437126">
      <ele>56.2</ele>
      <time>2025-09-14T09:27:28Z</time>
    </trkpt>
    <trkpt lat="51.2404364" lon="6.2435533">
      <ele>56.0</ele>
      <time>2025-09-14T09:27:31Z</time>
    </trkpt>
    <trkpt lat="51.2405728" lon="6.2432578">
      <ele>55.6</ele>
      <time>2025-09-14T09:27:36Z</time>
    </trkpt>
    <trkpt lat="51.2406448" lon="6.2430651">
      <ele>55.2</ele>
      <time>2025-09-14T09:27:39Z</time>
    </trkpt>
    <trkpt lat="51.2407430" lon="6.2427846">
      <ele>54.8</ele>
      <time>2025-09-14T09:27:43Z</time>
    </trkpt>
    <trkpt lat="51.2409134" lon="6.2422657">
      <ele>54.4</ele>
      <time>2025-09-14T09:27:50Z</time>
    </trkpt>
    <trkpt lat="51.2410167" lon="6.2419596">
      <ele>53.8</ele>
      <time>2025-09-14T09:27:54Z</time>
    </trkpt>
    <trkpt lat="51.2411178" lon="6.2416497">
      <ele>52.8</ele>
      <time>2025-09-14T09:27:58Z</time>
    </trkpt>
    <trkpt lat="51.2411437" lon="6.2415717">
      <ele>52.6</ele>
      <time>2025-09-14T09:27:59Z</time>
    </trkpt>
    <trkpt lat="51.2413682" lon="6.2409531">
      <ele>52.6</ele>
      <time>2025-09-14T09:28:07Z</time>
    </trkpt>
    <trkpt lat="51.2414012" lon="6.2408758">
      <ele>52.6</ele>
      <time>2025-09-14T09:28:08Z</time>
    </trkpt>
    <trkpt lat="51.2416655" lon="6.2403671">
      <ele>52.0</ele>
      <time>2025-09-14T09:28:15Z</time>
    </trkpt>
    <trkpt lat="51.2417906" lon="6.2401661">
      <ele>51.4</ele>
      <time>2025-09-14T09:28:18Z</time>
    </trkpt>
    <trkpt lat="51.2420536" lon="6.2398191">
      <ele>50.4</ele>
      <time>2025-09-14T09:28:24Z</time>
    </trkpt>
    <trkpt lat="51.2424554" lon="6.2394599">
      <ele>50.0</ele>
      <time>2025-09-14T09:28:32Z</time>
    </trkpt>
    <trkpt lat="51.2429714" lon="6.2390966">
      <ele>49.4</ele>
      <time>2025-09-14T09:28:42Z</time>
    </trkpt>
    <trkpt lat="51.2431975" lon="6.2389452">
      <ele>49.4</ele>
      <time>2025-09-14T09:28:47Z</time>
    </trkpt>
    <trkpt lat="51.2435026" lon="6.2386665">
      <ele>49.8</ele>
      <time>2025-09-14T09:28:54Z</time>
    </trkpt>
    <trkpt lat="51.2438336" lon="6.2382676">
      <ele>50.8</ele>
      <time>2025-09-14T09:29:03Z</time>
    </trkpt>
    <trkpt lat="51.2439492" lon="6.2380930">
      <ele>51.4</ele>
      <time>2025-09-14T09:29:07Z</time>
    </trkpt>
    <trkpt lat="51.2441513" lon="6.2377661">
      <ele>52.6</ele>
      <time>2025-09-14T09:29:14Z</time>
    </trkpt>
    <trkpt lat="51.2443713" lon="6.2373266">
      <ele>53.2</ele>
      <time>2025-09-14T09:29:22Z</time>
    </trkpt>
    <trkpt lat="51.2445175" lon="6.2370736">
      <ele>53.6</ele>
      <time>2025-09-14T09:29:26Z</time>
    </trkpt>
    <trkpt lat="51.2446191" lon="6.2368617">
      <ele>54.0</ele>
      <time>2025-09-14T09:29:30Z</time>
    </trkpt>
    <trkpt lat="51.2448365" lon="6.2364309">
      <ele>54.4</ele>
      <time>2025-09-14T09:29:38Z</time>
    </trkpt>
    <trkpt lat="51.2450104" lon="6.2360920">
      <ele>54.4</ele>
      <time>2025-09-14T09:29:44Z</time>
    </trkpt>
    <trkpt lat="51.2450359" lon="6.2360332">
      <ele>54.6</ele>
      <time>2025-09-14T09:29:45Z</time>
    </trkpt>
    <trkpt lat="51.2452463" lon="6.2356203">
      <ele>55.0</ele>
      <time>2025-09-14T09:29:52Z</time>
    </trkpt>
    <trkpt lat="51.2454653" lon="6.2351761">
      <ele>55.2</ele>
      <time>2025-09-14T09:30:00Z</time>
    </trkpt>
    <trkpt lat="51.2454892" lon="6.2351219">
      <ele>55.4</ele>
      <time>2025-09-14T09:30:01Z</time>
    </trkpt>
    <trkpt lat="51.2456182" lon="6.2349166">
      <ele>55.6</ele>
      <time>2025-09-14T09:30:05Z</time>
    </trkpt>
    <trkpt lat="51.2456724" lon="6.2348006">
      <ele>55.6</ele>
      <time>2025-09-14T09:30:07Z</time>
    </trkpt>
    <trkpt lat="51.2456996" lon="6.2347393">
      <ele>55.6</ele>
      <time>2025-09-14T09:30:08Z</time>
    </trkpt>
    <trkpt lat="51.2458156" lon="6.2344549">
      <ele>55.6</ele>
      <time>2025-09-14T09:30:13Z</time>
    </trkpt>
    <trkpt lat="51.2458726" lon="6.2343462">
      <ele>55.6</ele>
      <time>2025-09-14T09:30:15Z</time>
    </trkpt>
    <trkpt lat="51.2459188" lon="6.2342304">
      <ele>55.6</ele>
      <time>2025-09-14T09:30:17Z</time>
    </trkpt>
    <trkpt lat="51.2459681" lon="6.2341111">
      <ele>55.6</ele>
      <time>2025-09-14T09:30:19Z</time>
    </trkpt>
    <trkpt lat="51.2459907" lon="6.2340486">
      <ele>55.6</ele>
      <time>2025-09-14T09:30:20Z</time>
    </trkpt>
    <trkpt lat="51.2460823" lon="6.2338447">
      <ele>55.8</ele>
      <time>2025-09-14T09:30:23Z</time>
    </trkpt>
    <trkpt lat="51.2461460" lon="6.2336288">
      <ele>55.8</ele>
      <time>2025-09-14T09:30:26Z</time>
    </trkpt>
    <trkpt lat="51.2462251" lon="6.2332659">
      <ele>55.6</ele>
      <time>2025-09-14T09:30:31Z</time>
    </trkpt>
    <trkpt lat="51.2462599" lon="6.2331143">
      <ele>55.4</ele>
      <time>2025-09-14T09:30:33Z</time>
    </trkpt>
    <trkpt lat="51.2462712" lon="6.2329807">
      <ele>55.2</ele>
      <time>2025-09-14T09:30:35Z</time>
    </trkpt>
    <trkpt lat="51.2462724" lon="6.2328372">
      <ele>55.2</ele>
      <time>2025-09-14T09:30:37Z</time>
    </trkpt>
    <trkpt lat="51.2462881" lon="6.2327611">
      <ele>55.2</ele>
      <time>2025-09-14T09:30:38Z</time>
    </trkpt>
    <trkpt lat="51.2463219" lon="6.2325369">
      <ele>55.2</ele>
      <time>2025-09-14T09:30:41Z</time>
    </trkpt>
    <trkpt lat="51.2463684" lon="6.2323879">
      <ele>55.2</ele>
      <time>2025-09-14T09:30:43Z</time>
    </trkpt>
    <trkpt lat="51.2463769" lon="6.2323162">
      <ele>55.2</ele>
      <time>2025-09-14T09:30:44Z</time>
    </trkpt>
    <trkpt lat="51.2464272" lon="6.2321659">
      <ele>55.0</ele>
      <time>2025-09-14T09:30:46Z</time>
    </trkpt>
    <trkpt lat="51.2464555" lon="6.2320274">
      <ele>54.8</ele>
      <time>2025-09-14T09:30:48Z</time>
    </trkpt>
    <trkpt lat="51.2464610" lon="6.2319505">
      <ele>54.8</ele>
      <time>2025-09-14T09:30:49Z</time>
    </trkpt>
    <trkpt lat="51.2464710" lon="6.2317916">
      <ele>54.8</ele>
      <time>2025-09-14T09:30:51Z</time>
    </trkpt>
    <trkpt lat="51.2464675" lon="6.2316323">
      <ele>54.8</ele>
      <time>2025-09-14T09:30:53Z</time>
    </trkpt>
    <trkpt lat="51.2464573" lon="6.2315506">
      <ele>54.6</ele>
      <time>2025-09-14T09:30:54Z</time>
    </trkpt>
    <trkpt lat="51.2464503" lon="6.2314667">
      <ele>54.6</ele>
      <time>2025-09-14T09:30:55Z</time>
    </trkpt>
    <trkpt lat="51.2464641" lon="6.2309018">
      <ele>53.6</ele>
      <time>2025-09-14T09:31:02Z</time>
    </trkpt>
    <trkpt lat="51.2464804" lon="6.2308148">
      <ele>53.4</ele>
      <time>2025-09-14T09:31:03Z</time>
    </trkpt>
    <trkpt lat="51.2464949" lon="6.2306587">
      <ele>53.2</ele>
      <time>2025-09-14T09:31:05Z</time>
    </trkpt>
    <trkpt lat="51.2465055" lon="6.2304865">
      <ele>52.8</ele>
      <time>2025-09-14T09:31:07Z</time>
    </trkpt>
    <trkpt lat="51.2465349" lon="6.2303079">
      <ele>52.8</ele>
      <time>2025-09-14T09:31:09Z</time>
    </trkpt>
    <trkpt lat="51.2465865" lon="6.2301291">
      <ele>52.8</ele>
      <time>2025-09-14T09:31:11Z</time>
    </trkpt>
    <trkpt lat="51.2466313" lon="6.2299673">
      <ele>52.6</ele>
      <time>2025-09-14T09:31:13Z</time>
    </trkpt>
    <trkpt lat="51.2466035" lon="6.2295240">
      <ele>52.4</ele>
      <time>2025-09-14T09:31:18Z</time>
    </trkpt>
    <trkpt lat="51.2466374" lon="6.2293698">
      <ele>52.4</ele>
      <time>2025-09-14T09:31:20Z</time>
    </trkpt>
    <trkpt lat="51.2466548" lon="6.2292857">
      <ele>52.2</ele>
      <time>2025-09-14T09:31:21Z</time>
    </trkpt>
    <trkpt lat="51.2466970" lon="6.2287822">
      <ele>51.4</ele>
      <time>2025-09-14T09:31:27Z</time>
    </trkpt>
    <trkpt lat="51.2467041" lon="6.2286972">
      <ele>51.0</ele>
      <time>2025-09-14T09:31:28Z</time>
    </trkpt>
    <trkpt lat="51.2467345" lon="6.2282696">
      <ele>50.4</ele>
      <time>2025-09-14T09:31:33Z</time>
    </trkpt>
    <trkpt lat="51.2467645" lon="6.2280043">
      <ele>50.0</ele>
      <time>2025-09-14T09:31:36Z</time>
    </trkpt>
    <trkpt lat="51.2468099" lon="6.2275337">
      <ele>49.2</ele>
      <time>2025-09-14T09:31:41Z</time>
    </trkpt>
    <trkpt lat="51.2468528" lon="6.2271381">
      <ele>49.0</ele>
      <time>2025-09-14T09:31:45Z</time>
    </trkpt>
    <trkpt lat="51.2468757" lon="6.2269392">
      <ele>48.6</ele>
      <time>2025-09-14T09:31:47Z</time>
    </trkpt>
    <trkpt lat="51.2469067" lon="6.2265508">
      <ele>47.8</ele>
      <time>2025-09-14T09:31:51Z</time>
    </trkpt>
    <trkpt lat="51.2469272" lon="6.2262629">
      <ele>47.4</ele>
      <time>2025-09-14T09:31:54Z</time>
    </trkpt>
    <trkpt lat="51.2469365" lon="6.2261671">
      <ele>47.2</ele>
      <time>2025-09-14T09:31:55Z</time>
    </trkpt>
    <trkpt lat="51.2469579" lon="6.2259811">
      <ele>47.0</ele>
      <time>2025-09-14T09:31:57Z</time>
    </trkpt>
    <trkpt lat="51.2469737" lon="6.2258914">
      <ele>47.0</ele>
      <time>2025-09-14T09:31:58Z</time>
    </trkpt>
    <trkpt lat="51.2469848" lon="6.2258020">
      <ele>46.8</ele>
      <time>2025-09-14T09:31:59Z</time>
    </trkpt>
    <trkpt lat="51.2469938" lon="6.2257120">
      <ele>46.8</ele>
      <time>2025-09-14T09:32:00Z</time>
    </trkpt>
    <trkpt lat="51.2470208" lon="6.2254455">
      <ele>46.4</ele>
      <time>2025-09-14T09:32:03Z</time>
    </trkpt>
    <trkpt lat="51.2470458" lon="6.2251782">
      <ele>46.0</ele>
      <time>2025-09-14T09:32:06Z</time>
    </trkpt>
    <trkpt lat="51.2470592" lon="6.2250120">
      <ele>46.0</ele>
      <time>2025-09-14T09:32:08Z</time>
    </trkpt>
    <trkpt lat="51.2470807" lon="6.2248461">
      <ele>45.8</ele>
      <time>2025-09-14T09:32:10Z</time>
    </trkpt>
    <trkpt lat="51.2471681" lon="6.2243663">
      <ele>45.8</ele>
      <time>2025-09-14T09:32:16Z</time>
    </trkpt>
    <trkpt lat="51.2471807" lon="6.2242937">
      <ele>46.0</ele>
      <time>2025-09-14T09:32:17Z</time>
    </trkpt>
    <trkpt lat="51.2472380" lon="6.2239224">
      <ele>46.4</ele>
      <time>2025-09-14T09:32:22Z</time>
    </trkpt>
    <trkpt lat="51.2472646" lon="6.2237901">
      <ele>46.6</ele>
      <time>2025-09-14T09:32:24Z</time>
    </trkpt>
    <trkpt lat="51.2472839" lon="6.2236549">
      <ele>46.8</ele>
      <time>2025-09-14T09:32:26Z</time>
    </trkpt>
    <trkpt lat="51.2472846" lon="6.2235991">
      <ele>46.8</ele>
      <time>2025-09-14T09:32:27Z</time>
    </trkpt>
    <trkpt lat="51.2472803" lon="6.2235528">
      <ele>47.0</ele>
      <time>2025-09-14T09:32:28Z</time>
    </trkpt>
    <trkpt lat="51.2472670" lon="6.2235182">
      <ele>47.0</ele>
      <time>2025-09-14T09:32:29Z</time>
    </trkpt>
    <trkpt lat="51.2472447" lon="6.2234701">
      <ele>47.2</ele>
      <time>2025-09-14T09:32:31Z</time>
    </trkpt>
    <trkpt lat="51.2471899" lon="6.2234127">
      <ele>47.4</ele>
      <time>2025-09-14T09:32:33Z</time>
    </trkpt>
    <trkpt lat="51.2470820" lon="6.2232688">
      <ele>47.6</ele>
      <time>2025-09-14T09:32:37Z</time>
    </trkpt>
    <trkpt lat="51.2470702" lon="6.2231509">
      <ele>47.6</ele>
      <time>2025-09-14T09:32:40Z</time>
    </trkpt>
    <trkpt lat="51.2470727" lon="6.2231000">
      <ele>47.6</ele>
      <time>2025-09-14T09:32:41Z</time>
    </trkpt>
    <trkpt lat="51.2471418" lon="6.2227221">
      <ele>47.0</ele>
      <time>2025-09-14T09:32:46Z</time>
    </trkpt>
    <trkpt lat="51.2471411" lon="6.2226327">
      <ele>46.6</ele>
      <time>2025-09-14T09:32:47Z</time>
    </trkpt>
    <trkpt lat="51.2471379" lon="6.2223443">
      <ele>46.0</ele>
      <time>2025-09-14T09:32:50Z</time>
    </trkpt>
    <trkpt lat="51.2471301" lon="6.2222809">
      <ele>45.8</ele>
      <time>2025-09-14T09:32:51Z</time>
    </trkpt>
    <trkpt lat="51.2470940" lon="6.2217395">
      <ele>44.4</ele>
      <time>2025-09-14T09:32:57Z</time>
    </trkpt>
    <trkpt lat="51.2470775" lon="6.2214093">
      <ele>43.8</ele>
      <time>2025-09-14T09:33:01Z</time>
    </trkpt>
    <trkpt lat="51.2470479" lon="6.2212626">
      <ele>43.6</ele>
      <time>2025-09-14T09:33:03Z</time>
    </trkpt>
    <trkpt lat="51.2470371" lon="6.2211911">
      <ele>43.6</ele>
      <time>2025-09-14T09:33:04Z</time>
    </trkpt>
    <trkpt lat="51.2470104" lon="6.2209780">
      <ele>43.6</ele>
      <time>2025-09-14T09:33:07Z</time>
    </trkpt>
    <trkpt lat="51.2469761" lon="6.2207646">
      <ele>44.2</ele>
      <time>2025-09-14T09:33:10Z</time>
    </trkpt>
    <trkpt lat="51.2469432" lon="6.2205527">
      <ele>45.2</ele>
      <time>2025-09-14T09:33:13Z</time>
    </trkpt>
    <trkpt lat="51.2469066" lon="6.2204100">
      <ele>45.6</ele>
      <time>2025-09-14T09:33:15Z</time>
    </trkpt>
    <trkpt lat="51.2468836" lon="6.2202700">
      <ele>45.8</ele>
      <time>2025-09-14T09:33:17Z</time>
    </trkpt>
    <trkpt lat="51.2467205" lon="6.2196444">
      <ele>46.2</ele>
      <time>2025-09-14T09:33:26Z</time>
    </trkpt>
    <trkpt lat="51.2465423" lon="6.2192057">
      <ele>46.6</ele>
      <time>2025-09-14T09:33:33Z</time>
    </trkpt>
    <trkpt lat="51.2464902" lon="6.2190852">
      <ele>46.6</ele>
      <time>2025-09-14T09:33:35Z</time>
    </trkpt>
    <trkpt lat="51.2463375" lon="6.2187080">
      <ele>47.0</ele>
      <time>2025-09-14T09:33:41Z</time>
    </trkpt>
    <trkpt lat="51.2462285" lon="6.2183917">
      <ele>47.2</ele>
      <time>2025-09-14T09:33:46Z</time>
    </trkpt>
    <trkpt lat="51.2461720" lon="6.2182656">
      <ele>47.2</ele>
      <time>2025-09-14T09:33:48Z</time>
    </trkpt>
    <trkpt lat="51.2460252" lon="6.2179721">
      <ele>47.2</ele>
      <time>2025-09-14T09:33:53Z</time>
    </trkpt>
    <trkpt lat="51.2459825" lon="6.2178392">
      <ele>47.2</ele>
      <time>2025-09-14T09:33:55Z</time>
    </trkpt>
    <trkpt lat="51.2458497" lon="6.2174684">
      <ele>47.0</ele>
      <time>2025-09-14T09:34:01Z</time>
    </trkpt>
    <trkpt lat="51.2458063" lon="6.2173440">
      <ele>47.0</ele>
      <time>2025-09-14T09:34:03Z</time>
    </trkpt>
    <trkpt lat="51.2457829" lon="6.2172838">
      <ele>46.8</ele>
      <time>2025-09-14T09:34:04Z</time>
    </trkpt>
    <trkpt lat="51.2456853" lon="6.2170439">
      <ele>47.0</ele>
      <time>2025-09-14T09:34:08Z</time>
    </trkpt>
    <trkpt lat="51.2456644" lon="6.2169818">
      <ele>47.0</ele>
      <time>2025-09-14T09:34:09Z</time>
    </trkpt>
    <trkpt lat="51.2455705" lon="6.2167420">
      <ele>47.6</ele>
      <time>2025-09-14T09:34:13Z</time>
    </trkpt>
    <trkpt lat="51.2455450" lon="6.2166821">
      <ele>47.6</ele>
      <time>2025-09-14T09:34:14Z</time>
    </trkpt>
    <trkpt lat="51.2454931" lon="6.2165678">
      <ele>47.8</ele>
      <time>2025-09-14T09:34:16Z</time>
    </trkpt>
    <trkpt lat="51.2453789" lon="6.2162728">
      <ele>48.2</ele>
      <time>2025-09-14T09:34:21Z</time>
    </trkpt>
    <trkpt lat="51.2453348" lon="6.2161486">
      <ele>48.2</ele>
      <time>2025-09-14T09:34:23Z</time>
    </trkpt>
    <trkpt lat="51.2450779" lon="6.2155264">
      <ele>47.4</ele>
      <time>2025-09-14T09:34:33Z</time>
    </trkpt>
    <trkpt lat="51.2449132" lon="6.2151390">
      <ele>47.0</ele>
      <time>2025-09-14T09:34:39Z</time>
    </trkpt>
    <trkpt lat="51.2446600" lon="6.2145245">
      <ele>47.8</ele>
      <time>2025-09-14T09:34:48Z</time>
    </trkpt>
    <trkpt lat="51.2446034" lon="6.2143892">
      <ele>47.6</ele>
      <time>2025-09-14T09:34:50Z</time>
    </trkpt>
    <trkpt lat="51.2444170" lon="6.2139028">
      <ele>47.2</ele>
      <time>2025-09-14T09:34:57Z</time>
    </trkpt>
    <trkpt lat="51.2443065" lon="6.2135482">
      <ele>46.6</ele>
      <time>2025-09-14T09:35:02Z</time>
    </trkpt>
    <trkpt lat="51.2442597" lon="6.2134218">
      <ele>46.6</ele>
      <time>2025-09-14T09:35:04Z</time>
    </trkpt>
    <trkpt lat="51.2441897" lon="6.2133420">
      <ele>46.6</ele>
      <time>2025-09-14T09:35:06Z</time>
    </trkpt>
    <trkpt lat="51.2441433" lon="6.2133329">
      <ele>46.6</ele>
      <time>2025-09-14T09:35:07Z</time>
    </trkpt>
    <trkpt lat="51.2439833" lon="6.2133339">
      <ele>46.4</ele>
      <time>2025-09-14T09:35:10Z</time>
    </trkpt>
    <trkpt lat="51.2439268" lon="6.2133127">
      <ele>46.4</ele>
      <time>2025-09-14T09:35:11Z</time>
    </trkpt>
    <trkpt lat="51.2437601" lon="6.2132338">
      <ele>45.6</ele>
      <time>2025-09-14T09:35:14Z</time>
    </trkpt>
    <trkpt lat="51.2435907" lon="6.2131229">
      <ele>44.6</ele>
      <time>2025-09-14T09:35:17Z</time>
    </trkpt>
    <trkpt lat="51.2435338" lon="6.2130807">
      <ele>44.6</ele>
      <time>2025-09-14T09:35:18Z</time>
    </trkpt>
    <trkpt lat="51.2434263" lon="6.2129918">
      <ele>44.2</ele>
      <time>2025-09-14T09:35:20Z</time>
    </trkpt>
    <trkpt lat="51.2432299" lon="6.2127686">
      <ele>44.0</ele>
      <time>2025-09-14T09:35:24Z</time>
    </trkpt>
    <trkpt lat="51.2429494" lon="6.2123786">
      <ele>43.6</ele>
      <time>2025-09-14T09:35:30Z</time>
    </trkpt>
    <trkpt lat="51.2429059" lon="6.2123095">
      <ele>43.6</ele>
      <time>2025-09-14T09:35:31Z</time>
    </trkpt>
    <trkpt lat="51.2428566" lon="6.2121397">
      <ele>43.4</ele>
      <time>2025-09-14T09:35:33Z</time>
    </trkpt>
    <trkpt lat="51.2428215" lon="6.2117755">
      <ele>42.8</ele>
      <time>2025-09-14T09:35:37Z</time>
    </trkpt>
    <trkpt lat="51.2428291" lon="6.2116129">
      <ele>42.6</ele>
      <time>2025-09-14T09:35:39Z</time>
    </trkpt>
    <trkpt lat="51.2428421" lon="6.2115354">
      <ele>42.8</ele>
      <time>2025-09-14T09:35:40Z</time>
    </trkpt>
    <trkpt lat="51.2429603" lon="6.2110686">
      <ele>43.4</ele>
      <time>2025-09-14T09:35:46Z</time>
    </trkpt>
    <trkpt lat="51.2430387" lon="6.2107676">
      <ele>44.0</ele>
      <time>2025-09-14T09:35:50Z</time>
    </trkpt>
    <trkpt lat="51.2430635" lon="6.2106214">
      <ele>44.2</ele>
      <time>2025-09-14T09:35:52Z</time>
    </trkpt>
    <trkpt lat="51.2431250" lon="6.2100874">
      <ele>44.6</ele>
      <time>2025-09-14T09:35:59Z</time>
    </trkpt>
    <trkpt lat="51.2431827" lon="6.2099649">
      <ele>44.6</ele>
      <time>2025-09-14T09:36:01Z</time>
    </trkpt>
    <trkpt lat="51.2432426" lon="6.2098629">
      <ele>44.8</ele>
      <time>2025-09-14T09:36:03Z</time>
    </trkpt>
    <trkpt lat="51.2432650" lon="6.2098104">
      <ele>44.8</ele>
      <time>2025-09-14T09:36:04Z</time>
    </trkpt>
    <trkpt lat="51.2432744" lon="6.2097606">
      <ele>44.8</ele>
      <time>2025-09-14T09:36:05Z</time>
    </trkpt>
    <trkpt lat="51.2432449" lon="6.2096859">
      <ele>45.0</ele>
      <time>2025-09-14T09:36:07Z</time>
    </trkpt>
    <trkpt lat="51.2430717" lon="6.2096248">
      <ele>44.8</ele>
      <time>2025-09-14T09:36:11Z</time>
    </trkpt>
    <trkpt lat="51.2428038" lon="6.2095538">
      <ele>43.8</ele>
      <time>2025-09-14T09:36:16Z</time>
    </trkpt>
    <trkpt lat="51.2426862" lon="6.2095279">
      <ele>43.2</ele>
      <time>2025-09-14T09:36:18Z</time>
    </trkpt>
    <trkpt lat="51.2424170" lon="6.2094414">
      <ele>42.8</ele>
      <time>2025-09-14T09:36:24Z</time>
    </trkpt>
    <trkpt lat="51.2424070" lon="6.2094225">
      <ele>42.8</ele>
      <time>2025-09-14T09:36:25Z</time>
    </trkpt>
    <trkpt lat="51.2423903" lon="6.2093624">
      <ele>43.2</ele>
      <time>2025-09-14T09:36:28Z</time>
    </trkpt>
    <trkpt lat="51.2423884" lon="6.2092327">
      <ele>43.8</ele>
      <time>2025-09-14T09:36:35Z</time>
    </trkpt>
    <trkpt lat="51.2423956" lon="6.2091951">
      <ele>44.0</ele>
      <time>2025-09-14T09:36:37Z</time>
    </trkpt>
    <trkpt lat="51.2424020" lon="6.2091179">
      <ele>44.0</ele>
      <time>2025-09-14T09:36:41Z</time>
    </trkpt>
    <trkpt lat="51.2424196" lon="6.2090262">
      <ele>44.0</ele>
      <time>2025-09-14T09:36:45Z</time>
    </trkpt>
    <trkpt lat="51.2424234" lon="6.2089936">
      <ele>44.0</ele>
      <time>2025-09-14T09:36:47Z</time>
    </trkpt>
    <trkpt lat="51.2424671" lon="6.2088204">
      <ele>43.8</ele>
      <time>2025-09-14T09:36:52Z</time>
    </trkpt>
    <trkpt lat="51.2425479" lon="6.2085159">
      <ele>43.8</ele>
      <time>2025-09-14T09:36:59Z</time>
    </trkpt>
    <trkpt lat="51.2426469" lon="6.2081823">
      <ele>44.0</ele>
      <time>2025-09-14T09:37:05Z</time>
    </trkpt>
    <trkpt lat="51.2427692" lon="6.2077267">
      <ele>44.0</ele>
      <time>2025-09-14T09:37:13Z</time>
    </trkpt>
    <trkpt lat="51.2428434" lon="6.2073957">
      <ele>44.0</ele>
      <time>2025-09-14T09:37:19Z</time>
    </trkpt>
    <trkpt lat="51.2428658" lon="6.2070285">
      <ele>44.0</ele>
      <time>2025-09-14T09:37:25Z</time>
    </trkpt>
    <trkpt lat="51.2428148" lon="6.2067690">
      <ele>43.6</ele>
      <time>2025-09-14T09:37:29Z</time>
    </trkpt>
    <trkpt lat="51.2427893" lon="6.2066415">
      <ele>43.4</ele>
      <time>2025-09-14T09:37:31Z</time>
    </trkpt>
    <trkpt lat="51.2427054" lon="6.2060541">
      <ele>42.6</ele>
      <time>2025-09-14T09:37:39Z</time>
    </trkpt>
    <trkpt lat="51.2426822" lon="6.2059244">
      <ele>42.6</ele>
      <time>2025-09-14T09:37:41Z</time>
    </trkpt>
    <trkpt lat="51.2426676" lon="6.2058655">
      <ele>42.4</ele>
      <time>2025-09-14T09:37:42Z</time>
    </trkpt>
    <trkpt lat="51.2426453" lon="6.2057473">
      <ele>42.0</ele>
      <time>2025-09-14T09:37:44Z</time>
    </trkpt>
    <trkpt lat="51.2425859" lon="6.2053358">
      <ele>42.0</ele>
      <time>2025-09-14T09:37:51Z</time>
    </trkpt>
    <trkpt lat="51.2425712" lon="6.2051139">
      <ele>42.0</ele>
      <time>2025-09-14T09:37:55Z</time>
    </trkpt>
    <trkpt lat="51.2425692" lon="6.2050055">
      <ele>42.2</ele>
      <time>2025-09-14T09:37:57Z</time>
    </trkpt>
    <trkpt lat="51.2425876" lon="6.2047195">
      <ele>42.8</ele>
      <time>2025-09-14T09:38:02Z</time>
    </trkpt>
    <trkpt lat="51.2426055" lon="6.2042625">
      <ele>43.4</ele>
      <time>2025-09-14T09:38:10Z</time>
    </trkpt>
    <trkpt lat="51.2426606" lon="6.2042174">
      <ele>43.6</ele>
      <time>2025-09-14T09:38:13Z</time>
    </trkpt>
    <trkpt lat="51.2428234" lon="6.2041648">
      <ele>44.0</ele>
      <time>2025-09-14T09:38:20Z</time>
    </trkpt>
    <trkpt lat="51.2429726" lon="6.2041417">
      <ele>44.4</ele>
      <time>2025-09-14T09:38:25Z</time>
    </trkpt>
    <trkpt lat="51.2430887" lon="6.2041513">
      <ele>45.0</ele>
      <time>2025-09-14T09:38:29Z</time>
    </trkpt>
    <trkpt lat="51.2431225" lon="6.2041571">
      <ele>45.2</ele>
      <time>2025-09-14T09:38:30Z</time>
    </trkpt>
    <trkpt lat="51.2432584" lon="6.2042007">
      <ele>45.4</ele>
      <time>2025-09-14T09:38:34Z</time>
    </trkpt>
    <trkpt lat="51.2433617" lon="6.2042335">
      <ele>45.4</ele>
      <time>2025-09-14T09:38:37Z</time>
    </trkpt>
    <trkpt lat="51.2436368" lon="6.2043634">
      <ele>46.0</ele>
      <time>2025-09-14T09:38:45Z</time>
    </trkpt>
    <trkpt lat="51.2438509" lon="6.2044471">
      <ele>46.4</ele>
      <time>2025-09-14T09:38:51Z</time>
    </trkpt>
    <trkpt lat="51.2439070" lon="6.2044685">
      <ele>46.6</ele>
      <time>2025-09-14T09:38:53Z</time>
    </trkpt>
    <trkpt lat="51.2439961" lon="6.2044844">
      <ele>46.8</ele>
      <time>2025-09-14T09:38:57Z</time>
    </trkpt>
    <trkpt lat="51.2440041" lon="6.2044689">
      <ele>46.8</ele>
      <time>2025-09-14T09:38:58Z</time>
    </trkpt>
    <trkpt lat="51.2439715" lon="6.2042883">
      <ele>47.0</ele>
      <time>2025-09-14T09:39:02Z</time>
    </trkpt>
    <trkpt lat="51.2439091" lon="6.2038876">
      <ele>47.4</ele>
      <time>2025-09-14T09:39:09Z</time>
    </trkpt>
    <trkpt lat="51.2439012" lon="6.2038283">
      <ele>47.6</ele>
      <time>2025-09-14T09:39:10Z</time>
    </trkpt>
    <trkpt lat="51.2438425" lon="6.2034150">
      <ele>48.0</ele>
      <time>2025-09-14T09:39:17Z</time>
    </trkpt>
    <trkpt lat="51.2437953" lon="6.2031246">
      <ele>48.6</ele>
      <time>2025-09-14T09:39:22Z</time>
    </trkpt>
    <trkpt lat="51.2437321" lon="6.2027401">
      <ele>49.0</ele>
      <time>2025-09-14T09:39:29Z</time>
    </trkpt>
    <trkpt lat="51.2437122" lon="6.2025137">
      <ele>49.4</ele>
      <time>2025-09-14T09:39:34Z</time>
    </trkpt>
    <trkpt lat="51.2437197" lon="6.2024817">
      <ele>49.6</ele>
      <time>2025-09-14T09:39:35Z</time>
    </trkpt>
    <trkpt lat="51.2437469" lon="6.2024278">
      <ele>50.4</ele>
      <time>2025-09-14T09:39:37Z</time>
    </trkpt>
    <trkpt lat="51.2437689" lon="6.2024091">
      <ele>50.8</ele>
      <time>2025-09-14T09:39:38Z</time>
    </trkpt>
    <trkpt lat="51.2439018" lon="6.2023812">
      <ele>51.8</ele>
      <time>2025-09-14T09:39:43Z</time>
    </trkpt>
    <trkpt lat="51.2439329" lon="6.2023783">
      <ele>52.0</ele>
      <time>2025-09-14T09:39:44Z</time>
    </trkpt>
    <trkpt lat="51.2442346" lon="6.2023825">
      <ele>52.4</ele>
      <time>2025-09-14T09:39:52Z</time>
    </trkpt>
    <trkpt lat="51.2444894" lon="6.2024113">
      <ele>52.4</ele>
      <time>2025-09-14T09:39:58Z</time>
    </trkpt>
    <trkpt lat="51.2446640" lon="6.2023591">
      <ele>52.6</ele>
      <time>2025-09-14T09:40:03Z</time>
    </trkpt>
    <trkpt lat="51.2447075" lon="6.2021966">
      <ele>52.6</ele>
      <time>2025-09-14T09:40:07Z</time>
    </trkpt>
    <trkpt lat="51.2447762" lon="6.2017620">
      <ele>52.4</ele>
      <time>2025-09-14T09:40:14Z</time>
    </trkpt>
    <trkpt lat="51.2448176" lon="6.2013694">
      <ele>52.2</ele>
      <time>2025-09-14T09:40:20Z</time>
    </trkpt>
    <trkpt lat="51.2448267" lon="6.2009864">
      <ele>52.6</ele>
      <time>2025-09-14T09:40:26Z</time>
    </trkpt>
    <trkpt lat="51.2448312" lon="6.2008550">
      <ele>52.8</ele>
      <time>2025-09-14T09:40:28Z</time>
    </trkpt>
    <trkpt lat="51.2448432" lon="6.2007130">
      <ele>53.2</ele>
      <time>2025-09-14T09:40:30Z</time>
    </trkpt>
    <trkpt lat="51.2448654" lon="6.2003751">
      <ele>53.8</ele>
      <time>2025-09-14T09:40:35Z</time>
    </trkpt>
    <trkpt lat="51.2449077" lon="6.2000037">
      <ele>54.4</ele>
      <time>2025-09-14T09:40:40Z</time>
    </trkpt>
    <trkpt lat="51.2449474" lon="6.1996087">
      <ele>54.6</ele>
      <time>2025-09-14T09:40:46Z</time>
    </trkpt>
    <trkpt lat="51.2450333" lon="6.1994058">
      <ele>55.0</ele>
      <time>2025-09-14T09:40:51Z</time>
    </trkpt>
    <trkpt lat="51.2452241" lon="6.1992272">
      <ele>55.6</ele>
      <time>2025-09-14T09:40:56Z</time>
    </trkpt>
    <trkpt lat="51.2453421" lon="6.1991541">
      <ele>56.0</ele>
      <time>2025-09-14T09:40:59Z</time>
    </trkpt>
    <trkpt lat="51.2454665" lon="6.1990708">
      <ele>56.6</ele>
      <time>2025-09-14T09:41:03Z</time>
    </trkpt>
    <trkpt lat="51.2454758" lon="6.1990536">
      <ele>56.8</ele>
      <time>2025-09-14T09:41:04Z</time>
    </trkpt>
    <trkpt lat="51.2454799" lon="6.1990184">
      <ele>57.0</ele>
      <time>2025-09-14T09:41:06Z</time>
    </trkpt>
    <trkpt lat="51.2454876" lon="6.1989963">
      <ele>57.2</ele>
      <time>2025-09-14T09:41:07Z</time>
    </trkpt>
    <trkpt lat="51.2455113" lon="6.1988944">
      <ele>57.6</ele>
      <time>2025-09-14T09:41:11Z</time>
    </trkpt>
    <trkpt lat="51.2455007" lon="6.1988567">
      <ele>57.6</ele>
      <time>2025-09-14T09:41:12Z</time>
    </trkpt>
    <trkpt lat="51.2453843" lon="6.1986474">
      <ele>57.2</ele>
      <time>2025-09-14T09:41:16Z</time>
    </trkpt>
    <trkpt lat="51.2452781" lon="6.1984809">
      <ele>56.4</ele>
      <time>2025-09-14T09:41:19Z</time>
    </trkpt>
    <trkpt lat="51.2452359" lon="6.1984248">
      <ele>56.2</ele>
      <time>2025-09-14T09:41:20Z</time>
    </trkpt>
    <trkpt lat="51.2452026" lon="6.1983610">
      <ele>56.0</ele>
      <time>2025-09-14T09:41:21Z</time>
    </trkpt>
    <trkpt lat="51.2451737" lon="6.1982883">
      <ele>55.8</ele>
      <time>2025-09-14T09:41:22Z</time>
    </trkpt>
    <trkpt lat="51.2450442" lon="6.1979533">
      <ele>55.6</ele>
      <time>2025-09-14T09:41:27Z</time>
    </trkpt>
    <trkpt lat="51.2449209" lon="6.1975568">
      <ele>55.8</ele>
      <time>2025-09-14T09:41:33Z</time>
    </trkpt>
    <trkpt lat="51.2449036" lon="6.1974129">
      <ele>55.8</ele>
      <time>2025-09-14T09:41:35Z</time>
    </trkpt>
    <trkpt lat="51.2449297" lon="6.1972659">
      <ele>55.8</ele>
      <time>2025-09-14T09:41:37Z</time>
    </trkpt>
    <trkpt lat="51.2449491" lon="6.1972019">
      <ele>55.8</ele>
      <time>2025-09-14T09:41:38Z</time>
    </trkpt>
    <trkpt lat="51.2449776" lon="6.1970341">
      <ele>55.4</ele>
      <time>2025-09-14T09:41:41Z</time>
    </trkpt>
    <trkpt lat="51.2449604" lon="6.1969804">
      <ele>55.4</ele>
      <time>2025-09-14T09:41:42Z</time>
    </trkpt>
    <trkpt lat="51.2448738" lon="6.1968615">
      <ele>55.2</ele>
      <time>2025-09-14T09:41:45Z</time>
    </trkpt>
    <trkpt lat="51.2448317" lon="6.1968348">
      <ele>55.0</ele>
      <time>2025-09-14T09:41:46Z</time>
    </trkpt>
    <trkpt lat="51.2447089" lon="6.1967597">
      <ele>54.8</ele>
      <time>2025-09-14T09:41:49Z</time>
    </trkpt>
    <trkpt lat="51.2445987" lon="6.1968119">
      <ele>54.8</ele>
      <time>2025-09-14T09:41:52Z</time>
    </trkpt>
    <trkpt lat="51.2445764" lon="6.1968661">
      <ele>54.8</ele>
      <time>2025-09-14T09:41:53Z</time>
    </trkpt>
    <trkpt lat="51.2444936" lon="6.1971159">
      <ele>54.6</ele>
      <time>2025-09-14T09:41:57Z</time>
    </trkpt>
    <trkpt lat="51.2444019" lon="6.1971905">
      <ele>54.6</ele>
      <time>2025-09-14T09:41:59Z</time>
    </trkpt>
    <trkpt lat="51.2442933" lon="6.1972436">
      <ele>54.4</ele>
      <time>2025-09-14T09:42:01Z</time>
    </trkpt>
    <trkpt lat="51.2440596" lon="6.1973426">
      <ele>54.2</ele>
      <time>2025-09-14T09:42:05Z</time>
    </trkpt>
    <trkpt lat="51.2439492" lon="6.1973896">
      <ele>54.0</ele>
      <time>2025-09-14T09:42:07Z</time>
    </trkpt>
    <trkpt lat="51.2437855" lon="6.1974505">
      <ele>53.6</ele>
      <time>2025-09-14T09:42:10Z</time>
    </trkpt>
    <trkpt lat="51.2434251" lon="6.1975553">
      <ele>53.4</ele>
      <time>2025-09-14T09:42:16Z</time>
    </trkpt>
    <trkpt lat="51.2433100" lon="6.1975702">
      <ele>53.4</ele>
      <time>2025-09-14T09:42:18Z</time>
    </trkpt>
    <trkpt lat="51.2431284" lon="6.1975820">
      <ele>52.8</ele>
      <time>2025-09-14T09:42:21Z</time>
    </trkpt>
    <trkpt lat="51.2429151" lon="6.1976292">
      <ele>52.4</ele>
      <time>2025-09-14T09:42:24Z</time>
    </trkpt>
    <trkpt lat="51.2426216" lon="6.1976539">
      <ele>51.6</ele>
      <time>2025-09-14T09:42:28Z</time>
    </trkpt>
    <trkpt lat="51.2423330" lon="6.1976335">
      <ele>50.8</ele>
      <time>2025-09-14T09:42:32Z</time>
    </trkpt>
    <trkpt lat="51.2422537" lon="6.1976337">
      <ele>50.4</ele>
      <time>2025-09-14T09:42:33Z</time>
    </trkpt>
    <trkpt lat="51.2420940" lon="6.1976179">
      <ele>49.4</ele>
      <time>2025-09-14T09:42:35Z</time>
    </trkpt>
    <trkpt lat="51.2418878" lon="6.1975695">
      <ele>48.8</ele>
      <time>2025-09-14T09:42:38Z</time>
    </trkpt>
    <trkpt lat="51.2415980" lon="6.1974816">
      <ele>48.2</ele>
      <time>2025-09-14T09:42:42Z</time>
    </trkpt>
    <trkpt lat="51.2415253" lon="6.1974571">
      <ele>48.2</ele>
      <time>2025-09-14T09:42:43Z</time>
    </trkpt>
    <trkpt lat="51.2410808" lon="6.1972780">
      <ele>47.6</ele>
      <time>2025-09-14T09:42:50Z</time>
    </trkpt>
    <trkpt lat="51.2409553" lon="6.1972211">
      <ele>47.2</ele>
      <time>2025-09-14T09:42:52Z</time>
    </trkpt>
    <trkpt lat="51.2406395" lon="6.1970417">
      <ele>46.0</ele>
      <time>2025-09-14T09:42:57Z</time>
    </trkpt>
    <trkpt lat="51.2405766" lon="6.1970010">
      <ele>45.8</ele>
      <time>2025-09-14T09:42:58Z</time>
    </trkpt>
    <trkpt lat="51.2401470" lon="6.1966667">
      <ele>45.0</ele>
      <time>2025-09-14T09:43:05Z</time>
    </trkpt>
    <trkpt lat="51.2400271" lon="6.1965575">
      <ele>45.0</ele>
      <time>2025-09-14T09:43:07Z</time>
    </trkpt>
    <trkpt lat="51.2398410" lon="6.1963872">
      <ele>44.0</ele>
      <time>2025-09-14T09:43:10Z</time>
    </trkpt>
    <trkpt lat="51.2397817" lon="6.1963294">
      <ele>43.6</ele>
      <time>2025-09-14T09:43:11Z</time>
    </trkpt>
    <trkpt lat="51.2397214" lon="6.1962670">
      <ele>42.8</ele>
      <time>2025-09-14T09:43:12Z</time>
    </trkpt>
    <trkpt lat="51.2396661" lon="6.1962006">
      <ele>42.6</ele>
      <time>2025-09-14T09:43:13Z</time>
    </trkpt>
    <trkpt lat="51.2394865" lon="6.1960103">
      <ele>41.8</ele>
      <time>2025-09-14T09:43:16Z</time>
    </trkpt>
    <trkpt lat="51.2391565" lon="6.1956097">
      <ele>40.8</ele>
      <time>2025-09-14T09:43:22Z</time>
    </trkpt>
    <trkpt lat="51.2387088" lon="6.1950065">
      <ele>39.8</ele>
      <time>2025-09-14T09:43:31Z</time>
    </trkpt>
    <trkpt lat="51.2386694" lon="6.1949511">
      <ele>39.8</ele>
      <time>2025-09-14T09:43:32Z</time>
    </trkpt>
    <trkpt lat="51.2386326" lon="6.1948989">
      <ele>39.8</ele>
      <time>2025-09-14T09:43:33Z</time>
    </trkpt>
    <trkpt lat="51.2385959" lon="6.1947669">
      <ele>40.0</ele>
      <time>2025-09-14T09:43:35Z</time>
    </trkpt>
    <trkpt lat="51.2386026" lon="6.1946330">
      <ele>40.0</ele>
      <time>2025-09-14T09:43:37Z</time>
    </trkpt>
    <trkpt lat="51.2386073" lon="6.1944927">
      <ele>40.0</ele>
      <time>2025-09-14T09:43:39Z</time>
    </trkpt>
    <trkpt lat="51.2386006" lon="6.1942527">
      <ele>40.0</ele>
      <time>2025-09-14T09:43:42Z</time>
    </trkpt>
    <trkpt lat="51.2385991" lon="6.1940914">
      <ele>39.8</ele>
      <time>2025-09-14T09:43:44Z</time>
    </trkpt>
    <trkpt lat="51.2385960" lon="6.1938330">
      <ele>39.4</ele>
      <time>2025-09-14T09:43:47Z</time>
    </trkpt>
    <trkpt lat="51.2386040" lon="6.1937437">
      <ele>39.4</ele>
      <time>2025-09-14T09:43:48Z</time>
    </trkpt>
    <trkpt lat="51.2386220" lon="6.1934675">
      <ele>39.2</ele>
      <time>2025-09-14T09:43:51Z</time>
    </trkpt>
    <trkpt lat="51.2386250" lon="6.1931215">
      <ele>38.8</ele>
      <time>2025-09-14T09:43:55Z</time>
    </trkpt>
    <trkpt lat="51.2386861" lon="6.1929449">
      <ele>38.8</ele>
      <time>2025-09-14T09:43:58Z</time>
    </trkpt>
    <trkpt lat="51.2386996" lon="6.1929073">
      <ele>38.8</ele>
      <time>2025-09-14T09:43:59Z</time>
    </trkpt>
    <trkpt lat="51.2387144" lon="6.1928792">
      <ele>39.0</ele>
      <time>2025-09-14T09:44:00Z</time>
    </trkpt>
    <trkpt lat="51.2387677" lon="6.1928504">
      <ele>39.6</ele>
      <time>2025-09-14T09:44:03Z</time>
    </trkpt>
    <trkpt lat="51.2388692" lon="6.1928899">
      <ele>39.6</ele>
      <time>2025-09-14T09:44:07Z</time>
    </trkpt>
    <trkpt lat="51.2390636" lon="6.1930862">
      <ele>39.8</ele>
      <time>2025-09-14T09:44:12Z</time>
    </trkpt>
    <trkpt lat="51.2391741" lon="6.1931568">
      <ele>40.0</ele>
      <time>2025-09-14T09:44:16Z</time>
    </trkpt>
    <trkpt lat="51.2392046" lon="6.1931449">
      <ele>40.0</ele>
      <time>2025-09-14T09:44:17Z</time>
    </trkpt>
    <trkpt lat="51.2392348" lon="6.1931167">
      <ele>40.0</ele>
      <time>2025-09-14T09:44:18Z</time>
    </trkpt>
    <trkpt lat="51.2392570" lon="6.1930886">
      <ele>40.2</ele>
      <time>2025-09-14T09:44:19Z</time>
    </trkpt>
    <trkpt lat="51.2392922" lon="6.1930718">
      <ele>40.0</ele>
      <time>2025-09-14T09:44:21Z</time>
    </trkpt>
    <trkpt lat="51.2395544" lon="6.1930960">
      <ele>39.4</ele>
      <time>2025-09-14T09:44:26Z</time>
    </trkpt>
    <trkpt lat="51.2396950" lon="6.1930655">
      <ele>39.2</ele>
      <time>2025-09-14T09:44:29Z</time>
    </trkpt>
    <trkpt lat="51.2397809" lon="6.1930015">
      <ele>39.2</ele>
      <time>2025-09-14T09:44:31Z</time>
    </trkpt>
    <trkpt lat="51.2398842" lon="6.1929002">
      <ele>39.2</ele>
      <time>2025-09-14T09:44:33Z</time>
    </trkpt>
    <trkpt lat="51.2400207" lon="6.1927607">
      <ele>39.2</ele>
      <time>2025-09-14T09:44:36Z</time>
    </trkpt>
    <trkpt lat="51.2400601" lon="6.1927109">
      <ele>39.2</ele>
      <time>2025-09-14T09:44:37Z</time>
    </trkpt>
    <trkpt lat="51.2401072" lon="6.1925846">
      <ele>39.4</ele>
      <time>2025-09-14T09:44:39Z</time>
    </trkpt>
    <trkpt lat="51.2401293" lon="6.1924464">
      <ele>39.4</ele>
      <time>2025-09-14T09:44:41Z</time>
    </trkpt>
    <trkpt lat="51.2401309" lon="6.1922393">
      <ele>39.6</ele>
      <time>2025-09-14T09:44:44Z</time>
    </trkpt>
    <trkpt lat="51.2401244" lon="6.1919442">
      <ele>40.0</ele>
      <time>2025-09-14T09:44:49Z</time>
    </trkpt>
    <trkpt lat="51.2401013" lon="6.1917001">
      <ele>40.2</ele>
      <time>2025-09-14T09:44:55Z</time>
    </trkpt>
    <trkpt lat="51.2401437" lon="6.1914934">
      <ele>40.4</ele>
      <time>2025-09-14T09:45:01Z</time>
    </trkpt>
    <trkpt lat="51.2401978" lon="6.1912678">
      <ele>40.0</ele>
      <time>2025-09-14T09:45:05Z</time>
    </trkpt>
    <trkpt lat="51.2402018" lon="6.1909096">
      <ele>39.8</ele>
      <time>2025-09-14T09:45:11Z</time>
    </trkpt>
    <trkpt lat="51.2401933" lon="6.1908505">
      <ele>39.8</ele>
      <time>2025-09-14T09:45:12Z</time>
    </trkpt>
    <trkpt lat="51.2401506" lon="6.1906897">
      <ele>40.0</ele>
      <time>2025-09-14T09:45:15Z</time>
    </trkpt>
    <trkpt lat="51.2400838" lon="6.1904390">
      <ele>40.0</ele>
      <time>2025-09-14T09:45:19Z</time>
    </trkpt>
    <trkpt lat="51.2400618" lon="6.1902944">
      <ele>39.8</ele>
      <time>2025-09-14T09:45:21Z</time>
    </trkpt>
    <trkpt lat="51.2399931" lon="6.1899219">
      <ele>39.4</ele>
      <time>2025-09-14T09:45:27Z</time>
    </trkpt>
    <trkpt lat="51.2399900" lon="6.1898711">
      <ele>39.4</ele>
      <time>2025-09-14T09:45:28Z</time>
    </trkpt>
    <trkpt lat="51.2400019" lon="6.1897499">
      <ele>39.6</ele>
      <time>2025-09-14T09:45:30Z</time>
    </trkpt>
    <trkpt lat="51.2399785" lon="6.1892769">
      <ele>39.6</ele>
      <time>2025-09-14T09:45:37Z</time>
    </trkpt>
    <trkpt lat="51.2399628" lon="6.1889978">
      <ele>39.4</ele>
      <time>2025-09-14T09:45:41Z</time>
    </trkpt>
    <trkpt lat="51.2399206" lon="6.1887230">
      <ele>39.6</ele>
      <time>2025-09-14T09:45:46Z</time>
    </trkpt>
    <trkpt lat="51.2399962" lon="6.1884687">
      <ele>39.6</ele>
      <time>2025-09-14T09:45:50Z</time>
    </trkpt>
    <trkpt lat="51.2399705" lon="6.1881991">
      <ele>39.6</ele>
      <time>2025-09-14T09:45:54Z</time>
    </trkpt>
    <trkpt lat="51.2399258" lon="6.1877566">
      <ele>39.2</ele>
      <time>2025-09-14T09:46:00Z</time>
    </trkpt>
    <trkpt lat="51.2398301" lon="6.1874853">
      <ele>39.2</ele>
      <time>2025-09-14T09:46:06Z</time>
    </trkpt>
    <trkpt lat="51.2397705" lon="6.1873879">
      <ele>39.6</ele>
      <time>2025-09-14T09:46:09Z</time>
    </trkpt>
    <trkpt lat="51.2397482" lon="6.1873125">
      <ele>39.8</ele>
      <time>2025-09-14T09:46:11Z</time>
    </trkpt>
    <trkpt lat="51.2396992" lon="6.1871637">
      <ele>39.8</ele>
      <time>2025-09-14T09:46:14Z</time>
    </trkpt>
    <trkpt lat="51.2397003" lon="6.1870479">
      <ele>39.6</ele>
      <time>2025-09-14T09:46:16Z</time>
    </trkpt>
    <trkpt lat="51.2397429" lon="6.1869489">
      <ele>39.6</ele>
      <time>2025-09-14T09:46:18Z</time>
    </trkpt>
    <trkpt lat="51.2398264" lon="6.1868803">
      <ele>39.6</ele>
      <time>2025-09-14T09:46:22Z</time>
    </trkpt>
    <trkpt lat="51.2399758" lon="6.1867857">
      <ele>40.4</ele>
      <time>2025-09-14T09:46:28Z</time>
    </trkpt>
    <trkpt lat="51.2401376" lon="6.1867265">
      <ele>40.6</ele>
      <time>2025-09-14T09:46:33Z</time>
    </trkpt>
    <trkpt lat="51.2401687" lon="6.1867037">
      <ele>40.8</ele>
      <time>2025-09-14T09:46:34Z</time>
    </trkpt>
    <trkpt lat="51.2402879" lon="6.1866764">
      <ele>41.2</ele>
      <time>2025-09-14T09:46:38Z</time>
    </trkpt>
    <trkpt lat="51.2403179" lon="6.1867013">
      <ele>41.2</ele>
      <time>2025-09-14T09:46:39Z</time>
    </trkpt>
    <trkpt lat="51.2405199" lon="6.1867930">
      <ele>41.8</ele>
      <time>2025-09-14T09:46:45Z</time>
    </trkpt>
    <trkpt lat="51.2407576" lon="6.1867527">
      <ele>42.8</ele>
      <time>2025-09-14T09:46:51Z</time>
    </trkpt>
    <trkpt lat="51.2410842" lon="6.1866593">
      <ele>42.4</ele>
      <time>2025-09-14T09:46:58Z</time>
    </trkpt>
    <trkpt lat="51.2411325" lon="6.1866536">
      <ele>42.4</ele>
      <time>2025-09-14T09:46:59Z</time>
    </trkpt>
    <trkpt lat="51.2413920" lon="6.1866621">
      <ele>41.2</ele>
      <time>2025-09-14T09:47:04Z</time>
    </trkpt>
    <trkpt lat="51.2414498" lon="6.1866719">
      <ele>41.0</ele>
      <time>2025-09-14T09:47:05Z</time>
    </trkpt>
    <trkpt lat="51.2415600" lon="6.1866583">
      <ele>40.8</ele>
      <time>2025-09-14T09:47:07Z</time>
    </trkpt>
    <trkpt lat="51.2416820" lon="6.1866203">
      <ele>40.8</ele>
      <time>2025-09-14T09:47:09Z</time>
    </trkpt>
    <trkpt lat="51.2419823" lon="6.1864994">
      <ele>41.0</ele>
      <time>2025-09-14T09:47:15Z</time>
    </trkpt>
    <trkpt lat="51.2420269" lon="6.1864805">
      <ele>41.0</ele>
      <time>2025-09-14T09:47:16Z</time>
    </trkpt>
    <trkpt lat="51.2421097" lon="6.1864321">
      <ele>41.2</ele>
      <time>2025-09-14T09:47:18Z</time>
    </trkpt>
    <trkpt lat="51.2422340" lon="6.1863642">
      <ele>42.2</ele>
      <time>2025-09-14T09:47:21Z</time>
    </trkpt>
    <trkpt lat="51.2422754" lon="6.1863418">
      <ele>42.4</ele>
      <time>2025-09-14T09:47:22Z</time>
    </trkpt>
    <trkpt lat="51.2423278" lon="6.1863045">
      <ele>43.2</ele>
      <time>2025-09-14T09:47:24Z</time>
    </trkpt>
    <trkpt lat="51.2423696" lon="6.1862824">
      <ele>44.0</ele>
      <time>2025-09-14T09:47:26Z</time>
    </trkpt>
    <trkpt lat="51.2423853" lon="6.1862798">
      <ele>44.4</ele>
      <time>2025-09-14T09:47:27Z</time>
    </trkpt>
    <trkpt lat="51.2424071" lon="6.1862895">
      <ele>45.4</ele>
      <time>2025-09-14T09:47:29Z</time>
    </trkpt>
    <trkpt lat="51.2424242" lon="6.1862893">
      <ele>46.0</ele>
      <time>2025-09-14T09:47:30Z</time>
    </trkpt>
    <trkpt lat="51.2424511" lon="6.1862278">
      <ele>46.4</ele>
      <time>2025-09-14T09:47:32Z</time>
    </trkpt>
    <trkpt lat="51.2424666" lon="6.1861469">
      <ele>47.0</ele>
      <time>2025-09-14T09:47:34Z</time>
    </trkpt>
    <trkpt lat="51.2424480" lon="6.1860534">
      <ele>47.0</ele>
      <time>2025-09-14T09:47:36Z</time>
    </trkpt>
    <trkpt lat="51.2423180" lon="6.1856733">
      <ele>46.6</ele>
      <time>2025-09-14T09:47:42Z</time>
    </trkpt>
    <trkpt lat="51.2421911" lon="6.1851824">
      <ele>46.0</ele>
      <time>2025-09-14T09:47:48Z</time>
    </trkpt>
    <trkpt lat="51.2421078" lon="6.1848805">
      <ele>45.4</ele>
      <time>2025-09-14T09:47:52Z</time>
    </trkpt>
    <trkpt lat="51.2420874" lon="6.1848147">
      <ele>45.2</ele>
      <time>2025-09-14T09:47:53Z</time>
    </trkpt>
    <trkpt lat="51.2420671" lon="6.1847512">
      <ele>45.0</ele>
      <time>2025-09-14T09:47:54Z</time>
    </trkpt>
    <trkpt lat="51.2420501" lon="6.1846852">
      <ele>45.0</ele>
      <time>2025-09-14T09:47:55Z</time>
    </trkpt>
    <trkpt lat="51.2420320" lon="6.1845236">
      <ele>45.0</ele>
      <time>2025-09-14T09:47:57Z</time>
    </trkpt>
    <trkpt lat="51.2420308" lon="6.1844307">
      <ele>45.0</ele>
      <time>2025-09-14T09:47:58Z</time>
    </trkpt>
    <trkpt lat="51.2420828" lon="6.1838525">
      <ele>45.2</ele>
      <time>2025-09-14T09:48:04Z</time>
    </trkpt>
    <trkpt lat="51.2421467" lon="6.1835016">
      <ele>44.8</ele>
      <time>2025-09-14T09:48:08Z</time>
    </trkpt>
    <trkpt lat="51.2421562" lon="6.1833285">
      <ele>44.8</ele>
      <time>2025-09-14T09:48:10Z</time>
    </trkpt>
    <trkpt lat="51.2421538" lon="6.1832420">
      <ele>44.8</ele>
      <time>2025-09-14T09:48:11Z</time>
    </trkpt>
    <trkpt lat="51.2421009" lon="6.1826947">
      <ele>44.2</ele>
      <time>2025-09-14T09:48:17Z</time>
    </trkpt>
    <trkpt lat="51.2420805" lon="6.1826110">
      <ele>44.0</ele>
      <time>2025-09-14T09:48:18Z</time>
    </trkpt>
    <trkpt lat="51.2420322" lon="6.1824512">
      <ele>44.0</ele>
      <time>2025-09-14T09:48:20Z</time>
    </trkpt>
    <trkpt lat="51.2420070" lon="6.1823866">
      <ele>44.0</ele>
      <time>2025-09-14T09:48:21Z</time>
    </trkpt>
    <trkpt lat="51.2419315" lon="6.1822113">
      <ele>44.0</ele>
      <time>2025-09-14T09:48:24Z</time>
    </trkpt>
    <trkpt lat="51.2419248" lon="6.1821442">
      <ele>44.0</ele>
      <time>2025-09-14T09:48:25Z</time>
    </trkpt>
    <trkpt lat="51.2419273" lon="6.1820696">
      <ele>44.0</ele>
      <time>2025-09-14T09:48:26Z</time>
    </trkpt>
    <trkpt lat="51.2419408" lon="6.1819064">
      <ele>44.0</ele>
      <time>2025-09-14T09:48:28Z</time>
    </trkpt>
    <trkpt lat="51.2419719" lon="6.1817434">
      <ele>44.2</ele>
      <time>2025-09-14T09:48:30Z</time>
    </trkpt>
    <trkpt lat="51.2420028" lon="6.1815686">
      <ele>44.4</ele>
      <time>2025-09-14T09:48:32Z</time>
    </trkpt>
    <trkpt lat="51.2420476" lon="6.1812378">
      <ele>44.0</ele>
      <time>2025-09-14T09:48:36Z</time>
    </trkpt>
    <trkpt lat="51.2421929" lon="6.1806712">
      <ele>43.2</ele>
      <time>2025-09-14T09:48:43Z</time>
    </trkpt>
    <trkpt lat="51.2422257" lon="6.1805439">
      <ele>43.2</ele>
      <time>2025-09-14T09:48:45Z</time>
    </trkpt>
    <trkpt lat="51.2422791" lon="6.1804207">
      <ele>43.6</ele>
      <time>2025-09-14T09:48:48Z</time>
    </trkpt>
    <trkpt lat="51.2423496" lon="6.1801768">
      <ele>44.2</ele>
      <time>2025-09-14T09:48:52Z</time>
    </trkpt>
    <trkpt lat="51.2423890" lon="6.1799423">
      <ele>44.4</ele>
      <time>2025-09-14T09:48:55Z</time>
    </trkpt>
    <trkpt lat="51.2424261" lon="6.1797701">
      <ele>44.2</ele>
      <time>2025-09-14T09:48:57Z</time>
    </trkpt>
    <trkpt lat="51.2425262" lon="6.1792278">
      <ele>44.0</ele>
      <time>2025-09-14T09:49:03Z</time>
    </trkpt>
    <trkpt lat="51.2426099" lon="6.1787840">
      <ele>44.0</ele>
      <time>2025-09-14T09:49:08Z</time>
    </trkpt>
    <trkpt lat="51.2427473" lon="6.1778941">
      <ele>44.4</ele>
      <time>2025-09-14T09:49:18Z</time>
    </trkpt>
    <trkpt lat="51.2428370" lon="6.1772983">
      <ele>44.4</ele>
      <time>2025-09-14T09:49:25Z</time>
    </trkpt>
    <trkpt lat="51.2429347" lon="6.1767132">
      <ele>44.6</ele>
      <time>2025-09-14T09:49:32Z</time>
    </trkpt>
    <trkpt lat="51.2429618" lon="6.1765550">
      <ele>45.0</ele>
      <time>2025-09-14T09:49:34Z</time>
    </trkpt>
    <trkpt lat="51.2429772" lon="6.1764746">
      <ele>45.2</ele>
      <time>2025-09-14T09:49:35Z</time>
    </trkpt>
    <trkpt lat="51.2430120" lon="6.1762397">
      <ele>45.8</ele>
      <time>2025-09-14T09:49:38Z</time>
    </trkpt>
    <trkpt lat="51.2430478" lon="6.1760073">
      <ele>46.4</ele>
      <time>2025-09-14T09:49:41Z</time>
    </trkpt>
    <trkpt lat="51.2431033" lon="6.1756481">
      <ele>47.2</ele>
      <time>2025-09-14T09:49:46Z</time>
    </trkpt>
    <trkpt lat="51.2431767" lon="6.1751343">
      <ele>47.6</ele>
      <time>2025-09-14T09:49:53Z</time>
    </trkpt>
    <trkpt lat="51.2431845" lon="6.1750608">
      <ele>48.2</ele>
      <time>2025-09-14T09:49:54Z</time>
    </trkpt>
    <trkpt lat="51.2432175" lon="6.1749187">
      <ele>48.8</ele>
      <time>2025-09-14T09:49:56Z</time>
    </trkpt>
    <trkpt lat="51.2433122" lon="6.1742763">
      <ele>49.6</ele>
      <time>2025-09-14T09:50:05Z</time>
    </trkpt>
    <trkpt lat="51.2433248" lon="6.1742021">
      <ele>50.0</ele>
      <time>2025-09-14T09:50:06Z</time>
    </trkpt>
    <trkpt lat="51.2433864" lon="6.1738003">
      <ele>51.2</ele>
      <time>2025-09-14T09:50:12Z</time>
    </trkpt>
    <trkpt lat="51.2433938" lon="6.1737433">
      <ele>51.4</ele>
      <time>2025-09-14T09:50:13Z</time>
    </trkpt>
    <trkpt lat="51.2434598" lon="6.1733791">
      <ele>52.2</ele>
      <time>2025-09-14T09:50:19Z</time>
    </trkpt>
    <trkpt lat="51.2434994" lon="6.1731254">
      <ele>53.2</ele>
      <time>2025-09-14T09:50:23Z</time>
    </trkpt>
    <trkpt lat="51.2435336" lon="6.1728755">
      <ele>54.0</ele>
      <time>2025-09-14T09:50:27Z</time>
    </trkpt>
    <trkpt lat="51.2435504" lon="6.1727423">
      <ele>54.4</ele>
      <time>2025-09-14T09:50:29Z</time>
    </trkpt>
    <trkpt lat="51.2436246" lon="6.1722709">
      <ele>55.0</ele>
      <time>2025-09-14T09:50:36Z</time>
    </trkpt>
    <trkpt lat="51.2436596" lon="6.1720690">
      <ele>55.4</ele>
      <time>2025-09-14T09:50:39Z</time>
    </trkpt>
    <trkpt lat="51.2437134" lon="6.1717273">
      <ele>56.2</ele>
      <time>2025-09-14T09:50:44Z</time>
    </trkpt>
    <trkpt lat="51.2437316" lon="6.1715875">
      <ele>56.4</ele>
      <time>2025-09-14T09:50:46Z</time>
    </trkpt>
    <trkpt lat="51.2437544" lon="6.1713889">
      <ele>56.6</ele>
      <time>2025-09-14T09:50:49Z</time>
    </trkpt>
    <trkpt lat="51.2437845" lon="6.1712494">
      <ele>56.6</ele>
      <time>2025-09-14T09:50:51Z</time>
    </trkpt>
    <trkpt lat="51.2439162" lon="6.1706649">
      <ele>56.8</ele>
      <time>2025-09-14T09:50:59Z</time>
    </trkpt>
    <trkpt lat="51.2439486" lon="6.1705156">
      <ele>56.8</ele>
      <time>2025-09-14T09:51:01Z</time>
    </trkpt>
    <trkpt lat="51.2439916" lon="6.1702863">
      <ele>56.8</ele>
      <time>2025-09-14T09:51:04Z</time>
    </trkpt>
    <trkpt lat="51.2440153" lon="6.1702099">
      <ele>56.8</ele>
      <time>2025-09-14T09:51:05Z</time>
    </trkpt>
    <trkpt lat="51.2441405" lon="6.1696647">
      <ele>56.4</ele>
      <time>2025-09-14T09:51:11Z</time>
    </trkpt>
    <trkpt lat="51.2442146" lon="6.1694002">
      <ele>55.6</ele>
      <time>2025-09-14T09:51:14Z</time>
    </trkpt>
    <trkpt lat="51.2442577" lon="6.1692509">
      <ele>55.2</ele>
      <time>2025-09-14T09:51:16Z</time>
    </trkpt>
    <trkpt lat="51.2442759" lon="6.1691699">
      <ele>55.2</ele>
      <time>2025-09-14T09:51:17Z</time>
    </trkpt>
    <trkpt lat="51.2444554" lon="6.1684163">
      <ele>54.2</ele>
      <time>2025-09-14T09:51:25Z</time>
    </trkpt>
    <trkpt lat="51.2445385" lon="6.1679910">
      <ele>53.0</ele>
      <time>2025-09-14T09:51:29Z</time>
    </trkpt>
    <trkpt lat="51.2445711" lon="6.1677587">
      <ele>52.4</ele>
      <time>2025-09-14T09:51:31Z</time>
    </trkpt>
    <trkpt lat="51.2445995" lon="6.1675273">
      <ele>52.0</ele>
      <time>2025-09-14T09:51:33Z</time>
    </trkpt>
    <trkpt lat="51.2446366" lon="6.1670469">
      <ele>51.4</ele>
      <time>2025-09-14T09:51:37Z</time>
    </trkpt>
    <trkpt lat="51.2446654" lon="6.1666817">
      <ele>50.8</ele>
      <time>2025-09-14T09:51:40Z</time>
    </trkpt>
    <trkpt lat="51.2447066" lon="6.1662026">
      <ele>49.2</ele>
      <time>2025-09-14T09:51:44Z</time>
    </trkpt>
    <trkpt lat="51.2447140" lon="6.1660755">
      <ele>49.0</ele>
      <time>2025-09-14T09:51:45Z</time>
    </trkpt>
    <trkpt lat="51.2447450" lon="6.1655509">
      <ele>48.2</ele>
      <time>2025-09-14T09:51:49Z</time>
    </trkpt>
    <trkpt lat="51.2447645" lon="6.1651643">
      <ele>47.8</ele>
      <time>2025-09-14T09:51:52Z</time>
    </trkpt>
    <trkpt lat="51.2447702" lon="6.1649064">
      <ele>46.8</ele>
      <time>2025-09-14T09:51:54Z</time>
    </trkpt>
    <trkpt lat="51.2448201" lon="6.1643788">
      <ele>45.4</ele>
      <time>2025-09-14T09:51:58Z</time>
    </trkpt>
    <trkpt lat="51.2448532" lon="6.1639886">
      <ele>44.0</ele>
      <time>2025-09-14T09:52:01Z</time>
    </trkpt>
    <trkpt lat="51.2448600" lon="6.1635968">
      <ele>43.2</ele>
      <time>2025-09-14T09:52:04Z</time>
    </trkpt>
    <trkpt lat="51.2448623" lon="6.1634680">
      <ele>42.8</ele>
      <time>2025-09-14T09:52:05Z</time>
    </trkpt>
    <trkpt lat="51.2448781" lon="6.1625749">
      <ele>41.8</ele>
      <time>2025-09-14T09:52:12Z</time>
    </trkpt>
    <trkpt lat="51.2448802" lon="6.1624496">
      <ele>41.2</ele>
      <time>2025-09-14T09:52:13Z</time>
    </trkpt>
    <trkpt lat="51.2448847" lon="6.1619436">
      <ele>40.0</ele>
      <time>2025-09-14T09:52:17Z</time>
    </trkpt>
    <trkpt lat="51.2448896" lon="6.1611888">
      <ele>39.2</ele>
      <time>2025-09-14T09:52:23Z</time>
    </trkpt>
    <trkpt lat="51.2448748" lon="6.1609499">
      <ele>38.6</ele>
      <time>2025-09-14T09:52:25Z</time>
    </trkpt>
    <trkpt lat="51.2448293" lon="6.1604791">
      <ele>38.2</ele>
      <time>2025-09-14T09:52:29Z</time>
    </trkpt>
    <trkpt lat="51.2446930" lon="6.1596250">
      <ele>38.4</ele>
      <time>2025-09-14T09:52:37Z</time>
    </trkpt>
    <trkpt lat="51.2446363" lon="6.1592381">
      <ele>38.6</ele>
      <time>2025-09-14T09:52:41Z</time>
    </trkpt>
    <trkpt lat="51.2446155" lon="6.1591470">
      <ele>38.6</ele>
      <time>2025-09-14T09:52:42Z</time>
    </trkpt>
    <trkpt lat="51.2445108" lon="6.1585783">
      <ele>39.2</ele>
      <time>2025-09-14T09:52:49Z</time>
    </trkpt>
    <trkpt lat="51.2445385" lon="6.1583554">
      <ele>40.0</ele>
      <time>2025-09-14T09:52:53Z</time>
    </trkpt>
    <trkpt lat="51.2444707" lon="6.1582258">
      <ele>40.4</ele>
      <time>2025-09-14T09:52:56Z</time>
    </trkpt>
    <trkpt lat="51.2443557" lon="6.1580130">
      <ele>40.4</ele>
      <time>2025-09-14T09:53:00Z</time>
    </trkpt>
    <trkpt lat="51.2442863" lon="6.1578942">
      <ele>40.4</ele>
      <time>2025-09-14T09:53:02Z</time>
    </trkpt>
    <trkpt lat="51.2441933" lon="6.1576986">
      <ele>39.8</ele>
      <time>2025-09-14T09:53:05Z</time>
    </trkpt>
    <trkpt lat="51.2440645" lon="6.1573899">
      <ele>39.4</ele>
      <time>2025-09-14T09:53:09Z</time>
    </trkpt>
    <trkpt lat="51.2438580" lon="6.1568600">
      <ele>39.4</ele>
      <time>2025-09-14T09:53:16Z</time>
    </trkpt>
    <trkpt lat="51.2436555" lon="6.1563484">
      <ele>40.0</ele>
      <time>2025-09-14T09:53:23Z</time>
    </trkpt>
    <trkpt lat="51.2434033" lon="6.1556359">
      <ele>40.6</ele>
      <time>2025-09-14T09:53:33Z</time>
    </trkpt>
    <trkpt lat="51.2433633" lon="6.1554950">
      <ele>40.6</ele>
      <time>2025-09-14T09:53:35Z</time>
    </trkpt>
    <trkpt lat="51.2432490" lon="6.1552027">
      <ele>41.2</ele>
      <time>2025-09-14T09:53:39Z</time>
    </trkpt>
    <trkpt lat="51.2431809" lon="6.1549980">
      <ele>41.4</ele>
      <time>2025-09-14T09:53:42Z</time>
    </trkpt>
    <trkpt lat="51.2431054" lon="6.1547757">
      <ele>41.6</ele>
      <time>2025-09-14T09:53:45Z</time>
    </trkpt>
    <trkpt lat="51.2430852" lon="6.1546935">
      <ele>41.6</ele>
      <time>2025-09-14T09:53:46Z</time>
    </trkpt>
    <trkpt lat="51.2430066" lon="6.1544480">
      <ele>42.0</ele>
      <time>2025-09-14T09:53:49Z</time>
    </trkpt>
    <trkpt lat="51.2429848" lon="6.1543685">
      <ele>42.0</ele>
      <time>2025-09-14T09:53:50Z</time>
    </trkpt>
    <trkpt lat="51.2428503" lon="6.1538653">
      <ele>41.8</ele>
      <time>2025-09-14T09:53:56Z</time>
    </trkpt>
    <trkpt lat="51.2428280" lon="6.1536829">
      <ele>41.8</ele>
      <time>2025-09-14T09:53:58Z</time>
    </trkpt>
    <trkpt lat="51.2427893" lon="6.1534881">
      <ele>41.8</ele>
      <time>2025-09-14T09:54:00Z</time>
    </trkpt>
    <trkpt lat="51.2427883" lon="6.1533933">
      <ele>42.0</ele>
      <time>2025-09-14T09:54:01Z</time>
    </trkpt>
    <trkpt lat="51.2427692" lon="6.1533072">
      <ele>42.0</ele>
      <time>2025-09-14T09:54:02Z</time>
    </trkpt>
    <trkpt lat="51.2426909" lon="6.1530622">
      <ele>42.4</ele>
      <time>2025-09-14T09:54:05Z</time>
    </trkpt>
    <trkpt lat="51.2426218" lon="6.1528255">
      <ele>42.4</ele>
      <time>2025-09-14T09:54:08Z</time>
    </trkpt>
    <trkpt lat="51.2425272" lon="6.1524769">
      <ele>42.6</ele>
      <time>2025-09-14T09:54:12Z</time>
    </trkpt>
    <trkpt lat="51.2425036" lon="6.1523893">
      <ele>42.6</ele>
      <time>2025-09-14T09:54:13Z</time>
    </trkpt>
    <trkpt lat="51.2424365" lon="6.1521220">
      <ele>42.6</ele>
      <time>2025-09-14T09:54:16Z</time>
    </trkpt>
    <trkpt lat="51.2424031" lon="6.1520373">
      <ele>42.4</ele>
      <time>2025-09-14T09:54:17Z</time>
    </trkpt>
    <trkpt lat="51.2423465" lon="6.1518677">
      <ele>42.4</ele>
      <time>2025-09-14T09:54:19Z</time>
    </trkpt>
    <trkpt lat="51.2422814" lon="6.1515900">
      <ele>42.2</ele>
      <time>2025-09-14T09:54:22Z</time>
    </trkpt>
    <trkpt lat="51.2422011" lon="6.1512056">
      <ele>42.2</ele>
      <time>2025-09-14T09:54:26Z</time>
    </trkpt>
    <trkpt lat="51.2421434" lon="6.1510091">
      <ele>42.2</ele>
      <time>2025-09-14T09:54:28Z</time>
    </trkpt>
    <trkpt lat="51.2419705" lon="6.1502454">
      <ele>42.0</ele>
      <time>2025-09-14T09:54:35Z</time>
    </trkpt>
    <trkpt lat="51.2418092" lon="6.1495981">
      <ele>40.8</ele>
      <time>2025-09-14T09:54:41Z</time>
    </trkpt>
    <trkpt lat="51.2416266" lon="6.1488535">
      <ele>39.8</ele>
      <time>2025-09-14T09:54:48Z</time>
    </trkpt>
    <trkpt lat="51.2415779" lon="6.1486413">
      <ele>39.4</ele>
      <time>2025-09-14T09:54:50Z</time>
    </trkpt>
    <trkpt lat="51.2414263" lon="6.1480111">
      <ele>39.0</ele>
      <time>2025-09-14T09:54:56Z</time>
    </trkpt>
    <trkpt lat="51.2413967" lon="6.1479093">
      <ele>38.8</ele>
      <time>2025-09-14T09:54:57Z</time>
    </trkpt>
    <trkpt lat="51.2413447" lon="6.1477050">
      <ele>38.6</ele>
      <time>2025-09-14T09:54:59Z</time>
    </trkpt>
    <trkpt lat="51.2413217" lon="6.1476025">
      <ele>38.4</ele>
      <time>2025-09-14T09:55:00Z</time>
    </trkpt>
    <trkpt lat="51.2411328" lon="6.1468725">
      <ele>37.4</ele>
      <time>2025-09-14T09:55:07Z</time>
    </trkpt>
    <trkpt lat="51.2409828" lon="6.1462569">
      <ele>37.4</ele>
      <time>2025-09-14T09:55:13Z</time>
    </trkpt>
    <trkpt lat="51.2409289" lon="6.1460472">
      <ele>37.6</ele>
      <time>2025-09-14T09:55:15Z</time>
    </trkpt>
    <trkpt lat="51.2408750" lon="6.1457293">
      <ele>38.0</ele>
      <time>2025-09-14T09:55:18Z</time>
    </trkpt>
    <trkpt lat="51.2408416" lon="6.1456324">
      <ele>38.2</ele>
      <time>2025-09-14T09:55:19Z</time>
    </trkpt>
    <trkpt lat="51.2407748" lon="6.1453373">
      <ele>38.2</ele>
      <time>2025-09-14T09:55:22Z</time>
    </trkpt>
    <trkpt lat="51.2407143" lon="6.1451448">
      <ele>38.2</ele>
      <time>2025-09-14T09:55:24Z</time>
    </trkpt>
    <trkpt lat="51.2405992" lon="6.1446514">
      <ele>38.0</ele>
      <time>2025-09-14T09:55:29Z</time>
    </trkpt>
    <trkpt lat="51.2405816" lon="6.1445501">
      <ele>38.0</ele>
      <time>2025-09-14T09:55:30Z</time>
    </trkpt>
    <trkpt lat="51.2405082" lon="6.1442590">
      <ele>38.0</ele>
      <time>2025-09-14T09:55:33Z</time>
    </trkpt>
    <trkpt lat="51.2404537" lon="6.1440820">
      <ele>38.0</ele>
      <time>2025-09-14T09:55:35Z</time>
    </trkpt>
    <trkpt lat="51.2403235" lon="6.1434858">
      <ele>38.0</ele>
      <time>2025-09-14T09:55:41Z</time>
    </trkpt>
    <trkpt lat="51.2402649" lon="6.1432093">
      <ele>38.0</ele>
      <time>2025-09-14T09:55:44Z</time>
    </trkpt>
    <trkpt lat="51.2402461" lon="6.1431114">
      <ele>38.0</ele>
      <time>2025-09-14T09:55:45Z</time>
    </trkpt>
    <trkpt lat="51.2400990" lon="6.1426388">
      <ele>38.0</ele>
      <time>2025-09-14T09:55:50Z</time>
    </trkpt>
    <trkpt lat="51.2400724" lon="6.1425414">
      <ele>37.8</ele>
      <time>2025-09-14T09:55:51Z</time>
    </trkpt>
    <trkpt lat="51.2399726" lon="6.1421294">
      <ele>37.8</ele>
      <time>2025-09-14T09:55:55Z</time>
    </trkpt>
    <trkpt lat="51.2398340" lon="6.1414205">
      <ele>37.4</ele>
      <time>2025-09-14T09:56:02Z</time>
    </trkpt>
    <trkpt lat="51.2396354" lon="6.1406890">
      <ele>37.2</ele>
      <time>2025-09-14T09:56:10Z</time>
    </trkpt>
    <trkpt lat="51.2396119" lon="6.1406030">
      <ele>37.2</ele>
      <time>2025-09-14T09:56:11Z</time>
    </trkpt>
    <trkpt lat="51.2395015" lon="6.1401506">
      <ele>37.4</ele>
      <time>2025-09-14T09:56:16Z</time>
    </trkpt>
    <trkpt lat="51.2393986" lon="6.1398058">
      <ele>37.4</ele>
      <time>2025-09-14T09:56:20Z</time>
    </trkpt>
    <trkpt lat="51.2393818" lon="6.1397225">
      <ele>37.4</ele>
      <time>2025-09-14T09:56:21Z</time>
    </trkpt>
    <trkpt lat="51.2393171" lon="6.1394619">
      <ele>37.4</ele>
      <time>2025-09-14T09:56:24Z</time>
    </trkpt>
    <trkpt lat="51.2392928" lon="6.1392878">
      <ele>37.4</ele>
      <time>2025-09-14T09:56:26Z</time>
    </trkpt>
    <trkpt lat="51.2391580" lon="6.1387533">
      <ele>37.6</ele>
      <time>2025-09-14T09:56:32Z</time>
    </trkpt>
    <trkpt lat="51.2389904" lon="6.1380966">
      <ele>37.6</ele>
      <time>2025-09-14T09:56:39Z</time>
    </trkpt>
    <trkpt lat="51.2388139" lon="6.1373551">
      <ele>37.2</ele>
      <time>2025-09-14T09:56:47Z</time>
    </trkpt>
    <trkpt lat="51.2387895" lon="6.1372728">
      <ele>37.2</ele>
      <time>2025-09-14T09:56:48Z</time>
    </trkpt>
    <trkpt lat="51.2387520" lon="6.1370302">
      <ele>37.2</ele>
      <time>2025-09-14T09:56:51Z</time>
    </trkpt>
    <trkpt lat="51.2386458" lon="6.1365832">
      <ele>37.2</ele>
      <time>2025-09-14T09:56:56Z</time>
    </trkpt>
    <trkpt lat="51.2386076" lon="6.1363835">
      <ele>37.2</ele>
      <time>2025-09-14T09:56:58Z</time>
    </trkpt>
    <trkpt lat="51.2385672" lon="6.1361919">
      <ele>37.2</ele>
      <time>2025-09-14T09:57:00Z</time>
    </trkpt>
    <trkpt lat="51.2385439" lon="6.1361087">
      <ele>37.2</ele>
      <time>2025-09-14T09:57:01Z</time>
    </trkpt>
    <trkpt lat="51.2384994" lon="6.1359241">
      <ele>37.2</ele>
      <time>2025-09-14T09:57:03Z</time>
    </trkpt>
    <trkpt lat="51.2384367" lon="6.1357231">
      <ele>37.2</ele>
      <time>2025-09-14T09:57:05Z</time>
    </trkpt>
    <trkpt lat="51.2384013" lon="6.1355472">
      <ele>37.2</ele>
      <time>2025-09-14T09:57:07Z</time>
    </trkpt>
    <trkpt lat="51.2383559" lon="6.1353601">
      <ele>37.2</ele>
      <time>2025-09-14T09:57:09Z</time>
    </trkpt>
    <trkpt lat="51.2382881" lon="6.1350676">
      <ele>37.2</ele>
      <time>2025-09-14T09:57:12Z</time>
    </trkpt>
    <trkpt lat="51.2382114" lon="6.1347879">
      <ele>37.2</ele>
      <time>2025-09-14T09:57:15Z</time>
    </trkpt>
    <trkpt lat="51.2380925" lon="6.1342332">
      <ele>36.8</ele>
      <time>2025-09-14T09:57:21Z</time>
    </trkpt>
    <trkpt lat="51.2380450" lon="6.1339567">
      <ele>36.8</ele>
      <time>2025-09-14T09:57:24Z</time>
    </trkpt>
    <trkpt lat="51.2379838" lon="6.1336815">
      <ele>36.8</ele>
      <time>2025-09-14T09:57:27Z</time>
    </trkpt>
    <trkpt lat="51.2379123" lon="6.1334278">
      <ele>37.0</ele>
      <time>2025-09-14T09:57:30Z</time>
    </trkpt>
    <trkpt lat="51.2378789" lon="6.1332666">
      <ele>37.0</ele>
      <time>2025-09-14T09:57:32Z</time>
    </trkpt>
    <trkpt lat="51.2378372" lon="6.1330852">
      <ele>37.0</ele>
      <time>2025-09-14T09:57:34Z</time>
    </trkpt>
    <trkpt lat="51.2377883" lon="6.1328904">
      <ele>37.0</ele>
      <time>2025-09-14T09:57:36Z</time>
    </trkpt>
    <trkpt lat="51.2377649" lon="6.1327956">
      <ele>37.0</ele>
      <time>2025-09-14T09:57:37Z</time>
    </trkpt>
    <trkpt lat="51.2377393" lon="6.1327007">
      <ele>37.0</ele>
      <time>2025-09-14T09:57:38Z</time>
    </trkpt>
    <trkpt lat="51.2376747" lon="6.1324501">
      <ele>36.8</ele>
      <time>2025-09-14T09:57:41Z</time>
    </trkpt>
    <trkpt lat="51.2376560" lon="6.1323694">
      <ele>36.8</ele>
      <time>2025-09-14T09:57:42Z</time>
    </trkpt>
    <trkpt lat="51.2375443" lon="6.1320126">
      <ele>37.0</ele>
      <time>2025-09-14T09:57:46Z</time>
    </trkpt>
    <trkpt lat="51.2375137" lon="6.1319214">
      <ele>37.0</ele>
      <time>2025-09-14T09:57:47Z</time>
    </trkpt>
    <trkpt lat="51.2374699" lon="6.1317405">
      <ele>36.8</ele>
      <time>2025-09-14T09:57:49Z</time>
    </trkpt>
    <trkpt lat="51.2374267" lon="6.1315731">
      <ele>36.8</ele>
      <time>2025-09-14T09:57:51Z</time>
    </trkpt>
    <trkpt lat="51.2373844" lon="6.1313386">
      <ele>36.8</ele>
      <time>2025-09-14T09:57:54Z</time>
    </trkpt>
    <trkpt lat="51.2373720" lon="6.1312687">
      <ele>36.8</ele>
      <time>2025-09-14T09:57:55Z</time>
    </trkpt>
    <trkpt lat="51.2372337" lon="6.1307557">
      <ele>37.2</ele>
      <time>2025-09-14T09:58:01Z</time>
    </trkpt>
    <trkpt lat="51.2371717" lon="6.1304886">
      <ele>37.2</ele>
      <time>2025-09-14T09:58:04Z</time>
    </trkpt>
    <trkpt lat="51.2371301" lon="6.1302970">
      <ele>37.2</ele>
      <time>2025-09-14T09:58:06Z</time>
    </trkpt>
    <trkpt lat="51.2371409" lon="6.1302013">
      <ele>37.2</ele>
      <time>2025-09-14T09:58:07Z</time>
    </trkpt>
    <trkpt lat="51.2371024" lon="6.1301049">
      <ele>37.4</ele>
      <time>2025-09-14T09:58:08Z</time>
    </trkpt>
    <trkpt lat="51.2370551" lon="6.1299326">
      <ele>37.4</ele>
      <time>2025-09-14T09:58:10Z</time>
    </trkpt>
    <trkpt lat="51.2369879" lon="6.1297531">
      <ele>37.2</ele>
      <time>2025-09-14T09:58:12Z</time>
    </trkpt>
    <trkpt lat="51.2369073" lon="6.1294977">
      <ele>37.0</ele>
      <time>2025-09-14T09:58:15Z</time>
    </trkpt>
    <trkpt lat="51.2367852" lon="6.1290685">
      <ele>36.8</ele>
      <time>2025-09-14T09:58:20Z</time>
    </trkpt>
    <trkpt lat="51.2366100" lon="6.1284189">
      <ele>36.6</ele>
      <time>2025-09-14T09:58:27Z</time>
    </trkpt>
    <trkpt lat="51.2365354" lon="6.1281465">
      <ele>36.2</ele>
      <time>2025-09-14T09:58:30Z</time>
    </trkpt>
    <trkpt lat="51.2364826" lon="6.1279766">
      <ele>36.2</ele>
      <time>2025-09-14T09:58:32Z</time>
    </trkpt>
    <trkpt lat="51.2364308" lon="6.1277180">
      <ele>36.2</ele>
      <time>2025-09-14T09:58:35Z</time>
    </trkpt>
    <trkpt lat="51.2363847" lon="6.1275446">
      <ele>36.2</ele>
      <time>2025-09-14T09:58:37Z</time>
    </trkpt>
    <trkpt lat="51.2363682" lon="6.1274609">
      <ele>36.2</ele>
      <time>2025-09-14T09:58:38Z</time>
    </trkpt>
    <trkpt lat="51.2363535" lon="6.1273750">
      <ele>36.4</ele>
      <time>2025-09-14T09:58:39Z</time>
    </trkpt>
    <trkpt lat="51.2363136" lon="6.1272002">
      <ele>36.6</ele>
      <time>2025-09-14T09:58:41Z</time>
    </trkpt>
    <trkpt lat="51.2362840" lon="6.1270207">
      <ele>36.8</ele>
      <time>2025-09-14T09:58:43Z</time>
    </trkpt>
    <trkpt lat="51.2361841" lon="6.1266085">
      <ele>36.8</ele>
      <time>2025-09-14T09:58:48Z</time>
    </trkpt>
    <trkpt lat="51.2361664" lon="6.1265303">
      <ele>36.8</ele>
      <time>2025-09-14T09:58:49Z</time>
    </trkpt>
    <trkpt lat="51.2360915" lon="6.1261382">
      <ele>36.8</ele>
      <time>2025-09-14T09:58:54Z</time>
    </trkpt>
    <trkpt lat="51.2360701" lon="6.1259740">
      <ele>36.6</ele>
      <time>2025-09-14T09:58:56Z</time>
    </trkpt>
    <trkpt lat="51.2359959" lon="6.1257241">
      <ele>36.4</ele>
      <time>2025-09-14T09:58:59Z</time>
    </trkpt>
    <trkpt lat="51.2358293" lon="6.1251592">
      <ele>36.6</ele>
      <time>2025-09-14T09:59:06Z</time>
    </trkpt>
    <trkpt lat="51.2358076" lon="6.1250775">
      <ele>36.6</ele>
      <time>2025-09-14T09:59:07Z</time>
    </trkpt>
    <trkpt lat="51.2357301" lon="6.1247622">
      <ele>36.8</ele>
      <time>2025-09-14T09:59:11Z</time>
    </trkpt>
    <trkpt lat="51.2356889" lon="6.1246072">
      <ele>36.8</ele>
      <time>2025-09-14T09:59:13Z</time>
    </trkpt>
    <trkpt lat="51.2355947" lon="6.1242330">
      <ele>36.8</ele>
      <time>2025-09-14T09:59:18Z</time>
    </trkpt>
    <trkpt lat="51.2355098" lon="6.1238833">
      <ele>36.8</ele>
      <time>2025-09-14T09:59:23Z</time>
    </trkpt>
    <trkpt lat="51.2354962" lon="6.1238164">
      <ele>36.6</ele>
      <time>2025-09-14T09:59:24Z</time>
    </trkpt>
    <trkpt lat="51.2354164" lon="6.1233382">
      <ele>36.6</ele>
      <time>2025-09-14T09:59:31Z</time>
    </trkpt>
    <trkpt lat="51.2353766" lon="6.1231869">
      <ele>36.8</ele>
      <time>2025-09-14T09:59:33Z</time>
    </trkpt>
    <trkpt lat="51.2353261" lon="6.1230259">
      <ele>36.8</ele>
      <time>2025-09-14T09:59:35Z</time>
    </trkpt>
    <trkpt lat="51.2353026" lon="6.1229501">
      <ele>37.0</ele>
      <time>2025-09-14T09:59:36Z</time>
    </trkpt>
    <trkpt lat="51.2352080" lon="6.1226545">
      <ele>37.0</ele>
      <time>2025-09-14T09:59:40Z</time>
    </trkpt>
    <trkpt lat="51.2351640" lon="6.1225092">
      <ele>37.0</ele>
      <time>2025-09-14T09:59:42Z</time>
    </trkpt>
    <trkpt lat="51.2350781" lon="6.1221077">
      <ele>36.8</ele>
      <time>2025-09-14T09:59:47Z</time>
    </trkpt>
    <trkpt lat="51.2350405" lon="6.1219495">
      <ele>36.8</ele>
      <time>2025-09-14T09:59:49Z</time>
    </trkpt>
    <trkpt lat="51.2349484" lon="6.1215409">
      <ele>36.6</ele>
      <time>2025-09-14T09:59:54Z</time>
    </trkpt>
    <trkpt lat="51.2349068" lon="6.1213699">
      <ele>36.4</ele>
      <time>2025-09-14T09:59:56Z</time>
    </trkpt>
    <trkpt lat="51.2348809" lon="6.1212914">
      <ele>36.4</ele>
      <time>2025-09-14T09:59:57Z</time>
    </trkpt>
    <trkpt lat="51.2348499" lon="6.1211233">
      <ele>36.4</ele>
      <time>2025-09-14T09:59:59Z</time>
    </trkpt>
    <trkpt lat="51.2348009" lon="6.1208969">
      <ele>36.2</ele>
      <time>2025-09-14T10:00:02Z</time>
    </trkpt>
    <trkpt lat="51.2346974" lon="6.1204349">
      <ele>36.2</ele>
      <time>2025-09-14T10:00:08Z</time>
    </trkpt>
    <trkpt lat="51.2345971" lon="6.1201930">
      <ele>36.2</ele>
      <time>2025-09-14T10:00:11Z</time>
    </trkpt>
    <trkpt lat="51.2345566" lon="6.1200586">
      <ele>36.2</ele>
      <time>2025-09-14T10:00:13Z</time>
    </trkpt>
    <trkpt lat="51.2345385" lon="6.1199859">
      <ele>36.2</ele>
      <time>2025-09-14T10:00:14Z</time>
    </trkpt>
    <trkpt lat="51.2343763" lon="6.1192650">
      <ele>36.4</ele>
      <time>2025-09-14T10:00:23Z</time>
    </trkpt>
    <trkpt lat="51.2343489" lon="6.1191106">
      <ele>36.4</ele>
      <time>2025-09-14T10:00:25Z</time>
    </trkpt>
    <trkpt lat="51.2343074" lon="6.1189614">
      <ele>36.2</ele>
      <time>2025-09-14T10:00:27Z</time>
    </trkpt>
    <trkpt lat="51.2342922" lon="6.1188844">
      <ele>36.2</ele>
      <time>2025-09-14T10:00:28Z</time>
    </trkpt>
    <trkpt lat="51.2342020" lon="6.1184245">
      <ele>36.2</ele>
      <time>2025-09-14T10:00:34Z</time>
    </trkpt>
    <trkpt lat="51.2341704" lon="6.1182811">
      <ele>36.2</ele>
      <time>2025-09-14T10:00:36Z</time>
    </trkpt>
    <trkpt lat="51.2341491" lon="6.1182110">
      <ele>36.2</ele>
      <time>2025-09-14T10:00:37Z</time>
    </trkpt>
    <trkpt lat="51.2340757" lon="6.1179311">
      <ele>36.2</ele>
      <time>2025-09-14T10:00:41Z</time>
    </trkpt>
    <trkpt lat="51.2340274" lon="6.1177113">
      <ele>36.2</ele>
      <time>2025-09-14T10:00:44Z</time>
    </trkpt>
    <trkpt lat="51.2339848" lon="6.1175754">
      <ele>36.2</ele>
      <time>2025-09-14T10:00:46Z</time>
    </trkpt>
    <trkpt lat="51.2339735" lon="6.1175086">
      <ele>36.2</ele>
      <time>2025-09-14T10:00:47Z</time>
    </trkpt>
    <trkpt lat="51.2339619" lon="6.1174373">
      <ele>36.2</ele>
      <time>2025-09-14T10:00:48Z</time>
    </trkpt>
    <trkpt lat="51.2339148" lon="6.1171161">
      <ele>36.4</ele>
      <time>2025-09-14T10:00:52Z</time>
    </trkpt>
    <trkpt lat="51.2339008" lon="6.1170356">
      <ele>36.4</ele>
      <time>2025-09-14T10:00:53Z</time>
    </trkpt>
    <trkpt lat="51.2338671" lon="6.1168948">
      <ele>36.4</ele>
      <time>2025-09-14T10:00:55Z</time>
    </trkpt>
    <trkpt lat="51.2338243" lon="6.1167324">
      <ele>36.2</ele>
      <time>2025-09-14T10:00:57Z</time>
    </trkpt>
    <trkpt lat="51.2337936" lon="6.1165562">
      <ele>35.8</ele>
      <time>2025-09-14T10:00:59Z</time>
    </trkpt>
    <trkpt lat="51.2337720" lon="6.1164640">
      <ele>35.4</ele>
      <time>2025-09-14T10:01:00Z</time>
    </trkpt>
    <trkpt lat="51.2336660" lon="6.1160551">
      <ele>35.2</ele>
      <time>2025-09-14T10:01:05Z</time>
    </trkpt>
    <trkpt lat="51.2336199" lon="6.1157909">
      <ele>35.2</ele>
      <time>2025-09-14T10:01:08Z</time>
    </trkpt>
    <trkpt lat="51.2335460" lon="6.1155327">
      <ele>35.2</ele>
      <time>2025-09-14T10:01:11Z</time>
    </trkpt>
    <trkpt lat="51.2335046" lon="6.1152802">
      <ele>35.2</ele>
      <time>2025-09-14T10:01:14Z</time>
    </trkpt>
    <trkpt lat="51.2334874" lon="6.1152054">
      <ele>35.2</ele>
      <time>2025-09-14T10:01:15Z</time>
    </trkpt>
    <trkpt lat="51.2334466" lon="6.1148419">
      <ele>35.2</ele>
      <time>2025-09-14T10:01:20Z</time>
    </trkpt>
    <trkpt lat="51.2334033" lon="6.1144575">
      <ele>35.0</ele>
      <time>2025-09-14T10:01:25Z</time>
    </trkpt>
    <trkpt lat="51.2333957" lon="6.1143756">
      <ele>34.8</ele>
      <time>2025-09-14T10:01:26Z</time>
    </trkpt>
    <trkpt lat="51.2333679" lon="6.1142213">
      <ele>34.8</ele>
      <time>2025-09-14T10:01:28Z</time>
    </trkpt>
    <trkpt lat="51.2333279" lon="6.1139890">
      <ele>35.0</ele>
      <time>2025-09-14T10:01:31Z</time>
    </trkpt>
    <trkpt lat="51.2333069" lon="6.1139095">
      <ele>35.0</ele>
      <time>2025-09-14T10:01:32Z</time>
    </trkpt>
    <trkpt lat="51.2332186" lon="6.1134409">
      <ele>35.0</ele>
      <time>2025-09-14T10:01:38Z</time>
    </trkpt>
    <trkpt lat="51.2331675" lon="6.1131325">
      <ele>35.0</ele>
      <time>2025-09-14T10:01:42Z</time>
    </trkpt>
    <trkpt lat="51.2331519" lon="6.1130677">
      <ele>35.0</ele>
      <time>2025-09-14T10:01:43Z</time>
    </trkpt>
    <trkpt lat="51.2331342" lon="6.1130030">
      <ele>34.8</ele>
      <time>2025-09-14T10:01:44Z</time>
    </trkpt>
    <trkpt lat="51.2330796" lon="6.1127521">
      <ele>34.8</ele>
      <time>2025-09-14T10:01:47Z</time>
    </trkpt>
    <trkpt lat="51.2330647" lon="6.1126660">
      <ele>34.8</ele>
      <time>2025-09-14T10:01:48Z</time>
    </trkpt>
    <trkpt lat="51.2330424" lon="6.1125778">
      <ele>34.8</ele>
      <time>2025-09-14T10:01:49Z</time>
    </trkpt>
    <trkpt lat="51.2329987" lon="6.1124014">
      <ele>34.8</ele>
      <time>2025-09-14T10:01:51Z</time>
    </trkpt>
    <trkpt lat="51.2329692" lon="6.1122451">
      <ele>34.8</ele>
      <time>2025-09-14T10:01:53Z</time>
    </trkpt>
    <trkpt lat="51.2328555" lon="6.1116754">
      <ele>34.8</ele>
      <time>2025-09-14T10:02:00Z</time>
    </trkpt>
    <trkpt lat="51.2327919" lon="6.1112018">
      <ele>34.6</ele>
      <time>2025-09-14T10:02:06Z</time>
    </trkpt>
    <trkpt lat="51.2327789" lon="6.1111237">
      <ele>34.6</ele>
      <time>2025-09-14T10:02:07Z</time>
    </trkpt>
    <trkpt lat="51.2327594" lon="6.1110511">
      <ele>34.4</ele>
      <time>2025-09-14T10:02:08Z</time>
    </trkpt>
    <trkpt lat="51.2327228" lon="6.1108994">
      <ele>34.4</ele>
      <time>2025-09-14T10:02:10Z</time>
    </trkpt>
    <trkpt lat="51.2326555" lon="6.1105170">
      <ele>34.6</ele>
      <time>2025-09-14T10:02:15Z</time>
    </trkpt>
    <trkpt lat="51.2325711" lon="6.1100504">
      <ele>34.6</ele>
      <time>2025-09-14T10:02:21Z</time>
    </trkpt>
    <trkpt lat="51.2324851" lon="6.1097245">
      <ele>34.4</ele>
      <time>2025-09-14T10:02:25Z</time>
    </trkpt>
    <trkpt lat="51.2324556" lon="6.1095660">
      <ele>34.4</ele>
      <time>2025-09-14T10:02:27Z</time>
    </trkpt>
    <trkpt lat="51.2324006" lon="6.1092608">
      <ele>34.2</ele>
      <time>2025-09-14T10:02:31Z</time>
    </trkpt>
    <trkpt lat="51.2323690" lon="6.1091055">
      <ele>34.2</ele>
      <time>2025-09-14T10:02:33Z</time>
    </trkpt>
    <trkpt lat="51.2323524" lon="6.1090281">
      <ele>34.2</ele>
      <time>2025-09-14T10:02:34Z</time>
    </trkpt>
    <trkpt lat="51.2321874" lon="6.1082138">
      <ele>33.6</ele>
      <time>2025-09-14T10:02:44Z</time>
    </trkpt>
    <trkpt lat="51.2321184" lon="6.1078987">
      <ele>33.6</ele>
      <time>2025-09-14T10:02:48Z</time>
    </trkpt>
    <trkpt lat="51.2320904" lon="6.1077384">
      <ele>33.6</ele>
      <time>2025-09-14T10:02:50Z</time>
    </trkpt>
    <trkpt lat="51.2319931" lon="6.1071724">
      <ele>33.4</ele>
      <time>2025-09-14T10:02:57Z</time>
    </trkpt>
    <trkpt lat="51.2318536" lon="6.1065144">
      <ele>33.2</ele>
      <time>2025-09-14T10:03:05Z</time>
    </trkpt>
    <trkpt lat="51.2317555" lon="6.1059554">
      <ele>33.2</ele>
      <time>2025-09-14T10:03:12Z</time>
    </trkpt>
    <trkpt lat="51.2317381" lon="6.1058762">
      <ele>33.2</ele>
      <time>2025-09-14T10:03:13Z</time>
    </trkpt>
    <trkpt lat="51.2317249" lon="6.1057945">
      <ele>33.2</ele>
      <time>2025-09-14T10:03:14Z</time>
    </trkpt>
    <trkpt lat="51.2316651" lon="6.1053668">
      <ele>33.4</ele>
      <time>2025-09-14T10:03:19Z</time>
    </trkpt>
    <trkpt lat="51.2315729" lon="6.1047849">
      <ele>34.4</ele>
      <time>2025-09-14T10:03:26Z</time>
    </trkpt>
    <trkpt lat="51.2314767" lon="6.1040983">
      <ele>34.2</ele>
      <time>2025-09-14T10:03:34Z</time>
    </trkpt>
    <trkpt lat="51.2312937" lon="6.1033051">
      <ele>34.8</ele>
      <time>2025-09-14T10:03:44Z</time>
    </trkpt>
    <trkpt lat="51.2312770" lon="6.1032270">
      <ele>34.8</ele>
      <time>2025-09-14T10:03:45Z</time>
    </trkpt>
    <trkpt lat="51.2312531" lon="6.1030714">
      <ele>34.8</ele>
      <time>2025-09-14T10:03:47Z</time>
    </trkpt>
    <trkpt lat="51.2312341" lon="6.1029156">
      <ele>34.8</ele>
      <time>2025-09-14T10:03:49Z</time>
    </trkpt>
    <trkpt lat="51.2312003" lon="6.1027446">
      <ele>35.0</ele>
      <time>2025-09-14T10:03:51Z</time>
    </trkpt>
    <trkpt lat="51.2311414" lon="6.1025949">
      <ele>35.0</ele>
      <time>2025-09-14T10:03:53Z</time>
    </trkpt>
    <trkpt lat="51.2311256" lon="6.1024513">
      <ele>35.0</ele>
      <time>2025-09-14T10:03:55Z</time>
    </trkpt>
    <trkpt lat="51.2311206" lon="6.1022886">
      <ele>35.0</ele>
      <time>2025-09-14T10:03:57Z</time>
    </trkpt>
    <trkpt lat="51.2310608" lon="6.1019384">
      <ele>35.2</ele>
      <time>2025-09-14T10:04:01Z</time>
    </trkpt>
    <trkpt lat="51.2310323" lon="6.1018483">
      <ele>35.2</ele>
      <time>2025-09-14T10:04:02Z</time>
    </trkpt>
    <trkpt lat="51.2310136" lon="6.1017674">
      <ele>35.2</ele>
      <time>2025-09-14T10:04:03Z</time>
    </trkpt>
    <trkpt lat="51.2309961" lon="6.1016200">
      <ele>35.2</ele>
      <time>2025-09-14T10:04:05Z</time>
    </trkpt>
    <trkpt lat="51.2309792" lon="6.1014909">
      <ele>35.2</ele>
      <time>2025-09-14T10:04:07Z</time>
    </trkpt>
    <trkpt lat="51.2309544" lon="6.1014140">
      <ele>35.2</ele>
      <time>2025-09-14T10:04:08Z</time>
    </trkpt>
    <trkpt lat="51.2309290" lon="6.1012357">
      <ele>35.0</ele>
      <time>2025-09-14T10:04:10Z</time>
    </trkpt>
    <trkpt lat="51.2309145" lon="6.1011108">
      <ele>35.2</ele>
      <time>2025-09-14T10:04:12Z</time>
    </trkpt>
    <trkpt lat="51.2308383" lon="6.1008823">
      <ele>35.2</ele>
      <time>2025-09-14T10:04:15Z</time>
    </trkpt>
    <trkpt lat="51.2307869" lon="6.1007085">
      <ele>35.2</ele>
      <time>2025-09-14T10:04:17Z</time>
    </trkpt>
    <trkpt lat="51.2307601" lon="6.1003962">
      <ele>35.4</ele>
      <time>2025-09-14T10:04:21Z</time>
    </trkpt>
    <trkpt lat="51.2307308" lon="6.1002663">
      <ele>35.6</ele>
      <time>2025-09-14T10:04:23Z</time>
    </trkpt>
    <trkpt lat="51.2307165" lon="6.1001313">
      <ele>36.0</ele>
      <time>2025-09-14T10:04:26Z</time>
    </trkpt>
    <trkpt lat="51.2307053" lon="6.1001054">
      <ele>36.0</ele>
      <time>2025-09-14T10:04:27Z</time>
    </trkpt>
    <trkpt lat="51.2307021" lon="6.1001000">
      <ele>36.4</ele>
      <time>2025-09-14T10:04:28Z</time>
    </trkpt>
    <trkpt lat="51.2307021" lon="6.1001000">
      <ele>36.6</ele>
      <time>2025-09-14T10:04:30Z</time>
    </trkpt>
    <trkpt lat="51.2307025" lon="6.1000921">
      <ele>37.4</ele>
      <time>2025-09-14T10:04:37Z</time>
    </trkpt>
    <trkpt lat="51.2307025" lon="6.1000921">
      <ele>37.4</ele>
      <time>2025-09-14T10:04:38Z</time>
    </trkpt>
    <trkpt lat="51.2307056" lon="6.1000922">
      <ele>37.2</ele>
      <time>2025-09-14T10:04:48Z</time>
    </trkpt>
    <trkpt lat="51.2307072" lon="6.1000972">
      <ele>37.0</ele>
      <time>2025-09-14T10:05:00Z</time>
    </trkpt>
    <trkpt lat="51.2307072" lon="6.1000972">
      <ele>37.2</ele>
      <time>2025-09-14T10:05:14Z</time>
    </trkpt>
    <trkpt lat="51.2307072" lon="6.1000972">
      <ele>37.2</ele>
      <time>2025-09-14T10:05:20Z</time>
    </trkpt>
    <trkpt lat="51.2307072" lon="6.1000972">
      <ele>37.0</ele>
      <time>2025-09-14T10:05:30Z</time>
    </trkpt>
    <trkpt lat="51.2307072" lon="6.1000972">
      <ele>37.2</ele>
      <time>2025-09-14T10:05:57Z</time>
    </trkpt>
    <trkpt lat="51.2307072" lon="6.1000972">
      <ele>37.0</ele>
      <time>2025-09-14T10:07:27Z</time>
    </trkpt>
    <trkpt lat="51.2307072" lon="6.1000972">
      <ele>37.0</ele>
      <time>2025-09-14T10:07:46Z</time>
    </trkpt>
    <trkpt lat="51.2307072" lon="6.1000972">
      <ele>36.8</ele>
      <time>2025-09-14T10:07:56Z</time>
    </trkpt>
    <trkpt lat="51.2307072" lon="6.1000972">
      <ele>37.0</ele>
      <time>2025-09-14T10:08:14Z</time>
    </trkpt>
    <trkpt lat="51.2307072" lon="6.1000972">
      <ele>37.0</ele>
      <time>2025-09-14T10:08:33Z</time>
    </trkpt>
    <trkpt lat="51.2307036" lon="6.1000962">
      <ele>36.8</ele>
      <time>2025-09-14T10:08:51Z</time>
    </trkpt>
    <trkpt lat="51.2306962" lon="6.1000678">
      <ele>36.8</ele>
      <time>2025-09-14T10:08:57Z</time>
    </trkpt>
    <trkpt lat="51.2306907" lon="6.1000436">
      <ele>36.8</ele>
      <time>2025-09-14T10:08:58Z</time>
    </trkpt>
    <trkpt lat="51.2306713" lon="6.0999264">
      <ele>36.8</ele>
      <time>2025-09-14T10:09:01Z</time>
    </trkpt>
    <trkpt lat="51.2306227" lon="6.0996897">
      <ele>36.2</ele>
      <time>2025-09-14T10:09:05Z</time>
    </trkpt>
    <trkpt lat="51.2305676" lon="6.0993748">
      <ele>36.0</ele>
      <time>2025-09-14T10:09:09Z</time>
    </trkpt>
    <trkpt lat="51.2305358" lon="6.0991519">
      <ele>35.6</ele>
      <time>2025-09-14T10:09:11Z</time>
    </trkpt>
    <trkpt lat="51.2304512" lon="6.0987121">
      <ele>35.2</ele>
      <time>2025-09-14T10:09:15Z</time>
    </trkpt>
    <trkpt lat="51.2304203" lon="6.0986152">
      <ele>35.0</ele>
      <time>2025-09-14T10:09:16Z</time>
    </trkpt>
    <trkpt lat="51.2303840" lon="6.0983924">
      <ele>35.0</ele>
      <time>2025-09-14T10:09:18Z</time>
    </trkpt>
    <trkpt lat="51.2303505" lon="6.0982085">
      <ele>34.8</ele>
      <time>2025-09-14T10:09:20Z</time>
    </trkpt>
    <trkpt lat="51.2303364" lon="6.0981148">
      <ele>34.8</ele>
      <time>2025-09-14T10:09:21Z</time>
    </trkpt>
    <trkpt lat="51.2302720" lon="6.0977046">
      <ele>34.6</ele>
      <time>2025-09-14T10:09:25Z</time>
    </trkpt>
    <trkpt lat="51.2302335" lon="6.0975936">
      <ele>34.4</ele>
      <time>2025-09-14T10:09:26Z</time>
    </trkpt>
    <trkpt lat="51.2302027" lon="6.0973782">
      <ele>34.2</ele>
      <time>2025-09-14T10:09:28Z</time>
    </trkpt>
    <trkpt lat="51.2302034" lon="6.0971605">
      <ele>34.2</ele>
      <time>2025-09-14T10:09:30Z</time>
    </trkpt>
    <trkpt lat="51.2301929" lon="6.0967659">
      <ele>34.0</ele>
      <time>2025-09-14T10:09:34Z</time>
    </trkpt>
    <trkpt lat="51.2301573" lon="6.0966460">
      <ele>33.8</ele>
      <time>2025-09-14T10:09:35Z</time>
    </trkpt>
    <trkpt lat="51.2301335" lon="6.0963449">
      <ele>33.4</ele>
      <time>2025-09-14T10:09:38Z</time>
    </trkpt>
    <trkpt lat="51.2300643" lon="6.0957032">
      <ele>33.0</ele>
      <time>2025-09-14T10:09:45Z</time>
    </trkpt>
    <trkpt lat="51.2300290" lon="6.0954624">
      <ele>32.6</ele>
      <time>2025-09-14T10:09:47Z</time>
    </trkpt>
    <trkpt lat="51.2300278" lon="6.0953637">
      <ele>32.4</ele>
      <time>2025-09-14T10:09:48Z</time>
    </trkpt>
    <trkpt lat="51.2300173" lon="6.0951564">
      <ele>31.8</ele>
      <time>2025-09-14T10:09:50Z</time>
    </trkpt>
    <trkpt lat="51.2299867" lon="6.0946313">
      <ele>31.6</ele>
      <time>2025-09-14T10:09:55Z</time>
    </trkpt>
    <trkpt lat="51.2299807" lon="6.0942897">
      <ele>31.6</ele>
      <time>2025-09-14T10:09:58Z</time>
    </trkpt>
    <trkpt lat="51.2299714" lon="6.0934876">
      <ele>31.6</ele>
      <time>2025-09-14T10:10:05Z</time>
    </trkpt>
    <trkpt lat="51.2299630" lon="6.0929628">
      <ele>31.6</ele>
      <time>2025-09-14T10:10:10Z</time>
    </trkpt>
    <trkpt lat="51.2299662" lon="6.0928677">
      <ele>31.6</ele>
      <time>2025-09-14T10:10:11Z</time>
    </trkpt>
    <trkpt lat="51.2299582" lon="6.0924587">
      <ele>32.0</ele>
      <time>2025-09-14T10:10:15Z</time>
    </trkpt>
    <trkpt lat="51.2299504" lon="6.0922599">
      <ele>32.0</ele>
      <time>2025-09-14T10:10:17Z</time>
    </trkpt>
    <trkpt lat="51.2299458" lon="6.0918524">
      <ele>32.2</ele>
      <time>2025-09-14T10:10:21Z</time>
    </trkpt>
    <trkpt lat="51.2299354" lon="6.0917487">
      <ele>32.2</ele>
      <time>2025-09-14T10:10:22Z</time>
    </trkpt>
    <trkpt lat="51.2299180" lon="6.0913315">
      <ele>32.4</ele>
      <time>2025-09-14T10:10:26Z</time>
    </trkpt>
    <trkpt lat="51.2299007" lon="6.0911161">
      <ele>32.4</ele>
      <time>2025-09-14T10:10:28Z</time>
    </trkpt>
    <trkpt lat="51.2298845" lon="6.0908990">
      <ele>32.6</ele>
      <time>2025-09-14T10:10:30Z</time>
    </trkpt>
    <trkpt lat="51.2298902" lon="6.0903237">
      <ele>32.6</ele>
      <time>2025-09-14T10:10:35Z</time>
    </trkpt>
    <trkpt lat="51.2298778" lon="6.0901667">
      <ele>32.6</ele>
      <time>2025-09-14T10:10:37Z</time>
    </trkpt>
    <trkpt lat="51.2298679" lon="6.0901033">
      <ele>32.6</ele>
      <time>2025-09-14T10:10:38Z</time>
    </trkpt>
    <trkpt lat="51.2298290" lon="6.0896183">
      <ele>32.6</ele>
      <time>2025-09-14T10:10:42Z</time>
    </trkpt>
    <trkpt lat="51.2298417" lon="6.0895019">
      <ele>32.8</ele>
      <time>2025-09-14T10:10:43Z</time>
    </trkpt>
    <trkpt lat="51.2298624" lon="6.0891429">
      <ele>32.6</ele>
      <time>2025-09-14T10:10:46Z</time>
    </trkpt>
    <trkpt lat="51.2298089" lon="6.0887505">
      <ele>32.8</ele>
      <time>2025-09-14T10:10:50Z</time>
    </trkpt>
    <trkpt lat="51.2298156" lon="6.0878054">
      <ele>32.6</ele>
      <time>2025-09-14T10:10:58Z</time>
    </trkpt>
    <trkpt lat="51.2298133" lon="6.0876915">
      <ele>32.6</ele>
      <time>2025-09-14T10:10:59Z</time>
    </trkpt>
    <trkpt lat="51.2297825" lon="6.0872999">
      <ele>33.0</ele>
      <time>2025-09-14T10:11:03Z</time>
    </trkpt>
    <trkpt lat="51.2297787" lon="6.0872138">
      <ele>33.0</ele>
      <time>2025-09-14T10:11:04Z</time>
    </trkpt>
    <trkpt lat="51.2297738" lon="6.0870455">
      <ele>33.2</ele>
      <time>2025-09-14T10:11:06Z</time>
    </trkpt>
    <trkpt lat="51.2297592" lon="6.0868383">
      <ele>33.2</ele>
      <time>2025-09-14T10:11:08Z</time>
    </trkpt>
    <trkpt lat="51.2297567" lon="6.0863726">
      <ele>33.4</ele>
      <time>2025-09-14T10:11:13Z</time>
    </trkpt>
    <trkpt lat="51.2297660" lon="6.0857484">
      <ele>33.8</ele>
      <time>2025-09-14T10:11:19Z</time>
    </trkpt>
    <trkpt lat="51.2298077" lon="6.0851256">
      <ele>33.4</ele>
      <time>2025-09-14T10:11:25Z</time>
    </trkpt>
    <trkpt lat="51.2298345" lon="6.0849180">
      <ele>33.4</ele>
      <time>2025-09-14T10:11:27Z</time>
    </trkpt>
    <trkpt lat="51.2299031" lon="6.0846034">
      <ele>33.2</ele>
      <time>2025-09-14T10:11:30Z</time>
    </trkpt>
    <trkpt lat="51.2300064" lon="6.0839519">
      <ele>33.0</ele>
      <time>2025-09-14T10:11:36Z</time>
    </trkpt>
    <trkpt lat="51.2300368" lon="6.0838483">
      <ele>32.8</ele>
      <time>2025-09-14T10:11:37Z</time>
    </trkpt>
    <trkpt lat="51.2300789" lon="6.0836200">
      <ele>32.6</ele>
      <time>2025-09-14T10:11:39Z</time>
    </trkpt>
    <trkpt lat="51.2301255" lon="6.0834021">
      <ele>32.2</ele>
      <time>2025-09-14T10:11:41Z</time>
    </trkpt>
    <trkpt lat="51.2301397" lon="6.0832961">
      <ele>32.2</ele>
      <time>2025-09-14T10:11:42Z</time>
    </trkpt>
    <trkpt lat="51.2301680" lon="6.0831214">
      <ele>32.0</ele>
      <time>2025-09-14T10:11:44Z</time>
    </trkpt>
    <trkpt lat="51.2302007" lon="6.0829316">
      <ele>32.0</ele>
      <time>2025-09-14T10:11:46Z</time>
    </trkpt>
    <trkpt lat="51.2302927" lon="6.0823447">
      <ele>31.8</ele>
      <time>2025-09-14T10:11:52Z</time>
    </trkpt>
    <trkpt lat="51.2303817" lon="6.0818366">
      <ele>31.8</ele>
      <time>2025-09-14T10:11:57Z</time>
    </trkpt>
    <trkpt lat="51.2304169" lon="6.0816320">
      <ele>31.6</ele>
      <time>2025-09-14T10:11:59Z</time>
    </trkpt>
    <trkpt lat="51.2304900" lon="6.0811347">
      <ele>31.2</ele>
      <time>2025-09-14T10:12:04Z</time>
    </trkpt>
    <trkpt lat="51.2305089" lon="6.0810332">
      <ele>31.0</ele>
      <time>2025-09-14T10:12:05Z</time>
    </trkpt>
    <trkpt lat="51.2305977" lon="6.0805446">
      <ele>30.0</ele>
      <time>2025-09-14T10:12:10Z</time>
    </trkpt>
    <trkpt lat="51.2306315" lon="6.0802683">
      <ele>29.8</ele>
      <time>2025-09-14T10:12:13Z</time>
    </trkpt>
    <trkpt lat="51.2307350" lon="6.0797193">
      <ele>29.4</ele>
      <time>2025-09-14T10:12:19Z</time>
    </trkpt>
    <trkpt lat="51.2308171" lon="6.0792716">
      <ele>29.6</ele>
      <time>2025-09-14T10:12:24Z</time>
    </trkpt>
    <trkpt lat="51.2308469" lon="6.0790955">
      <ele>29.6</ele>
      <time>2025-09-14T10:12:26Z</time>
    </trkpt>
    <trkpt lat="51.2308637" lon="6.0790061">
      <ele>29.6</ele>
      <time>2025-09-14T10:12:27Z</time>
    </trkpt>
    <trkpt lat="51.2309015" lon="6.0787461">
      <ele>29.6</ele>
      <time>2025-09-14T10:12:30Z</time>
    </trkpt>
    <trkpt lat="51.2310050" lon="6.0781114">
      <ele>29.6</ele>
      <time>2025-09-14T10:12:37Z</time>
    </trkpt>
    <trkpt lat="51.2310698" lon="6.0776735">
      <ele>29.6</ele>
      <time>2025-09-14T10:12:42Z</time>
    </trkpt>
    <trkpt lat="51.2311087" lon="6.0775104">
      <ele>29.6</ele>
      <time>2025-09-14T10:12:44Z</time>
    </trkpt>
    <trkpt lat="51.2311230" lon="6.0774192">
      <ele>29.8</ele>
      <time>2025-09-14T10:12:45Z</time>
    </trkpt>
    <trkpt lat="51.2311891" lon="6.0770676">
      <ele>30.2</ele>
      <time>2025-09-14T10:12:49Z</time>
    </trkpt>
    <trkpt lat="51.2312014" lon="6.0769702">
      <ele>30.4</ele>
      <time>2025-09-14T10:12:50Z</time>
    </trkpt>
    <trkpt lat="51.2312518" lon="6.0765785">
      <ele>30.8</ele>
      <time>2025-09-14T10:12:54Z</time>
    </trkpt>
    <trkpt lat="51.2312773" lon="6.0764037">
      <ele>31.0</ele>
      <time>2025-09-14T10:12:56Z</time>
    </trkpt>
    <trkpt lat="51.2313134" lon="6.0762279">
      <ele>31.2</ele>
      <time>2025-09-14T10:12:58Z</time>
    </trkpt>
    <trkpt lat="51.2313402" lon="6.0758779">
      <ele>31.4</ele>
      <time>2025-09-14T10:13:01Z</time>
    </trkpt>
    <trkpt lat="51.2313737" lon="6.0756686">
      <ele>31.2</ele>
      <time>2025-09-14T10:13:03Z</time>
    </trkpt>
    <trkpt lat="51.2314003" lon="6.0755731">
      <ele>31.2</ele>
      <time>2025-09-14T10:13:04Z</time>
    </trkpt>
    <trkpt lat="51.2314522" lon="6.0753825">
      <ele>31.2</ele>
      <time>2025-09-14T10:13:06Z</time>
    </trkpt>
    <trkpt lat="51.2314812" lon="6.0751663">
      <ele>31.2</ele>
      <time>2025-09-14T10:13:08Z</time>
    </trkpt>
    <trkpt lat="51.2315200" lon="6.0750136">
      <ele>31.2</ele>
      <time>2025-09-14T10:13:10Z</time>
    </trkpt>
    <trkpt lat="51.2315993" lon="6.0749195">
      <ele>31.2</ele>
      <time>2025-09-14T10:13:12Z</time>
    </trkpt>
    <trkpt lat="51.2315949" lon="6.0748073">
      <ele>31.2</ele>
      <time>2025-09-14T10:13:13Z</time>
    </trkpt>
    <trkpt lat="51.2316049" lon="6.0747156">
      <ele>31.2</ele>
      <time>2025-09-14T10:13:14Z</time>
    </trkpt>
    <trkpt lat="51.2316452" lon="6.0742990">
      <ele>30.8</ele>
      <time>2025-09-14T10:13:19Z</time>
    </trkpt>
    <trkpt lat="51.2316884" lon="6.0740324">
      <ele>30.8</ele>
      <time>2025-09-14T10:13:22Z</time>
    </trkpt>
    <trkpt lat="51.2317178" lon="6.0738658">
      <ele>30.8</ele>
      <time>2025-09-14T10:13:24Z</time>
    </trkpt>
    <trkpt lat="51.2317248" lon="6.0737821">
      <ele>30.8</ele>
      <time>2025-09-14T10:13:25Z</time>
    </trkpt>
    <trkpt lat="51.2317568" lon="6.0735091">
      <ele>31.2</ele>
      <time>2025-09-14T10:13:28Z</time>
    </trkpt>
    <trkpt lat="51.2317886" lon="6.0733190">
      <ele>31.2</ele>
      <time>2025-09-14T10:13:30Z</time>
    </trkpt>
    <trkpt lat="51.2318841" lon="6.0729297">
      <ele>31.6</ele>
      <time>2025-09-14T10:13:34Z</time>
    </trkpt>
    <trkpt lat="51.2320109" lon="6.0722495">
      <ele>31.6</ele>
      <time>2025-09-14T10:13:41Z</time>
    </trkpt>
    <trkpt lat="51.2322062" lon="6.0716125">
      <ele>30.8</ele>
      <time>2025-09-14T10:13:47Z</time>
    </trkpt>
    <trkpt lat="51.2323489" lon="6.0713213">
      <ele>30.4</ele>
      <time>2025-09-14T10:13:50Z</time>
    </trkpt>
    <trkpt lat="51.2323611" lon="6.0710886">
      <ele>30.2</ele>
      <time>2025-09-14T10:13:52Z</time>
    </trkpt>
    <trkpt lat="51.2324916" lon="6.0705965">
      <ele>29.4</ele>
      <time>2025-09-14T10:13:57Z</time>
    </trkpt>
    <trkpt lat="51.2325218" lon="6.0704856">
      <ele>29.4</ele>
      <time>2025-09-14T10:13:58Z</time>
    </trkpt>
    <trkpt lat="51.2327566" lon="6.0695917">
      <ele>29.4</ele>
      <time>2025-09-14T10:14:07Z</time>
    </trkpt>
    <trkpt lat="51.2327798" lon="6.0694850">
      <ele>29.2</ele>
      <time>2025-09-14T10:14:08Z</time>
    </trkpt>
    <trkpt lat="51.2328659" lon="6.0691730">
      <ele>29.0</ele>
      <time>2025-09-14T10:14:11Z</time>
    </trkpt>
    <trkpt lat="51.2329171" lon="6.0689983">
      <ele>29.0</ele>
      <time>2025-09-14T10:14:13Z</time>
    </trkpt>
    <trkpt lat="51.2330157" lon="6.0685375">
      <ele>29.2</ele>
      <time>2025-09-14T10:14:18Z</time>
    </trkpt>
    <trkpt lat="51.2330427" lon="6.0684417">
      <ele>29.2</ele>
      <time>2025-09-14T10:14:19Z</time>
    </trkpt>
    <trkpt lat="51.2330880" lon="6.0682613">
      <ele>29.2</ele>
      <time>2025-09-14T10:14:21Z</time>
    </trkpt>
    <trkpt lat="51.2331207" lon="6.0680687">
      <ele>29.2</ele>
      <time>2025-09-14T10:14:23Z</time>
    </trkpt>
    <trkpt lat="51.2333355" lon="6.0672338">
      <ele>29.4</ele>
      <time>2025-09-14T10:14:31Z</time>
    </trkpt>
    <trkpt lat="51.2333569" lon="6.0670276">
      <ele>29.4</ele>
      <time>2025-09-14T10:14:33Z</time>
    </trkpt>
    <trkpt lat="51.2334168" lon="6.0668500">
      <ele>29.4</ele>
      <time>2025-09-14T10:14:35Z</time>
    </trkpt>
    <trkpt lat="51.2335483" lon="6.0663376">
      <ele>29.4</ele>
      <time>2025-09-14T10:14:41Z</time>
    </trkpt>
    <trkpt lat="51.2335910" lon="6.0662504">
      <ele>29.4</ele>
      <time>2025-09-14T10:14:42Z</time>
    </trkpt>
    <trkpt lat="51.2336998" lon="6.0659012">
      <ele>29.4</ele>
      <time>2025-09-14T10:14:46Z</time>
    </trkpt>
    <trkpt lat="51.2337775" lon="6.0655441">
      <ele>29.6</ele>
      <time>2025-09-14T10:14:50Z</time>
    </trkpt>
    <trkpt lat="51.2337837" lon="6.0654670">
      <ele>29.6</ele>
      <time>2025-09-14T10:14:51Z</time>
    </trkpt>
    <trkpt lat="51.2337944" lon="6.0653834">
      <ele>29.6</ele>
      <time>2025-09-14T10:14:52Z</time>
    </trkpt>
    <trkpt lat="51.2338655" lon="6.0650663">
      <ele>29.6</ele>
      <time>2025-09-14T10:14:56Z</time>
    </trkpt>
    <trkpt lat="51.2339877" lon="6.0646582">
      <ele>29.6</ele>
      <time>2025-09-14T10:15:00Z</time>
    </trkpt>
    <trkpt lat="51.2340640" lon="6.0643599">
      <ele>29.8</ele>
      <time>2025-09-14T10:15:03Z</time>
    </trkpt>
    <trkpt lat="51.2340879" lon="6.0642886">
      <ele>29.8</ele>
      <time>2025-09-14T10:15:04Z</time>
    </trkpt>
    <trkpt lat="51.2341122" lon="6.0642220">
      <ele>29.8</ele>
      <time>2025-09-14T10:15:06Z</time>
    </trkpt>
    <trkpt lat="51.2341455" lon="6.0642136">
      <ele>30.0</ele>
      <time>2025-09-14T10:15:07Z</time>
    </trkpt>
    <trkpt lat="51.2342055" lon="6.0642343">
      <ele>30.2</ele>
      <time>2025-09-14T10:15:09Z</time>
    </trkpt>
    <trkpt lat="51.2342424" lon="6.0642322">
      <ele>30.2</ele>
      <time>2025-09-14T10:15:10Z</time>
    </trkpt>
    <trkpt lat="51.2342678" lon="6.0642199">
      <ele>30.2</ele>
      <time>2025-09-14T10:15:11Z</time>
    </trkpt>
    <trkpt lat="51.2342996" lon="6.0641660">
      <ele>30.4</ele>
      <time>2025-09-14T10:15:12Z</time>
    </trkpt>
    <trkpt lat="51.2344071" lon="6.0639811">
      <ele>30.4</ele>
      <time>2025-09-14T10:15:15Z</time>
    </trkpt>
    <trkpt lat="51.2344038" lon="6.0638296">
      <ele>30.4</ele>
      <time>2025-09-14T10:15:17Z</time>
    </trkpt>
    <trkpt lat="51.2344164" lon="6.0637571">
      <ele>30.4</ele>
      <time>2025-09-14T10:15:18Z</time>
    </trkpt>
    <trkpt lat="51.2344354" lon="6.0636064">
      <ele>30.4</ele>
      <time>2025-09-14T10:15:20Z</time>
    </trkpt>
    <trkpt lat="51.2345057" lon="6.0633059">
      <ele>29.8</ele>
      <time>2025-09-14T10:15:24Z</time>
    </trkpt>
    <trkpt lat="51.2345473" lon="6.0631544">
      <ele>29.4</ele>
      <time>2025-09-14T10:15:26Z</time>
    </trkpt>
    <trkpt lat="51.2345837" lon="6.0629920">
      <ele>29.4</ele>
      <time>2025-09-14T10:15:28Z</time>
    </trkpt>
    <trkpt lat="51.2346263" lon="6.0628415">
      <ele>29.2</ele>
      <time>2025-09-14T10:15:30Z</time>
    </trkpt>
    <trkpt lat="51.2346528" lon="6.0627606">
      <ele>29.2</ele>
      <time>2025-09-14T10:15:31Z</time>
    </trkpt>
    <trkpt lat="51.2347236" lon="6.0625033">
      <ele>28.8</ele>
      <time>2025-09-14T10:15:34Z</time>
    </trkpt>
    <trkpt lat="51.2347746" lon="6.0623230">
      <ele>28.4</ele>
      <time>2025-09-14T10:15:36Z</time>
    </trkpt>
    <trkpt lat="51.2349246" lon="6.0616770">
      <ele>28.4</ele>
      <time>2025-09-14T10:15:43Z</time>
    </trkpt>
    <trkpt lat="51.2351554" lon="6.0608576">
      <ele>29.0</ele>
      <time>2025-09-14T10:15:52Z</time>
    </trkpt>
    <trkpt lat="51.2351725" lon="6.0607612">
      <ele>29.0</ele>
      <time>2025-09-14T10:15:53Z</time>
    </trkpt>
    <trkpt lat="51.2352555" lon="6.0603964">
      <ele>29.0</ele>
      <time>2025-09-14T10:15:57Z</time>
    </trkpt>
    <trkpt lat="51.2352984" lon="6.0602105">
      <ele>29.0</ele>
      <time>2025-09-14T10:15:59Z</time>
    </trkpt>
    <trkpt lat="51.2353662" lon="6.0599336">
      <ele>29.0</ele>
      <time>2025-09-14T10:16:02Z</time>
    </trkpt>
    <trkpt lat="51.2354745" lon="6.0595885">
      <ele>29.0</ele>
      <time>2025-09-14T10:16:06Z</time>
    </trkpt>
    <trkpt lat="51.2356614" lon="6.0588598">
      <ele>28.8</ele>
      <time>2025-09-14T10:16:14Z</time>
    </trkpt>
    <trkpt lat="51.2358245" lon="6.0582485">
      <ele>28.8</ele>
      <time>2025-09-14T10:16:21Z</time>
    </trkpt>
    <trkpt lat="51.2358680" lon="6.0580861">
      <ele>29.0</ele>
      <time>2025-09-14T10:16:23Z</time>
    </trkpt>
    <trkpt lat="51.2359273" lon="6.0578256">
      <ele>29.0</ele>
      <time>2025-09-14T10:16:26Z</time>
    </trkpt>
    <trkpt lat="51.2361019" lon="6.0572029">
      <ele>28.0</ele>
      <time>2025-09-14T10:16:33Z</time>
    </trkpt>
    <trkpt lat="51.2362497" lon="6.0566660">
      <ele>28.0</ele>
      <time>2025-09-14T10:16:39Z</time>
    </trkpt>
    <trkpt lat="51.2363006" lon="6.0565018">
      <ele>28.0</ele>
      <time>2025-09-14T10:16:41Z</time>
    </trkpt>
    <trkpt lat="51.2363606" lon="6.0562306">
      <ele>28.0</ele>
      <time>2025-09-14T10:16:44Z</time>
    </trkpt>
    <trkpt lat="51.2363929" lon="6.0560828">
      <ele>28.0</ele>
      <time>2025-09-14T10:16:46Z</time>
    </trkpt>
    <trkpt lat="51.2364067" lon="6.0560127">
      <ele>28.0</ele>
      <time>2025-09-14T10:16:47Z</time>
    </trkpt>
    <trkpt lat="51.2364945" lon="6.0557370">
      <ele>27.8</ele>
      <time>2025-09-14T10:16:51Z</time>
    </trkpt>
    <trkpt lat="51.2365686" lon="6.0554041">
      <ele>28.2</ele>
      <time>2025-09-14T10:16:55Z</time>
    </trkpt>
    <trkpt lat="51.2365793" lon="6.0553098">
      <ele>28.2</ele>
      <time>2025-09-14T10:16:56Z</time>
    </trkpt>
    <trkpt lat="51.2365851" lon="6.0547194">
      <ele>27.8</ele>
      <time>2025-09-14T10:17:02Z</time>
    </trkpt>
    <trkpt lat="51.2365518" lon="6.0543421">
      <ele>27.2</ele>
      <time>2025-09-14T10:17:06Z</time>
    </trkpt>
    <trkpt lat="51.2365121" lon="6.0540799">
      <ele>26.8</ele>
      <time>2025-09-14T10:17:09Z</time>
    </trkpt>
    <trkpt lat="51.2363547" lon="6.0532680">
      <ele>26.8</ele>
      <time>2025-09-14T10:17:18Z</time>
    </trkpt>
    <trkpt lat="51.2362956" lon="6.0530037">
      <ele>27.0</ele>
      <time>2025-09-14T10:17:21Z</time>
    </trkpt>
    <trkpt lat="51.2362109" lon="6.0525688">
      <ele>27.0</ele>
      <time>2025-09-14T10:17:26Z</time>
    </trkpt>
    <trkpt lat="51.2360799" lon="6.0520162">
      <ele>26.8</ele>
      <time>2025-09-14T10:17:33Z</time>
    </trkpt>
    <trkpt lat="51.2360614" lon="6.0519590">
      <ele>26.8</ele>
      <time>2025-09-14T10:17:34Z</time>
    </trkpt>
    <trkpt lat="51.2360482" lon="6.0518947">
      <ele>27.0</ele>
      <time>2025-09-14T10:17:35Z</time>
    </trkpt>
    <trkpt lat="51.2360039" lon="6.0517117">
      <ele>27.0</ele>
      <time>2025-09-14T10:17:38Z</time>
    </trkpt>
    <trkpt lat="51.2359851" lon="6.0516495">
      <ele>27.0</ele>
      <time>2025-09-14T10:17:39Z</time>
    </trkpt>
    <trkpt lat="51.2358449" lon="6.0509707">
      <ele>27.0</ele>
      <time>2025-09-14T10:17:48Z</time>
    </trkpt>
    <trkpt lat="51.2358325" lon="6.0508897">
      <ele>27.0</ele>
      <time>2025-09-14T10:17:49Z</time>
    </trkpt>
    <trkpt lat="51.2357847" lon="6.0505430">
      <ele>27.4</ele>
      <time>2025-09-14T10:17:53Z</time>
    </trkpt>
    <trkpt lat="51.2357656" lon="6.0504592">
      <ele>27.4</ele>
      <time>2025-09-14T10:17:54Z</time>
    </trkpt>
    <trkpt lat="51.2356218" lon="6.0498179">
      <ele>27.4</ele>
      <time>2025-09-14T10:18:02Z</time>
    </trkpt>
    <trkpt lat="51.2355790" lon="6.0495818">
      <ele>27.2</ele>
      <time>2025-09-14T10:18:05Z</time>
    </trkpt>
    <trkpt lat="51.2355411" lon="6.0493559">
      <ele>27.2</ele>
      <time>2025-09-14T10:18:08Z</time>
    </trkpt>
    <trkpt lat="51.2355020" lon="6.0492271">
      <ele>27.2</ele>
      <time>2025-09-14T10:18:10Z</time>
    </trkpt>
    <trkpt lat="51.2354990" lon="6.0490694">
      <ele>27.2</ele>
      <time>2025-09-14T10:18:13Z</time>
    </trkpt>
    <trkpt lat="51.2355178" lon="6.0490404">
      <ele>27.4</ele>
      <time>2025-09-14T10:18:14Z</time>
    </trkpt>
    <trkpt lat="51.2355884" lon="6.0489904">
      <ele>27.6</ele>
      <time>2025-09-14T10:18:16Z</time>
    </trkpt>
    <trkpt lat="51.2357771" lon="6.0488473">
      <ele>28.6</ele>
      <time>2025-09-14T10:18:20Z</time>
    </trkpt>
    <trkpt lat="51.2358282" lon="6.0488104">
      <ele>28.6</ele>
      <time>2025-09-14T10:18:21Z</time>
    </trkpt>
    <trkpt lat="51.2361668" lon="6.0485414">
      <ele>28.2</ele>
      <time>2025-09-14T10:18:28Z</time>
    </trkpt>
    <trkpt lat="51.2363591" lon="6.0483635">
      <ele>27.8</ele>
      <time>2025-09-14T10:18:32Z</time>
    </trkpt>
    <trkpt lat="51.2365279" lon="6.0481729">
      <ele>27.8</ele>
      <time>2025-09-14T10:18:36Z</time>
    </trkpt>
    <trkpt lat="51.2369014" lon="6.0476285">
      <ele>28.0</ele>
      <time>2025-09-14T10:18:45Z</time>
    </trkpt>
    <trkpt lat="51.2372020" lon="6.0470954">
      <ele>28.0</ele>
      <time>2025-09-14T10:18:53Z</time>
    </trkpt>
    <trkpt lat="51.2374030" lon="6.0466841">
      <ele>28.0</ele>
      <time>2025-09-14T10:18:59Z</time>
    </trkpt>
    <trkpt lat="51.2374679" lon="6.0465449">
      <ele>28.0</ele>
      <time>2025-09-14T10:19:01Z</time>
    </trkpt>
    <trkpt lat="51.2377496" lon="6.0459775">
      <ele>28.2</ele>
      <time>2025-09-14T10:19:09Z</time>
    </trkpt>
    <trkpt lat="51.2379557" lon="6.0455553">
      <ele>27.6</ele>
      <time>2025-09-14T10:19:15Z</time>
    </trkpt>
    <trkpt lat="51.2380913" lon="6.0452879">
      <ele>27.4</ele>
      <time>2025-09-14T10:19:19Z</time>
    </trkpt>
    <trkpt lat="51.2381264" lon="6.0452346">
      <ele>27.4</ele>
      <time>2025-09-14T10:19:20Z</time>
    </trkpt>
    <trkpt lat="51.2382448" lon="6.0451052">
      <ele>27.4</ele>
      <time>2025-09-14T10:19:24Z</time>
    </trkpt>
    <trkpt lat="51.2382862" lon="6.0450765">
      <ele>28.2</ele>
      <time>2025-09-14T10:19:28Z</time>
    </trkpt>
    <trkpt lat="51.2382954" lon="6.0450660">
      <ele>28.8</ele>
      <time>2025-09-14T10:19:32Z</time>
    </trkpt>
    <trkpt lat="51.2382954" lon="6.0450660">
      <ele>29.0</ele>
      <time>2025-09-14T10:19:33Z</time>
    </trkpt>
    <trkpt lat="51.2383171" lon="6.0450437">
      <ele>29.2</ele>
      <time>2025-09-14T10:20:03Z</time>
    </trkpt>
    <trkpt lat="51.2383197" lon="6.0450395">
      <ele>29.2</ele>
      <time>2025-09-14T10:20:04Z</time>
    </trkpt>
    <trkpt lat="51.2383394" lon="6.0449783">
      <ele>29.0</ele>
      <time>2025-09-14T10:20:15Z</time>
    </trkpt>
    <trkpt lat="51.2383711" lon="6.0448598">
      <ele>29.0</ele>
      <time>2025-09-14T10:20:18Z</time>
    </trkpt>
    <trkpt lat="51.2383583" lon="6.0448123">
      <ele>29.0</ele>
      <time>2025-09-14T10:20:19Z</time>
    </trkpt>
    <trkpt lat="51.2381907" lon="6.0446068">
      <ele>29.0</ele>
      <time>2025-09-14T10:20:25Z</time>
    </trkpt>
    <trkpt lat="51.2381285" lon="6.0444915">
      <ele>29.0</ele>
      <time>2025-09-14T10:20:29Z</time>
    </trkpt>
    <trkpt lat="51.2381292" lon="6.0444531">
      <ele>29.0</ele>
      <time>2025-09-14T10:20:30Z</time>
    </trkpt>
    <trkpt lat="51.2381728" lon="6.0443185">
      <ele>28.8</ele>
      <time>2025-09-14T10:20:33Z</time>
    </trkpt>
    <trkpt lat="51.2381823" lon="6.0442612">
      <ele>28.6</ele>
      <time>2025-09-14T10:20:34Z</time>
    </trkpt>
    <trkpt lat="51.2381701" lon="6.0440904">
      <ele>28.6</ele>
      <time>2025-09-14T10:20:37Z</time>
    </trkpt>
    <trkpt lat="51.2381688" lon="6.0439459">
      <ele>28.6</ele>
      <time>2025-09-14T10:20:41Z</time>
    </trkpt>
    <trkpt lat="51.2381894" lon="6.0439543">
      <ele>28.6</ele>
      <time>2025-09-14T10:20:42Z</time>
    </trkpt>
    <trkpt lat="51.2382858" lon="6.0440726">
      <ele>29.0</ele>
      <time>2025-09-14T10:20:46Z</time>
    </trkpt>
    <trkpt lat="51.2383971" lon="6.0441499">
      <ele>29.0</ele>
      <time>2025-09-14T10:20:51Z</time>
    </trkpt>
    <trkpt lat="51.2385603" lon="6.0442834">
      <ele>28.8</ele>
      <time>2025-09-14T10:20:57Z</time>
    </trkpt>
    <trkpt lat="51.2385862" lon="6.0442758">
      <ele>28.8</ele>
      <time>2025-09-14T10:20:58Z</time>
    </trkpt>
    <trkpt lat="51.2386069" lon="6.0441916">
      <ele>28.6</ele>
      <time>2025-09-14T10:21:00Z</time>
    </trkpt>
    <trkpt lat="51.2385729" lon="6.0439174">
      <ele>28.2</ele>
      <time>2025-09-14T10:21:04Z</time>
    </trkpt>
    <trkpt lat="51.2385416" lon="6.0435083">
      <ele>27.4</ele>
      <time>2025-09-14T10:21:09Z</time>
    </trkpt>
    <trkpt lat="51.2385379" lon="6.0434218">
      <ele>27.4</ele>
      <time>2025-09-14T10:21:10Z</time>
    </trkpt>
    <trkpt lat="51.2385318" lon="6.0431435">
      <ele>27.2</ele>
      <time>2025-09-14T10:21:13Z</time>
    </trkpt>
    <trkpt lat="51.2385215" lon="6.0429566">
      <ele>27.2</ele>
      <time>2025-09-14T10:21:15Z</time>
    </trkpt>
    <trkpt lat="51.2385162" lon="6.0428555">
      <ele>27.0</ele>
      <time>2025-09-14T10:21:16Z</time>
    </trkpt>
    <trkpt lat="51.2385072" lon="6.0422913">
      <ele>26.2</ele>
      <time>2025-09-14T10:21:22Z</time>
    </trkpt>
    <trkpt lat="51.2385068" lon="6.0422078">
      <ele>25.8</ele>
      <time>2025-09-14T10:21:23Z</time>
    </trkpt>
    <trkpt lat="51.2385093" lon="6.0419438">
      <ele>25.2</ele>
      <time>2025-09-14T10:21:26Z</time>
    </trkpt>
    <trkpt lat="51.2385205" lon="6.0418544">
      <ele>25.0</ele>
      <time>2025-09-14T10:21:27Z</time>
    </trkpt>
    <trkpt lat="51.2385333" lon="6.0417621">
      <ele>24.8</ele>
      <time>2025-09-14T10:21:28Z</time>
    </trkpt>
    <trkpt lat="51.2385497" lon="6.0416698">
      <ele>24.6</ele>
      <time>2025-09-14T10:21:29Z</time>
    </trkpt>
    <trkpt lat="51.2385726" lon="6.0414752">
      <ele>24.6</ele>
      <time>2025-09-14T10:21:31Z</time>
    </trkpt>
    <trkpt lat="51.2385773" lon="6.0413700">
      <ele>24.6</ele>
      <time>2025-09-14T10:21:32Z</time>
    </trkpt>
    <trkpt lat="51.2385648" lon="6.0411603">
      <ele>24.4</ele>
      <time>2025-09-14T10:21:34Z</time>
    </trkpt>
    <trkpt lat="51.2385313" lon="6.0409706">
      <ele>24.2</ele>
      <time>2025-09-14T10:21:36Z</time>
    </trkpt>
    <trkpt lat="51.2383236" lon="6.0402542">
      <ele>24.2</ele>
      <time>2025-09-14T10:21:44Z</time>
    </trkpt>
    <trkpt lat="51.2382236" lon="6.0398067">
      <ele>24.4</ele>
      <time>2025-09-14T10:21:49Z</time>
    </trkpt>
    <trkpt lat="51.2381428" lon="6.0391375">
      <ele>24.2</ele>
      <time>2025-09-14T10:21:56Z</time>
    </trkpt>
    <trkpt lat="51.2380765" lon="6.0386895">
      <ele>23.8</ele>
      <time>2025-09-14T10:22:01Z</time>
    </trkpt>
    <trkpt lat="51.2380432" lon="6.0385065">
      <ele>23.8</ele>
      <time>2025-09-14T10:22:03Z</time>
    </trkpt>
    <trkpt lat="51.2379903" lon="6.0382397">
      <ele>23.6</ele>
      <time>2025-09-14T10:22:06Z</time>
    </trkpt>
    <trkpt lat="51.2379009" lon="6.0378951">
      <ele>23.4</ele>
      <time>2025-09-14T10:22:10Z</time>
    </trkpt>
    <trkpt lat="51.2376533" lon="6.0370401">
      <ele>23.2</ele>
      <time>2025-09-14T10:22:20Z</time>
    </trkpt>
    <trkpt lat="51.2376257" lon="6.0369570">
      <ele>23.0</ele>
      <time>2025-09-14T10:22:21Z</time>
    </trkpt>
    <trkpt lat="51.2373289" lon="6.0362865">
      <ele>22.8</ele>
      <time>2025-09-14T10:22:30Z</time>
    </trkpt>
    <trkpt lat="51.2370457" lon="6.0357449">
      <ele>23.0</ele>
      <time>2025-09-14T10:22:38Z</time>
    </trkpt>
    <trkpt lat="51.2367797" lon="6.0350969">
      <ele>23.0</ele>
      <time>2025-09-14T10:22:47Z</time>
    </trkpt>
    <trkpt lat="51.2366927" lon="6.0348907">
      <ele>22.8</ele>
      <time>2025-09-14T10:22:50Z</time>
    </trkpt>
    <trkpt lat="51.2364732" lon="6.0344305">
      <ele>22.6</ele>
      <time>2025-09-14T10:22:57Z</time>
    </trkpt>
    <trkpt lat="51.2362041" lon="6.0339458">
      <ele>23.0</ele>
      <time>2025-09-14T10:23:05Z</time>
    </trkpt>
    <trkpt lat="51.2361951" lon="6.0338103">
      <ele>23.8</ele>
      <time>2025-09-14T10:23:07Z</time>
    </trkpt>
    <trkpt lat="51.2362173" lon="6.0337538">
      <ele>23.8</ele>
      <time>2025-09-14T10:23:08Z</time>
    </trkpt>
    <trkpt lat="51.2362554" lon="6.0337139">
      <ele>24.0</ele>
      <time>2025-09-14T10:23:09Z</time>
    </trkpt>
    <trkpt lat="51.2363922" lon="6.0336054">
      <ele>24.6</ele>
      <time>2025-09-14T10:23:12Z</time>
    </trkpt>
    <trkpt lat="51.2366696" lon="6.0333944">
      <ele>25.0</ele>
      <time>2025-09-14T10:23:18Z</time>
    </trkpt>
    <trkpt lat="51.2367204" lon="6.0333691">
      <ele>25.0</ele>
      <time>2025-09-14T10:23:19Z</time>
    </trkpt>
    <trkpt lat="51.2368799" lon="6.0333220">
      <ele>25.0</ele>
      <time>2025-09-14T10:23:22Z</time>
    </trkpt>
    <trkpt lat="51.2369971" lon="6.0333347">
      <ele>25.0</ele>
      <time>2025-09-14T10:23:24Z</time>
    </trkpt>
    <trkpt lat="51.2370560" lon="6.0333552">
      <ele>25.0</ele>
      <time>2025-09-14T10:23:25Z</time>
    </trkpt>
    <trkpt lat="51.2372782" lon="6.0334892">
      <ele>25.0</ele>
      <time>2025-09-14T10:23:29Z</time>
    </trkpt>
    <trkpt lat="51.2374568" lon="6.0335778">
      <ele>24.6</ele>
      <time>2025-09-14T10:23:32Z</time>
    </trkpt>
    <trkpt lat="51.2375818" lon="6.0335796">
      <ele>24.6</ele>
      <time>2025-09-14T10:23:34Z</time>
    </trkpt>
    <trkpt lat="51.2377001" lon="6.0335289">
      <ele>24.4</ele>
      <time>2025-09-14T10:23:36Z</time>
    </trkpt>
    <trkpt lat="51.2378653" lon="6.0334252">
      <ele>24.2</ele>
      <time>2025-09-14T10:23:39Z</time>
    </trkpt>
    <trkpt lat="51.2380449" lon="6.0333461">
      <ele>24.0</ele>
      <time>2025-09-14T10:23:42Z</time>
    </trkpt>
    <trkpt lat="51.2383593" lon="6.0332217">
      <ele>24.0</ele>
      <time>2025-09-14T10:23:47Z</time>
    </trkpt>
    <trkpt lat="51.2384209" lon="6.0331868">
      <ele>24.0</ele>
      <time>2025-09-14T10:23:48Z</time>
    </trkpt>
    <trkpt lat="51.2386561" lon="6.0330418">
      <ele>24.0</ele>
      <time>2025-09-14T10:23:52Z</time>
    </trkpt>
    <trkpt lat="51.2388356" lon="6.0329534">
      <ele>24.0</ele>
      <time>2025-09-14T10:23:55Z</time>
    </trkpt>
    <trkpt lat="51.2392678" lon="6.0327887">
      <ele>24.0</ele>
      <time>2025-09-14T10:24:02Z</time>
    </trkpt>
    <trkpt lat="51.2398206" lon="6.0326588">
      <ele>24.2</ele>
      <time>2025-09-14T10:24:11Z</time>
    </trkpt>
    <trkpt lat="51.2400054" lon="6.0326196">
      <ele>24.4</ele>
      <time>2025-09-14T10:24:14Z</time>
    </trkpt>
    <trkpt lat="51.2404048" lon="6.0325337">
      <ele>24.4</ele>
      <time>2025-09-14T10:24:21Z</time>
    </trkpt>
    <trkpt lat="51.2409416" lon="6.0324203">
      <ele>24.0</ele>
      <time>2025-09-14T10:24:30Z</time>
    </trkpt>
    <trkpt lat="51.2410646" lon="6.0323951">
      <ele>23.8</ele>
      <time>2025-09-14T10:24:32Z</time>
    </trkpt>
    <trkpt lat="51.2416479" lon="6.0322730">
      <ele>23.6</ele>
      <time>2025-09-14T10:24:41Z</time>
    </trkpt>
    <trkpt lat="51.2418532" lon="6.0322286">
      <ele>23.4</ele>
      <time>2025-09-14T10:24:44Z</time>
    </trkpt>
    <trkpt lat="51.2420638" lon="6.0321748">
      <ele>23.0</ele>
      <time>2025-09-14T10:24:47Z</time>
    </trkpt>
    <trkpt lat="51.2424101" lon="6.0320857">
      <ele>22.4</ele>
      <time>2025-09-14T10:24:52Z</time>
    </trkpt>
    <trkpt lat="51.2427215" lon="6.0319596">
      <ele>22.4</ele>
      <time>2025-09-14T10:24:57Z</time>
    </trkpt>
    <trkpt lat="51.2431604" lon="6.0318607">
      <ele>22.8</ele>
      <time>2025-09-14T10:25:04Z</time>
    </trkpt>
    <trkpt lat="51.2432872" lon="6.0318626">
      <ele>22.8</ele>
      <time>2025-09-14T10:25:06Z</time>
    </trkpt>
    <trkpt lat="51.2433553" lon="6.0318710">
      <ele>22.8</ele>
      <time>2025-09-14T10:25:07Z</time>
    </trkpt>
    <trkpt lat="51.2436016" lon="6.0319158">
      <ele>22.8</ele>
      <time>2025-09-14T10:25:11Z</time>
    </trkpt>
    <trkpt lat="51.2441339" lon="6.0319193">
      <ele>23.2</ele>
      <time>2025-09-14T10:25:20Z</time>
    </trkpt>
    <trkpt lat="51.2447106" lon="6.0319674">
      <ele>24.0</ele>
      <time>2025-09-14T10:25:30Z</time>
    </trkpt>
    <trkpt lat="51.2450551" lon="6.0319954">
      <ele>24.2</ele>
      <time>2025-09-14T10:25:36Z</time>
    </trkpt>
    <trkpt lat="51.2451709" lon="6.0320058">
      <ele>24.6</ele>
      <time>2025-09-14T10:25:38Z</time>
    </trkpt>
    <trkpt lat="51.2452875" lon="6.0320133">
      <ele>24.8</ele>
      <time>2025-09-14T10:25:40Z</time>
    </trkpt>
    <trkpt lat="51.2455824" lon="6.0320523">
      <ele>25.4</ele>
      <time>2025-09-14T10:25:45Z</time>
    </trkpt>
    <trkpt lat="51.2457008" lon="6.0320728">
      <ele>25.4</ele>
      <time>2025-09-14T10:25:47Z</time>
    </trkpt>
    <trkpt lat="51.2462376" lon="6.0322197">
      <ele>25.4</ele>
      <time>2025-09-14T10:25:56Z</time>
    </trkpt>
    <trkpt lat="51.2466672" lon="6.0322928">
      <ele>25.6</ele>
      <time>2025-09-14T10:26:03Z</time>
    </trkpt>
    <trkpt lat="51.2471044" lon="6.0322055">
      <ele>25.4</ele>
      <time>2025-09-14T10:26:10Z</time>
    </trkpt>
    <trkpt lat="51.2475043" lon="6.0319282">
      <ele>25.0</ele>
      <time>2025-09-14T10:26:17Z</time>
    </trkpt>
    <trkpt lat="51.2479028" lon="6.0314739">
      <ele>24.8</ele>
      <time>2025-09-14T10:26:25Z</time>
    </trkpt>
    <trkpt lat="51.2483194" lon="6.0309336">
      <ele>25.6</ele>
      <time>2025-09-14T10:26:34Z</time>
    </trkpt>
    <trkpt lat="51.2488008" lon="6.0304163">
      <ele>25.4</ele>
      <time>2025-09-14T10:26:44Z</time>
    </trkpt>
    <trkpt lat="51.2489054" lon="6.0303323">
      <ele>25.4</ele>
      <time>2025-09-14T10:26:46Z</time>
    </trkpt>
    <trkpt lat="51.2490685" lon="6.0302469">
      <ele>25.2</ele>
      <time>2025-09-14T10:26:49Z</time>
    </trkpt>
    <trkpt lat="51.2496042" lon="6.0300965">
      <ele>25.2</ele>
      <time>2025-09-14T10:26:58Z</time>
    </trkpt>
    <trkpt lat="51.2496669" lon="6.0300850">
      <ele>25.2</ele>
      <time>2025-09-14T10:26:59Z</time>
    </trkpt>
    <trkpt lat="51.2498669" lon="6.0300670">
      <ele>25.4</ele>
      <time>2025-09-14T10:27:02Z</time>
    </trkpt>
    <trkpt lat="51.2500647" lon="6.0300753">
      <ele>25.6</ele>
      <time>2025-09-14T10:27:05Z</time>
    </trkpt>
    <trkpt lat="51.2501929" lon="6.0301321">
      <ele>25.6</ele>
      <time>2025-09-14T10:27:07Z</time>
    </trkpt>
    <trkpt lat="51.2502486" lon="6.0301757">
      <ele>25.6</ele>
      <time>2025-09-14T10:27:08Z</time>
    </trkpt>
    <trkpt lat="51.2503614" lon="6.0302539">
      <ele>25.6</ele>
      <time>2025-09-14T10:27:10Z</time>
    </trkpt>
    <trkpt lat="51.2505534" lon="6.0303530">
      <ele>25.6</ele>
      <time>2025-09-14T10:27:13Z</time>
    </trkpt>
    <trkpt lat="51.2511248" lon="6.0306610">
      <ele>24.8</ele>
      <time>2025-09-14T10:27:22Z</time>
    </trkpt>
    <trkpt lat="51.2515197" lon="6.0309529">
      <ele>24.8</ele>
      <time>2025-09-14T10:27:29Z</time>
    </trkpt>
    <trkpt lat="51.2517189" lon="6.0310971">
      <ele>25.4</ele>
      <time>2025-09-14T10:27:33Z</time>
    </trkpt>
    <trkpt lat="51.2518105" lon="6.0311288">
      <ele>25.6</ele>
      <time>2025-09-14T10:27:35Z</time>
    </trkpt>
    <trkpt lat="51.2518866" lon="6.0310999">
      <ele>25.6</ele>
      <time>2025-09-14T10:27:37Z</time>
    </trkpt>
    <trkpt lat="51.2519115" lon="6.0310437">
      <ele>25.8</ele>
      <time>2025-09-14T10:27:38Z</time>
    </trkpt>
    <trkpt lat="51.2519277" lon="6.0309750">
      <ele>25.8</ele>
      <time>2025-09-14T10:27:39Z</time>
    </trkpt>
    <trkpt lat="51.2519485" lon="6.0308404">
      <ele>25.8</ele>
      <time>2025-09-14T10:27:41Z</time>
    </trkpt>
    <trkpt lat="51.2519540" lon="6.0307687">
      <ele>25.8</ele>
      <time>2025-09-14T10:27:42Z</time>
    </trkpt>
    <trkpt lat="51.2519566" lon="6.0306974">
      <ele>25.8</ele>
      <time>2025-09-14T10:27:43Z</time>
    </trkpt>
    <trkpt lat="51.2520123" lon="6.0304244">
      <ele>25.6</ele>
      <time>2025-09-14T10:27:47Z</time>
    </trkpt>
    <trkpt lat="51.2521942" lon="6.0298639">
      <ele>25.8</ele>
      <time>2025-09-14T10:27:55Z</time>
    </trkpt>
    <trkpt lat="51.2522478" lon="6.0297200">
      <ele>25.8</ele>
      <time>2025-09-14T10:27:57Z</time>
    </trkpt>
    <trkpt lat="51.2525721" lon="6.0289727">
      <ele>24.8</ele>
      <time>2025-09-14T10:28:08Z</time>
    </trkpt>
    <trkpt lat="51.2528467" lon="6.0284378">
      <ele>25.0</ele>
      <time>2025-09-14T10:28:16Z</time>
    </trkpt>
    <trkpt lat="51.2531853" lon="6.0278615">
      <ele>25.2</ele>
      <time>2025-09-14T10:28:25Z</time>
    </trkpt>
    <trkpt lat="51.2532245" lon="6.0278012">
      <ele>25.2</ele>
      <time>2025-09-14T10:28:26Z</time>
    </trkpt>
    <trkpt lat="51.2536415" lon="6.0272059">
      <ele>26.0</ele>
      <time>2025-09-14T10:28:36Z</time>
    </trkpt>
    <trkpt lat="51.2537294" lon="6.0270950">
      <ele>26.0</ele>
      <time>2025-09-14T10:28:38Z</time>
    </trkpt>
    <trkpt lat="51.2541233" lon="6.0264863">
      <ele>25.6</ele>
      <time>2025-09-14T10:28:48Z</time>
    </trkpt>
    <trkpt lat="51.2543199" lon="6.0261565">
      <ele>24.8</ele>
      <time>2025-09-14T10:28:53Z</time>
    </trkpt>
    <trkpt lat="51.2545479" lon="6.0257680">
      <ele>24.0</ele>
      <time>2025-09-14T10:28:59Z</time>
    </trkpt>
    <trkpt lat="51.2545854" lon="6.0257017">
      <ele>24.0</ele>
      <time>2025-09-14T10:29:00Z</time>
    </trkpt>
    <trkpt lat="51.2549576" lon="6.0250649">
      <ele>24.2</ele>
      <time>2025-09-14T10:29:10Z</time>
    </trkpt>
    <trkpt lat="51.2549919" lon="6.0249990">
      <ele>24.2</ele>
      <time>2025-09-14T10:29:11Z</time>
    </trkpt>
    <trkpt lat="51.2550690" lon="6.0248696">
      <ele>24.4</ele>
      <time>2025-09-14T10:29:13Z</time>
    </trkpt>
    <trkpt lat="51.2554383" lon="6.0242335">
      <ele>24.4</ele>
      <time>2025-09-14T10:29:23Z</time>
    </trkpt>
    <trkpt lat="51.2554753" lon="6.0241717">
      <ele>24.4</ele>
      <time>2025-09-14T10:29:24Z</time>
    </trkpt>
    <trkpt lat="51.2556949" lon="6.0237999">
      <ele>23.8</ele>
      <time>2025-09-14T10:29:30Z</time>
    </trkpt>
    <trkpt lat="51.2560017" lon="6.0232708">
      <ele>23.4</ele>
      <time>2025-09-14T10:29:39Z</time>
    </trkpt>
    <trkpt lat="51.2561704" lon="6.0229581">
      <ele>24.4</ele>
      <time>2025-09-14T10:29:44Z</time>
    </trkpt>
    <trkpt lat="51.2562439" lon="6.0228288">
      <ele>24.6</ele>
      <time>2025-09-14T10:29:46Z</time>
    </trkpt>
    <trkpt lat="51.2564329" lon="6.0225083">
      <ele>25.0</ele>
      <time>2025-09-14T10:29:51Z</time>
    </trkpt>
    <trkpt lat="51.2564708" lon="6.0224464">
      <ele>25.0</ele>
      <time>2025-09-14T10:29:52Z</time>
    </trkpt>
    <trkpt lat="51.2565420" lon="6.0223118">
      <ele>25.2</ele>
      <time>2025-09-14T10:29:54Z</time>
    </trkpt>
    <trkpt lat="51.2566005" lon="6.0221678">
      <ele>25.4</ele>
      <time>2025-09-14T10:29:56Z</time>
    </trkpt>
    <trkpt lat="51.2567041" lon="6.0218935">
      <ele>25.4</ele>
      <time>2025-09-14T10:30:00Z</time>
    </trkpt>
    <trkpt lat="51.2567344" lon="6.0218357">
      <ele>25.4</ele>
      <time>2025-09-14T10:30:01Z</time>
    </trkpt>
    <trkpt lat="51.2569997" lon="6.0214613">
      <ele>25.2</ele>
      <time>2025-09-14T10:30:08Z</time>
    </trkpt>
    <trkpt lat="51.2572904" lon="6.0210633">
      <ele>24.0</ele>
      <time>2025-09-14T10:30:15Z</time>
    </trkpt>
    <trkpt lat="51.2573294" lon="6.0210039">
      <ele>24.0</ele>
      <time>2025-09-14T10:30:16Z</time>
    </trkpt>
    <trkpt lat="51.2573647" lon="6.0209414">
      <ele>23.8</ele>
      <time>2025-09-14T10:30:17Z</time>
    </trkpt>
    <trkpt lat="51.2575899" lon="6.0204666">
      <ele>23.2</ele>
      <time>2025-09-14T10:30:24Z</time>
    </trkpt>
    <trkpt lat="51.2578183" lon="6.0199313">
      <ele>23.2</ele>
      <time>2025-09-14T10:30:32Z</time>
    </trkpt>
    <trkpt lat="51.2581794" lon="6.0192343">
      <ele>24.4</ele>
      <time>2025-09-14T10:30:43Z</time>
    </trkpt>
    <trkpt lat="51.2584559" lon="6.0188670">
      <ele>24.8</ele>
      <time>2025-09-14T10:30:50Z</time>
    </trkpt>
    <trkpt lat="51.2587472" lon="6.0184858">
      <ele>24.8</ele>
      <time>2025-09-14T10:30:58Z</time>
    </trkpt>
    <trkpt lat="51.2587715" lon="6.0184297">
      <ele>25.0</ele>
      <time>2025-09-14T10:30:59Z</time>
    </trkpt>
    <trkpt lat="51.2587845" lon="6.0183629">
      <ele>25.0</ele>
      <time>2025-09-14T10:31:00Z</time>
    </trkpt>
    <trkpt lat="51.2587583" lon="6.0182261">
      <ele>25.0</ele>
      <time>2025-09-14T10:31:02Z</time>
    </trkpt>
    <trkpt lat="51.2586941" lon="6.0181117">
      <ele>25.0</ele>
      <time>2025-09-14T10:31:04Z</time>
    </trkpt>
    <trkpt lat="51.2585808" lon="6.0179901">
      <ele>25.0</ele>
      <time>2025-09-14T10:31:07Z</time>
    </trkpt>
    <trkpt lat="51.2582413" lon="6.0176386">
      <ele>24.6</ele>
      <time>2025-09-14T10:31:15Z</time>
    </trkpt>
    <trkpt lat="51.2579258" lon="6.0172063">
      <ele>25.0</ele>
      <time>2025-09-14T10:31:23Z</time>
    </trkpt>
    <trkpt lat="51.2579030" lon="6.0170505">
      <ele>25.0</ele>
      <time>2025-09-14T10:31:25Z</time>
    </trkpt>
    <trkpt lat="51.2579102" lon="6.0169667">
      <ele>25.0</ele>
      <time>2025-09-14T10:31:26Z</time>
    </trkpt>
    <trkpt lat="51.2579248" lon="6.0168848">
      <ele>25.0</ele>
      <time>2025-09-14T10:31:27Z</time>
    </trkpt>
    <trkpt lat="51.2579658" lon="6.0167306">
      <ele>25.0</ele>
      <time>2025-09-14T10:31:29Z</time>
    </trkpt>
    <trkpt lat="51.2580232" lon="6.0165858">
      <ele>25.0</ele>
      <time>2025-09-14T10:31:31Z</time>
    </trkpt>
    <trkpt lat="51.2582720" lon="6.0159251">
      <ele>24.6</ele>
      <time>2025-09-14T10:31:39Z</time>
    </trkpt>
    <trkpt lat="51.2585770" lon="6.0151281">
      <ele>23.6</ele>
      <time>2025-09-14T10:31:49Z</time>
    </trkpt>
    <trkpt lat="51.2585964" lon="6.0150477">
      <ele>23.4</ele>
      <time>2025-09-14T10:31:50Z</time>
    </trkpt>
    <trkpt lat="51.2586068" lon="6.0149646">
      <ele>23.2</ele>
      <time>2025-09-14T10:31:51Z</time>
    </trkpt>
    <trkpt lat="51.2585842" lon="6.0148054">
      <ele>23.4</ele>
      <time>2025-09-14T10:31:53Z</time>
    </trkpt>
    <trkpt lat="51.2585205" lon="6.0146722">
      <ele>23.4</ele>
      <time>2025-09-14T10:31:55Z</time>
    </trkpt>
    <trkpt lat="51.2584405" lon="6.0145681">
      <ele>23.4</ele>
      <time>2025-09-14T10:31:57Z</time>
    </trkpt>
    <trkpt lat="51.2583974" lon="6.0145285">
      <ele>23.4</ele>
      <time>2025-09-14T10:31:58Z</time>
    </trkpt>
    <trkpt lat="51.2581746" lon="6.0143614">
      <ele>23.0</ele>
      <time>2025-09-14T10:32:03Z</time>
    </trkpt>
    <trkpt lat="51.2581320" lon="6.0143250">
      <ele>23.0</ele>
      <time>2025-09-14T10:32:04Z</time>
    </trkpt>
    <trkpt lat="51.2580665" lon="6.0142172">
      <ele>23.0</ele>
      <time>2025-09-14T10:32:06Z</time>
    </trkpt>
    <trkpt lat="51.2580430" lon="6.0141531">
      <ele>22.8</ele>
      <time>2025-09-14T10:32:07Z</time>
    </trkpt>
    <trkpt lat="51.2580252" lon="6.0140863">
      <ele>22.8</ele>
      <time>2025-09-14T10:32:08Z</time>
    </trkpt>
    <trkpt lat="51.2580073" lon="6.0139337">
      <ele>22.8</ele>
      <time>2025-09-14T10:32:10Z</time>
    </trkpt>
    <trkpt lat="51.2580016" lon="6.0138538">
      <ele>22.8</ele>
      <time>2025-09-14T10:32:11Z</time>
    </trkpt>
    <trkpt lat="51.2579915" lon="6.0134418">
      <ele>22.6</ele>
      <time>2025-09-14T10:32:16Z</time>
    </trkpt>
    <trkpt lat="51.2579949" lon="6.0132700">
      <ele>22.4</ele>
      <time>2025-09-14T10:32:18Z</time>
    </trkpt>
    <trkpt lat="51.2580025" lon="6.0130053">
      <ele>22.2</ele>
      <time>2025-09-14T10:32:21Z</time>
    </trkpt>
    <trkpt lat="51.2580286" lon="6.0124731">
      <ele>21.6</ele>
      <time>2025-09-14T10:32:27Z</time>
    </trkpt>
    <trkpt lat="51.2580538" lon="6.0121086">
      <ele>21.2</ele>
      <time>2025-09-14T10:32:31Z</time>
    </trkpt>
    <trkpt lat="51.2581140" lon="6.0117347">
      <ele>20.6</ele>
      <time>2025-09-14T10:32:35Z</time>
    </trkpt>
    <trkpt lat="51.2581549" lon="6.0115593">
      <ele>20.2</ele>
      <time>2025-09-14T10:32:37Z</time>
    </trkpt>
    <trkpt lat="51.2582000" lon="6.0113929">
      <ele>20.2</ele>
      <time>2025-09-14T10:32:39Z</time>
    </trkpt>
    <trkpt lat="51.2583006" lon="6.0110488">
      <ele>20.0</ele>
      <time>2025-09-14T10:32:43Z</time>
    </trkpt>
    <trkpt lat="51.2585354" lon="6.0102675">
      <ele>19.2</ele>
      <time>2025-09-14T10:32:52Z</time>
    </trkpt>
    <trkpt lat="51.2585604" lon="6.0101803">
      <ele>19.2</ele>
      <time>2025-09-14T10:32:53Z</time>
    </trkpt>
    <trkpt lat="51.2588081" lon="6.0093582">
      <ele>20.2</ele>
      <time>2025-09-14T10:33:03Z</time>
    </trkpt>
    <trkpt lat="51.2590200" lon="6.0086644">
      <ele>20.6</ele>
      <time>2025-09-14T10:33:12Z</time>
    </trkpt>
    <trkpt lat="51.2590642" lon="6.0084756">
      <ele>20.6</ele>
      <time>2025-09-14T10:33:15Z</time>
    </trkpt>
    <trkpt lat="51.2590445" lon="6.0083743">
      <ele>20.4</ele>
      <time>2025-09-14T10:33:17Z</time>
    </trkpt>
    <trkpt lat="51.2589762" lon="6.0083322">
      <ele>20.6</ele>
      <time>2025-09-14T10:33:19Z</time>
    </trkpt>
    <trkpt lat="51.2589359" lon="6.0083380">
      <ele>20.8</ele>
      <time>2025-09-14T10:33:20Z</time>
    </trkpt>
    <trkpt lat="51.2587610" lon="6.0083996">
      <ele>21.4</ele>
      <time>2025-09-14T10:33:24Z</time>
    </trkpt>
    <trkpt lat="51.2584731" lon="6.0085041">
      <ele>21.6</ele>
      <time>2025-09-14T10:33:30Z</time>
    </trkpt>
    <trkpt lat="51.2580597" lon="6.0086132">
      <ele>20.8</ele>
      <time>2025-09-14T10:33:39Z</time>
    </trkpt>
    <trkpt lat="51.2580313" lon="6.0085419">
      <ele>20.6</ele>
      <time>2025-09-14T10:33:41Z</time>
    </trkpt>
    <trkpt lat="51.2580359" lon="6.0084914">
      <ele>20.4</ele>
      <time>2025-09-14T10:33:42Z</time>
    </trkpt>
    <trkpt lat="51.2580502" lon="6.0084400">
      <ele>20.2</ele>
      <time>2025-09-14T10:33:43Z</time>
    </trkpt>
    <trkpt lat="51.2581482" lon="6.0081446">
      <ele>19.8</ele>
      <time>2025-09-14T10:33:48Z</time>
    </trkpt>
    <trkpt lat="51.2582954" lon="6.0077089">
      <ele>19.8</ele>
      <time>2025-09-14T10:33:55Z</time>
    </trkpt>
    <trkpt lat="51.2584709" lon="6.0072085">
      <ele>19.6</ele>
      <time>2025-09-14T10:34:04Z</time>
    </trkpt>
    <trkpt lat="51.2584914" lon="6.0071421">
      <ele>20.0</ele>
      <time>2025-09-14T10:34:08Z</time>
    </trkpt>
    <trkpt lat="51.2584914" lon="6.0071421">
      <ele>20.6</ele>
      <time>2025-09-14T10:34:28Z</time>
    </trkpt>
    <trkpt lat="51.2584921" lon="6.0071362">
      <ele>21.6</ele>
      <time>2025-09-14T10:35:13Z</time>
    </trkpt>
    <trkpt lat="51.2584921" lon="6.0071362">
      <ele>21.6</ele>
      <time>2025-09-14T10:35:14Z</time>
    </trkpt>
    <trkpt lat="51.2584921" lon="6.0071362">
      <ele>20.8</ele>
      <time>2025-09-14T10:35:37Z</time>
    </trkpt>
    <trkpt lat="51.2584921" lon="6.0071362">
      <ele>21.0</ele>
      <time>2025-09-14T10:35:52Z</time>
    </trkpt>
    <trkpt lat="51.2584921" lon="6.0071362">
      <ele>20.6</ele>
      <time>2025-09-14T10:35:59Z</time>
    </trkpt>
    <trkpt lat="51.2584921" lon="6.0071362">
      <ele>21.0</ele>
      <time>2025-09-14T10:36:10Z</time>
    </trkpt>
    <trkpt lat="51.2584921" lon="6.0071362">
      <ele>20.4</ele>
      <time>2025-09-14T10:36:29Z</time>
    </trkpt>
    <trkpt lat="51.2584808" lon="6.0071148">
      <ele>20.6</ele>
      <time>2025-09-14T10:36:45Z</time>
    </trkpt>
    <trkpt lat="51.2584643" lon="6.0070898">
      <ele>20.8</ele>
      <time>2025-09-14T10:36:57Z</time>
    </trkpt>
    <trkpt lat="51.2584361" lon="6.0070514">
      <ele>20.0</ele>
      <time>2025-09-14T10:37:01Z</time>
    </trkpt>
    <trkpt lat="51.2584280" lon="6.0070439">
      <ele>19.8</ele>
      <time>2025-09-14T10:37:02Z</time>
    </trkpt>
    <trkpt lat="51.2584085" lon="6.0070405">
      <ele>19.4</ele>
      <time>2025-09-14T10:37:04Z</time>
    </trkpt>
    <trkpt lat="51.2584047" lon="6.0070416">
      <ele>19.2</ele>
      <time>2025-09-14T10:37:14Z</time>
    </trkpt>
    <trkpt lat="51.2584020" lon="6.0070255">
      <ele>19.2</ele>
      <time>2025-09-14T10:37:20Z</time>
    </trkpt>
    <trkpt lat="51.2584020" lon="6.0070255">
      <ele>19.4</ele>
      <time>2025-09-14T10:37:43Z</time>
    </trkpt>
    <trkpt lat="51.2583868" lon="6.0069865">
      <ele>19.6</ele>
      <time>2025-09-14T10:38:23Z</time>
    </trkpt>
    <trkpt lat="51.2584034" lon="6.0070012">
      <ele>19.6</ele>
      <time>2025-09-14T10:38:31Z</time>
    </trkpt>
    <trkpt lat="51.2584075" lon="6.0070056">
      <ele>19.8</ele>
      <time>2025-09-14T10:38:41Z</time>
    </trkpt>
    <trkpt lat="51.2584068" lon="6.0070040">
      <ele>20.0</ele>
      <time>2025-09-14T10:40:03Z</time>
    </trkpt>
    <trkpt lat="51.2583661" lon="6.0069069">
      <ele>19.8</ele>
      <time>2025-09-14T10:40:10Z</time>
    </trkpt>
    <trkpt lat="51.2583390" lon="6.0068565">
      <ele>19.8</ele>
      <time>2025-09-14T10:40:13Z</time>
    </trkpt>
    <trkpt lat="51.2582866" lon="6.0067366">
      <ele>19.8</ele>
      <time>2025-09-14T10:40:20Z</time>
    </trkpt>
    <trkpt lat="51.2582644" lon="6.0066735">
      <ele>19.8</ele>
      <time>2025-09-14T10:40:27Z</time>
    </trkpt>
    <trkpt lat="51.2582644" lon="6.0066934">
      <ele>19.6</ele>
      <time>2025-09-14T10:40:35Z</time>
    </trkpt>
    <trkpt lat="51.2582240" lon="6.0067524">
      <ele>19.0</ele>
      <time>2025-09-14T10:40:43Z</time>
    </trkpt>
    <trkpt lat="51.2582078" lon="6.0067560">
      <ele>18.8</ele>
      <time>2025-09-14T10:40:45Z</time>
    </trkpt>
    <trkpt lat="51.2581621" lon="6.0067140">
      <ele>18.6</ele>
      <time>2025-09-14T10:40:52Z</time>
    </trkpt>
    <trkpt lat="51.2581328" lon="6.0065922">
      <ele>19.0</ele>
      <time>2025-09-14T10:40:59Z</time>
    </trkpt>
    <trkpt lat="51.2581045" lon="6.0062842">
      <ele>19.0</ele>
      <time>2025-09-14T10:41:11Z</time>
    </trkpt>
    <trkpt lat="51.2580658" lon="6.0058624">
      <ele>18.8</ele>
      <time>2025-09-14T10:41:24Z</time>
    </trkpt>
    <trkpt lat="51.2580116" lon="6.0053535">
      <ele>18.8</ele>
      <time>2025-09-14T10:41:37Z</time>
    </trkpt>
    <trkpt lat="51.2579973" lon="6.0049020">
      <ele>18.6</ele>
      <time>2025-09-14T10:41:49Z</time>
    </trkpt>
    <trkpt lat="51.2580043" lon="6.0048366">
      <ele>18.6</ele>
      <time>2025-09-14T10:41:51Z</time>
    </trkpt>
    <trkpt lat="51.2580011" lon="6.0047098">
      <ele>18.8</ele>
      <time>2025-09-14T10:41:55Z</time>
    </trkpt>
    <trkpt lat="51.2579967" lon="6.0045952">
      <ele>18.8</ele>
      <time>2025-09-14T10:42:02Z</time>
    </trkpt>
    <trkpt lat="51.2579971" lon="6.0045701">
      <ele>19.0</ele>
      <time>2025-09-14T10:42:09Z</time>
    </trkpt>
    <trkpt lat="51.2579994" lon="6.0044268">
      <ele>19.0</ele>
      <time>2025-09-14T10:42:17Z</time>
    </trkpt>
    <trkpt lat="51.2580117" lon="6.0043448">
      <ele>19.8</ele>
      <time>2025-09-14T10:42:25Z</time>
    </trkpt>
    <trkpt lat="51.2579996" lon="6.0043318">
      <ele>20.0</ele>
      <time>2025-09-14T10:42:27Z</time>
    </trkpt>
    <trkpt lat="51.2579755" lon="6.0043378">
      <ele>20.2</ele>
      <time>2025-09-14T10:42:29Z</time>
    </trkpt>
    <trkpt lat="51.2579551" lon="6.0043736">
      <ele>20.4</ele>
      <time>2025-09-14T10:42:32Z</time>
    </trkpt>
    <trkpt lat="51.2579643" lon="6.0044020">
      <ele>20.6</ele>
      <time>2025-09-14T10:42:34Z</time>
    </trkpt>
    <trkpt lat="51.2579666" lon="6.0044086">
      <ele>20.6</ele>
      <time>2025-09-14T10:42:40Z</time>
    </trkpt>
    <trkpt lat="51.2579556" lon="6.0043775">
      <ele>20.6</ele>
      <time>2025-09-14T10:42:48Z</time>
    </trkpt>
    <trkpt lat="51.2579497" lon="6.0043535">
      <ele>20.4</ele>
      <time>2025-09-14T10:42:55Z</time>
    </trkpt>
    <trkpt lat="51.2579497" lon="6.0043535">
      <ele>20.4</ele>
      <time>2025-09-14T10:42:57Z</time>
    </trkpt>
    <trkpt lat="51.2579489" lon="6.0043338">
      <ele>20.4</ele>
      <time>2025-09-14T10:42:59Z</time>
    </trkpt>
    <trkpt lat="51.2579635" lon="6.0042756">
      <ele>20.4</ele>
      <time>2025-09-14T10:43:02Z</time>
    </trkpt>
    <trkpt lat="51.2579718" lon="6.0041021">
      <ele>20.6</ele>
      <time>2025-09-14T10:43:09Z</time>
    </trkpt>
    <trkpt lat="51.2579186" lon="6.0039241">
      <ele>20.4</ele>
      <time>2025-09-14T10:43:14Z</time>
    </trkpt>
    <trkpt lat="51.2578236" lon="6.0037479">
      <ele>21.0</ele>
      <time>2025-09-14T10:43:20Z</time>
    </trkpt>
    <trkpt lat="51.2578206" lon="6.0035941">
      <ele>22.4</ele>
      <time>2025-09-14T10:43:24Z</time>
    </trkpt>
    <trkpt lat="51.2578263" lon="6.0035428">
      <ele>22.6</ele>
      <time>2025-09-14T10:43:25Z</time>
    </trkpt>
    <trkpt lat="51.2577945" lon="6.0033138">
      <ele>22.6</ele>
      <time>2025-09-14T10:43:29Z</time>
    </trkpt>
    <trkpt lat="51.2577473" lon="6.0032020">
      <ele>22.6</ele>
      <time>2025-09-14T10:43:31Z</time>
    </trkpt>
    <trkpt lat="51.2576590" lon="6.0029800">
      <ele>22.2</ele>
      <time>2025-09-14T10:43:35Z</time>
    </trkpt>
    <trkpt lat="51.2575738" lon="6.0027314">
      <ele>22.2</ele>
      <time>2025-09-14T10:43:39Z</time>
    </trkpt>
    <trkpt lat="51.2575552" lon="6.0025976">
      <ele>22.2</ele>
      <time>2025-09-14T10:43:41Z</time>
    </trkpt>
    <trkpt lat="51.2575531" lon="6.0025248">
      <ele>22.2</ele>
      <time>2025-09-14T10:43:42Z</time>
    </trkpt>
    <trkpt lat="51.2575636" lon="6.0023832">
      <ele>22.2</ele>
      <time>2025-09-14T10:43:44Z</time>
    </trkpt>
    <trkpt lat="51.2576062" lon="6.0021870">
      <ele>22.4</ele>
      <time>2025-09-14T10:43:47Z</time>
    </trkpt>
    <trkpt lat="51.2577225" lon="6.0016342">
      <ele>23.2</ele>
      <time>2025-09-14T10:43:55Z</time>
    </trkpt>
    <trkpt lat="51.2577576" lon="6.0015013">
      <ele>23.6</ele>
      <time>2025-09-14T10:43:57Z</time>
    </trkpt>
    <trkpt lat="51.2578634" lon="6.0011050">
      <ele>24.0</ele>
      <time>2025-09-14T10:44:03Z</time>
    </trkpt>
    <trkpt lat="51.2578889" lon="6.0010473">
      <ele>24.0</ele>
      <time>2025-09-14T10:44:04Z</time>
    </trkpt>
    <trkpt lat="51.2579506" lon="6.0009527">
      <ele>24.0</ele>
      <time>2025-09-14T10:44:06Z</time>
    </trkpt>
    <trkpt lat="51.2579801" lon="6.0008296">
      <ele>24.0</ele>
      <time>2025-09-14T10:44:08Z</time>
    </trkpt>
    <trkpt lat="51.2579587" lon="6.0006911">
      <ele>24.0</ele>
      <time>2025-09-14T10:44:10Z</time>
    </trkpt>
    <trkpt lat="51.2579139" lon="6.0005489">
      <ele>24.0</ele>
      <time>2025-09-14T10:44:12Z</time>
    </trkpt>
    <trkpt lat="51.2578411" lon="6.0002784">
      <ele>24.0</ele>
      <time>2025-09-14T10:44:16Z</time>
    </trkpt>
    <trkpt lat="51.2577695" lon="5.9999967">
      <ele>24.2</ele>
      <time>2025-09-14T10:44:20Z</time>
    </trkpt>
    <trkpt lat="51.2576515" lon="5.9995172">
      <ele>24.4</ele>
      <time>2025-09-14T10:44:27Z</time>
    </trkpt>
    <trkpt lat="51.2575998" lon="5.9993070">
      <ele>24.6</ele>
      <time>2025-09-14T10:44:30Z</time>
    </trkpt>
    <trkpt lat="51.2575776" lon="5.9992372">
      <ele>24.6</ele>
      <time>2025-09-14T10:44:31Z</time>
    </trkpt>
    <trkpt lat="51.2574700" lon="5.9989729">
      <ele>24.2</ele>
      <time>2025-09-14T10:44:35Z</time>
    </trkpt>
    <trkpt lat="51.2572113" lon="5.9984651">
      <ele>24.2</ele>
      <time>2025-09-14T10:44:43Z</time>
    </trkpt>
    <trkpt lat="51.2568444" lon="5.9977701">
      <ele>23.6</ele>
      <time>2025-09-14T10:44:54Z</time>
    </trkpt>
    <trkpt lat="51.2568108" lon="5.9977044">
      <ele>23.6</ele>
      <time>2025-09-14T10:44:55Z</time>
    </trkpt>
    <trkpt lat="51.2565093" lon="5.9971636">
      <ele>22.8</ele>
      <time>2025-09-14T10:45:03Z</time>
    </trkpt>
    <trkpt lat="51.2564717" lon="5.9970953">
      <ele>22.4</ele>
      <time>2025-09-14T10:45:04Z</time>
    </trkpt>
    <trkpt lat="51.2562759" lon="5.9967471">
      <ele>21.6</ele>
      <time>2025-09-14T10:45:09Z</time>
    </trkpt>
    <trkpt lat="51.2559107" lon="5.9962732">
      <ele>21.4</ele>
      <time>2025-09-14T10:45:17Z</time>
    </trkpt>
    <trkpt lat="51.2554266" lon="5.9957887">
      <ele>21.8</ele>
      <time>2025-09-14T10:45:27Z</time>
    </trkpt>
    <trkpt lat="51.2550749" lon="5.9954546">
      <ele>21.4</ele>
      <time>2025-09-14T10:45:34Z</time>
    </trkpt>
    <trkpt lat="51.2549721" lon="5.9953604">
      <ele>21.2</ele>
      <time>2025-09-14T10:45:36Z</time>
    </trkpt>
    <trkpt lat="51.2544663" lon="5.9949705">
      <ele>21.0</ele>
      <time>2025-09-14T10:45:46Z</time>
    </trkpt>
    <trkpt lat="51.2541649" lon="5.9947441">
      <ele>22.2</ele>
      <time>2025-09-14T10:45:53Z</time>
    </trkpt>
    <trkpt lat="51.2538545" lon="5.9944937">
      <ele>22.2</ele>
      <time>2025-09-14T10:46:00Z</time>
    </trkpt>
    <trkpt lat="51.2534883" lon="5.9941720">
      <ele>21.4</ele>
      <time>2025-09-14T10:46:08Z</time>
    </trkpt>
    <trkpt lat="51.2531100" lon="5.9937819">
      <ele>21.6</ele>
      <time>2025-09-14T10:46:17Z</time>
    </trkpt>
    <trkpt lat="51.2530641" lon="5.9937388">
      <ele>21.8</ele>
      <time>2025-09-14T10:46:18Z</time>
    </trkpt>
    <trkpt lat="51.2527112" lon="5.9934242">
      <ele>21.4</ele>
      <time>2025-09-14T10:46:25Z</time>
    </trkpt>
    <trkpt lat="51.2524230" lon="5.9931733">
      <ele>20.6</ele>
      <time>2025-09-14T10:46:29Z</time>
    </trkpt>
    <trkpt lat="51.2523540" lon="5.9931140">
      <ele>20.2</ele>
      <time>2025-09-14T10:46:30Z</time>
    </trkpt>
    <trkpt lat="51.2520635" lon="5.9928667">
      <ele>19.4</ele>
      <time>2025-09-14T10:46:35Z</time>
    </trkpt>
    <trkpt lat="51.2518629" lon="5.9926974">
      <ele>21.8</ele>
      <time>2025-09-14T10:46:39Z</time>
    </trkpt>
    <trkpt lat="51.2517244" lon="5.9925807">
      <ele>23.2</ele>
      <time>2025-09-14T10:46:42Z</time>
    </trkpt>
    <trkpt lat="51.2514244" lon="5.9923260">
      <ele>23.6</ele>
      <time>2025-09-14T10:46:49Z</time>
    </trkpt>
    <trkpt lat="51.2510896" lon="5.9920419">
      <ele>22.4</ele>
      <time>2025-09-14T10:46:57Z</time>
    </trkpt>
    <trkpt lat="51.2506294" lon="5.9916428">
      <ele>22.6</ele>
      <time>2025-09-14T10:47:08Z</time>
    </trkpt>
    <trkpt lat="51.2501540" lon="5.9912094">
      <ele>23.0</ele>
      <time>2025-09-14T10:47:19Z</time>
    </trkpt>
    <trkpt lat="51.2501109" lon="5.9911719">
      <ele>23.0</ele>
      <time>2025-09-14T10:47:20Z</time>
    </trkpt>
    <trkpt lat="51.2496416" lon="5.9907662">
      <ele>22.6</ele>
      <time>2025-09-14T10:47:31Z</time>
    </trkpt>
    <trkpt lat="51.2491266" lon="5.9903225">
      <ele>23.6</ele>
      <time>2025-09-14T10:47:43Z</time>
    </trkpt>
    <trkpt lat="51.2490842" lon="5.9902872">
      <ele>23.6</ele>
      <time>2025-09-14T10:47:44Z</time>
    </trkpt>
    <trkpt lat="51.2489137" lon="5.9901426">
      <ele>23.6</ele>
      <time>2025-09-14T10:47:48Z</time>
    </trkpt>
    <trkpt lat="51.2485807" lon="5.9898538">
      <ele>23.6</ele>
      <time>2025-09-14T10:47:56Z</time>
    </trkpt>
    <trkpt lat="51.2483111" lon="5.9896249">
      <ele>23.6</ele>
      <time>2025-09-14T10:48:02Z</time>
    </trkpt>
    <trkpt lat="51.2481424" lon="5.9894605">
      <ele>23.6</ele>
      <time>2025-09-14T10:48:06Z</time>
    </trkpt>
    <trkpt lat="51.2480564" lon="5.9894464">
      <ele>23.6</ele>
      <time>2025-09-14T10:48:08Z</time>
    </trkpt>
    <trkpt lat="51.2479845" lon="5.9895342">
      <ele>23.6</ele>
      <time>2025-09-14T10:48:10Z</time>
    </trkpt>
    <trkpt lat="51.2479556" lon="5.9895980">
      <ele>23.8</ele>
      <time>2025-09-14T10:48:11Z</time>
    </trkpt>
    <trkpt lat="51.2478994" lon="5.9897327">
      <ele>24.8</ele>
      <time>2025-09-14T10:48:13Z</time>
    </trkpt>
    <trkpt lat="51.2476748" lon="5.9903173">
      <ele>26.0</ele>
      <time>2025-09-14T10:48:21Z</time>
    </trkpt>
    <trkpt lat="51.2474820" lon="5.9908624">
      <ele>25.8</ele>
      <time>2025-09-14T10:48:29Z</time>
    </trkpt>
    <trkpt lat="51.2472754" lon="5.9914102">
      <ele>26.0</ele>
      <time>2025-09-14T10:48:37Z</time>
    </trkpt>
    <trkpt lat="51.2472499" lon="5.9914799">
      <ele>26.0</ele>
      <time>2025-09-14T10:48:38Z</time>
    </trkpt>
    <trkpt lat="51.2471967" lon="5.9916198">
      <ele>26.2</ele>
      <time>2025-09-14T10:48:40Z</time>
    </trkpt>
    <trkpt lat="51.2469888" lon="5.9921852">
      <ele>26.2</ele>
      <time>2025-09-14T10:48:48Z</time>
    </trkpt>
    <trkpt lat="51.2467742" lon="5.9927604">
      <ele>25.6</ele>
      <time>2025-09-14T10:48:56Z</time>
    </trkpt>
    <trkpt lat="51.2465813" lon="5.9933043">
      <ele>25.4</ele>
      <time>2025-09-14T10:49:04Z</time>
    </trkpt>
    <trkpt lat="51.2465553" lon="5.9933641">
      <ele>25.4</ele>
      <time>2025-09-14T10:49:05Z</time>
    </trkpt>
    <trkpt lat="51.2464753" lon="5.9934373">
      <ele>25.2</ele>
      <time>2025-09-14T10:49:07Z</time>
    </trkpt>
    <trkpt lat="51.2463807" lon="5.9934218">
      <ele>25.0</ele>
      <time>2025-09-14T10:49:09Z</time>
    </trkpt>
    <trkpt lat="51.2463336" lon="5.9933946">
      <ele>24.8</ele>
      <time>2025-09-14T10:49:10Z</time>
    </trkpt>
    <trkpt lat="51.2461922" lon="5.9933261">
      <ele>24.0</ele>
      <time>2025-09-14T10:49:13Z</time>
    </trkpt>
    <trkpt lat="51.2460519" lon="5.9932809">
      <ele>23.6</ele>
      <time>2025-09-14T10:49:16Z</time>
    </trkpt>
    <trkpt lat="51.2457355" lon="5.9931717">
      <ele>23.6</ele>
      <time>2025-09-14T10:49:23Z</time>
    </trkpt>
    <trkpt lat="51.2456910" lon="5.9931555">
      <ele>23.6</ele>
      <time>2025-09-14T10:49:24Z</time>
    </trkpt>
    <trkpt lat="51.2452143" lon="5.9930096">
      <ele>23.6</ele>
      <time>2025-09-14T10:49:34Z</time>
    </trkpt>
    <trkpt lat="51.2448663" lon="5.9929556">
      <ele>23.6</ele>
      <time>2025-09-14T10:49:41Z</time>
    </trkpt>
    <trkpt lat="51.2444591" lon="5.9929307">
      <ele>23.6</ele>
      <time>2025-09-14T10:49:49Z</time>
    </trkpt>
    <trkpt lat="51.2440526" lon="5.9929129">
      <ele>23.2</ele>
      <time>2025-09-14T10:49:57Z</time>
    </trkpt>
    <trkpt lat="51.2435332" lon="5.9928696">
      <ele>22.8</ele>
      <time>2025-09-14T10:50:07Z</time>
    </trkpt>
    <trkpt lat="51.2434829" lon="5.9928583">
      <ele>22.6</ele>
      <time>2025-09-14T10:50:08Z</time>
    </trkpt>
    <trkpt lat="51.2431325" lon="5.9927977">
      <ele>22.4</ele>
      <time>2025-09-14T10:50:15Z</time>
    </trkpt>
    <trkpt lat="51.2426845" lon="5.9928037">
      <ele>22.4</ele>
      <time>2025-09-14T10:50:24Z</time>
    </trkpt>
    <trkpt lat="51.2422031" lon="5.9928700">
      <ele>23.0</ele>
      <time>2025-09-14T10:50:34Z</time>
    </trkpt>
    <trkpt lat="51.2418087" lon="5.9928507">
      <ele>23.2</ele>
      <time>2025-09-14T10:50:42Z</time>
    </trkpt>
    <trkpt lat="51.2415490" lon="5.9927687">
      <ele>23.6</ele>
      <time>2025-09-14T10:50:49Z</time>
    </trkpt>
    <trkpt lat="51.2415293" lon="5.9927851">
      <ele>23.6</ele>
      <time>2025-09-14T10:50:51Z</time>
    </trkpt>
    <trkpt lat="51.2415276" lon="5.9927893">
      <ele>24.0</ele>
      <time>2025-09-14T10:50:53Z</time>
    </trkpt>
    <trkpt lat="51.2415276" lon="5.9927893">
      <ele>24.4</ele>
      <time>2025-09-14T10:50:55Z</time>
    </trkpt>
    <trkpt lat="51.2415276" lon="5.9927893">
      <ele>24.8</ele>
      <time>2025-09-14T10:50:58Z</time>
    </trkpt>
    <trkpt lat="51.2415276" lon="5.9927893">
      <ele>23.8</ele>
      <time>2025-09-14T10:51:50Z</time>
    </trkpt>
    <trkpt lat="51.2415276" lon="5.9927893">
      <ele>23.6</ele>
      <time>2025-09-14T10:52:02Z</time>
    </trkpt>
    <trkpt lat="51.2415276" lon="5.9927893">
      <ele>23.6</ele>
      <time>2025-09-14T10:52:13Z</time>
    </trkpt>
    <trkpt lat="51.2415276" lon="5.9927893">
      <ele>24.0</ele>
      <time>2025-09-14T10:52:31Z</time>
    </trkpt>
    <trkpt lat="51.2414968" lon="5.9928859">
      <ele>24.0</ele>
      <time>2025-09-14T10:52:41Z</time>
    </trkpt>
    <trkpt lat="51.2414204" lon="5.9931718">
      <ele>24.0</ele>
      <time>2025-09-14T10:52:46Z</time>
    </trkpt>
    <trkpt lat="51.2413326" lon="5.9935053">
      <ele>23.8</ele>
      <time>2025-09-14T10:52:53Z</time>
    </trkpt>
    <trkpt lat="51.2412178" lon="5.9938919">
      <ele>23.8</ele>
      <time>2025-09-14T10:52:59Z</time>
    </trkpt>
    <trkpt lat="51.2410736" lon="5.9944028">
      <ele>23.8</ele>
      <time>2025-09-14T10:53:06Z</time>
    </trkpt>
    <trkpt lat="51.2409462" lon="5.9948530">
      <ele>23.6</ele>
      <time>2025-09-14T10:53:12Z</time>
    </trkpt>
    <trkpt lat="51.2407613" lon="5.9954932">
      <ele>23.2</ele>
      <time>2025-09-14T10:53:21Z</time>
    </trkpt>
    <trkpt lat="51.2407021" lon="5.9957550">
      <ele>23.4</ele>
      <time>2025-09-14T10:53:25Z</time>
    </trkpt>
    <trkpt lat="51.2406865" lon="5.9959597">
      <ele>23.6</ele>
      <time>2025-09-14T10:53:28Z</time>
    </trkpt>
    <trkpt lat="51.2406574" lon="5.9966280">
      <ele>24.6</ele>
      <time>2025-09-14T10:53:37Z</time>
    </trkpt>
    <trkpt lat="51.2406038" lon="5.9974526">
      <ele>24.2</ele>
      <time>2025-09-14T10:53:47Z</time>
    </trkpt>
    <trkpt lat="51.2405666" lon="5.9981016">
      <ele>22.8</ele>
      <time>2025-09-14T10:53:54Z</time>
    </trkpt>
    <trkpt lat="51.2405609" lon="5.9981923">
      <ele>22.8</ele>
      <time>2025-09-14T10:53:55Z</time>
    </trkpt>
    <trkpt lat="51.2405492" lon="5.9983632">
      <ele>22.4</ele>
      <time>2025-09-14T10:53:57Z</time>
    </trkpt>
    <trkpt lat="51.2405380" lon="5.9985974">
      <ele>22.2</ele>
      <time>2025-09-14T10:54:00Z</time>
    </trkpt>
    <trkpt lat="51.2405332" lon="5.9986712">
      <ele>22.0</ele>
      <time>2025-09-14T10:54:01Z</time>
    </trkpt>
    <trkpt lat="51.2405138" lon="5.9988971">
      <ele>22.2</ele>
      <time>2025-09-14T10:54:05Z</time>
    </trkpt>
    <trkpt lat="51.2404946" lon="5.9989223">
      <ele>22.0</ele>
      <time>2025-09-14T10:54:06Z</time>
    </trkpt>
    <trkpt lat="51.2404329" lon="5.9989228">
      <ele>21.6</ele>
      <time>2025-09-14T10:54:08Z</time>
    </trkpt>
    <trkpt lat="51.2402378" lon="5.9988676">
      <ele>20.6</ele>
      <time>2025-09-14T10:54:13Z</time>
    </trkpt>
    <trkpt lat="51.2401493" lon="5.9988501">
      <ele>20.4</ele>
      <time>2025-09-14T10:54:15Z</time>
    </trkpt>
    <trkpt lat="51.2398288" lon="5.9987750">
      <ele>20.6</ele>
      <time>2025-09-14T10:54:23Z</time>
    </trkpt>
    <trkpt lat="51.2395377" lon="5.9987720">
      <ele>20.4</ele>
      <time>2025-09-14T10:54:30Z</time>
    </trkpt>
    <trkpt lat="51.2392455" lon="5.9988290">
      <ele>20.4</ele>
      <time>2025-09-14T10:54:36Z</time>
    </trkpt>
    <trkpt lat="51.2391949" lon="5.9988237">
      <ele>20.4</ele>
      <time>2025-09-14T10:54:37Z</time>
    </trkpt>
    <trkpt lat="51.2389027" lon="5.9987344">
      <ele>20.2</ele>
      <time>2025-09-14T10:54:43Z</time>
    </trkpt>
    <trkpt lat="51.2386657" lon="5.9986892">
      <ele>20.0</ele>
      <time>2025-09-14T10:54:48Z</time>
    </trkpt>
    <trkpt lat="51.2385770" lon="5.9986683">
      <ele>20.0</ele>
      <time>2025-09-14T10:54:50Z</time>
    </trkpt>
    <trkpt lat="51.2385301" lon="5.9986539">
      <ele>20.0</ele>
      <time>2025-09-14T10:54:51Z</time>
    </trkpt>
    <trkpt lat="51.2383134" lon="5.9986773">
      <ele>20.2</ele>
      <time>2025-09-14T10:54:56Z</time>
    </trkpt>
    <trkpt lat="51.2381168" lon="5.9987276">
      <ele>20.4</ele>
      <time>2025-09-14T10:55:01Z</time>
    </trkpt>
    <trkpt lat="51.2378247" lon="5.9987305">
      <ele>20.2</ele>
      <time>2025-09-14T10:55:07Z</time>
    </trkpt>
    <trkpt lat="51.2377772" lon="5.9987212">
      <ele>20.2</ele>
      <time>2025-09-14T10:55:08Z</time>
    </trkpt>
    <trkpt lat="51.2377281" lon="5.9987131">
      <ele>20.2</ele>
      <time>2025-09-14T10:55:09Z</time>
    </trkpt>
    <trkpt lat="51.2375248" lon="5.9987138">
      <ele>20.0</ele>
      <time>2025-09-14T10:55:13Z</time>
    </trkpt>
    <trkpt lat="51.2369449" lon="5.9987625">
      <ele>20.4</ele>
      <time>2025-09-14T10:55:25Z</time>
    </trkpt>
    <trkpt lat="51.2366716" lon="5.9987501">
      <ele>20.0</ele>
      <time>2025-09-14T10:55:31Z</time>
    </trkpt>
    <trkpt lat="51.2365372" lon="5.9987355">
      <ele>19.8</ele>
      <time>2025-09-14T10:55:34Z</time>
    </trkpt>
    <trkpt lat="51.2361435" lon="5.9986435">
      <ele>19.4</ele>
      <time>2025-09-14T10:55:43Z</time>
    </trkpt>
    <trkpt lat="51.2358236" lon="5.9985515">
      <ele>18.6</ele>
      <time>2025-09-14T10:55:50Z</time>
    </trkpt>
    <trkpt lat="51.2356470" lon="5.9984892">
      <ele>17.8</ele>
      <time>2025-09-14T10:55:54Z</time>
    </trkpt>
    <trkpt lat="51.2355227" lon="5.9984460">
      <ele>17.6</ele>
      <time>2025-09-14T10:55:57Z</time>
    </trkpt>
    <trkpt lat="51.2352029" lon="5.9983161">
      <ele>18.0</ele>
      <time>2025-09-14T10:56:05Z</time>
    </trkpt>
    <trkpt lat="51.2348254" lon="5.9981415">
      <ele>18.4</ele>
      <time>2025-09-14T10:56:14Z</time>
    </trkpt>
    <trkpt lat="51.2346215" lon="5.9980366">
      <ele>18.2</ele>
      <time>2025-09-14T10:56:19Z</time>
    </trkpt>
    <trkpt lat="51.2342011" lon="5.9978244">
      <ele>17.8</ele>
      <time>2025-09-14T10:56:29Z</time>
    </trkpt>
    <trkpt lat="51.2337010" lon="5.9975570">
      <ele>18.0</ele>
      <time>2025-09-14T10:56:41Z</time>
    </trkpt>
    <trkpt lat="51.2334096" lon="5.9974144">
      <ele>18.2</ele>
      <time>2025-09-14T10:56:48Z</time>
    </trkpt>
    <trkpt lat="51.2333391" lon="5.9973365">
      <ele>18.2</ele>
      <time>2025-09-14T10:56:50Z</time>
    </trkpt>
    <trkpt lat="51.2332910" lon="5.9972260">
      <ele>18.2</ele>
      <time>2025-09-14T10:56:52Z</time>
    </trkpt>
    <trkpt lat="51.2332573" lon="5.9970980">
      <ele>18.0</ele>
      <time>2025-09-14T10:56:54Z</time>
    </trkpt>
    <trkpt lat="51.2332023" lon="5.9967612">
      <ele>18.4</ele>
      <time>2025-09-14T10:56:58Z</time>
    </trkpt>
    <trkpt lat="51.2331669" lon="5.9966382">
      <ele>18.8</ele>
      <time>2025-09-14T10:57:01Z</time>
    </trkpt>
    <trkpt lat="51.2331252" lon="5.9965213">
      <ele>18.8</ele>
      <time>2025-09-14T10:57:03Z</time>
    </trkpt>
    <trkpt lat="51.2330595" lon="5.9963471">
      <ele>19.0</ele>
      <time>2025-09-14T10:57:06Z</time>
    </trkpt>
    <trkpt lat="51.2330349" lon="5.9962154">
      <ele>19.2</ele>
      <time>2025-09-14T10:57:08Z</time>
    </trkpt>
    <trkpt lat="51.2330292" lon="5.9961443">
      <ele>19.2</ele>
      <time>2025-09-14T10:57:09Z</time>
    </trkpt>
    <trkpt lat="51.2330264" lon="5.9960723">
      <ele>19.2</ele>
      <time>2025-09-14T10:57:10Z</time>
    </trkpt>
    <trkpt lat="51.2330162" lon="5.9958547">
      <ele>19.2</ele>
      <time>2025-09-14T10:57:13Z</time>
    </trkpt>
    <trkpt lat="51.2330021" lon="5.9957846">
      <ele>19.2</ele>
      <time>2025-09-14T10:57:14Z</time>
    </trkpt>
    <trkpt lat="51.2329834" lon="5.9957200">
      <ele>19.2</ele>
      <time>2025-09-14T10:57:15Z</time>
    </trkpt>
    <trkpt lat="51.2329315" lon="5.9956097">
      <ele>19.2</ele>
      <time>2025-09-14T10:57:17Z</time>
    </trkpt>
    <trkpt lat="51.2328980" lon="5.9955644">
      <ele>19.2</ele>
      <time>2025-09-14T10:57:18Z</time>
    </trkpt>
    <trkpt lat="51.2326238" lon="5.9952406">
      <ele>18.8</ele>
      <time>2025-09-14T10:57:26Z</time>
    </trkpt>
    <trkpt lat="51.2325915" lon="5.9951937">
      <ele>18.8</ele>
      <time>2025-09-14T10:57:27Z</time>
    </trkpt>
    <trkpt lat="51.2322440" lon="5.9947735">
      <ele>18.4</ele>
      <time>2025-09-14T10:57:36Z</time>
    </trkpt>
    <trkpt lat="51.2318049" lon="5.9944439">
      <ele>19.2</ele>
      <time>2025-09-14T10:57:47Z</time>
    </trkpt>
    <trkpt lat="51.2314993" lon="5.9943265">
      <ele>19.4</ele>
      <time>2025-09-14T10:57:54Z</time>
    </trkpt>
    <trkpt lat="51.2314563" lon="5.9943296">
      <ele>19.4</ele>
      <time>2025-09-14T10:57:55Z</time>
    </trkpt>
    <trkpt lat="51.2313282" lon="5.9943587">
      <ele>19.6</ele>
      <time>2025-09-14T10:57:58Z</time>
    </trkpt>
    <trkpt lat="51.2311629" lon="5.9944582">
      <ele>20.0</ele>
      <time>2025-09-14T10:58:02Z</time>
    </trkpt>
    <trkpt lat="51.2307440" lon="5.9946527">
      <ele>20.6</ele>
      <time>2025-09-14T10:58:12Z</time>
    </trkpt>
    <trkpt lat="51.2306671" lon="5.9946605">
      <ele>20.6</ele>
      <time>2025-09-14T10:58:14Z</time>
    </trkpt>
    <trkpt lat="51.2305923" lon="5.9946465">
      <ele>20.6</ele>
      <time>2025-09-14T10:58:16Z</time>
    </trkpt>
    <trkpt lat="51.2305145" lon="5.9946149">
      <ele>20.6</ele>
      <time>2025-09-14T10:58:18Z</time>
    </trkpt>
    <trkpt lat="51.2304405" lon="5.9945473">
      <ele>20.8</ele>
      <time>2025-09-14T10:58:20Z</time>
    </trkpt>
    <trkpt lat="51.2304017" lon="5.9944307">
      <ele>20.8</ele>
      <time>2025-09-14T10:58:22Z</time>
    </trkpt>
    <trkpt lat="51.2303986" lon="5.9941754">
      <ele>20.8</ele>
      <time>2025-09-14T10:58:26Z</time>
    </trkpt>
    <trkpt lat="51.2304126" lon="5.9941137">
      <ele>20.8</ele>
      <time>2025-09-14T10:58:27Z</time>
    </trkpt>
    <trkpt lat="51.2304613" lon="5.9939296">
      <ele>21.0</ele>
      <time>2025-09-14T10:58:30Z</time>
    </trkpt>
    <trkpt lat="51.2304975" lon="5.9936576">
      <ele>21.8</ele>
      <time>2025-09-14T10:58:34Z</time>
    </trkpt>
    <trkpt lat="51.2305027" lon="5.9935284">
      <ele>22.0</ele>
      <time>2025-09-14T10:58:36Z</time>
    </trkpt>
    <trkpt lat="51.2304980" lon="5.9933913">
      <ele>22.0</ele>
      <time>2025-09-14T10:58:39Z</time>
    </trkpt>
    <trkpt lat="51.2304949" lon="5.9933624">
      <ele>22.2</ele>
      <time>2025-09-14T10:58:41Z</time>
    </trkpt>
    <trkpt lat="51.2304949" lon="5.9933624">
      <ele>22.2</ele>
      <time>2025-09-14T10:58:43Z</time>
    </trkpt>
    <trkpt lat="51.2304938" lon="5.9932891">
      <ele>23.0</ele>
      <time>2025-09-14T10:59:04Z</time>
    </trkpt>
    <trkpt lat="51.2304944" lon="5.9932722">
      <ele>23.0</ele>
      <time>2025-09-14T10:59:05Z</time>
    </trkpt>
    <trkpt lat="51.2305504" lon="5.9931504">
      <ele>23.0</ele>
      <time>2025-09-14T10:59:13Z</time>
    </trkpt>
    <trkpt lat="51.2305693" lon="5.9931220">
      <ele>23.2</ele>
      <time>2025-09-14T10:59:16Z</time>
    </trkpt>
    <trkpt lat="51.2305797" lon="5.9931004">
      <ele>23.2</ele>
      <time>2025-09-14T10:59:18Z</time>
    </trkpt>
    <trkpt lat="51.2305763" lon="5.9930549">
      <ele>23.2</ele>
      <time>2025-09-14T10:59:21Z</time>
    </trkpt>
    <trkpt lat="51.2305536" lon="5.9928957">
      <ele>22.6</ele>
      <time>2025-09-14T10:59:31Z</time>
    </trkpt>
    <trkpt lat="51.2305496" lon="5.9928836">
      <ele>22.6</ele>
      <time>2025-09-14T10:59:32Z</time>
    </trkpt>
    <trkpt lat="51.2305333" lon="5.9928050">
      <ele>22.6</ele>
      <time>2025-09-14T10:59:38Z</time>
    </trkpt>
    <trkpt lat="51.2304952" lon="5.9926791">
      <ele>22.8</ele>
      <time>2025-09-14T10:59:47Z</time>
    </trkpt>
    <trkpt lat="51.2304944" lon="5.9926268">
      <ele>22.8</ele>
      <time>2025-09-14T10:59:50Z</time>
    </trkpt>
    <trkpt lat="51.2304969" lon="5.9925930">
      <ele>22.8</ele>
      <time>2025-09-14T10:59:54Z</time>
    </trkpt>
    <trkpt lat="51.2305294" lon="5.9925144">
      <ele>23.0</ele>
      <time>2025-09-14T11:00:00Z</time>
    </trkpt>
    <trkpt lat="51.2306026" lon="5.9923451">
      <ele>22.8</ele>
      <time>2025-09-14T11:00:06Z</time>
    </trkpt>
    <trkpt lat="51.2307056" lon="5.9920890">
      <ele>22.8</ele>
      <time>2025-09-14T11:00:12Z</time>
    </trkpt>
    <trkpt lat="51.2308303" lon="5.9917553">
      <ele>22.6</ele>
      <time>2025-09-14T11:00:18Z</time>
    </trkpt>
    <trkpt lat="51.2309665" lon="5.9914105">
      <ele>22.8</ele>
      <time>2025-09-14T11:00:24Z</time>
    </trkpt>
    <trkpt lat="51.2309901" lon="5.9913547">
      <ele>22.8</ele>
      <time>2025-09-14T11:00:25Z</time>
    </trkpt>
    <trkpt lat="51.2311548" lon="5.9909386">
      <ele>22.8</ele>
      <time>2025-09-14T11:00:32Z</time>
    </trkpt>
    <trkpt lat="51.2312303" lon="5.9907540">
      <ele>22.8</ele>
      <time>2025-09-14T11:00:35Z</time>
    </trkpt>
    <trkpt lat="51.2313328" lon="5.9905107">
      <ele>23.0</ele>
      <time>2025-09-14T11:00:39Z</time>
    </trkpt>
    <trkpt lat="51.2315444" lon="5.9898952">
      <ele>22.8</ele>
      <time>2025-09-14T11:00:48Z</time>
    </trkpt>
    <trkpt lat="51.2317269" lon="5.9893151">
      <ele>22.6</ele>
      <time>2025-09-14T11:00:56Z</time>
    </trkpt>
    <trkpt lat="51.2317745" lon="5.9891742">
      <ele>22.6</ele>
      <time>2025-09-14T11:00:58Z</time>
    </trkpt>
    <trkpt lat="51.2320012" lon="5.9885528">
      <ele>22.4</ele>
      <time>2025-09-14T11:01:07Z</time>
    </trkpt>
    <trkpt lat="51.2322079" lon="5.9879969">
      <ele>22.4</ele>
      <time>2025-09-14T11:01:15Z</time>
    </trkpt>
    <trkpt lat="51.2322489" lon="5.9878554">
      <ele>22.4</ele>
      <time>2025-09-14T11:01:17Z</time>
    </trkpt>
    <trkpt lat="51.2323277" lon="5.9875716">
      <ele>22.4</ele>
      <time>2025-09-14T11:01:21Z</time>
    </trkpt>
    <trkpt lat="51.2323650" lon="5.9874317">
      <ele>22.2</ele>
      <time>2025-09-14T11:01:23Z</time>
    </trkpt>
    <trkpt lat="51.2325004" lon="5.9868435">
      <ele>21.8</ele>
      <time>2025-09-14T11:01:31Z</time>
    </trkpt>
    <trkpt lat="51.2325299" lon="5.9866949">
      <ele>21.8</ele>
      <time>2025-09-14T11:01:33Z</time>
    </trkpt>
    <trkpt lat="51.2325845" lon="5.9864675">
      <ele>22.0</ele>
      <time>2025-09-14T11:01:36Z</time>
    </trkpt>
    <trkpt lat="51.2326617" lon="5.9861110">
      <ele>22.2</ele>
      <time>2025-09-14T11:01:41Z</time>
    </trkpt>
    <trkpt lat="51.2326821" lon="5.9859923">
      <ele>22.4</ele>
      <time>2025-09-14T11:01:43Z</time>
    </trkpt>
    <trkpt lat="51.2327051" lon="5.9858068">
      <ele>23.0</ele>
      <time>2025-09-14T11:01:46Z</time>
    </trkpt>
    <trkpt lat="51.2327058" lon="5.9857577">
      <ele>23.4</ele>
      <time>2025-09-14T11:01:47Z</time>
    </trkpt>
    <trkpt lat="51.2327032" lon="5.9857246">
      <ele>23.8</ele>
      <time>2025-09-14T11:01:48Z</time>
    </trkpt>
    <trkpt lat="51.2326958" lon="5.9857014">
      <ele>24.2</ele>
      <time>2025-09-14T11:01:51Z</time>
    </trkpt>
    <trkpt lat="51.2326973" lon="5.9856828">
      <ele>24.4</ele>
      <time>2025-09-14T11:01:53Z</time>
    </trkpt>
    <trkpt lat="51.2326694" lon="5.9855962">
      <ele>24.4</ele>
      <time>2025-09-14T11:01:56Z</time>
    </trkpt>
    <trkpt lat="51.2325027" lon="5.9854477">
      <ele>24.2</ele>
      <time>2025-09-14T11:02:01Z</time>
    </trkpt>
    <trkpt lat="51.2321694" lon="5.9851061">
      <ele>23.4</ele>
      <time>2025-09-14T11:02:09Z</time>
    </trkpt>
    <trkpt lat="51.2317700" lon="5.9846177">
      <ele>22.8</ele>
      <time>2025-09-14T11:02:19Z</time>
    </trkpt>
    <trkpt lat="51.2317381" lon="5.9845088">
      <ele>22.8</ele>
      <time>2025-09-14T11:02:22Z</time>
    </trkpt>
    <trkpt lat="51.2316895" lon="5.9843556">
      <ele>23.0</ele>
      <time>2025-09-14T11:02:27Z</time>
    </trkpt>
    <trkpt lat="51.2315455" lon="5.9840739">
      <ele>23.4</ele>
      <time>2025-09-14T11:02:33Z</time>
    </trkpt>
    <trkpt lat="51.2314883" lon="5.9839678">
      <ele>23.6</ele>
      <time>2025-09-14T11:02:35Z</time>
    </trkpt>
    <trkpt lat="51.2312936" lon="5.9836473">
      <ele>23.8</ele>
      <time>2025-09-14T11:02:41Z</time>
    </trkpt>
    <trkpt lat="51.2310538" lon="5.9832504">
      <ele>24.0</ele>
      <time>2025-09-14T11:02:48Z</time>
    </trkpt>
    <trkpt lat="51.2308085" lon="5.9828289">
      <ele>23.6</ele>
      <time>2025-09-14T11:02:55Z</time>
    </trkpt>
    <trkpt lat="51.2306714" lon="5.9825864">
      <ele>22.6</ele>
      <time>2025-09-14T11:03:00Z</time>
    </trkpt>
    <trkpt lat="51.2306652" lon="5.9825331">
      <ele>22.4</ele>
      <time>2025-09-14T11:03:01Z</time>
    </trkpt>
    <trkpt lat="51.2306935" lon="5.9824230">
      <ele>22.0</ele>
      <time>2025-09-14T11:03:03Z</time>
    </trkpt>
    <trkpt lat="51.2308047" lon="5.9822209">
      <ele>21.8</ele>
      <time>2025-09-14T11:03:08Z</time>
    </trkpt>
    <trkpt lat="51.2308912" lon="5.9820209">
      <ele>22.0</ele>
      <time>2025-09-14T11:03:14Z</time>
    </trkpt>
    <trkpt lat="51.2310112" lon="5.9817536">
      <ele>22.0</ele>
      <time>2025-09-14T11:03:19Z</time>
    </trkpt>
    <trkpt lat="51.2311842" lon="5.9814016">
      <ele>21.4</ele>
      <time>2025-09-14T11:03:25Z</time>
    </trkpt>
    <trkpt lat="51.2312749" lon="5.9812119">
      <ele>21.4</ele>
      <time>2025-09-14T11:03:28Z</time>
    </trkpt>
    <trkpt lat="51.2313777" lon="5.9810008">
      <ele>21.4</ele>
      <time>2025-09-14T11:03:31Z</time>
    </trkpt>
    <trkpt lat="51.2314128" lon="5.9809329">
      <ele>21.2</ele>
      <time>2025-09-14T11:03:32Z</time>
    </trkpt>
    <trkpt lat="51.2316211" lon="5.9804577">
      <ele>21.0</ele>
      <time>2025-09-14T11:03:39Z</time>
    </trkpt>
    <trkpt lat="51.2316786" lon="5.9803139">
      <ele>20.8</ele>
      <time>2025-09-14T11:03:41Z</time>
    </trkpt>
    <trkpt lat="51.2317779" lon="5.9800330">
      <ele>20.8</ele>
      <time>2025-09-14T11:03:45Z</time>
    </trkpt>
    <trkpt lat="51.2318686" lon="5.9795988">
      <ele>21.0</ele>
      <time>2025-09-14T11:03:52Z</time>
    </trkpt>
    <trkpt lat="51.2318913" lon="5.9794522">
      <ele>21.2</ele>
      <time>2025-09-14T11:03:58Z</time>
    </trkpt>
    <trkpt lat="51.2318913" lon="5.9794522">
      <ele>21.8</ele>
      <time>2025-09-14T11:04:06Z</time>
    </trkpt>
    <trkpt lat="51.2319272" lon="5.9794376">
      <ele>22.0</ele>
      <time>2025-09-14T11:04:13Z</time>
    </trkpt>
    <trkpt lat="51.2319277" lon="5.9794331">
      <ele>22.2</ele>
      <time>2025-09-14T11:04:21Z</time>
    </trkpt>
    <trkpt lat="51.2319277" lon="5.9794331">
      <ele>22.2</ele>
      <time>2025-09-14T11:04:35Z</time>
    </trkpt>
    <trkpt lat="51.2319277" lon="5.9794331">
      <ele>21.6</ele>
      <time>2025-09-14T11:05:05Z</time>
    </trkpt>
    <trkpt lat="51.2319277" lon="5.9794331">
      <ele>21.8</ele>
      <time>2025-09-14T11:05:22Z</time>
    </trkpt>
    <trkpt lat="51.2319277" lon="5.9794331">
      <ele>21.8</ele>
      <time>2025-09-14T11:05:37Z</time>
    </trkpt>
    <trkpt lat="51.2319277" lon="5.9794331">
      <ele>22.0</ele>
      <time>2025-09-14T11:05:59Z</time>
    </trkpt>
    <trkpt lat="51.2319277" lon="5.9794331">
      <ele>21.8</ele>
      <time>2025-09-14T11:06:13Z</time>
    </trkpt>
    <trkpt lat="51.2319277" lon="5.9794331">
      <ele>21.6</ele>
      <time>2025-09-14T11:06:27Z</time>
    </trkpt>
    <trkpt lat="51.2319277" lon="5.9794331">
      <ele>22.0</ele>
      <time>2025-09-14T11:06:35Z</time>
    </trkpt>
    <trkpt lat="51.2319277" lon="5.9794331">
      <ele>22.0</ele>
      <time>2025-09-14T11:06:50Z</time>
    </trkpt>
    <trkpt lat="51.2319277" lon="5.9794331">
      <ele>21.6</ele>
      <time>2025-09-14T11:07:17Z</time>
    </trkpt>
    <trkpt lat="51.2319277" lon="5.9794331">
      <ele>22.0</ele>
      <time>2025-09-14T11:07:47Z</time>
    </trkpt>
    <trkpt lat="51.2319277" lon="5.9794331">
      <ele>22.2</ele>
      <time>2025-09-14T11:08:14Z</time>
    </trkpt>
    <trkpt lat="51.2319277" lon="5.9794331">
      <ele>22.4</ele>
      <time>2025-09-14T11:08:44Z</time>
    </trkpt>
    <trkpt lat="51.2319277" lon="5.9794331">
      <ele>22.4</ele>
      <time>2025-09-14T11:08:48Z</time>
    </trkpt>
    <trkpt lat="51.2319277" lon="5.9794331">
      <ele>22.4</ele>
      <time>2025-09-14T11:09:18Z</time>
    </trkpt>
    <trkpt lat="51.2319277" lon="5.9794331">
      <ele>22.0</ele>
      <time>2025-09-14T11:09:34Z</time>
    </trkpt>
    <trkpt lat="51.2319277" lon="5.9794331">
      <ele>22.0</ele>
      <time>2025-09-14T11:10:00Z</time>
    </trkpt>
    <trkpt lat="51.2319277" lon="5.9794331">
      <ele>22.0</ele>
      <time>2025-09-14T11:11:03Z</time>
    </trkpt>
    <trkpt lat="51.2319277" lon="5.9794331">
      <ele>22.0</ele>
      <time>2025-09-14T11:12:22Z</time>
    </trkpt>
    <trkpt lat="51.2319277" lon="5.9794331">
      <ele>21.8</ele>
      <time>2025-09-14T11:12:50Z</time>
    </trkpt>
    <trkpt lat="51.2319277" lon="5.9794331">
      <ele>22.0</ele>
      <time>2025-09-14T11:13:25Z</time>
    </trkpt>
    <trkpt lat="51.2319277" lon="5.9794331">
      <ele>22.4</ele>
      <time>2025-09-14T11:13:38Z</time>
    </trkpt>
    <trkpt lat="51.2319277" lon="5.9794331">
      <ele>22.4</ele>
      <time>2025-09-14T11:13:51Z</time>
    </trkpt>
    <trkpt lat="51.2319277" lon="5.9794331">
      <ele>22.6</ele>
      <time>2025-09-14T11:14:04Z</time>
    </trkpt>
    <trkpt lat="51.2319277" lon="5.9794331">
      <ele>22.6</ele>
      <time>2025-09-14T11:14:15Z</time>
    </trkpt>
    <trkpt lat="51.2319277" lon="5.9794331">
      <ele>22.8</ele>
      <time>2025-09-14T11:15:27Z</time>
    </trkpt>
    <trkpt lat="51.2319277" lon="5.9794331">
      <ele>22.8</ele>
      <time>2025-09-14T11:16:10Z</time>
    </trkpt>
    <trkpt lat="51.2319277" lon="5.9794331">
      <ele>22.8</ele>
      <time>2025-09-14T11:16:15Z</time>
    </trkpt>
    <trkpt lat="51.2319277" lon="5.9794331">
      <ele>22.6</ele>
      <time>2025-09-14T11:16:38Z</time>
    </trkpt>
    <trkpt lat="51.2319277" lon="5.9794331">
      <ele>22.6</ele>
      <time>2025-09-14T11:16:55Z</time>
    </trkpt>
    <trkpt lat="51.2319277" lon="5.9794331">
      <ele>22.6</ele>
      <time>2025-09-14T11:17:54Z</time>
    </trkpt>
    <trkpt lat="51.2319277" lon="5.9794331">
      <ele>22.8</ele>
      <time>2025-09-14T11:18:42Z</time>
    </trkpt>
    <trkpt lat="51.2319277" lon="5.9794331">
      <ele>22.4</ele>
      <time>2025-09-14T11:19:20Z</time>
    </trkpt>
    <trkpt lat="51.2319277" lon="5.9794331">
      <ele>22.4</ele>
      <time>2025-09-14T11:19:54Z</time>
    </trkpt>
    <trkpt lat="51.2319277" lon="5.9794331">
      <ele>22.2</ele>
      <time>2025-09-14T11:20:55Z</time>
    </trkpt>
    <trkpt lat="51.2319230" lon="5.9794339">
      <ele>22.4</ele>
      <time>2025-09-14T11:21:51Z</time>
    </trkpt>
    <trkpt lat="51.2319178" lon="5.9794270">
      <ele>22.4</ele>
      <time>2025-09-14T11:21:58Z</time>
    </trkpt>
    <trkpt lat="51.2319223" lon="5.9793950">
      <ele>21.8</ele>
      <time>2025-09-14T11:22:06Z</time>
    </trkpt>
    <trkpt lat="51.2319225" lon="5.9793859">
      <ele>21.8</ele>
      <time>2025-09-14T11:22:09Z</time>
    </trkpt>
    <trkpt lat="51.2319261" lon="5.9793346">
      <ele>21.6</ele>
      <time>2025-09-14T11:22:11Z</time>
    </trkpt>
    <trkpt lat="51.2319504" lon="5.9791109">
      <ele>21.0</ele>
      <time>2025-09-14T11:22:16Z</time>
    </trkpt>
    <trkpt lat="51.2319687" lon="5.9789833">
      <ele>20.6</ele>
      <time>2025-09-14T11:22:18Z</time>
    </trkpt>
    <trkpt lat="51.2319936" lon="5.9787798">
      <ele>20.0</ele>
      <time>2025-09-14T11:22:21Z</time>
    </trkpt>
    <trkpt lat="51.2320482" lon="5.9783528">
      <ele>19.8</ele>
      <time>2025-09-14T11:22:27Z</time>
    </trkpt>
    <trkpt lat="51.2321644" lon="5.9776195">
      <ele>19.8</ele>
      <time>2025-09-14T11:22:37Z</time>
    </trkpt>
    <trkpt lat="51.2322061" lon="5.9773893">
      <ele>19.6</ele>
      <time>2025-09-14T11:22:40Z</time>
    </trkpt>
    <trkpt lat="51.2322885" lon="5.9768697">
      <ele>19.4</ele>
      <time>2025-09-14T11:22:47Z</time>
    </trkpt>
    <trkpt lat="51.2323144" lon="5.9765373">
      <ele>19.8</ele>
      <time>2025-09-14T11:22:52Z</time>
    </trkpt>
    <trkpt lat="51.2323188" lon="5.9762272">
      <ele>20.6</ele>
      <time>2025-09-14T11:22:57Z</time>
    </trkpt>
    <trkpt lat="51.2323013" lon="5.9760983">
      <ele>20.6</ele>
      <time>2025-09-14T11:22:59Z</time>
    </trkpt>
    <trkpt lat="51.2322879" lon="5.9759691">
      <ele>20.6</ele>
      <time>2025-09-14T11:23:01Z</time>
    </trkpt>
    <trkpt lat="51.2322456" lon="5.9757201">
      <ele>20.6</ele>
      <time>2025-09-14T11:23:05Z</time>
    </trkpt>
    <trkpt lat="51.2321855" lon="5.9753966">
      <ele>20.8</ele>
      <time>2025-09-14T11:23:10Z</time>
    </trkpt>
    <trkpt lat="51.2321203" lon="5.9751574">
      <ele>21.4</ele>
      <time>2025-09-14T11:23:14Z</time>
    </trkpt>
    <trkpt lat="51.2321025" lon="5.9751040">
      <ele>21.4</ele>
      <time>2025-09-14T11:23:15Z</time>
    </trkpt>
    <trkpt lat="51.2320626" lon="5.9750041">
      <ele>21.6</ele>
      <time>2025-09-14T11:23:17Z</time>
    </trkpt>
    <trkpt lat="51.2319928" lon="5.9748161">
      <ele>21.8</ele>
      <time>2025-09-14T11:23:21Z</time>
    </trkpt>
    <trkpt lat="51.2319253" lon="5.9746338">
      <ele>22.0</ele>
      <time>2025-09-14T11:23:26Z</time>
    </trkpt>
    <trkpt lat="51.2319018" lon="5.9746808">
      <ele>22.2</ele>
      <time>2025-09-14T11:23:29Z</time>
    </trkpt>
    <trkpt lat="51.2319813" lon="5.9749567">
      <ele>22.4</ele>
      <time>2025-09-14T11:23:36Z</time>
    </trkpt>
    <trkpt lat="51.2320611" lon="5.9752563">
      <ele>22.4</ele>
      <time>2025-09-14T11:23:42Z</time>
    </trkpt>
    <trkpt lat="51.2321349" lon="5.9755809">
      <ele>22.2</ele>
      <time>2025-09-14T11:23:47Z</time>
    </trkpt>
    <trkpt lat="51.2322046" lon="5.9759836">
      <ele>22.2</ele>
      <time>2025-09-14T11:23:52Z</time>
    </trkpt>
    <trkpt lat="51.2322204" lon="5.9760634">
      <ele>22.0</ele>
      <time>2025-09-14T11:23:53Z</time>
    </trkpt>
    <trkpt lat="51.2322625" lon="5.9761991">
      <ele>22.0</ele>
      <time>2025-09-14T11:23:55Z</time>
    </trkpt>
    <trkpt lat="51.2322955" lon="5.9762470">
      <ele>22.0</ele>
      <time>2025-09-14T11:23:56Z</time>
    </trkpt>
    <trkpt lat="51.2323367" lon="5.9762684">
      <ele>22.0</ele>
      <time>2025-09-14T11:23:57Z</time>
    </trkpt>
    <trkpt lat="51.2323820" lon="5.9762619">
      <ele>22.0</ele>
      <time>2025-09-14T11:23:58Z</time>
    </trkpt>
    <trkpt lat="51.2324265" lon="5.9762434">
      <ele>22.0</ele>
      <time>2025-09-14T11:23:59Z</time>
    </trkpt>
    <trkpt lat="51.2324710" lon="5.9762217">
      <ele>22.2</ele>
      <time>2025-09-14T11:24:00Z</time>
    </trkpt>
    <trkpt lat="51.2325524" lon="5.9761479">
      <ele>22.2</ele>
      <time>2025-09-14T11:24:02Z</time>
    </trkpt>
    <trkpt lat="51.2326188" lon="5.9760626">
      <ele>22.4</ele>
      <time>2025-09-14T11:24:04Z</time>
    </trkpt>
    <trkpt lat="51.2326635" lon="5.9759743">
      <ele>22.6</ele>
      <time>2025-09-14T11:24:06Z</time>
    </trkpt>
    <trkpt lat="51.2326972" lon="5.9759023">
      <ele>22.8</ele>
      <time>2025-09-14T11:24:08Z</time>
    </trkpt>
    <trkpt lat="51.2327450" lon="5.9756760">
      <ele>23.4</ele>
      <time>2025-09-14T11:24:13Z</time>
    </trkpt>
    <trkpt lat="51.2327373" lon="5.9755019">
      <ele>23.6</ele>
      <time>2025-09-14T11:24:16Z</time>
    </trkpt>
    <trkpt lat="51.2327069" lon="5.9752486">
      <ele>23.6</ele>
      <time>2025-09-14T11:24:20Z</time>
    </trkpt>
    <trkpt lat="51.2327239" lon="5.9748603">
      <ele>23.6</ele>
      <time>2025-09-14T11:24:26Z</time>
    </trkpt>
    <trkpt lat="51.2327891" lon="5.9746734">
      <ele>23.6</ele>
      <time>2025-09-14T11:24:29Z</time>
    </trkpt>
    <trkpt lat="51.2328505" lon="5.9745604">
      <ele>23.4</ele>
      <time>2025-09-14T11:24:31Z</time>
    </trkpt>
    <trkpt lat="51.2331478" lon="5.9740681">
      <ele>23.2</ele>
      <time>2025-09-14T11:24:40Z</time>
    </trkpt>
    <trkpt lat="51.2332046" lon="5.9739626">
      <ele>23.2</ele>
      <time>2025-09-14T11:24:42Z</time>
    </trkpt>
    <trkpt lat="51.2332474" lon="5.9738370">
      <ele>23.4</ele>
      <time>2025-09-14T11:24:44Z</time>
    </trkpt>
    <trkpt lat="51.2332596" lon="5.9737716">
      <ele>23.4</ele>
      <time>2025-09-14T11:24:45Z</time>
    </trkpt>
    <trkpt lat="51.2332697" lon="5.9737054">
      <ele>23.4</ele>
      <time>2025-09-14T11:24:46Z</time>
    </trkpt>
    <trkpt lat="51.2332730" lon="5.9735091">
      <ele>23.2</ele>
      <time>2025-09-14T11:24:49Z</time>
    </trkpt>
    <trkpt lat="51.2332664" lon="5.9734387">
      <ele>23.2</ele>
      <time>2025-09-14T11:24:50Z</time>
    </trkpt>
    <trkpt lat="51.2331891" lon="5.9727801">
      <ele>22.4</ele>
      <time>2025-09-14T11:24:59Z</time>
    </trkpt>
    <trkpt lat="51.2331712" lon="5.9726315">
      <ele>22.4</ele>
      <time>2025-09-14T11:25:01Z</time>
    </trkpt>
    <trkpt lat="51.2330983" lon="5.9721452">
      <ele>22.4</ele>
      <time>2025-09-14T11:25:07Z</time>
    </trkpt>
    <trkpt lat="51.2330155" lon="5.9716443">
      <ele>22.2</ele>
      <time>2025-09-14T11:25:13Z</time>
    </trkpt>
    <trkpt lat="51.2330125" lon="5.9713337">
      <ele>22.4</ele>
      <time>2025-09-14T11:25:17Z</time>
    </trkpt>
    <trkpt lat="51.2330100" lon="5.9710975">
      <ele>22.6</ele>
      <time>2025-09-14T11:25:20Z</time>
    </trkpt>
    <trkpt lat="51.2330086" lon="5.9705521">
      <ele>23.6</ele>
      <time>2025-09-14T11:25:27Z</time>
    </trkpt>
    <trkpt lat="51.2329956" lon="5.9704019">
      <ele>23.8</ele>
      <time>2025-09-14T11:25:29Z</time>
    </trkpt>
    <trkpt lat="51.2329275" lon="5.9697183">
      <ele>24.8</ele>
      <time>2025-09-14T11:25:38Z</time>
    </trkpt>
    <trkpt lat="51.2329197" lon="5.9695650">
      <ele>24.8</ele>
      <time>2025-09-14T11:25:40Z</time>
    </trkpt>
    <trkpt lat="51.2329261" lon="5.9688484">
      <ele>24.8</ele>
      <time>2025-09-14T11:25:49Z</time>
    </trkpt>
    <trkpt lat="51.2329844" lon="5.9679208">
      <ele>24.2</ele>
      <time>2025-09-14T11:26:00Z</time>
    </trkpt>
    <trkpt lat="51.2330081" lon="5.9675829">
      <ele>24.4</ele>
      <time>2025-09-14T11:26:04Z</time>
    </trkpt>
    <trkpt lat="51.2330473" lon="5.9669310">
      <ele>24.6</ele>
      <time>2025-09-14T11:26:12Z</time>
    </trkpt>
    <trkpt lat="51.2330965" lon="5.9660313">
      <ele>24.8</ele>
      <time>2025-09-14T11:26:23Z</time>
    </trkpt>
    <trkpt lat="51.2331000" lon="5.9659604">
      <ele>24.8</ele>
      <time>2025-09-14T11:26:24Z</time>
    </trkpt>
    <trkpt lat="51.2331388" lon="5.9653520">
      <ele>24.8</ele>
      <time>2025-09-14T11:26:32Z</time>
    </trkpt>
    <trkpt lat="51.2331791" lon="5.9645969">
      <ele>25.4</ele>
      <time>2025-09-14T11:26:41Z</time>
    </trkpt>
    <trkpt lat="51.2332082" lon="5.9640882">
      <ele>25.2</ele>
      <time>2025-09-14T11:26:47Z</time>
    </trkpt>
    <trkpt lat="51.2332055" lon="5.9638586">
      <ele>25.0</ele>
      <time>2025-09-14T11:26:50Z</time>
    </trkpt>
    <trkpt lat="51.2331623" lon="5.9637253">
      <ele>24.6</ele>
      <time>2025-09-14T11:26:52Z</time>
    </trkpt>
    <trkpt lat="51.2331315" lon="5.9636739">
      <ele>24.6</ele>
      <time>2025-09-14T11:26:53Z</time>
    </trkpt>
    <trkpt lat="51.2330659" lon="5.9635895">
      <ele>24.4</ele>
      <time>2025-09-14T11:26:55Z</time>
    </trkpt>
    <trkpt lat="51.2330233" lon="5.9634877">
      <ele>24.2</ele>
      <time>2025-09-14T11:26:57Z</time>
    </trkpt>
    <trkpt lat="51.2330065" lon="5.9633678">
      <ele>24.2</ele>
      <time>2025-09-14T11:26:59Z</time>
    </trkpt>
    <trkpt lat="51.2330440" lon="5.9632607">
      <ele>24.2</ele>
      <time>2025-09-14T11:27:01Z</time>
    </trkpt>
    <trkpt lat="51.2330908" lon="5.9631473">
      <ele>24.4</ele>
      <time>2025-09-14T11:27:03Z</time>
    </trkpt>
    <trkpt lat="51.2330984" lon="5.9630752">
      <ele>24.6</ele>
      <time>2025-09-14T11:27:04Z</time>
    </trkpt>
    <trkpt lat="51.2330988" lon="5.9630015">
      <ele>24.8</ele>
      <time>2025-09-14T11:27:05Z</time>
    </trkpt>
    <trkpt lat="51.2330788" lon="5.9628552">
      <ele>24.8</ele>
      <time>2025-09-14T11:27:07Z</time>
    </trkpt>
    <trkpt lat="51.2330587" lon="5.9627867">
      <ele>25.0</ele>
      <time>2025-09-14T11:27:08Z</time>
    </trkpt>
    <trkpt lat="51.2329606" lon="5.9623465">
      <ele>24.8</ele>
      <time>2025-09-14T11:27:14Z</time>
    </trkpt>
    <trkpt lat="51.2329561" lon="5.9622755">
      <ele>24.6</ele>
      <time>2025-09-14T11:27:15Z</time>
    </trkpt>
    <trkpt lat="51.2329439" lon="5.9620652">
      <ele>24.4</ele>
      <time>2025-09-14T11:27:20Z</time>
    </trkpt>
    <trkpt lat="51.2329439" lon="5.9620652">
      <ele>25.2</ele>
      <time>2025-09-14T11:27:25Z</time>
    </trkpt>
    <trkpt lat="51.2329439" lon="5.9620652">
      <ele>25.6</ele>
      <time>2025-09-14T11:27:27Z</time>
    </trkpt>
    <trkpt lat="51.2329589" lon="5.9620656">
      <ele>26.0</ele>
      <time>2025-09-14T11:27:31Z</time>
    </trkpt>
    <trkpt lat="51.2329728" lon="5.9620679">
      <ele>26.0</ele>
      <time>2025-09-14T11:27:32Z</time>
    </trkpt>
    <trkpt lat="51.2330487" lon="5.9620467">
      <ele>26.4</ele>
      <time>2025-09-14T11:27:38Z</time>
    </trkpt>
    <trkpt lat="51.2330608" lon="5.9620336">
      <ele>26.4</ele>
      <time>2025-09-14T11:27:40Z</time>
    </trkpt>
    <trkpt lat="51.2330679" lon="5.9620176">
      <ele>26.6</ele>
      <time>2025-09-14T11:27:42Z</time>
    </trkpt>
    <trkpt lat="51.2330679" lon="5.9620176">
      <ele>26.6</ele>
      <time>2025-09-14T11:27:44Z</time>
    </trkpt>
    <trkpt lat="51.2331184" lon="5.9618919">
      <ele>26.4</ele>
      <time>2025-09-14T11:27:55Z</time>
    </trkpt>
    <trkpt lat="51.2331922" lon="5.9615892">
      <ele>26.2</ele>
      <time>2025-09-14T11:28:00Z</time>
    </trkpt>
    <trkpt lat="51.2332613" lon="5.9612188">
      <ele>25.2</ele>
      <time>2025-09-14T11:28:05Z</time>
    </trkpt>
    <trkpt lat="51.2332704" lon="5.9611402">
      <ele>24.8</ele>
      <time>2025-09-14T11:28:06Z</time>
    </trkpt>
    <trkpt lat="51.2333051" lon="5.9608049">
      <ele>24.2</ele>
      <time>2025-09-14T11:28:10Z</time>
    </trkpt>
    <trkpt lat="51.2333342" lon="5.9605452">
      <ele>23.6</ele>
      <time>2025-09-14T11:28:13Z</time>
    </trkpt>
    <trkpt lat="51.2333527" lon="5.9604642">
      <ele>23.6</ele>
      <time>2025-09-14T11:28:14Z</time>
    </trkpt>
    <trkpt lat="51.2333751" lon="5.9603869">
      <ele>23.6</ele>
      <time>2025-09-14T11:28:15Z</time>
    </trkpt>
    <trkpt lat="51.2335008" lon="5.9601013">
      <ele>23.4</ele>
      <time>2025-09-14T11:28:19Z</time>
    </trkpt>
    <trkpt lat="51.2335822" lon="5.9599824">
      <ele>23.4</ele>
      <time>2025-09-14T11:28:21Z</time>
    </trkpt>
    <trkpt lat="51.2337202" lon="5.9598429">
      <ele>23.4</ele>
      <time>2025-09-14T11:28:24Z</time>
    </trkpt>
    <trkpt lat="51.2339893" lon="5.9596331">
      <ele>23.4</ele>
      <time>2025-09-14T11:28:30Z</time>
    </trkpt>
    <trkpt lat="51.2340298" lon="5.9596371">
      <ele>23.4</ele>
      <time>2025-09-14T11:28:31Z</time>
    </trkpt>
    <trkpt lat="51.2340672" lon="5.9596701">
      <ele>23.4</ele>
      <time>2025-09-14T11:28:32Z</time>
    </trkpt>
    <trkpt lat="51.2341156" lon="5.9597829">
      <ele>23.6</ele>
      <time>2025-09-14T11:28:34Z</time>
    </trkpt>
    <trkpt lat="51.2341690" lon="5.9599863">
      <ele>24.2</ele>
      <time>2025-09-14T11:28:37Z</time>
    </trkpt>
    <trkpt lat="51.2342148" lon="5.9600976">
      <ele>24.4</ele>
      <time>2025-09-14T11:28:39Z</time>
    </trkpt>
    <trkpt lat="51.2342468" lon="5.9601466">
      <ele>24.4</ele>
      <time>2025-09-14T11:28:40Z</time>
    </trkpt>
    <trkpt lat="51.2342839" lon="5.9601847">
      <ele>24.4</ele>
      <time>2025-09-14T11:28:41Z</time>
    </trkpt>
    <trkpt lat="51.2344385" lon="5.9603083">
      <ele>24.4</ele>
      <time>2025-09-14T11:28:45Z</time>
    </trkpt>
    <trkpt lat="51.2344745" lon="5.9603368">
      <ele>24.4</ele>
      <time>2025-09-14T11:28:46Z</time>
    </trkpt>
    <trkpt lat="51.2345393" lon="5.9603416">
      <ele>24.4</ele>
      <time>2025-09-14T11:28:48Z</time>
    </trkpt>
    <trkpt lat="51.2345613" lon="5.9603209">
      <ele>24.4</ele>
      <time>2025-09-14T11:28:49Z</time>
    </trkpt>
    <trkpt lat="51.2345711" lon="5.9602905">
      <ele>24.4</ele>
      <time>2025-09-14T11:28:50Z</time>
    </trkpt>
    <trkpt lat="51.2345549" lon="5.9602421">
      <ele>24.4</ele>
      <time>2025-09-14T11:28:52Z</time>
    </trkpt>
    <trkpt lat="51.2344924" lon="5.9601117">
      <ele>24.6</ele>
      <time>2025-09-14T11:28:57Z</time>
    </trkpt>
    <trkpt lat="51.2344875" lon="5.9600929">
      <ele>24.6</ele>
      <time>2025-09-14T11:28:58Z</time>
    </trkpt>
    <trkpt lat="51.2344841" lon="5.9600854">
      <ele>24.8</ele>
      <time>2025-09-14T11:29:01Z</time>
    </trkpt>
    <trkpt lat="51.2344884" lon="5.9600842">
      <ele>25.0</ele>
      <time>2025-09-14T11:29:10Z</time>
    </trkpt>
    <trkpt lat="51.2344884" lon="5.9600842">
      <ele>24.8</ele>
      <time>2025-09-14T11:29:46Z</time>
    </trkpt>
    <trkpt lat="51.2344884" lon="5.9600842">
      <ele>25.0</ele>
      <time>2025-09-14T11:30:33Z</time>
    </trkpt>
    <trkpt lat="51.2344884" lon="5.9600842">
      <ele>25.2</ele>
      <time>2025-09-14T11:31:16Z</time>
    </trkpt>
    <trkpt lat="51.2344884" lon="5.9600842">
      <ele>25.0</ele>
      <time>2025-09-14T11:31:59Z</time>
    </trkpt>
    <trkpt lat="51.2344884" lon="5.9600842">
      <ele>24.8</ele>
      <time>2025-09-14T11:33:30Z</time>
    </trkpt>
    <trkpt lat="51.2344884" lon="5.9600842">
      <ele>25.0</ele>
      <time>2025-09-14T11:34:59Z</time>
    </trkpt>
    <trkpt lat="51.2344884" lon="5.9600842">
      <ele>25.0</ele>
      <time>2025-09-14T11:35:57Z</time>
    </trkpt>
    <trkpt lat="51.2344884" lon="5.9600842">
      <ele>25.2</ele>
      <time>2025-09-14T11:37:43Z</time>
    </trkpt>
    <trkpt lat="51.2344884" lon="5.9600842">
      <ele>24.4</ele>
      <time>2025-09-14T11:39:39Z</time>
    </trkpt>
    <trkpt lat="51.2344884" lon="5.9600842">
      <ele>24.4</ele>
      <time>2025-09-14T11:41:21Z</time>
    </trkpt>
    <trkpt lat="51.2344884" lon="5.9600842">
      <ele>24.2</ele>
      <time>2025-09-14T11:42:19Z</time>
    </trkpt>
    <trkpt lat="51.2344884" lon="5.9600842">
      <ele>24.8</ele>
      <time>2025-09-14T11:43:05Z</time>
    </trkpt>
    <trkpt lat="51.2344884" lon="5.9600842">
      <ele>24.6</ele>
      <time>2025-09-14T11:44:27Z</time>
    </trkpt>
    <trkpt lat="51.2344884" lon="5.9600842">
      <ele>24.6</ele>
      <time>2025-09-14T11:45:29Z</time>
    </trkpt>
    <trkpt lat="51.2344884" lon="5.9600842">
      <ele>25.2</ele>
      <time>2025-09-14T11:46:56Z</time>
    </trkpt>
    <trkpt lat="51.2344884" lon="5.9600842">
      <ele>25.6</ele>
      <time>2025-09-14T11:47:58Z</time>
    </trkpt>
    <trkpt lat="51.2344884" lon="5.9600842">
      <ele>25.6</ele>
      <time>2025-09-14T11:49:03Z</time>
    </trkpt>
    <trkpt lat="51.2344884" lon="5.9600842">
      <ele>26.8</ele>
      <time>2025-09-14T11:54:25Z</time>
    </trkpt>
    <trkpt lat="51.2344884" lon="5.9600842">
      <ele>27.0</ele>
      <time>2025-09-14T11:54:35Z</time>
    </trkpt>
    <trkpt lat="51.2344884" lon="5.9600842">
      <ele>26.2</ele>
      <time>2025-09-14T11:55:43Z</time>
    </trkpt>
    <trkpt lat="51.2344884" lon="5.9600842">
      <ele>26.8</ele>
      <time>2025-09-14T11:56:48Z</time>
    </trkpt>
    <trkpt lat="51.2344884" lon="5.9600842">
      <ele>26.0</ele>
      <time>2025-09-14T11:58:30Z</time>
    </trkpt>
    <trkpt lat="51.2344884" lon="5.9600842">
      <ele>26.6</ele>
      <time>2025-09-14T11:59:58Z</time>
    </trkpt>
    <trkpt lat="51.2344861" lon="5.9600833">
      <ele>26.4</ele>
      <time>2025-09-14T12:00:18Z</time>
    </trkpt>
    <trkpt lat="51.2344639" lon="5.9600746">
      <ele>26.4</ele>
      <time>2025-09-14T12:00:24Z</time>
    </trkpt>
    <trkpt lat="51.2344531" lon="5.9600687">
      <ele>26.6</ele>
      <time>2025-09-14T12:00:25Z</time>
    </trkpt>
    <trkpt lat="51.2343750" lon="5.9600269">
      <ele>26.4</ele>
      <time>2025-09-14T12:00:29Z</time>
    </trkpt>
    <trkpt lat="51.2342238" lon="5.9599937">
      <ele>26.2</ele>
      <time>2025-09-14T12:00:35Z</time>
    </trkpt>
    <trkpt lat="51.2341565" lon="5.9598419">
      <ele>26.4</ele>
      <time>2025-09-14T12:00:40Z</time>
    </trkpt>
    <trkpt lat="51.2341040" lon="5.9596835">
      <ele>26.0</ele>
      <time>2025-09-14T12:00:45Z</time>
    </trkpt>
    <trkpt lat="51.2340942" lon="5.9596150">
      <ele>26.0</ele>
      <time>2025-09-14T12:00:47Z</time>
    </trkpt>
    <trkpt lat="51.2340818" lon="5.9595818">
      <ele>25.8</ele>
      <time>2025-09-14T12:00:48Z</time>
    </trkpt>
    <trkpt lat="51.2340246" lon="5.9595631">
      <ele>26.0</ele>
      <time>2025-09-14T12:00:50Z</time>
    </trkpt>
    <trkpt lat="51.2338511" lon="5.9596662">
      <ele>26.0</ele>
      <time>2025-09-14T12:00:55Z</time>
    </trkpt>
    <trkpt lat="51.2336454" lon="5.9598247">
      <ele>26.0</ele>
      <time>2025-09-14T12:01:00Z</time>
    </trkpt>
    <trkpt lat="51.2335654" lon="5.9599010">
      <ele>26.0</ele>
      <time>2025-09-14T12:01:02Z</time>
    </trkpt>
    <trkpt lat="51.2334097" lon="5.9601146">
      <ele>26.0</ele>
      <time>2025-09-14T12:01:06Z</time>
    </trkpt>
    <trkpt lat="51.2332550" lon="5.9604328">
      <ele>26.0</ele>
      <time>2025-09-14T12:01:11Z</time>
    </trkpt>
    <trkpt lat="51.2332300" lon="5.9604998">
      <ele>26.0</ele>
      <time>2025-09-14T12:01:12Z</time>
    </trkpt>
    <trkpt lat="51.2331709" lon="5.9607107">
      <ele>26.0</ele>
      <time>2025-09-14T12:01:15Z</time>
    </trkpt>
    <trkpt lat="51.2331502" lon="5.9608702">
      <ele>26.0</ele>
      <time>2025-09-14T12:01:17Z</time>
    </trkpt>
    <trkpt lat="51.2331036" lon="5.9612285">
      <ele>26.2</ele>
      <time>2025-09-14T12:01:22Z</time>
    </trkpt>
    <trkpt lat="51.2330791" lon="5.9613284">
      <ele>26.4</ele>
      <time>2025-09-14T12:01:24Z</time>
    </trkpt>
    <trkpt lat="51.2330709" lon="5.9614047">
      <ele>26.8</ele>
      <time>2025-09-14T12:01:27Z</time>
    </trkpt>
    <trkpt lat="51.2330720" lon="5.9614096">
      <ele>26.8</ele>
      <time>2025-09-14T12:01:28Z</time>
    </trkpt>
    <trkpt lat="51.2330720" lon="5.9614096">
      <ele>27.2</ele>
      <time>2025-09-14T12:01:31Z</time>
    </trkpt>
    <trkpt lat="51.2330751" lon="5.9614365">
      <ele>27.4</ele>
      <time>2025-09-14T12:01:54Z</time>
    </trkpt>
    <trkpt lat="51.2330737" lon="5.9614581">
      <ele>27.4</ele>
      <time>2025-09-14T12:01:55Z</time>
    </trkpt>
    <trkpt lat="51.2330206" lon="5.9616140">
      <ele>27.4</ele>
      <time>2025-09-14T12:01:59Z</time>
    </trkpt>
    <trkpt lat="51.2329683" lon="5.9618658">
      <ele>27.4</ele>
      <time>2025-09-14T12:02:03Z</time>
    </trkpt>
    <trkpt lat="51.2329532" lon="5.9620038">
      <ele>27.4</ele>
      <time>2025-09-14T12:02:05Z</time>
    </trkpt>
    <trkpt lat="51.2329179" lon="5.9622922">
      <ele>27.4</ele>
      <time>2025-09-14T12:02:10Z</time>
    </trkpt>
    <trkpt lat="51.2329247" lon="5.9623620">
      <ele>27.4</ele>
      <time>2025-09-14T12:02:11Z</time>
    </trkpt>
    <trkpt lat="51.2329926" lon="5.9627194">
      <ele>27.4</ele>
      <time>2025-09-14T12:02:16Z</time>
    </trkpt>
    <trkpt lat="51.2330501" lon="5.9629236">
      <ele>27.4</ele>
      <time>2025-09-14T12:02:19Z</time>
    </trkpt>
    <trkpt lat="51.2330600" lon="5.9629887">
      <ele>27.6</ele>
      <time>2025-09-14T12:02:20Z</time>
    </trkpt>
    <trkpt lat="51.2330644" lon="5.9630535">
      <ele>27.6</ele>
      <time>2025-09-14T12:02:21Z</time>
    </trkpt>
    <trkpt lat="51.2330637" lon="5.9631214">
      <ele>27.6</ele>
      <time>2025-09-14T12:02:22Z</time>
    </trkpt>
    <trkpt lat="51.2330497" lon="5.9631859">
      <ele>27.6</ele>
      <time>2025-09-14T12:02:23Z</time>
    </trkpt>
    <trkpt lat="51.2329836" lon="5.9632775">
      <ele>27.6</ele>
      <time>2025-09-14T12:02:25Z</time>
    </trkpt>
    <trkpt lat="51.2328965" lon="5.9633040">
      <ele>27.6</ele>
      <time>2025-09-14T12:02:27Z</time>
    </trkpt>
    <trkpt lat="51.2327973" lon="5.9632908">
      <ele>27.4</ele>
      <time>2025-09-14T12:02:29Z</time>
    </trkpt>
    <trkpt lat="51.2325132" lon="5.9632576">
      <ele>26.8</ele>
      <time>2025-09-14T12:02:34Z</time>
    </trkpt>
    <trkpt lat="51.2321622" lon="5.9632697">
      <ele>26.6</ele>
      <time>2025-09-14T12:02:40Z</time>
    </trkpt>
    <trkpt lat="51.2315784" lon="5.9632425">
      <ele>26.8</ele>
      <time>2025-09-14T12:02:50Z</time>
    </trkpt>
    <trkpt lat="51.2314625" lon="5.9632280">
      <ele>26.8</ele>
      <time>2025-09-14T12:02:52Z</time>
    </trkpt>
    <trkpt lat="51.2309996" lon="5.9632227">
      <ele>26.6</ele>
      <time>2025-09-14T12:03:00Z</time>
    </trkpt>
    <trkpt lat="51.2304110" lon="5.9633209">
      <ele>27.8</ele>
      <time>2025-09-14T12:03:10Z</time>
    </trkpt>
    <trkpt lat="51.2303516" lon="5.9633310">
      <ele>27.8</ele>
      <time>2025-09-14T12:03:11Z</time>
    </trkpt>
    <trkpt lat="51.2297784" lon="5.9634347">
      <ele>28.2</ele>
      <time>2025-09-14T12:03:21Z</time>
    </trkpt>
    <trkpt lat="51.2297211" lon="5.9634416">
      <ele>28.2</ele>
      <time>2025-09-14T12:03:22Z</time>
    </trkpt>
    <trkpt lat="51.2292779" lon="5.9634587">
      <ele>28.0</ele>
      <time>2025-09-14T12:03:30Z</time>
    </trkpt>
    <trkpt lat="51.2290623" lon="5.9634628">
      <ele>27.2</ele>
      <time>2025-09-14T12:03:34Z</time>
    </trkpt>
    <trkpt lat="51.2288442" lon="5.9634670">
      <ele>27.0</ele>
      <time>2025-09-14T12:03:38Z</time>
    </trkpt>
    <trkpt lat="51.2287892" lon="5.9634674">
      <ele>27.2</ele>
      <time>2025-09-14T12:03:39Z</time>
    </trkpt>
    <trkpt lat="51.2282674" lon="5.9634710">
      <ele>27.2</ele>
      <time>2025-09-14T12:03:49Z</time>
    </trkpt>
    <trkpt lat="51.2278571" lon="5.9635996">
      <ele>26.6</ele>
      <time>2025-09-14T12:03:56Z</time>
    </trkpt>
    <trkpt lat="51.2275004" lon="5.9638040">
      <ele>26.4</ele>
      <time>2025-09-14T12:04:03Z</time>
    </trkpt>
    <trkpt lat="51.2274555" lon="5.9638338">
      <ele>26.4</ele>
      <time>2025-09-14T12:04:04Z</time>
    </trkpt>
    <trkpt lat="51.2273152" lon="5.9639679">
      <ele>26.4</ele>
      <time>2025-09-14T12:04:07Z</time>
    </trkpt>
    <trkpt lat="51.2272679" lon="5.9640308">
      <ele>26.6</ele>
      <time>2025-09-14T12:04:08Z</time>
    </trkpt>
    <trkpt lat="51.2269002" lon="5.9645521">
      <ele>26.6</ele>
      <time>2025-09-14T12:04:16Z</time>
    </trkpt>
    <trkpt lat="51.2264482" lon="5.9651412">
      <ele>26.8</ele>
      <time>2025-09-14T12:04:26Z</time>
    </trkpt>
    <trkpt lat="51.2263125" lon="5.9653175">
      <ele>27.2</ele>
      <time>2025-09-14T12:04:29Z</time>
    </trkpt>
    <trkpt lat="51.2260796" lon="5.9656036">
      <ele>27.6</ele>
      <time>2025-09-14T12:04:34Z</time>
    </trkpt>
    <trkpt lat="51.2259426" lon="5.9657773">
      <ele>27.8</ele>
      <time>2025-09-14T12:04:37Z</time>
    </trkpt>
    <trkpt lat="51.2258452" lon="5.9658727">
      <ele>27.8</ele>
      <time>2025-09-14T12:04:39Z</time>
    </trkpt>
    <trkpt lat="51.2256886" lon="5.9659689">
      <ele>27.8</ele>
      <time>2025-09-14T12:04:42Z</time>
    </trkpt>
    <trkpt lat="51.2254278" lon="5.9660398">
      <ele>27.2</ele>
      <time>2025-09-14T12:04:47Z</time>
    </trkpt>
    <trkpt lat="51.2250558" lon="5.9660158">
      <ele>27.0</ele>
      <time>2025-09-14T12:04:54Z</time>
    </trkpt>
    <trkpt lat="51.2245683" lon="5.9661306">
      <ele>27.2</ele>
      <time>2025-09-14T12:05:03Z</time>
    </trkpt>
    <trkpt lat="51.2241670" lon="5.9663503">
      <ele>27.2</ele>
      <time>2025-09-14T12:05:10Z</time>
    </trkpt>
    <trkpt lat="51.2238381" lon="5.9667104">
      <ele>26.2</ele>
      <time>2025-09-14T12:05:16Z</time>
    </trkpt>
    <trkpt lat="51.2236088" lon="5.9669604">
      <ele>25.0</ele>
      <time>2025-09-14T12:05:20Z</time>
    </trkpt>
    <trkpt lat="51.2234851" lon="5.9670613">
      <ele>24.6</ele>
      <time>2025-09-14T12:05:22Z</time>
    </trkpt>
    <trkpt lat="51.2232894" lon="5.9671803">
      <ele>24.0</ele>
      <time>2025-09-14T12:05:25Z</time>
    </trkpt>
    <trkpt lat="51.2230268" lon="5.9672730">
      <ele>23.8</ele>
      <time>2025-09-14T12:05:29Z</time>
    </trkpt>
    <trkpt lat="51.2227054" lon="5.9673354">
      <ele>23.0</ele>
      <time>2025-09-14T12:05:34Z</time>
    </trkpt>
    <trkpt lat="51.2224526" lon="5.9673879">
      <ele>22.8</ele>
      <time>2025-09-14T12:05:38Z</time>
    </trkpt>
    <trkpt lat="51.2221828" lon="5.9674927">
      <ele>22.8</ele>
      <time>2025-09-14T12:05:43Z</time>
    </trkpt>
    <trkpt lat="51.2218429" lon="5.9676824">
      <ele>23.0</ele>
      <time>2025-09-14T12:05:49Z</time>
    </trkpt>
    <trkpt lat="51.2214005" lon="5.9678942">
      <ele>22.2</ele>
      <time>2025-09-14T12:05:56Z</time>
    </trkpt>
    <trkpt lat="51.2212102" lon="5.9679126">
      <ele>22.2</ele>
      <time>2025-09-14T12:05:59Z</time>
    </trkpt>
    <trkpt lat="51.2210086" lon="5.9678787">
      <ele>22.2</ele>
      <time>2025-09-14T12:06:02Z</time>
    </trkpt>
    <trkpt lat="51.2207980" lon="5.9678095">
      <ele>22.2</ele>
      <time>2025-09-14T12:06:05Z</time>
    </trkpt>
    <trkpt lat="51.2206087" lon="5.9677174">
      <ele>22.2</ele>
      <time>2025-09-14T12:06:08Z</time>
    </trkpt>
    <trkpt lat="51.2204737" lon="5.9676568">
      <ele>22.0</ele>
      <time>2025-09-14T12:06:10Z</time>
    </trkpt>
    <trkpt lat="51.2204015" lon="5.9676405">
      <ele>22.0</ele>
      <time>2025-09-14T12:06:11Z</time>
    </trkpt>
    <trkpt lat="51.2202683" lon="5.9676209">
      <ele>21.8</ele>
      <time>2025-09-14T12:06:13Z</time>
    </trkpt>
    <trkpt lat="51.2200668" lon="5.9676351">
      <ele>21.6</ele>
      <time>2025-09-14T12:06:16Z</time>
    </trkpt>
    <trkpt lat="51.2199416" lon="5.9676742">
      <ele>21.4</ele>
      <time>2025-09-14T12:06:18Z</time>
    </trkpt>
    <trkpt lat="51.2198275" lon="5.9677349">
      <ele>21.2</ele>
      <time>2025-09-14T12:06:20Z</time>
    </trkpt>
    <trkpt lat="51.2197727" lon="5.9677716">
      <ele>21.2</ele>
      <time>2025-09-14T12:06:21Z</time>
    </trkpt>
    <trkpt lat="51.2197234" lon="5.9678120">
      <ele>21.0</ele>
      <time>2025-09-14T12:06:22Z</time>
    </trkpt>
    <trkpt lat="51.2196753" lon="5.9678607">
      <ele>21.0</ele>
      <time>2025-09-14T12:06:23Z</time>
    </trkpt>
    <trkpt lat="51.2193803" lon="5.9681794">
      <ele>20.6</ele>
      <time>2025-09-14T12:06:29Z</time>
    </trkpt>
    <trkpt lat="51.2192695" lon="5.9682527">
      <ele>20.4</ele>
      <time>2025-09-14T12:06:31Z</time>
    </trkpt>
    <trkpt lat="51.2189215" lon="5.9683616">
      <ele>20.2</ele>
      <time>2025-09-14T12:06:37Z</time>
    </trkpt>
    <trkpt lat="51.2187454" lon="5.9683521">
      <ele>20.0</ele>
      <time>2025-09-14T12:06:40Z</time>
    </trkpt>
    <trkpt lat="51.2185715" lon="5.9683168">
      <ele>19.8</ele>
      <time>2025-09-14T12:06:43Z</time>
    </trkpt>
    <trkpt lat="51.2182241" lon="5.9682313">
      <ele>20.0</ele>
      <time>2025-09-14T12:06:49Z</time>
    </trkpt>
    <trkpt lat="51.2181670" lon="5.9682166">
      <ele>20.0</ele>
      <time>2025-09-14T12:06:50Z</time>
    </trkpt>
    <trkpt lat="51.2176172" lon="5.9680929">
      <ele>20.2</ele>
      <time>2025-09-14T12:07:00Z</time>
    </trkpt>
    <trkpt lat="51.2172391" lon="5.9680542">
      <ele>20.2</ele>
      <time>2025-09-14T12:07:07Z</time>
    </trkpt>
    <trkpt lat="51.2167189" lon="5.9681160">
      <ele>20.4</ele>
      <time>2025-09-14T12:07:17Z</time>
    </trkpt>
    <trkpt lat="51.2161439" lon="5.9682200">
      <ele>20.4</ele>
      <time>2025-09-14T12:07:28Z</time>
    </trkpt>
    <trkpt lat="51.2155713" lon="5.9683101">
      <ele>20.4</ele>
      <time>2025-09-14T12:07:39Z</time>
    </trkpt>
    <trkpt lat="51.2154156" lon="5.9683289">
      <ele>20.4</ele>
      <time>2025-09-14T12:07:42Z</time>
    </trkpt>
    <trkpt lat="51.2148943" lon="5.9683871">
      <ele>20.4</ele>
      <time>2025-09-14T12:07:52Z</time>
    </trkpt>
    <trkpt lat="51.2144184" lon="5.9684186">
      <ele>20.4</ele>
      <time>2025-09-14T12:08:01Z</time>
    </trkpt>
    <trkpt lat="51.2138664" lon="5.9684585">
      <ele>19.6</ele>
      <time>2025-09-14T12:08:11Z</time>
    </trkpt>
    <trkpt lat="51.2137544" lon="5.9684586">
      <ele>19.6</ele>
      <time>2025-09-14T12:08:13Z</time>
    </trkpt>
    <trkpt lat="51.2133788" lon="5.9683768">
      <ele>19.8</ele>
      <time>2025-09-14T12:08:20Z</time>
    </trkpt>
    <trkpt lat="51.2128912" lon="5.9682238">
      <ele>21.0</ele>
      <time>2025-09-14T12:08:29Z</time>
    </trkpt>
    <trkpt lat="51.2127799" lon="5.9681866">
      <ele>21.0</ele>
      <time>2025-09-14T12:08:31Z</time>
    </trkpt>
    <trkpt lat="51.2124018" lon="5.9680275">
      <ele>21.2</ele>
      <time>2025-09-14T12:08:38Z</time>
    </trkpt>
    <trkpt lat="51.2119558" lon="5.9676897">
      <ele>20.8</ele>
      <time>2025-09-14T12:08:47Z</time>
    </trkpt>
    <trkpt lat="51.2115840" lon="5.9673318">
      <ele>20.6</ele>
      <time>2025-09-14T12:08:55Z</time>
    </trkpt>
    <trkpt lat="51.2112158" lon="5.9668202">
      <ele>21.0</ele>
      <time>2025-09-14T12:09:04Z</time>
    </trkpt>
    <trkpt lat="51.2110553" lon="5.9665854">
      <ele>20.8</ele>
      <time>2025-09-14T12:09:08Z</time>
    </trkpt>
    <trkpt lat="51.2106830" lon="5.9660343">
      <ele>20.6</ele>
      <time>2025-09-14T12:09:17Z</time>
    </trkpt>
    <trkpt lat="51.2102713" lon="5.9654521">
      <ele>20.8</ele>
      <time>2025-09-14T12:09:27Z</time>
    </trkpt>
    <trkpt lat="51.2102319" lon="5.9653920">
      <ele>20.6</ele>
      <time>2025-09-14T12:09:28Z</time>
    </trkpt>
    <trkpt lat="51.2098310" lon="5.9647772">
      <ele>20.8</ele>
      <time>2025-09-14T12:09:38Z</time>
    </trkpt>
    <trkpt lat="51.2097506" lon="5.9646504">
      <ele>21.0</ele>
      <time>2025-09-14T12:09:40Z</time>
    </trkpt>
    <trkpt lat="51.2095517" lon="5.9643562">
      <ele>21.0</ele>
      <time>2025-09-14T12:09:45Z</time>
    </trkpt>
    <trkpt lat="51.2094009" lon="5.9641124">
      <ele>21.0</ele>
      <time>2025-09-14T12:09:49Z</time>
    </trkpt>
    <trkpt lat="51.2090223" lon="5.9634667">
      <ele>21.4</ele>
      <time>2025-09-14T12:09:59Z</time>
    </trkpt>
    <trkpt lat="51.2087223" lon="5.9629418">
      <ele>21.0</ele>
      <time>2025-09-14T12:10:07Z</time>
    </trkpt>
    <trkpt lat="51.2084215" lon="5.9624136">
      <ele>21.0</ele>
      <time>2025-09-14T12:10:15Z</time>
    </trkpt>
    <trkpt lat="51.2083434" lon="5.9622724">
      <ele>20.8</ele>
      <time>2025-09-14T12:10:17Z</time>
    </trkpt>
    <trkpt lat="51.2079816" lon="5.9615954">
      <ele>20.4</ele>
      <time>2025-09-14T12:10:27Z</time>
    </trkpt>
    <trkpt lat="51.2076183" lon="5.9609210">
      <ele>20.0</ele>
      <time>2025-09-14T12:10:37Z</time>
    </trkpt>
    <trkpt lat="51.2075807" lon="5.9608512">
      <ele>20.0</ele>
      <time>2025-09-14T12:10:38Z</time>
    </trkpt>
    <trkpt lat="51.2072154" lon="5.9601717">
      <ele>20.6</ele>
      <time>2025-09-14T12:10:48Z</time>
    </trkpt>
    <trkpt lat="51.2069583" lon="5.9596999">
      <ele>20.6</ele>
      <time>2025-09-14T12:10:55Z</time>
    </trkpt>
    <trkpt lat="51.2066931" lon="5.9592211">
      <ele>20.2</ele>
      <time>2025-09-14T12:11:02Z</time>
    </trkpt>
    <trkpt lat="51.2063865" lon="5.9586653">
      <ele>20.4</ele>
      <time>2025-09-14T12:11:10Z</time>
    </trkpt>
    <trkpt lat="51.2060448" lon="5.9580349">
      <ele>20.8</ele>
      <time>2025-09-14T12:11:19Z</time>
    </trkpt>
    <trkpt lat="51.2059685" lon="5.9578962">
      <ele>20.6</ele>
      <time>2025-09-14T12:11:21Z</time>
    </trkpt>
    <trkpt lat="51.2056490" lon="5.9572980">
      <ele>20.2</ele>
      <time>2025-09-14T12:11:30Z</time>
    </trkpt>
    <trkpt lat="51.2053157" lon="5.9566873">
      <ele>20.6</ele>
      <time>2025-09-14T12:11:39Z</time>
    </trkpt>
    <trkpt lat="51.2049917" lon="5.9560672">
      <ele>20.8</ele>
      <time>2025-09-14T12:11:48Z</time>
    </trkpt>
    <trkpt lat="51.2049653" lon="5.9559893">
      <ele>20.8</ele>
      <time>2025-09-14T12:11:49Z</time>
    </trkpt>
    <trkpt lat="51.2049035" lon="5.9557693">
      <ele>20.8</ele>
      <time>2025-09-14T12:11:52Z</time>
    </trkpt>
    <trkpt lat="51.2048410" lon="5.9556380">
      <ele>20.8</ele>
      <time>2025-09-14T12:11:54Z</time>
    </trkpt>
    <trkpt lat="51.2048055" lon="5.9555815">
      <ele>20.8</ele>
      <time>2025-09-14T12:11:55Z</time>
    </trkpt>
    <trkpt lat="51.2047182" lon="5.9555144">
      <ele>21.0</ele>
      <time>2025-09-14T12:11:57Z</time>
    </trkpt>
    <trkpt lat="51.2046273" lon="5.9554376">
      <ele>21.0</ele>
      <time>2025-09-14T12:11:59Z</time>
    </trkpt>
    <trkpt lat="51.2045899" lon="5.9553760">
      <ele>21.0</ele>
      <time>2025-09-14T12:12:00Z</time>
    </trkpt>
    <trkpt lat="51.2043446" lon="5.9549145">
      <ele>21.0</ele>
      <time>2025-09-14T12:12:07Z</time>
    </trkpt>
    <trkpt lat="51.2040486" lon="5.9543810">
      <ele>20.8</ele>
      <time>2025-09-14T12:12:15Z</time>
    </trkpt>
    <trkpt lat="51.2037334" lon="5.9538647">
      <ele>21.0</ele>
      <time>2025-09-14T12:12:23Z</time>
    </trkpt>
    <trkpt lat="51.2033429" lon="5.9533182">
      <ele>21.2</ele>
      <time>2025-09-14T12:12:32Z</time>
    </trkpt>
    <trkpt lat="51.2031455" lon="5.9530172">
      <ele>21.2</ele>
      <time>2025-09-14T12:12:37Z</time>
    </trkpt>
    <trkpt lat="51.2030776" lon="5.9528661">
      <ele>21.2</ele>
      <time>2025-09-14T12:12:39Z</time>
    </trkpt>
    <trkpt lat="51.2029096" lon="5.9524185">
      <ele>21.0</ele>
      <time>2025-09-14T12:12:45Z</time>
    </trkpt>
    <trkpt lat="51.2028563" lon="5.9523574">
      <ele>21.0</ele>
      <time>2025-09-14T12:12:46Z</time>
    </trkpt>
    <trkpt lat="51.2027882" lon="5.9522312">
      <ele>21.0</ele>
      <time>2025-09-14T12:12:48Z</time>
    </trkpt>
    <trkpt lat="51.2026653" lon="5.9519951">
      <ele>21.0</ele>
      <time>2025-09-14T12:12:52Z</time>
    </trkpt>
    <trkpt lat="51.2024290" lon="5.9515253">
      <ele>21.8</ele>
      <time>2025-09-14T12:13:00Z</time>
    </trkpt>
    <trkpt lat="51.2023985" lon="5.9514713">
      <ele>22.0</ele>
      <time>2025-09-14T12:13:01Z</time>
    </trkpt>
    <trkpt lat="51.2021910" lon="5.9510886">
      <ele>23.2</ele>
      <time>2025-09-14T12:13:08Z</time>
    </trkpt>
    <trkpt lat="51.2021059" lon="5.9509236">
      <ele>23.6</ele>
      <time>2025-09-14T12:13:11Z</time>
    </trkpt>
    <trkpt lat="51.2018002" lon="5.9503698">
      <ele>24.2</ele>
      <time>2025-09-14T12:13:21Z</time>
    </trkpt>
    <trkpt lat="51.2017688" lon="5.9503092">
      <ele>24.2</ele>
      <time>2025-09-14T12:13:22Z</time>
    </trkpt>
    <trkpt lat="51.2015526" lon="5.9498901">
      <ele>24.2</ele>
      <time>2025-09-14T12:13:29Z</time>
    </trkpt>
    <trkpt lat="51.2012750" lon="5.9492760">
      <ele>23.2</ele>
      <time>2025-09-14T12:13:38Z</time>
    </trkpt>
    <trkpt lat="51.2010470" lon="5.9488466">
      <ele>22.0</ele>
      <time>2025-09-14T12:13:44Z</time>
    </trkpt>
    <trkpt lat="51.2010103" lon="5.9487791">
      <ele>21.8</ele>
      <time>2025-09-14T12:13:45Z</time>
    </trkpt>
    <trkpt lat="51.2009082" lon="5.9485985">
      <ele>21.2</ele>
      <time>2025-09-14T12:13:49Z</time>
    </trkpt>
    <trkpt lat="51.2008959" lon="5.9485740">
      <ele>21.8</ele>
      <time>2025-09-14T12:13:53Z</time>
    </trkpt>
    <trkpt lat="51.2008963" lon="5.9485719">
      <ele>23.0</ele>
      <time>2025-09-14T12:13:58Z</time>
    </trkpt>
    <trkpt lat="51.2008954" lon="5.9485677">
      <ele>23.2</ele>
      <time>2025-09-14T12:14:01Z</time>
    </trkpt>
    <trkpt lat="51.2008999" lon="5.9485850">
      <ele>23.4</ele>
      <time>2025-09-14T12:14:14Z</time>
    </trkpt>
    <trkpt lat="51.2008999" lon="5.9485850">
      <ele>23.2</ele>
      <time>2025-09-14T12:14:21Z</time>
    </trkpt>
    <trkpt lat="51.2009073" lon="5.9485931">
      <ele>23.2</ele>
      <time>2025-09-14T12:14:37Z</time>
    </trkpt>
    <trkpt lat="51.2009073" lon="5.9485931">
      <ele>23.2</ele>
      <time>2025-09-14T12:15:03Z</time>
    </trkpt>
    <trkpt lat="51.2009073" lon="5.9485931">
      <ele>23.2</ele>
      <time>2025-09-14T12:15:32Z</time>
    </trkpt>
    <trkpt lat="51.2009073" lon="5.9485931">
      <ele>23.2</ele>
      <time>2025-09-14T12:16:00Z</time>
    </trkpt>
    <trkpt lat="51.2009073" lon="5.9485931">
      <ele>23.0</ele>
      <time>2025-09-14T12:16:26Z</time>
    </trkpt>
    <trkpt lat="51.2008920" lon="5.9485734">
      <ele>23.2</ele>
      <time>2025-09-14T12:16:38Z</time>
    </trkpt>
    <trkpt lat="51.2008393" lon="5.9484720">
      <ele>23.2</ele>
      <time>2025-09-14T12:16:43Z</time>
    </trkpt>
    <trkpt lat="51.2007079" lon="5.9482494">
      <ele>22.8</ele>
      <time>2025-09-14T12:16:48Z</time>
    </trkpt>
    <trkpt lat="51.2005437" lon="5.9479567">
      <ele>22.6</ele>
      <time>2025-09-14T12:16:54Z</time>
    </trkpt>
    <trkpt lat="51.2003519" lon="5.9475885">
      <ele>22.6</ele>
      <time>2025-09-14T12:17:00Z</time>
    </trkpt>
    <trkpt lat="51.2003167" lon="5.9475210">
      <ele>22.6</ele>
      <time>2025-09-14T12:17:01Z</time>
    </trkpt>
    <trkpt lat="51.2000202" lon="5.9469709">
      <ele>22.4</ele>
      <time>2025-09-14T12:17:09Z</time>
    </trkpt>
    <trkpt lat="51.1997095" lon="5.9464114">
      <ele>22.2</ele>
      <time>2025-09-14T12:17:17Z</time>
    </trkpt>
    <trkpt lat="51.1996002" lon="5.9461958">
      <ele>21.8</ele>
      <time>2025-09-14T12:17:20Z</time>
    </trkpt>
    <trkpt lat="51.1992194" lon="5.9454972">
      <ele>22.4</ele>
      <time>2025-09-14T12:17:30Z</time>
    </trkpt>
    <trkpt lat="51.1990002" lon="5.9450973">
      <ele>22.6</ele>
      <time>2025-09-14T12:17:36Z</time>
    </trkpt>
    <trkpt lat="51.1987498" lon="5.9446347">
      <ele>23.0</ele>
      <time>2025-09-14T12:17:44Z</time>
    </trkpt>
    <trkpt lat="51.1985066" lon="5.9441781">
      <ele>23.0</ele>
      <time>2025-09-14T12:17:52Z</time>
    </trkpt>
    <trkpt lat="51.1982162" lon="5.9436615">
      <ele>23.2</ele>
      <time>2025-09-14T12:18:01Z</time>
    </trkpt>
    <trkpt lat="51.1981854" lon="5.9436044">
      <ele>23.2</ele>
      <time>2025-09-14T12:18:02Z</time>
    </trkpt>
    <trkpt lat="51.1981530" lon="5.9435453">
      <ele>23.2</ele>
      <time>2025-09-14T12:18:03Z</time>
    </trkpt>
    <trkpt lat="51.1978609" lon="5.9429760">
      <ele>22.6</ele>
      <time>2025-09-14T12:18:12Z</time>
    </trkpt>
    <trkpt lat="51.1975127" lon="5.9423407">
      <ele>22.4</ele>
      <time>2025-09-14T12:18:22Z</time>
    </trkpt>
    <trkpt lat="51.1972172" lon="5.9417813">
      <ele>22.2</ele>
      <time>2025-09-14T12:18:31Z</time>
    </trkpt>
    <trkpt lat="51.1971842" lon="5.9417247">
      <ele>22.2</ele>
      <time>2025-09-14T12:18:32Z</time>
    </trkpt>
    <trkpt lat="51.1971532" lon="5.9416685">
      <ele>22.2</ele>
      <time>2025-09-14T12:18:33Z</time>
    </trkpt>
    <trkpt lat="51.1969331" lon="5.9412586">
      <ele>22.0</ele>
      <time>2025-09-14T12:18:40Z</time>
    </trkpt>
    <trkpt lat="51.1967170" lon="5.9408575">
      <ele>22.4</ele>
      <time>2025-09-14T12:18:47Z</time>
    </trkpt>
    <trkpt lat="51.1964682" lon="5.9404113">
      <ele>22.4</ele>
      <time>2025-09-14T12:18:55Z</time>
    </trkpt>
    <trkpt lat="51.1961676" lon="5.9398359">
      <ele>22.0</ele>
      <time>2025-09-14T12:19:05Z</time>
    </trkpt>
    <trkpt lat="51.1957966" lon="5.9391544">
      <ele>22.4</ele>
      <time>2025-09-14T12:19:17Z</time>
    </trkpt>
    <trkpt lat="51.1957651" lon="5.9391019">
      <ele>22.4</ele>
      <time>2025-09-14T12:19:18Z</time>
    </trkpt>
    <trkpt lat="51.1954618" lon="5.9385433">
      <ele>22.4</ele>
      <time>2025-09-14T12:19:28Z</time>
    </trkpt>
    <trkpt lat="51.1952211" lon="5.9381050">
      <ele>22.0</ele>
      <time>2025-09-14T12:19:36Z</time>
    </trkpt>
    <trkpt lat="51.1951324" lon="5.9379352">
      <ele>22.0</ele>
      <time>2025-09-14T12:19:39Z</time>
    </trkpt>
    <trkpt lat="51.1950470" lon="5.9377686">
      <ele>22.0</ele>
      <time>2025-09-14T12:19:42Z</time>
    </trkpt>
    <trkpt lat="51.1949537" lon="5.9376085">
      <ele>21.8</ele>
      <time>2025-09-14T12:19:45Z</time>
    </trkpt>
    <trkpt lat="51.1946973" lon="5.9371314">
      <ele>21.6</ele>
      <time>2025-09-14T12:19:54Z</time>
    </trkpt>
    <trkpt lat="51.1944419" lon="5.9366485">
      <ele>22.2</ele>
      <time>2025-09-14T12:20:03Z</time>
    </trkpt>
    <trkpt lat="51.1941464" lon="5.9361130">
      <ele>22.2</ele>
      <time>2025-09-14T12:20:13Z</time>
    </trkpt>
    <trkpt lat="51.1938872" lon="5.9356448">
      <ele>22.0</ele>
      <time>2025-09-14T12:20:22Z</time>
    </trkpt>
    <trkpt lat="51.1935871" lon="5.9351195">
      <ele>22.4</ele>
      <time>2025-09-14T12:20:32Z</time>
    </trkpt>
    <trkpt lat="51.1933591" lon="5.9347338">
      <ele>22.4</ele>
      <time>2025-09-14T12:20:39Z</time>
    </trkpt>
    <trkpt lat="51.1930173" lon="5.9341699">
      <ele>22.4</ele>
      <time>2025-09-14T12:20:49Z</time>
    </trkpt>
    <trkpt lat="51.1927401" lon="5.9337167">
      <ele>22.0</ele>
      <time>2025-09-14T12:20:57Z</time>
    </trkpt>
    <trkpt lat="51.1924022" lon="5.9331758">
      <ele>21.4</ele>
      <time>2025-09-14T12:21:07Z</time>
    </trkpt>
    <trkpt lat="51.1920971" lon="5.9327029">
      <ele>21.4</ele>
      <time>2025-09-14T12:21:16Z</time>
    </trkpt>
    <trkpt lat="51.1918229" lon="5.9322802">
      <ele>22.0</ele>
      <time>2025-09-14T12:21:24Z</time>
    </trkpt>
    <trkpt lat="51.1915025" lon="5.9318193">
      <ele>22.0</ele>
      <time>2025-09-14T12:21:33Z</time>
    </trkpt>
    <trkpt lat="51.1911354" lon="5.9313051">
      <ele>22.4</ele>
      <time>2025-09-14T12:21:43Z</time>
    </trkpt>
    <trkpt lat="51.1908466" lon="5.9309137">
      <ele>22.6</ele>
      <time>2025-09-14T12:21:51Z</time>
    </trkpt>
    <trkpt lat="51.1908145" lon="5.9308602">
      <ele>22.6</ele>
      <time>2025-09-14T12:21:52Z</time>
    </trkpt>
    <trkpt lat="51.1907723" lon="5.9307362">
      <ele>22.6</ele>
      <time>2025-09-14T12:21:54Z</time>
    </trkpt>
    <trkpt lat="51.1907703" lon="5.9306678">
      <ele>22.6</ele>
      <time>2025-09-14T12:21:55Z</time>
    </trkpt>
    <trkpt lat="51.1907771" lon="5.9306022">
      <ele>22.6</ele>
      <time>2025-09-14T12:21:56Z</time>
    </trkpt>
    <trkpt lat="51.1907762" lon="5.9304787">
      <ele>22.6</ele>
      <time>2025-09-14T12:21:58Z</time>
    </trkpt>
    <trkpt lat="51.1907270" lon="5.9304022">
      <ele>22.8</ele>
      <time>2025-09-14T12:22:00Z</time>
    </trkpt>
    <trkpt lat="51.1906951" lon="5.9303821">
      <ele>22.8</ele>
      <time>2025-09-14T12:22:01Z</time>
    </trkpt>
    <trkpt lat="51.1905612" lon="5.9302401">
      <ele>23.2</ele>
      <time>2025-09-14T12:22:05Z</time>
    </trkpt>
    <trkpt lat="51.1905283" lon="5.9301989">
      <ele>23.2</ele>
      <time>2025-09-14T12:22:06Z</time>
    </trkpt>
    <trkpt lat="51.1903856" lon="5.9300585">
      <ele>23.0</ele>
      <time>2025-09-14T12:22:10Z</time>
    </trkpt>
    <trkpt lat="51.1903060" lon="5.9300228">
      <ele>23.0</ele>
      <time>2025-09-14T12:22:12Z</time>
    </trkpt>
    <trkpt lat="51.1902300" lon="5.9300287">
      <ele>22.8</ele>
      <time>2025-09-14T12:22:14Z</time>
    </trkpt>
    <trkpt lat="51.1901627" lon="5.9300580">
      <ele>22.6</ele>
      <time>2025-09-14T12:22:16Z</time>
    </trkpt>
    <trkpt lat="51.1901301" lon="5.9300641">
      <ele>22.6</ele>
      <time>2025-09-14T12:22:17Z</time>
    </trkpt>
    <trkpt lat="51.1900655" lon="5.9300141">
      <ele>22.8</ele>
      <time>2025-09-14T12:22:19Z</time>
    </trkpt>
    <trkpt lat="51.1897679" lon="5.9296126">
      <ele>22.8</ele>
      <time>2025-09-14T12:22:28Z</time>
    </trkpt>
    <trkpt lat="51.1893929" lon="5.9291369">
      <ele>22.8</ele>
      <time>2025-09-14T12:22:39Z</time>
    </trkpt>
    <trkpt lat="51.1890092" lon="5.9286584">
      <ele>23.2</ele>
      <time>2025-09-14T12:22:50Z</time>
    </trkpt>
    <trkpt lat="51.1887025" lon="5.9282625">
      <ele>22.4</ele>
      <time>2025-09-14T12:22:59Z</time>
    </trkpt>
    <trkpt lat="51.1886444" lon="5.9281646">
      <ele>22.2</ele>
      <time>2025-09-14T12:23:01Z</time>
    </trkpt>
    <trkpt lat="51.1884392" lon="5.9277749">
      <ele>21.8</ele>
      <time>2025-09-14T12:23:08Z</time>
    </trkpt>
    <trkpt lat="51.1881605" lon="5.9271943">
      <ele>21.8</ele>
      <time>2025-09-14T12:23:18Z</time>
    </trkpt>
    <trkpt lat="51.1878869" lon="5.9267872">
      <ele>21.8</ele>
      <time>2025-09-14T12:23:26Z</time>
    </trkpt>
    <trkpt lat="51.1876201" lon="5.9264967">
      <ele>21.6</ele>
      <time>2025-09-14T12:23:33Z</time>
    </trkpt>
    <trkpt lat="51.1873726" lon="5.9263030">
      <ele>21.2</ele>
      <time>2025-09-14T12:23:39Z</time>
    </trkpt>
    <trkpt lat="51.1872396" lon="5.9262217">
      <ele>21.2</ele>
      <time>2025-09-14T12:23:42Z</time>
    </trkpt>
    <trkpt lat="51.1868192" lon="5.9260392">
      <ele>22.2</ele>
      <time>2025-09-14T12:23:51Z</time>
    </trkpt>
    <trkpt lat="51.1864657" lon="5.9258017">
      <ele>22.4</ele>
      <time>2025-09-14T12:23:59Z</time>
    </trkpt>
    <trkpt lat="51.1860451" lon="5.9254043">
      <ele>22.0</ele>
      <time>2025-09-14T12:24:09Z</time>
    </trkpt>
    <trkpt lat="51.1855702" lon="5.9249405">
      <ele>22.2</ele>
      <time>2025-09-14T12:24:20Z</time>
    </trkpt>
    <trkpt lat="51.1855265" lon="5.9249014">
      <ele>22.2</ele>
      <time>2025-09-14T12:24:21Z</time>
    </trkpt>
    <trkpt lat="51.1852091" lon="5.9246235">
      <ele>23.2</ele>
      <time>2025-09-14T12:24:28Z</time>
    </trkpt>
    <trkpt lat="51.1850777" lon="5.9244991">
      <ele>23.2</ele>
      <time>2025-09-14T12:24:31Z</time>
    </trkpt>
    <trkpt lat="51.1846042" lon="5.9240659">
      <ele>23.0</ele>
      <time>2025-09-14T12:24:42Z</time>
    </trkpt>
    <trkpt lat="51.1845178" lon="5.9239956">
      <ele>22.8</ele>
      <time>2025-09-14T12:24:44Z</time>
    </trkpt>
    <trkpt lat="51.1840016" lon="5.9235488">
      <ele>23.0</ele>
      <time>2025-09-14T12:24:56Z</time>
    </trkpt>
    <trkpt lat="51.1835591" lon="5.9231782">
      <ele>23.0</ele>
      <time>2025-09-14T12:25:06Z</time>
    </trkpt>
    <trkpt lat="51.1830758" lon="5.9227840">
      <ele>23.4</ele>
      <time>2025-09-14T12:25:17Z</time>
    </trkpt>
    <trkpt lat="51.1830329" lon="5.9227457">
      <ele>23.4</ele>
      <time>2025-09-14T12:25:18Z</time>
    </trkpt>
    <trkpt lat="51.1825405" lon="5.9223720">
      <ele>23.6</ele>
      <time>2025-09-14T12:25:29Z</time>
    </trkpt>
    <trkpt lat="51.1824998" lon="5.9223364">
      <ele>23.6</ele>
      <time>2025-09-14T12:25:30Z</time>
    </trkpt>
    <trkpt lat="51.1821059" lon="5.9220410">
      <ele>23.4</ele>
      <time>2025-09-14T12:25:39Z</time>
    </trkpt>
    <trkpt lat="51.1817939" lon="5.9218081">
      <ele>24.2</ele>
      <time>2025-09-14T12:25:46Z</time>
    </trkpt>
    <trkpt lat="51.1817044" lon="5.9217412">
      <ele>24.4</ele>
      <time>2025-09-14T12:25:48Z</time>
    </trkpt>
    <trkpt lat="51.1816600" lon="5.9217091">
      <ele>25.2</ele>
      <time>2025-09-14T12:25:49Z</time>
    </trkpt>
    <trkpt lat="51.1816129" lon="5.9216756">
      <ele>25.4</ele>
      <time>2025-09-14T12:25:50Z</time>
    </trkpt>
    <trkpt lat="51.1811009" lon="5.9213105">
      <ele>26.6</ele>
      <time>2025-09-14T12:26:01Z</time>
    </trkpt>
    <trkpt lat="51.1810556" lon="5.9212762">
      <ele>26.6</ele>
      <time>2025-09-14T12:26:02Z</time>
    </trkpt>
    <trkpt lat="51.1805948" lon="5.9209338">
      <ele>27.0</ele>
      <time>2025-09-14T12:26:12Z</time>
    </trkpt>
    <trkpt lat="51.1801584" lon="5.9206246">
      <ele>27.2</ele>
      <time>2025-09-14T12:26:21Z</time>
    </trkpt>
    <trkpt lat="51.1797423" lon="5.9203737">
      <ele>27.4</ele>
      <time>2025-09-14T12:26:30Z</time>
    </trkpt>
    <trkpt lat="51.1792694" lon="5.9201623">
      <ele>27.6</ele>
      <time>2025-09-14T12:26:40Z</time>
    </trkpt>
    <trkpt lat="51.1788959" lon="5.9199118">
      <ele>27.4</ele>
      <time>2025-09-14T12:26:48Z</time>
    </trkpt>
    <trkpt lat="51.1785722" lon="5.9196882">
      <ele>27.2</ele>
      <time>2025-09-14T12:26:55Z</time>
    </trkpt>
    <trkpt lat="51.1781561" lon="5.9194050">
      <ele>27.4</ele>
      <time>2025-09-14T12:27:04Z</time>
    </trkpt>
    <trkpt lat="51.1780203" lon="5.9193205">
      <ele>27.4</ele>
      <time>2025-09-14T12:27:07Z</time>
    </trkpt>
    <trkpt lat="51.1776765" lon="5.9190933">
      <ele>27.8</ele>
      <time>2025-09-14T12:27:15Z</time>
    </trkpt>
    <trkpt lat="51.1775950" lon="5.9190388">
      <ele>28.0</ele>
      <time>2025-09-14T12:27:17Z</time>
    </trkpt>
    <trkpt lat="51.1772587" lon="5.9188223">
      <ele>28.8</ele>
      <time>2025-09-14T12:27:25Z</time>
    </trkpt>
    <trkpt lat="51.1772201" lon="5.9187902">
      <ele>29.0</ele>
      <time>2025-09-14T12:27:26Z</time>
    </trkpt>
    <trkpt lat="51.1769205" lon="5.9185943">
      <ele>29.8</ele>
      <time>2025-09-14T12:27:33Z</time>
    </trkpt>
    <trkpt lat="51.1767552" lon="5.9184814">
      <ele>30.2</ele>
      <time>2025-09-14T12:27:37Z</time>
    </trkpt>
    <trkpt lat="51.1765931" lon="5.9183794">
      <ele>30.6</ele>
      <time>2025-09-14T12:27:41Z</time>
    </trkpt>
    <trkpt lat="51.1765566" lon="5.9183614">
      <ele>30.6</ele>
      <time>2025-09-14T12:27:42Z</time>
    </trkpt>
    <trkpt lat="51.1764255" lon="5.9182950">
      <ele>31.0</ele>
      <time>2025-09-14T12:27:46Z</time>
    </trkpt>
    <trkpt lat="51.1763526" lon="5.9183476">
      <ele>31.0</ele>
      <time>2025-09-14T12:27:49Z</time>
    </trkpt>
    <trkpt lat="51.1763388" lon="5.9183757">
      <ele>30.8</ele>
      <time>2025-09-14T12:27:50Z</time>
    </trkpt>
    <trkpt lat="51.1763000" lon="5.9185266">
      <ele>30.8</ele>
      <time>2025-09-14T12:27:55Z</time>
    </trkpt>
    <trkpt lat="51.1762835" lon="5.9185790">
      <ele>30.6</ele>
      <time>2025-09-14T12:27:59Z</time>
    </trkpt>
    <trkpt lat="51.1762626" lon="5.9186460">
      <ele>30.8</ele>
      <time>2025-09-14T12:28:53Z</time>
    </trkpt>
    <trkpt lat="51.1762206" lon="5.9188355">
      <ele>31.0</ele>
      <time>2025-09-14T12:28:58Z</time>
    </trkpt>
    <trkpt lat="51.1761330" lon="5.9191947">
      <ele>31.2</ele>
      <time>2025-09-14T12:29:05Z</time>
    </trkpt>
    <trkpt lat="51.1760430" lon="5.9194983">
      <ele>31.4</ele>
      <time>2025-09-14T12:29:11Z</time>
    </trkpt>
    <trkpt lat="51.1759433" lon="5.9198336">
      <ele>31.6</ele>
      <time>2025-09-14T12:29:18Z</time>
    </trkpt>
    <trkpt lat="51.1758411" lon="5.9202238">
      <ele>31.6</ele>
      <time>2025-09-14T12:29:25Z</time>
    </trkpt>
    <trkpt lat="51.1756966" lon="5.9207866">
      <ele>31.0</ele>
      <time>2025-09-14T12:29:34Z</time>
    </trkpt>
    <trkpt lat="51.1755733" lon="5.9213009">
      <ele>30.0</ele>
      <time>2025-09-14T12:29:41Z</time>
    </trkpt>
    <trkpt lat="51.1755491" lon="5.9213641">
      <ele>29.8</ele>
      <time>2025-09-14T12:29:42Z</time>
    </trkpt>
    <trkpt lat="51.1754264" lon="5.9218221">
      <ele>29.4</ele>
      <time>2025-09-14T12:29:48Z</time>
    </trkpt>
    <trkpt lat="51.1754043" lon="5.9218932">
      <ele>29.4</ele>
      <time>2025-09-14T12:29:49Z</time>
    </trkpt>
    <trkpt lat="51.1753465" lon="5.9220979">
      <ele>29.2</ele>
      <time>2025-09-14T12:29:52Z</time>
    </trkpt>
    <trkpt lat="51.1753149" lon="5.9222142">
      <ele>29.2</ele>
      <time>2025-09-14T12:29:54Z</time>
    </trkpt>
    <trkpt lat="51.1753204" lon="5.9224504">
      <ele>29.2</ele>
      <time>2025-09-14T12:29:58Z</time>
    </trkpt>
    <trkpt lat="51.1754833" lon="5.9225872">
      <ele>29.2</ele>
      <time>2025-09-14T12:30:02Z</time>
    </trkpt>
    <trkpt lat="51.1756401" lon="5.9226861">
      <ele>29.2</ele>
      <time>2025-09-14T12:30:06Z</time>
    </trkpt>
    <trkpt lat="51.1758501" lon="5.9228348">
      <ele>28.8</ele>
      <time>2025-09-14T12:30:11Z</time>
    </trkpt>
    <trkpt lat="51.1758917" lon="5.9228617">
      <ele>28.8</ele>
      <time>2025-09-14T12:30:12Z</time>
    </trkpt>
    <trkpt lat="51.1760655" lon="5.9229779">
      <ele>28.8</ele>
      <time>2025-09-14T12:30:16Z</time>
    </trkpt>
    <trkpt lat="51.1761505" lon="5.9230424">
      <ele>28.8</ele>
      <time>2025-09-14T12:30:18Z</time>
    </trkpt>
    <trkpt lat="51.1764977" lon="5.9232798">
      <ele>28.8</ele>
      <time>2025-09-14T12:30:26Z</time>
    </trkpt>
    <trkpt lat="51.1769435" lon="5.9235820">
      <ele>29.0</ele>
      <time>2025-09-14T12:30:36Z</time>
    </trkpt>
    <trkpt lat="51.1772525" lon="5.9237963">
      <ele>28.6</ele>
      <time>2025-09-14T12:30:43Z</time>
    </trkpt>
    <trkpt lat="51.1776288" lon="5.9240087">
      <ele>29.4</ele>
      <time>2025-09-14T12:30:52Z</time>
    </trkpt>
    <trkpt lat="51.1776660" lon="5.9240348">
      <ele>29.4</ele>
      <time>2025-09-14T12:30:53Z</time>
    </trkpt>
    <trkpt lat="51.1777126" lon="5.9241210">
      <ele>29.8</ele>
      <time>2025-09-14T12:30:55Z</time>
    </trkpt>
    <trkpt lat="51.1777008" lon="5.9242432">
      <ele>30.0</ele>
      <time>2025-09-14T12:30:57Z</time>
    </trkpt>
    <trkpt lat="51.1776814" lon="5.9243030">
      <ele>30.0</ele>
      <time>2025-09-14T12:30:58Z</time>
    </trkpt>
    <trkpt lat="51.1776411" lon="5.9244264">
      <ele>30.0</ele>
      <time>2025-09-14T12:31:00Z</time>
    </trkpt>
    <trkpt lat="51.1775656" lon="5.9247267">
      <ele>31.2</ele>
      <time>2025-09-14T12:31:05Z</time>
    </trkpt>
    <trkpt lat="51.1775491" lon="5.9247860">
      <ele>31.4</ele>
      <time>2025-09-14T12:31:06Z</time>
    </trkpt>
    <trkpt lat="51.1774600" lon="5.9251306">
      <ele>32.4</ele>
      <time>2025-09-14T12:31:12Z</time>
    </trkpt>
    <trkpt lat="51.1774321" lon="5.9252492">
      <ele>32.6</ele>
      <time>2025-09-14T12:31:14Z</time>
    </trkpt>
    <trkpt lat="51.1773571" lon="5.9254955">
      <ele>32.8</ele>
      <time>2025-09-14T12:31:18Z</time>
    </trkpt>
    <trkpt lat="51.1772885" lon="5.9255715">
      <ele>32.8</ele>
      <time>2025-09-14T12:31:20Z</time>
    </trkpt>
    <trkpt lat="51.1772025" lon="5.9255533">
      <ele>32.6</ele>
      <time>2025-09-14T12:31:22Z</time>
    </trkpt>
    <trkpt lat="51.1771614" lon="5.9255238">
      <ele>32.2</ele>
      <time>2025-09-14T12:31:23Z</time>
    </trkpt>
    <trkpt lat="51.1771185" lon="5.9254916">
      <ele>32.2</ele>
      <time>2025-09-14T12:31:24Z</time>
    </trkpt>
    <trkpt lat="51.1768784" lon="5.9253313">
      <ele>31.6</ele>
      <time>2025-09-14T12:31:29Z</time>
    </trkpt>
    <trkpt lat="51.1764832" lon="5.9250595">
      <ele>31.8</ele>
      <time>2025-09-14T12:31:36Z</time>
    </trkpt>
    <trkpt lat="51.1763136" lon="5.9249475">
      <ele>31.4</ele>
      <time>2025-09-14T12:31:39Z</time>
    </trkpt>
    <trkpt lat="51.1761559" lon="5.9248381">
      <ele>30.4</ele>
      <time>2025-09-14T12:31:42Z</time>
    </trkpt>
    <trkpt lat="51.1761079" lon="5.9248086">
      <ele>30.2</ele>
      <time>2025-09-14T12:31:43Z</time>
    </trkpt>
    <trkpt lat="51.1759332" lon="5.9246946">
      <ele>29.2</ele>
      <time>2025-09-14T12:31:47Z</time>
    </trkpt>
    <trkpt lat="51.1758237" lon="5.9246138">
      <ele>29.0</ele>
      <time>2025-09-14T12:31:50Z</time>
    </trkpt>
    <trkpt lat="51.1755527" lon="5.9244385">
      <ele>28.8</ele>
      <time>2025-09-14T12:31:58Z</time>
    </trkpt>
    <trkpt lat="51.1751695" lon="5.9242000">
      <ele>28.4</ele>
      <time>2025-09-14T12:32:09Z</time>
    </trkpt>
    <trkpt lat="51.1748285" lon="5.9239703">
      <ele>28.6</ele>
      <time>2025-09-14T12:32:19Z</time>
    </trkpt>
    <trkpt lat="51.1745218" lon="5.9237671">
      <ele>28.4</ele>
      <time>2025-09-14T12:32:28Z</time>
    </trkpt>
    <trkpt lat="51.1742854" lon="5.9236279">
      <ele>28.4</ele>
      <time>2025-09-14T12:32:35Z</time>
    </trkpt>
    <trkpt lat="51.1739467" lon="5.9234289">
      <ele>28.6</ele>
      <time>2025-09-14T12:32:45Z</time>
    </trkpt>
    <trkpt lat="51.1736964" lon="5.9232870">
      <ele>28.4</ele>
      <time>2025-09-14T12:32:53Z</time>
    </trkpt>
    <trkpt lat="51.1734719" lon="5.9231580">
      <ele>28.8</ele>
      <time>2025-09-14T12:33:01Z</time>
    </trkpt>
    <trkpt lat="51.1731861" lon="5.9230029">
      <ele>28.6</ele>
      <time>2025-09-14T12:33:09Z</time>
    </trkpt>
    <trkpt lat="51.1730651" lon="5.9229339">
      <ele>28.2</ele>
      <time>2025-09-14T12:33:12Z</time>
    </trkpt>
    <trkpt lat="51.1728660" lon="5.9228336">
      <ele>27.0</ele>
      <time>2025-09-14T12:33:17Z</time>
    </trkpt>
    <trkpt lat="51.1728163" lon="5.9228429">
      <ele>27.2</ele>
      <time>2025-09-14T12:33:18Z</time>
    </trkpt>
    <trkpt lat="51.1727209" lon="5.9229171">
      <ele>26.8</ele>
      <time>2025-09-14T12:33:20Z</time>
    </trkpt>
    <trkpt lat="51.1726148" lon="5.9230830">
      <ele>26.4</ele>
      <time>2025-09-14T12:33:23Z</time>
    </trkpt>
    <trkpt lat="51.1725324" lon="5.9231624">
      <ele>26.2</ele>
      <time>2025-09-14T12:33:25Z</time>
    </trkpt>
    <trkpt lat="51.1724425" lon="5.9232276">
      <ele>26.2</ele>
      <time>2025-09-14T12:33:27Z</time>
    </trkpt>
    <trkpt lat="51.1722270" lon="5.9233731">
      <ele>25.6</ele>
      <time>2025-09-14T12:33:32Z</time>
    </trkpt>
    <trkpt lat="51.1720217" lon="5.9235639">
      <ele>26.4</ele>
      <time>2025-09-14T12:33:38Z</time>
    </trkpt>
    <trkpt lat="51.1719114" lon="5.9237154">
      <ele>27.2</ele>
      <time>2025-09-14T12:33:42Z</time>
    </trkpt>
    <trkpt lat="51.1718677" lon="5.9238070">
      <ele>28.0</ele>
      <time>2025-09-14T12:33:44Z</time>
    </trkpt>
    <trkpt lat="51.1718318" lon="5.9239042">
      <ele>28.4</ele>
      <time>2025-09-14T12:33:46Z</time>
    </trkpt>
    <trkpt lat="51.1717463" lon="5.9241692">
      <ele>29.4</ele>
      <time>2025-09-14T12:33:51Z</time>
    </trkpt>
    <trkpt lat="51.1717052" lon="5.9243011">
      <ele>29.6</ele>
      <time>2025-09-14T12:33:53Z</time>
    </trkpt>
    <trkpt lat="51.1716350" lon="5.9245147">
      <ele>29.6</ele>
      <time>2025-09-14T12:33:56Z</time>
    </trkpt>
    <trkpt lat="51.1715231" lon="5.9249477">
      <ele>28.2</ele>
      <time>2025-09-14T12:34:02Z</time>
    </trkpt>
    <trkpt lat="51.1715078" lon="5.9250130">
      <ele>28.0</ele>
      <time>2025-09-14T12:34:03Z</time>
    </trkpt>
    <trkpt lat="51.1714361" lon="5.9252567">
      <ele>27.6</ele>
      <time>2025-09-14T12:34:07Z</time>
    </trkpt>
    <trkpt lat="51.1713837" lon="5.9253343">
      <ele>27.6</ele>
      <time>2025-09-14T12:34:09Z</time>
    </trkpt>
    <trkpt lat="51.1713019" lon="5.9253600">
      <ele>27.6</ele>
      <time>2025-09-14T12:34:11Z</time>
    </trkpt>
    <trkpt lat="51.1712526" lon="5.9253439">
      <ele>27.6</ele>
      <time>2025-09-14T12:34:12Z</time>
    </trkpt>
    <trkpt lat="51.1712061" lon="5.9253098">
      <ele>27.6</ele>
      <time>2025-09-14T12:34:13Z</time>
    </trkpt>
    <trkpt lat="51.1710705" lon="5.9251943">
      <ele>26.8</ele>
      <time>2025-09-14T12:34:16Z</time>
    </trkpt>
    <trkpt lat="51.1710275" lon="5.9251602">
      <ele>26.0</ele>
      <time>2025-09-14T12:34:17Z</time>
    </trkpt>
    <trkpt lat="51.1709499" lon="5.9250897">
      <ele>25.4</ele>
      <time>2025-09-14T12:34:19Z</time>
    </trkpt>
    <trkpt lat="51.1709109" lon="5.9250601">
      <ele>25.2</ele>
      <time>2025-09-14T12:34:20Z</time>
    </trkpt>
    <trkpt lat="51.1708033" lon="5.9249768">
      <ele>25.0</ele>
      <time>2025-09-14T12:34:23Z</time>
    </trkpt>
    <trkpt lat="51.1707707" lon="5.9249474">
      <ele>25.0</ele>
      <time>2025-09-14T12:34:24Z</time>
    </trkpt>
    <trkpt lat="51.1705963" lon="5.9248257">
      <ele>25.6</ele>
      <time>2025-09-14T12:34:29Z</time>
    </trkpt>
    <trkpt lat="51.1701695" lon="5.9245348">
      <ele>26.0</ele>
      <time>2025-09-14T12:34:41Z</time>
    </trkpt>
    <trkpt lat="51.1698852" lon="5.9243205">
      <ele>25.4</ele>
      <time>2025-09-14T12:34:49Z</time>
    </trkpt>
    <trkpt lat="51.1694888" lon="5.9240371">
      <ele>25.6</ele>
      <time>2025-09-14T12:35:00Z</time>
    </trkpt>
    <trkpt lat="51.1693481" lon="5.9240196">
      <ele>26.2</ele>
      <time>2025-09-14T12:35:05Z</time>
    </trkpt>
    <trkpt lat="51.1693253" lon="5.9240195">
      <ele>26.6</ele>
      <time>2025-09-14T12:35:06Z</time>
    </trkpt>
    <trkpt lat="51.1692357" lon="5.9239849">
      <ele>27.8</ele>
      <time>2025-09-14T12:35:10Z</time>
    </trkpt>
    <trkpt lat="51.1692018" lon="5.9239461">
      <ele>28.2</ele>
      <time>2025-09-14T12:35:12Z</time>
    </trkpt>
    <trkpt lat="51.1691936" lon="5.9239429">
      <ele>28.6</ele>
      <time>2025-09-14T12:35:14Z</time>
    </trkpt>
    <trkpt lat="51.1691924" lon="5.9239436">
      <ele>29.0</ele>
      <time>2025-09-14T12:35:16Z</time>
    </trkpt>
    <trkpt lat="51.1691900" lon="5.9239447">
      <ele>29.6</ele>
      <time>2025-09-14T12:35:24Z</time>
    </trkpt>
    <trkpt lat="51.1691783" lon="5.9239808">
      <ele>29.4</ele>
      <time>2025-09-14T12:35:33Z</time>
    </trkpt>
    <trkpt lat="51.1691797" lon="5.9239858">
      <ele>29.6</ele>
      <time>2025-09-14T12:35:44Z</time>
    </trkpt>
    <trkpt lat="51.1691985" lon="5.9239929">
      <ele>29.4</ele>
      <time>2025-09-14T12:35:52Z</time>
    </trkpt>
    <trkpt lat="51.1691985" lon="5.9239929">
      <ele>29.6</ele>
      <time>2025-09-14T12:36:04Z</time>
    </trkpt>
    <trkpt lat="51.1691927" lon="5.9239931">
      <ele>29.4</ele>
      <time>2025-09-14T12:36:23Z</time>
    </trkpt>
    <trkpt lat="51.1691927" lon="5.9239931">
      <ele>29.4</ele>
      <time>2025-09-14T12:36:35Z</time>
    </trkpt>
    <trkpt lat="51.1691927" lon="5.9239931">
      <ele>29.8</ele>
      <time>2025-09-14T12:37:05Z</time>
    </trkpt>
    <trkpt lat="51.1691927" lon="5.9239931">
      <ele>30.0</ele>
      <time>2025-09-14T12:38:07Z</time>
    </trkpt>
    <trkpt lat="51.1691927" lon="5.9239931">
      <ele>29.8</ele>
      <time>2025-09-14T12:38:14Z</time>
    </trkpt>
    <trkpt lat="51.1691927" lon="5.9239931">
      <ele>29.8</ele>
      <time>2025-09-14T12:39:23Z</time>
    </trkpt>
    <trkpt lat="51.1691927" lon="5.9239931">
      <ele>30.0</ele>
      <time>2025-09-14T12:39:39Z</time>
    </trkpt>
    <trkpt lat="51.1691927" lon="5.9239931">
      <ele>30.4</ele>
      <time>2025-09-14T12:39:51Z</time>
    </trkpt>
    <trkpt lat="51.1691927" lon="5.9239931">
      <ele>30.4</ele>
      <time>2025-09-14T12:40:18Z</time>
    </trkpt>
    <trkpt lat="51.1691988" lon="5.9239447">
      <ele>30.4</ele>
      <time>2025-09-14T12:40:25Z</time>
    </trkpt>
    <trkpt lat="51.1692015" lon="5.9239305">
      <ele>30.4</ele>
      <time>2025-09-14T12:40:26Z</time>
    </trkpt>
    <trkpt lat="51.1691977" lon="5.9238998">
      <ele>30.2</ele>
      <time>2025-09-14T12:40:32Z</time>
    </trkpt>
    <trkpt lat="51.1691765" lon="5.9238373">
      <ele>30.4</ele>
      <time>2025-09-14T12:40:39Z</time>
    </trkpt>
    <trkpt lat="51.1691988" lon="5.9236530">
      <ele>30.2</ele>
      <time>2025-09-14T12:40:44Z</time>
    </trkpt>
    <trkpt lat="51.1692595" lon="5.9232847">
      <ele>29.8</ele>
      <time>2025-09-14T12:40:51Z</time>
    </trkpt>
    <trkpt lat="51.1693194" lon="5.9228362">
      <ele>29.6</ele>
      <time>2025-09-14T12:40:58Z</time>
    </trkpt>
    <trkpt lat="51.1692454" lon="5.9225944">
      <ele>29.6</ele>
      <time>2025-09-14T12:41:02Z</time>
    </trkpt>
    <trkpt lat="51.1692209" lon="5.9225405">
      <ele>29.8</ele>
      <time>2025-09-14T12:41:03Z</time>
    </trkpt>
    <trkpt lat="51.1691550" lon="5.9224586">
      <ele>29.8</ele>
      <time>2025-09-14T12:41:05Z</time>
    </trkpt>
    <trkpt lat="51.1691167" lon="5.9224353">
      <ele>29.8</ele>
      <time>2025-09-14T12:41:06Z</time>
    </trkpt>
    <trkpt lat="51.1690804" lon="5.9224213">
      <ele>30.0</ele>
      <time>2025-09-14T12:41:07Z</time>
    </trkpt>
    <trkpt lat="51.1689756" lon="5.9224302">
      <ele>30.2</ele>
      <time>2025-09-14T12:41:10Z</time>
    </trkpt>
    <trkpt lat="51.1689507" lon="5.9224560">
      <ele>30.2</ele>
      <time>2025-09-14T12:41:11Z</time>
    </trkpt>
    <trkpt lat="51.1689115" lon="5.9225232">
      <ele>30.6</ele>
      <time>2025-09-14T12:41:13Z</time>
    </trkpt>
    <trkpt lat="51.1688840" lon="5.9225416">
      <ele>30.6</ele>
      <time>2025-09-14T12:41:14Z</time>
    </trkpt>
    <trkpt lat="51.1688285" lon="5.9225420">
      <ele>31.2</ele>
      <time>2025-09-14T12:41:16Z</time>
    </trkpt>
    <trkpt lat="51.1687694" lon="5.9225371">
      <ele>31.4</ele>
      <time>2025-09-14T12:41:18Z</time>
    </trkpt>
    <trkpt lat="51.1685492" lon="5.9225434">
      <ele>32.0</ele>
      <time>2025-09-14T12:41:24Z</time>
    </trkpt>
    <trkpt lat="51.1682786" lon="5.9225097">
      <ele>32.0</ele>
      <time>2025-09-14T12:41:31Z</time>
    </trkpt>
    <trkpt lat="51.1679886" lon="5.9225082">
      <ele>31.4</ele>
      <time>2025-09-14T12:41:38Z</time>
    </trkpt>
    <trkpt lat="51.1678246" lon="5.9225040">
      <ele>31.4</ele>
      <time>2025-09-14T12:41:42Z</time>
    </trkpt>
    <trkpt lat="51.1676373" lon="5.9224739">
      <ele>31.2</ele>
      <time>2025-09-14T12:41:47Z</time>
    </trkpt>
    <trkpt lat="51.1675214" lon="5.9225193">
      <ele>31.4</ele>
      <time>2025-09-14T12:41:51Z</time>
    </trkpt>
    <trkpt lat="51.1674876" lon="5.9227066">
      <ele>31.4</ele>
      <time>2025-09-14T12:41:55Z</time>
    </trkpt>
    <trkpt lat="51.1674468" lon="5.9229754">
      <ele>31.4</ele>
      <time>2025-09-14T12:42:00Z</time>
    </trkpt>
    <trkpt lat="51.1673290" lon="5.9230058">
      <ele>31.2</ele>
      <time>2025-09-14T12:42:04Z</time>
    </trkpt>
    <trkpt lat="51.1671457" lon="5.9229825">
      <ele>31.2</ele>
      <time>2025-09-14T12:42:11Z</time>
    </trkpt>
    <trkpt lat="51.1669998" lon="5.9229876">
      <ele>31.2</ele>
      <time>2025-09-14T12:42:18Z</time>
    </trkpt>
    <trkpt lat="51.1669168" lon="5.9229157">
      <ele>31.0</ele>
      <time>2025-09-14T12:42:24Z</time>
    </trkpt>
    <trkpt lat="51.1669107" lon="5.9229122">
      <ele>31.0</ele>
      <time>2025-09-14T12:42:25Z</time>
    </trkpt>
    <trkpt lat="51.1668989" lon="5.9228801">
      <ele>31.0</ele>
      <time>2025-09-14T12:42:30Z</time>
    </trkpt>
    <trkpt lat="51.1668846" lon="5.9227122">
      <ele>30.8</ele>
      <time>2025-09-14T12:42:34Z</time>
    </trkpt>
    <trkpt lat="51.1668791" lon="5.9225574">
      <ele>30.6</ele>
      <time>2025-09-14T12:42:37Z</time>
    </trkpt>
    <trkpt lat="51.1668724" lon="5.9223812">
      <ele>29.6</ele>
      <time>2025-09-14T12:42:41Z</time>
    </trkpt>
    <trkpt lat="51.1668705" lon="5.9222832">
      <ele>29.4</ele>
      <time>2025-09-14T12:42:43Z</time>
    </trkpt>
    <trkpt lat="51.1668374" lon="5.9221120">
      <ele>29.0</ele>
      <time>2025-09-14T12:42:46Z</time>
    </trkpt>
    <trkpt lat="51.1667517" lon="5.9220279">
      <ele>28.6</ele>
      <time>2025-09-14T12:42:49Z</time>
    </trkpt>
    <trkpt lat="51.1667189" lon="5.9220132">
      <ele>28.4</ele>
      <time>2025-09-14T12:42:50Z</time>
    </trkpt>
    <trkpt lat="51.1665895" lon="5.9220142">
      <ele>28.2</ele>
      <time>2025-09-14T12:42:54Z</time>
    </trkpt>
    <trkpt lat="51.1665661" lon="5.9220485">
      <ele>28.2</ele>
      <time>2025-09-14T12:42:55Z</time>
    </trkpt>
    <trkpt lat="51.1665364" lon="5.9221389">
      <ele>28.2</ele>
      <time>2025-09-14T12:42:57Z</time>
    </trkpt>
    <trkpt lat="51.1665037" lon="5.9224426">
      <ele>28.0</ele>
      <time>2025-09-14T12:43:04Z</time>
    </trkpt>
    <trkpt lat="51.1665129" lon="5.9224602">
      <ele>28.0</ele>
      <time>2025-09-14T12:43:08Z</time>
    </trkpt>
    <trkpt lat="51.1665129" lon="5.9224602">
      <ele>28.8</ele>
      <time>2025-09-14T12:43:52Z</time>
    </trkpt>
    <trkpt lat="51.1665211" lon="5.9224194">
      <ele>28.6</ele>
      <time>2025-09-14T12:43:58Z</time>
    </trkpt>
    <trkpt lat="51.1665233" lon="5.9223955">
      <ele>28.6</ele>
      <time>2025-09-14T12:44:00Z</time>
    </trkpt>
    <trkpt lat="51.1665195" lon="5.9222782">
      <ele>28.2</ele>
      <time>2025-09-14T12:44:04Z</time>
    </trkpt>
    <trkpt lat="51.1665549" lon="5.9219972">
      <ele>28.2</ele>
      <time>2025-09-14T12:44:11Z</time>
    </trkpt>
    <trkpt lat="51.1665939" lon="5.9217882">
      <ele>28.2</ele>
      <time>2025-09-14T12:44:16Z</time>
    </trkpt>
    <trkpt lat="51.1666380" lon="5.9216030">
      <ele>28.2</ele>
      <time>2025-09-14T12:44:22Z</time>
    </trkpt>
    <trkpt lat="51.1666387" lon="5.9215979">
      <ele>28.6</ele>
      <time>2025-09-14T12:44:27Z</time>
    </trkpt>
    <trkpt lat="51.1666297" lon="5.9216068">
      <ele>28.6</ele>
      <time>2025-09-14T12:44:37Z</time>
    </trkpt>
    <trkpt lat="51.1666286" lon="5.9216466">
      <ele>28.6</ele>
      <time>2025-09-14T12:44:39Z</time>
    </trkpt>
    <trkpt lat="51.1666330" lon="5.9217073">
      <ele>28.6</ele>
      <time>2025-09-14T12:44:41Z</time>
    </trkpt>
    <trkpt lat="51.1666301" lon="5.9217396">
      <ele>28.6</ele>
      <time>2025-09-14T12:44:42Z</time>
    </trkpt>
    <trkpt lat="51.1665928" lon="5.9219270">
      <ele>28.6</ele>
      <time>2025-09-14T12:44:48Z</time>
    </trkpt>
    <trkpt lat="51.1665325" lon="5.9221707">
      <ele>28.6</ele>
      <time>2025-09-14T12:44:53Z</time>
    </trkpt>
    <trkpt lat="51.1664419" lon="5.9223099">
      <ele>28.4</ele>
      <time>2025-09-14T12:44:57Z</time>
    </trkpt>
    <trkpt lat="51.1662541" lon="5.9222958">
      <ele>28.2</ele>
      <time>2025-09-14T12:45:02Z</time>
    </trkpt>
    <trkpt lat="51.1659321" lon="5.9222941">
      <ele>27.6</ele>
      <time>2025-09-14T12:45:10Z</time>
    </trkpt>
    <trkpt lat="51.1658369" lon="5.9223102">
      <ele>27.6</ele>
      <time>2025-09-14T12:45:12Z</time>
    </trkpt>
    <trkpt lat="51.1657927" lon="5.9223279">
      <ele>27.6</ele>
      <time>2025-09-14T12:45:13Z</time>
    </trkpt>
    <trkpt lat="51.1657504" lon="5.9223545">
      <ele>27.6</ele>
      <time>2025-09-14T12:45:14Z</time>
    </trkpt>
    <trkpt lat="51.1654453" lon="5.9225088">
      <ele>27.6</ele>
      <time>2025-09-14T12:45:21Z</time>
    </trkpt>
    <trkpt lat="51.1654013" lon="5.9225120">
      <ele>27.8</ele>
      <time>2025-09-14T12:45:22Z</time>
    </trkpt>
    <trkpt lat="51.1653085" lon="5.9225033">
      <ele>27.8</ele>
      <time>2025-09-14T12:45:24Z</time>
    </trkpt>
    <trkpt lat="51.1651790" lon="5.9224520">
      <ele>28.0</ele>
      <time>2025-09-14T12:45:27Z</time>
    </trkpt>
    <trkpt lat="51.1647122" lon="5.9222046">
      <ele>27.8</ele>
      <time>2025-09-14T12:45:38Z</time>
    </trkpt>
    <trkpt lat="51.1643167" lon="5.9220113">
      <ele>27.8</ele>
      <time>2025-09-14T12:45:48Z</time>
    </trkpt>
    <trkpt lat="51.1638990" lon="5.9218314">
      <ele>28.0</ele>
      <time>2025-09-14T12:45:58Z</time>
    </trkpt>
    <trkpt lat="51.1634386" lon="5.9217265">
      <ele>28.0</ele>
      <time>2025-09-14T12:46:08Z</time>
    </trkpt>
    <trkpt lat="51.1628847" lon="5.9217262">
      <ele>28.0</ele>
      <time>2025-09-14T12:46:20Z</time>
    </trkpt>
    <trkpt lat="51.1627936" lon="5.9217252">
      <ele>28.0</ele>
      <time>2025-09-14T12:46:22Z</time>
    </trkpt>
    <trkpt lat="51.1626672" lon="5.9217292">
      <ele>28.0</ele>
      <time>2025-09-14T12:46:25Z</time>
    </trkpt>
    <trkpt lat="51.1624172" lon="5.9217306">
      <ele>28.8</ele>
      <time>2025-09-14T12:46:31Z</time>
    </trkpt>
    <trkpt lat="51.1623814" lon="5.9217318">
      <ele>28.8</ele>
      <time>2025-09-14T12:46:32Z</time>
    </trkpt>
    <trkpt lat="51.1622068" lon="5.9217345">
      <ele>29.0</ele>
      <time>2025-09-14T12:46:37Z</time>
    </trkpt>
    <trkpt lat="51.1619005" lon="5.9217416">
      <ele>28.8</ele>
      <time>2025-09-14T12:46:44Z</time>
    </trkpt>
    <trkpt lat="51.1615105" lon="5.9217241">
      <ele>28.4</ele>
      <time>2025-09-14T12:46:52Z</time>
    </trkpt>
    <trkpt lat="51.1611905" lon="5.9217327">
      <ele>28.2</ele>
      <time>2025-09-14T12:46:59Z</time>
    </trkpt>
    <trkpt lat="51.1610562" lon="5.9217728">
      <ele>28.0</ele>
      <time>2025-09-14T12:47:02Z</time>
    </trkpt>
    <trkpt lat="51.1609298" lon="5.9218075">
      <ele>27.8</ele>
      <time>2025-09-14T12:47:05Z</time>
    </trkpt>
    <trkpt lat="51.1608494" lon="5.9218105">
      <ele>27.8</ele>
      <time>2025-09-14T12:47:07Z</time>
    </trkpt>
    <trkpt lat="51.1606794" lon="5.9218135">
      <ele>27.6</ele>
      <time>2025-09-14T12:47:11Z</time>
    </trkpt>
    <trkpt lat="51.1606321" lon="5.9218110">
      <ele>27.6</ele>
      <time>2025-09-14T12:47:12Z</time>
    </trkpt>
    <trkpt lat="51.1605442" lon="5.9217996">
      <ele>27.6</ele>
      <time>2025-09-14T12:47:14Z</time>
    </trkpt>
    <trkpt lat="51.1605010" lon="5.9217916">
      <ele>27.6</ele>
      <time>2025-09-14T12:47:15Z</time>
    </trkpt>
    <trkpt lat="51.1604144" lon="5.9217825">
      <ele>27.6</ele>
      <time>2025-09-14T12:47:17Z</time>
    </trkpt>
    <trkpt lat="51.1603698" lon="5.9217800">
      <ele>27.6</ele>
      <time>2025-09-14T12:47:18Z</time>
    </trkpt>
    <trkpt lat="51.1601947" lon="5.9217765">
      <ele>27.6</ele>
      <time>2025-09-14T12:47:22Z</time>
    </trkpt>
    <trkpt lat="51.1601495" lon="5.9217842">
      <ele>27.6</ele>
      <time>2025-09-14T12:47:23Z</time>
    </trkpt>
    <trkpt lat="51.1600242" lon="5.9218412">
      <ele>27.6</ele>
      <time>2025-09-14T12:47:27Z</time>
    </trkpt>
    <trkpt lat="51.1598310" lon="5.9218876">
      <ele>27.6</ele>
      <time>2025-09-14T12:47:33Z</time>
    </trkpt>
    <trkpt lat="51.1595673" lon="5.9219349">
      <ele>27.6</ele>
      <time>2025-09-14T12:47:39Z</time>
    </trkpt>
    <trkpt lat="51.1594336" lon="5.9219174">
      <ele>27.6</ele>
      <time>2025-09-14T12:47:42Z</time>
    </trkpt>
    <trkpt lat="51.1593468" lon="5.9218809">
      <ele>27.6</ele>
      <time>2025-09-14T12:47:44Z</time>
    </trkpt>
    <trkpt lat="51.1593068" lon="5.9218573">
      <ele>27.6</ele>
      <time>2025-09-14T12:47:45Z</time>
    </trkpt>
    <trkpt lat="51.1590686" lon="5.9216725">
      <ele>27.8</ele>
      <time>2025-09-14T12:47:51Z</time>
    </trkpt>
    <trkpt lat="51.1590256" lon="5.9216470">
      <ele>27.8</ele>
      <time>2025-09-14T12:47:52Z</time>
    </trkpt>
    <trkpt lat="51.1588630" lon="5.9215735">
      <ele>28.0</ele>
      <time>2025-09-14T12:47:56Z</time>
    </trkpt>
    <trkpt lat="51.1588197" lon="5.9215610">
      <ele>28.2</ele>
      <time>2025-09-14T12:47:57Z</time>
    </trkpt>
    <trkpt lat="51.1586531" lon="5.9215283">
      <ele>28.6</ele>
      <time>2025-09-14T12:48:01Z</time>
    </trkpt>
    <trkpt lat="51.1585562" lon="5.9215243">
      <ele>28.8</ele>
      <time>2025-09-14T12:48:03Z</time>
    </trkpt>
    <trkpt lat="51.1584733" lon="5.9215251">
      <ele>29.2</ele>
      <time>2025-09-14T12:48:05Z</time>
    </trkpt>
    <trkpt lat="51.1580641" lon="5.9215373">
      <ele>29.2</ele>
      <time>2025-09-14T12:48:14Z</time>
    </trkpt>
    <trkpt lat="51.1579748" lon="5.9215515">
      <ele>29.2</ele>
      <time>2025-09-14T12:48:16Z</time>
    </trkpt>
    <trkpt lat="51.1578506" lon="5.9216086">
      <ele>29.2</ele>
      <time>2025-09-14T12:48:19Z</time>
    </trkpt>
    <trkpt lat="51.1578166" lon="5.9216334">
      <ele>29.4</ele>
      <time>2025-09-14T12:48:20Z</time>
    </trkpt>
    <trkpt lat="51.1576626" lon="5.9217877">
      <ele>29.6</ele>
      <time>2025-09-14T12:48:25Z</time>
    </trkpt>
    <trkpt lat="51.1574889" lon="5.9219983">
      <ele>29.6</ele>
      <time>2025-09-14T12:48:31Z</time>
    </trkpt>
    <trkpt lat="51.1573967" lon="5.9220643">
      <ele>29.6</ele>
      <time>2025-09-14T12:48:34Z</time>
    </trkpt>
    <trkpt lat="51.1573690" lon="5.9220557">
      <ele>29.4</ele>
      <time>2025-09-14T12:48:35Z</time>
    </trkpt>
    <trkpt lat="51.1573481" lon="5.9220215">
      <ele>29.4</ele>
      <time>2025-09-14T12:48:36Z</time>
    </trkpt>
    <trkpt lat="51.1573383" lon="5.9218917">
      <ele>29.2</ele>
      <time>2025-09-14T12:48:38Z</time>
    </trkpt>
    <trkpt lat="51.1573400" lon="5.9215429">
      <ele>28.6</ele>
      <time>2025-09-14T12:48:43Z</time>
    </trkpt>
    <trkpt lat="51.1573480" lon="5.9214154">
      <ele>28.4</ele>
      <time>2025-09-14T12:48:45Z</time>
    </trkpt>
    <trkpt lat="51.1574245" lon="5.9209823">
      <ele>28.4</ele>
      <time>2025-09-14T12:48:52Z</time>
    </trkpt>
    <trkpt lat="51.1575629" lon="5.9204094">
      <ele>28.6</ele>
      <time>2025-09-14T12:49:01Z</time>
    </trkpt>
    <trkpt lat="51.1576004" lon="5.9202192">
      <ele>28.6</ele>
      <time>2025-09-14T12:49:04Z</time>
    </trkpt>
    <trkpt lat="51.1576162" lon="5.9200857">
      <ele>28.6</ele>
      <time>2025-09-14T12:49:06Z</time>
    </trkpt>
    <trkpt lat="51.1576180" lon="5.9200143">
      <ele>28.6</ele>
      <time>2025-09-14T12:49:07Z</time>
    </trkpt>
    <trkpt lat="51.1575862" lon="5.9194375">
      <ele>28.4</ele>
      <time>2025-09-14T12:49:15Z</time>
    </trkpt>
    <trkpt lat="51.1575552" lon="5.9192270">
      <ele>28.2</ele>
      <time>2025-09-14T12:49:19Z</time>
    </trkpt>
    <trkpt lat="51.1574867" lon="5.9189991">
      <ele>27.8</ele>
      <time>2025-09-14T12:49:23Z</time>
    </trkpt>
    <trkpt lat="51.1574138" lon="5.9188347">
      <ele>27.6</ele>
      <time>2025-09-14T12:49:26Z</time>
    </trkpt>
    <trkpt lat="51.1572488" lon="5.9184104">
      <ele>27.4</ele>
      <time>2025-09-14T12:49:33Z</time>
    </trkpt>
    <trkpt lat="51.1571600" lon="5.9181768">
      <ele>27.4</ele>
      <time>2025-09-14T12:49:37Z</time>
    </trkpt>
    <trkpt lat="51.1570689" lon="5.9180814">
      <ele>27.6</ele>
      <time>2025-09-14T12:49:40Z</time>
    </trkpt>
    <trkpt lat="51.1568671" lon="5.9181369">
      <ele>28.0</ele>
      <time>2025-09-14T12:49:45Z</time>
    </trkpt>
    <trkpt lat="51.1564028" lon="5.9183487">
      <ele>27.6</ele>
      <time>2025-09-14T12:49:56Z</time>
    </trkpt>
    <trkpt lat="51.1562251" lon="5.9185563">
      <ele>27.4</ele>
      <time>2025-09-14T12:50:01Z</time>
    </trkpt>
    <trkpt lat="51.1561900" lon="5.9185976">
      <ele>27.4</ele>
      <time>2025-09-14T12:50:02Z</time>
    </trkpt>
    <trkpt lat="51.1561576" lon="5.9186428">
      <ele>27.4</ele>
      <time>2025-09-14T12:50:03Z</time>
    </trkpt>
    <trkpt lat="51.1559558" lon="5.9189626">
      <ele>27.8</ele>
      <time>2025-09-14T12:50:09Z</time>
    </trkpt>
    <trkpt lat="51.1556942" lon="5.9194040">
      <ele>27.8</ele>
      <time>2025-09-14T12:50:17Z</time>
    </trkpt>
    <trkpt lat="51.1554649" lon="5.9198433">
      <ele>27.0</ele>
      <time>2025-09-14T12:50:25Z</time>
    </trkpt>
    <trkpt lat="51.1553361" lon="5.9200359">
      <ele>26.8</ele>
      <time>2025-09-14T12:50:29Z</time>
    </trkpt>
    <trkpt lat="51.1552747" lon="5.9201019">
      <ele>26.6</ele>
      <time>2025-09-14T12:50:31Z</time>
    </trkpt>
    <trkpt lat="51.1552114" lon="5.9201234">
      <ele>26.6</ele>
      <time>2025-09-14T12:50:33Z</time>
    </trkpt>
    <trkpt lat="51.1551778" lon="5.9200987">
      <ele>26.6</ele>
      <time>2025-09-14T12:50:34Z</time>
    </trkpt>
    <trkpt lat="51.1550742" lon="5.9198932">
      <ele>27.4</ele>
      <time>2025-09-14T12:50:39Z</time>
    </trkpt>
    <trkpt lat="51.1549563" lon="5.9196290">
      <ele>27.6</ele>
      <time>2025-09-14T12:50:45Z</time>
    </trkpt>
    <trkpt lat="51.1547845" lon="5.9194226">
      <ele>27.2</ele>
      <time>2025-09-14T12:50:51Z</time>
    </trkpt>
    <trkpt lat="51.1545277" lon="5.9193314">
      <ele>27.0</ele>
      <time>2025-09-14T12:50:58Z</time>
    </trkpt>
    <trkpt lat="51.1542826" lon="5.9192429">
      <ele>27.2</ele>
      <time>2025-09-14T12:51:05Z</time>
    </trkpt>
    <trkpt lat="51.1539678" lon="5.9190281">
      <ele>27.6</ele>
      <time>2025-09-14T12:51:14Z</time>
    </trkpt>
    <trkpt lat="51.1536921" lon="5.9187283">
      <ele>27.8</ele>
      <time>2025-09-14T12:51:23Z</time>
    </trkpt>
    <trkpt lat="51.1534650" lon="5.9183395">
      <ele>27.4</ele>
      <time>2025-09-14T12:51:32Z</time>
    </trkpt>
    <trkpt lat="51.1532830" lon="5.9178349">
      <ele>27.6</ele>
      <time>2025-09-14T12:51:42Z</time>
    </trkpt>
    <trkpt lat="51.1531655" lon="5.9172490">
      <ele>28.2</ele>
      <time>2025-09-14T12:51:53Z</time>
    </trkpt>
    <trkpt lat="51.1531500" lon="5.9171399">
      <ele>28.4</ele>
      <time>2025-09-14T12:51:55Z</time>
    </trkpt>
    <trkpt lat="51.1530978" lon="5.9168145">
      <ele>28.4</ele>
      <time>2025-09-14T12:52:01Z</time>
    </trkpt>
    <trkpt lat="51.1530009" lon="5.9162344">
      <ele>28.2</ele>
      <time>2025-09-14T12:52:11Z</time>
    </trkpt>
    <trkpt lat="51.1529431" lon="5.9158418">
      <ele>28.6</ele>
      <time>2025-09-14T12:52:18Z</time>
    </trkpt>
    <trkpt lat="51.1528584" lon="5.9152714">
      <ele>28.8</ele>
      <time>2025-09-14T12:52:27Z</time>
    </trkpt>
    <trkpt lat="51.1527714" lon="5.9147186">
      <ele>28.4</ele>
      <time>2025-09-14T12:52:35Z</time>
    </trkpt>
    <trkpt lat="51.1527505" lon="5.9145829">
      <ele>28.2</ele>
      <time>2025-09-14T12:52:37Z</time>
    </trkpt>
    <trkpt lat="51.1526987" lon="5.9142496">
      <ele>27.8</ele>
      <time>2025-09-14T12:52:42Z</time>
    </trkpt>
    <trkpt lat="51.1526057" lon="5.9136950">
      <ele>27.6</ele>
      <time>2025-09-14T12:52:50Z</time>
    </trkpt>
    <trkpt lat="51.1525180" lon="5.9131512">
      <ele>27.6</ele>
      <time>2025-09-14T12:52:58Z</time>
    </trkpt>
    <trkpt lat="51.1525122" lon="5.9130830">
      <ele>27.6</ele>
      <time>2025-09-14T12:52:59Z</time>
    </trkpt>
    <trkpt lat="51.1525047" lon="5.9130200">
      <ele>27.6</ele>
      <time>2025-09-14T12:53:00Z</time>
    </trkpt>
    <trkpt lat="51.1524484" lon="5.9126908">
      <ele>27.8</ele>
      <time>2025-09-14T12:53:05Z</time>
    </trkpt>
    <trkpt lat="51.1524359" lon="5.9126213">
      <ele>27.8</ele>
      <time>2025-09-14T12:53:06Z</time>
    </trkpt>
    <trkpt lat="51.1523862" lon="5.9122920">
      <ele>28.0</ele>
      <time>2025-09-14T12:53:11Z</time>
    </trkpt>
    <trkpt lat="51.1522899" lon="5.9116846">
      <ele>28.4</ele>
      <time>2025-09-14T12:53:20Z</time>
    </trkpt>
    <trkpt lat="51.1521914" lon="5.9110606">
      <ele>28.4</ele>
      <time>2025-09-14T12:53:29Z</time>
    </trkpt>
    <trkpt lat="51.1521162" lon="5.9105498">
      <ele>28.2</ele>
      <time>2025-09-14T12:53:37Z</time>
    </trkpt>
    <trkpt lat="51.1520528" lon="5.9101845">
      <ele>29.0</ele>
      <time>2025-09-14T12:53:43Z</time>
    </trkpt>
    <trkpt lat="51.1519687" lon="5.9097740">
      <ele>29.0</ele>
      <time>2025-09-14T12:53:48Z</time>
    </trkpt>
    <trkpt lat="51.1519069" lon="5.9095789">
      <ele>28.2</ele>
      <time>2025-09-14T12:53:51Z</time>
    </trkpt>
    <trkpt lat="51.1518225" lon="5.9093986">
      <ele>28.2</ele>
      <time>2025-09-14T12:53:54Z</time>
    </trkpt>
    <trkpt lat="51.1516189" lon="5.9088863">
      <ele>28.6</ele>
      <time>2025-09-14T12:54:03Z</time>
    </trkpt>
    <trkpt lat="51.1515168" lon="5.9082736">
      <ele>29.0</ele>
      <time>2025-09-14T12:54:12Z</time>
    </trkpt>
    <trkpt lat="51.1515034" lon="5.9082015">
      <ele>29.0</ele>
      <time>2025-09-14T12:54:13Z</time>
    </trkpt>
    <trkpt lat="51.1513938" lon="5.9078126">
      <ele>29.0</ele>
      <time>2025-09-14T12:54:19Z</time>
    </trkpt>
    <trkpt lat="51.1513404" lon="5.9076909">
      <ele>29.0</ele>
      <time>2025-09-14T12:54:21Z</time>
    </trkpt>
    <trkpt lat="51.1512951" lon="5.9075212">
      <ele>29.0</ele>
      <time>2025-09-14T12:54:24Z</time>
    </trkpt>
    <trkpt lat="51.1512805" lon="5.9074734">
      <ele>29.2</ele>
      <time>2025-09-14T12:54:25Z</time>
    </trkpt>
    <trkpt lat="51.1512524" lon="5.9073428">
      <ele>29.2</ele>
      <time>2025-09-14T12:54:28Z</time>
    </trkpt>
    <trkpt lat="51.1512375" lon="5.9072618">
      <ele>29.4</ele>
      <time>2025-09-14T12:54:30Z</time>
    </trkpt>
    <trkpt lat="51.1511964" lon="5.9071979">
      <ele>29.6</ele>
      <time>2025-09-14T12:54:32Z</time>
    </trkpt>
    <trkpt lat="51.1511199" lon="5.9070136">
      <ele>30.4</ele>
      <time>2025-09-14T12:54:37Z</time>
    </trkpt>
    <trkpt lat="51.1510525" lon="5.9067730">
      <ele>30.0</ele>
      <time>2025-09-14T12:54:42Z</time>
    </trkpt>
    <trkpt lat="51.1509923" lon="5.9065913">
      <ele>29.8</ele>
      <time>2025-09-14T12:54:46Z</time>
    </trkpt>
    <trkpt lat="51.1509250" lon="5.9063975">
      <ele>29.6</ele>
      <time>2025-09-14T12:54:50Z</time>
    </trkpt>
    <trkpt lat="51.1509279" lon="5.9063206">
      <ele>29.6</ele>
      <time>2025-09-14T12:54:51Z</time>
    </trkpt>
    <trkpt lat="51.1509307" lon="5.9059808">
      <ele>30.4</ele>
      <time>2025-09-14T12:54:56Z</time>
    </trkpt>
    <trkpt lat="51.1509951" lon="5.9056554">
      <ele>30.4</ele>
      <time>2025-09-14T12:55:00Z</time>
    </trkpt>
    <trkpt lat="51.1510096" lon="5.9054634">
      <ele>30.2</ele>
      <time>2025-09-14T12:55:03Z</time>
    </trkpt>
    <trkpt lat="51.1510056" lon="5.9054124">
      <ele>30.2</ele>
      <time>2025-09-14T12:55:04Z</time>
    </trkpt>
    <trkpt lat="51.1510218" lon="5.9053453">
      <ele>30.0</ele>
      <time>2025-09-14T12:55:05Z</time>
    </trkpt>
    <trkpt lat="51.1510481" lon="5.9051828">
      <ele>29.8</ele>
      <time>2025-09-14T12:55:07Z</time>
    </trkpt>
    <trkpt lat="51.1510507" lon="5.9051306">
      <ele>29.6</ele>
      <time>2025-09-14T12:55:08Z</time>
    </trkpt>
    <trkpt lat="51.1510584" lon="5.9050638">
      <ele>29.6</ele>
      <time>2025-09-14T12:55:09Z</time>
    </trkpt>
    <trkpt lat="51.1510415" lon="5.9049198">
      <ele>29.6</ele>
      <time>2025-09-14T12:55:11Z</time>
    </trkpt>
    <trkpt lat="51.1510208" lon="5.9048661">
      <ele>29.6</ele>
      <time>2025-09-14T12:55:12Z</time>
    </trkpt>
    <trkpt lat="51.1509978" lon="5.9048186">
      <ele>29.6</ele>
      <time>2025-09-14T12:55:13Z</time>
    </trkpt>
    <trkpt lat="51.1508574" lon="5.9045976">
      <ele>29.6</ele>
      <time>2025-09-14T12:55:17Z</time>
    </trkpt>
    <trkpt lat="51.1507536" lon="5.9044231">
      <ele>29.6</ele>
      <time>2025-09-14T12:55:20Z</time>
    </trkpt>
    <trkpt lat="51.1507161" lon="5.9043119">
      <ele>29.6</ele>
      <time>2025-09-14T12:55:22Z</time>
    </trkpt>
    <trkpt lat="51.1505697" lon="5.9037821">
      <ele>29.6</ele>
      <time>2025-09-14T12:55:30Z</time>
    </trkpt>
    <trkpt lat="51.1504862" lon="5.9034714">
      <ele>29.6</ele>
      <time>2025-09-14T12:55:35Z</time>
    </trkpt>
    <trkpt lat="51.1504103" lon="5.9032070">
      <ele>29.8</ele>
      <time>2025-09-14T12:55:39Z</time>
    </trkpt>
    <trkpt lat="51.1503051" lon="5.9027505">
      <ele>29.4</ele>
      <time>2025-09-14T12:55:46Z</time>
    </trkpt>
    <trkpt lat="51.1502977" lon="5.9026869">
      <ele>29.4</ele>
      <time>2025-09-14T12:55:47Z</time>
    </trkpt>
    <trkpt lat="51.1502903" lon="5.9024919">
      <ele>29.2</ele>
      <time>2025-09-14T12:55:50Z</time>
    </trkpt>
    <trkpt lat="51.1502942" lon="5.9022368">
      <ele>29.0</ele>
      <time>2025-09-14T12:55:54Z</time>
    </trkpt>
    <trkpt lat="51.1502884" lon="5.9020885">
      <ele>28.6</ele>
      <time>2025-09-14T12:55:56Z</time>
    </trkpt>
    <trkpt lat="51.1502836" lon="5.9016549">
      <ele>28.6</ele>
      <time>2025-09-14T12:56:03Z</time>
    </trkpt>
    <trkpt lat="51.1502159" lon="5.9015050">
      <ele>28.6</ele>
      <time>2025-09-14T12:56:06Z</time>
    </trkpt>
    <trkpt lat="51.1500697" lon="5.9014844">
      <ele>29.0</ele>
      <time>2025-09-14T12:56:10Z</time>
    </trkpt>
    <trkpt lat="51.1497784" lon="5.9014974">
      <ele>29.6</ele>
      <time>2025-09-14T12:56:18Z</time>
    </trkpt>
    <trkpt lat="51.1494963" lon="5.9015129">
      <ele>29.8</ele>
      <time>2025-09-14T12:56:26Z</time>
    </trkpt>
    <trkpt lat="51.1494595" lon="5.9015127">
      <ele>29.8</ele>
      <time>2025-09-14T12:56:27Z</time>
    </trkpt>
    <trkpt lat="51.1491883" lon="5.9015225">
      <ele>30.4</ele>
      <time>2025-09-14T12:56:35Z</time>
    </trkpt>
    <trkpt lat="51.1489706" lon="5.9015298">
      <ele>30.8</ele>
      <time>2025-09-14T12:56:41Z</time>
    </trkpt>
    <trkpt lat="51.1488601" lon="5.9015316">
      <ele>31.2</ele>
      <time>2025-09-14T12:56:44Z</time>
    </trkpt>
    <trkpt lat="51.1484726" lon="5.9015531">
      <ele>31.6</ele>
      <time>2025-09-14T12:56:54Z</time>
    </trkpt>
    <trkpt lat="51.1482916" lon="5.9015414">
      <ele>32.0</ele>
      <time>2025-09-14T12:56:59Z</time>
    </trkpt>
    <trkpt lat="51.1481804" lon="5.9015449">
      <ele>32.4</ele>
      <time>2025-09-14T12:57:02Z</time>
    </trkpt>
    <trkpt lat="51.1478712" lon="5.9015783">
      <ele>32.6</ele>
      <time>2025-09-14T12:57:11Z</time>
    </trkpt>
    <trkpt lat="51.1477086" lon="5.9016034">
      <ele>33.0</ele>
      <time>2025-09-14T12:57:18Z</time>
    </trkpt>
    <trkpt lat="51.1476884" lon="5.9016066">
      <ele>33.2</ele>
      <time>2025-09-14T12:57:20Z</time>
    </trkpt>
    <trkpt lat="51.1476720" lon="5.9016080">
      <ele>33.4</ele>
      <time>2025-09-14T12:57:21Z</time>
    </trkpt>
    <trkpt lat="51.1476345" lon="5.9016266">
      <ele>33.6</ele>
      <time>2025-09-14T12:57:23Z</time>
    </trkpt>
    <trkpt lat="51.1474752" lon="5.9017167">
      <ele>34.0</ele>
      <time>2025-09-14T12:57:31Z</time>
    </trkpt>
    <trkpt lat="51.1474662" lon="5.9017219">
      <ele>34.0</ele>
      <time>2025-09-14T12:57:32Z</time>
    </trkpt>
    <trkpt lat="51.1474568" lon="5.9017336">
      <ele>33.8</ele>
      <time>2025-09-14T12:57:36Z</time>
    </trkpt>
    <trkpt lat="51.1474568" lon="5.9017336">
      <ele>33.6</ele>
      <time>2025-09-14T12:57:46Z</time>
    </trkpt>
    <trkpt lat="51.1473992" lon="5.9017703">
      <ele>33.6</ele>
      <time>2025-09-14T12:57:59Z</time>
    </trkpt>
    <trkpt lat="51.1472216" lon="5.9018711">
      <ele>33.0</ele>
      <time>2025-09-14T12:58:05Z</time>
    </trkpt>
    <trkpt lat="51.1471469" lon="5.9019135">
      <ele>32.0</ele>
      <time>2025-09-14T12:58:07Z</time>
    </trkpt>
    <trkpt lat="51.1469382" lon="5.9020045">
      <ele>31.8</ele>
      <time>2025-09-14T12:58:12Z</time>
    </trkpt>
    <trkpt lat="51.1468971" lon="5.9020238">
      <ele>31.6</ele>
      <time>2025-09-14T12:58:13Z</time>
    </trkpt>
    <trkpt lat="51.1466577" lon="5.9021497">
      <ele>31.6</ele>
      <time>2025-09-14T12:58:19Z</time>
    </trkpt>
    <trkpt lat="51.1464815" lon="5.9022277">
      <ele>31.2</ele>
      <time>2025-09-14T12:58:23Z</time>
    </trkpt>
    <trkpt lat="51.1463446" lon="5.9023060">
      <ele>31.2</ele>
      <time>2025-09-14T12:58:26Z</time>
    </trkpt>
    <trkpt lat="51.1462606" lon="5.9023512">
      <ele>31.6</ele>
      <time>2025-09-14T12:58:28Z</time>
    </trkpt>
    <trkpt lat="51.1461749" lon="5.9023853">
      <ele>32.0</ele>
      <time>2025-09-14T12:58:30Z</time>
    </trkpt>
    <trkpt lat="51.1460991" lon="5.9023839">
      <ele>32.0</ele>
      <time>2025-09-14T12:58:32Z</time>
    </trkpt>
    <trkpt lat="51.1460439" lon="5.9022832">
      <ele>32.2</ele>
      <time>2025-09-14T12:58:34Z</time>
    </trkpt>
    <trkpt lat="51.1460345" lon="5.9022205">
      <ele>32.2</ele>
      <time>2025-09-14T12:58:35Z</time>
    </trkpt>
    <trkpt lat="51.1460288" lon="5.9021011">
      <ele>32.2</ele>
      <time>2025-09-14T12:58:37Z</time>
    </trkpt>
    <trkpt lat="51.1460219" lon="5.9020371">
      <ele>32.2</ele>
      <time>2025-09-14T12:58:38Z</time>
    </trkpt>
    <trkpt lat="51.1459124" lon="5.9016124">
      <ele>32.0</ele>
      <time>2025-09-14T12:58:45Z</time>
    </trkpt>
    <trkpt lat="51.1457568" lon="5.9010690">
      <ele>32.0</ele>
      <time>2025-09-14T12:58:54Z</time>
    </trkpt>
    <trkpt lat="51.1457245" lon="5.9009518">
      <ele>32.0</ele>
      <time>2025-09-14T12:58:56Z</time>
    </trkpt>
    <trkpt lat="51.1456705" lon="5.9007774">
      <ele>32.0</ele>
      <time>2025-09-14T12:58:59Z</time>
    </trkpt>
    <trkpt lat="51.1456536" lon="5.9007309">
      <ele>32.0</ele>
      <time>2025-09-14T12:59:00Z</time>
    </trkpt>
    <trkpt lat="51.1455453" lon="5.9005611">
      <ele>32.0</ele>
      <time>2025-09-14T12:59:04Z</time>
    </trkpt>
    <trkpt lat="51.1454845" lon="5.9004018">
      <ele>32.2</ele>
      <time>2025-09-14T12:59:07Z</time>
    </trkpt>
    <trkpt lat="51.1454133" lon="5.8999584">
      <ele>32.6</ele>
      <time>2025-09-14T12:59:14Z</time>
    </trkpt>
    <trkpt lat="51.1453638" lon="5.8997220">
      <ele>32.8</ele>
      <time>2025-09-14T12:59:18Z</time>
    </trkpt>
    <trkpt lat="51.1453258" lon="5.8995404">
      <ele>33.0</ele>
      <time>2025-09-14T12:59:21Z</time>
    </trkpt>
    <trkpt lat="51.1452513" lon="5.8992271">
      <ele>33.0</ele>
      <time>2025-09-14T12:59:26Z</time>
    </trkpt>
    <trkpt lat="51.1452295" lon="5.8991037">
      <ele>33.2</ele>
      <time>2025-09-14T12:59:28Z</time>
    </trkpt>
    <trkpt lat="51.1452105" lon="5.8989764">
      <ele>33.2</ele>
      <time>2025-09-14T12:59:30Z</time>
    </trkpt>
    <trkpt lat="51.1451855" lon="5.8988104">
      <ele>33.4</ele>
      <time>2025-09-14T12:59:33Z</time>
    </trkpt>
    <trkpt lat="51.1451154" lon="5.8984804">
      <ele>33.8</ele>
      <time>2025-09-14T12:59:38Z</time>
    </trkpt>
    <trkpt lat="51.1450184" lon="5.8980542">
      <ele>34.2</ele>
      <time>2025-09-14T12:59:44Z</time>
    </trkpt>
    <trkpt lat="51.1450040" lon="5.8979702">
      <ele>34.2</ele>
      <time>2025-09-14T12:59:45Z</time>
    </trkpt>
    <trkpt lat="51.1449589" lon="5.8977654">
      <ele>34.2</ele>
      <time>2025-09-14T12:59:48Z</time>
    </trkpt>
    <trkpt lat="51.1449330" lon="5.8977520">
      <ele>34.2</ele>
      <time>2025-09-14T12:59:49Z</time>
    </trkpt>
    <trkpt lat="51.1448988" lon="5.8976517">
      <ele>34.2</ele>
      <time>2025-09-14T12:59:52Z</time>
    </trkpt>
    <trkpt lat="51.1448767" lon="5.8976181">
      <ele>34.2</ele>
      <time>2025-09-14T12:59:53Z</time>
    </trkpt>
    <trkpt lat="51.1447912" lon="5.8971318">
      <ele>34.2</ele>
      <time>2025-09-14T12:59:59Z</time>
    </trkpt>
    <trkpt lat="51.1446885" lon="5.8967534">
      <ele>34.4</ele>
      <time>2025-09-14T13:00:04Z</time>
    </trkpt>
    <trkpt lat="51.1446402" lon="5.8965908">
      <ele>34.6</ele>
      <time>2025-09-14T13:00:06Z</time>
    </trkpt>
    <trkpt lat="51.1445513" lon="5.8963094">
      <ele>34.8</ele>
      <time>2025-09-14T13:00:10Z</time>
    </trkpt>
    <trkpt lat="51.1445293" lon="5.8962538">
      <ele>34.8</ele>
      <time>2025-09-14T13:00:11Z</time>
    </trkpt>
    <trkpt lat="51.1444379" lon="5.8960416">
      <ele>34.8</ele>
      <time>2025-09-14T13:00:14Z</time>
    </trkpt>
    <trkpt lat="51.1443619" lon="5.8958693">
      <ele>35.0</ele>
      <time>2025-09-14T13:00:17Z</time>
    </trkpt>
    <trkpt lat="51.1441014" lon="5.8954099">
      <ele>35.0</ele>
      <time>2025-09-14T13:00:24Z</time>
    </trkpt>
    <trkpt lat="51.1440580" lon="5.8953484">
      <ele>35.0</ele>
      <time>2025-09-14T13:00:25Z</time>
    </trkpt>
    <trkpt lat="51.1439508" lon="5.8951134">
      <ele>35.2</ele>
      <time>2025-09-14T13:00:29Z</time>
    </trkpt>
    <trkpt lat="51.1438320" lon="5.8948911">
      <ele>35.2</ele>
      <time>2025-09-14T13:00:33Z</time>
    </trkpt>
    <trkpt lat="51.1437782" lon="5.8947960">
      <ele>35.2</ele>
      <time>2025-09-14T13:00:35Z</time>
    </trkpt>
    <trkpt lat="51.1436676" lon="5.8945877">
      <ele>35.2</ele>
      <time>2025-09-14T13:00:39Z</time>
    </trkpt>
    <trkpt lat="51.1436396" lon="5.8945297">
      <ele>35.2</ele>
      <time>2025-09-14T13:00:40Z</time>
    </trkpt>
    <trkpt lat="51.1433325" lon="5.8939729">
      <ele>34.8</ele>
      <time>2025-09-14T13:00:49Z</time>
    </trkpt>
    <trkpt lat="51.1431345" lon="5.8935697">
      <ele>34.4</ele>
      <time>2025-09-14T13:00:55Z</time>
    </trkpt>
    <trkpt lat="51.1430749" lon="5.8934396">
      <ele>34.2</ele>
      <time>2025-09-14T13:00:57Z</time>
    </trkpt>
    <trkpt lat="51.1430358" lon="5.8933310">
      <ele>34.2</ele>
      <time>2025-09-14T13:00:59Z</time>
    </trkpt>
    <trkpt lat="51.1429901" lon="5.8932134">
      <ele>34.0</ele>
      <time>2025-09-14T13:01:02Z</time>
    </trkpt>
    <trkpt lat="51.1429871" lon="5.8931748">
      <ele>34.0</ele>
      <time>2025-09-14T13:01:03Z</time>
    </trkpt>
    <trkpt lat="51.1430064" lon="5.8930863">
      <ele>34.0</ele>
      <time>2025-09-14T13:01:05Z</time>
    </trkpt>
    <trkpt lat="51.1431044" lon="5.8929275">
      <ele>34.0</ele>
      <time>2025-09-14T13:01:10Z</time>
    </trkpt>
    <trkpt lat="51.1432569" lon="5.8927926">
      <ele>33.8</ele>
      <time>2025-09-14T13:01:17Z</time>
    </trkpt>
    <trkpt lat="51.1432900" lon="5.8927690">
      <ele>33.8</ele>
      <time>2025-09-14T13:01:19Z</time>
    </trkpt>
    <trkpt lat="51.1433042" lon="5.8927674">
      <ele>33.8</ele>
      <time>2025-09-14T13:01:21Z</time>
    </trkpt>
    <trkpt lat="51.1433204" lon="5.8927519">
      <ele>34.0</ele>
      <time>2025-09-14T13:01:30Z</time>
    </trkpt>
    <trkpt lat="51.1434003" lon="5.8926594">
      <ele>33.8</ele>
      <time>2025-09-14T13:01:34Z</time>
    </trkpt>
    <trkpt lat="51.1436003" lon="5.8924820">
      <ele>33.6</ele>
      <time>2025-09-14T13:01:40Z</time>
    </trkpt>
    <trkpt lat="51.1438855" lon="5.8922281">
      <ele>33.6</ele>
      <time>2025-09-14T13:01:47Z</time>
    </trkpt>
    <trkpt lat="51.1439282" lon="5.8921183">
      <ele>33.4</ele>
      <time>2025-09-14T13:01:49Z</time>
    </trkpt>
    <trkpt lat="51.1439354" lon="5.8920526">
      <ele>33.4</ele>
      <time>2025-09-14T13:01:50Z</time>
    </trkpt>
    <trkpt lat="51.1439328" lon="5.8919971">
      <ele>33.4</ele>
      <time>2025-09-14T13:01:51Z</time>
    </trkpt>
    <trkpt lat="51.1438982" lon="5.8916913">
      <ele>33.6</ele>
      <time>2025-09-14T13:01:56Z</time>
    </trkpt>
    <trkpt lat="51.1438292" lon="5.8910593">
      <ele>34.8</ele>
      <time>2025-09-14T13:02:05Z</time>
    </trkpt>
    <trkpt lat="51.1438065" lon="5.8909211">
      <ele>35.0</ele>
      <time>2025-09-14T13:02:07Z</time>
    </trkpt>
    <trkpt lat="51.1437900" lon="5.8907790">
      <ele>35.0</ele>
      <time>2025-09-14T13:02:09Z</time>
    </trkpt>
    <trkpt lat="51.1437724" lon="5.8906484">
      <ele>35.0</ele>
      <time>2025-09-14T13:02:11Z</time>
    </trkpt>
    <trkpt lat="51.1437568" lon="5.8905795">
      <ele>35.0</ele>
      <time>2025-09-14T13:02:12Z</time>
    </trkpt>
    <trkpt lat="51.1437371" lon="5.8904463">
      <ele>35.0</ele>
      <time>2025-09-14T13:02:14Z</time>
    </trkpt>
    <trkpt lat="51.1437062" lon="5.8903091">
      <ele>34.8</ele>
      <time>2025-09-14T13:02:16Z</time>
    </trkpt>
    <trkpt lat="51.1436763" lon="5.8901626">
      <ele>34.8</ele>
      <time>2025-09-14T13:02:18Z</time>
    </trkpt>
    <trkpt lat="51.1435722" lon="5.8896841">
      <ele>34.8</ele>
      <time>2025-09-14T13:02:25Z</time>
    </trkpt>
    <trkpt lat="51.1435490" lon="5.8895495">
      <ele>34.8</ele>
      <time>2025-09-14T13:02:27Z</time>
    </trkpt>
    <trkpt lat="51.1434221" lon="5.8888552">
      <ele>35.0</ele>
      <time>2025-09-14T13:02:37Z</time>
    </trkpt>
    <trkpt lat="51.1434063" lon="5.8887194">
      <ele>35.0</ele>
      <time>2025-09-14T13:02:39Z</time>
    </trkpt>
    <trkpt lat="51.1433283" lon="5.8882742">
      <ele>35.2</ele>
      <time>2025-09-14T13:02:45Z</time>
    </trkpt>
    <trkpt lat="51.1432021" lon="5.8877082">
      <ele>35.4</ele>
      <time>2025-09-14T13:02:53Z</time>
    </trkpt>
    <trkpt lat="51.1430689" lon="5.8869543">
      <ele>35.0</ele>
      <time>2025-09-14T13:03:04Z</time>
    </trkpt>
    <trkpt lat="51.1430405" lon="5.8868008">
      <ele>35.0</ele>
      <time>2025-09-14T13:03:06Z</time>
    </trkpt>
    <trkpt lat="51.1429828" lon="5.8864534">
      <ele>35.2</ele>
      <time>2025-09-14T13:03:11Z</time>
    </trkpt>
    <trkpt lat="51.1428782" lon="5.8858602">
      <ele>35.0</ele>
      <time>2025-09-14T13:03:20Z</time>
    </trkpt>
    <trkpt lat="51.1428626" lon="5.8857824">
      <ele>35.0</ele>
      <time>2025-09-14T13:03:21Z</time>
    </trkpt>
    <trkpt lat="51.1428129" lon="5.8856058">
      <ele>34.8</ele>
      <time>2025-09-14T13:03:24Z</time>
    </trkpt>
    <trkpt lat="51.1428036" lon="5.8855319">
      <ele>34.8</ele>
      <time>2025-09-14T13:03:25Z</time>
    </trkpt>
    <trkpt lat="51.1427115" lon="5.8850133">
      <ele>35.0</ele>
      <time>2025-09-14T13:03:33Z</time>
    </trkpt>
    <trkpt lat="51.1425829" lon="5.8844316">
      <ele>34.8</ele>
      <time>2025-09-14T13:03:42Z</time>
    </trkpt>
    <trkpt lat="51.1425733" lon="5.8843544">
      <ele>34.8</ele>
      <time>2025-09-14T13:03:43Z</time>
    </trkpt>
    <trkpt lat="51.1425519" lon="5.8840219">
      <ele>34.8</ele>
      <time>2025-09-14T13:03:48Z</time>
    </trkpt>
    <trkpt lat="51.1425585" lon="5.8839397">
      <ele>34.8</ele>
      <time>2025-09-14T13:03:49Z</time>
    </trkpt>
    <trkpt lat="51.1425680" lon="5.8838862">
      <ele>34.8</ele>
      <time>2025-09-14T13:03:50Z</time>
    </trkpt>
    <trkpt lat="51.1426248" lon="5.8836757">
      <ele>34.8</ele>
      <time>2025-09-14T13:03:53Z</time>
    </trkpt>
    <trkpt lat="51.1426388" lon="5.8836252">
      <ele>34.8</ele>
      <time>2025-09-14T13:03:54Z</time>
    </trkpt>
    <trkpt lat="51.1428072" lon="5.8831538">
      <ele>34.2</ele>
      <time>2025-09-14T13:04:02Z</time>
    </trkpt>
    <trkpt lat="51.1428640" lon="5.8829067">
      <ele>34.0</ele>
      <time>2025-09-14T13:04:09Z</time>
    </trkpt>
    <trkpt lat="51.1427780" lon="5.8827782">
      <ele>34.0</ele>
      <time>2025-09-14T13:04:13Z</time>
    </trkpt>
    <trkpt lat="51.1425318" lon="5.8825590">
      <ele>34.4</ele>
      <time>2025-09-14T13:04:21Z</time>
    </trkpt>
    <trkpt lat="51.1422938" lon="5.8823264">
      <ele>34.6</ele>
      <time>2025-09-14T13:04:28Z</time>
    </trkpt>
    <trkpt lat="51.1420758" lon="5.8821149">
      <ele>34.6</ele>
      <time>2025-09-14T13:04:34Z</time>
    </trkpt>
    <trkpt lat="51.1419110" lon="5.8819142">
      <ele>34.6</ele>
      <time>2025-09-14T13:04:40Z</time>
    </trkpt>
    <trkpt lat="51.1416094" lon="5.8816468">
      <ele>34.6</ele>
      <time>2025-09-14T13:04:47Z</time>
    </trkpt>
    <trkpt lat="51.1415461" lon="5.8815559">
      <ele>34.8</ele>
      <time>2025-09-14T13:04:49Z</time>
    </trkpt>
    <trkpt lat="51.1414206" lon="5.8814235">
      <ele>34.8</ele>
      <time>2025-09-14T13:04:52Z</time>
    </trkpt>
    <trkpt lat="51.1412861" lon="5.8812378">
      <ele>34.8</ele>
      <time>2025-09-14T13:04:56Z</time>
    </trkpt>
    <trkpt lat="51.1412387" lon="5.8811394">
      <ele>34.8</ele>
      <time>2025-09-14T13:04:58Z</time>
    </trkpt>
    <trkpt lat="51.1412221" lon="5.8810663">
      <ele>34.8</ele>
      <time>2025-09-14T13:04:59Z</time>
    </trkpt>
    <trkpt lat="51.1412081" lon="5.8810074">
      <ele>35.0</ele>
      <time>2025-09-14T13:05:00Z</time>
    </trkpt>
    <trkpt lat="51.1411368" lon="5.8809148">
      <ele>35.0</ele>
      <time>2025-09-14T13:05:02Z</time>
    </trkpt>
    <trkpt lat="51.1410881" lon="5.8808831">
      <ele>35.0</ele>
      <time>2025-09-14T13:05:03Z</time>
    </trkpt>
    <trkpt lat="51.1407725" lon="5.8806366">
      <ele>34.4</ele>
      <time>2025-09-14T13:05:10Z</time>
    </trkpt>
    <trkpt lat="51.1404924" lon="5.8803748">
      <ele>34.0</ele>
      <time>2025-09-14T13:05:17Z</time>
    </trkpt>
    <trkpt lat="51.1401922" lon="5.8801647">
      <ele>33.8</ele>
      <time>2025-09-14T13:05:24Z</time>
    </trkpt>
    <trkpt lat="51.1399467" lon="5.8800202">
      <ele>34.0</ele>
      <time>2025-09-14T13:05:31Z</time>
    </trkpt>
    <trkpt lat="51.1398119" lon="5.8799229">
      <ele>34.0</ele>
      <time>2025-09-14T13:05:36Z</time>
    </trkpt>
    <trkpt lat="51.1397933" lon="5.8799130">
      <ele>34.0</ele>
      <time>2025-09-14T13:05:40Z</time>
    </trkpt>
    <trkpt lat="51.1397933" lon="5.8799130">
      <ele>34.0</ele>
      <time>2025-09-14T13:05:48Z</time>
    </trkpt>
    <trkpt lat="51.1397949" lon="5.8799159">
      <ele>34.2</ele>
      <time>2025-09-14T13:05:50Z</time>
    </trkpt>
    <trkpt lat="51.1398125" lon="5.8799345">
      <ele>34.4</ele>
      <time>2025-09-14T13:05:52Z</time>
    </trkpt>
    <trkpt lat="51.1398518" lon="5.8799596">
      <ele>34.6</ele>
      <time>2025-09-14T13:05:55Z</time>
    </trkpt>
    <trkpt lat="51.1399740" lon="5.8800446">
      <ele>34.8</ele>
      <time>2025-09-14T13:06:00Z</time>
    </trkpt>
    <trkpt lat="51.1401627" lon="5.8801678">
      <ele>34.6</ele>
      <time>2025-09-14T13:06:06Z</time>
    </trkpt>
    <trkpt lat="51.1403958" lon="5.8803057">
      <ele>34.4</ele>
      <time>2025-09-14T13:06:13Z</time>
    </trkpt>
    <trkpt lat="51.1404244" lon="5.8803093">
      <ele>34.4</ele>
      <time>2025-09-14T13:06:14Z</time>
    </trkpt>
    <trkpt lat="51.1404421" lon="5.8802519">
      <ele>34.4</ele>
      <time>2025-09-14T13:06:16Z</time>
    </trkpt>
    <trkpt lat="51.1403326" lon="5.8801259">
      <ele>34.4</ele>
      <time>2025-09-14T13:06:20Z</time>
    </trkpt>
    <trkpt lat="51.1402710" lon="5.8800498">
      <ele>33.2</ele>
      <time>2025-09-14T13:06:22Z</time>
    </trkpt>
    <trkpt lat="51.1401775" lon="5.8799281">
      <ele>32.2</ele>
      <time>2025-09-14T13:06:25Z</time>
    </trkpt>
    <trkpt lat="51.1398983" lon="5.8796089">
      <ele>31.8</ele>
      <time>2025-09-14T13:06:33Z</time>
    </trkpt>
    <trkpt lat="51.1398639" lon="5.8795711">
      <ele>31.8</ele>
      <time>2025-09-14T13:06:34Z</time>
    </trkpt>
    <trkpt lat="51.1398152" lon="5.8794614">
      <ele>32.0</ele>
      <time>2025-09-14T13:06:36Z</time>
    </trkpt>
    <trkpt lat="51.1398082" lon="5.8794032">
      <ele>32.2</ele>
      <time>2025-09-14T13:06:37Z</time>
    </trkpt>
    <trkpt lat="51.1398128" lon="5.8793562">
      <ele>32.2</ele>
      <time>2025-09-14T13:06:38Z</time>
    </trkpt>
    <trkpt lat="51.1398649" lon="5.8791735">
      <ele>32.4</ele>
      <time>2025-09-14T13:06:41Z</time>
    </trkpt>
    <trkpt lat="51.1399090" lon="5.8790128">
      <ele>33.4</ele>
      <time>2025-09-14T13:06:44Z</time>
    </trkpt>
    <trkpt lat="51.1399532" lon="5.8787516">
      <ele>34.2</ele>
      <time>2025-09-14T13:06:49Z</time>
    </trkpt>
    <trkpt lat="51.1399414" lon="5.8786260">
      <ele>34.4</ele>
      <time>2025-09-14T13:06:52Z</time>
    </trkpt>
    <trkpt lat="51.1399234" lon="5.8785539">
      <ele>34.6</ele>
      <time>2025-09-14T13:06:54Z</time>
    </trkpt>
    <trkpt lat="51.1398814" lon="5.8784579">
      <ele>35.8</ele>
      <time>2025-09-14T13:06:57Z</time>
    </trkpt>
    <trkpt lat="51.1398303" lon="5.8783312">
      <ele>36.8</ele>
      <time>2025-09-14T13:07:01Z</time>
    </trkpt>
    <trkpt lat="51.1397939" lon="5.8782415">
      <ele>38.0</ele>
      <time>2025-09-14T13:07:04Z</time>
    </trkpt>
    <trkpt lat="51.1397644" lon="5.8781616">
      <ele>39.2</ele>
      <time>2025-09-14T13:07:08Z</time>
    </trkpt>
    <trkpt lat="51.1397620" lon="5.8781567">
      <ele>39.4</ele>
      <time>2025-09-14T13:07:09Z</time>
    </trkpt>
    <trkpt lat="51.1397620" lon="5.8781567">
      <ele>40.2</ele>
      <time>2025-09-14T13:07:13Z</time>
    </trkpt>
    <trkpt lat="51.1397620" lon="5.8781567">
      <ele>40.4</ele>
      <time>2025-09-14T13:07:14Z</time>
    </trkpt>
    <trkpt lat="51.1397476" lon="5.8781478">
      <ele>40.6</ele>
      <time>2025-09-14T13:07:21Z</time>
    </trkpt>
    <trkpt lat="51.1396981" lon="5.8780981">
      <ele>40.6</ele>
      <time>2025-09-14T13:07:24Z</time>
    </trkpt>
    <trkpt lat="51.1395328" lon="5.8779165">
      <ele>40.0</ele>
      <time>2025-09-14T13:07:30Z</time>
    </trkpt>
    <trkpt lat="51.1392806" lon="5.8776218">
      <ele>39.6</ele>
      <time>2025-09-14T13:07:38Z</time>
    </trkpt>
    <trkpt lat="51.1391054" lon="5.8774105">
      <ele>39.2</ele>
      <time>2025-09-14T13:07:43Z</time>
    </trkpt>
    <trkpt lat="51.1389654" lon="5.8772500">
      <ele>38.6</ele>
      <time>2025-09-14T13:07:47Z</time>
    </trkpt>
    <trkpt lat="51.1388282" lon="5.8770856">
      <ele>38.6</ele>
      <time>2025-09-14T13:07:51Z</time>
    </trkpt>
    <trkpt lat="51.1387190" lon="5.8769622">
      <ele>38.6</ele>
      <time>2025-09-14T13:07:54Z</time>
    </trkpt>
    <trkpt lat="51.1384042" lon="5.8766056">
      <ele>38.8</ele>
      <time>2025-09-14T13:08:03Z</time>
    </trkpt>
    <trkpt lat="51.1383390" lon="5.8765226">
      <ele>38.8</ele>
      <time>2025-09-14T13:08:05Z</time>
    </trkpt>
    <trkpt lat="51.1381756" lon="5.8763315">
      <ele>38.8</ele>
      <time>2025-09-14T13:08:10Z</time>
    </trkpt>
    <trkpt lat="51.1379713" lon="5.8760748">
      <ele>39.4</ele>
      <time>2025-09-14T13:08:17Z</time>
    </trkpt>
    <trkpt lat="51.1377536" lon="5.8757118">
      <ele>39.4</ele>
      <time>2025-09-14T13:08:25Z</time>
    </trkpt>
    <trkpt lat="51.1374832" lon="5.8753358">
      <ele>39.4</ele>
      <time>2025-09-14T13:08:34Z</time>
    </trkpt>
    <trkpt lat="51.1372632" lon="5.8750614">
      <ele>39.4</ele>
      <time>2025-09-14T13:08:41Z</time>
    </trkpt>
    <trkpt lat="51.1368335" lon="5.8745964">
      <ele>39.4</ele>
      <time>2025-09-14T13:08:53Z</time>
    </trkpt>
    <trkpt lat="51.1364999" lon="5.8742578">
      <ele>39.4</ele>
      <time>2025-09-14T13:09:02Z</time>
    </trkpt>
    <trkpt lat="51.1360412" lon="5.8738074">
      <ele>39.2</ele>
      <time>2025-09-14T13:09:14Z</time>
    </trkpt>
    <trkpt lat="51.1356116" lon="5.8734344">
      <ele>39.2</ele>
      <time>2025-09-14T13:09:25Z</time>
    </trkpt>
    <trkpt lat="51.1351910" lon="5.8730861">
      <ele>39.0</ele>
      <time>2025-09-14T13:09:36Z</time>
    </trkpt>
    <trkpt lat="51.1349220" lon="5.8728686">
      <ele>39.0</ele>
      <time>2025-09-14T13:09:44Z</time>
    </trkpt>
    <trkpt lat="51.1347899" lon="5.8727609">
      <ele>40.8</ele>
      <time>2025-09-14T13:09:48Z</time>
    </trkpt>
    <trkpt lat="51.1346570" lon="5.8726588">
      <ele>41.2</ele>
      <time>2025-09-14T13:09:52Z</time>
    </trkpt>
    <trkpt lat="51.1343244" lon="5.8723925">
      <ele>40.4</ele>
      <time>2025-09-14T13:10:01Z</time>
    </trkpt>
    <trkpt lat="51.1339739" lon="5.8721192">
      <ele>40.2</ele>
      <time>2025-09-14T13:10:10Z</time>
    </trkpt>
    <trkpt lat="51.1336717" lon="5.8718704">
      <ele>40.0</ele>
      <time>2025-09-14T13:10:19Z</time>
    </trkpt>
    <trkpt lat="51.1334250" lon="5.8716812">
      <ele>40.2</ele>
      <time>2025-09-14T13:10:28Z</time>
    </trkpt>
    <trkpt lat="51.1334202" lon="5.8716777">
      <ele>40.8</ele>
      <time>2025-09-14T13:10:32Z</time>
    </trkpt>
    <trkpt lat="51.1334194" lon="5.8716721">
      <ele>41.2</ele>
      <time>2025-09-14T13:10:45Z</time>
    </trkpt>
    <trkpt lat="51.1334050" lon="5.8716607">
      <ele>41.0</ele>
      <time>2025-09-14T13:10:55Z</time>
    </trkpt>
    <trkpt lat="51.1333575" lon="5.8716135">
      <ele>40.6</ele>
      <time>2025-09-14T13:11:01Z</time>
    </trkpt>
    <trkpt lat="51.1333546" lon="5.8716098">
      <ele>40.6</ele>
      <time>2025-09-14T13:11:09Z</time>
    </trkpt>
    <trkpt lat="51.1333234" lon="5.8716108">
      <ele>41.0</ele>
      <time>2025-09-14T13:11:28Z</time>
    </trkpt>
    <trkpt lat="51.1332993" lon="5.8715875">
      <ele>41.0</ele>
      <time>2025-09-14T13:11:33Z</time>
    </trkpt>
    <trkpt lat="51.1331748" lon="5.8714948">
      <ele>40.6</ele>
      <time>2025-09-14T13:11:39Z</time>
    </trkpt>
    <trkpt lat="51.1329852" lon="5.8713468">
      <ele>39.8</ele>
      <time>2025-09-14T13:11:46Z</time>
    </trkpt>
    <trkpt lat="51.1327636" lon="5.8711672">
      <ele>39.4</ele>
      <time>2025-09-14T13:11:53Z</time>
    </trkpt>
    <trkpt lat="51.1325124" lon="5.8709648">
      <ele>39.6</ele>
      <time>2025-09-14T13:12:01Z</time>
    </trkpt>
    <trkpt lat="51.1322295" lon="5.8707459">
      <ele>39.4</ele>
      <time>2025-09-14T13:12:11Z</time>
    </trkpt>
    <trkpt lat="51.1321269" lon="5.8706746">
      <ele>40.0</ele>
      <time>2025-09-14T13:12:16Z</time>
    </trkpt>
    <trkpt lat="51.1320319" lon="5.8705992">
      <ele>40.4</ele>
      <time>2025-09-14T13:12:22Z</time>
    </trkpt>
    <trkpt lat="51.1320394" lon="5.8706034">
      <ele>40.6</ele>
      <time>2025-09-14T13:12:27Z</time>
    </trkpt>
    <trkpt lat="51.1320739" lon="5.8706401">
      <ele>41.0</ele>
      <time>2025-09-14T13:12:32Z</time>
    </trkpt>
    <trkpt lat="51.1320818" lon="5.8706475">
      <ele>41.2</ele>
      <time>2025-09-14T13:12:33Z</time>
    </trkpt>
    <trkpt lat="51.1321621" lon="5.8707004">
      <ele>41.4</ele>
      <time>2025-09-14T13:12:42Z</time>
    </trkpt>
    <trkpt lat="51.1321647" lon="5.8707033">
      <ele>41.4</ele>
      <time>2025-09-14T13:12:49Z</time>
    </trkpt>
    <trkpt lat="51.1321666" lon="5.8707078">
      <ele>41.6</ele>
      <time>2025-09-14T13:12:58Z</time>
    </trkpt>
  </trkseg></trk>
</gpx>
