<?xml version="1.0" encoding="UTF-8"?>
<gpx version="1.1" creator="Diary FIT converter" xmlns="http://www.topografix.com/GPX/1/1">
  <trk><name>Cycling</name><trkseg>
    <trkpt lat="50.9633820" lon="6.8759226">
      <ele>54.0</ele>
      <time>2021-07-08T08:14:05Z</time>
    </trkpt>
    <trkpt lat="50.9633846" lon="6.8759181">
      <ele>50.0</ele>
      <time>2021-07-08T08:14:06Z</time>
    </trkpt>
    <trkpt lat="50.9633053" lon="6.8758410">
      <ele>50.2</ele>
      <time>2021-07-08T08:14:25Z</time>
    </trkpt>
    <trkpt lat="50.9633184" lon="6.8757352">
      <ele>50.4</ele>
      <time>2021-07-08T08:14:27Z</time>
    </trkpt>
    <trkpt lat="50.9633779" lon="6.8755364">
      <ele>50.4</ele>
      <time>2021-07-08T08:14:31Z</time>
    </trkpt>
    <trkpt lat="50.9633888" lon="6.8752741">
      <ele>50.4</ele>
      <time>2021-07-08T08:14:35Z</time>
    </trkpt>
    <trkpt lat="50.9634771" lon="6.8749596">
      <ele>50.2</ele>
      <time>2021-07-08T08:14:40Z</time>
    </trkpt>
    <trkpt lat="50.9635652" lon="6.8745327">
      <ele>50.2</ele>
      <time>2021-07-08T08:14:46Z</time>
    </trkpt>
    <trkpt lat="50.9636213" lon="6.8743285">
      <ele>50.2</ele>
      <time>2021-07-08T08:14:49Z</time>
    </trkpt>
    <trkpt lat="50.9636597" lon="6.8742156">
      <ele>50.0</ele>
      <time>2021-07-08T08:14:51Z</time>
    </trkpt>
    <trkpt lat="50.9636716" lon="6.8741400">
      <ele>50.0</ele>
      <time>2021-07-08T08:14:52Z</time>
    </trkpt>
    <trkpt lat="50.9636721" lon="6.8740243">
      <ele>50.0</ele>
      <time>2021-07-08T08:14:53Z</time>
    </trkpt>
    <trkpt lat="50.9636218" lon="6.8738827">
      <ele>50.0</ele>
      <time>2021-07-08T08:14:55Z</time>
    </trkpt>
    <trkpt lat="50.9635312" lon="6.8738119">
      <ele>49.8</ele>
      <time>2021-07-08T08:14:57Z</time>
    </trkpt>
    <trkpt lat="50.9634160" lon="6.8737672">
      <ele>49.6</ele>
      <time>2021-07-08T08:14:59Z</time>
    </trkpt>
    <trkpt lat="50.9631437" lon="6.8737083">
      <ele>49.6</ele>
      <time>2021-07-08T08:15:05Z</time>
    </trkpt>
    <trkpt lat="50.9630035" lon="6.8736557">
      <ele>49.8</ele>
      <time>2021-07-08T08:15:10Z</time>
    </trkpt>
    <trkpt lat="50.9629853" lon="6.8736509">
      <ele>49.8</ele>
      <time>2021-07-08T08:15:11Z</time>
    </trkpt>
    <trkpt lat="50.9629821" lon="6.8736758">
      <ele>49.8</ele>
      <time>2021-07-08T08:15:13Z</time>
    </trkpt>
    <trkpt lat="50.9629940" lon="6.8736823">
      <ele>49.8</ele>
      <time>2021-07-08T08:15:14Z</time>
    </trkpt>
    <trkpt lat="50.9630828" lon="6.8737027">
      <ele>49.8</ele>
      <time>2021-07-08T08:15:18Z</time>
    </trkpt>
    <trkpt lat="50.9632372" lon="6.8737369">
      <ele>49.6</ele>
      <time>2021-07-08T08:15:23Z</time>
    </trkpt>
    <trkpt lat="50.9634187" lon="6.8738027">
      <ele>49.6</ele>
      <time>2021-07-08T08:15:29Z</time>
    </trkpt>
    <trkpt lat="50.9635146" lon="6.8738572">
      <ele>49.6</ele>
      <time>2021-07-08T08:15:34Z</time>
    </trkpt>
    <trkpt lat="50.9636472" lon="6.8739432">
      <ele>49.6</ele>
      <time>2021-07-08T08:15:41Z</time>
    </trkpt>
    <trkpt lat="50.9636765" lon="6.8739320">
      <ele>49.6</ele>
      <time>2021-07-08T08:15:42Z</time>
    </trkpt>
    <trkpt lat="50.9637451" lon="6.8738006">
      <ele>49.6</ele>
      <time>2021-07-08T08:15:45Z</time>
    </trkpt>
    <trkpt lat="50.9638323" lon="6.8733965">
      <ele>49.6</ele>
      <time>2021-07-08T08:15:50Z</time>
    </trkpt>
    <trkpt lat="50.9638726" lon="6.8731401">
      <ele>49.6</ele>
      <time>2021-07-08T08:15:53Z</time>
    </trkpt>
    <trkpt lat="50.9638919" lon="6.8729510">
      <ele>49.6</ele>
      <time>2021-07-08T08:15:55Z</time>
    </trkpt>
    <trkpt lat="50.9639374" lon="6.8724245">
      <ele>49.2</ele>
      <time>2021-07-08T08:16:01Z</time>
    </trkpt>
    <trkpt lat="50.9639451" lon="6.8721317">
      <ele>49.2</ele>
      <time>2021-07-08T08:16:04Z</time>
    </trkpt>
    <trkpt lat="50.9639174" lon="6.8719568">
      <ele>49.2</ele>
      <time>2021-07-08T08:16:06Z</time>
    </trkpt>
    <trkpt lat="50.9639019" lon="6.8718661">
      <ele>49.2</ele>
      <time>2021-07-08T08:16:07Z</time>
    </trkpt>
    <trkpt lat="50.9638936" lon="6.8715730">
      <ele>49.2</ele>
      <time>2021-07-08T08:16:10Z</time>
    </trkpt>
    <trkpt lat="50.9639536" lon="6.8709480">
      <ele>49.0</ele>
      <time>2021-07-08T08:16:17Z</time>
    </trkpt>
    <trkpt lat="50.9639655" lon="6.8708668">
      <ele>49.0</ele>
      <time>2021-07-08T08:16:18Z</time>
    </trkpt>
    <trkpt lat="50.9639984" lon="6.8706208">
      <ele>49.0</ele>
      <time>2021-07-08T08:16:21Z</time>
    </trkpt>
    <trkpt lat="50.9640198" lon="6.8703736">
      <ele>49.0</ele>
      <time>2021-07-08T08:16:24Z</time>
    </trkpt>
    <trkpt lat="50.9640493" lon="6.8698400">
      <ele>49.6</ele>
      <time>2021-07-08T08:16:32Z</time>
    </trkpt>
    <trkpt lat="50.9640545" lon="6.8697990">
      <ele>49.6</ele>
      <time>2021-07-08T08:16:34Z</time>
    </trkpt>
    <trkpt lat="50.9640524" lon="6.8697940">
      <ele>49.6</ele>
      <time>2021-07-08T08:16:36Z</time>
    </trkpt>
    <trkpt lat="50.9640647" lon="6.8697627">
      <ele>49.8</ele>
      <time>2021-07-08T08:16:42Z</time>
    </trkpt>
    <trkpt lat="50.9640432" lon="6.8697456">
      <ele>49.8</ele>
      <time>2021-07-08T08:16:44Z</time>
    </trkpt>
    <trkpt lat="50.9639675" lon="6.8697219">
      <ele>49.8</ele>
      <time>2021-07-08T08:16:47Z</time>
    </trkpt>
    <trkpt lat="50.9638128" lon="6.8696586">
      <ele>49.8</ele>
      <time>2021-07-08T08:16:51Z</time>
    </trkpt>
    <trkpt lat="50.9635389" lon="6.8696146">
      <ele>49.6</ele>
      <time>2021-07-08T08:16:56Z</time>
    </trkpt>
    <trkpt lat="50.9633144" lon="6.8696044">
      <ele>49.4</ele>
      <time>2021-07-08T08:17:00Z</time>
    </trkpt>
    <trkpt lat="50.9632012" lon="6.8695890">
      <ele>49.4</ele>
      <time>2021-07-08T08:17:02Z</time>
    </trkpt>
    <trkpt lat="50.9629417" lon="6.8696300">
      <ele>49.6</ele>
      <time>2021-07-08T08:17:07Z</time>
    </trkpt>
    <trkpt lat="50.9626662" lon="6.8696270">
      <ele>49.4</ele>
      <time>2021-07-08T08:17:12Z</time>
    </trkpt>
    <trkpt lat="50.9625495" lon="6.8696388">
      <ele>49.6</ele>
      <time>2021-07-08T08:17:14Z</time>
    </trkpt>
    <trkpt lat="50.9621588" lon="6.8696903">
      <ele>49.6</ele>
      <time>2021-07-08T08:17:21Z</time>
    </trkpt>
    <trkpt lat="50.9617995" lon="6.8697659">
      <ele>49.8</ele>
      <time>2021-07-08T08:17:28Z</time>
    </trkpt>
    <trkpt lat="50.9614972" lon="6.8698375">
      <ele>49.8</ele>
      <time>2021-07-08T08:17:34Z</time>
    </trkpt>
    <trkpt lat="50.9614451" lon="6.8698556">
      <ele>49.8</ele>
      <time>2021-07-08T08:17:35Z</time>
    </trkpt>
    <trkpt lat="50.9613863" lon="6.8698725">
      <ele>49.8</ele>
      <time>2021-07-08T08:17:36Z</time>
    </trkpt>
    <trkpt lat="50.9610587" lon="6.8700025">
      <ele>49.8</ele>
      <time>2021-07-08T08:17:42Z</time>
    </trkpt>
    <trkpt lat="50.9610040" lon="6.8700327">
      <ele>49.8</ele>
      <time>2021-07-08T08:17:43Z</time>
    </trkpt>
    <trkpt lat="50.9609016" lon="6.8700880">
      <ele>49.8</ele>
      <time>2021-07-08T08:17:45Z</time>
    </trkpt>
    <trkpt lat="50.9607321" lon="6.8701338">
      <ele>49.8</ele>
      <time>2021-07-08T08:17:48Z</time>
    </trkpt>
    <trkpt lat="50.9605566" lon="6.8701723">
      <ele>50.2</ele>
      <time>2021-07-08T08:17:51Z</time>
    </trkpt>
    <trkpt lat="50.9603693" lon="6.8701978">
      <ele>50.2</ele>
      <time>2021-07-08T08:17:54Z</time>
    </trkpt>
    <trkpt lat="50.9602952" lon="6.8702124">
      <ele>50.2</ele>
      <time>2021-07-08T08:17:55Z</time>
    </trkpt>
    <trkpt lat="50.9602249" lon="6.8702271">
      <ele>50.2</ele>
      <time>2021-07-08T08:17:56Z</time>
    </trkpt>
    <trkpt lat="50.9601165" lon="6.8702607">
      <ele>50.2</ele>
      <time>2021-07-08T08:17:58Z</time>
    </trkpt>
    <trkpt lat="50.9600093" lon="6.8702928">
      <ele>50.2</ele>
      <time>2021-07-08T08:18:00Z</time>
    </trkpt>
    <trkpt lat="50.9597860" lon="6.8703429">
      <ele>49.4</ele>
      <time>2021-07-08T08:18:05Z</time>
    </trkpt>
    <trkpt lat="50.9597250" lon="6.8703485">
      <ele>49.4</ele>
      <time>2021-07-08T08:18:08Z</time>
    </trkpt>
    <trkpt lat="50.9597140" lon="6.8703738">
      <ele>49.2</ele>
      <time>2021-07-08T08:18:09Z</time>
    </trkpt>
    <trkpt lat="50.9596981" lon="6.8704030">
      <ele>49.2</ele>
      <time>2021-07-08T08:18:10Z</time>
    </trkpt>
    <trkpt lat="50.9596403" lon="6.8704973">
      <ele>49.2</ele>
      <time>2021-07-08T08:18:14Z</time>
    </trkpt>
    <trkpt lat="50.9595983" lon="6.8705180">
      <ele>49.2</ele>
      <time>2021-07-08T08:18:16Z</time>
    </trkpt>
    <trkpt lat="50.9594591" lon="6.8705271">
      <ele>49.2</ele>
      <time>2021-07-08T08:18:21Z</time>
    </trkpt>
    <trkpt lat="50.9593229" lon="6.8706511">
      <ele>49.2</ele>
      <time>2021-07-08T08:18:25Z</time>
    </trkpt>
    <trkpt lat="50.9590799" lon="6.8707741">
      <ele>49.4</ele>
      <time>2021-07-08T08:18:31Z</time>
    </trkpt>
    <trkpt lat="50.9588022" lon="6.8707956">
      <ele>49.6</ele>
      <time>2021-07-08T08:18:37Z</time>
    </trkpt>
    <trkpt lat="50.9586460" lon="6.8707542">
      <ele>49.8</ele>
      <time>2021-07-08T08:18:40Z</time>
    </trkpt>
    <trkpt lat="50.9585902" lon="6.8707361">
      <ele>50.0</ele>
      <time>2021-07-08T08:18:41Z</time>
    </trkpt>
    <trkpt lat="50.9585382" lon="6.8707216">
      <ele>50.2</ele>
      <time>2021-07-08T08:18:42Z</time>
    </trkpt>
    <trkpt lat="50.9584571" lon="6.8706670">
      <ele>50.4</ele>
      <time>2021-07-08T08:18:44Z</time>
    </trkpt>
    <trkpt lat="50.9584117" lon="6.8706221">
      <ele>50.6</ele>
      <time>2021-07-08T08:18:45Z</time>
    </trkpt>
    <trkpt lat="50.9583619" lon="6.8705722">
      <ele>50.6</ele>
      <time>2021-07-08T08:18:46Z</time>
    </trkpt>
    <trkpt lat="50.9583194" lon="6.8704429">
      <ele>50.8</ele>
      <time>2021-07-08T08:18:48Z</time>
    </trkpt>
    <trkpt lat="50.9583205" lon="6.8703765">
      <ele>50.8</ele>
      <time>2021-07-08T08:18:49Z</time>
    </trkpt>
    <trkpt lat="50.9583536" lon="6.8702599">
      <ele>50.8</ele>
      <time>2021-07-08T08:18:51Z</time>
    </trkpt>
    <trkpt lat="50.9583690" lon="6.8702079">
      <ele>50.8</ele>
      <time>2021-07-08T08:18:52Z</time>
    </trkpt>
    <trkpt lat="50.9584319" lon="6.8699868">
      <ele>51.2</ele>
      <time>2021-07-08T08:18:56Z</time>
    </trkpt>
    <trkpt lat="50.9584557" lon="6.8698881">
      <ele>51.6</ele>
      <time>2021-07-08T08:18:58Z</time>
    </trkpt>
    <trkpt lat="50.9584827" lon="6.8697344">
      <ele>51.8</ele>
      <time>2021-07-08T08:19:02Z</time>
    </trkpt>
    <trkpt lat="50.9585003" lon="6.8696306">
      <ele>52.4</ele>
      <time>2021-07-08T08:19:07Z</time>
    </trkpt>
    <trkpt lat="50.9584823" lon="6.8696040">
      <ele>52.6</ele>
      <time>2021-07-08T08:19:09Z</time>
    </trkpt>
    <trkpt lat="50.9585433" lon="6.8694837">
      <ele>52.8</ele>
      <time>2021-07-08T08:20:20Z</time>
    </trkpt>
    <trkpt lat="50.9585614" lon="6.8694540">
      <ele>52.8</ele>
      <time>2021-07-08T08:20:21Z</time>
    </trkpt>
    <trkpt lat="50.9586443" lon="6.8692047">
      <ele>52.8</ele>
      <time>2021-07-08T08:20:27Z</time>
    </trkpt>
    <trkpt lat="50.9586945" lon="6.8689940">
      <ele>53.0</ele>
      <time>2021-07-08T08:20:31Z</time>
    </trkpt>
    <trkpt lat="50.9586829" lon="6.8689512">
      <ele>53.0</ele>
      <time>2021-07-08T08:20:32Z</time>
    </trkpt>
    <trkpt lat="50.9585609" lon="6.8688238">
      <ele>53.2</ele>
      <time>2021-07-08T08:20:37Z</time>
    </trkpt>
    <trkpt lat="50.9585324" lon="6.8688147">
      <ele>53.4</ele>
      <time>2021-07-08T08:20:39Z</time>
    </trkpt>
    <trkpt lat="50.9585295" lon="6.8688145">
      <ele>53.6</ele>
      <time>2021-07-08T08:20:41Z</time>
    </trkpt>
    <trkpt lat="50.9585295" lon="6.8688145">
      <ele>53.8</ele>
      <time>2021-07-08T08:20:42Z</time>
    </trkpt>
    <trkpt lat="50.9585189" lon="6.8686565">
      <ele>54.2</ele>
      <time>2021-07-08T08:20:47Z</time>
    </trkpt>
    <trkpt lat="50.9585034" lon="6.8685632">
      <ele>54.2</ele>
      <time>2021-07-08T08:20:49Z</time>
    </trkpt>
    <trkpt lat="50.9584889" lon="6.8684335">
      <ele>54.4</ele>
      <time>2021-07-08T08:20:52Z</time>
    </trkpt>
    <trkpt lat="50.9585067" lon="6.8684119">
      <ele>54.4</ele>
      <time>2021-07-08T08:20:53Z</time>
    </trkpt>
    <trkpt lat="50.9585420" lon="6.8683807">
      <ele>54.4</ele>
      <time>2021-07-08T08:20:54Z</time>
    </trkpt>
    <trkpt lat="50.9586956" lon="6.8682746">
      <ele>54.4</ele>
      <time>2021-07-08T08:20:58Z</time>
    </trkpt>
    <trkpt lat="50.9587371" lon="6.8682336">
      <ele>54.4</ele>
      <time>2021-07-08T08:20:59Z</time>
    </trkpt>
    <trkpt lat="50.9588020" lon="6.8681124">
      <ele>54.4</ele>
      <time>2021-07-08T08:21:01Z</time>
    </trkpt>
    <trkpt lat="50.9588468" lon="6.8679714">
      <ele>54.0</ele>
      <time>2021-07-08T08:21:03Z</time>
    </trkpt>
    <trkpt lat="50.9589193" lon="6.8677549">
      <ele>54.0</ele>
      <time>2021-07-08T08:21:06Z</time>
    </trkpt>
    <trkpt lat="50.9589446" lon="6.8676207">
      <ele>53.8</ele>
      <time>2021-07-08T08:21:08Z</time>
    </trkpt>
    <trkpt lat="50.9589329" lon="6.8675545">
      <ele>53.8</ele>
      <time>2021-07-08T08:21:09Z</time>
    </trkpt>
    <trkpt lat="50.9588980" lon="6.8675078">
      <ele>53.8</ele>
      <time>2021-07-08T08:21:10Z</time>
    </trkpt>
    <trkpt lat="50.9588090" lon="6.8674820">
      <ele>53.8</ele>
      <time>2021-07-08T08:21:12Z</time>
    </trkpt>
    <trkpt lat="50.9586028" lon="6.8675570">
      <ele>54.4</ele>
      <time>2021-07-08T08:21:16Z</time>
    </trkpt>
    <trkpt lat="50.9582822" lon="6.8676586">
      <ele>55.0</ele>
      <time>2021-07-08T08:21:21Z</time>
    </trkpt>
    <trkpt lat="50.9578172" lon="6.8678151">
      <ele>55.4</ele>
      <time>2021-07-08T08:21:27Z</time>
    </trkpt>
    <trkpt lat="50.9573648" lon="6.8679734">
      <ele>56.4</ele>
      <time>2021-07-08T08:21:32Z</time>
    </trkpt>
    <trkpt lat="50.9572593" lon="6.8680228">
      <ele>56.6</ele>
      <time>2021-07-08T08:21:33Z</time>
    </trkpt>
    <trkpt lat="50.9568245" lon="6.8681906">
      <ele>56.8</ele>
      <time>2021-07-08T08:21:37Z</time>
    </trkpt>
    <trkpt lat="50.9562728" lon="6.8683605">
      <ele>56.6</ele>
      <time>2021-07-08T08:21:42Z</time>
    </trkpt>
    <trkpt lat="50.9561697" lon="6.8683877">
      <ele>56.6</ele>
      <time>2021-07-08T08:21:43Z</time>
    </trkpt>
    <trkpt lat="50.9559917" lon="6.8684206">
      <ele>56.6</ele>
      <time>2021-07-08T08:21:45Z</time>
    </trkpt>
    <trkpt lat="50.9559123" lon="6.8684226">
      <ele>56.8</ele>
      <time>2021-07-08T08:21:46Z</time>
    </trkpt>
    <trkpt lat="50.9555279" lon="6.8684511">
      <ele>57.6</ele>
      <time>2021-07-08T08:21:51Z</time>
    </trkpt>
    <trkpt lat="50.9554505" lon="6.8684571">
      <ele>58.2</ele>
      <time>2021-07-08T08:21:52Z</time>
    </trkpt>
    <trkpt lat="50.9552988" lon="6.8684650">
      <ele>58.8</ele>
      <time>2021-07-08T08:21:54Z</time>
    </trkpt>
    <trkpt lat="50.9550907" lon="6.8685199">
      <ele>59.0</ele>
      <time>2021-07-08T08:21:57Z</time>
    </trkpt>
    <trkpt lat="50.9549395" lon="6.8685097">
      <ele>59.0</ele>
      <time>2021-07-08T08:21:59Z</time>
    </trkpt>
    <trkpt lat="50.9547175" lon="6.8685174">
      <ele>59.0</ele>
      <time>2021-07-08T08:22:02Z</time>
    </trkpt>
    <trkpt lat="50.9546472" lon="6.8685422">
      <ele>59.2</ele>
      <time>2021-07-08T08:22:03Z</time>
    </trkpt>
    <trkpt lat="50.9544184" lon="6.8685768">
      <ele>59.2</ele>
      <time>2021-07-08T08:22:06Z</time>
    </trkpt>
    <trkpt lat="50.9540152" lon="6.8686843">
      <ele>59.4</ele>
      <time>2021-07-08T08:22:11Z</time>
    </trkpt>
    <trkpt lat="50.9535908" lon="6.8688213">
      <ele>59.2</ele>
      <time>2021-07-08T08:22:17Z</time>
    </trkpt>
    <trkpt lat="50.9532725" lon="6.8689237">
      <ele>58.6</ele>
      <time>2021-07-08T08:22:22Z</time>
    </trkpt>
    <trkpt lat="50.9532026" lon="6.8688772">
      <ele>58.6</ele>
      <time>2021-07-08T08:22:24Z</time>
    </trkpt>
    <trkpt lat="50.9531778" lon="6.8686373">
      <ele>58.2</ele>
      <time>2021-07-08T08:22:27Z</time>
    </trkpt>
    <trkpt lat="50.9530959" lon="6.8678728">
      <ele>58.2</ele>
      <time>2021-07-08T08:22:35Z</time>
    </trkpt>
    <trkpt lat="50.9530080" lon="6.8670571">
      <ele>58.2</ele>
      <time>2021-07-08T08:22:43Z</time>
    </trkpt>
    <trkpt lat="50.9529003" lon="6.8661281">
      <ele>58.6</ele>
      <time>2021-07-08T08:22:52Z</time>
    </trkpt>
    <trkpt lat="50.9528757" lon="6.8659284">
      <ele>58.6</ele>
      <time>2021-07-08T08:22:54Z</time>
    </trkpt>
    <trkpt lat="50.9528384" lon="6.8656570">
      <ele>59.0</ele>
      <time>2021-07-08T08:22:57Z</time>
    </trkpt>
    <trkpt lat="50.9528006" lon="6.8655050">
      <ele>59.0</ele>
      <time>2021-07-08T08:22:59Z</time>
    </trkpt>
    <trkpt lat="50.9527732" lon="6.8653635">
      <ele>59.0</ele>
      <time>2021-07-08T08:23:01Z</time>
    </trkpt>
    <trkpt lat="50.9527405" lon="6.8651643">
      <ele>59.2</ele>
      <time>2021-07-08T08:23:04Z</time>
    </trkpt>
    <trkpt lat="50.9526833" lon="6.8649284">
      <ele>59.6</ele>
      <time>2021-07-08T08:23:07Z</time>
    </trkpt>
    <trkpt lat="50.9526875" lon="6.8648486">
      <ele>59.8</ele>
      <time>2021-07-08T08:23:09Z</time>
    </trkpt>
    <trkpt lat="50.9526899" lon="6.8648165">
      <ele>60.0</ele>
      <time>2021-07-08T08:23:10Z</time>
    </trkpt>
    <trkpt lat="50.9526892" lon="6.8647881">
      <ele>60.2</ele>
      <time>2021-07-08T08:23:11Z</time>
    </trkpt>
    <trkpt lat="50.9526866" lon="6.8647823">
      <ele>60.2</ele>
      <time>2021-07-08T08:23:13Z</time>
    </trkpt>
    <trkpt lat="50.9526923" lon="6.8646637">
      <ele>60.4</ele>
      <time>2021-07-08T08:23:21Z</time>
    </trkpt>
    <trkpt lat="50.9526988" lon="6.8646171">
      <ele>60.4</ele>
      <time>2021-07-08T08:23:23Z</time>
    </trkpt>
    <trkpt lat="50.9527018" lon="6.8645872">
      <ele>60.4</ele>
      <time>2021-07-08T08:23:24Z</time>
    </trkpt>
    <trkpt lat="50.9527084" lon="6.8645552">
      <ele>60.4</ele>
      <time>2021-07-08T08:23:25Z</time>
    </trkpt>
    <trkpt lat="50.9527109" lon="6.8644646">
      <ele>60.2</ele>
      <time>2021-07-08T08:23:28Z</time>
    </trkpt>
    <trkpt lat="50.9526961" lon="6.8644230">
      <ele>60.2</ele>
      <time>2021-07-08T08:23:29Z</time>
    </trkpt>
    <trkpt lat="50.9526838" lon="6.8643849">
      <ele>60.2</ele>
      <time>2021-07-08T08:23:30Z</time>
    </trkpt>
    <trkpt lat="50.9526581" lon="6.8643807">
      <ele>60.2</ele>
      <time>2021-07-08T08:23:33Z</time>
    </trkpt>
    <trkpt lat="50.9526581" lon="6.8643807">
      <ele>60.2</ele>
      <time>2021-07-08T08:23:34Z</time>
    </trkpt>
    <trkpt lat="50.9525950" lon="6.8644107">
      <ele>60.0</ele>
      <time>2021-07-08T08:24:37Z</time>
    </trkpt>
    <trkpt lat="50.9525608" lon="6.8644433">
      <ele>60.0</ele>
      <time>2021-07-08T08:24:38Z</time>
    </trkpt>
    <trkpt lat="50.9523342" lon="6.8646430">
      <ele>59.8</ele>
      <time>2021-07-08T08:24:43Z</time>
    </trkpt>
    <trkpt lat="50.9521892" lon="6.8648109">
      <ele>59.6</ele>
      <time>2021-07-08T08:24:46Z</time>
    </trkpt>
    <trkpt lat="50.9520972" lon="6.8649652">
      <ele>59.6</ele>
      <time>2021-07-08T08:24:48Z</time>
    </trkpt>
    <trkpt lat="50.9520608" lon="6.8650554">
      <ele>59.4</ele>
      <time>2021-07-08T08:24:49Z</time>
    </trkpt>
    <trkpt lat="50.9519492" lon="6.8653353">
      <ele>59.6</ele>
      <time>2021-07-08T08:24:52Z</time>
    </trkpt>
    <trkpt lat="50.9518136" lon="6.8657412">
      <ele>59.6</ele>
      <time>2021-07-08T08:24:56Z</time>
    </trkpt>
    <trkpt lat="50.9517204" lon="6.8659248">
      <ele>59.4</ele>
      <time>2021-07-08T08:24:58Z</time>
    </trkpt>
    <trkpt lat="50.9513512" lon="6.8666262">
      <ele>58.8</ele>
      <time>2021-07-08T08:25:06Z</time>
    </trkpt>
    <trkpt lat="50.9513030" lon="6.8667101">
      <ele>58.8</ele>
      <time>2021-07-08T08:25:07Z</time>
    </trkpt>
    <trkpt lat="50.9510508" lon="6.8671840">
      <ele>58.8</ele>
      <time>2021-07-08T08:25:13Z</time>
    </trkpt>
    <trkpt lat="50.9510020" lon="6.8672548">
      <ele>58.8</ele>
      <time>2021-07-08T08:25:14Z</time>
    </trkpt>
    <trkpt lat="50.9507484" lon="6.8676083">
      <ele>58.8</ele>
      <time>2021-07-08T08:25:19Z</time>
    </trkpt>
    <trkpt lat="50.9504970" lon="6.8680466">
      <ele>59.0</ele>
      <time>2021-07-08T08:25:25Z</time>
    </trkpt>
    <trkpt lat="50.9504685" lon="6.8681303">
      <ele>59.0</ele>
      <time>2021-07-08T08:25:26Z</time>
    </trkpt>
    <trkpt lat="50.9504428" lon="6.8682998">
      <ele>59.0</ele>
      <time>2021-07-08T08:25:28Z</time>
    </trkpt>
    <trkpt lat="50.9503810" lon="6.8687428">
      <ele>59.0</ele>
      <time>2021-07-08T08:25:32Z</time>
    </trkpt>
    <trkpt lat="50.9503135" lon="6.8691949">
      <ele>58.8</ele>
      <time>2021-07-08T08:25:36Z</time>
    </trkpt>
    <trkpt lat="50.9502667" lon="6.8694128">
      <ele>58.6</ele>
      <time>2021-07-08T08:25:38Z</time>
    </trkpt>
    <trkpt lat="50.9502159" lon="6.8697332">
      <ele>58.6</ele>
      <time>2021-07-08T08:25:41Z</time>
    </trkpt>
    <trkpt lat="50.9501918" lon="6.8698424">
      <ele>58.6</ele>
      <time>2021-07-08T08:25:42Z</time>
    </trkpt>
    <trkpt lat="50.9501263" lon="6.8702161">
      <ele>58.6</ele>
      <time>2021-07-08T08:25:45Z</time>
    </trkpt>
    <trkpt lat="50.9501121" lon="6.8703110">
      <ele>58.8</ele>
      <time>2021-07-08T08:25:46Z</time>
    </trkpt>
    <trkpt lat="50.9500611" lon="6.8706311">
      <ele>58.8</ele>
      <time>2021-07-08T08:25:49Z</time>
    </trkpt>
    <trkpt lat="50.9500094" lon="6.8707938">
      <ele>58.8</ele>
      <time>2021-07-08T08:25:51Z</time>
    </trkpt>
    <trkpt lat="50.9499637" lon="6.8709376">
      <ele>59.0</ele>
      <time>2021-07-08T08:25:53Z</time>
    </trkpt>
    <trkpt lat="50.9499216" lon="6.8709709">
      <ele>59.2</ele>
      <time>2021-07-08T08:25:55Z</time>
    </trkpt>
    <trkpt lat="50.9497076" lon="6.8709992">
      <ele>59.6</ele>
      <time>2021-07-08T08:26:01Z</time>
    </trkpt>
    <trkpt lat="50.9495528" lon="6.8710747">
      <ele>60.0</ele>
      <time>2021-07-08T08:26:04Z</time>
    </trkpt>
    <trkpt lat="50.9493676" lon="6.8712323">
      <ele>60.4</ele>
      <time>2021-07-08T08:26:07Z</time>
    </trkpt>
    <trkpt lat="50.9491813" lon="6.8714554">
      <ele>60.8</ele>
      <time>2021-07-08T08:26:10Z</time>
    </trkpt>
    <trkpt lat="50.9491295" lon="6.8715293">
      <ele>61.2</ele>
      <time>2021-07-08T08:26:11Z</time>
    </trkpt>
    <trkpt lat="50.9490424" lon="6.8716743">
      <ele>61.2</ele>
      <time>2021-07-08T08:26:13Z</time>
    </trkpt>
    <trkpt lat="50.9489599" lon="6.8718157">
      <ele>61.2</ele>
      <time>2021-07-08T08:26:15Z</time>
    </trkpt>
    <trkpt lat="50.9488335" lon="6.8719832">
      <ele>61.0</ele>
      <time>2021-07-08T08:26:19Z</time>
    </trkpt>
    <trkpt lat="50.9486282" lon="6.8722049">
      <ele>60.4</ele>
      <time>2021-07-08T08:26:24Z</time>
    </trkpt>
    <trkpt lat="50.9485177" lon="6.8722688">
      <ele>60.8</ele>
      <time>2021-07-08T08:26:28Z</time>
    </trkpt>
    <trkpt lat="50.9482321" lon="6.8724430">
      <ele>61.2</ele>
      <time>2021-07-08T08:26:34Z</time>
    </trkpt>
    <trkpt lat="50.9481524" lon="6.8725029">
      <ele>61.2</ele>
      <time>2021-07-08T08:26:37Z</time>
    </trkpt>
    <trkpt lat="50.9480722" lon="6.8725705">
      <ele>61.2</ele>
      <time>2021-07-08T08:26:39Z</time>
    </trkpt>
    <trkpt lat="50.9478019" lon="6.8727367">
      <ele>62.0</ele>
      <time>2021-07-08T08:26:44Z</time>
    </trkpt>
    <trkpt lat="50.9474535" lon="6.8729576">
      <ele>62.2</ele>
      <time>2021-07-08T08:26:50Z</time>
    </trkpt>
    <trkpt lat="50.9474229" lon="6.8730052">
      <ele>62.2</ele>
      <time>2021-07-08T08:26:51Z</time>
    </trkpt>
    <trkpt lat="50.9474055" lon="6.8730767">
      <ele>62.2</ele>
      <time>2021-07-08T08:26:52Z</time>
    </trkpt>
    <trkpt lat="50.9473808" lon="6.8733031">
      <ele>61.8</ele>
      <time>2021-07-08T08:26:54Z</time>
    </trkpt>
    <trkpt lat="50.9473797" lon="6.8734240">
      <ele>61.8</ele>
      <time>2021-07-08T08:26:55Z</time>
    </trkpt>
    <trkpt lat="50.9473811" lon="6.8735504">
      <ele>61.4</ele>
      <time>2021-07-08T08:26:56Z</time>
    </trkpt>
    <trkpt lat="50.9473656" lon="6.8738271">
      <ele>60.6</ele>
      <time>2021-07-08T08:26:58Z</time>
    </trkpt>
    <trkpt lat="50.9473529" lon="6.8739425">
      <ele>60.6</ele>
      <time>2021-07-08T08:26:59Z</time>
    </trkpt>
    <trkpt lat="50.9473325" lon="6.8740546">
      <ele>60.0</ele>
      <time>2021-07-08T08:27:00Z</time>
    </trkpt>
    <trkpt lat="50.9472856" lon="6.8742469">
      <ele>59.6</ele>
      <time>2021-07-08T08:27:02Z</time>
    </trkpt>
    <trkpt lat="50.9472710" lon="6.8743221">
      <ele>59.2</ele>
      <time>2021-07-08T08:27:03Z</time>
    </trkpt>
    <trkpt lat="50.9472652" lon="6.8744217">
      <ele>58.8</ele>
      <time>2021-07-08T08:27:05Z</time>
    </trkpt>
    <trkpt lat="50.9473019" lon="6.8744448">
      <ele>58.2</ele>
      <time>2021-07-08T08:27:07Z</time>
    </trkpt>
    <trkpt lat="50.9473264" lon="6.8744312">
      <ele>57.8</ele>
      <time>2021-07-08T08:27:08Z</time>
    </trkpt>
    <trkpt lat="50.9473459" lon="6.8744317">
      <ele>57.4</ele>
      <time>2021-07-08T08:27:09Z</time>
    </trkpt>
    <trkpt lat="50.9473564" lon="6.8744712">
      <ele>57.0</ele>
      <time>2021-07-08T08:27:11Z</time>
    </trkpt>
    <trkpt lat="50.9472986" lon="6.8745611">
      <ele>55.6</ele>
      <time>2021-07-08T08:27:14Z</time>
    </trkpt>
    <trkpt lat="50.9472738" lon="6.8745947">
      <ele>55.4</ele>
      <time>2021-07-08T08:27:15Z</time>
    </trkpt>
    <trkpt lat="50.9469849" lon="6.8747540">
      <ele>53.6</ele>
      <time>2021-07-08T08:27:22Z</time>
    </trkpt>
    <trkpt lat="50.9469159" lon="6.8747936">
      <ele>53.2</ele>
      <time>2021-07-08T08:27:23Z</time>
    </trkpt>
    <trkpt lat="50.9468404" lon="6.8748223">
      <ele>53.0</ele>
      <time>2021-07-08T08:27:24Z</time>
    </trkpt>
    <trkpt lat="50.9467653" lon="6.8748444">
      <ele>52.6</ele>
      <time>2021-07-08T08:27:25Z</time>
    </trkpt>
    <trkpt lat="50.9466902" lon="6.8748533">
      <ele>52.4</ele>
      <time>2021-07-08T08:27:26Z</time>
    </trkpt>
    <trkpt lat="50.9466146" lon="6.8748566">
      <ele>51.8</ele>
      <time>2021-07-08T08:27:27Z</time>
    </trkpt>
    <trkpt lat="50.9464803" lon="6.8748596">
      <ele>51.2</ele>
      <time>2021-07-08T08:27:29Z</time>
    </trkpt>
    <trkpt lat="50.9463047" lon="6.8748764">
      <ele>51.0</ele>
      <time>2021-07-08T08:27:32Z</time>
    </trkpt>
    <trkpt lat="50.9461939" lon="6.8748805">
      <ele>51.0</ele>
      <time>2021-07-08T08:27:34Z</time>
    </trkpt>
    <trkpt lat="50.9460790" lon="6.8748739">
      <ele>51.4</ele>
      <time>2021-07-08T08:27:36Z</time>
    </trkpt>
    <trkpt lat="50.9459104" lon="6.8748454">
      <ele>52.2</ele>
      <time>2021-07-08T08:27:39Z</time>
    </trkpt>
    <trkpt lat="50.9458188" lon="6.8748360">
      <ele>53.0</ele>
      <time>2021-07-08T08:27:41Z</time>
    </trkpt>
    <trkpt lat="50.9457618" lon="6.8748303">
      <ele>53.8</ele>
      <time>2021-07-08T08:27:43Z</time>
    </trkpt>
    <trkpt lat="50.9457424" lon="6.8748418">
      <ele>54.0</ele>
      <time>2021-07-08T08:27:44Z</time>
    </trkpt>
    <trkpt lat="50.9456557" lon="6.8748775">
      <ele>55.0</ele>
      <time>2021-07-08T08:27:47Z</time>
    </trkpt>
    <trkpt lat="50.9456133" lon="6.8748808">
      <ele>55.2</ele>
      <time>2021-07-08T08:27:48Z</time>
    </trkpt>
    <trkpt lat="50.9454578" lon="6.8748724">
      <ele>55.4</ele>
      <time>2021-07-08T08:27:51Z</time>
    </trkpt>
    <trkpt lat="50.9451309" lon="6.8748586">
      <ele>55.6</ele>
      <time>2021-07-08T08:27:56Z</time>
    </trkpt>
    <trkpt lat="50.9447880" lon="6.8749263">
      <ele>55.4</ele>
      <time>2021-07-08T08:28:01Z</time>
    </trkpt>
    <trkpt lat="50.9444259" lon="6.8750422">
      <ele>55.0</ele>
      <time>2021-07-08T08:28:06Z</time>
    </trkpt>
    <trkpt lat="50.9440490" lon="6.8752459">
      <ele>54.6</ele>
      <time>2021-07-08T08:28:11Z</time>
    </trkpt>
    <trkpt lat="50.9439115" lon="6.8753432">
      <ele>54.2</ele>
      <time>2021-07-08T08:28:13Z</time>
    </trkpt>
    <trkpt lat="50.9437834" lon="6.8754477">
      <ele>54.0</ele>
      <time>2021-07-08T08:28:15Z</time>
    </trkpt>
    <trkpt lat="50.9437159" lon="6.8755176">
      <ele>54.0</ele>
      <time>2021-07-08T08:28:16Z</time>
    </trkpt>
    <trkpt lat="50.9433623" lon="6.8760084">
      <ele>53.4</ele>
      <time>2021-07-08T08:28:22Z</time>
    </trkpt>
    <trkpt lat="50.9430250" lon="6.8765107">
      <ele>53.0</ele>
      <time>2021-07-08T08:28:28Z</time>
    </trkpt>
    <trkpt lat="50.9428859" lon="6.8766793">
      <ele>52.8</ele>
      <time>2021-07-08T08:28:30Z</time>
    </trkpt>
    <trkpt lat="50.9427451" lon="6.8768609">
      <ele>52.6</ele>
      <time>2021-07-08T08:28:32Z</time>
    </trkpt>
    <trkpt lat="50.9426820" lon="6.8769468">
      <ele>52.4</ele>
      <time>2021-07-08T08:28:33Z</time>
    </trkpt>
    <trkpt lat="50.9423327" lon="6.8774205">
      <ele>52.2</ele>
      <time>2021-07-08T08:28:39Z</time>
    </trkpt>
    <trkpt lat="50.9420312" lon="6.8778582">
      <ele>52.2</ele>
      <time>2021-07-08T08:28:44Z</time>
    </trkpt>
    <trkpt lat="50.9418063" lon="6.8782365">
      <ele>52.2</ele>
      <time>2021-07-08T08:28:49Z</time>
    </trkpt>
    <trkpt lat="50.9415786" lon="6.8785091">
      <ele>52.2</ele>
      <time>2021-07-08T08:28:54Z</time>
    </trkpt>
    <trkpt lat="50.9415029" lon="6.8786254">
      <ele>52.4</ele>
      <time>2021-07-08T08:28:56Z</time>
    </trkpt>
    <trkpt lat="50.9414598" lon="6.8786852">
      <ele>52.4</ele>
      <time>2021-07-08T08:28:57Z</time>
    </trkpt>
    <trkpt lat="50.9413214" lon="6.8788450">
      <ele>52.4</ele>
      <time>2021-07-08T08:29:00Z</time>
    </trkpt>
    <trkpt lat="50.9412443" lon="6.8789514">
      <ele>52.6</ele>
      <time>2021-07-08T08:29:02Z</time>
    </trkpt>
    <trkpt lat="50.9411739" lon="6.8790522">
      <ele>52.6</ele>
      <time>2021-07-08T08:29:04Z</time>
    </trkpt>
    <trkpt lat="50.9411102" lon="6.8791529">
      <ele>52.8</ele>
      <time>2021-07-08T08:29:07Z</time>
    </trkpt>
    <trkpt lat="50.9410922" lon="6.8791716">
      <ele>52.8</ele>
      <time>2021-07-08T08:29:08Z</time>
    </trkpt>
    <trkpt lat="50.9410283" lon="6.8792817">
      <ele>53.0</ele>
      <time>2021-07-08T08:29:11Z</time>
    </trkpt>
    <trkpt lat="50.9408548" lon="6.8795018">
      <ele>53.0</ele>
      <time>2021-07-08T08:29:16Z</time>
    </trkpt>
    <trkpt lat="50.9407336" lon="6.8796673">
      <ele>52.8</ele>
      <time>2021-07-08T08:29:19Z</time>
    </trkpt>
    <trkpt lat="50.9406384" lon="6.8797739">
      <ele>52.8</ele>
      <time>2021-07-08T08:29:21Z</time>
    </trkpt>
    <trkpt lat="50.9403349" lon="6.8800675">
      <ele>52.8</ele>
      <time>2021-07-08T08:29:27Z</time>
    </trkpt>
    <trkpt lat="50.9399387" lon="6.8803971">
      <ele>53.0</ele>
      <time>2021-07-08T08:29:34Z</time>
    </trkpt>
    <trkpt lat="50.9396594" lon="6.8806272">
      <ele>53.0</ele>
      <time>2021-07-08T08:29:39Z</time>
    </trkpt>
    <trkpt lat="50.9391846" lon="6.8810507">
      <ele>53.6</ele>
      <time>2021-07-08T08:29:47Z</time>
    </trkpt>
    <trkpt lat="50.9390647" lon="6.8811641">
      <ele>53.4</ele>
      <time>2021-07-08T08:29:49Z</time>
    </trkpt>
    <trkpt lat="50.9387774" lon="6.8814259">
      <ele>53.6</ele>
      <time>2021-07-08T08:29:54Z</time>
    </trkpt>
    <trkpt lat="50.9386712" lon="6.8815231">
      <ele>53.6</ele>
      <time>2021-07-08T08:29:56Z</time>
    </trkpt>
    <trkpt lat="50.9384341" lon="6.8817744">
      <ele>53.6</ele>
      <time>2021-07-08T08:30:01Z</time>
    </trkpt>
    <trkpt lat="50.9382739" lon="6.8819512">
      <ele>53.8</ele>
      <time>2021-07-08T08:30:05Z</time>
    </trkpt>
    <trkpt lat="50.9382287" lon="6.8819997">
      <ele>53.8</ele>
      <time>2021-07-08T08:30:06Z</time>
    </trkpt>
    <trkpt lat="50.9380150" lon="6.8820683">
      <ele>54.8</ele>
      <time>2021-07-08T08:30:11Z</time>
    </trkpt>
    <trkpt lat="50.9378766" lon="6.8820737">
      <ele>55.2</ele>
      <time>2021-07-08T08:30:16Z</time>
    </trkpt>
    <trkpt lat="50.9378206" lon="6.8820519">
      <ele>55.4</ele>
      <time>2021-07-08T08:30:21Z</time>
    </trkpt>
    <trkpt lat="50.9378174" lon="6.8820511">
      <ele>55.6</ele>
      <time>2021-07-08T08:30:24Z</time>
    </trkpt>
    <trkpt lat="50.9377939" lon="6.8820653">
      <ele>56.0</ele>
      <time>2021-07-08T08:32:06Z</time>
    </trkpt>
    <trkpt lat="50.9377646" lon="6.8820679">
      <ele>56.0</ele>
      <time>2021-07-08T08:32:07Z</time>
    </trkpt>
    <trkpt lat="50.9375818" lon="6.8821162">
      <ele>55.8</ele>
      <time>2021-07-08T08:32:12Z</time>
    </trkpt>
    <trkpt lat="50.9375011" lon="6.8822380">
      <ele>55.6</ele>
      <time>2021-07-08T08:32:14Z</time>
    </trkpt>
    <trkpt lat="50.9374556" lon="6.8822923">
      <ele>55.6</ele>
      <time>2021-07-08T08:32:15Z</time>
    </trkpt>
    <trkpt lat="50.9374097" lon="6.8823299">
      <ele>55.6</ele>
      <time>2021-07-08T08:32:16Z</time>
    </trkpt>
    <trkpt lat="50.9373054" lon="6.8823782">
      <ele>55.4</ele>
      <time>2021-07-08T08:32:18Z</time>
    </trkpt>
    <trkpt lat="50.9372494" lon="6.8824135">
      <ele>55.4</ele>
      <time>2021-07-08T08:32:19Z</time>
    </trkpt>
    <trkpt lat="50.9370108" lon="6.8825850">
      <ele>55.0</ele>
      <time>2021-07-08T08:32:23Z</time>
    </trkpt>
    <trkpt lat="50.9368395" lon="6.8827682">
      <ele>54.8</ele>
      <time>2021-07-08T08:32:26Z</time>
    </trkpt>
    <trkpt lat="50.9367785" lon="6.8829847">
      <ele>54.2</ele>
      <time>2021-07-08T08:32:28Z</time>
    </trkpt>
    <trkpt lat="50.9367754" lon="6.8830856">
      <ele>54.0</ele>
      <time>2021-07-08T08:32:29Z</time>
    </trkpt>
    <trkpt lat="50.9367871" lon="6.8831864">
      <ele>54.0</ele>
      <time>2021-07-08T08:32:30Z</time>
    </trkpt>
    <trkpt lat="50.9368024" lon="6.8832845">
      <ele>53.6</ele>
      <time>2021-07-08T08:32:31Z</time>
    </trkpt>
    <trkpt lat="50.9368011" lon="6.8833660">
      <ele>53.4</ele>
      <time>2021-07-08T08:32:32Z</time>
    </trkpt>
    <trkpt lat="50.9367459" lon="6.8835010">
      <ele>53.0</ele>
      <time>2021-07-08T08:32:34Z</time>
    </trkpt>
    <trkpt lat="50.9366979" lon="6.8835458">
      <ele>52.8</ele>
      <time>2021-07-08T08:32:35Z</time>
    </trkpt>
    <trkpt lat="50.9366457" lon="6.8835838">
      <ele>52.6</ele>
      <time>2021-07-08T08:32:36Z</time>
    </trkpt>
    <trkpt lat="50.9363807" lon="6.8837556">
      <ele>52.2</ele>
      <time>2021-07-08T08:32:41Z</time>
    </trkpt>
    <trkpt lat="50.9362942" lon="6.8838403">
      <ele>52.4</ele>
      <time>2021-07-08T08:32:43Z</time>
    </trkpt>
    <trkpt lat="50.9361340" lon="6.8839751">
      <ele>52.8</ele>
      <time>2021-07-08T08:32:46Z</time>
    </trkpt>
    <trkpt lat="50.9359662" lon="6.8841419">
      <ele>53.4</ele>
      <time>2021-07-08T08:32:50Z</time>
    </trkpt>
    <trkpt lat="50.9359279" lon="6.8841897">
      <ele>53.8</ele>
      <time>2021-07-08T08:32:51Z</time>
    </trkpt>
    <trkpt lat="50.9358874" lon="6.8842437">
      <ele>54.0</ele>
      <time>2021-07-08T08:32:52Z</time>
    </trkpt>
    <trkpt lat="50.9357530" lon="6.8844255">
      <ele>54.8</ele>
      <time>2021-07-08T08:32:55Z</time>
    </trkpt>
    <trkpt lat="50.9357086" lon="6.8844873">
      <ele>55.2</ele>
      <time>2021-07-08T08:32:56Z</time>
    </trkpt>
    <trkpt lat="50.9356647" lon="6.8845526">
      <ele>55.4</ele>
      <time>2021-07-08T08:32:57Z</time>
    </trkpt>
    <trkpt lat="50.9355176" lon="6.8847434">
      <ele>56.0</ele>
      <time>2021-07-08T08:33:00Z</time>
    </trkpt>
    <trkpt lat="50.9354719" lon="6.8847932">
      <ele>56.2</ele>
      <time>2021-07-08T08:33:01Z</time>
    </trkpt>
    <trkpt lat="50.9354064" lon="6.8848556">
      <ele>56.4</ele>
      <time>2021-07-08T08:33:03Z</time>
    </trkpt>
    <trkpt lat="50.9352810" lon="6.8849948">
      <ele>57.0</ele>
      <time>2021-07-08T08:33:06Z</time>
    </trkpt>
    <trkpt lat="50.9352214" lon="6.8850771">
      <ele>57.2</ele>
      <time>2021-07-08T08:33:07Z</time>
    </trkpt>
    <trkpt lat="50.9349298" lon="6.8854599">
      <ele>57.8</ele>
      <time>2021-07-08T08:33:12Z</time>
    </trkpt>
    <trkpt lat="50.9347834" lon="6.8856471">
      <ele>58.4</ele>
      <time>2021-07-08T08:33:15Z</time>
    </trkpt>
    <trkpt lat="50.9346586" lon="6.8857729">
      <ele>58.6</ele>
      <time>2021-07-08T08:33:17Z</time>
    </trkpt>
    <trkpt lat="50.9344875" lon="6.8859697">
      <ele>58.8</ele>
      <time>2021-07-08T08:33:20Z</time>
    </trkpt>
    <trkpt lat="50.9344483" lon="6.8860030">
      <ele>59.0</ele>
      <time>2021-07-08T08:33:21Z</time>
    </trkpt>
    <trkpt lat="50.9344070" lon="6.8860457">
      <ele>59.0</ele>
      <time>2021-07-08T08:33:22Z</time>
    </trkpt>
    <trkpt lat="50.9343054" lon="6.8860862">
      <ele>59.2</ele>
      <time>2021-07-08T08:33:26Z</time>
    </trkpt>
    <trkpt lat="50.9342943" lon="6.8861013">
      <ele>59.4</ele>
      <time>2021-07-08T08:33:28Z</time>
    </trkpt>
    <trkpt lat="50.9341765" lon="6.8861491">
      <ele>59.6</ele>
      <time>2021-07-08T08:33:33Z</time>
    </trkpt>
    <trkpt lat="50.9341381" lon="6.8861681">
      <ele>59.6</ele>
      <time>2021-07-08T08:33:34Z</time>
    </trkpt>
    <trkpt lat="50.9339329" lon="6.8862327">
      <ele>59.6</ele>
      <time>2021-07-08T08:33:39Z</time>
    </trkpt>
    <trkpt lat="50.9337930" lon="6.8863132">
      <ele>59.8</ele>
      <time>2021-07-08T08:33:44Z</time>
    </trkpt>
    <trkpt lat="50.9336778" lon="6.8863665">
      <ele>60.0</ele>
      <time>2021-07-08T08:33:47Z</time>
    </trkpt>
    <trkpt lat="50.9335690" lon="6.8864149">
      <ele>60.4</ele>
      <time>2021-07-08T08:33:50Z</time>
    </trkpt>
    <trkpt lat="50.9333701" lon="6.8864416">
      <ele>61.2</ele>
      <time>2021-07-08T08:33:54Z</time>
    </trkpt>
    <trkpt lat="50.9333238" lon="6.8864462">
      <ele>61.4</ele>
      <time>2021-07-08T08:33:55Z</time>
    </trkpt>
    <trkpt lat="50.9331820" lon="6.8864954">
      <ele>62.4</ele>
      <time>2021-07-08T08:33:59Z</time>
    </trkpt>
    <trkpt lat="50.9329574" lon="6.8865245">
      <ele>63.2</ele>
      <time>2021-07-08T08:34:04Z</time>
    </trkpt>
    <trkpt lat="50.9329117" lon="6.8865390">
      <ele>63.2</ele>
      <time>2021-07-08T08:34:05Z</time>
    </trkpt>
    <trkpt lat="50.9327137" lon="6.8866046">
      <ele>64.0</ele>
      <time>2021-07-08T08:34:09Z</time>
    </trkpt>
    <trkpt lat="50.9326813" lon="6.8866075">
      <ele>64.2</ele>
      <time>2021-07-08T08:34:10Z</time>
    </trkpt>
    <trkpt lat="50.9326187" lon="6.8866504">
      <ele>64.6</ele>
      <time>2021-07-08T08:34:12Z</time>
    </trkpt>
    <trkpt lat="50.9324532" lon="6.8867576">
      <ele>65.0</ele>
      <time>2021-07-08T08:34:16Z</time>
    </trkpt>
    <trkpt lat="50.9323233" lon="6.8868049">
      <ele>65.2</ele>
      <time>2021-07-08T08:34:18Z</time>
    </trkpt>
    <trkpt lat="50.9321872" lon="6.8868625">
      <ele>65.2</ele>
      <time>2021-07-08T08:34:20Z</time>
    </trkpt>
    <trkpt lat="50.9321281" lon="6.8869055">
      <ele>65.4</ele>
      <time>2021-07-08T08:34:21Z</time>
    </trkpt>
    <trkpt lat="50.9319294" lon="6.8869873">
      <ele>65.6</ele>
      <time>2021-07-08T08:34:25Z</time>
    </trkpt>
    <trkpt lat="50.9316534" lon="6.8870648">
      <ele>65.4</ele>
      <time>2021-07-08T08:34:30Z</time>
    </trkpt>
    <trkpt lat="50.9315905" lon="6.8871053">
      <ele>65.4</ele>
      <time>2021-07-08T08:34:31Z</time>
    </trkpt>
    <trkpt lat="50.9313691" lon="6.8872212">
      <ele>65.2</ele>
      <time>2021-07-08T08:34:34Z</time>
    </trkpt>
    <trkpt lat="50.9312955" lon="6.8872339">
      <ele>65.0</ele>
      <time>2021-07-08T08:34:35Z</time>
    </trkpt>
    <trkpt lat="50.9311591" lon="6.8872583">
      <ele>64.6</ele>
      <time>2021-07-08T08:34:37Z</time>
    </trkpt>
    <trkpt lat="50.9309610" lon="6.8873067">
      <ele>63.8</ele>
      <time>2021-07-08T08:34:40Z</time>
    </trkpt>
    <trkpt lat="50.9305774" lon="6.8873235">
      <ele>62.8</ele>
      <time>2021-07-08T08:34:45Z</time>
    </trkpt>
    <trkpt lat="50.9304205" lon="6.8873393">
      <ele>62.6</ele>
      <time>2021-07-08T08:34:47Z</time>
    </trkpt>
    <trkpt lat="50.9302812" lon="6.8874035">
      <ele>61.8</ele>
      <time>2021-07-08T08:34:49Z</time>
    </trkpt>
    <trkpt lat="50.9302150" lon="6.8874579">
      <ele>61.8</ele>
      <time>2021-07-08T08:34:50Z</time>
    </trkpt>
    <trkpt lat="50.9299270" lon="6.8876458">
      <ele>61.0</ele>
      <time>2021-07-08T08:34:54Z</time>
    </trkpt>
    <trkpt lat="50.9296059" lon="6.8877785">
      <ele>60.6</ele>
      <time>2021-07-08T08:34:58Z</time>
    </trkpt>
    <trkpt lat="50.9294600" lon="6.8878516">
      <ele>60.4</ele>
      <time>2021-07-08T08:35:00Z</time>
    </trkpt>
    <trkpt lat="50.9289410" lon="6.8881013">
      <ele>60.0</ele>
      <time>2021-07-08T08:35:07Z</time>
    </trkpt>
    <trkpt lat="50.9288295" lon="6.8881570">
      <ele>59.8</ele>
      <time>2021-07-08T08:35:09Z</time>
    </trkpt>
    <trkpt lat="50.9287673" lon="6.8881894">
      <ele>59.6</ele>
      <time>2021-07-08T08:35:10Z</time>
    </trkpt>
    <trkpt lat="50.9284775" lon="6.8883736">
      <ele>59.0</ele>
      <time>2021-07-08T08:35:15Z</time>
    </trkpt>
    <trkpt lat="50.9281040" lon="6.8885982">
      <ele>59.0</ele>
      <time>2021-07-08T08:35:21Z</time>
    </trkpt>
    <trkpt lat="50.9280465" lon="6.8886229">
      <ele>59.0</ele>
      <time>2021-07-08T08:35:22Z</time>
    </trkpt>
    <trkpt lat="50.9278850" lon="6.8886970">
      <ele>59.0</ele>
      <time>2021-07-08T08:35:25Z</time>
    </trkpt>
    <trkpt lat="50.9276056" lon="6.8888534">
      <ele>58.8</ele>
      <time>2021-07-08T08:35:30Z</time>
    </trkpt>
    <trkpt lat="50.9275143" lon="6.8889047">
      <ele>58.8</ele>
      <time>2021-07-08T08:35:32Z</time>
    </trkpt>
    <trkpt lat="50.9274006" lon="6.8889474">
      <ele>59.0</ele>
      <time>2021-07-08T08:35:34Z</time>
    </trkpt>
    <trkpt lat="50.9272780" lon="6.8889978">
      <ele>59.2</ele>
      <time>2021-07-08T08:35:36Z</time>
    </trkpt>
    <trkpt lat="50.9271468" lon="6.8890627">
      <ele>59.2</ele>
      <time>2021-07-08T08:35:38Z</time>
    </trkpt>
    <trkpt lat="50.9268806" lon="6.8891915">
      <ele>59.6</ele>
      <time>2021-07-08T08:35:42Z</time>
    </trkpt>
    <trkpt lat="50.9267411" lon="6.8892430">
      <ele>59.6</ele>
      <time>2021-07-08T08:35:44Z</time>
    </trkpt>
    <trkpt lat="50.9263071" lon="6.8893901">
      <ele>59.8</ele>
      <time>2021-07-08T08:35:50Z</time>
    </trkpt>
    <trkpt lat="50.9259783" lon="6.8895010">
      <ele>59.6</ele>
      <time>2021-07-08T08:35:55Z</time>
    </trkpt>
    <trkpt lat="50.9258309" lon="6.8895722">
      <ele>59.6</ele>
      <time>2021-07-08T08:35:57Z</time>
    </trkpt>
    <trkpt lat="50.9257232" lon="6.8896027">
      <ele>59.6</ele>
      <time>2021-07-08T08:35:59Z</time>
    </trkpt>
    <trkpt lat="50.9255299" lon="6.8896317">
      <ele>59.6</ele>
      <time>2021-07-08T08:36:02Z</time>
    </trkpt>
    <trkpt lat="50.9253865" lon="6.8896579">
      <ele>59.8</ele>
      <time>2021-07-08T08:36:04Z</time>
    </trkpt>
    <trkpt lat="50.9252829" lon="6.8897890">
      <ele>59.6</ele>
      <time>2021-07-08T08:36:06Z</time>
    </trkpt>
    <trkpt lat="50.9251102" lon="6.8900302">
      <ele>59.8</ele>
      <time>2021-07-08T08:36:10Z</time>
    </trkpt>
    <trkpt lat="50.9250133" lon="6.8901153">
      <ele>59.8</ele>
      <time>2021-07-08T08:36:12Z</time>
    </trkpt>
    <trkpt lat="50.9248436" lon="6.8901905">
      <ele>59.6</ele>
      <time>2021-07-08T08:36:17Z</time>
    </trkpt>
    <trkpt lat="50.9248080" lon="6.8901869">
      <ele>59.4</ele>
      <time>2021-07-08T08:36:21Z</time>
    </trkpt>
    <trkpt lat="50.9248080" lon="6.8901869">
      <ele>59.4</ele>
      <time>2021-07-08T08:36:22Z</time>
    </trkpt>
    <trkpt lat="50.9247612" lon="6.8902070">
      <ele>59.4</ele>
      <time>2021-07-08T08:36:26Z</time>
    </trkpt>
    <trkpt lat="50.9246977" lon="6.8902249">
      <ele>59.2</ele>
      <time>2021-07-08T08:36:28Z</time>
    </trkpt>
    <trkpt lat="50.9244598" lon="6.8903075">
      <ele>59.0</ele>
      <time>2021-07-08T08:36:33Z</time>
    </trkpt>
    <trkpt lat="50.9241297" lon="6.8903719">
      <ele>58.4</ele>
      <time>2021-07-08T08:36:38Z</time>
    </trkpt>
    <trkpt lat="50.9236739" lon="6.8904460">
      <ele>58.0</ele>
      <time>2021-07-08T08:36:45Z</time>
    </trkpt>
    <trkpt lat="50.9234503" lon="6.8904926">
      <ele>58.0</ele>
      <time>2021-07-08T08:36:49Z</time>
    </trkpt>
    <trkpt lat="50.9233415" lon="6.8904582">
      <ele>58.0</ele>
      <time>2021-07-08T08:36:51Z</time>
    </trkpt>
    <trkpt lat="50.9232859" lon="6.8904359">
      <ele>58.0</ele>
      <time>2021-07-08T08:36:52Z</time>
    </trkpt>
    <trkpt lat="50.9231231" lon="6.8904116">
      <ele>58.0</ele>
      <time>2021-07-08T08:36:55Z</time>
    </trkpt>
    <trkpt lat="50.9230661" lon="6.8904046">
      <ele>58.0</ele>
      <time>2021-07-08T08:36:56Z</time>
    </trkpt>
    <trkpt lat="50.9229479" lon="6.8903938">
      <ele>57.8</ele>
      <time>2021-07-08T08:36:58Z</time>
    </trkpt>
    <trkpt lat="50.9227088" lon="6.8904110">
      <ele>58.0</ele>
      <time>2021-07-08T08:37:02Z</time>
    </trkpt>
    <trkpt lat="50.9225202" lon="6.8904404">
      <ele>58.4</ele>
      <time>2021-07-08T08:37:05Z</time>
    </trkpt>
    <trkpt lat="50.9223913" lon="6.8904841">
      <ele>58.4</ele>
      <time>2021-07-08T08:37:07Z</time>
    </trkpt>
    <trkpt lat="50.9223310" lon="6.8904975">
      <ele>58.4</ele>
      <time>2021-07-08T08:37:08Z</time>
    </trkpt>
    <trkpt lat="50.9222045" lon="6.8905112">
      <ele>58.4</ele>
      <time>2021-07-08T08:37:10Z</time>
    </trkpt>
    <trkpt lat="50.9220807" lon="6.8905026">
      <ele>58.6</ele>
      <time>2021-07-08T08:37:12Z</time>
    </trkpt>
    <trkpt lat="50.9216296" lon="6.8906058">
      <ele>59.0</ele>
      <time>2021-07-08T08:37:19Z</time>
    </trkpt>
    <trkpt lat="50.9215620" lon="6.8906120">
      <ele>59.0</ele>
      <time>2021-07-08T08:37:20Z</time>
    </trkpt>
    <trkpt lat="50.9214192" lon="6.8906376">
      <ele>59.0</ele>
      <time>2021-07-08T08:37:22Z</time>
    </trkpt>
    <trkpt lat="50.9212150" lon="6.8906776">
      <ele>59.0</ele>
      <time>2021-07-08T08:37:25Z</time>
    </trkpt>
    <trkpt lat="50.9208326" lon="6.8907302">
      <ele>59.0</ele>
      <time>2021-07-08T08:37:31Z</time>
    </trkpt>
    <trkpt lat="50.9205502" lon="6.8908332">
      <ele>59.2</ele>
      <time>2021-07-08T08:37:37Z</time>
    </trkpt>
    <trkpt lat="50.9203480" lon="6.8909119">
      <ele>59.2</ele>
      <time>2021-07-08T08:37:43Z</time>
    </trkpt>
    <trkpt lat="50.9201507" lon="6.8909528">
      <ele>59.2</ele>
      <time>2021-07-08T08:37:47Z</time>
    </trkpt>
    <trkpt lat="50.9199010" lon="6.8910379">
      <ele>59.2</ele>
      <time>2021-07-08T08:37:51Z</time>
    </trkpt>
    <trkpt lat="50.9198437" lon="6.8910500">
      <ele>59.6</ele>
      <time>2021-07-08T08:37:52Z</time>
    </trkpt>
    <trkpt lat="50.9197349" lon="6.8910659">
      <ele>59.6</ele>
      <time>2021-07-08T08:37:54Z</time>
    </trkpt>
    <trkpt lat="50.9196578" lon="6.8910830">
      <ele>59.6</ele>
      <time>2021-07-08T08:37:55Z</time>
    </trkpt>
    <trkpt lat="50.9191957" lon="6.8912209">
      <ele>59.4</ele>
      <time>2021-07-08T08:38:02Z</time>
    </trkpt>
    <trkpt lat="50.9187452" lon="6.8913969">
      <ele>59.4</ele>
      <time>2021-07-08T08:38:09Z</time>
    </trkpt>
    <trkpt lat="50.9186856" lon="6.8914140">
      <ele>59.4</ele>
      <time>2021-07-08T08:38:10Z</time>
    </trkpt>
    <trkpt lat="50.9185575" lon="6.8914806">
      <ele>59.4</ele>
      <time>2021-07-08T08:38:12Z</time>
    </trkpt>
    <trkpt lat="50.9184768" lon="6.8915186">
      <ele>59.4</ele>
      <time>2021-07-08T08:38:13Z</time>
    </trkpt>
    <trkpt lat="50.9183093" lon="6.8915946">
      <ele>59.6</ele>
      <time>2021-07-08T08:38:16Z</time>
    </trkpt>
    <trkpt lat="50.9181345" lon="6.8916755">
      <ele>59.4</ele>
      <time>2021-07-08T08:38:19Z</time>
    </trkpt>
    <trkpt lat="50.9177463" lon="6.8919048">
      <ele>59.0</ele>
      <time>2021-07-08T08:38:26Z</time>
    </trkpt>
    <trkpt lat="50.9175029" lon="6.8920745">
      <ele>59.0</ele>
      <time>2021-07-08T08:38:31Z</time>
    </trkpt>
    <trkpt lat="50.9170012" lon="6.8924455">
      <ele>59.2</ele>
      <time>2021-07-08T08:38:40Z</time>
    </trkpt>
    <trkpt lat="50.9166368" lon="6.8927566">
      <ele>59.2</ele>
      <time>2021-07-08T08:38:47Z</time>
    </trkpt>
    <trkpt lat="50.9161937" lon="6.8932223">
      <ele>59.4</ele>
      <time>2021-07-08T08:38:55Z</time>
    </trkpt>
    <trkpt lat="50.9157865" lon="6.8936700">
      <ele>59.2</ele>
      <time>2021-07-08T08:39:02Z</time>
    </trkpt>
    <trkpt lat="50.9154861" lon="6.8940307">
      <ele>59.2</ele>
      <time>2021-07-08T08:39:07Z</time>
    </trkpt>
    <trkpt lat="50.9150369" lon="6.8946524">
      <ele>59.0</ele>
      <time>2021-07-08T08:39:15Z</time>
    </trkpt>
    <trkpt lat="50.9147429" lon="6.8951038">
      <ele>58.8</ele>
      <time>2021-07-08T08:39:21Z</time>
    </trkpt>
    <trkpt lat="50.9146163" lon="6.8952919">
      <ele>58.8</ele>
      <time>2021-07-08T08:39:25Z</time>
    </trkpt>
    <trkpt lat="50.9145736" lon="6.8953527">
      <ele>58.8</ele>
      <time>2021-07-08T08:39:28Z</time>
    </trkpt>
    <trkpt lat="50.9144657" lon="6.8955241">
      <ele>59.2</ele>
      <time>2021-07-08T08:39:34Z</time>
    </trkpt>
    <trkpt lat="50.9143951" lon="6.8956159">
      <ele>59.2</ele>
      <time>2021-07-08T08:39:36Z</time>
    </trkpt>
    <trkpt lat="50.9143129" lon="6.8957394">
      <ele>59.0</ele>
      <time>2021-07-08T08:39:38Z</time>
    </trkpt>
    <trkpt lat="50.9140793" lon="6.8961367">
      <ele>58.8</ele>
      <time>2021-07-08T08:39:43Z</time>
    </trkpt>
    <trkpt lat="50.9137717" lon="6.8967294">
      <ele>58.4</ele>
      <time>2021-07-08T08:39:48Z</time>
    </trkpt>
    <trkpt lat="50.9134918" lon="6.8972889">
      <ele>58.2</ele>
      <time>2021-07-08T08:39:54Z</time>
    </trkpt>
    <trkpt lat="50.9133952" lon="6.8974795">
      <ele>58.0</ele>
      <time>2021-07-08T08:39:56Z</time>
    </trkpt>
    <trkpt lat="50.9131247" lon="6.8980410">
      <ele>58.0</ele>
      <time>2021-07-08T08:40:02Z</time>
    </trkpt>
    <trkpt lat="50.9128946" lon="6.8985317">
      <ele>57.6</ele>
      <time>2021-07-08T08:40:08Z</time>
    </trkpt>
    <trkpt lat="50.9125782" lon="6.8992037">
      <ele>57.4</ele>
      <time>2021-07-08T08:40:16Z</time>
    </trkpt>
    <trkpt lat="50.9123416" lon="6.8996575">
      <ele>57.0</ele>
      <time>2021-07-08T08:40:21Z</time>
    </trkpt>
    <trkpt lat="50.9122586" lon="6.8998306">
      <ele>56.6</ele>
      <time>2021-07-08T08:40:23Z</time>
    </trkpt>
    <trkpt lat="50.9121240" lon="6.9000860">
      <ele>56.2</ele>
      <time>2021-07-08T08:40:26Z</time>
    </trkpt>
    <trkpt lat="50.9120371" lon="6.9002331">
      <ele>56.0</ele>
      <time>2021-07-08T08:40:28Z</time>
    </trkpt>
    <trkpt lat="50.9119926" lon="6.9003269">
      <ele>56.0</ele>
      <time>2021-07-08T08:40:29Z</time>
    </trkpt>
    <trkpt lat="50.9117583" lon="6.9008176">
      <ele>55.6</ele>
      <time>2021-07-08T08:40:34Z</time>
    </trkpt>
    <trkpt lat="50.9115418" lon="6.9012527">
      <ele>55.4</ele>
      <time>2021-07-08T08:40:39Z</time>
    </trkpt>
    <trkpt lat="50.9112836" lon="6.9017830">
      <ele>55.6</ele>
      <time>2021-07-08T08:40:45Z</time>
    </trkpt>
    <trkpt lat="50.9110118" lon="6.9022855">
      <ele>55.8</ele>
      <time>2021-07-08T08:40:51Z</time>
    </trkpt>
    <trkpt lat="50.9107116" lon="6.9028711">
      <ele>55.6</ele>
      <time>2021-07-08T08:40:58Z</time>
    </trkpt>
    <trkpt lat="50.9106230" lon="6.9030246">
      <ele>55.6</ele>
      <time>2021-07-08T08:41:00Z</time>
    </trkpt>
    <trkpt lat="50.9105463" lon="6.9031715">
      <ele>55.6</ele>
      <time>2021-07-08T08:41:02Z</time>
    </trkpt>
    <trkpt lat="50.9105186" lon="6.9032313">
      <ele>55.6</ele>
      <time>2021-07-08T08:41:03Z</time>
    </trkpt>
    <trkpt lat="50.9102655" lon="6.9037322">
      <ele>55.6</ele>
      <time>2021-07-08T08:41:09Z</time>
    </trkpt>
    <trkpt lat="50.9100040" lon="6.9042365">
      <ele>55.6</ele>
      <time>2021-07-08T08:41:15Z</time>
    </trkpt>
    <trkpt lat="50.9097662" lon="6.9047516">
      <ele>55.6</ele>
      <time>2021-07-08T08:41:21Z</time>
    </trkpt>
    <trkpt lat="50.9097357" lon="6.9049776">
      <ele>55.6</ele>
      <time>2021-07-08T08:41:23Z</time>
    </trkpt>
    <trkpt lat="50.9097416" lon="6.9050914">
      <ele>55.8</ele>
      <time>2021-07-08T08:41:25Z</time>
    </trkpt>
    <trkpt lat="50.9096879" lon="6.9053788">
      <ele>56.0</ele>
      <time>2021-07-08T08:41:29Z</time>
    </trkpt>
    <trkpt lat="50.9096595" lon="6.9054615">
      <ele>56.0</ele>
      <time>2021-07-08T08:41:30Z</time>
    </trkpt>
    <trkpt lat="50.9095874" lon="6.9056587">
      <ele>55.8</ele>
      <time>2021-07-08T08:41:34Z</time>
    </trkpt>
    <trkpt lat="50.9093545" lon="6.9057894">
      <ele>55.6</ele>
      <time>2021-07-08T08:41:38Z</time>
    </trkpt>
    <trkpt lat="50.9092864" lon="6.9058369">
      <ele>55.6</ele>
      <time>2021-07-08T08:41:39Z</time>
    </trkpt>
    <trkpt lat="50.9091826" lon="6.9059855">
      <ele>55.4</ele>
      <time>2021-07-08T08:41:41Z</time>
    </trkpt>
    <trkpt lat="50.9089963" lon="6.9063557">
      <ele>55.4</ele>
      <time>2021-07-08T08:41:45Z</time>
    </trkpt>
    <trkpt lat="50.9086352" lon="6.9070407">
      <ele>55.2</ele>
      <time>2021-07-08T08:41:53Z</time>
    </trkpt>
    <trkpt lat="50.9084564" lon="6.9073782">
      <ele>54.8</ele>
      <time>2021-07-08T08:41:58Z</time>
    </trkpt>
    <trkpt lat="50.9082669" lon="6.9077541">
      <ele>54.8</ele>
      <time>2021-07-08T08:42:03Z</time>
    </trkpt>
    <trkpt lat="50.9080617" lon="6.9081649">
      <ele>55.2</ele>
      <time>2021-07-08T08:42:08Z</time>
    </trkpt>
    <trkpt lat="50.9079987" lon="6.9083038">
      <ele>55.4</ele>
      <time>2021-07-08T08:42:10Z</time>
    </trkpt>
    <trkpt lat="50.9079137" lon="6.9084597">
      <ele>55.4</ele>
      <time>2021-07-08T08:42:12Z</time>
    </trkpt>
    <trkpt lat="50.9076809" lon="6.9088910">
      <ele>55.8</ele>
      <time>2021-07-08T08:42:17Z</time>
    </trkpt>
    <trkpt lat="50.9075922" lon="6.9090777">
      <ele>56.0</ele>
      <time>2021-07-08T08:42:19Z</time>
    </trkpt>
    <trkpt lat="50.9073458" lon="6.9096942">
      <ele>55.6</ele>
      <time>2021-07-08T08:42:25Z</time>
    </trkpt>
    <trkpt lat="50.9071906" lon="6.9101169">
      <ele>55.4</ele>
      <time>2021-07-08T08:42:29Z</time>
    </trkpt>
    <trkpt lat="50.9071468" lon="6.9102135">
      <ele>55.4</ele>
      <time>2021-07-08T08:42:30Z</time>
    </trkpt>
    <trkpt lat="50.9071031" lon="6.9103135">
      <ele>55.4</ele>
      <time>2021-07-08T08:42:31Z</time>
    </trkpt>
    <trkpt lat="50.9069479" lon="6.9106530">
      <ele>55.2</ele>
      <time>2021-07-08T08:42:35Z</time>
    </trkpt>
    <trkpt lat="50.9067594" lon="6.9110242">
      <ele>55.2</ele>
      <time>2021-07-08T08:42:40Z</time>
    </trkpt>
    <trkpt lat="50.9065047" lon="6.9115418">
      <ele>55.6</ele>
      <time>2021-07-08T08:42:48Z</time>
    </trkpt>
    <trkpt lat="50.9064016" lon="6.9117768">
      <ele>55.6</ele>
      <time>2021-07-08T08:42:53Z</time>
    </trkpt>
    <trkpt lat="50.9062303" lon="6.9120059">
      <ele>55.4</ele>
      <time>2021-07-08T08:42:58Z</time>
    </trkpt>
    <trkpt lat="50.9061978" lon="6.9120596">
      <ele>55.4</ele>
      <time>2021-07-08T08:42:59Z</time>
    </trkpt>
    <trkpt lat="50.9060775" lon="6.9122683">
      <ele>55.0</ele>
      <time>2021-07-08T08:43:02Z</time>
    </trkpt>
    <trkpt lat="50.9059529" lon="6.9124768">
      <ele>55.0</ele>
      <time>2021-07-08T08:43:05Z</time>
    </trkpt>
    <trkpt lat="50.9058695" lon="6.9126366">
      <ele>55.0</ele>
      <time>2021-07-08T08:43:07Z</time>
    </trkpt>
    <trkpt lat="50.9055622" lon="6.9130961">
      <ele>55.0</ele>
      <time>2021-07-08T08:43:13Z</time>
    </trkpt>
    <trkpt lat="50.9052540" lon="6.9134993">
      <ele>54.6</ele>
      <time>2021-07-08T08:43:19Z</time>
    </trkpt>
    <trkpt lat="50.9051976" lon="6.9135444">
      <ele>54.6</ele>
      <time>2021-07-08T08:43:20Z</time>
    </trkpt>
    <trkpt lat="50.9050444" lon="6.9137074">
      <ele>54.6</ele>
      <time>2021-07-08T08:43:23Z</time>
    </trkpt>
    <trkpt lat="50.9047925" lon="6.9141262">
      <ele>54.8</ele>
      <time>2021-07-08T08:43:29Z</time>
    </trkpt>
    <trkpt lat="50.9046972" lon="6.9142303">
      <ele>54.8</ele>
      <time>2021-07-08T08:43:31Z</time>
    </trkpt>
    <trkpt lat="50.9046250" lon="6.9143090">
      <ele>54.8</ele>
      <time>2021-07-08T08:43:33Z</time>
    </trkpt>
    <trkpt lat="50.9046045" lon="6.9143504">
      <ele>54.8</ele>
      <time>2021-07-08T08:43:34Z</time>
    </trkpt>
    <trkpt lat="50.9044368" lon="6.9145257">
      <ele>54.8</ele>
      <time>2021-07-08T08:43:39Z</time>
    </trkpt>
    <trkpt lat="50.9044143" lon="6.9145295">
      <ele>54.8</ele>
      <time>2021-07-08T08:43:40Z</time>
    </trkpt>
    <trkpt lat="50.9043793" lon="6.9144952">
      <ele>55.0</ele>
      <time>2021-07-08T08:43:42Z</time>
    </trkpt>
    <trkpt lat="50.9043188" lon="6.9143646">
      <ele>55.0</ele>
      <time>2021-07-08T08:43:46Z</time>
    </trkpt>
    <trkpt lat="50.9042316" lon="6.9141675">
      <ele>55.2</ele>
      <time>2021-07-08T08:43:49Z</time>
    </trkpt>
    <trkpt lat="50.9041703" lon="6.9139373">
      <ele>55.2</ele>
      <time>2021-07-08T08:43:53Z</time>
    </trkpt>
    <trkpt lat="50.9041709" lon="6.9139051">
      <ele>55.2</ele>
      <time>2021-07-08T08:43:54Z</time>
    </trkpt>
    <trkpt lat="50.9041532" lon="6.9138877">
      <ele>55.6</ele>
      <time>2021-07-08T08:43:57Z</time>
    </trkpt>
    <trkpt lat="50.9041573" lon="6.9139049">
      <ele>55.6</ele>
      <time>2021-07-08T08:43:58Z</time>
    </trkpt>
    <trkpt lat="50.9041672" lon="6.9139319">
      <ele>55.6</ele>
      <time>2021-07-08T08:44:00Z</time>
    </trkpt>
    <trkpt lat="50.9041598" lon="6.9139927">
      <ele>55.6</ele>
      <time>2021-07-08T08:44:02Z</time>
    </trkpt>
    <trkpt lat="50.9041579" lon="6.9140300">
      <ele>55.6</ele>
      <time>2021-07-08T08:44:03Z</time>
    </trkpt>
    <trkpt lat="50.9041793" lon="6.9141842">
      <ele>57.6</ele>
      <time>2021-07-08T08:44:06Z</time>
    </trkpt>
    <trkpt lat="50.9042469" lon="6.9144856">
      <ele>55.2</ele>
      <time>2021-07-08T08:44:11Z</time>
    </trkpt>
    <trkpt lat="50.9043211" lon="6.9146865">
      <ele>55.0</ele>
      <time>2021-07-08T08:44:15Z</time>
    </trkpt>
    <trkpt lat="50.9043124" lon="6.9147158">
      <ele>55.0</ele>
      <time>2021-07-08T08:44:16Z</time>
    </trkpt>
    <trkpt lat="50.9043029" lon="6.9147288">
      <ele>55.0</ele>
      <time>2021-07-08T08:44:17Z</time>
    </trkpt>
    <trkpt lat="50.9042777" lon="6.9147093">
      <ele>55.0</ele>
      <time>2021-07-08T08:44:19Z</time>
    </trkpt>
    <trkpt lat="50.9041649" lon="6.9145490">
      <ele>55.0</ele>
      <time>2021-07-08T08:44:23Z</time>
    </trkpt>
    <trkpt lat="50.9041249" lon="6.9144977">
      <ele>55.0</ele>
      <time>2021-07-08T08:44:24Z</time>
    </trkpt>
    <trkpt lat="50.9039890" lon="6.9143397">
      <ele>55.0</ele>
      <time>2021-07-08T08:44:27Z</time>
    </trkpt>
    <trkpt lat="50.9037531" lon="6.9139832">
      <ele>54.8</ele>
      <time>2021-07-08T08:44:32Z</time>
    </trkpt>
    <trkpt lat="50.9033586" lon="6.9134709">
      <ele>55.0</ele>
      <time>2021-07-08T08:44:40Z</time>
    </trkpt>
    <trkpt lat="50.9030302" lon="6.9130128">
      <ele>55.2</ele>
      <time>2021-07-08T08:44:47Z</time>
    </trkpt>
    <trkpt lat="50.9026071" lon="6.9124875">
      <ele>55.4</ele>
      <time>2021-07-08T08:44:56Z</time>
    </trkpt>
    <trkpt lat="50.9021804" lon="6.9120183">
      <ele>55.0</ele>
      <time>2021-07-08T08:45:04Z</time>
    </trkpt>
    <trkpt lat="50.9016922" lon="6.9115101">
      <ele>54.6</ele>
      <time>2021-07-08T08:45:13Z</time>
    </trkpt>
    <trkpt lat="50.9015856" lon="6.9114029">
      <ele>54.6</ele>
      <time>2021-07-08T08:45:15Z</time>
    </trkpt>
    <trkpt lat="50.9011127" lon="6.9108989">
      <ele>55.6</ele>
      <time>2021-07-08T08:45:24Z</time>
    </trkpt>
    <trkpt lat="50.9008898" lon="6.9106141">
      <ele>56.0</ele>
      <time>2021-07-08T08:45:29Z</time>
    </trkpt>
    <trkpt lat="50.9006544" lon="6.9103232">
      <ele>57.0</ele>
      <time>2021-07-08T08:45:34Z</time>
    </trkpt>
    <trkpt lat="50.9005348" lon="6.9101992">
      <ele>57.4</ele>
      <time>2021-07-08T08:45:36Z</time>
    </trkpt>
    <trkpt lat="50.9003088" lon="6.9099434">
      <ele>57.8</ele>
      <time>2021-07-08T08:45:40Z</time>
    </trkpt>
    <trkpt lat="50.9001812" lon="6.9098217">
      <ele>57.8</ele>
      <time>2021-07-08T08:45:42Z</time>
    </trkpt>
    <trkpt lat="50.9001176" lon="6.9097569">
      <ele>57.8</ele>
      <time>2021-07-08T08:45:43Z</time>
    </trkpt>
    <trkpt lat="50.8999429" lon="6.9095928">
      <ele>57.8</ele>
      <time>2021-07-08T08:45:46Z</time>
    </trkpt>
    <trkpt lat="50.8996835" lon="6.9093433">
      <ele>58.0</ele>
      <time>2021-07-08T08:45:51Z</time>
    </trkpt>
    <trkpt lat="50.8996422" lon="6.9092952">
      <ele>58.0</ele>
      <time>2021-07-08T08:45:52Z</time>
    </trkpt>
    <trkpt lat="50.8996007" lon="6.9092472">
      <ele>58.0</ele>
      <time>2021-07-08T08:45:53Z</time>
    </trkpt>
    <trkpt lat="50.8994674" lon="6.9090943">
      <ele>58.2</ele>
      <time>2021-07-08T08:45:56Z</time>
    </trkpt>
    <trkpt lat="50.8992849" lon="6.9089113">
      <ele>58.4</ele>
      <time>2021-07-08T08:46:00Z</time>
    </trkpt>
    <trkpt lat="50.8992336" lon="6.9088652">
      <ele>58.4</ele>
      <time>2021-07-08T08:46:01Z</time>
    </trkpt>
    <trkpt lat="50.8990612" lon="6.9087267">
      <ele>58.6</ele>
      <time>2021-07-08T08:46:05Z</time>
    </trkpt>
    <trkpt lat="50.8987332" lon="6.9084953">
      <ele>58.8</ele>
      <time>2021-07-08T08:46:12Z</time>
    </trkpt>
    <trkpt lat="50.8985370" lon="6.9082168">
      <ele>58.8</ele>
      <time>2021-07-08T08:46:15Z</time>
    </trkpt>
    <trkpt lat="50.8985271" lon="6.9081153">
      <ele>58.8</ele>
      <time>2021-07-08T08:46:16Z</time>
    </trkpt>
    <trkpt lat="50.8985016" lon="6.9080417">
      <ele>59.0</ele>
      <time>2021-07-08T08:46:17Z</time>
    </trkpt>
    <trkpt lat="50.8984341" lon="6.9079522">
      <ele>59.0</ele>
      <time>2021-07-08T08:46:19Z</time>
    </trkpt>
    <trkpt lat="50.8983583" lon="6.9078711">
      <ele>59.0</ele>
      <time>2021-07-08T08:46:21Z</time>
    </trkpt>
    <trkpt lat="50.8982650" lon="6.9077629">
      <ele>59.0</ele>
      <time>2021-07-08T08:46:23Z</time>
    </trkpt>
    <trkpt lat="50.8982110" lon="6.9077140">
      <ele>59.0</ele>
      <time>2021-07-08T08:46:24Z</time>
    </trkpt>
    <trkpt lat="50.8981154" lon="6.9076285">
      <ele>59.2</ele>
      <time>2021-07-08T08:46:26Z</time>
    </trkpt>
    <trkpt lat="50.8980763" lon="6.9075858">
      <ele>59.2</ele>
      <time>2021-07-08T08:46:27Z</time>
    </trkpt>
    <trkpt lat="50.8978395" lon="6.9073346">
      <ele>59.2</ele>
      <time>2021-07-08T08:46:32Z</time>
    </trkpt>
    <trkpt lat="50.8977545" lon="6.9072142">
      <ele>59.2</ele>
      <time>2021-07-08T08:46:34Z</time>
    </trkpt>
    <trkpt lat="50.8976682" lon="6.9071134">
      <ele>59.4</ele>
      <time>2021-07-08T08:46:36Z</time>
    </trkpt>
    <trkpt lat="50.8976359" lon="6.9070679">
      <ele>59.4</ele>
      <time>2021-07-08T08:46:37Z</time>
    </trkpt>
    <trkpt lat="50.8974283" lon="6.9068735">
      <ele>59.8</ele>
      <time>2021-07-08T08:46:41Z</time>
    </trkpt>
    <trkpt lat="50.8970620" lon="6.9065293">
      <ele>60.0</ele>
      <time>2021-07-08T08:46:47Z</time>
    </trkpt>
    <trkpt lat="50.8969991" lon="6.9064511">
      <ele>60.0</ele>
      <time>2021-07-08T08:46:48Z</time>
    </trkpt>
    <trkpt lat="50.8968883" lon="6.9062855">
      <ele>60.0</ele>
      <time>2021-07-08T08:46:50Z</time>
    </trkpt>
    <trkpt lat="50.8968369" lon="6.9061652">
      <ele>60.0</ele>
      <time>2021-07-08T08:46:51Z</time>
    </trkpt>
    <trkpt lat="50.8967887" lon="6.9060778">
      <ele>60.0</ele>
      <time>2021-07-08T08:46:52Z</time>
    </trkpt>
    <trkpt lat="50.8967216" lon="6.9059013">
      <ele>60.0</ele>
      <time>2021-07-08T08:46:54Z</time>
    </trkpt>
    <trkpt lat="50.8967004" lon="6.9058273">
      <ele>59.8</ele>
      <time>2021-07-08T08:46:55Z</time>
    </trkpt>
    <trkpt lat="50.8966248" lon="6.9056961">
      <ele>60.0</ele>
      <time>2021-07-08T08:46:57Z</time>
    </trkpt>
    <trkpt lat="50.8964121" lon="6.9053892">
      <ele>60.0</ele>
      <time>2021-07-08T08:47:02Z</time>
    </trkpt>
    <trkpt lat="50.8959904" lon="6.9049400">
      <ele>60.0</ele>
      <time>2021-07-08T08:47:11Z</time>
    </trkpt>
    <trkpt lat="50.8957232" lon="6.9046813">
      <ele>59.4</ele>
      <time>2021-07-08T08:47:16Z</time>
    </trkpt>
    <trkpt lat="50.8956734" lon="6.9046309">
      <ele>59.4</ele>
      <time>2021-07-08T08:47:17Z</time>
    </trkpt>
    <trkpt lat="50.8955404" lon="6.9045010">
      <ele>59.2</ele>
      <time>2021-07-08T08:47:20Z</time>
    </trkpt>
    <trkpt lat="50.8954950" lon="6.9044518">
      <ele>59.2</ele>
      <time>2021-07-08T08:47:21Z</time>
    </trkpt>
    <trkpt lat="50.8953756" lon="6.9042689">
      <ele>59.2</ele>
      <time>2021-07-08T08:47:24Z</time>
    </trkpt>
    <trkpt lat="50.8949394" lon="6.9037372">
      <ele>59.0</ele>
      <time>2021-07-08T08:47:34Z</time>
    </trkpt>
    <trkpt lat="50.8948959" lon="6.9036975">
      <ele>59.0</ele>
      <time>2021-07-08T08:47:35Z</time>
    </trkpt>
    <trkpt lat="50.8946641" lon="6.9034676">
      <ele>58.6</ele>
      <time>2021-07-08T08:47:42Z</time>
    </trkpt>
    <trkpt lat="50.8943869" lon="6.9031909">
      <ele>58.4</ele>
      <time>2021-07-08T08:47:48Z</time>
    </trkpt>
    <trkpt lat="50.8943544" lon="6.9031536">
      <ele>58.4</ele>
      <time>2021-07-08T08:47:49Z</time>
    </trkpt>
    <trkpt lat="50.8943154" lon="6.9030891">
      <ele>58.4</ele>
      <time>2021-07-08T08:47:51Z</time>
    </trkpt>
    <trkpt lat="50.8942975" lon="6.9030717">
      <ele>58.4</ele>
      <time>2021-07-08T08:47:52Z</time>
    </trkpt>
    <trkpt lat="50.8941726" lon="6.9030993">
      <ele>58.4</ele>
      <time>2021-07-08T08:47:56Z</time>
    </trkpt>
    <trkpt lat="50.8940345" lon="6.9033049">
      <ele>58.4</ele>
      <time>2021-07-08T08:48:00Z</time>
    </trkpt>
    <trkpt lat="50.8939987" lon="6.9033231">
      <ele>58.4</ele>
      <time>2021-07-08T08:48:01Z</time>
    </trkpt>
    <trkpt lat="50.8939573" lon="6.9033060">
      <ele>58.2</ele>
      <time>2021-07-08T08:48:02Z</time>
    </trkpt>
    <trkpt lat="50.8938913" lon="6.9032369">
      <ele>58.2</ele>
      <time>2021-07-08T08:48:04Z</time>
    </trkpt>
    <trkpt lat="50.8938083" lon="6.9031541">
      <ele>58.2</ele>
      <time>2021-07-08T08:48:06Z</time>
    </trkpt>
    <trkpt lat="50.8936993" lon="6.9030568">
      <ele>58.2</ele>
      <time>2021-07-08T08:48:08Z</time>
    </trkpt>
    <trkpt lat="50.8934703" lon="6.9028213">
      <ele>58.0</ele>
      <time>2021-07-08T08:48:12Z</time>
    </trkpt>
    <trkpt lat="50.8933541" lon="6.9027039">
      <ele>58.0</ele>
      <time>2021-07-08T08:48:14Z</time>
    </trkpt>
    <trkpt lat="50.8931104" lon="6.9024482">
      <ele>57.8</ele>
      <time>2021-07-08T08:48:18Z</time>
    </trkpt>
    <trkpt lat="50.8928452" lon="6.9021447">
      <ele>57.6</ele>
      <time>2021-07-08T08:48:22Z</time>
    </trkpt>
    <trkpt lat="50.8926347" lon="6.9019260">
      <ele>57.6</ele>
      <time>2021-07-08T08:48:25Z</time>
    </trkpt>
    <trkpt lat="50.8924418" lon="6.9017027">
      <ele>57.6</ele>
      <time>2021-07-08T08:48:28Z</time>
    </trkpt>
    <trkpt lat="50.8923737" lon="6.9016337">
      <ele>57.8</ele>
      <time>2021-07-08T08:48:29Z</time>
    </trkpt>
    <trkpt lat="50.8919853" lon="6.9011971">
      <ele>58.0</ele>
      <time>2021-07-08T08:48:35Z</time>
    </trkpt>
    <trkpt lat="50.8916019" lon="6.9007604">
      <ele>57.8</ele>
      <time>2021-07-08T08:48:40Z</time>
    </trkpt>
    <trkpt lat="50.8911786" lon="6.9002942">
      <ele>57.4</ele>
      <time>2021-07-08T08:48:45Z</time>
    </trkpt>
    <trkpt lat="50.8907994" lon="6.8998790">
      <ele>57.4</ele>
      <time>2021-07-08T08:48:50Z</time>
    </trkpt>
    <trkpt lat="50.8905210" lon="6.8995554">
      <ele>57.8</ele>
      <time>2021-07-08T08:48:55Z</time>
    </trkpt>
    <trkpt lat="50.8904810" lon="6.8995059">
      <ele>57.8</ele>
      <time>2021-07-08T08:48:56Z</time>
    </trkpt>
    <trkpt lat="50.8903853" lon="6.8994052">
      <ele>58.0</ele>
      <time>2021-07-08T08:48:59Z</time>
    </trkpt>
    <trkpt lat="50.8902575" lon="6.8993059">
      <ele>58.6</ele>
      <time>2021-07-08T08:49:04Z</time>
    </trkpt>
    <trkpt lat="50.8901295" lon="6.8991424">
      <ele>58.8</ele>
      <time>2021-07-08T08:49:09Z</time>
    </trkpt>
    <trkpt lat="50.8899997" lon="6.8989909">
      <ele>58.6</ele>
      <time>2021-07-08T08:49:12Z</time>
    </trkpt>
    <trkpt lat="50.8898948" lon="6.8988864">
      <ele>58.4</ele>
      <time>2021-07-08T08:49:14Z</time>
    </trkpt>
    <trkpt lat="50.8897958" lon="6.8987858">
      <ele>58.4</ele>
      <time>2021-07-08T08:49:16Z</time>
    </trkpt>
    <trkpt lat="50.8897005" lon="6.8986893">
      <ele>58.2</ele>
      <time>2021-07-08T08:49:18Z</time>
    </trkpt>
    <trkpt lat="50.8896510" lon="6.8986453">
      <ele>58.2</ele>
      <time>2021-07-08T08:49:19Z</time>
    </trkpt>
    <trkpt lat="50.8895117" lon="6.8984922">
      <ele>58.0</ele>
      <time>2021-07-08T08:49:22Z</time>
    </trkpt>
    <trkpt lat="50.8894262" lon="6.8983904">
      <ele>58.0</ele>
      <time>2021-07-08T08:49:24Z</time>
    </trkpt>
    <trkpt lat="50.8890424" lon="6.8979843">
      <ele>58.2</ele>
      <time>2021-07-08T08:49:31Z</time>
    </trkpt>
    <trkpt lat="50.8886959" lon="6.8976115">
      <ele>58.2</ele>
      <time>2021-07-08T08:49:37Z</time>
    </trkpt>
    <trkpt lat="50.8886414" lon="6.8975603">
      <ele>58.2</ele>
      <time>2021-07-08T08:49:38Z</time>
    </trkpt>
    <trkpt lat="50.8885410" lon="6.8974638">
      <ele>58.0</ele>
      <time>2021-07-08T08:49:40Z</time>
    </trkpt>
    <trkpt lat="50.8884552" lon="6.8973578">
      <ele>58.0</ele>
      <time>2021-07-08T08:49:42Z</time>
    </trkpt>
    <trkpt lat="50.8882535" lon="6.8971245">
      <ele>58.2</ele>
      <time>2021-07-08T08:49:47Z</time>
    </trkpt>
    <trkpt lat="50.8882213" lon="6.8970713">
      <ele>58.2</ele>
      <time>2021-07-08T08:49:48Z</time>
    </trkpt>
    <trkpt lat="50.8881853" lon="6.8970210">
      <ele>58.2</ele>
      <time>2021-07-08T08:49:49Z</time>
    </trkpt>
    <trkpt lat="50.8880572" lon="6.8968262">
      <ele>58.4</ele>
      <time>2021-07-08T08:49:53Z</time>
    </trkpt>
    <trkpt lat="50.8880001" lon="6.8967350">
      <ele>58.8</ele>
      <time>2021-07-08T08:49:55Z</time>
    </trkpt>
    <trkpt lat="50.8878362" lon="6.8965446">
      <ele>59.2</ele>
      <time>2021-07-08T08:49:59Z</time>
    </trkpt>
    <trkpt lat="50.8877880" lon="6.8964979">
      <ele>59.2</ele>
      <time>2021-07-08T08:50:00Z</time>
    </trkpt>
    <trkpt lat="50.8876847" lon="6.8963878">
      <ele>59.4</ele>
      <time>2021-07-08T08:50:02Z</time>
    </trkpt>
    <trkpt lat="50.8875312" lon="6.8962569">
      <ele>59.8</ele>
      <time>2021-07-08T08:50:05Z</time>
    </trkpt>
    <trkpt lat="50.8873638" lon="6.8961246">
      <ele>60.2</ele>
      <time>2021-07-08T08:50:08Z</time>
    </trkpt>
    <trkpt lat="50.8873069" lon="6.8960795">
      <ele>60.2</ele>
      <time>2021-07-08T08:50:09Z</time>
    </trkpt>
    <trkpt lat="50.8872473" lon="6.8960401">
      <ele>60.2</ele>
      <time>2021-07-08T08:50:10Z</time>
    </trkpt>
    <trkpt lat="50.8869564" lon="6.8958741">
      <ele>60.2</ele>
      <time>2021-07-08T08:50:15Z</time>
    </trkpt>
    <trkpt lat="50.8868464" lon="6.8958472">
      <ele>60.2</ele>
      <time>2021-07-08T08:50:17Z</time>
    </trkpt>
    <trkpt lat="50.8867501" lon="6.8958573">
      <ele>60.4</ele>
      <time>2021-07-08T08:50:19Z</time>
    </trkpt>
    <trkpt lat="50.8865842" lon="6.8958516">
      <ele>61.0</ele>
      <time>2021-07-08T08:50:23Z</time>
    </trkpt>
    <trkpt lat="50.8863910" lon="6.8957590">
      <ele>61.4</ele>
      <time>2021-07-08T08:50:27Z</time>
    </trkpt>
    <trkpt lat="50.8863108" lon="6.8957353">
      <ele>61.6</ele>
      <time>2021-07-08T08:50:28Z</time>
    </trkpt>
    <trkpt lat="50.8859852" lon="6.8955399">
      <ele>61.8</ele>
      <time>2021-07-08T08:50:34Z</time>
    </trkpt>
    <trkpt lat="50.8859195" lon="6.8954930">
      <ele>61.8</ele>
      <time>2021-07-08T08:50:35Z</time>
    </trkpt>
    <trkpt lat="50.8857370" lon="6.8953333">
      <ele>61.6</ele>
      <time>2021-07-08T08:50:39Z</time>
    </trkpt>
    <trkpt lat="50.8856130" lon="6.8952898">
      <ele>61.6</ele>
      <time>2021-07-08T08:50:41Z</time>
    </trkpt>
    <trkpt lat="50.8854298" lon="6.8952451">
      <ele>61.6</ele>
      <time>2021-07-08T08:50:44Z</time>
    </trkpt>
    <trkpt lat="50.8853740" lon="6.8952348">
      <ele>61.6</ele>
      <time>2021-07-08T08:50:45Z</time>
    </trkpt>
    <trkpt lat="50.8852627" lon="6.8952022">
      <ele>61.4</ele>
      <time>2021-07-08T08:50:47Z</time>
    </trkpt>
    <trkpt lat="50.8849707" lon="6.8950416">
      <ele>61.2</ele>
      <time>2021-07-08T08:50:53Z</time>
    </trkpt>
    <trkpt lat="50.8849315" lon="6.8950261">
      <ele>61.2</ele>
      <time>2021-07-08T08:50:54Z</time>
    </trkpt>
    <trkpt lat="50.8848167" lon="6.8950405">
      <ele>61.4</ele>
      <time>2021-07-08T08:50:57Z</time>
    </trkpt>
    <trkpt lat="50.8847716" lon="6.8950279">
      <ele>61.6</ele>
      <time>2021-07-08T08:50:58Z</time>
    </trkpt>
    <trkpt lat="50.8846893" lon="6.8949525">
      <ele>61.6</ele>
      <time>2021-07-08T08:51:00Z</time>
    </trkpt>
    <trkpt lat="50.8846159" lon="6.8948414">
      <ele>61.6</ele>
      <time>2021-07-08T08:51:02Z</time>
    </trkpt>
    <trkpt lat="50.8844518" lon="6.8946344">
      <ele>61.6</ele>
      <time>2021-07-08T08:51:06Z</time>
    </trkpt>
    <trkpt lat="50.8841995" lon="6.8943724">
      <ele>61.6</ele>
      <time>2021-07-08T08:51:11Z</time>
    </trkpt>
    <trkpt lat="50.8837013" lon="6.8938397">
      <ele>61.6</ele>
      <time>2021-07-08T08:51:20Z</time>
    </trkpt>
    <trkpt lat="50.8833754" lon="6.8935031">
      <ele>61.6</ele>
      <time>2021-07-08T08:51:26Z</time>
    </trkpt>
    <trkpt lat="50.8829432" lon="6.8930775">
      <ele>61.8</ele>
      <time>2021-07-08T08:51:34Z</time>
    </trkpt>
    <trkpt lat="50.8825407" lon="6.8927126">
      <ele>62.0</ele>
      <time>2021-07-08T08:51:41Z</time>
    </trkpt>
    <trkpt lat="50.8821162" lon="6.8923208">
      <ele>62.0</ele>
      <time>2021-07-08T08:51:48Z</time>
    </trkpt>
    <trkpt lat="50.8818224" lon="6.8920227">
      <ele>61.8</ele>
      <time>2021-07-08T08:51:54Z</time>
    </trkpt>
    <trkpt lat="50.8817787" lon="6.8919812">
      <ele>62.0</ele>
      <time>2021-07-08T08:51:55Z</time>
    </trkpt>
    <trkpt lat="50.8816971" lon="6.8918276">
      <ele>62.2</ele>
      <time>2021-07-08T08:51:58Z</time>
    </trkpt>
    <trkpt lat="50.8816193" lon="6.8917659">
      <ele>62.4</ele>
      <time>2021-07-08T08:52:00Z</time>
    </trkpt>
    <trkpt lat="50.8815352" lon="6.8916949">
      <ele>62.6</ele>
      <time>2021-07-08T08:52:02Z</time>
    </trkpt>
    <trkpt lat="50.8814445" lon="6.8916088">
      <ele>62.6</ele>
      <time>2021-07-08T08:52:04Z</time>
    </trkpt>
    <trkpt lat="50.8812522" lon="6.8914227">
      <ele>62.6</ele>
      <time>2021-07-08T08:52:08Z</time>
    </trkpt>
    <trkpt lat="50.8810376" lon="6.8911859">
      <ele>63.0</ele>
      <time>2021-07-08T08:52:13Z</time>
    </trkpt>
    <trkpt lat="50.8809818" lon="6.8910924">
      <ele>63.2</ele>
      <time>2021-07-08T08:52:15Z</time>
    </trkpt>
    <trkpt lat="50.8809531" lon="6.8910322">
      <ele>63.4</ele>
      <time>2021-07-08T08:52:18Z</time>
    </trkpt>
    <trkpt lat="50.8809500" lon="6.8910284">
      <ele>63.4</ele>
      <time>2021-07-08T08:52:20Z</time>
    </trkpt>
    <trkpt lat="50.8809371" lon="6.8910022">
      <ele>63.4</ele>
      <time>2021-07-08T08:53:13Z</time>
    </trkpt>
    <trkpt lat="50.8809182" lon="6.8909902">
      <ele>63.4</ele>
      <time>2021-07-08T08:53:14Z</time>
    </trkpt>
    <trkpt lat="50.8808236" lon="6.8909105">
      <ele>63.2</ele>
      <time>2021-07-08T08:53:19Z</time>
    </trkpt>
    <trkpt lat="50.8807962" lon="6.8908773">
      <ele>63.2</ele>
      <time>2021-07-08T08:53:20Z</time>
    </trkpt>
    <trkpt lat="50.8806625" lon="6.8907600">
      <ele>63.2</ele>
      <time>2021-07-08T08:53:24Z</time>
    </trkpt>
    <trkpt lat="50.8805702" lon="6.8906595">
      <ele>63.4</ele>
      <time>2021-07-08T08:53:26Z</time>
    </trkpt>
    <trkpt lat="50.8804867" lon="6.8905529">
      <ele>63.6</ele>
      <time>2021-07-08T08:53:28Z</time>
    </trkpt>
    <trkpt lat="50.8804355" lon="6.8905030">
      <ele>63.8</ele>
      <time>2021-07-08T08:53:29Z</time>
    </trkpt>
    <trkpt lat="50.8802013" lon="6.8903061">
      <ele>64.0</ele>
      <time>2021-07-08T08:53:33Z</time>
    </trkpt>
    <trkpt lat="50.8799701" lon="6.8900995">
      <ele>64.2</ele>
      <time>2021-07-08T08:53:37Z</time>
    </trkpt>
    <trkpt lat="50.8797529" lon="6.8898848">
      <ele>64.4</ele>
      <time>2021-07-08T08:53:41Z</time>
    </trkpt>
    <trkpt lat="50.8796219" lon="6.8897165">
      <ele>64.6</ele>
      <time>2021-07-08T08:53:44Z</time>
    </trkpt>
    <trkpt lat="50.8795229" lon="6.8896232">
      <ele>64.8</ele>
      <time>2021-07-08T08:53:46Z</time>
    </trkpt>
    <trkpt lat="50.8790848" lon="6.8892494">
      <ele>65.2</ele>
      <time>2021-07-08T08:53:53Z</time>
    </trkpt>
    <trkpt lat="50.8786701" lon="6.8888873">
      <ele>65.6</ele>
      <time>2021-07-08T08:54:00Z</time>
    </trkpt>
    <trkpt lat="50.8785141" lon="6.8887551">
      <ele>65.6</ele>
      <time>2021-07-08T08:54:03Z</time>
    </trkpt>
    <trkpt lat="50.8784702" lon="6.8886969">
      <ele>65.8</ele>
      <time>2021-07-08T08:54:04Z</time>
    </trkpt>
    <trkpt lat="50.8783821" lon="6.8885782">
      <ele>66.0</ele>
      <time>2021-07-08T08:54:06Z</time>
    </trkpt>
    <trkpt lat="50.8782362" lon="6.8884225">
      <ele>66.0</ele>
      <time>2021-07-08T08:54:09Z</time>
    </trkpt>
    <trkpt lat="50.8781358" lon="6.8883190">
      <ele>65.8</ele>
      <time>2021-07-08T08:54:11Z</time>
    </trkpt>
    <trkpt lat="50.8780060" lon="6.8881583">
      <ele>66.0</ele>
      <time>2021-07-08T08:54:14Z</time>
    </trkpt>
    <trkpt lat="50.8778761" lon="6.8879982">
      <ele>66.4</ele>
      <time>2021-07-08T08:54:17Z</time>
    </trkpt>
    <trkpt lat="50.8777363" lon="6.8877439">
      <ele>66.4</ele>
      <time>2021-07-08T08:54:22Z</time>
    </trkpt>
    <trkpt lat="50.8776316" lon="6.8875679">
      <ele>67.0</ele>
      <time>2021-07-08T08:54:26Z</time>
    </trkpt>
    <trkpt lat="50.8774395" lon="6.8874098">
      <ele>67.6</ele>
      <time>2021-07-08T08:54:31Z</time>
    </trkpt>
    <trkpt lat="50.8773232" lon="6.8872636">
      <ele>67.8</ele>
      <time>2021-07-08T08:54:35Z</time>
    </trkpt>
    <trkpt lat="50.8772798" lon="6.8872199">
      <ele>68.2</ele>
      <time>2021-07-08T08:54:36Z</time>
    </trkpt>
    <trkpt lat="50.8771886" lon="6.8871373">
      <ele>68.2</ele>
      <time>2021-07-08T08:54:38Z</time>
    </trkpt>
    <trkpt lat="50.8770898" lon="6.8870896">
      <ele>68.0</ele>
      <time>2021-07-08T08:54:40Z</time>
    </trkpt>
    <trkpt lat="50.8768285" lon="6.8869266">
      <ele>68.4</ele>
      <time>2021-07-08T08:54:45Z</time>
    </trkpt>
    <trkpt lat="50.8767283" lon="6.8868659">
      <ele>68.6</ele>
      <time>2021-07-08T08:54:47Z</time>
    </trkpt>
    <trkpt lat="50.8765725" lon="6.8868149">
      <ele>69.0</ele>
      <time>2021-07-08T08:54:50Z</time>
    </trkpt>
    <trkpt lat="50.8764704" lon="6.8867540">
      <ele>69.4</ele>
      <time>2021-07-08T08:54:52Z</time>
    </trkpt>
    <trkpt lat="50.8762785" lon="6.8865806">
      <ele>69.6</ele>
      <time>2021-07-08T08:54:56Z</time>
    </trkpt>
    <trkpt lat="50.8760247" lon="6.8863672">
      <ele>70.2</ele>
      <time>2021-07-08T08:55:01Z</time>
    </trkpt>
    <trkpt lat="50.8759793" lon="6.8863216">
      <ele>70.4</ele>
      <time>2021-07-08T08:55:02Z</time>
    </trkpt>
    <trkpt lat="50.8759343" lon="6.8862741">
      <ele>70.4</ele>
      <time>2021-07-08T08:55:03Z</time>
    </trkpt>
    <trkpt lat="50.8756885" lon="6.8859497">
      <ele>71.2</ele>
      <time>2021-07-08T08:55:09Z</time>
    </trkpt>
    <trkpt lat="50.8756458" lon="6.8858941">
      <ele>71.4</ele>
      <time>2021-07-08T08:55:10Z</time>
    </trkpt>
    <trkpt lat="50.8754786" lon="6.8856811">
      <ele>72.4</ele>
      <time>2021-07-08T08:55:14Z</time>
    </trkpt>
    <trkpt lat="50.8754412" lon="6.8856242">
      <ele>72.6</ele>
      <time>2021-07-08T08:55:15Z</time>
    </trkpt>
    <trkpt lat="50.8753476" lon="6.8854469">
      <ele>73.2</ele>
      <time>2021-07-08T08:55:18Z</time>
    </trkpt>
    <trkpt lat="50.8752975" lon="6.8853083">
      <ele>73.6</ele>
      <time>2021-07-08T08:55:20Z</time>
    </trkpt>
    <trkpt lat="50.8752368" lon="6.8851998">
      <ele>73.8</ele>
      <time>2021-07-08T08:55:22Z</time>
    </trkpt>
    <trkpt lat="50.8751006" lon="6.8850849">
      <ele>75.0</ele>
      <time>2021-07-08T08:55:25Z</time>
    </trkpt>
    <trkpt lat="50.8750033" lon="6.8850285">
      <ele>75.4</ele>
      <time>2021-07-08T08:55:27Z</time>
    </trkpt>
    <trkpt lat="50.8749140" lon="6.8849306">
      <ele>75.8</ele>
      <time>2021-07-08T08:55:29Z</time>
    </trkpt>
    <trkpt lat="50.8748251" lon="6.8848396">
      <ele>76.0</ele>
      <time>2021-07-08T08:55:31Z</time>
    </trkpt>
    <trkpt lat="50.8747378" lon="6.8847612">
      <ele>76.2</ele>
      <time>2021-07-08T08:55:33Z</time>
    </trkpt>
    <trkpt lat="50.8745639" lon="6.8845885">
      <ele>76.6</ele>
      <time>2021-07-08T08:55:37Z</time>
    </trkpt>
    <trkpt lat="50.8745223" lon="6.8845448">
      <ele>77.0</ele>
      <time>2021-07-08T08:55:38Z</time>
    </trkpt>
    <trkpt lat="50.8744796" lon="6.8845042">
      <ele>77.2</ele>
      <time>2021-07-08T08:55:39Z</time>
    </trkpt>
    <trkpt lat="50.8744382" lon="6.8844575">
      <ele>77.6</ele>
      <time>2021-07-08T08:55:40Z</time>
    </trkpt>
    <trkpt lat="50.8743165" lon="6.8843009">
      <ele>78.4</ele>
      <time>2021-07-08T08:55:43Z</time>
    </trkpt>
    <trkpt lat="50.8742330" lon="6.8842064">
      <ele>79.2</ele>
      <time>2021-07-08T08:55:45Z</time>
    </trkpt>
    <trkpt lat="50.8741515" lon="6.8841028">
      <ele>79.6</ele>
      <time>2021-07-08T08:55:47Z</time>
    </trkpt>
    <trkpt lat="50.8741128" lon="6.8840556">
      <ele>79.8</ele>
      <time>2021-07-08T08:55:48Z</time>
    </trkpt>
    <trkpt lat="50.8739893" lon="6.8839036">
      <ele>80.4</ele>
      <time>2021-07-08T08:55:51Z</time>
    </trkpt>
    <trkpt lat="50.8739483" lon="6.8838526">
      <ele>80.8</ele>
      <time>2021-07-08T08:55:52Z</time>
    </trkpt>
    <trkpt lat="50.8736653" lon="6.8835162">
      <ele>81.8</ele>
      <time>2021-07-08T08:55:59Z</time>
    </trkpt>
    <trkpt lat="50.8735038" lon="6.8833316">
      <ele>82.8</ele>
      <time>2021-07-08T08:56:03Z</time>
    </trkpt>
    <trkpt lat="50.8734325" lon="6.8832395">
      <ele>83.6</ele>
      <time>2021-07-08T08:56:05Z</time>
    </trkpt>
    <trkpt lat="50.8733670" lon="6.8831631">
      <ele>83.8</ele>
      <time>2021-07-08T08:56:07Z</time>
    </trkpt>
    <trkpt lat="50.8733315" lon="6.8831237">
      <ele>84.6</ele>
      <time>2021-07-08T08:56:08Z</time>
    </trkpt>
    <trkpt lat="50.8732675" lon="6.8830450">
      <ele>85.2</ele>
      <time>2021-07-08T08:56:10Z</time>
    </trkpt>
    <trkpt lat="50.8732384" lon="6.8830018">
      <ele>85.4</ele>
      <time>2021-07-08T08:56:11Z</time>
    </trkpt>
    <trkpt lat="50.8730537" lon="6.8828065">
      <ele>86.4</ele>
      <time>2021-07-08T08:56:16Z</time>
    </trkpt>
    <trkpt lat="50.8728926" lon="6.8826403">
      <ele>87.8</ele>
      <time>2021-07-08T08:56:21Z</time>
    </trkpt>
    <trkpt lat="50.8728356" lon="6.8825517">
      <ele>88.2</ele>
      <time>2021-07-08T08:56:23Z</time>
    </trkpt>
    <trkpt lat="50.8727230" lon="6.8824193">
      <ele>88.8</ele>
      <time>2021-07-08T08:56:26Z</time>
    </trkpt>
    <trkpt lat="50.8726418" lon="6.8823362">
      <ele>89.2</ele>
      <time>2021-07-08T08:56:28Z</time>
    </trkpt>
    <trkpt lat="50.8724895" lon="6.8821346">
      <ele>90.0</ele>
      <time>2021-07-08T08:56:32Z</time>
    </trkpt>
    <trkpt lat="50.8724614" lon="6.8821044">
      <ele>90.2</ele>
      <time>2021-07-08T08:56:33Z</time>
    </trkpt>
    <trkpt lat="50.8723169" lon="6.8819697">
      <ele>91.0</ele>
      <time>2021-07-08T08:56:37Z</time>
    </trkpt>
    <trkpt lat="50.8722808" lon="6.8819270">
      <ele>91.2</ele>
      <time>2021-07-08T08:56:38Z</time>
    </trkpt>
    <trkpt lat="50.8721004" lon="6.8817253">
      <ele>92.2</ele>
      <time>2021-07-08T08:56:43Z</time>
    </trkpt>
    <trkpt lat="50.8720523" lon="6.8816909">
      <ele>92.4</ele>
      <time>2021-07-08T08:56:44Z</time>
    </trkpt>
    <trkpt lat="50.8718248" lon="6.8814432">
      <ele>93.2</ele>
      <time>2021-07-08T08:56:50Z</time>
    </trkpt>
    <trkpt lat="50.8717912" lon="6.8814050">
      <ele>93.4</ele>
      <time>2021-07-08T08:56:51Z</time>
    </trkpt>
    <trkpt lat="50.8715773" lon="6.8811678">
      <ele>94.2</ele>
      <time>2021-07-08T08:56:57Z</time>
    </trkpt>
    <trkpt lat="50.8715439" lon="6.8811258">
      <ele>94.4</ele>
      <time>2021-07-08T08:56:58Z</time>
    </trkpt>
    <trkpt lat="50.8714016" lon="6.8809919">
      <ele>95.0</ele>
      <time>2021-07-08T08:57:02Z</time>
    </trkpt>
    <trkpt lat="50.8713629" lon="6.8809627">
      <ele>95.4</ele>
      <time>2021-07-08T08:57:03Z</time>
    </trkpt>
    <trkpt lat="50.8712499" lon="6.8808437">
      <ele>96.0</ele>
      <time>2021-07-08T08:57:06Z</time>
    </trkpt>
    <trkpt lat="50.8712080" lon="6.8807483">
      <ele>96.4</ele>
      <time>2021-07-08T08:57:08Z</time>
    </trkpt>
    <trkpt lat="50.8711474" lon="6.8806870">
      <ele>96.6</ele>
      <time>2021-07-08T08:57:10Z</time>
    </trkpt>
    <trkpt lat="50.8710022" lon="6.8805491">
      <ele>97.8</ele>
      <time>2021-07-08T08:57:15Z</time>
    </trkpt>
    <trkpt lat="50.8708917" lon="6.8803440">
      <ele>98.6</ele>
      <time>2021-07-08T08:57:20Z</time>
    </trkpt>
    <trkpt lat="50.8708599" lon="6.8802991">
      <ele>98.8</ele>
      <time>2021-07-08T08:57:21Z</time>
    </trkpt>
    <trkpt lat="50.8707519" lon="6.8801494">
      <ele>99.6</ele>
      <time>2021-07-08T08:57:24Z</time>
    </trkpt>
    <trkpt lat="50.8706525" lon="6.8800196">
      <ele>99.8</ele>
      <time>2021-07-08T08:57:27Z</time>
    </trkpt>
    <trkpt lat="50.8705793" lon="6.8799433">
      <ele>100.4</ele>
      <time>2021-07-08T08:57:29Z</time>
    </trkpt>
    <trkpt lat="50.8705021" lon="6.8798663">
      <ele>101.0</ele>
      <time>2021-07-08T08:57:31Z</time>
    </trkpt>
    <trkpt lat="50.8704265" lon="6.8797969">
      <ele>101.2</ele>
      <time>2021-07-08T08:57:33Z</time>
    </trkpt>
    <trkpt lat="50.8703852" lon="6.8797570">
      <ele>101.4</ele>
      <time>2021-07-08T08:57:34Z</time>
    </trkpt>
    <trkpt lat="50.8702784" lon="6.8796194">
      <ele>101.8</ele>
      <time>2021-07-08T08:57:37Z</time>
    </trkpt>
    <trkpt lat="50.8702434" lon="6.8795821">
      <ele>101.8</ele>
      <time>2021-07-08T08:57:38Z</time>
    </trkpt>
    <trkpt lat="50.8702068" lon="6.8795427">
      <ele>102.2</ele>
      <time>2021-07-08T08:57:39Z</time>
    </trkpt>
    <trkpt lat="50.8700163" lon="6.8793329">
      <ele>103.2</ele>
      <time>2021-07-08T08:57:44Z</time>
    </trkpt>
    <trkpt lat="50.8698931" lon="6.8792094">
      <ele>103.8</ele>
      <time>2021-07-08T08:57:47Z</time>
    </trkpt>
    <trkpt lat="50.8698558" lon="6.8791648">
      <ele>104.0</ele>
      <time>2021-07-08T08:57:48Z</time>
    </trkpt>
    <trkpt lat="50.8698180" lon="6.8791285">
      <ele>104.4</ele>
      <time>2021-07-08T08:57:49Z</time>
    </trkpt>
    <trkpt lat="50.8697349" lon="6.8790568">
      <ele>104.6</ele>
      <time>2021-07-08T08:57:51Z</time>
    </trkpt>
    <trkpt lat="50.8696915" lon="6.8790291">
      <ele>104.8</ele>
      <time>2021-07-08T08:57:52Z</time>
    </trkpt>
    <trkpt lat="50.8696507" lon="6.8789854">
      <ele>105.2</ele>
      <time>2021-07-08T08:57:53Z</time>
    </trkpt>
    <trkpt lat="50.8695704" lon="6.8788875">
      <ele>105.4</ele>
      <time>2021-07-08T08:57:55Z</time>
    </trkpt>
    <trkpt lat="50.8694855" lon="6.8788012">
      <ele>105.8</ele>
      <time>2021-07-08T08:57:57Z</time>
    </trkpt>
    <trkpt lat="50.8693661" lon="6.8786712">
      <ele>106.4</ele>
      <time>2021-07-08T08:58:00Z</time>
    </trkpt>
    <trkpt lat="50.8691911" lon="6.8784929">
      <ele>107.0</ele>
      <time>2021-07-08T08:58:04Z</time>
    </trkpt>
    <trkpt lat="50.8691458" lon="6.8784593">
      <ele>107.2</ele>
      <time>2021-07-08T08:58:05Z</time>
    </trkpt>
    <trkpt lat="50.8691066" lon="6.8784254">
      <ele>107.4</ele>
      <time>2021-07-08T08:58:06Z</time>
    </trkpt>
    <trkpt lat="50.8690672" lon="6.8783806">
      <ele>107.8</ele>
      <time>2021-07-08T08:58:07Z</time>
    </trkpt>
    <trkpt lat="50.8689875" lon="6.8782920">
      <ele>108.0</ele>
      <time>2021-07-08T08:58:09Z</time>
    </trkpt>
    <trkpt lat="50.8687872" lon="6.8781275">
      <ele>108.6</ele>
      <time>2021-07-08T08:58:13Z</time>
    </trkpt>
    <trkpt lat="50.8687433" lon="6.8780905">
      <ele>108.8</ele>
      <time>2021-07-08T08:58:14Z</time>
    </trkpt>
    <trkpt lat="50.8687069" lon="6.8780592">
      <ele>109.0</ele>
      <time>2021-07-08T08:58:15Z</time>
    </trkpt>
    <trkpt lat="50.8684831" lon="6.8778722">
      <ele>109.8</ele>
      <time>2021-07-08T08:58:20Z</time>
    </trkpt>
    <trkpt lat="50.8682479" lon="6.8776800">
      <ele>110.4</ele>
      <time>2021-07-08T08:58:25Z</time>
    </trkpt>
    <trkpt lat="50.8682023" lon="6.8776282">
      <ele>110.4</ele>
      <time>2021-07-08T08:58:26Z</time>
    </trkpt>
    <trkpt lat="50.8680669" lon="6.8775293">
      <ele>110.6</ele>
      <time>2021-07-08T08:58:29Z</time>
    </trkpt>
    <trkpt lat="50.8679783" lon="6.8774381">
      <ele>111.0</ele>
      <time>2021-07-08T08:58:31Z</time>
    </trkpt>
    <trkpt lat="50.8678249" lon="6.8772890">
      <ele>111.0</ele>
      <time>2021-07-08T08:58:34Z</time>
    </trkpt>
    <trkpt lat="50.8677602" lon="6.8771666">
      <ele>111.2</ele>
      <time>2021-07-08T08:58:36Z</time>
    </trkpt>
    <trkpt lat="50.8676039" lon="6.8770516">
      <ele>111.4</ele>
      <time>2021-07-08T08:58:39Z</time>
    </trkpt>
    <trkpt lat="50.8675556" lon="6.8770652">
      <ele>111.4</ele>
      <time>2021-07-08T08:58:40Z</time>
    </trkpt>
    <trkpt lat="50.8674535" lon="6.8770916">
      <ele>111.8</ele>
      <time>2021-07-08T08:58:42Z</time>
    </trkpt>
    <trkpt lat="50.8673433" lon="6.8770230">
      <ele>112.0</ele>
      <time>2021-07-08T08:58:44Z</time>
    </trkpt>
    <trkpt lat="50.8671974" lon="6.8769303">
      <ele>112.2</ele>
      <time>2021-07-08T08:58:47Z</time>
    </trkpt>
    <trkpt lat="50.8671050" lon="6.8768844">
      <ele>112.4</ele>
      <time>2021-07-08T08:58:49Z</time>
    </trkpt>
    <trkpt lat="50.8670568" lon="6.8768563">
      <ele>112.4</ele>
      <time>2021-07-08T08:58:50Z</time>
    </trkpt>
    <trkpt lat="50.8670128" lon="6.8768120">
      <ele>112.4</ele>
      <time>2021-07-08T08:58:51Z</time>
    </trkpt>
    <trkpt lat="50.8669187" lon="6.8767434">
      <ele>112.6</ele>
      <time>2021-07-08T08:58:53Z</time>
    </trkpt>
    <trkpt lat="50.8668011" lon="6.8767113">
      <ele>112.6</ele>
      <time>2021-07-08T08:58:55Z</time>
    </trkpt>
    <trkpt lat="50.8666811" lon="6.8766945">
      <ele>112.8</ele>
      <time>2021-07-08T08:58:57Z</time>
    </trkpt>
    <trkpt lat="50.8663598" lon="6.8765287">
      <ele>113.0</ele>
      <time>2021-07-08T08:59:03Z</time>
    </trkpt>
    <trkpt lat="50.8661823" lon="6.8764556">
      <ele>113.2</ele>
      <time>2021-07-08T08:59:06Z</time>
    </trkpt>
    <trkpt lat="50.8661002" lon="6.8764164">
      <ele>113.4</ele>
      <time>2021-07-08T08:59:08Z</time>
    </trkpt>
    <trkpt lat="50.8658836" lon="6.8763264">
      <ele>114.0</ele>
      <time>2021-07-08T08:59:12Z</time>
    </trkpt>
    <trkpt lat="50.8657981" lon="6.8763103">
      <ele>114.0</ele>
      <time>2021-07-08T08:59:13Z</time>
    </trkpt>
    <trkpt lat="50.8655304" lon="6.8762575">
      <ele>114.6</ele>
      <time>2021-07-08T08:59:17Z</time>
    </trkpt>
    <trkpt lat="50.8654036" lon="6.8762397">
      <ele>114.8</ele>
      <time>2021-07-08T08:59:19Z</time>
    </trkpt>
    <trkpt lat="50.8653425" lon="6.8762357">
      <ele>115.0</ele>
      <time>2021-07-08T08:59:20Z</time>
    </trkpt>
    <trkpt lat="50.8651411" lon="6.8761991">
      <ele>115.2</ele>
      <time>2021-07-08T08:59:23Z</time>
    </trkpt>
    <trkpt lat="50.8650408" lon="6.8761455">
      <ele>115.2</ele>
      <time>2021-07-08T08:59:25Z</time>
    </trkpt>
    <trkpt lat="50.8646992" lon="6.8760695">
      <ele>115.6</ele>
      <time>2021-07-08T08:59:29Z</time>
    </trkpt>
    <trkpt lat="50.8646708" lon="6.8760672">
      <ele>115.8</ele>
      <time>2021-07-08T08:59:30Z</time>
    </trkpt>
    <trkpt lat="50.8645578" lon="6.8760491">
      <ele>116.0</ele>
      <time>2021-07-08T08:59:34Z</time>
    </trkpt>
    <trkpt lat="50.8645221" lon="6.8760398">
      <ele>116.0</ele>
      <time>2021-07-08T08:59:35Z</time>
    </trkpt>
    <trkpt lat="50.8644000" lon="6.8760301">
      <ele>116.2</ele>
      <time>2021-07-08T08:59:38Z</time>
    </trkpt>
    <trkpt lat="50.8643115" lon="6.8760314">
      <ele>116.4</ele>
      <time>2021-07-08T08:59:40Z</time>
    </trkpt>
    <trkpt lat="50.8641051" lon="6.8760312">
      <ele>116.6</ele>
      <time>2021-07-08T08:59:44Z</time>
    </trkpt>
    <trkpt lat="50.8639028" lon="6.8760391">
      <ele>116.8</ele>
      <time>2021-07-08T08:59:47Z</time>
    </trkpt>
    <trkpt lat="50.8637435" lon="6.8760350">
      <ele>116.8</ele>
      <time>2021-07-08T08:59:49Z</time>
    </trkpt>
    <trkpt lat="50.8633762" lon="6.8760747">
      <ele>116.8</ele>
      <time>2021-07-08T08:59:54Z</time>
    </trkpt>
    <trkpt lat="50.8630097" lon="6.8761327">
      <ele>116.6</ele>
      <time>2021-07-08T08:59:59Z</time>
    </trkpt>
    <trkpt lat="50.8629433" lon="6.8761387">
      <ele>116.8</ele>
      <time>2021-07-08T09:00:00Z</time>
    </trkpt>
    <trkpt lat="50.8627461" lon="6.8762000">
      <ele>116.8</ele>
      <time>2021-07-08T09:00:04Z</time>
    </trkpt>
    <trkpt lat="50.8625227" lon="6.8762484">
      <ele>117.0</ele>
      <time>2021-07-08T09:00:07Z</time>
    </trkpt>
    <trkpt lat="50.8624404" lon="6.8762601">
      <ele>117.0</ele>
      <time>2021-07-08T09:00:08Z</time>
    </trkpt>
    <trkpt lat="50.8623563" lon="6.8762803">
      <ele>117.2</ele>
      <time>2021-07-08T09:00:09Z</time>
    </trkpt>
    <trkpt lat="50.8620651" lon="6.8763858">
      <ele>117.4</ele>
      <time>2021-07-08T09:00:15Z</time>
    </trkpt>
    <trkpt lat="50.8616101" lon="6.8765442">
      <ele>117.6</ele>
      <time>2021-07-08T09:00:20Z</time>
    </trkpt>
    <trkpt lat="50.8612695" lon="6.8766635">
      <ele>117.4</ele>
      <time>2021-07-08T09:00:25Z</time>
    </trkpt>
    <trkpt lat="50.8611882" lon="6.8766867">
      <ele>117.4</ele>
      <time>2021-07-08T09:00:26Z</time>
    </trkpt>
    <trkpt lat="50.8609736" lon="6.8767329">
      <ele>117.4</ele>
      <time>2021-07-08T09:00:29Z</time>
    </trkpt>
    <trkpt lat="50.8607666" lon="6.8767945">
      <ele>117.4</ele>
      <time>2021-07-08T09:00:32Z</time>
    </trkpt>
    <trkpt lat="50.8606887" lon="6.8768120">
      <ele>117.4</ele>
      <time>2021-07-08T09:00:33Z</time>
    </trkpt>
    <trkpt lat="50.8606275" lon="6.8768363">
      <ele>117.4</ele>
      <time>2021-07-08T09:00:34Z</time>
    </trkpt>
    <trkpt lat="50.8605010" lon="6.8768574">
      <ele>117.6</ele>
      <time>2021-07-08T09:00:37Z</time>
    </trkpt>
    <trkpt lat="50.8601561" lon="6.8769103">
      <ele>117.8</ele>
      <time>2021-07-08T09:00:42Z</time>
    </trkpt>
    <trkpt lat="50.8600423" lon="6.8769061">
      <ele>117.8</ele>
      <time>2021-07-08T09:00:44Z</time>
    </trkpt>
    <trkpt lat="50.8599929" lon="6.8768977">
      <ele>117.8</ele>
      <time>2021-07-08T09:00:45Z</time>
    </trkpt>
    <trkpt lat="50.8598812" lon="6.8768904">
      <ele>118.0</ele>
      <time>2021-07-08T09:00:47Z</time>
    </trkpt>
    <trkpt lat="50.8595839" lon="6.8769227">
      <ele>118.2</ele>
      <time>2021-07-08T09:00:52Z</time>
    </trkpt>
    <trkpt lat="50.8594656" lon="6.8768947">
      <ele>118.4</ele>
      <time>2021-07-08T09:00:54Z</time>
    </trkpt>
    <trkpt lat="50.8593576" lon="6.8768961">
      <ele>118.4</ele>
      <time>2021-07-08T09:00:56Z</time>
    </trkpt>
    <trkpt lat="50.8588724" lon="6.8768425">
      <ele>118.4</ele>
      <time>2021-07-08T09:01:02Z</time>
    </trkpt>
    <trkpt lat="50.8587984" lon="6.8768204">
      <ele>118.4</ele>
      <time>2021-07-08T09:01:03Z</time>
    </trkpt>
    <trkpt lat="50.8587328" lon="6.8768035">
      <ele>118.6</ele>
      <time>2021-07-08T09:01:05Z</time>
    </trkpt>
    <trkpt lat="50.8586833" lon="6.8767816">
      <ele>118.6</ele>
      <time>2021-07-08T09:01:06Z</time>
    </trkpt>
    <trkpt lat="50.8586071" lon="6.8767465">
      <ele>118.6</ele>
      <time>2021-07-08T09:01:07Z</time>
    </trkpt>
    <trkpt lat="50.8584078" lon="6.8766720">
      <ele>118.8</ele>
      <time>2021-07-08T09:01:11Z</time>
    </trkpt>
    <trkpt lat="50.8583051" lon="6.8766396">
      <ele>118.8</ele>
      <time>2021-07-08T09:01:13Z</time>
    </trkpt>
    <trkpt lat="50.8581510" lon="6.8765808">
      <ele>119.0</ele>
      <time>2021-07-08T09:01:16Z</time>
    </trkpt>
    <trkpt lat="50.8577447" lon="6.8764305">
      <ele>119.0</ele>
      <time>2021-07-08T09:01:22Z</time>
    </trkpt>
    <trkpt lat="50.8576856" lon="6.8764031">
      <ele>119.0</ele>
      <time>2021-07-08T09:01:23Z</time>
    </trkpt>
    <trkpt lat="50.8575730" lon="6.8763596">
      <ele>119.0</ele>
      <time>2021-07-08T09:01:25Z</time>
    </trkpt>
    <trkpt lat="50.8575043" lon="6.8763247">
      <ele>119.0</ele>
      <time>2021-07-08T09:01:26Z</time>
    </trkpt>
    <trkpt lat="50.8570864" lon="6.8761322">
      <ele>119.2</ele>
      <time>2021-07-08T09:01:32Z</time>
    </trkpt>
    <trkpt lat="50.8569717" lon="6.8760655">
      <ele>119.2</ele>
      <time>2021-07-08T09:01:34Z</time>
    </trkpt>
    <trkpt lat="50.8568132" lon="6.8759352">
      <ele>119.2</ele>
      <time>2021-07-08T09:01:37Z</time>
    </trkpt>
    <trkpt lat="50.8565440" lon="6.8756738">
      <ele>119.4</ele>
      <time>2021-07-08T09:01:43Z</time>
    </trkpt>
    <trkpt lat="50.8565123" lon="6.8756377">
      <ele>119.4</ele>
      <time>2021-07-08T09:01:44Z</time>
    </trkpt>
    <trkpt lat="50.8563745" lon="6.8755111">
      <ele>119.4</ele>
      <time>2021-07-08T09:01:47Z</time>
    </trkpt>
    <trkpt lat="50.8563124" lon="6.8754665">
      <ele>119.2</ele>
      <time>2021-07-08T09:01:48Z</time>
    </trkpt>
    <trkpt lat="50.8562517" lon="6.8754246">
      <ele>119.4</ele>
      <time>2021-07-08T09:01:49Z</time>
    </trkpt>
    <trkpt lat="50.8560920" lon="6.8753061">
      <ele>119.4</ele>
      <time>2021-07-08T09:01:52Z</time>
    </trkpt>
    <trkpt lat="50.8559774" lon="6.8752347">
      <ele>119.4</ele>
      <time>2021-07-08T09:01:54Z</time>
    </trkpt>
    <trkpt lat="50.8556211" lon="6.8750099">
      <ele>119.8</ele>
      <time>2021-07-08T09:02:00Z</time>
    </trkpt>
    <trkpt lat="50.8555120" lon="6.8749238">
      <ele>120.0</ele>
      <time>2021-07-08T09:02:02Z</time>
    </trkpt>
    <trkpt lat="50.8553632" lon="6.8748302">
      <ele>120.0</ele>
      <time>2021-07-08T09:02:04Z</time>
    </trkpt>
    <trkpt lat="50.8552298" lon="6.8747300">
      <ele>120.0</ele>
      <time>2021-07-08T09:02:06Z</time>
    </trkpt>
    <trkpt lat="50.8548256" lon="6.8744720">
      <ele>120.0</ele>
      <time>2021-07-08T09:02:12Z</time>
    </trkpt>
    <trkpt lat="50.8546626" lon="6.8743160">
      <ele>120.0</ele>
      <time>2021-07-08T09:02:15Z</time>
    </trkpt>
    <trkpt lat="50.8544969" lon="6.8741499">
      <ele>120.2</ele>
      <time>2021-07-08T09:02:18Z</time>
    </trkpt>
    <trkpt lat="50.8542692" lon="6.8739964">
      <ele>120.4</ele>
      <time>2021-07-08T09:02:22Z</time>
    </trkpt>
    <trkpt lat="50.8541545" lon="6.8739494">
      <ele>120.4</ele>
      <time>2021-07-08T09:02:24Z</time>
    </trkpt>
    <trkpt lat="50.8540994" lon="6.8739123">
      <ele>120.2</ele>
      <time>2021-07-08T09:02:25Z</time>
    </trkpt>
    <trkpt lat="50.8537820" lon="6.8736538">
      <ele>119.8</ele>
      <time>2021-07-08T09:02:30Z</time>
    </trkpt>
    <trkpt lat="50.8534509" lon="6.8733948">
      <ele>119.4</ele>
      <time>2021-07-08T09:02:35Z</time>
    </trkpt>
    <trkpt lat="50.8533933" lon="6.8733475">
      <ele>119.4</ele>
      <time>2021-07-08T09:02:36Z</time>
    </trkpt>
    <trkpt lat="50.8531575" lon="6.8731816">
      <ele>119.0</ele>
      <time>2021-07-08T09:02:40Z</time>
    </trkpt>
    <trkpt lat="50.8530911" lon="6.8731391">
      <ele>118.8</ele>
      <time>2021-07-08T09:02:41Z</time>
    </trkpt>
    <trkpt lat="50.8527677" lon="6.8729334">
      <ele>118.4</ele>
      <time>2021-07-08T09:02:46Z</time>
    </trkpt>
    <trkpt lat="50.8527186" lon="6.8728834">
      <ele>118.4</ele>
      <time>2021-07-08T09:02:47Z</time>
    </trkpt>
    <trkpt lat="50.8526571" lon="6.8728311">
      <ele>118.2</ele>
      <time>2021-07-08T09:02:48Z</time>
    </trkpt>
    <trkpt lat="50.8525172" lon="6.8727435">
      <ele>118.0</ele>
      <time>2021-07-08T09:02:50Z</time>
    </trkpt>
    <trkpt lat="50.8524284" lon="6.8727061">
      <ele>118.0</ele>
      <time>2021-07-08T09:02:51Z</time>
    </trkpt>
    <trkpt lat="50.8523451" lon="6.8726709">
      <ele>117.8</ele>
      <time>2021-07-08T09:02:52Z</time>
    </trkpt>
    <trkpt lat="50.8520604" lon="6.8725330">
      <ele>117.0</ele>
      <time>2021-07-08T09:02:56Z</time>
    </trkpt>
    <trkpt lat="50.8519623" lon="6.8725035">
      <ele>116.8</ele>
      <time>2021-07-08T09:02:57Z</time>
    </trkpt>
    <trkpt lat="50.8518883" lon="6.8724731">
      <ele>116.6</ele>
      <time>2021-07-08T09:02:58Z</time>
    </trkpt>
    <trkpt lat="50.8518227" lon="6.8724372">
      <ele>116.4</ele>
      <time>2021-07-08T09:02:59Z</time>
    </trkpt>
    <trkpt lat="50.8516362" lon="6.8723207">
      <ele>115.8</ele>
      <time>2021-07-08T09:03:02Z</time>
    </trkpt>
    <trkpt lat="50.8514428" lon="6.8722148">
      <ele>115.4</ele>
      <time>2021-07-08T09:03:05Z</time>
    </trkpt>
    <trkpt lat="50.8512952" lon="6.8721567">
      <ele>115.2</ele>
      <time>2021-07-08T09:03:07Z</time>
    </trkpt>
    <trkpt lat="50.8507583" lon="6.8719837">
      <ele>114.4</ele>
      <time>2021-07-08T09:03:14Z</time>
    </trkpt>
    <trkpt lat="50.8506810" lon="6.8719636">
      <ele>114.2</ele>
      <time>2021-07-08T09:03:15Z</time>
    </trkpt>
    <trkpt lat="50.8506102" lon="6.8719403">
      <ele>114.0</ele>
      <time>2021-07-08T09:03:16Z</time>
    </trkpt>
    <trkpt lat="50.8503126" lon="6.8718467">
      <ele>113.8</ele>
      <time>2021-07-08T09:03:20Z</time>
    </trkpt>
    <trkpt lat="50.8500883" lon="6.8718029">
      <ele>113.4</ele>
      <time>2021-07-08T09:03:23Z</time>
    </trkpt>
    <trkpt lat="50.8499510" lon="6.8717690">
      <ele>113.0</ele>
      <time>2021-07-08T09:03:25Z</time>
    </trkpt>
    <trkpt lat="50.8495814" lon="6.8716779">
      <ele>112.4</ele>
      <time>2021-07-08T09:03:31Z</time>
    </trkpt>
    <trkpt lat="50.8494877" lon="6.8716799">
      <ele>112.2</ele>
      <time>2021-07-08T09:03:32Z</time>
    </trkpt>
    <trkpt lat="50.8493187" lon="6.8716501">
      <ele>112.0</ele>
      <time>2021-07-08T09:03:35Z</time>
    </trkpt>
    <trkpt lat="50.8492858" lon="6.8716374">
      <ele>112.0</ele>
      <time>2021-07-08T09:03:36Z</time>
    </trkpt>
    <trkpt lat="50.8491650" lon="6.8716413">
      <ele>111.8</ele>
      <time>2021-07-08T09:03:40Z</time>
    </trkpt>
    <trkpt lat="50.8490576" lon="6.8716511">
      <ele>111.6</ele>
      <time>2021-07-08T09:03:45Z</time>
    </trkpt>
    <trkpt lat="50.8489831" lon="6.8716325">
      <ele>111.6</ele>
      <time>2021-07-08T09:03:47Z</time>
    </trkpt>
    <trkpt lat="50.8488882" lon="6.8716079">
      <ele>111.6</ele>
      <time>2021-07-08T09:03:50Z</time>
    </trkpt>
    <trkpt lat="50.8487477" lon="6.8715442">
      <ele>111.6</ele>
      <time>2021-07-08T09:03:54Z</time>
    </trkpt>
    <trkpt lat="50.8483991" lon="6.8714361">
      <ele>111.4</ele>
      <time>2021-07-08T09:04:00Z</time>
    </trkpt>
    <trkpt lat="50.8482527" lon="6.8713867">
      <ele>111.2</ele>
      <time>2021-07-08T09:04:03Z</time>
    </trkpt>
    <trkpt lat="50.8479737" lon="6.8712882">
      <ele>111.0</ele>
      <time>2021-07-08T09:04:08Z</time>
    </trkpt>
    <trkpt lat="50.8479141" lon="6.8712676">
      <ele>111.0</ele>
      <time>2021-07-08T09:04:09Z</time>
    </trkpt>
    <trkpt lat="50.8477959" lon="6.8712342">
      <ele>111.0</ele>
      <time>2021-07-08T09:04:11Z</time>
    </trkpt>
    <trkpt lat="50.8476780" lon="6.8712068">
      <ele>111.0</ele>
      <time>2021-07-08T09:04:13Z</time>
    </trkpt>
    <trkpt lat="50.8472604" lon="6.8711351">
      <ele>111.2</ele>
      <time>2021-07-08T09:04:19Z</time>
    </trkpt>
    <trkpt lat="50.8467899" lon="6.8710308">
      <ele>111.4</ele>
      <time>2021-07-08T09:04:26Z</time>
    </trkpt>
    <trkpt lat="50.8464582" lon="6.8709567">
      <ele>111.6</ele>
      <time>2021-07-08T09:04:31Z</time>
    </trkpt>
    <trkpt lat="50.8463941" lon="6.8709547">
      <ele>111.6</ele>
      <time>2021-07-08T09:04:32Z</time>
    </trkpt>
    <trkpt lat="50.8458841" lon="6.8708559">
      <ele>111.4</ele>
      <time>2021-07-08T09:04:39Z</time>
    </trkpt>
    <trkpt lat="50.8453955" lon="6.8707121">
      <ele>111.2</ele>
      <time>2021-07-08T09:04:47Z</time>
    </trkpt>
    <trkpt lat="50.8451509" lon="6.8706612">
      <ele>111.2</ele>
      <time>2021-07-08T09:04:51Z</time>
    </trkpt>
    <trkpt lat="50.8450951" lon="6.8706534">
      <ele>111.2</ele>
      <time>2021-07-08T09:04:52Z</time>
    </trkpt>
    <trkpt lat="50.8449833" lon="6.8706239">
      <ele>111.2</ele>
      <time>2021-07-08T09:04:54Z</time>
    </trkpt>
    <trkpt lat="50.8448722" lon="6.8705910">
      <ele>111.0</ele>
      <time>2021-07-08T09:04:56Z</time>
    </trkpt>
    <trkpt lat="50.8445022" lon="6.8704888">
      <ele>110.8</ele>
      <time>2021-07-08T09:05:01Z</time>
    </trkpt>
    <trkpt lat="50.8441660" lon="6.8704193">
      <ele>111.0</ele>
      <time>2021-07-08T09:05:06Z</time>
    </trkpt>
    <trkpt lat="50.8441069" lon="6.8703964">
      <ele>111.0</ele>
      <time>2021-07-08T09:05:07Z</time>
    </trkpt>
    <trkpt lat="50.8439537" lon="6.8703653">
      <ele>111.0</ele>
      <time>2021-07-08T09:05:09Z</time>
    </trkpt>
    <trkpt lat="50.8435911" lon="6.8702729">
      <ele>110.8</ele>
      <time>2021-07-08T09:05:14Z</time>
    </trkpt>
    <trkpt lat="50.8430276" lon="6.8701345">
      <ele>110.8</ele>
      <time>2021-07-08T09:05:22Z</time>
    </trkpt>
    <trkpt lat="50.8424523" lon="6.8700549">
      <ele>110.8</ele>
      <time>2021-07-08T09:05:30Z</time>
    </trkpt>
    <trkpt lat="50.8421810" lon="6.8699813">
      <ele>111.2</ele>
      <time>2021-07-08T09:05:35Z</time>
    </trkpt>
    <trkpt lat="50.8418739" lon="6.8699048">
      <ele>112.0</ele>
      <time>2021-07-08T09:05:40Z</time>
    </trkpt>
    <trkpt lat="50.8415974" lon="6.8698312">
      <ele>112.6</ele>
      <time>2021-07-08T09:05:45Z</time>
    </trkpt>
    <trkpt lat="50.8415452" lon="6.8698201">
      <ele>112.6</ele>
      <time>2021-07-08T09:05:46Z</time>
    </trkpt>
    <trkpt lat="50.8412960" lon="6.8697614">
      <ele>113.0</ele>
      <time>2021-07-08T09:05:50Z</time>
    </trkpt>
    <trkpt lat="50.8409453" lon="6.8696520">
      <ele>113.8</ele>
      <time>2021-07-08T09:05:56Z</time>
    </trkpt>
    <trkpt lat="50.8407887" lon="6.8695830">
      <ele>114.0</ele>
      <time>2021-07-08T09:05:59Z</time>
    </trkpt>
    <trkpt lat="50.8405672" lon="6.8694793">
      <ele>114.4</ele>
      <time>2021-07-08T09:06:03Z</time>
    </trkpt>
    <trkpt lat="50.8401390" lon="6.8692608">
      <ele>115.2</ele>
      <time>2021-07-08T09:06:11Z</time>
    </trkpt>
    <trkpt lat="50.8400481" lon="6.8692074">
      <ele>115.6</ele>
      <time>2021-07-08T09:06:14Z</time>
    </trkpt>
    <trkpt lat="50.8398364" lon="6.8690381">
      <ele>116.2</ele>
      <time>2021-07-08T09:06:18Z</time>
    </trkpt>
    <trkpt lat="50.8397820" lon="6.8689951">
      <ele>116.2</ele>
      <time>2021-07-08T09:06:19Z</time>
    </trkpt>
    <trkpt lat="50.8395980" lon="6.8688943">
      <ele>116.4</ele>
      <time>2021-07-08T09:06:22Z</time>
    </trkpt>
    <trkpt lat="50.8394574" lon="6.8688338">
      <ele>117.0</ele>
      <time>2021-07-08T09:06:25Z</time>
    </trkpt>
    <trkpt lat="50.8392914" lon="6.8687417">
      <ele>117.4</ele>
      <time>2021-07-08T09:06:29Z</time>
    </trkpt>
    <trkpt lat="50.8392182" lon="6.8687281">
      <ele>117.4</ele>
      <time>2021-07-08T09:06:31Z</time>
    </trkpt>
    <trkpt lat="50.8391684" lon="6.8688163">
      <ele>117.4</ele>
      <time>2021-07-08T09:06:33Z</time>
    </trkpt>
    <trkpt lat="50.8391585" lon="6.8688583">
      <ele>117.6</ele>
      <time>2021-07-08T09:06:34Z</time>
    </trkpt>
    <trkpt lat="50.8391337" lon="6.8689184">
      <ele>117.6</ele>
      <time>2021-07-08T09:06:37Z</time>
    </trkpt>
    <trkpt lat="50.8391288" lon="6.8689210">
      <ele>117.6</ele>
      <time>2021-07-08T09:06:38Z</time>
    </trkpt>
    <trkpt lat="50.8391288" lon="6.8689210">
      <ele>117.6</ele>
      <time>2021-07-08T09:06:40Z</time>
    </trkpt>
    <trkpt lat="50.8390840" lon="6.8689107">
      <ele>117.4</ele>
      <time>2021-07-08T09:06:48Z</time>
    </trkpt>
    <trkpt lat="50.8390624" lon="6.8688976">
      <ele>117.4</ele>
      <time>2021-07-08T09:06:49Z</time>
    </trkpt>
    <trkpt lat="50.8389181" lon="6.8688475">
      <ele>117.4</ele>
      <time>2021-07-08T09:06:54Z</time>
    </trkpt>
    <trkpt lat="50.8388954" lon="6.8688795">
      <ele>117.4</ele>
      <time>2021-07-08T09:06:55Z</time>
    </trkpt>
    <trkpt lat="50.8388626" lon="6.8690945">
      <ele>117.4</ele>
      <time>2021-07-08T09:06:59Z</time>
    </trkpt>
    <trkpt lat="50.8388387" lon="6.8692235">
      <ele>117.4</ele>
      <time>2021-07-08T09:07:01Z</time>
    </trkpt>
    <trkpt lat="50.8388000" lon="6.8693364">
      <ele>117.6</ele>
      <time>2021-07-08T09:07:03Z</time>
    </trkpt>
    <trkpt lat="50.8387011" lon="6.8696762">
      <ele>117.6</ele>
      <time>2021-07-08T09:07:07Z</time>
    </trkpt>
    <trkpt lat="50.8384791" lon="6.8704691">
      <ele>117.8</ele>
      <time>2021-07-08T09:07:15Z</time>
    </trkpt>
    <trkpt lat="50.8384491" lon="6.8705636">
      <ele>117.6</ele>
      <time>2021-07-08T09:07:16Z</time>
    </trkpt>
    <trkpt lat="50.8383717" lon="6.8707871">
      <ele>117.6</ele>
      <time>2021-07-08T09:07:19Z</time>
    </trkpt>
    <trkpt lat="50.8383390" lon="6.8708332">
      <ele>117.4</ele>
      <time>2021-07-08T09:07:20Z</time>
    </trkpt>
    <trkpt lat="50.8383057" lon="6.8708624">
      <ele>117.2</ele>
      <time>2021-07-08T09:07:21Z</time>
    </trkpt>
    <trkpt lat="50.8382188" lon="6.8708433">
      <ele>116.8</ele>
      <time>2021-07-08T09:07:23Z</time>
    </trkpt>
    <trkpt lat="50.8380767" lon="6.8707648">
      <ele>116.4</ele>
      <time>2021-07-08T09:07:26Z</time>
    </trkpt>
    <trkpt lat="50.8379025" lon="6.8706931">
      <ele>115.8</ele>
      <time>2021-07-08T09:07:29Z</time>
    </trkpt>
    <trkpt lat="50.8376558" lon="6.8705927">
      <ele>115.4</ele>
      <time>2021-07-08T09:07:33Z</time>
    </trkpt>
    <trkpt lat="50.8374736" lon="6.8705169">
      <ele>115.0</ele>
      <time>2021-07-08T09:07:36Z</time>
    </trkpt>
    <trkpt lat="50.8372426" lon="6.8704497">
      <ele>114.6</ele>
      <time>2021-07-08T09:07:40Z</time>
    </trkpt>
    <trkpt lat="50.8371195" lon="6.8704124">
      <ele>114.2</ele>
      <time>2021-07-08T09:07:42Z</time>
    </trkpt>
    <trkpt lat="50.8370553" lon="6.8703965">
      <ele>114.2</ele>
      <time>2021-07-08T09:07:43Z</time>
    </trkpt>
    <trkpt lat="50.8367977" lon="6.8703118">
      <ele>114.0</ele>
      <time>2021-07-08T09:07:47Z</time>
    </trkpt>
    <trkpt lat="50.8364869" lon="6.8701961">
      <ele>113.6</ele>
      <time>2021-07-08T09:07:52Z</time>
    </trkpt>
    <trkpt lat="50.8364370" lon="6.8701495">
      <ele>113.6</ele>
      <time>2021-07-08T09:07:53Z</time>
    </trkpt>
    <trkpt lat="50.8363893" lon="6.8700904">
      <ele>113.6</ele>
      <time>2021-07-08T09:07:54Z</time>
    </trkpt>
    <trkpt lat="50.8362091" lon="6.8698451">
      <ele>113.4</ele>
      <time>2021-07-08T09:07:58Z</time>
    </trkpt>
    <trkpt lat="50.8361759" lon="6.8698085">
      <ele>113.4</ele>
      <time>2021-07-08T09:07:59Z</time>
    </trkpt>
    <trkpt lat="50.8361033" lon="6.8697990">
      <ele>113.6</ele>
      <time>2021-07-08T09:08:01Z</time>
    </trkpt>
    <trkpt lat="50.8360073" lon="6.8699620">
      <ele>113.4</ele>
      <time>2021-07-08T09:08:04Z</time>
    </trkpt>
    <trkpt lat="50.8359562" lon="6.8701439">
      <ele>113.4</ele>
      <time>2021-07-08T09:08:06Z</time>
    </trkpt>
    <trkpt lat="50.8358861" lon="6.8703454">
      <ele>113.2</ele>
      <time>2021-07-08T09:08:08Z</time>
    </trkpt>
    <trkpt lat="50.8358475" lon="6.8704364">
      <ele>113.2</ele>
      <time>2021-07-08T09:08:09Z</time>
    </trkpt>
    <trkpt lat="50.8357847" lon="6.8705918">
      <ele>112.4</ele>
      <time>2021-07-08T09:08:11Z</time>
    </trkpt>
    <trkpt lat="50.8357527" lon="6.8706839">
      <ele>111.8</ele>
      <time>2021-07-08T09:08:12Z</time>
    </trkpt>
    <trkpt lat="50.8356373" lon="6.8709349">
      <ele>110.6</ele>
      <time>2021-07-08T09:08:15Z</time>
    </trkpt>
    <trkpt lat="50.8355842" lon="6.8710822">
      <ele>109.8</ele>
      <time>2021-07-08T09:08:17Z</time>
    </trkpt>
    <trkpt lat="50.8355663" lon="6.8711333">
      <ele>109.4</ele>
      <time>2021-07-08T09:08:18Z</time>
    </trkpt>
    <trkpt lat="50.8355378" lon="6.8712010">
      <ele>109.2</ele>
      <time>2021-07-08T09:08:20Z</time>
    </trkpt>
    <trkpt lat="50.8355118" lon="6.8712174">
      <ele>109.0</ele>
      <time>2021-07-08T09:08:21Z</time>
    </trkpt>
    <trkpt lat="50.8354909" lon="6.8712140">
      <ele>108.8</ele>
      <time>2021-07-08T09:08:22Z</time>
    </trkpt>
    <trkpt lat="50.8354780" lon="6.8711932">
      <ele>108.4</ele>
      <time>2021-07-08T09:08:23Z</time>
    </trkpt>
    <trkpt lat="50.8354625" lon="6.8711629">
      <ele>108.0</ele>
      <time>2021-07-08T09:08:24Z</time>
    </trkpt>
    <trkpt lat="50.8353777" lon="6.8710593">
      <ele>107.4</ele>
      <time>2021-07-08T09:08:28Z</time>
    </trkpt>
    <trkpt lat="50.8353434" lon="6.8710160">
      <ele>107.4</ele>
      <time>2021-07-08T09:08:30Z</time>
    </trkpt>
    <trkpt lat="50.8352531" lon="6.8707778">
      <ele>107.8</ele>
      <time>2021-07-08T09:08:37Z</time>
    </trkpt>
    <trkpt lat="50.8352086" lon="6.8706607">
      <ele>107.8</ele>
      <time>2021-07-08T09:08:39Z</time>
    </trkpt>
    <trkpt lat="50.8351201" lon="6.8705048">
      <ele>108.0</ele>
      <time>2021-07-08T09:08:42Z</time>
    </trkpt>
    <trkpt lat="50.8349691" lon="6.8702807">
      <ele>108.2</ele>
      <time>2021-07-08T09:08:46Z</time>
    </trkpt>
    <trkpt lat="50.8349306" lon="6.8702096">
      <ele>108.2</ele>
      <time>2021-07-08T09:08:47Z</time>
    </trkpt>
    <trkpt lat="50.8349026" lon="6.8701435">
      <ele>108.2</ele>
      <time>2021-07-08T09:08:48Z</time>
    </trkpt>
    <trkpt lat="50.8348420" lon="6.8700271">
      <ele>108.0</ele>
      <time>2021-07-08T09:08:50Z</time>
    </trkpt>
    <trkpt lat="50.8345800" lon="6.8696415">
      <ele>107.6</ele>
      <time>2021-07-08T09:08:57Z</time>
    </trkpt>
    <trkpt lat="50.8344400" lon="6.8694549">
      <ele>107.4</ele>
      <time>2021-07-08T09:09:01Z</time>
    </trkpt>
    <trkpt lat="50.8343321" lon="6.8693320">
      <ele>107.0</ele>
      <time>2021-07-08T09:09:04Z</time>
    </trkpt>
    <trkpt lat="50.8342995" lon="6.8692976">
      <ele>106.6</ele>
      <time>2021-07-08T09:09:05Z</time>
    </trkpt>
    <trkpt lat="50.8342248" lon="6.8692104">
      <ele>106.4</ele>
      <time>2021-07-08T09:09:07Z</time>
    </trkpt>
    <trkpt lat="50.8341476" lon="6.8691086">
      <ele>106.2</ele>
      <time>2021-07-08T09:09:09Z</time>
    </trkpt>
    <trkpt lat="50.8340087" lon="6.8689246">
      <ele>106.0</ele>
      <time>2021-07-08T09:09:14Z</time>
    </trkpt>
    <trkpt lat="50.8338747" lon="6.8687539">
      <ele>105.8</ele>
      <time>2021-07-08T09:09:19Z</time>
    </trkpt>
    <trkpt lat="50.8337236" lon="6.8685791">
      <ele>105.2</ele>
      <time>2021-07-08T09:09:24Z</time>
    </trkpt>
    <trkpt lat="50.8335811" lon="6.8686232">
      <ele>105.0</ele>
      <time>2021-07-08T09:09:28Z</time>
    </trkpt>
    <trkpt lat="50.8335070" lon="6.8686544">
      <ele>104.8</ele>
      <time>2021-07-08T09:09:30Z</time>
    </trkpt>
    <trkpt lat="50.8334329" lon="6.8687002">
      <ele>104.6</ele>
      <time>2021-07-08T09:09:32Z</time>
    </trkpt>
    <trkpt lat="50.8332292" lon="6.8687810">
      <ele>104.4</ele>
      <time>2021-07-08T09:09:37Z</time>
    </trkpt>
    <trkpt lat="50.8331605" lon="6.8688228">
      <ele>104.4</ele>
      <time>2021-07-08T09:09:39Z</time>
    </trkpt>
    <trkpt lat="50.8331263" lon="6.8688260">
      <ele>104.4</ele>
      <time>2021-07-08T09:09:41Z</time>
    </trkpt>
    <trkpt lat="50.8331086" lon="6.8687234">
      <ele>104.4</ele>
      <time>2021-07-08T09:09:45Z</time>
    </trkpt>
    <trkpt lat="50.8330948" lon="6.8686803">
      <ele>104.2</ele>
      <time>2021-07-08T09:09:46Z</time>
    </trkpt>
    <trkpt lat="50.8330693" lon="6.8686376">
      <ele>104.0</ele>
      <time>2021-07-08T09:09:47Z</time>
    </trkpt>
    <trkpt lat="50.8329705" lon="6.8684662">
      <ele>103.0</ele>
      <time>2021-07-08T09:09:51Z</time>
    </trkpt>
    <trkpt lat="50.8329493" lon="6.8684070">
      <ele>102.8</ele>
      <time>2021-07-08T09:09:52Z</time>
    </trkpt>
    <trkpt lat="50.8329015" lon="6.8682843">
      <ele>102.2</ele>
      <time>2021-07-08T09:09:54Z</time>
    </trkpt>
    <trkpt lat="50.8328517" lon="6.8681619">
      <ele>101.8</ele>
      <time>2021-07-08T09:09:56Z</time>
    </trkpt>
    <trkpt lat="50.8328181" lon="6.8679982">
      <ele>101.2</ele>
      <time>2021-07-08T09:09:59Z</time>
    </trkpt>
    <trkpt lat="50.8327626" lon="6.8678395">
      <ele>100.8</ele>
      <time>2021-07-08T09:10:03Z</time>
    </trkpt>
    <trkpt lat="50.8327452" lon="6.8676418">
      <ele>100.6</ele>
      <time>2021-07-08T09:10:07Z</time>
    </trkpt>
    <trkpt lat="50.8327521" lon="6.8675942">
      <ele>100.6</ele>
      <time>2021-07-08T09:10:08Z</time>
    </trkpt>
    <trkpt lat="50.8327805" lon="6.8675189">
      <ele>100.6</ele>
      <time>2021-07-08T09:10:10Z</time>
    </trkpt>
    <trkpt lat="50.8328221" lon="6.8673045">
      <ele>99.6</ele>
      <time>2021-07-08T09:10:16Z</time>
    </trkpt>
    <trkpt lat="50.8328221" lon="6.8673045">
      <ele>99.4</ele>
      <time>2021-07-08T09:10:18Z</time>
    </trkpt>
    <trkpt lat="50.8328644" lon="6.8672383">
      <ele>99.0</ele>
      <time>2021-07-08T09:10:57Z</time>
    </trkpt>
    <trkpt lat="50.8328775" lon="6.8672215">
      <ele>99.0</ele>
      <time>2021-07-08T09:10:58Z</time>
    </trkpt>
    <trkpt lat="50.8329757" lon="6.8670423">
      <ele>99.2</ele>
      <time>2021-07-08T09:11:04Z</time>
    </trkpt>
    <trkpt lat="50.8330062" lon="6.8669737">
      <ele>99.2</ele>
      <time>2021-07-08T09:11:06Z</time>
    </trkpt>
    <trkpt lat="50.8330290" lon="6.8669130">
      <ele>99.0</ele>
      <time>2021-07-08T09:11:08Z</time>
    </trkpt>
    <trkpt lat="50.8330326" lon="6.8668945">
      <ele>99.0</ele>
      <time>2021-07-08T09:11:09Z</time>
    </trkpt>
    <trkpt lat="50.8330276" lon="6.8668320">
      <ele>98.6</ele>
      <time>2021-07-08T09:11:12Z</time>
    </trkpt>
    <trkpt lat="50.8330276" lon="6.8668320">
      <ele>98.4</ele>
      <time>2021-07-08T09:11:14Z</time>
    </trkpt>
    <trkpt lat="50.8330815" lon="6.8668160">
      <ele>97.2</ele>
      <time>2021-07-08T09:12:50Z</time>
    </trkpt>
    <trkpt lat="50.8331097" lon="6.8667889">
      <ele>97.6</ele>
      <time>2021-07-08T09:12:52Z</time>
    </trkpt>
    <trkpt lat="50.8332375" lon="6.8667027">
      <ele>97.8</ele>
      <time>2021-07-08T09:12:59Z</time>
    </trkpt>
    <trkpt lat="50.8333600" lon="6.8666060">
      <ele>97.8</ele>
      <time>2021-07-08T09:13:04Z</time>
    </trkpt>
    <trkpt lat="50.8335485" lon="6.8664884">
      <ele>97.6</ele>
      <time>2021-07-08T09:13:10Z</time>
    </trkpt>
    <trkpt lat="50.8338466" lon="6.8661630">
      <ele>98.0</ele>
      <time>2021-07-08T09:13:18Z</time>
    </trkpt>
    <trkpt lat="50.8340546" lon="6.8659286">
      <ele>97.8</ele>
      <time>2021-07-08T09:13:24Z</time>
    </trkpt>
    <trkpt lat="50.8341302" lon="6.8658055">
      <ele>97.8</ele>
      <time>2021-07-08T09:13:26Z</time>
    </trkpt>
    <trkpt lat="50.8341492" lon="6.8657693">
      <ele>97.8</ele>
      <time>2021-07-08T09:13:27Z</time>
    </trkpt>
    <trkpt lat="50.8341604" lon="6.8656461">
      <ele>97.8</ele>
      <time>2021-07-08T09:13:29Z</time>
    </trkpt>
    <trkpt lat="50.8341535" lon="6.8655295">
      <ele>97.8</ele>
      <time>2021-07-08T09:13:31Z</time>
    </trkpt>
    <trkpt lat="50.8341534" lon="6.8654522">
      <ele>97.8</ele>
      <time>2021-07-08T09:13:32Z</time>
    </trkpt>
    <trkpt lat="50.8341832" lon="6.8653239">
      <ele>98.0</ele>
      <time>2021-07-08T09:13:34Z</time>
    </trkpt>
    <trkpt lat="50.8342005" lon="6.8652696">
      <ele>98.2</ele>
      <time>2021-07-08T09:13:35Z</time>
    </trkpt>
    <trkpt lat="50.8342333" lon="6.8651053">
      <ele>98.4</ele>
      <time>2021-07-08T09:13:38Z</time>
    </trkpt>
    <trkpt lat="50.8342230" lon="6.8650576">
      <ele>98.4</ele>
      <time>2021-07-08T09:13:39Z</time>
    </trkpt>
    <trkpt lat="50.8342392" lon="6.8650162">
      <ele>98.4</ele>
      <time>2021-07-08T09:13:40Z</time>
    </trkpt>
    <trkpt lat="50.8342591" lon="6.8649270">
      <ele>98.6</ele>
      <time>2021-07-08T09:13:42Z</time>
    </trkpt>
    <trkpt lat="50.8342638" lon="6.8648903">
      <ele>98.8</ele>
      <time>2021-07-08T09:13:43Z</time>
    </trkpt>
    <trkpt lat="50.8342629" lon="6.8648568">
      <ele>98.8</ele>
      <time>2021-07-08T09:13:44Z</time>
    </trkpt>
    <trkpt lat="50.8342627" lon="6.8647712">
      <ele>98.8</ele>
      <time>2021-07-08T09:13:46Z</time>
    </trkpt>
    <trkpt lat="50.8342727" lon="6.8647510">
      <ele>99.0</ele>
      <time>2021-07-08T09:13:47Z</time>
    </trkpt>
    <trkpt lat="50.8343417" lon="6.8644734">
      <ele>99.4</ele>
      <time>2021-07-08T09:13:54Z</time>
    </trkpt>
    <trkpt lat="50.8343559" lon="6.8644217">
      <ele>99.4</ele>
      <time>2021-07-08T09:13:56Z</time>
    </trkpt>
    <trkpt lat="50.8343493" lon="6.8642158">
      <ele>99.8</ele>
      <time>2021-07-08T09:14:01Z</time>
    </trkpt>
    <trkpt lat="50.8342765" lon="6.8640147">
      <ele>99.6</ele>
      <time>2021-07-08T09:14:06Z</time>
    </trkpt>
    <trkpt lat="50.8341742" lon="6.8637870">
      <ele>99.6</ele>
      <time>2021-07-08T09:14:11Z</time>
    </trkpt>
    <trkpt lat="50.8340662" lon="6.8635848">
      <ele>99.2</ele>
      <time>2021-07-08T09:14:16Z</time>
    </trkpt>
    <trkpt lat="50.8339235" lon="6.8635071">
      <ele>98.8</ele>
      <time>2021-07-08T09:14:21Z</time>
    </trkpt>
    <trkpt lat="50.8337741" lon="6.8634870">
      <ele>98.6</ele>
      <time>2021-07-08T09:14:26Z</time>
    </trkpt>
    <trkpt lat="50.8335641" lon="6.8635204">
      <ele>98.2</ele>
      <time>2021-07-08T09:14:32Z</time>
    </trkpt>
    <trkpt lat="50.8335064" lon="6.8635471">
      <ele>98.2</ele>
      <time>2021-07-08T09:14:34Z</time>
    </trkpt>
    <trkpt lat="50.8334677" lon="6.8635654">
      <ele>98.2</ele>
      <time>2021-07-08T09:14:35Z</time>
    </trkpt>
    <trkpt lat="50.8333772" lon="6.8635886">
      <ele>98.2</ele>
      <time>2021-07-08T09:14:37Z</time>
    </trkpt>
    <trkpt lat="50.8333027" lon="6.8636121">
      <ele>97.8</ele>
      <time>2021-07-08T09:14:39Z</time>
    </trkpt>
    <trkpt lat="50.8332142" lon="6.8636387">
      <ele>97.6</ele>
      <time>2021-07-08T09:14:41Z</time>
    </trkpt>
    <trkpt lat="50.8328488" lon="6.8636523">
      <ele>97.4</ele>
      <time>2021-07-08T09:14:48Z</time>
    </trkpt>
    <trkpt lat="50.8326873" lon="6.8636528">
      <ele>98.0</ele>
      <time>2021-07-08T09:14:52Z</time>
    </trkpt>
    <trkpt lat="50.8325512" lon="6.8636621">
      <ele>98.6</ele>
      <time>2021-07-08T09:14:57Z</time>
    </trkpt>
    <trkpt lat="50.8325150" lon="6.8636397">
      <ele>99.0</ele>
      <time>2021-07-08T09:14:59Z</time>
    </trkpt>
    <trkpt lat="50.8324539" lon="6.8635960">
      <ele>99.2</ele>
      <time>2021-07-08T09:15:01Z</time>
    </trkpt>
    <trkpt lat="50.8324188" lon="6.8635798">
      <ele>99.4</ele>
      <time>2021-07-08T09:15:02Z</time>
    </trkpt>
    <trkpt lat="50.8322870" lon="6.8635134">
      <ele>100.2</ele>
      <time>2021-07-08T09:15:07Z</time>
    </trkpt>
    <trkpt lat="50.8320480" lon="6.8634508">
      <ele>100.6</ele>
      <time>2021-07-08T09:15:13Z</time>
    </trkpt>
    <trkpt lat="50.8318812" lon="6.8634090">
      <ele>101.2</ele>
      <time>2021-07-08T09:15:18Z</time>
    </trkpt>
    <trkpt lat="50.8317061" lon="6.8633544">
      <ele>100.8</ele>
      <time>2021-07-08T09:15:23Z</time>
    </trkpt>
    <trkpt lat="50.8316353" lon="6.8633355">
      <ele>100.8</ele>
      <time>2021-07-08T09:15:25Z</time>
    </trkpt>
    <trkpt lat="50.8314606" lon="6.8633145">
      <ele>101.0</ele>
      <time>2021-07-08T09:15:30Z</time>
    </trkpt>
    <trkpt lat="50.8313741" lon="6.8633000">
      <ele>101.2</ele>
      <time>2021-07-08T09:15:32Z</time>
    </trkpt>
    <trkpt lat="50.8311703" lon="6.8632955">
      <ele>102.0</ele>
      <time>2021-07-08T09:15:37Z</time>
    </trkpt>
    <trkpt lat="50.8310886" lon="6.8632973">
      <ele>102.2</ele>
      <time>2021-07-08T09:15:39Z</time>
    </trkpt>
    <trkpt lat="50.8309787" lon="6.8633081">
      <ele>102.4</ele>
      <time>2021-07-08T09:15:41Z</time>
    </trkpt>
    <trkpt lat="50.8307210" lon="6.8632845">
      <ele>102.4</ele>
      <time>2021-07-08T09:15:46Z</time>
    </trkpt>
    <trkpt lat="50.8304259" lon="6.8632353">
      <ele>102.4</ele>
      <time>2021-07-08T09:15:52Z</time>
    </trkpt>
    <trkpt lat="50.8303793" lon="6.8632156">
      <ele>102.6</ele>
      <time>2021-07-08T09:15:53Z</time>
    </trkpt>
    <trkpt lat="50.8302250" lon="6.8631850">
      <ele>102.6</ele>
      <time>2021-07-08T09:15:56Z</time>
    </trkpt>
    <trkpt lat="50.8301218" lon="6.8631603">
      <ele>102.6</ele>
      <time>2021-07-08T09:15:58Z</time>
    </trkpt>
    <trkpt lat="50.8300776" lon="6.8631392">
      <ele>102.6</ele>
      <time>2021-07-08T09:15:59Z</time>
    </trkpt>
    <trkpt lat="50.8299338" lon="6.8630985">
      <ele>102.0</ele>
      <time>2021-07-08T09:16:03Z</time>
    </trkpt>
    <trkpt lat="50.8296335" lon="6.8629841">
      <ele>101.6</ele>
      <time>2021-07-08T09:16:10Z</time>
    </trkpt>
    <trkpt lat="50.8295393" lon="6.8629364">
      <ele>101.6</ele>
      <time>2021-07-08T09:16:12Z</time>
    </trkpt>
    <trkpt lat="50.8294614" lon="6.8628721">
      <ele>101.6</ele>
      <time>2021-07-08T09:16:14Z</time>
    </trkpt>
    <trkpt lat="50.8293240" lon="6.8628171">
      <ele>101.4</ele>
      <time>2021-07-08T09:16:17Z</time>
    </trkpt>
    <trkpt lat="50.8292803" lon="6.8627917">
      <ele>101.4</ele>
      <time>2021-07-08T09:16:18Z</time>
    </trkpt>
    <trkpt lat="50.8292355" lon="6.8627600">
      <ele>101.4</ele>
      <time>2021-07-08T09:16:19Z</time>
    </trkpt>
    <trkpt lat="50.8291827" lon="6.8627308">
      <ele>101.4</ele>
      <time>2021-07-08T09:16:20Z</time>
    </trkpt>
    <trkpt lat="50.8289661" lon="6.8625511">
      <ele>101.6</ele>
      <time>2021-07-08T09:16:25Z</time>
    </trkpt>
    <trkpt lat="50.8285836" lon="6.8622661">
      <ele>102.0</ele>
      <time>2021-07-08T09:16:33Z</time>
    </trkpt>
    <trkpt lat="50.8285057" lon="6.8621831">
      <ele>102.0</ele>
      <time>2021-07-08T09:16:35Z</time>
    </trkpt>
    <trkpt lat="50.8283974" lon="6.8620623">
      <ele>102.0</ele>
      <time>2021-07-08T09:16:38Z</time>
    </trkpt>
    <trkpt lat="50.8283233" lon="6.8619705">
      <ele>102.0</ele>
      <time>2021-07-08T09:16:40Z</time>
    </trkpt>
    <trkpt lat="50.8282148" lon="6.8618398">
      <ele>101.6</ele>
      <time>2021-07-08T09:16:43Z</time>
    </trkpt>
    <trkpt lat="50.8281870" lon="6.8617868">
      <ele>101.6</ele>
      <time>2021-07-08T09:16:44Z</time>
    </trkpt>
    <trkpt lat="50.8281620" lon="6.8617272">
      <ele>101.6</ele>
      <time>2021-07-08T09:16:45Z</time>
    </trkpt>
    <trkpt lat="50.8280979" lon="6.8615559">
      <ele>101.6</ele>
      <time>2021-07-08T09:16:48Z</time>
    </trkpt>
    <trkpt lat="50.8280795" lon="6.8614840">
      <ele>101.6</ele>
      <time>2021-07-08T09:16:49Z</time>
    </trkpt>
    <trkpt lat="50.8280415" lon="6.8613326">
      <ele>101.4</ele>
      <time>2021-07-08T09:16:51Z</time>
    </trkpt>
    <trkpt lat="50.8280022" lon="6.8611820">
      <ele>101.4</ele>
      <time>2021-07-08T09:16:53Z</time>
    </trkpt>
    <trkpt lat="50.8279633" lon="6.8609380">
      <ele>101.4</ele>
      <time>2021-07-08T09:16:56Z</time>
    </trkpt>
    <trkpt lat="50.8279307" lon="6.8607732">
      <ele>101.4</ele>
      <time>2021-07-08T09:16:58Z</time>
    </trkpt>
    <trkpt lat="50.8278912" lon="6.8604584">
      <ele>101.0</ele>
      <time>2021-07-08T09:17:02Z</time>
    </trkpt>
    <trkpt lat="50.8278738" lon="6.8603867">
      <ele>101.0</ele>
      <time>2021-07-08T09:17:03Z</time>
    </trkpt>
    <trkpt lat="50.8278367" lon="6.8602407">
      <ele>100.8</ele>
      <time>2021-07-08T09:17:05Z</time>
    </trkpt>
    <trkpt lat="50.8278032" lon="6.8600847">
      <ele>100.8</ele>
      <time>2021-07-08T09:17:07Z</time>
    </trkpt>
    <trkpt lat="50.8277777" lon="6.8600119">
      <ele>100.8</ele>
      <time>2021-07-08T09:17:08Z</time>
    </trkpt>
    <trkpt lat="50.8277363" lon="6.8598604">
      <ele>100.6</ele>
      <time>2021-07-08T09:17:10Z</time>
    </trkpt>
    <trkpt lat="50.8277123" lon="6.8597007">
      <ele>100.6</ele>
      <time>2021-07-08T09:17:12Z</time>
    </trkpt>
    <trkpt lat="50.8277033" lon="6.8596355">
      <ele>100.6</ele>
      <time>2021-07-08T09:17:13Z</time>
    </trkpt>
    <trkpt lat="50.8276800" lon="6.8595076">
      <ele>100.4</ele>
      <time>2021-07-08T09:17:15Z</time>
    </trkpt>
    <trkpt lat="50.8276390" lon="6.8593360">
      <ele>100.6</ele>
      <time>2021-07-08T09:17:18Z</time>
    </trkpt>
    <trkpt lat="50.8275858" lon="6.8590912">
      <ele>100.6</ele>
      <time>2021-07-08T09:17:23Z</time>
    </trkpt>
    <trkpt lat="50.8275590" lon="6.8590130">
      <ele>100.8</ele>
      <time>2021-07-08T09:17:26Z</time>
    </trkpt>
    <trkpt lat="50.8275587" lon="6.8590072">
      <ele>101.0</ele>
      <time>2021-07-08T09:17:27Z</time>
    </trkpt>
    <trkpt lat="50.8275587" lon="6.8590072">
      <ele>101.0</ele>
      <time>2021-07-08T09:17:28Z</time>
    </trkpt>
    <trkpt lat="50.8275717" lon="6.8590049">
      <ele>101.0</ele>
      <time>2021-07-08T09:18:03Z</time>
    </trkpt>
    <trkpt lat="50.8275717" lon="6.8590049">
      <ele>101.0</ele>
      <time>2021-07-08T09:18:04Z</time>
    </trkpt>
    <trkpt lat="50.8276059" lon="6.8590658">
      <ele>100.6</ele>
      <time>2021-07-08T09:18:16Z</time>
    </trkpt>
    <trkpt lat="50.8276202" lon="6.8591026">
      <ele>100.6</ele>
      <time>2021-07-08T09:18:17Z</time>
    </trkpt>
    <trkpt lat="50.8277112" lon="6.8592990">
      <ele>100.6</ele>
      <time>2021-07-08T09:18:22Z</time>
    </trkpt>
    <trkpt lat="50.8277644" lon="6.8595160">
      <ele>100.4</ele>
      <time>2021-07-08T09:18:26Z</time>
    </trkpt>
    <trkpt lat="50.8278272" lon="6.8599589">
      <ele>100.0</ele>
      <time>2021-07-08T09:18:33Z</time>
    </trkpt>
    <trkpt lat="50.8278650" lon="6.8602718">
      <ele>100.0</ele>
      <time>2021-07-08T09:18:38Z</time>
    </trkpt>
    <trkpt lat="50.8279110" lon="6.8604522">
      <ele>100.0</ele>
      <time>2021-07-08T09:18:42Z</time>
    </trkpt>
    <trkpt lat="50.8279136" lon="6.8604613">
      <ele>100.0</ele>
      <time>2021-07-08T09:18:44Z</time>
    </trkpt>
    <trkpt lat="50.8278949" lon="6.8605193">
      <ele>100.4</ele>
      <time>2021-07-08T09:18:55Z</time>
    </trkpt>
    <trkpt lat="50.8279358" lon="6.8607109">
      <ele>100.4</ele>
      <time>2021-07-08T09:19:00Z</time>
    </trkpt>
    <trkpt lat="50.8279981" lon="6.8609628">
      <ele>100.4</ele>
      <time>2021-07-08T09:19:05Z</time>
    </trkpt>
    <trkpt lat="50.8280624" lon="6.8612195">
      <ele>100.6</ele>
      <time>2021-07-08T09:19:10Z</time>
    </trkpt>
    <trkpt lat="50.8281390" lon="6.8614988">
      <ele>100.8</ele>
      <time>2021-07-08T09:19:15Z</time>
    </trkpt>
    <trkpt lat="50.8281778" lon="6.8615994">
      <ele>101.0</ele>
      <time>2021-07-08T09:19:17Z</time>
    </trkpt>
    <trkpt lat="50.8282145" lon="6.8616992">
      <ele>101.2</ele>
      <time>2021-07-08T09:19:19Z</time>
    </trkpt>
    <trkpt lat="50.8283550" lon="6.8619189">
      <ele>101.4</ele>
      <time>2021-07-08T09:19:24Z</time>
    </trkpt>
    <trkpt lat="50.8284878" lon="6.8621508">
      <ele>101.6</ele>
      <time>2021-07-08T09:19:30Z</time>
    </trkpt>
    <trkpt lat="50.8285287" lon="6.8622031">
      <ele>101.8</ele>
      <time>2021-07-08T09:19:31Z</time>
    </trkpt>
    <trkpt lat="50.8286388" lon="6.8623318">
      <ele>101.8</ele>
      <time>2021-07-08T09:19:34Z</time>
    </trkpt>
    <trkpt lat="50.8288853" lon="6.8625743">
      <ele>101.8</ele>
      <time>2021-07-08T09:19:40Z</time>
    </trkpt>
    <trkpt lat="50.8290769" lon="6.8627403">
      <ele>101.6</ele>
      <time>2021-07-08T09:19:45Z</time>
    </trkpt>
    <trkpt lat="50.8291231" lon="6.8627727">
      <ele>101.6</ele>
      <time>2021-07-08T09:19:46Z</time>
    </trkpt>
    <trkpt lat="50.8293534" lon="6.8629026">
      <ele>101.4</ele>
      <time>2021-07-08T09:19:51Z</time>
    </trkpt>
    <trkpt lat="50.8295385" lon="6.8629940">
      <ele>101.0</ele>
      <time>2021-07-08T09:19:55Z</time>
    </trkpt>
    <trkpt lat="50.8296290" lon="6.8630416">
      <ele>101.0</ele>
      <time>2021-07-08T09:19:57Z</time>
    </trkpt>
    <trkpt lat="50.8296709" lon="6.8630658">
      <ele>101.0</ele>
      <time>2021-07-08T09:19:58Z</time>
    </trkpt>
    <trkpt lat="50.8298305" lon="6.8631479">
      <ele>100.8</ele>
      <time>2021-07-08T09:20:02Z</time>
    </trkpt>
    <trkpt lat="50.8299282" lon="6.8631756">
      <ele>100.6</ele>
      <time>2021-07-08T09:20:04Z</time>
    </trkpt>
    <trkpt lat="50.8302423" lon="6.8632477">
      <ele>100.8</ele>
      <time>2021-07-08T09:20:10Z</time>
    </trkpt>
    <trkpt lat="50.8306534" lon="6.8633405">
      <ele>101.0</ele>
      <time>2021-07-08T09:20:18Z</time>
    </trkpt>
    <trkpt lat="50.8307868" lon="6.8633519">
      <ele>101.2</ele>
      <time>2021-07-08T09:20:21Z</time>
    </trkpt>
    <trkpt lat="50.8308208" lon="6.8633603">
      <ele>101.2</ele>
      <time>2021-07-08T09:20:22Z</time>
    </trkpt>
    <trkpt lat="50.8309093" lon="6.8633927">
      <ele>101.2</ele>
      <time>2021-07-08T09:20:24Z</time>
    </trkpt>
    <trkpt lat="50.8310294" lon="6.8634069">
      <ele>101.4</ele>
      <time>2021-07-08T09:20:27Z</time>
    </trkpt>
    <trkpt lat="50.8310683" lon="6.8634085">
      <ele>101.4</ele>
      <time>2021-07-08T09:20:28Z</time>
    </trkpt>
    <trkpt lat="50.8312660" lon="6.8633959">
      <ele>101.4</ele>
      <time>2021-07-08T09:20:33Z</time>
    </trkpt>
    <trkpt lat="50.8314064" lon="6.8634083">
      <ele>101.4</ele>
      <time>2021-07-08T09:20:37Z</time>
    </trkpt>
    <trkpt lat="50.8316227" lon="6.8634155">
      <ele>101.2</ele>
      <time>2021-07-08T09:20:41Z</time>
    </trkpt>
    <trkpt lat="50.8316796" lon="6.8634203">
      <ele>101.2</ele>
      <time>2021-07-08T09:20:42Z</time>
    </trkpt>
    <trkpt lat="50.8318321" lon="6.8634628">
      <ele>100.8</ele>
      <time>2021-07-08T09:20:45Z</time>
    </trkpt>
    <trkpt lat="50.8318775" lon="6.8634648">
      <ele>100.6</ele>
      <time>2021-07-08T09:20:46Z</time>
    </trkpt>
    <trkpt lat="50.8321228" lon="6.8635317">
      <ele>100.8</ele>
      <time>2021-07-08T09:20:52Z</time>
    </trkpt>
    <trkpt lat="50.8322650" lon="6.8636092">
      <ele>101.0</ele>
      <time>2021-07-08T09:20:56Z</time>
    </trkpt>
    <trkpt lat="50.8324144" lon="6.8636897">
      <ele>100.6</ele>
      <time>2021-07-08T09:21:01Z</time>
    </trkpt>
    <trkpt lat="50.8324242" lon="6.8636927">
      <ele>100.0</ele>
      <time>2021-07-08T09:21:05Z</time>
    </trkpt>
    <trkpt lat="50.8325858" lon="6.8637520">
      <ele>98.4</ele>
      <time>2021-07-08T09:28:25Z</time>
    </trkpt>
    <trkpt lat="50.8326405" lon="6.8637462">
      <ele>98.4</ele>
      <time>2021-07-08T09:28:27Z</time>
    </trkpt>
    <trkpt lat="50.8328234" lon="6.8637585">
      <ele>97.4</ele>
      <time>2021-07-08T09:28:32Z</time>
    </trkpt>
    <trkpt lat="50.8328516" lon="6.8637644">
      <ele>97.2</ele>
      <time>2021-07-08T09:28:33Z</time>
    </trkpt>
    <trkpt lat="50.8329118" lon="6.8637661">
      <ele>97.0</ele>
      <time>2021-07-08T09:28:35Z</time>
    </trkpt>
    <trkpt lat="50.8329686" lon="6.8637586">
      <ele>97.0</ele>
      <time>2021-07-08T09:28:37Z</time>
    </trkpt>
    <trkpt lat="50.8330652" lon="6.8637404">
      <ele>96.6</ele>
      <time>2021-07-08T09:28:41Z</time>
    </trkpt>
    <trkpt lat="50.8332804" lon="6.8636583">
      <ele>96.6</ele>
      <time>2021-07-08T09:28:48Z</time>
    </trkpt>
    <trkpt lat="50.8335107" lon="6.8636031">
      <ele>97.0</ele>
      <time>2021-07-08T09:28:54Z</time>
    </trkpt>
    <trkpt lat="50.8336837" lon="6.8635598">
      <ele>97.0</ele>
      <time>2021-07-08T09:28:59Z</time>
    </trkpt>
    <trkpt lat="50.8339191" lon="6.8635732">
      <ele>97.2</ele>
      <time>2021-07-08T09:29:06Z</time>
    </trkpt>
    <trkpt lat="50.8341349" lon="6.8636787">
      <ele>97.8</ele>
      <time>2021-07-08T09:29:11Z</time>
    </trkpt>
    <trkpt lat="50.8342922" lon="6.8639753">
      <ele>98.0</ele>
      <time>2021-07-08T09:29:17Z</time>
    </trkpt>
    <trkpt lat="50.8343272" lon="6.8641095">
      <ele>98.2</ele>
      <time>2021-07-08T09:29:20Z</time>
    </trkpt>
    <trkpt lat="50.8343422" lon="6.8641532">
      <ele>98.2</ele>
      <time>2021-07-08T09:29:21Z</time>
    </trkpt>
    <trkpt lat="50.8343547" lon="6.8642279">
      <ele>98.4</ele>
      <time>2021-07-08T09:29:23Z</time>
    </trkpt>
    <trkpt lat="50.8343309" lon="6.8643093">
      <ele>98.6</ele>
      <time>2021-07-08T09:29:25Z</time>
    </trkpt>
    <trkpt lat="50.8343063" lon="6.8644065">
      <ele>98.8</ele>
      <time>2021-07-08T09:29:27Z</time>
    </trkpt>
    <trkpt lat="50.8342776" lon="6.8644923">
      <ele>98.8</ele>
      <time>2021-07-08T09:29:29Z</time>
    </trkpt>
    <trkpt lat="50.8342430" lon="6.8647068">
      <ele>99.0</ele>
      <time>2021-07-08T09:29:33Z</time>
    </trkpt>
    <trkpt lat="50.8342480" lon="6.8648725">
      <ele>99.0</ele>
      <time>2021-07-08T09:29:36Z</time>
    </trkpt>
    <trkpt lat="50.8342432" lon="6.8649292">
      <ele>99.0</ele>
      <time>2021-07-08T09:29:37Z</time>
    </trkpt>
    <trkpt lat="50.8342263" lon="6.8650580">
      <ele>98.6</ele>
      <time>2021-07-08T09:29:39Z</time>
    </trkpt>
    <trkpt lat="50.8342105" lon="6.8653249">
      <ele>97.8</ele>
      <time>2021-07-08T09:29:43Z</time>
    </trkpt>
    <trkpt lat="50.8341977" lon="6.8654003">
      <ele>97.8</ele>
      <time>2021-07-08T09:29:44Z</time>
    </trkpt>
    <trkpt lat="50.8341597" lon="6.8656516">
      <ele>97.8</ele>
      <time>2021-07-08T09:29:47Z</time>
    </trkpt>
    <trkpt lat="50.8341336" lon="6.8656986">
      <ele>97.8</ele>
      <time>2021-07-08T09:29:48Z</time>
    </trkpt>
    <trkpt lat="50.8340952" lon="6.8657987">
      <ele>97.6</ele>
      <time>2021-07-08T09:29:50Z</time>
    </trkpt>
    <trkpt lat="50.8340012" lon="6.8660234">
      <ele>97.6</ele>
      <time>2021-07-08T09:29:54Z</time>
    </trkpt>
    <trkpt lat="50.8339813" lon="6.8660505">
      <ele>97.6</ele>
      <time>2021-07-08T09:29:55Z</time>
    </trkpt>
    <trkpt lat="50.8338603" lon="6.8662468">
      <ele>97.6</ele>
      <time>2021-07-08T09:30:00Z</time>
    </trkpt>
    <trkpt lat="50.8336649" lon="6.8664088">
      <ele>97.6</ele>
      <time>2021-07-08T09:30:05Z</time>
    </trkpt>
    <trkpt lat="50.8334786" lon="6.8665111">
      <ele>98.0</ele>
      <time>2021-07-08T09:30:09Z</time>
    </trkpt>
    <trkpt lat="50.8332529" lon="6.8666404">
      <ele>98.0</ele>
      <time>2021-07-08T09:30:16Z</time>
    </trkpt>
    <trkpt lat="50.8330579" lon="6.8668125">
      <ele>97.8</ele>
      <time>2021-07-08T09:30:22Z</time>
    </trkpt>
    <trkpt lat="50.8329143" lon="6.8670281">
      <ele>97.6</ele>
      <time>2021-07-08T09:30:27Z</time>
    </trkpt>
    <trkpt lat="50.8327035" lon="6.8673136">
      <ele>97.6</ele>
      <time>2021-07-08T09:30:33Z</time>
    </trkpt>
    <trkpt lat="50.8325957" lon="6.8675466">
      <ele>98.2</ele>
      <time>2021-07-08T09:30:37Z</time>
    </trkpt>
    <trkpt lat="50.8325549" lon="6.8676116">
      <ele>98.2</ele>
      <time>2021-07-08T09:30:38Z</time>
    </trkpt>
    <trkpt lat="50.8323848" lon="6.8679290">
      <ele>99.0</ele>
      <time>2021-07-08T09:30:45Z</time>
    </trkpt>
    <trkpt lat="50.8321582" lon="6.8682638">
      <ele>99.2</ele>
      <time>2021-07-08T09:30:51Z</time>
    </trkpt>
    <trkpt lat="50.8321278" lon="6.8683109">
      <ele>99.2</ele>
      <time>2021-07-08T09:30:52Z</time>
    </trkpt>
    <trkpt lat="50.8318631" lon="6.8686765">
      <ele>99.6</ele>
      <time>2021-07-08T09:30:59Z</time>
    </trkpt>
    <trkpt lat="50.8316789" lon="6.8689028">
      <ele>99.6</ele>
      <time>2021-07-08T09:31:04Z</time>
    </trkpt>
    <trkpt lat="50.8314992" lon="6.8691085">
      <ele>99.8</ele>
      <time>2021-07-08T09:31:09Z</time>
    </trkpt>
    <trkpt lat="50.8312106" lon="6.8694056">
      <ele>99.8</ele>
      <time>2021-07-08T09:31:15Z</time>
    </trkpt>
    <trkpt lat="50.8310131" lon="6.8696099">
      <ele>100.0</ele>
      <time>2021-07-08T09:31:21Z</time>
    </trkpt>
    <trkpt lat="50.8308811" lon="6.8697283">
      <ele>100.4</ele>
      <time>2021-07-08T09:31:24Z</time>
    </trkpt>
    <trkpt lat="50.8308098" lon="6.8698090">
      <ele>100.4</ele>
      <time>2021-07-08T09:31:26Z</time>
    </trkpt>
    <trkpt lat="50.8307689" lon="6.8698526">
      <ele>100.4</ele>
      <time>2021-07-08T09:31:28Z</time>
    </trkpt>
    <trkpt lat="50.8307531" lon="6.8699204">
      <ele>100.6</ele>
      <time>2021-07-08T09:31:30Z</time>
    </trkpt>
    <trkpt lat="50.8308326" lon="6.8702782">
      <ele>100.6</ele>
      <time>2021-07-08T09:31:36Z</time>
    </trkpt>
    <trkpt lat="50.8308781" lon="6.8705161">
      <ele>100.8</ele>
      <time>2021-07-08T09:31:40Z</time>
    </trkpt>
    <trkpt lat="50.8309742" lon="6.8709813">
      <ele>101.0</ele>
      <time>2021-07-08T09:31:47Z</time>
    </trkpt>
    <trkpt lat="50.8310030" lon="6.8712846">
      <ele>101.0</ele>
      <time>2021-07-08T09:31:51Z</time>
    </trkpt>
    <trkpt lat="50.8310127" lon="6.8714304">
      <ele>101.0</ele>
      <time>2021-07-08T09:31:53Z</time>
    </trkpt>
    <trkpt lat="50.8310140" lon="6.8715108">
      <ele>101.0</ele>
      <time>2021-07-08T09:31:54Z</time>
    </trkpt>
    <trkpt lat="50.8310492" lon="6.8717796">
      <ele>100.8</ele>
      <time>2021-07-08T09:31:59Z</time>
    </trkpt>
    <trkpt lat="50.8311004" lon="6.8720130">
      <ele>100.4</ele>
      <time>2021-07-08T09:32:03Z</time>
    </trkpt>
    <trkpt lat="50.8311617" lon="6.8723539">
      <ele>100.2</ele>
      <time>2021-07-08T09:32:07Z</time>
    </trkpt>
    <trkpt lat="50.8311733" lon="6.8724108">
      <ele>100.2</ele>
      <time>2021-07-08T09:32:08Z</time>
    </trkpt>
    <trkpt lat="50.8312710" lon="6.8728456">
      <ele>99.8</ele>
      <time>2021-07-08T09:32:14Z</time>
    </trkpt>
    <trkpt lat="50.8313119" lon="6.8731367">
      <ele>99.6</ele>
      <time>2021-07-08T09:32:18Z</time>
    </trkpt>
    <trkpt lat="50.8313788" lon="6.8733922">
      <ele>99.4</ele>
      <time>2021-07-08T09:32:22Z</time>
    </trkpt>
    <trkpt lat="50.8313989" lon="6.8734898">
      <ele>99.4</ele>
      <time>2021-07-08T09:32:23Z</time>
    </trkpt>
    <trkpt lat="50.8314138" lon="6.8735789">
      <ele>99.2</ele>
      <time>2021-07-08T09:32:24Z</time>
    </trkpt>
    <trkpt lat="50.8314743" lon="6.8737710">
      <ele>99.2</ele>
      <time>2021-07-08T09:32:26Z</time>
    </trkpt>
    <trkpt lat="50.8315274" lon="6.8741211">
      <ele>99.0</ele>
      <time>2021-07-08T09:32:31Z</time>
    </trkpt>
    <trkpt lat="50.8315862" lon="6.8744537">
      <ele>98.8</ele>
      <time>2021-07-08T09:32:35Z</time>
    </trkpt>
    <trkpt lat="50.8316016" lon="6.8745380">
      <ele>98.6</ele>
      <time>2021-07-08T09:32:36Z</time>
    </trkpt>
    <trkpt lat="50.8315900" lon="6.8747326">
      <ele>98.4</ele>
      <time>2021-07-08T09:32:38Z</time>
    </trkpt>
    <trkpt lat="50.8315869" lon="6.8748312">
      <ele>98.4</ele>
      <time>2021-07-08T09:32:39Z</time>
    </trkpt>
    <trkpt lat="50.8315692" lon="6.8753299">
      <ele>97.4</ele>
      <time>2021-07-08T09:32:45Z</time>
    </trkpt>
    <trkpt lat="50.8315373" lon="6.8756095">
      <ele>97.2</ele>
      <time>2021-07-08T09:32:49Z</time>
    </trkpt>
    <trkpt lat="50.8315260" lon="6.8756920">
      <ele>97.2</ele>
      <time>2021-07-08T09:32:50Z</time>
    </trkpt>
    <trkpt lat="50.8315210" lon="6.8757432">
      <ele>97.2</ele>
      <time>2021-07-08T09:32:51Z</time>
    </trkpt>
    <trkpt lat="50.8315289" lon="6.8758499">
      <ele>96.6</ele>
      <time>2021-07-08T09:32:54Z</time>
    </trkpt>
    <trkpt lat="50.8315367" lon="6.8758657">
      <ele>96.6</ele>
      <time>2021-07-08T09:32:55Z</time>
    </trkpt>
    <trkpt lat="50.8315526" lon="6.8758898">
      <ele>96.4</ele>
      <time>2021-07-08T09:32:57Z</time>
    </trkpt>
    <trkpt lat="50.8315655" lon="6.8759030">
      <ele>96.2</ele>
      <time>2021-07-08T09:32:58Z</time>
    </trkpt>
    <trkpt lat="50.8315769" lon="6.8759114">
      <ele>96.2</ele>
      <time>2021-07-08T09:32:59Z</time>
    </trkpt>
    <trkpt lat="50.8315931" lon="6.8759967">
      <ele>95.6</ele>
      <time>2021-07-08T09:33:03Z</time>
    </trkpt>
    <trkpt lat="50.8316077" lon="6.8760212">
      <ele>95.6</ele>
      <time>2021-07-08T09:33:04Z</time>
    </trkpt>
    <trkpt lat="50.8316450" lon="6.8760614">
      <ele>95.4</ele>
      <time>2021-07-08T09:33:06Z</time>
    </trkpt>
    <trkpt lat="50.8316572" lon="6.8760869">
      <ele>95.4</ele>
      <time>2021-07-08T09:33:07Z</time>
    </trkpt>
    <trkpt lat="50.8316821" lon="6.8761791">
      <ele>95.0</ele>
      <time>2021-07-08T09:33:11Z</time>
    </trkpt>
    <trkpt lat="50.8317111" lon="6.8761963">
      <ele>94.8</ele>
      <time>2021-07-08T09:33:13Z</time>
    </trkpt>
    <trkpt lat="50.8317225" lon="6.8762109">
      <ele>94.8</ele>
      <time>2021-07-08T09:33:14Z</time>
    </trkpt>
    <trkpt lat="50.8317641" lon="6.8762855">
      <ele>94.6</ele>
      <time>2021-07-08T09:33:18Z</time>
    </trkpt>
    <trkpt lat="50.8317728" lon="6.8762947">
      <ele>94.6</ele>
      <time>2021-07-08T09:33:19Z</time>
    </trkpt>
    <trkpt lat="50.8318493" lon="6.8763323">
      <ele>94.4</ele>
      <time>2021-07-08T09:33:23Z</time>
    </trkpt>
    <trkpt lat="50.8319893" lon="6.8764618">
      <ele>94.4</ele>
      <time>2021-07-08T09:33:29Z</time>
    </trkpt>
    <trkpt lat="50.8320140" lon="6.8764873">
      <ele>94.4</ele>
      <time>2021-07-08T09:33:30Z</time>
    </trkpt>
    <trkpt lat="50.8320862" lon="6.8765722">
      <ele>94.8</ele>
      <time>2021-07-08T09:33:34Z</time>
    </trkpt>
    <trkpt lat="50.8321406" lon="6.8767928">
      <ele>95.4</ele>
      <time>2021-07-08T09:33:39Z</time>
    </trkpt>
    <trkpt lat="50.8321293" lon="6.8769118">
      <ele>95.4</ele>
      <time>2021-07-08T09:33:41Z</time>
    </trkpt>
    <trkpt lat="50.8321039" lon="6.8769727">
      <ele>95.4</ele>
      <time>2021-07-08T09:33:42Z</time>
    </trkpt>
    <trkpt lat="50.8320060" lon="6.8771510">
      <ele>95.2</ele>
      <time>2021-07-08T09:33:45Z</time>
    </trkpt>
    <trkpt lat="50.8319610" lon="6.8772076">
      <ele>94.8</ele>
      <time>2021-07-08T09:33:46Z</time>
    </trkpt>
    <trkpt lat="50.8318845" lon="6.8773091">
      <ele>94.6</ele>
      <time>2021-07-08T09:33:48Z</time>
    </trkpt>
    <trkpt lat="50.8318025" lon="6.8773928">
      <ele>94.8</ele>
      <time>2021-07-08T09:33:50Z</time>
    </trkpt>
    <trkpt lat="50.8317561" lon="6.8774318">
      <ele>94.8</ele>
      <time>2021-07-08T09:33:51Z</time>
    </trkpt>
    <trkpt lat="50.8317235" lon="6.8774670">
      <ele>94.8</ele>
      <time>2021-07-08T09:33:52Z</time>
    </trkpt>
    <trkpt lat="50.8316702" lon="6.8775396">
      <ele>94.8</ele>
      <time>2021-07-08T09:33:54Z</time>
    </trkpt>
    <trkpt lat="50.8315624" lon="6.8776914">
      <ele>95.2</ele>
      <time>2021-07-08T09:33:58Z</time>
    </trkpt>
    <trkpt lat="50.8313915" lon="6.8778555">
      <ele>95.6</ele>
      <time>2021-07-08T09:34:02Z</time>
    </trkpt>
    <trkpt lat="50.8312817" lon="6.8779120">
      <ele>95.8</ele>
      <time>2021-07-08T09:34:04Z</time>
    </trkpt>
    <trkpt lat="50.8312003" lon="6.8779739">
      <ele>96.0</ele>
      <time>2021-07-08T09:34:06Z</time>
    </trkpt>
    <trkpt lat="50.8311589" lon="6.8779982">
      <ele>96.0</ele>
      <time>2021-07-08T09:34:07Z</time>
    </trkpt>
    <trkpt lat="50.8309964" lon="6.8780871">
      <ele>96.2</ele>
      <time>2021-07-08T09:34:11Z</time>
    </trkpt>
    <trkpt lat="50.8309326" lon="6.8781241">
      <ele>96.2</ele>
      <time>2021-07-08T09:34:13Z</time>
    </trkpt>
    <trkpt lat="50.8308884" lon="6.8781412">
      <ele>96.2</ele>
      <time>2021-07-08T09:34:14Z</time>
    </trkpt>
    <trkpt lat="50.8308535" lon="6.8781524">
      <ele>96.2</ele>
      <time>2021-07-08T09:34:15Z</time>
    </trkpt>
    <trkpt lat="50.8307673" lon="6.8781517">
      <ele>96.2</ele>
      <time>2021-07-08T09:34:17Z</time>
    </trkpt>
    <trkpt lat="50.8306641" lon="6.8781359">
      <ele>96.0</ele>
      <time>2021-07-08T09:34:19Z</time>
    </trkpt>
    <trkpt lat="50.8305487" lon="6.8781227">
      <ele>96.0</ele>
      <time>2021-07-08T09:34:21Z</time>
    </trkpt>
    <trkpt lat="50.8303499" lon="6.8781251">
      <ele>95.4</ele>
      <time>2021-07-08T09:34:25Z</time>
    </trkpt>
    <trkpt lat="50.8302732" lon="6.8780919">
      <ele>95.4</ele>
      <time>2021-07-08T09:34:27Z</time>
    </trkpt>
    <trkpt lat="50.8301910" lon="6.8780634">
      <ele>95.0</ele>
      <time>2021-07-08T09:34:29Z</time>
    </trkpt>
    <trkpt lat="50.8300214" lon="6.8780263">
      <ele>95.0</ele>
      <time>2021-07-08T09:34:34Z</time>
    </trkpt>
    <trkpt lat="50.8298887" lon="6.8778784">
      <ele>95.6</ele>
      <time>2021-07-08T09:34:39Z</time>
    </trkpt>
    <trkpt lat="50.8298133" lon="6.8778981">
      <ele>96.4</ele>
      <time>2021-07-08T09:34:44Z</time>
    </trkpt>
    <trkpt lat="50.8297882" lon="6.8778999">
      <ele>96.6</ele>
      <time>2021-07-08T09:34:46Z</time>
    </trkpt>
    <trkpt lat="50.8297607" lon="6.8778973">
      <ele>97.2</ele>
      <time>2021-07-08T09:34:48Z</time>
    </trkpt>
    <trkpt lat="50.8297307" lon="6.8779089">
      <ele>97.4</ele>
      <time>2021-07-08T09:34:50Z</time>
    </trkpt>
    <trkpt lat="50.8296851" lon="6.8779366">
      <ele>97.8</ele>
      <time>2021-07-08T09:34:52Z</time>
    </trkpt>
    <trkpt lat="50.8295790" lon="6.8779888">
      <ele>98.4</ele>
      <time>2021-07-08T09:34:56Z</time>
    </trkpt>
    <trkpt lat="50.8295242" lon="6.8780255">
      <ele>98.8</ele>
      <time>2021-07-08T09:34:59Z</time>
    </trkpt>
    <trkpt lat="50.8295024" lon="6.8780576">
      <ele>99.0</ele>
      <time>2021-07-08T09:35:00Z</time>
    </trkpt>
    <trkpt lat="50.8294911" lon="6.8781200">
      <ele>99.4</ele>
      <time>2021-07-08T09:35:02Z</time>
    </trkpt>
    <trkpt lat="50.8295061" lon="6.8783628">
      <ele>99.4</ele>
      <time>2021-07-08T09:35:07Z</time>
    </trkpt>
    <trkpt lat="50.8296197" lon="6.8786689">
      <ele>100.0</ele>
      <time>2021-07-08T09:35:14Z</time>
    </trkpt>
    <trkpt lat="50.8296632" lon="6.8789538">
      <ele>101.0</ele>
      <time>2021-07-08T09:35:20Z</time>
    </trkpt>
    <trkpt lat="50.8297134" lon="6.8791341">
      <ele>102.0</ele>
      <time>2021-07-08T09:35:24Z</time>
    </trkpt>
    <trkpt lat="50.8297232" lon="6.8791706">
      <ele>102.2</ele>
      <time>2021-07-08T09:35:25Z</time>
    </trkpt>
    <trkpt lat="50.8297131" lon="6.8793149">
      <ele>102.6</ele>
      <time>2021-07-08T09:35:28Z</time>
    </trkpt>
    <trkpt lat="50.8295640" lon="6.8793849">
      <ele>102.8</ele>
      <time>2021-07-08T09:35:32Z</time>
    </trkpt>
    <trkpt lat="50.8293951" lon="6.8794583">
      <ele>102.8</ele>
      <time>2021-07-08T09:35:35Z</time>
    </trkpt>
    <trkpt lat="50.8292697" lon="6.8795158">
      <ele>102.6</ele>
      <time>2021-07-08T09:35:37Z</time>
    </trkpt>
    <trkpt lat="50.8288429" lon="6.8797318">
      <ele>100.8</ele>
      <time>2021-07-08T09:35:43Z</time>
    </trkpt>
    <trkpt lat="50.8285273" lon="6.8798809">
      <ele>99.4</ele>
      <time>2021-07-08T09:35:47Z</time>
    </trkpt>
    <trkpt lat="50.8282226" lon="6.8800167">
      <ele>98.6</ele>
      <time>2021-07-08T09:35:51Z</time>
    </trkpt>
    <trkpt lat="50.8280752" lon="6.8800764">
      <ele>98.6</ele>
      <time>2021-07-08T09:35:53Z</time>
    </trkpt>
    <trkpt lat="50.8276452" lon="6.8802509">
      <ele>98.6</ele>
      <time>2021-07-08T09:35:59Z</time>
    </trkpt>
    <trkpt lat="50.8270889" lon="6.8804868">
      <ele>98.6</ele>
      <time>2021-07-08T09:36:07Z</time>
    </trkpt>
    <trkpt lat="50.8269454" lon="6.8805484">
      <ele>98.6</ele>
      <time>2021-07-08T09:36:09Z</time>
    </trkpt>
    <trkpt lat="50.8263844" lon="6.8807603">
      <ele>97.8</ele>
      <time>2021-07-08T09:36:17Z</time>
    </trkpt>
    <trkpt lat="50.8262715" lon="6.8807963">
      <ele>97.2</ele>
      <time>2021-07-08T09:36:19Z</time>
    </trkpt>
    <trkpt lat="50.8261933" lon="6.8808207">
      <ele>96.8</ele>
      <time>2021-07-08T09:36:21Z</time>
    </trkpt>
    <trkpt lat="50.8261358" lon="6.8808421">
      <ele>96.0</ele>
      <time>2021-07-08T09:36:23Z</time>
    </trkpt>
    <trkpt lat="50.8261187" lon="6.8808452">
      <ele>95.8</ele>
      <time>2021-07-08T09:36:24Z</time>
    </trkpt>
    <trkpt lat="50.8261051" lon="6.8808371">
      <ele>95.4</ele>
      <time>2021-07-08T09:36:25Z</time>
    </trkpt>
    <trkpt lat="50.8260953" lon="6.8808184">
      <ele>95.4</ele>
      <time>2021-07-08T09:36:26Z</time>
    </trkpt>
    <trkpt lat="50.8260727" lon="6.8807644">
      <ele>95.0</ele>
      <time>2021-07-08T09:36:28Z</time>
    </trkpt>
    <trkpt lat="50.8260556" lon="6.8807422">
      <ele>95.0</ele>
      <time>2021-07-08T09:36:29Z</time>
    </trkpt>
    <trkpt lat="50.8260328" lon="6.8807337">
      <ele>94.8</ele>
      <time>2021-07-08T09:36:30Z</time>
    </trkpt>
    <trkpt lat="50.8260099" lon="6.8807839">
      <ele>94.8</ele>
      <time>2021-07-08T09:36:32Z</time>
    </trkpt>
    <trkpt lat="50.8260433" lon="6.8809608">
      <ele>94.6</ele>
      <time>2021-07-08T09:36:35Z</time>
    </trkpt>
    <trkpt lat="50.8260801" lon="6.8811154">
      <ele>94.6</ele>
      <time>2021-07-08T09:36:37Z</time>
    </trkpt>
    <trkpt lat="50.8261197" lon="6.8812985">
      <ele>94.6</ele>
      <time>2021-07-08T09:36:39Z</time>
    </trkpt>
    <trkpt lat="50.8262050" lon="6.8816197">
      <ele>94.4</ele>
      <time>2021-07-08T09:36:42Z</time>
    </trkpt>
    <trkpt lat="50.8262321" lon="6.8817331">
      <ele>94.2</ele>
      <time>2021-07-08T09:36:43Z</time>
    </trkpt>
    <trkpt lat="50.8263267" lon="6.8820873">
      <ele>93.8</ele>
      <time>2021-07-08T09:36:46Z</time>
    </trkpt>
    <trkpt lat="50.8264307" lon="6.8824571">
      <ele>93.4</ele>
      <time>2021-07-08T09:36:49Z</time>
    </trkpt>
    <trkpt lat="50.8265047" lon="6.8827073">
      <ele>92.6</ele>
      <time>2021-07-08T09:36:51Z</time>
    </trkpt>
    <trkpt lat="50.8266225" lon="6.8830851">
      <ele>91.4</ele>
      <time>2021-07-08T09:36:54Z</time>
    </trkpt>
    <trkpt lat="50.8267092" lon="6.8833379">
      <ele>90.8</ele>
      <time>2021-07-08T09:36:56Z</time>
    </trkpt>
    <trkpt lat="50.8268496" lon="6.8837202">
      <ele>90.2</ele>
      <time>2021-07-08T09:36:59Z</time>
    </trkpt>
    <trkpt lat="50.8270495" lon="6.8842358">
      <ele>88.6</ele>
      <time>2021-07-08T09:37:03Z</time>
    </trkpt>
    <trkpt lat="50.8270985" lon="6.8843624">
      <ele>88.2</ele>
      <time>2021-07-08T09:37:04Z</time>
    </trkpt>
    <trkpt lat="50.8271998" lon="6.8846177">
      <ele>87.6</ele>
      <time>2021-07-08T09:37:06Z</time>
    </trkpt>
    <trkpt lat="50.8273474" lon="6.8850167">
      <ele>86.4</ele>
      <time>2021-07-08T09:37:09Z</time>
    </trkpt>
    <trkpt lat="50.8274957" lon="6.8854261">
      <ele>85.6</ele>
      <time>2021-07-08T09:37:12Z</time>
    </trkpt>
    <trkpt lat="50.8276026" lon="6.8858703">
      <ele>84.2</ele>
      <time>2021-07-08T09:37:15Z</time>
    </trkpt>
    <trkpt lat="50.8276548" lon="6.8861871">
      <ele>83.0</ele>
      <time>2021-07-08T09:37:17Z</time>
    </trkpt>
    <trkpt lat="50.8277183" lon="6.8868696">
      <ele>81.8</ele>
      <time>2021-07-08T09:37:21Z</time>
    </trkpt>
    <trkpt lat="50.8277868" lon="6.8873737">
      <ele>80.4</ele>
      <time>2021-07-08T09:37:24Z</time>
    </trkpt>
    <trkpt lat="50.8278556" lon="6.8876879">
      <ele>79.2</ele>
      <time>2021-07-08T09:37:26Z</time>
    </trkpt>
    <trkpt lat="50.8280047" lon="6.8883087">
      <ele>78.0</ele>
      <time>2021-07-08T09:37:30Z</time>
    </trkpt>
    <trkpt lat="50.8281395" lon="6.8887510">
      <ele>76.6</ele>
      <time>2021-07-08T09:37:33Z</time>
    </trkpt>
    <trkpt lat="50.8281830" lon="6.8888972">
      <ele>76.6</ele>
      <time>2021-07-08T09:37:34Z</time>
    </trkpt>
    <trkpt lat="50.8282487" lon="6.8892042">
      <ele>76.0</ele>
      <time>2021-07-08T09:37:36Z</time>
    </trkpt>
    <trkpt lat="50.8282616" lon="6.8893590">
      <ele>75.8</ele>
      <time>2021-07-08T09:37:37Z</time>
    </trkpt>
    <trkpt lat="50.8282633" lon="6.8896725">
      <ele>75.4</ele>
      <time>2021-07-08T09:37:39Z</time>
    </trkpt>
    <trkpt lat="50.8282530" lon="6.8901340">
      <ele>74.6</ele>
      <time>2021-07-08T09:37:42Z</time>
    </trkpt>
    <trkpt lat="50.8282406" lon="6.8904282">
      <ele>74.0</ele>
      <time>2021-07-08T09:37:44Z</time>
    </trkpt>
    <trkpt lat="50.8281970" lon="6.8911451">
      <ele>73.2</ele>
      <time>2021-07-08T09:37:49Z</time>
    </trkpt>
    <trkpt lat="50.8281471" lon="6.8920069">
      <ele>72.6</ele>
      <time>2021-07-08T09:37:55Z</time>
    </trkpt>
    <trkpt lat="50.8281467" lon="6.8921628">
      <ele>72.6</ele>
      <time>2021-07-08T09:37:56Z</time>
    </trkpt>
    <trkpt lat="50.8281558" lon="6.8927775">
      <ele>72.0</ele>
      <time>2021-07-08T09:38:00Z</time>
    </trkpt>
    <trkpt lat="50.8281788" lon="6.8932217">
      <ele>71.8</ele>
      <time>2021-07-08T09:38:03Z</time>
    </trkpt>
    <trkpt lat="50.8281935" lon="6.8939191">
      <ele>71.0</ele>
      <time>2021-07-08T09:38:08Z</time>
    </trkpt>
    <trkpt lat="50.8281892" lon="6.8940393">
      <ele>70.8</ele>
      <time>2021-07-08T09:38:09Z</time>
    </trkpt>
    <trkpt lat="50.8281887" lon="6.8941584">
      <ele>70.6</ele>
      <time>2021-07-08T09:38:10Z</time>
    </trkpt>
    <trkpt lat="50.8281879" lon="6.8946003">
      <ele>70.6</ele>
      <time>2021-07-08T09:38:15Z</time>
    </trkpt>
    <trkpt lat="50.8281837" lon="6.8946743">
      <ele>70.6</ele>
      <time>2021-07-08T09:38:18Z</time>
    </trkpt>
    <trkpt lat="50.8281771" lon="6.8946833">
      <ele>70.6</ele>
      <time>2021-07-08T09:38:19Z</time>
    </trkpt>
    <trkpt lat="50.8281747" lon="6.8946925">
      <ele>70.8</ele>
      <time>2021-07-08T09:38:23Z</time>
    </trkpt>
    <trkpt lat="50.8281561" lon="6.8947648">
      <ele>70.4</ele>
      <time>2021-07-08T09:39:16Z</time>
    </trkpt>
    <trkpt lat="50.8281508" lon="6.8948898">
      <ele>70.4</ele>
      <time>2021-07-08T09:39:18Z</time>
    </trkpt>
    <trkpt lat="50.8281335" lon="6.8951080">
      <ele>70.4</ele>
      <time>2021-07-08T09:39:21Z</time>
    </trkpt>
    <trkpt lat="50.8281128" lon="6.8952948">
      <ele>70.2</ele>
      <time>2021-07-08T09:39:23Z</time>
    </trkpt>
    <trkpt lat="50.8280993" lon="6.8955141">
      <ele>70.2</ele>
      <time>2021-07-08T09:39:25Z</time>
    </trkpt>
    <trkpt lat="50.8281072" lon="6.8957302">
      <ele>70.0</ele>
      <time>2021-07-08T09:39:27Z</time>
    </trkpt>
    <trkpt lat="50.8281094" lon="6.8958753">
      <ele>69.8</ele>
      <time>2021-07-08T09:39:29Z</time>
    </trkpt>
    <trkpt lat="50.8281068" lon="6.8959196">
      <ele>69.6</ele>
      <time>2021-07-08T09:39:30Z</time>
    </trkpt>
    <trkpt lat="50.8281174" lon="6.8959764">
      <ele>69.4</ele>
      <time>2021-07-08T09:39:32Z</time>
    </trkpt>
    <trkpt lat="50.8281507" lon="6.8959881">
      <ele>69.4</ele>
      <time>2021-07-08T09:39:33Z</time>
    </trkpt>
    <trkpt lat="50.8283073" lon="6.8960072">
      <ele>69.2</ele>
      <time>2021-07-08T09:39:36Z</time>
    </trkpt>
    <trkpt lat="50.8284015" lon="6.8960765">
      <ele>69.0</ele>
      <time>2021-07-08T09:39:38Z</time>
    </trkpt>
    <trkpt lat="50.8284300" lon="6.8961392">
      <ele>69.0</ele>
      <time>2021-07-08T09:39:39Z</time>
    </trkpt>
    <trkpt lat="50.8284390" lon="6.8962149">
      <ele>69.0</ele>
      <time>2021-07-08T09:39:40Z</time>
    </trkpt>
    <trkpt lat="50.8284470" lon="6.8964133">
      <ele>68.8</ele>
      <time>2021-07-08T09:39:42Z</time>
    </trkpt>
    <trkpt lat="50.8284253" lon="6.8966127">
      <ele>68.8</ele>
      <time>2021-07-08T09:39:44Z</time>
    </trkpt>
    <trkpt lat="50.8284725" lon="6.8970559">
      <ele>68.6</ele>
      <time>2021-07-08T09:39:48Z</time>
    </trkpt>
    <trkpt lat="50.8284568" lon="6.8974691">
      <ele>68.2</ele>
      <time>2021-07-08T09:39:52Z</time>
    </trkpt>
    <trkpt lat="50.8284472" lon="6.8976626">
      <ele>68.0</ele>
      <time>2021-07-08T09:39:54Z</time>
    </trkpt>
    <trkpt lat="50.8285329" lon="6.8978948">
      <ele>68.0</ele>
      <time>2021-07-08T09:39:56Z</time>
    </trkpt>
    <trkpt lat="50.8285833" lon="6.8979687">
      <ele>68.0</ele>
      <time>2021-07-08T09:39:57Z</time>
    </trkpt>
    <trkpt lat="50.8286458" lon="6.8980072">
      <ele>67.8</ele>
      <time>2021-07-08T09:39:58Z</time>
    </trkpt>
    <trkpt lat="50.8287276" lon="6.8980289">
      <ele>67.8</ele>
      <time>2021-07-08T09:39:59Z</time>
    </trkpt>
    <trkpt lat="50.8290458" lon="6.8981049">
      <ele>67.8</ele>
      <time>2021-07-08T09:40:02Z</time>
    </trkpt>
    <trkpt lat="50.8292525" lon="6.8981572">
      <ele>67.8</ele>
      <time>2021-07-08T09:40:04Z</time>
    </trkpt>
    <trkpt lat="50.8296051" lon="6.8982378">
      <ele>67.4</ele>
      <time>2021-07-08T09:40:08Z</time>
    </trkpt>
    <trkpt lat="50.8297841" lon="6.8982861">
      <ele>67.2</ele>
      <time>2021-07-08T09:40:10Z</time>
    </trkpt>
    <trkpt lat="50.8301208" lon="6.8983655">
      <ele>67.2</ele>
      <time>2021-07-08T09:40:14Z</time>
    </trkpt>
    <trkpt lat="50.8302029" lon="6.8983843">
      <ele>67.2</ele>
      <time>2021-07-08T09:40:15Z</time>
    </trkpt>
    <trkpt lat="50.8304138" lon="6.8984565">
      <ele>67.6</ele>
      <time>2021-07-08T09:40:18Z</time>
    </trkpt>
    <trkpt lat="50.8308640" lon="6.8986308">
      <ele>67.8</ele>
      <time>2021-07-08T09:40:24Z</time>
    </trkpt>
    <trkpt lat="50.8313984" lon="6.8988444">
      <ele>67.8</ele>
      <time>2021-07-08T09:40:31Z</time>
    </trkpt>
    <trkpt lat="50.8316940" lon="6.8989438">
      <ele>67.8</ele>
      <time>2021-07-08T09:40:35Z</time>
    </trkpt>
    <trkpt lat="50.8319235" lon="6.8990285">
      <ele>68.0</ele>
      <time>2021-07-08T09:40:39Z</time>
    </trkpt>
    <trkpt lat="50.8319546" lon="6.8990650">
      <ele>68.2</ele>
      <time>2021-07-08T09:40:41Z</time>
    </trkpt>
    <trkpt lat="50.8319549" lon="6.8990712">
      <ele>68.2</ele>
      <time>2021-07-08T09:40:42Z</time>
    </trkpt>
    <trkpt lat="50.8319549" lon="6.8990712">
      <ele>68.6</ele>
      <time>2021-07-08T09:40:44Z</time>
    </trkpt>
    <trkpt lat="50.8319698" lon="6.8992494">
      <ele>69.2</ele>
      <time>2021-07-08T09:41:00Z</time>
    </trkpt>
    <trkpt lat="50.8319675" lon="6.8992783">
      <ele>69.2</ele>
      <time>2021-07-08T09:41:01Z</time>
    </trkpt>
    <trkpt lat="50.8319609" lon="6.8993900">
      <ele>68.0</ele>
      <time>2021-07-08T09:41:06Z</time>
    </trkpt>
    <trkpt lat="50.8319603" lon="6.8994054">
      <ele>67.8</ele>
      <time>2021-07-08T09:41:07Z</time>
    </trkpt>
    <trkpt lat="50.8319556" lon="6.8994910">
      <ele>66.8</ele>
      <time>2021-07-08T09:41:11Z</time>
    </trkpt>
    <trkpt lat="50.8319545" lon="6.8995482">
      <ele>66.4</ele>
      <time>2021-07-08T09:41:13Z</time>
    </trkpt>
    <trkpt lat="50.8319522" lon="6.8996236">
      <ele>65.8</ele>
      <time>2021-07-08T09:41:18Z</time>
    </trkpt>
    <trkpt lat="50.8319544" lon="6.8996341">
      <ele>65.6</ele>
      <time>2021-07-08T09:41:19Z</time>
    </trkpt>
    <trkpt lat="50.8319426" lon="6.8996716">
      <ele>65.0</ele>
      <time>2021-07-08T09:41:23Z</time>
    </trkpt>
    <trkpt lat="50.8319417" lon="6.8997395">
      <ele>64.4</ele>
      <time>2021-07-08T09:41:28Z</time>
    </trkpt>
    <trkpt lat="50.8319413" lon="6.8997568">
      <ele>64.2</ele>
      <time>2021-07-08T09:41:29Z</time>
    </trkpt>
    <trkpt lat="50.8319578" lon="6.8998167">
      <ele>63.6</ele>
      <time>2021-07-08T09:41:35Z</time>
    </trkpt>
    <trkpt lat="50.8319546" lon="6.8998489">
      <ele>63.4</ele>
      <time>2021-07-08T09:41:37Z</time>
    </trkpt>
    <trkpt lat="50.8319609" lon="6.8998689">
      <ele>63.0</ele>
      <time>2021-07-08T09:41:40Z</time>
    </trkpt>
    <trkpt lat="50.8319633" lon="6.8998824">
      <ele>63.0</ele>
      <time>2021-07-08T09:41:41Z</time>
    </trkpt>
    <trkpt lat="50.8319336" lon="6.8998028">
      <ele>62.0</ele>
      <time>2021-07-08T09:41:52Z</time>
    </trkpt>
    <trkpt lat="50.8319079" lon="6.8997069">
      <ele>62.0</ele>
      <time>2021-07-08T09:41:54Z</time>
    </trkpt>
    <trkpt lat="50.8318458" lon="6.8994542">
      <ele>61.8</ele>
      <time>2021-07-08T09:41:58Z</time>
    </trkpt>
    <trkpt lat="50.8318080" lon="6.8993239">
      <ele>61.8</ele>
      <time>2021-07-08T09:42:00Z</time>
    </trkpt>
    <trkpt lat="50.8317125" lon="6.8989835">
      <ele>61.8</ele>
      <time>2021-07-08T09:42:05Z</time>
    </trkpt>
    <trkpt lat="50.8316957" lon="6.8989207">
      <ele>61.8</ele>
      <time>2021-07-08T09:42:06Z</time>
    </trkpt>
    <trkpt lat="50.8316511" lon="6.8987378">
      <ele>62.0</ele>
      <time>2021-07-08T09:42:10Z</time>
    </trkpt>
    <trkpt lat="50.8315914" lon="6.8985579">
      <ele>62.4</ele>
      <time>2021-07-08T09:42:14Z</time>
    </trkpt>
    <trkpt lat="50.8315272" lon="6.8983203">
      <ele>62.8</ele>
      <time>2021-07-08T09:42:21Z</time>
    </trkpt>
    <trkpt lat="50.8315199" lon="6.8982633">
      <ele>63.0</ele>
      <time>2021-07-08T09:42:23Z</time>
    </trkpt>
    <trkpt lat="50.8315175" lon="6.8982504">
      <ele>63.4</ele>
      <time>2021-07-08T09:42:25Z</time>
    </trkpt>
    <trkpt lat="50.8315332" lon="6.8982880">
      <ele>63.6</ele>
      <time>2021-07-08T09:42:28Z</time>
    </trkpt>
    <trkpt lat="50.8315434" lon="6.8983154">
      <ele>63.6</ele>
      <time>2021-07-08T09:42:29Z</time>
    </trkpt>
    <trkpt lat="50.8316021" lon="6.8985488">
      <ele>63.6</ele>
      <time>2021-07-08T09:42:34Z</time>
    </trkpt>
    <trkpt lat="50.8316759" lon="6.8987975">
      <ele>62.8</ele>
      <time>2021-07-08T09:42:39Z</time>
    </trkpt>
    <trkpt lat="50.8316791" lon="6.8988071">
      <ele>62.6</ele>
      <time>2021-07-08T09:42:42Z</time>
    </trkpt>
    <trkpt lat="50.8317199" lon="6.8987487">
      <ele>63.0</ele>
      <time>2021-07-08T09:42:49Z</time>
    </trkpt>
    <trkpt lat="50.8317371" lon="6.8986825">
      <ele>63.4</ele>
      <time>2021-07-08T09:42:53Z</time>
    </trkpt>
    <trkpt lat="50.8317500" lon="6.8986268">
      <ele>64.2</ele>
      <time>2021-07-08T09:42:56Z</time>
    </trkpt>
    <trkpt lat="50.8317775" lon="6.8985693">
      <ele>65.6</ele>
      <time>2021-07-08T09:43:00Z</time>
    </trkpt>
    <trkpt lat="50.8317997" lon="6.8985663">
      <ele>66.2</ele>
      <time>2021-07-08T09:43:02Z</time>
    </trkpt>
    <trkpt lat="50.8318046" lon="6.8985660">
      <ele>66.8</ele>
      <time>2021-07-08T09:43:04Z</time>
    </trkpt>
    <trkpt lat="50.8318046" lon="6.8985660">
      <ele>67.6</ele>
      <time>2021-07-08T09:43:06Z</time>
    </trkpt>
    <trkpt lat="50.8318505" lon="6.8986286">
      <ele>68.6</ele>
      <time>2021-07-08T09:43:10Z</time>
    </trkpt>
    <trkpt lat="50.8318585" lon="6.8986560">
      <ele>68.6</ele>
      <time>2021-07-08T09:43:11Z</time>
    </trkpt>
    <trkpt lat="50.8318713" lon="6.8988153">
      <ele>68.6</ele>
      <time>2021-07-08T09:43:16Z</time>
    </trkpt>
    <trkpt lat="50.8318732" lon="6.8988447">
      <ele>68.8</ele>
      <time>2021-07-08T09:43:19Z</time>
    </trkpt>
    <trkpt lat="50.8318393" lon="6.8988745">
      <ele>68.8</ele>
      <time>2021-07-08T09:43:23Z</time>
    </trkpt>
    <trkpt lat="50.8316794" lon="6.8988165">
      <ele>69.0</ele>
      <time>2021-07-08T09:43:28Z</time>
    </trkpt>
    <trkpt lat="50.8314037" lon="6.8987361">
      <ele>68.8</ele>
      <time>2021-07-08T09:43:35Z</time>
    </trkpt>
    <trkpt lat="50.8313630" lon="6.8987393">
      <ele>68.6</ele>
      <time>2021-07-08T09:43:36Z</time>
    </trkpt>
    <trkpt lat="50.8313230" lon="6.8987499">
      <ele>68.6</ele>
      <time>2021-07-08T09:43:37Z</time>
    </trkpt>
    <trkpt lat="50.8312505" lon="6.8988318">
      <ele>68.6</ele>
      <time>2021-07-08T09:43:40Z</time>
    </trkpt>
    <trkpt lat="50.8312630" lon="6.8990427">
      <ele>68.8</ele>
      <time>2021-07-08T09:43:45Z</time>
    </trkpt>
    <trkpt lat="50.8312905" lon="6.8993090">
      <ele>68.8</ele>
      <time>2021-07-08T09:43:49Z</time>
    </trkpt>
    <trkpt lat="50.8312348" lon="6.8993919">
      <ele>69.0</ele>
      <time>2021-07-08T09:43:52Z</time>
    </trkpt>
    <trkpt lat="50.8310596" lon="6.8993297">
      <ele>69.2</ele>
      <time>2021-07-08T09:43:56Z</time>
    </trkpt>
    <trkpt lat="50.8308016" lon="6.8992542">
      <ele>69.4</ele>
      <time>2021-07-08T09:44:01Z</time>
    </trkpt>
    <trkpt lat="50.8305568" lon="6.8991819">
      <ele>69.4</ele>
      <time>2021-07-08T09:44:05Z</time>
    </trkpt>
    <trkpt lat="50.8303768" lon="6.8991205">
      <ele>69.2</ele>
      <time>2021-07-08T09:44:08Z</time>
    </trkpt>
    <trkpt lat="50.8298260" lon="6.8989375">
      <ele>69.2</ele>
      <time>2021-07-08T09:44:17Z</time>
    </trkpt>
    <trkpt lat="50.8297701" lon="6.8989205">
      <ele>69.0</ele>
      <time>2021-07-08T09:44:18Z</time>
    </trkpt>
    <trkpt lat="50.8293546" lon="6.8987991">
      <ele>69.0</ele>
      <time>2021-07-08T09:44:25Z</time>
    </trkpt>
    <trkpt lat="50.8288202" lon="6.8986971">
      <ele>68.8</ele>
      <time>2021-07-08T09:44:34Z</time>
    </trkpt>
    <trkpt lat="50.8286122" lon="6.8986516">
      <ele>68.6</ele>
      <time>2021-07-08T09:44:39Z</time>
    </trkpt>
    <trkpt lat="50.8285900" lon="6.8985657">
      <ele>68.4</ele>
      <time>2021-07-08T09:44:41Z</time>
    </trkpt>
    <trkpt lat="50.8285907" lon="6.8985092">
      <ele>68.4</ele>
      <time>2021-07-08T09:44:42Z</time>
    </trkpt>
    <trkpt lat="50.8285850" lon="6.8981701">
      <ele>68.2</ele>
      <time>2021-07-08T09:44:48Z</time>
    </trkpt>
    <trkpt lat="50.8285823" lon="6.8980590">
      <ele>68.2</ele>
      <time>2021-07-08T09:44:52Z</time>
    </trkpt>
    <trkpt lat="50.8285676" lon="6.8980015">
      <ele>68.4</ele>
      <time>2021-07-08T09:44:55Z</time>
    </trkpt>
    <trkpt lat="50.8285300" lon="6.8980031">
      <ele>68.4</ele>
      <time>2021-07-08T09:44:57Z</time>
    </trkpt>
    <trkpt lat="50.8284953" lon="6.8980119">
      <ele>68.6</ele>
      <time>2021-07-08T09:44:59Z</time>
    </trkpt>
    <trkpt lat="50.8284185" lon="6.8979948">
      <ele>68.6</ele>
      <time>2021-07-08T09:45:02Z</time>
    </trkpt>
    <trkpt lat="50.8283010" lon="6.8980094">
      <ele>68.8</ele>
      <time>2021-07-08T09:45:07Z</time>
    </trkpt>
    <trkpt lat="50.8283197" lon="6.8980878">
      <ele>68.8</ele>
      <time>2021-07-08T09:45:09Z</time>
    </trkpt>
    <trkpt lat="50.8283129" lon="6.8981352">
      <ele>69.0</ele>
      <time>2021-07-08T09:45:10Z</time>
    </trkpt>
    <trkpt lat="50.8282655" lon="6.8983560">
      <ele>69.0</ele>
      <time>2021-07-08T09:45:14Z</time>
    </trkpt>
    <trkpt lat="50.8281996" lon="6.8985168">
      <ele>69.0</ele>
      <time>2021-07-08T09:45:17Z</time>
    </trkpt>
    <trkpt lat="50.8282017" lon="6.8985623">
      <ele>69.0</ele>
      <time>2021-07-08T09:45:18Z</time>
    </trkpt>
    <trkpt lat="50.8282416" lon="6.8986320">
      <ele>69.2</ele>
      <time>2021-07-08T09:45:20Z</time>
    </trkpt>
    <trkpt lat="50.8282726" lon="6.8986436">
      <ele>69.0</ele>
      <time>2021-07-08T09:45:21Z</time>
    </trkpt>
    <trkpt lat="50.8284067" lon="6.8986595">
      <ele>69.0</ele>
      <time>2021-07-08T09:45:24Z</time>
    </trkpt>
    <trkpt lat="50.8284870" lon="6.8986483">
      <ele>69.0</ele>
      <time>2021-07-08T09:45:26Z</time>
    </trkpt>
    <trkpt lat="50.8285431" lon="6.8986801">
      <ele>68.8</ele>
      <time>2021-07-08T09:45:28Z</time>
    </trkpt>
    <trkpt lat="50.8285494" lon="6.8987150">
      <ele>68.8</ele>
      <time>2021-07-08T09:45:29Z</time>
    </trkpt>
    <trkpt lat="50.8285388" lon="6.8987936">
      <ele>68.6</ele>
      <time>2021-07-08T09:45:34Z</time>
    </trkpt>
    <trkpt lat="50.8285430" lon="6.8987110">
      <ele>68.4</ele>
      <time>2021-07-08T09:45:42Z</time>
    </trkpt>
    <trkpt lat="50.8285244" lon="6.8986579">
      <ele>68.4</ele>
      <time>2021-07-08T09:45:44Z</time>
    </trkpt>
    <trkpt lat="50.8284292" lon="6.8986750">
      <ele>68.2</ele>
      <time>2021-07-08T09:45:47Z</time>
    </trkpt>
    <trkpt lat="50.8282485" lon="6.8986527">
      <ele>68.2</ele>
      <time>2021-07-08T09:45:52Z</time>
    </trkpt>
    <trkpt lat="50.8282254" lon="6.8986211">
      <ele>68.2</ele>
      <time>2021-07-08T09:45:53Z</time>
    </trkpt>
    <trkpt lat="50.8282069" lon="6.8985242">
      <ele>68.2</ele>
      <time>2021-07-08T09:45:55Z</time>
    </trkpt>
    <trkpt lat="50.8282239" lon="6.8984123">
      <ele>68.4</ele>
      <time>2021-07-08T09:45:57Z</time>
    </trkpt>
    <trkpt lat="50.8282515" lon="6.8982279">
      <ele>68.4</ele>
      <time>2021-07-08T09:46:00Z</time>
    </trkpt>
    <trkpt lat="50.8282426" lon="6.8980992">
      <ele>68.6</ele>
      <time>2021-07-08T09:46:03Z</time>
    </trkpt>
    <trkpt lat="50.8282671" lon="6.8980941">
      <ele>68.8</ele>
      <time>2021-07-08T09:46:05Z</time>
    </trkpt>
    <trkpt lat="50.8282846" lon="6.8981484">
      <ele>69.0</ele>
      <time>2021-07-08T09:46:07Z</time>
    </trkpt>
    <trkpt lat="50.8282830" lon="6.8982400">
      <ele>69.0</ele>
      <time>2021-07-08T09:46:09Z</time>
    </trkpt>
    <trkpt lat="50.8282885" lon="6.8984047">
      <ele>69.0</ele>
      <time>2021-07-08T09:46:11Z</time>
    </trkpt>
    <trkpt lat="50.8282898" lon="6.8984841">
      <ele>69.0</ele>
      <time>2021-07-08T09:46:12Z</time>
    </trkpt>
    <trkpt lat="50.8282808" lon="6.8986265">
      <ele>68.8</ele>
      <time>2021-07-08T09:46:14Z</time>
    </trkpt>
    <trkpt lat="50.8283057" lon="6.8987579">
      <ele>67.8</ele>
      <time>2021-07-08T09:46:16Z</time>
    </trkpt>
    <trkpt lat="50.8283048" lon="6.8995271">
      <ele>65.6</ele>
      <time>2021-07-08T09:46:23Z</time>
    </trkpt>
    <trkpt lat="50.8282653" lon="6.8996852">
      <ele>65.6</ele>
      <time>2021-07-08T09:46:26Z</time>
    </trkpt>
    <trkpt lat="50.8282384" lon="6.8998870">
      <ele>66.6</ele>
      <time>2021-07-08T09:46:30Z</time>
    </trkpt>
    <trkpt lat="50.8282156" lon="6.9001863">
      <ele>67.6</ele>
      <time>2021-07-08T09:46:34Z</time>
    </trkpt>
    <trkpt lat="50.8282189" lon="6.9003995">
      <ele>67.8</ele>
      <time>2021-07-08T09:46:38Z</time>
    </trkpt>
    <trkpt lat="50.8282135" lon="6.9005212">
      <ele>67.8</ele>
      <time>2021-07-08T09:46:40Z</time>
    </trkpt>
    <trkpt lat="50.8281905" lon="6.9007687">
      <ele>67.6</ele>
      <time>2021-07-08T09:46:43Z</time>
    </trkpt>
    <trkpt lat="50.8281707" lon="6.9010050">
      <ele>67.4</ele>
      <time>2021-07-08T09:46:46Z</time>
    </trkpt>
    <trkpt lat="50.8281798" lon="6.9011691">
      <ele>67.4</ele>
      <time>2021-07-08T09:46:48Z</time>
    </trkpt>
    <trkpt lat="50.8281799" lon="6.9012561">
      <ele>67.4</ele>
      <time>2021-07-08T09:46:49Z</time>
    </trkpt>
    <trkpt lat="50.8281638" lon="6.9017014">
      <ele>67.4</ele>
      <time>2021-07-08T09:46:54Z</time>
    </trkpt>
    <trkpt lat="50.8281673" lon="6.9018671">
      <ele>67.2</ele>
      <time>2021-07-08T09:46:56Z</time>
    </trkpt>
    <trkpt lat="50.8281690" lon="6.9020271">
      <ele>67.2</ele>
      <time>2021-07-08T09:46:58Z</time>
    </trkpt>
    <trkpt lat="50.8281795" lon="6.9021050">
      <ele>67.2</ele>
      <time>2021-07-08T09:46:59Z</time>
    </trkpt>
    <trkpt lat="50.8281819" lon="6.9021891">
      <ele>67.0</ele>
      <time>2021-07-08T09:47:00Z</time>
    </trkpt>
    <trkpt lat="50.8281661" lon="6.9024248">
      <ele>66.8</ele>
      <time>2021-07-08T09:47:03Z</time>
    </trkpt>
    <trkpt lat="50.8281617" lon="6.9026904">
      <ele>66.6</ele>
      <time>2021-07-08T09:47:07Z</time>
    </trkpt>
    <trkpt lat="50.8281646" lon="6.9027432">
      <ele>66.6</ele>
      <time>2021-07-08T09:47:08Z</time>
    </trkpt>
    <trkpt lat="50.8281684" lon="6.9027843">
      <ele>66.4</ele>
      <time>2021-07-08T09:47:09Z</time>
    </trkpt>
    <trkpt lat="50.8281982" lon="6.9028709">
      <ele>66.4</ele>
      <time>2021-07-08T09:47:11Z</time>
    </trkpt>
    <trkpt lat="50.8282025" lon="6.9029206">
      <ele>66.4</ele>
      <time>2021-07-08T09:47:12Z</time>
    </trkpt>
    <trkpt lat="50.8281871" lon="6.9030972">
      <ele>66.2</ele>
      <time>2021-07-08T09:47:15Z</time>
    </trkpt>
    <trkpt lat="50.8281664" lon="6.9031908">
      <ele>66.0</ele>
      <time>2021-07-08T09:47:18Z</time>
    </trkpt>
    <trkpt lat="50.8281673" lon="6.9031956">
      <ele>66.0</ele>
      <time>2021-07-08T09:47:19Z</time>
    </trkpt>
    <trkpt lat="50.8281405" lon="6.9032944">
      <ele>65.8</ele>
      <time>2021-07-08T09:47:26Z</time>
    </trkpt>
    <trkpt lat="50.8281380" lon="6.9033324">
      <ele>65.8</ele>
      <time>2021-07-08T09:47:27Z</time>
    </trkpt>
    <trkpt lat="50.8281259" lon="6.9033702">
      <ele>65.8</ele>
      <time>2021-07-08T09:47:31Z</time>
    </trkpt>
    <trkpt lat="50.8280954" lon="6.9037952">
      <ele>65.2</ele>
      <time>2021-07-08T09:47:51Z</time>
    </trkpt>
    <trkpt lat="50.8280933" lon="6.9038152">
      <ele>65.2</ele>
      <time>2021-07-08T09:47:52Z</time>
    </trkpt>
    <trkpt lat="50.8280739" lon="6.9039163">
      <ele>65.4</ele>
      <time>2021-07-08T09:47:58Z</time>
    </trkpt>
    <trkpt lat="50.8280736" lon="6.9039299">
      <ele>65.4</ele>
      <time>2021-07-08T09:47:59Z</time>
    </trkpt>
    <trkpt lat="50.8280689" lon="6.9039447">
      <ele>65.4</ele>
      <time>2021-07-08T09:48:00Z</time>
    </trkpt>
    <trkpt lat="50.8280491" lon="6.9039793">
      <ele>65.4</ele>
      <time>2021-07-08T09:48:02Z</time>
    </trkpt>
    <trkpt lat="50.8280474" lon="6.9040265">
      <ele>65.4</ele>
      <time>2021-07-08T09:48:04Z</time>
    </trkpt>
    <trkpt lat="50.8280477" lon="6.9040416">
      <ele>65.4</ele>
      <time>2021-07-08T09:48:05Z</time>
    </trkpt>
    <trkpt lat="50.8280452" lon="6.9040720">
      <ele>65.4</ele>
      <time>2021-07-08T09:48:07Z</time>
    </trkpt>
    <trkpt lat="50.8280469" lon="6.9040933">
      <ele>65.4</ele>
      <time>2021-07-08T09:48:08Z</time>
    </trkpt>
    <trkpt lat="50.8280471" lon="6.9041565">
      <ele>65.4</ele>
      <time>2021-07-08T09:48:11Z</time>
    </trkpt>
    <trkpt lat="50.8280513" lon="6.9042014">
      <ele>65.4</ele>
      <time>2021-07-08T09:48:13Z</time>
    </trkpt>
    <trkpt lat="50.8280555" lon="6.9042223">
      <ele>65.4</ele>
      <time>2021-07-08T09:48:14Z</time>
    </trkpt>
    <trkpt lat="50.8280459" lon="6.9042987">
      <ele>65.4</ele>
      <time>2021-07-08T09:48:18Z</time>
    </trkpt>
    <trkpt lat="50.8280538" lon="6.9043300">
      <ele>65.2</ele>
      <time>2021-07-08T09:48:20Z</time>
    </trkpt>
    <trkpt lat="50.8280568" lon="6.9043433">
      <ele>65.2</ele>
      <time>2021-07-08T09:48:22Z</time>
    </trkpt>
    <trkpt lat="50.8280312" lon="6.9045205">
      <ele>65.4</ele>
      <time>2021-07-08T09:48:27Z</time>
    </trkpt>
    <trkpt lat="50.8279780" lon="6.9045772">
      <ele>65.2</ele>
      <time>2021-07-08T09:48:29Z</time>
    </trkpt>
    <trkpt lat="50.8278522" lon="6.9046175">
      <ele>65.4</ele>
      <time>2021-07-08T09:48:34Z</time>
    </trkpt>
    <trkpt lat="50.8277380" lon="6.9045584">
      <ele>65.4</ele>
      <time>2021-07-08T09:48:38Z</time>
    </trkpt>
    <trkpt lat="50.8275624" lon="6.9045550">
      <ele>65.6</ele>
      <time>2021-07-08T09:48:45Z</time>
    </trkpt>
    <trkpt lat="50.8274040" lon="6.9044957">
      <ele>65.6</ele>
      <time>2021-07-08T09:48:52Z</time>
    </trkpt>
    <trkpt lat="50.8273869" lon="6.9044913">
      <ele>65.8</ele>
      <time>2021-07-08T09:48:53Z</time>
    </trkpt>
    <trkpt lat="50.8272907" lon="6.9044492">
      <ele>65.8</ele>
      <time>2021-07-08T09:48:59Z</time>
    </trkpt>
    <trkpt lat="50.8272846" lon="6.9044412">
      <ele>65.8</ele>
      <time>2021-07-08T09:49:01Z</time>
    </trkpt>
    <trkpt lat="50.8272348" lon="6.9044157">
      <ele>65.8</ele>
      <time>2021-07-08T09:49:04Z</time>
    </trkpt>
    <trkpt lat="50.8272277" lon="6.9044052">
      <ele>65.8</ele>
      <time>2021-07-08T09:49:05Z</time>
    </trkpt>
    <trkpt lat="50.8272111" lon="6.9043971">
      <ele>65.6</ele>
      <time>2021-07-08T09:49:07Z</time>
    </trkpt>
    <trkpt lat="50.8270723" lon="6.9043341">
      <ele>65.6</ele>
      <time>2021-07-08T09:49:11Z</time>
    </trkpt>
    <trkpt lat="50.8270190" lon="6.9042896">
      <ele>65.6</ele>
      <time>2021-07-08T09:49:13Z</time>
    </trkpt>
    <trkpt lat="50.8269213" lon="6.9041829">
      <ele>65.8</ele>
      <time>2021-07-08T09:49:16Z</time>
    </trkpt>
    <trkpt lat="50.8268076" lon="6.9039966">
      <ele>66.0</ele>
      <time>2021-07-08T09:49:19Z</time>
    </trkpt>
    <trkpt lat="50.8267790" lon="6.9038887">
      <ele>66.0</ele>
      <time>2021-07-08T09:49:21Z</time>
    </trkpt>
    <trkpt lat="50.8267283" lon="6.9037049">
      <ele>66.0</ele>
      <time>2021-07-08T09:49:25Z</time>
    </trkpt>
    <trkpt lat="50.8266924" lon="6.9034739">
      <ele>65.8</ele>
      <time>2021-07-08T09:49:29Z</time>
    </trkpt>
    <trkpt lat="50.8266425" lon="6.9032723">
      <ele>65.8</ele>
      <time>2021-07-08T09:49:33Z</time>
    </trkpt>
    <trkpt lat="50.8266361" lon="6.9031685">
      <ele>66.0</ele>
      <time>2021-07-08T09:49:35Z</time>
    </trkpt>
    <trkpt lat="50.8266255" lon="6.9030310">
      <ele>66.0</ele>
      <time>2021-07-08T09:49:37Z</time>
    </trkpt>
    <trkpt lat="50.8266238" lon="6.9028194">
      <ele>66.0</ele>
      <time>2021-07-08T09:49:41Z</time>
    </trkpt>
    <trkpt lat="50.8266133" lon="6.9027227">
      <ele>66.0</ele>
      <time>2021-07-08T09:49:43Z</time>
    </trkpt>
    <trkpt lat="50.8265683" lon="6.9026216">
      <ele>66.0</ele>
      <time>2021-07-08T09:49:45Z</time>
    </trkpt>
    <trkpt lat="50.8265505" lon="6.9025779">
      <ele>66.0</ele>
      <time>2021-07-08T09:49:46Z</time>
    </trkpt>
    <trkpt lat="50.8265024" lon="6.9024762">
      <ele>66.0</ele>
      <time>2021-07-08T09:49:48Z</time>
    </trkpt>
    <trkpt lat="50.8264281" lon="6.9021467">
      <ele>65.8</ele>
      <time>2021-07-08T09:49:54Z</time>
    </trkpt>
    <trkpt lat="50.8263588" lon="6.9018149">
      <ele>66.2</ele>
      <time>2021-07-08T09:50:00Z</time>
    </trkpt>
    <trkpt lat="50.8262047" lon="6.9016192">
      <ele>66.2</ele>
      <time>2021-07-08T09:50:05Z</time>
    </trkpt>
    <trkpt lat="50.8260847" lon="6.9014951">
      <ele>66.4</ele>
      <time>2021-07-08T09:50:08Z</time>
    </trkpt>
    <trkpt lat="50.8260104" lon="6.9013888">
      <ele>66.4</ele>
      <time>2021-07-08T09:50:10Z</time>
    </trkpt>
    <trkpt lat="50.8257606" lon="6.9011450">
      <ele>66.6</ele>
      <time>2021-07-08T09:50:15Z</time>
    </trkpt>
    <trkpt lat="50.8254640" lon="6.9008460">
      <ele>66.4</ele>
      <time>2021-07-08T09:50:21Z</time>
    </trkpt>
    <trkpt lat="50.8253180" lon="6.9007046">
      <ele>66.4</ele>
      <time>2021-07-08T09:50:24Z</time>
    </trkpt>
    <trkpt lat="50.8252258" lon="6.9006206">
      <ele>66.4</ele>
      <time>2021-07-08T09:50:26Z</time>
    </trkpt>
    <trkpt lat="50.8251826" lon="6.9005739">
      <ele>66.4</ele>
      <time>2021-07-08T09:50:27Z</time>
    </trkpt>
    <trkpt lat="50.8250981" lon="6.9004752">
      <ele>66.4</ele>
      <time>2021-07-08T09:50:29Z</time>
    </trkpt>
    <trkpt lat="50.8250530" lon="6.9004207">
      <ele>66.4</ele>
      <time>2021-07-08T09:50:30Z</time>
    </trkpt>
    <trkpt lat="50.8248296" lon="6.9001899">
      <ele>66.4</ele>
      <time>2021-07-08T09:50:35Z</time>
    </trkpt>
    <trkpt lat="50.8247505" lon="6.9001093">
      <ele>66.4</ele>
      <time>2021-07-08T09:50:37Z</time>
    </trkpt>
    <trkpt lat="50.8247221" lon="6.9000721">
      <ele>66.4</ele>
      <time>2021-07-08T09:50:38Z</time>
    </trkpt>
    <trkpt lat="50.8246823" lon="6.8998739">
      <ele>66.6</ele>
      <time>2021-07-08T09:50:41Z</time>
    </trkpt>
    <trkpt lat="50.8246131" lon="6.8997778">
      <ele>66.6</ele>
      <time>2021-07-08T09:50:43Z</time>
    </trkpt>
    <trkpt lat="50.8245620" lon="6.8997630">
      <ele>66.6</ele>
      <time>2021-07-08T09:50:44Z</time>
    </trkpt>
    <trkpt lat="50.8245094" lon="6.8997572">
      <ele>66.6</ele>
      <time>2021-07-08T09:50:45Z</time>
    </trkpt>
    <trkpt lat="50.8244003" lon="6.8997006">
      <ele>66.6</ele>
      <time>2021-07-08T09:50:47Z</time>
    </trkpt>
    <trkpt lat="50.8243460" lon="6.8996539">
      <ele>66.6</ele>
      <time>2021-07-08T09:50:48Z</time>
    </trkpt>
    <trkpt lat="50.8240723" lon="6.8993779">
      <ele>66.6</ele>
      <time>2021-07-08T09:50:53Z</time>
    </trkpt>
    <trkpt lat="50.8238804" lon="6.8990971">
      <ele>66.8</ele>
      <time>2021-07-08T09:50:57Z</time>
    </trkpt>
    <trkpt lat="50.8234896" lon="6.8987108">
      <ele>66.8</ele>
      <time>2021-07-08T09:51:04Z</time>
    </trkpt>
    <trkpt lat="50.8234358" lon="6.8986542">
      <ele>66.8</ele>
      <time>2021-07-08T09:51:05Z</time>
    </trkpt>
    <trkpt lat="50.8232990" lon="6.8984657">
      <ele>66.8</ele>
      <time>2021-07-08T09:51:08Z</time>
    </trkpt>
    <trkpt lat="50.8229960" lon="6.8981283">
      <ele>67.2</ele>
      <time>2021-07-08T09:51:14Z</time>
    </trkpt>
    <trkpt lat="50.8229459" lon="6.8980769">
      <ele>67.2</ele>
      <time>2021-07-08T09:51:15Z</time>
    </trkpt>
    <trkpt lat="50.8228910" lon="6.8980255">
      <ele>67.4</ele>
      <time>2021-07-08T09:51:16Z</time>
    </trkpt>
    <trkpt lat="50.8227887" lon="6.8979346">
      <ele>67.6</ele>
      <time>2021-07-08T09:51:18Z</time>
    </trkpt>
    <trkpt lat="50.8226880" lon="6.8978340">
      <ele>67.6</ele>
      <time>2021-07-08T09:51:20Z</time>
    </trkpt>
    <trkpt lat="50.8225359" lon="6.8976668">
      <ele>67.6</ele>
      <time>2021-07-08T09:51:23Z</time>
    </trkpt>
    <trkpt lat="50.8223809" lon="6.8975141">
      <ele>67.6</ele>
      <time>2021-07-08T09:51:26Z</time>
    </trkpt>
    <trkpt lat="50.8219572" lon="6.8970982">
      <ele>67.8</ele>
      <time>2021-07-08T09:51:34Z</time>
    </trkpt>
    <trkpt lat="50.8216579" lon="6.8967633">
      <ele>68.2</ele>
      <time>2021-07-08T09:51:40Z</time>
    </trkpt>
    <trkpt lat="50.8216049" lon="6.8967107">
      <ele>68.4</ele>
      <time>2021-07-08T09:51:41Z</time>
    </trkpt>
    <trkpt lat="50.8212921" lon="6.8963639">
      <ele>69.0</ele>
      <time>2021-07-08T09:51:47Z</time>
    </trkpt>
    <trkpt lat="50.8210838" lon="6.8961279">
      <ele>69.4</ele>
      <time>2021-07-08T09:51:51Z</time>
    </trkpt>
    <trkpt lat="50.8210294" lon="6.8960688">
      <ele>69.4</ele>
      <time>2021-07-08T09:51:52Z</time>
    </trkpt>
    <trkpt lat="50.8208729" lon="6.8958963">
      <ele>69.6</ele>
      <time>2021-07-08T09:51:55Z</time>
    </trkpt>
    <trkpt lat="50.8205283" lon="6.8955188">
      <ele>69.8</ele>
      <time>2021-07-08T09:52:02Z</time>
    </trkpt>
    <trkpt lat="50.8201755" lon="6.8951290">
      <ele>70.4</ele>
      <time>2021-07-08T09:52:09Z</time>
    </trkpt>
    <trkpt lat="50.8200356" lon="6.8949677">
      <ele>70.8</ele>
      <time>2021-07-08T09:52:12Z</time>
    </trkpt>
    <trkpt lat="50.8197174" lon="6.8946111">
      <ele>71.4</ele>
      <time>2021-07-08T09:52:19Z</time>
    </trkpt>
    <trkpt lat="50.8193029" lon="6.8941762">
      <ele>72.4</ele>
      <time>2021-07-08T09:52:28Z</time>
    </trkpt>
    <trkpt lat="50.8192277" lon="6.8940855">
      <ele>72.6</ele>
      <time>2021-07-08T09:52:30Z</time>
    </trkpt>
    <trkpt lat="50.8190711" lon="6.8938862">
      <ele>73.0</ele>
      <time>2021-07-08T09:52:35Z</time>
    </trkpt>
    <trkpt lat="50.8188779" lon="6.8936159">
      <ele>73.4</ele>
      <time>2021-07-08T09:52:42Z</time>
    </trkpt>
    <trkpt lat="50.8188163" lon="6.8935218">
      <ele>73.6</ele>
      <time>2021-07-08T09:52:44Z</time>
    </trkpt>
    <trkpt lat="50.8186378" lon="6.8932840">
      <ele>74.0</ele>
      <time>2021-07-08T09:52:49Z</time>
    </trkpt>
    <trkpt lat="50.8183658" lon="6.8929162">
      <ele>74.8</ele>
      <time>2021-07-08T09:52:57Z</time>
    </trkpt>
    <trkpt lat="50.8183062" lon="6.8928260">
      <ele>74.8</ele>
      <time>2021-07-08T09:52:59Z</time>
    </trkpt>
    <trkpt lat="50.8181814" lon="6.8926404">
      <ele>75.6</ele>
      <time>2021-07-08T09:53:03Z</time>
    </trkpt>
    <trkpt lat="50.8181553" lon="6.8925974">
      <ele>75.8</ele>
      <time>2021-07-08T09:53:04Z</time>
    </trkpt>
    <trkpt lat="50.8181296" lon="6.8925599">
      <ele>76.0</ele>
      <time>2021-07-08T09:53:05Z</time>
    </trkpt>
    <trkpt lat="50.8179652" lon="6.8923423">
      <ele>77.0</ele>
      <time>2021-07-08T09:53:10Z</time>
    </trkpt>
    <trkpt lat="50.8177985" lon="6.8921425">
      <ele>77.6</ele>
      <time>2021-07-08T09:53:15Z</time>
    </trkpt>
    <trkpt lat="50.8176518" lon="6.8919471">
      <ele>78.0</ele>
      <time>2021-07-08T09:53:19Z</time>
    </trkpt>
    <trkpt lat="50.8175737" lon="6.8918407">
      <ele>78.6</ele>
      <time>2021-07-08T09:53:21Z</time>
    </trkpt>
    <trkpt lat="50.8174667" lon="6.8916812">
      <ele>79.2</ele>
      <time>2021-07-08T09:53:24Z</time>
    </trkpt>
    <trkpt lat="50.8173255" lon="6.8915121">
      <ele>79.8</ele>
      <time>2021-07-08T09:53:27Z</time>
    </trkpt>
    <trkpt lat="50.8172348" lon="6.8914143">
      <ele>80.2</ele>
      <time>2021-07-08T09:53:29Z</time>
    </trkpt>
    <trkpt lat="50.8171908" lon="6.8913560">
      <ele>80.4</ele>
      <time>2021-07-08T09:53:30Z</time>
    </trkpt>
    <trkpt lat="50.8170599" lon="6.8911520">
      <ele>81.2</ele>
      <time>2021-07-08T09:53:34Z</time>
    </trkpt>
    <trkpt lat="50.8169206" lon="6.8910068">
      <ele>81.6</ele>
      <time>2021-07-08T09:53:37Z</time>
    </trkpt>
    <trkpt lat="50.8168127" lon="6.8908654">
      <ele>82.2</ele>
      <time>2021-07-08T09:53:41Z</time>
    </trkpt>
    <trkpt lat="50.8167318" lon="6.8907570">
      <ele>82.8</ele>
      <time>2021-07-08T09:53:43Z</time>
    </trkpt>
    <trkpt lat="50.8166970" lon="6.8907150">
      <ele>82.8</ele>
      <time>2021-07-08T09:53:44Z</time>
    </trkpt>
    <trkpt lat="50.8166275" lon="6.8906351">
      <ele>83.4</ele>
      <time>2021-07-08T09:53:46Z</time>
    </trkpt>
    <trkpt lat="50.8165611" lon="6.8905514">
      <ele>84.0</ele>
      <time>2021-07-08T09:53:48Z</time>
    </trkpt>
    <trkpt lat="50.8165232" lon="6.8905065">
      <ele>84.2</ele>
      <time>2021-07-08T09:53:49Z</time>
    </trkpt>
    <trkpt lat="50.8164874" lon="6.8904681">
      <ele>84.4</ele>
      <time>2021-07-08T09:53:50Z</time>
    </trkpt>
    <trkpt lat="50.8164071" lon="6.8903852">
      <ele>84.8</ele>
      <time>2021-07-08T09:53:52Z</time>
    </trkpt>
    <trkpt lat="50.8163236" lon="6.8903102">
      <ele>85.0</ele>
      <time>2021-07-08T09:53:54Z</time>
    </trkpt>
    <trkpt lat="50.8162820" lon="6.8902700">
      <ele>85.2</ele>
      <time>2021-07-08T09:53:55Z</time>
    </trkpt>
    <trkpt lat="50.8162345" lon="6.8902226">
      <ele>85.4</ele>
      <time>2021-07-08T09:53:56Z</time>
    </trkpt>
    <trkpt lat="50.8160750" lon="6.8900406">
      <ele>86.0</ele>
      <time>2021-07-08T09:53:59Z</time>
    </trkpt>
    <trkpt lat="50.8157432" lon="6.8897652">
      <ele>86.2</ele>
      <time>2021-07-08T09:54:03Z</time>
    </trkpt>
    <trkpt lat="50.8152524" lon="6.8893831">
      <ele>86.6</ele>
      <time>2021-07-08T09:54:09Z</time>
    </trkpt>
    <trkpt lat="50.8147815" lon="6.8890420">
      <ele>86.8</ele>
      <time>2021-07-08T09:54:15Z</time>
    </trkpt>
    <trkpt lat="50.8142466" lon="6.8887206">
      <ele>86.4</ele>
      <time>2021-07-08T09:54:22Z</time>
    </trkpt>
    <trkpt lat="50.8140323" lon="6.8885979">
      <ele>86.4</ele>
      <time>2021-07-08T09:54:25Z</time>
    </trkpt>
    <trkpt lat="50.8138329" lon="6.8884651">
      <ele>86.4</ele>
      <time>2021-07-08T09:54:28Z</time>
    </trkpt>
    <trkpt lat="50.8135739" lon="6.8882524">
      <ele>86.4</ele>
      <time>2021-07-08T09:54:32Z</time>
    </trkpt>
    <trkpt lat="50.8134577" lon="6.8881396">
      <ele>86.4</ele>
      <time>2021-07-08T09:54:34Z</time>
    </trkpt>
    <trkpt lat="50.8134063" lon="6.8880700">
      <ele>86.4</ele>
      <time>2021-07-08T09:54:35Z</time>
    </trkpt>
    <trkpt lat="50.8132210" lon="6.8877833">
      <ele>86.6</ele>
      <time>2021-07-08T09:54:39Z</time>
    </trkpt>
    <trkpt lat="50.8130383" lon="6.8874842">
      <ele>87.2</ele>
      <time>2021-07-08T09:54:43Z</time>
    </trkpt>
    <trkpt lat="50.8129826" lon="6.8874061">
      <ele>87.4</ele>
      <time>2021-07-08T09:54:44Z</time>
    </trkpt>
    <trkpt lat="50.8127554" lon="6.8870011">
      <ele>88.2</ele>
      <time>2021-07-08T09:54:49Z</time>
    </trkpt>
    <trkpt lat="50.8127081" lon="6.8869176">
      <ele>88.6</ele>
      <time>2021-07-08T09:54:50Z</time>
    </trkpt>
    <trkpt lat="50.8124603" lon="6.8864638">
      <ele>89.4</ele>
      <time>2021-07-08T09:54:56Z</time>
    </trkpt>
    <trkpt lat="50.8122858" lon="6.8861534">
      <ele>89.6</ele>
      <time>2021-07-08T09:55:00Z</time>
    </trkpt>
    <trkpt lat="50.8121376" lon="6.8859164">
      <ele>90.2</ele>
      <time>2021-07-08T09:55:03Z</time>
    </trkpt>
    <trkpt lat="50.8119875" lon="6.8856986">
      <ele>90.8</ele>
      <time>2021-07-08T09:55:06Z</time>
    </trkpt>
    <trkpt lat="50.8117924" lon="6.8854494">
      <ele>91.8</ele>
      <time>2021-07-08T09:55:10Z</time>
    </trkpt>
    <trkpt lat="50.8116111" lon="6.8852144">
      <ele>93.0</ele>
      <time>2021-07-08T09:55:14Z</time>
    </trkpt>
    <trkpt lat="50.8115227" lon="6.8850914">
      <ele>93.6</ele>
      <time>2021-07-08T09:55:16Z</time>
    </trkpt>
    <trkpt lat="50.8114792" lon="6.8850356">
      <ele>94.4</ele>
      <time>2021-07-08T09:55:17Z</time>
    </trkpt>
    <trkpt lat="50.8113586" lon="6.8848792">
      <ele>94.8</ele>
      <time>2021-07-08T09:55:20Z</time>
    </trkpt>
    <trkpt lat="50.8113318" lon="6.8848307">
      <ele>95.2</ele>
      <time>2021-07-08T09:55:21Z</time>
    </trkpt>
    <trkpt lat="50.8112932" lon="6.8847799">
      <ele>95.4</ele>
      <time>2021-07-08T09:55:22Z</time>
    </trkpt>
    <trkpt lat="50.8111061" lon="6.8845600">
      <ele>96.4</ele>
      <time>2021-07-08T09:55:26Z</time>
    </trkpt>
    <trkpt lat="50.8110132" lon="6.8844372">
      <ele>96.8</ele>
      <time>2021-07-08T09:55:28Z</time>
    </trkpt>
    <trkpt lat="50.8109178" lon="6.8843070">
      <ele>97.2</ele>
      <time>2021-07-08T09:55:30Z</time>
    </trkpt>
    <trkpt lat="50.8107613" lon="6.8841146">
      <ele>97.4</ele>
      <time>2021-07-08T09:55:33Z</time>
    </trkpt>
    <trkpt lat="50.8105512" lon="6.8838505">
      <ele>97.6</ele>
      <time>2021-07-08T09:55:37Z</time>
    </trkpt>
    <trkpt lat="50.8100870" lon="6.8832896">
      <ele>97.2</ele>
      <time>2021-07-08T09:55:45Z</time>
    </trkpt>
    <trkpt lat="50.8100391" lon="6.8832185">
      <ele>97.2</ele>
      <time>2021-07-08T09:55:46Z</time>
    </trkpt>
    <trkpt lat="50.8096102" lon="6.8826680">
      <ele>97.2</ele>
      <time>2021-07-08T09:55:54Z</time>
    </trkpt>
    <trkpt lat="50.8093861" lon="6.8823814">
      <ele>97.6</ele>
      <time>2021-07-08T09:55:59Z</time>
    </trkpt>
    <trkpt lat="50.8093022" lon="6.8822706">
      <ele>97.8</ele>
      <time>2021-07-08T09:56:01Z</time>
    </trkpt>
    <trkpt lat="50.8092167" lon="6.8821735">
      <ele>98.6</ele>
      <time>2021-07-08T09:56:03Z</time>
    </trkpt>
    <trkpt lat="50.8091348" lon="6.8820786">
      <ele>99.6</ele>
      <time>2021-07-08T09:56:05Z</time>
    </trkpt>
    <trkpt lat="50.8090994" lon="6.8820328">
      <ele>100.0</ele>
      <time>2021-07-08T09:56:06Z</time>
    </trkpt>
    <trkpt lat="50.8089902" lon="6.8818954">
      <ele>101.2</ele>
      <time>2021-07-08T09:56:09Z</time>
    </trkpt>
    <trkpt lat="50.8089614" lon="6.8818529">
      <ele>101.2</ele>
      <time>2021-07-08T09:56:10Z</time>
    </trkpt>
    <trkpt lat="50.8088581" lon="6.8817358">
      <ele>102.4</ele>
      <time>2021-07-08T09:56:13Z</time>
    </trkpt>
    <trkpt lat="50.8086952" lon="6.8815404">
      <ele>103.8</ele>
      <time>2021-07-08T09:56:17Z</time>
    </trkpt>
    <trkpt lat="50.8085465" lon="6.8813580">
      <ele>104.8</ele>
      <time>2021-07-08T09:56:21Z</time>
    </trkpt>
    <trkpt lat="50.8084846" lon="6.8812723">
      <ele>105.4</ele>
      <time>2021-07-08T09:56:23Z</time>
    </trkpt>
    <trkpt lat="50.8084021" lon="6.8811638">
      <ele>106.0</ele>
      <time>2021-07-08T09:56:26Z</time>
    </trkpt>
    <trkpt lat="50.8083062" lon="6.8810483">
      <ele>107.0</ele>
      <time>2021-07-08T09:56:29Z</time>
    </trkpt>
    <trkpt lat="50.8082809" lon="6.8810085">
      <ele>107.2</ele>
      <time>2021-07-08T09:56:30Z</time>
    </trkpt>
    <trkpt lat="50.8081582" lon="6.8808768">
      <ele>108.0</ele>
      <time>2021-07-08T09:56:34Z</time>
    </trkpt>
    <trkpt lat="50.8081339" lon="6.8808529">
      <ele>108.2</ele>
      <time>2021-07-08T09:56:35Z</time>
    </trkpt>
    <trkpt lat="50.8079967" lon="6.8806558">
      <ele>109.4</ele>
      <time>2021-07-08T09:56:40Z</time>
    </trkpt>
    <trkpt lat="50.8079725" lon="6.8806264">
      <ele>109.4</ele>
      <time>2021-07-08T09:56:41Z</time>
    </trkpt>
    <trkpt lat="50.8078337" lon="6.8804545">
      <ele>110.4</ele>
      <time>2021-07-08T09:56:45Z</time>
    </trkpt>
    <trkpt lat="50.8076975" lon="6.8802831">
      <ele>111.4</ele>
      <time>2021-07-08T09:56:50Z</time>
    </trkpt>
    <trkpt lat="50.8076706" lon="6.8802402">
      <ele>111.8</ele>
      <time>2021-07-08T09:56:51Z</time>
    </trkpt>
    <trkpt lat="50.8075838" lon="6.8801154">
      <ele>112.6</ele>
      <time>2021-07-08T09:56:55Z</time>
    </trkpt>
    <trkpt lat="50.8075179" lon="6.8800305">
      <ele>113.2</ele>
      <time>2021-07-08T09:56:58Z</time>
    </trkpt>
    <trkpt lat="50.8074427" lon="6.8799054">
      <ele>113.8</ele>
      <time>2021-07-08T09:57:02Z</time>
    </trkpt>
    <trkpt lat="50.8073276" lon="6.8797655">
      <ele>114.4</ele>
      <time>2021-07-08T09:57:06Z</time>
    </trkpt>
    <trkpt lat="50.8072467" lon="6.8796857">
      <ele>115.2</ele>
      <time>2021-07-08T09:57:09Z</time>
    </trkpt>
    <trkpt lat="50.8071740" lon="6.8795992">
      <ele>116.0</ele>
      <time>2021-07-08T09:57:12Z</time>
    </trkpt>
    <trkpt lat="50.8071545" lon="6.8795704">
      <ele>116.2</ele>
      <time>2021-07-08T09:57:13Z</time>
    </trkpt>
    <trkpt lat="50.8070273" lon="6.8794539">
      <ele>117.2</ele>
      <time>2021-07-08T09:57:18Z</time>
    </trkpt>
    <trkpt lat="50.8069926" lon="6.8793832">
      <ele>117.6</ele>
      <time>2021-07-08T09:57:20Z</time>
    </trkpt>
    <trkpt lat="50.8069230" lon="6.8792752">
      <ele>118.6</ele>
      <time>2021-07-08T09:57:23Z</time>
    </trkpt>
    <trkpt lat="50.8067980" lon="6.8791056">
      <ele>119.2</ele>
      <time>2021-07-08T09:57:28Z</time>
    </trkpt>
    <trkpt lat="50.8067508" lon="6.8790408">
      <ele>119.6</ele>
      <time>2021-07-08T09:57:30Z</time>
    </trkpt>
    <trkpt lat="50.8066583" lon="6.8789289">
      <ele>120.4</ele>
      <time>2021-07-08T09:57:34Z</time>
    </trkpt>
    <trkpt lat="50.8066038" lon="6.8788748">
      <ele>120.8</ele>
      <time>2021-07-08T09:57:36Z</time>
    </trkpt>
    <trkpt lat="50.8065324" lon="6.8788103">
      <ele>121.2</ele>
      <time>2021-07-08T09:57:39Z</time>
    </trkpt>
    <trkpt lat="50.8064933" lon="6.8787640">
      <ele>121.4</ele>
      <time>2021-07-08T09:57:41Z</time>
    </trkpt>
    <trkpt lat="50.8064396" lon="6.8787211">
      <ele>121.8</ele>
      <time>2021-07-08T09:57:43Z</time>
    </trkpt>
    <trkpt lat="50.8062830" lon="6.8786023">
      <ele>122.2</ele>
      <time>2021-07-08T09:57:48Z</time>
    </trkpt>
    <trkpt lat="50.8061350" lon="6.8784924">
      <ele>122.8</ele>
      <time>2021-07-08T09:57:53Z</time>
    </trkpt>
    <trkpt lat="50.8060714" lon="6.8784488">
      <ele>123.0</ele>
      <time>2021-07-08T09:57:55Z</time>
    </trkpt>
    <trkpt lat="50.8058355" lon="6.8783107">
      <ele>123.8</ele>
      <time>2021-07-08T09:58:01Z</time>
    </trkpt>
    <trkpt lat="50.8056234" lon="6.8781581">
      <ele>125.0</ele>
      <time>2021-07-08T09:58:07Z</time>
    </trkpt>
    <trkpt lat="50.8055985" lon="6.8781446">
      <ele>125.2</ele>
      <time>2021-07-08T09:58:08Z</time>
    </trkpt>
    <trkpt lat="50.8054098" lon="6.8780364">
      <ele>126.2</ele>
      <time>2021-07-08T09:58:14Z</time>
    </trkpt>
    <trkpt lat="50.8053369" lon="6.8779878">
      <ele>126.4</ele>
      <time>2021-07-08T09:58:16Z</time>
    </trkpt>
    <trkpt lat="50.8051284" lon="6.8778547">
      <ele>127.0</ele>
      <time>2021-07-08T09:58:22Z</time>
    </trkpt>
    <trkpt lat="50.8050932" lon="6.8778240">
      <ele>127.2</ele>
      <time>2021-07-08T09:58:23Z</time>
    </trkpt>
    <trkpt lat="50.8049075" lon="6.8776852">
      <ele>127.6</ele>
      <time>2021-07-08T09:58:28Z</time>
    </trkpt>
    <trkpt lat="50.8047306" lon="6.8775744">
      <ele>128.2</ele>
      <time>2021-07-08T09:58:33Z</time>
    </trkpt>
    <trkpt lat="50.8046927" lon="6.8775479">
      <ele>128.4</ele>
      <time>2021-07-08T09:58:34Z</time>
    </trkpt>
    <trkpt lat="50.8045353" lon="6.8774263">
      <ele>129.0</ele>
      <time>2021-07-08T09:58:38Z</time>
    </trkpt>
    <trkpt lat="50.8043690" lon="6.8773018">
      <ele>129.4</ele>
      <time>2021-07-08T09:58:42Z</time>
    </trkpt>
    <trkpt lat="50.8042465" lon="6.8772245">
      <ele>129.8</ele>
      <time>2021-07-08T09:58:45Z</time>
    </trkpt>
    <trkpt lat="50.8040665" lon="6.8771117">
      <ele>130.4</ele>
      <time>2021-07-08T09:58:50Z</time>
    </trkpt>
    <trkpt lat="50.8039915" lon="6.8770526">
      <ele>130.4</ele>
      <time>2021-07-08T09:58:52Z</time>
    </trkpt>
    <trkpt lat="50.8037902" lon="6.8769320">
      <ele>131.4</ele>
      <time>2021-07-08T09:58:57Z</time>
    </trkpt>
    <trkpt lat="50.8037226" lon="6.8768834">
      <ele>131.6</ele>
      <time>2021-07-08T09:58:59Z</time>
    </trkpt>
    <trkpt lat="50.8035150" lon="6.8767316">
      <ele>132.4</ele>
      <time>2021-07-08T09:59:04Z</time>
    </trkpt>
    <trkpt lat="50.8034289" lon="6.8766829">
      <ele>132.8</ele>
      <time>2021-07-08T09:59:06Z</time>
    </trkpt>
    <trkpt lat="50.8032230" lon="6.8765381">
      <ele>133.2</ele>
      <time>2021-07-08T09:59:11Z</time>
    </trkpt>
    <trkpt lat="50.8030801" lon="6.8764140">
      <ele>134.0</ele>
      <time>2021-07-08T09:59:15Z</time>
    </trkpt>
    <trkpt lat="50.8029673" lon="6.8763285">
      <ele>134.4</ele>
      <time>2021-07-08T09:59:18Z</time>
    </trkpt>
    <trkpt lat="50.8028106" lon="6.8762236">
      <ele>134.8</ele>
      <time>2021-07-08T09:59:22Z</time>
    </trkpt>
    <trkpt lat="50.8027004" lon="6.8761400">
      <ele>135.0</ele>
      <time>2021-07-08T09:59:25Z</time>
    </trkpt>
    <trkpt lat="50.8024976" lon="6.8759829">
      <ele>136.2</ele>
      <time>2021-07-08T09:59:31Z</time>
    </trkpt>
    <trkpt lat="50.8024620" lon="6.8759568">
      <ele>136.2</ele>
      <time>2021-07-08T09:59:32Z</time>
    </trkpt>
    <trkpt lat="50.8022477" lon="6.8758038">
      <ele>137.2</ele>
      <time>2021-07-08T09:59:38Z</time>
    </trkpt>
    <trkpt lat="50.8021627" lon="6.8757526">
      <ele>137.6</ele>
      <time>2021-07-08T09:59:40Z</time>
    </trkpt>
    <trkpt lat="50.8020295" lon="6.8757553">
      <ele>138.2</ele>
      <time>2021-07-08T09:59:43Z</time>
    </trkpt>
    <trkpt lat="50.8019946" lon="6.8757743">
      <ele>138.4</ele>
      <time>2021-07-08T09:59:44Z</time>
    </trkpt>
    <trkpt lat="50.8018715" lon="6.8758292">
      <ele>139.0</ele>
      <time>2021-07-08T09:59:48Z</time>
    </trkpt>
    <trkpt lat="50.8017730" lon="6.8757359">
      <ele>139.4</ele>
      <time>2021-07-08T09:59:53Z</time>
    </trkpt>
    <trkpt lat="50.8017537" lon="6.8757149">
      <ele>139.4</ele>
      <time>2021-07-08T09:59:54Z</time>
    </trkpt>
    <trkpt lat="50.8016075" lon="6.8755642">
      <ele>140.0</ele>
      <time>2021-07-08T10:00:01Z</time>
    </trkpt>
    <trkpt lat="50.8014809" lon="6.8754292">
      <ele>140.4</ele>
      <time>2021-07-08T10:00:05Z</time>
    </trkpt>
    <trkpt lat="50.8014461" lon="6.8754000">
      <ele>140.6</ele>
      <time>2021-07-08T10:00:06Z</time>
    </trkpt>
    <trkpt lat="50.8013021" lon="6.8752502">
      <ele>141.0</ele>
      <time>2021-07-08T10:00:10Z</time>
    </trkpt>
    <trkpt lat="50.8011100" lon="6.8750283">
      <ele>141.4</ele>
      <time>2021-07-08T10:00:14Z</time>
    </trkpt>
    <trkpt lat="50.8010641" lon="6.8749816">
      <ele>141.6</ele>
      <time>2021-07-08T10:00:15Z</time>
    </trkpt>
    <trkpt lat="50.8009304" lon="6.8748211">
      <ele>141.8</ele>
      <time>2021-07-08T10:00:18Z</time>
    </trkpt>
    <trkpt lat="50.8007933" lon="6.8746712">
      <ele>142.2</ele>
      <time>2021-07-08T10:00:21Z</time>
    </trkpt>
    <trkpt lat="50.8005755" lon="6.8744230">
      <ele>142.6</ele>
      <time>2021-07-08T10:00:27Z</time>
    </trkpt>
    <trkpt lat="50.8003350" lon="6.8741256">
      <ele>143.2</ele>
      <time>2021-07-08T10:00:33Z</time>
    </trkpt>
    <trkpt lat="50.8000648" lon="6.8739038">
      <ele>143.8</ele>
      <time>2021-07-08T10:00:38Z</time>
    </trkpt>
    <trkpt lat="50.7999877" lon="6.8738117">
      <ele>143.8</ele>
      <time>2021-07-08T10:00:40Z</time>
    </trkpt>
    <trkpt lat="50.7998639" lon="6.8736908">
      <ele>144.0</ele>
      <time>2021-07-08T10:00:44Z</time>
    </trkpt>
    <trkpt lat="50.7996693" lon="6.8734920">
      <ele>144.4</ele>
      <time>2021-07-08T10:00:49Z</time>
    </trkpt>
    <trkpt lat="50.7994422" lon="6.8732654">
      <ele>144.6</ele>
      <time>2021-07-08T10:00:54Z</time>
    </trkpt>
    <trkpt lat="50.7993370" lon="6.8731624">
      <ele>144.8</ele>
      <time>2021-07-08T10:00:56Z</time>
    </trkpt>
    <trkpt lat="50.7991732" lon="6.8730019">
      <ele>145.0</ele>
      <time>2021-07-08T10:01:00Z</time>
    </trkpt>
    <trkpt lat="50.7989325" lon="6.8727413">
      <ele>145.4</ele>
      <time>2021-07-08T10:01:05Z</time>
    </trkpt>
    <trkpt lat="50.7986733" lon="6.8724842">
      <ele>145.6</ele>
      <time>2021-07-08T10:01:11Z</time>
    </trkpt>
    <trkpt lat="50.7985227" lon="6.8723313">
      <ele>145.8</ele>
      <time>2021-07-08T10:01:14Z</time>
    </trkpt>
    <trkpt lat="50.7984789" lon="6.8722810">
      <ele>145.8</ele>
      <time>2021-07-08T10:01:15Z</time>
    </trkpt>
    <trkpt lat="50.7983476" lon="6.8721455">
      <ele>146.0</ele>
      <time>2021-07-08T10:01:18Z</time>
    </trkpt>
    <trkpt lat="50.7981384" lon="6.8719455">
      <ele>146.2</ele>
      <time>2021-07-08T10:01:22Z</time>
    </trkpt>
    <trkpt lat="50.7981047" lon="6.8719034">
      <ele>146.4</ele>
      <time>2021-07-08T10:01:23Z</time>
    </trkpt>
    <trkpt lat="50.7980532" lon="6.8718401">
      <ele>146.6</ele>
      <time>2021-07-08T10:01:25Z</time>
    </trkpt>
    <trkpt lat="50.7978054" lon="6.8715915">
      <ele>146.8</ele>
      <time>2021-07-08T10:01:30Z</time>
    </trkpt>
    <trkpt lat="50.7976236" lon="6.8714084">
      <ele>147.0</ele>
      <time>2021-07-08T10:01:35Z</time>
    </trkpt>
    <trkpt lat="50.7973698" lon="6.8711643">
      <ele>147.4</ele>
      <time>2021-07-08T10:01:40Z</time>
    </trkpt>
    <trkpt lat="50.7970713" lon="6.8708703">
      <ele>147.6</ele>
      <time>2021-07-08T10:01:45Z</time>
    </trkpt>
    <trkpt lat="50.7966198" lon="6.8704537">
      <ele>147.8</ele>
      <time>2021-07-08T10:01:53Z</time>
    </trkpt>
    <trkpt lat="50.7961060" lon="6.8700242">
      <ele>147.6</ele>
      <time>2021-07-08T10:02:03Z</time>
    </trkpt>
    <trkpt lat="50.7960121" lon="6.8699596">
      <ele>147.6</ele>
      <time>2021-07-08T10:02:05Z</time>
    </trkpt>
    <trkpt lat="50.7959102" lon="6.8699218">
      <ele>147.8</ele>
      <time>2021-07-08T10:02:07Z</time>
    </trkpt>
    <trkpt lat="50.7958596" lon="6.8699187">
      <ele>147.8</ele>
      <time>2021-07-08T10:02:08Z</time>
    </trkpt>
    <trkpt lat="50.7957593" lon="6.8699325">
      <ele>147.8</ele>
      <time>2021-07-08T10:02:10Z</time>
    </trkpt>
    <trkpt lat="50.7956832" lon="6.8698969">
      <ele>148.0</ele>
      <time>2021-07-08T10:02:12Z</time>
    </trkpt>
    <trkpt lat="50.7955680" lon="6.8697869">
      <ele>148.0</ele>
      <time>2021-07-08T10:02:16Z</time>
    </trkpt>
    <trkpt lat="50.7953896" lon="6.8697849">
      <ele>148.2</ele>
      <time>2021-07-08T10:02:21Z</time>
    </trkpt>
    <trkpt lat="50.7953188" lon="6.8697089">
      <ele>148.0</ele>
      <time>2021-07-08T10:02:23Z</time>
    </trkpt>
    <trkpt lat="50.7952914" lon="6.8696624">
      <ele>148.0</ele>
      <time>2021-07-08T10:02:24Z</time>
    </trkpt>
    <trkpt lat="50.7951469" lon="6.8695124">
      <ele>148.2</ele>
      <time>2021-07-08T10:02:29Z</time>
    </trkpt>
    <trkpt lat="50.7950128" lon="6.8694411">
      <ele>148.6</ele>
      <time>2021-07-08T10:02:33Z</time>
    </trkpt>
    <trkpt lat="50.7949029" lon="6.8693991">
      <ele>149.0</ele>
      <time>2021-07-08T10:02:36Z</time>
    </trkpt>
    <trkpt lat="50.7947093" lon="6.8693035">
      <ele>149.4</ele>
      <time>2021-07-08T10:02:40Z</time>
    </trkpt>
    <trkpt lat="50.7944092" lon="6.8691498">
      <ele>150.0</ele>
      <time>2021-07-08T10:02:46Z</time>
    </trkpt>
    <trkpt lat="50.7940878" lon="6.8689746">
      <ele>150.4</ele>
      <time>2021-07-08T10:02:52Z</time>
    </trkpt>
    <trkpt lat="50.7937104" lon="6.8687698">
      <ele>151.2</ele>
      <time>2021-07-08T10:03:00Z</time>
    </trkpt>
    <trkpt lat="50.7936630" lon="6.8687435">
      <ele>151.2</ele>
      <time>2021-07-08T10:03:01Z</time>
    </trkpt>
    <trkpt lat="50.7936398" lon="6.8687400">
      <ele>151.2</ele>
      <time>2021-07-08T10:03:02Z</time>
    </trkpt>
    <trkpt lat="50.7936322" lon="6.8687339">
      <ele>151.2</ele>
      <time>2021-07-08T10:03:04Z</time>
    </trkpt>
    <trkpt lat="50.7936508" lon="6.8687307">
      <ele>151.4</ele>
      <time>2021-07-08T10:03:06Z</time>
    </trkpt>
    <trkpt lat="50.7937835" lon="6.8687926">
      <ele>151.4</ele>
      <time>2021-07-08T10:03:12Z</time>
    </trkpt>
    <trkpt lat="50.7939742" lon="6.8689142">
      <ele>151.2</ele>
      <time>2021-07-08T10:03:18Z</time>
    </trkpt>
    <trkpt lat="50.7940353" lon="6.8689458">
      <ele>151.0</ele>
      <time>2021-07-08T10:03:22Z</time>
    </trkpt>
    <trkpt lat="50.7940301" lon="6.8689826">
      <ele>151.0</ele>
      <time>2021-07-08T10:03:24Z</time>
    </trkpt>
    <trkpt lat="50.7940418" lon="6.8690182">
      <ele>151.0</ele>
      <time>2021-07-08T10:03:27Z</time>
    </trkpt>
    <trkpt lat="50.7939976" lon="6.8692418">
      <ele>151.2</ele>
      <time>2021-07-08T10:03:37Z</time>
    </trkpt>
    <trkpt lat="50.7939173" lon="6.8693709">
      <ele>151.2</ele>
      <time>2021-07-08T10:03:41Z</time>
    </trkpt>
    <trkpt lat="50.7938945" lon="6.8694355">
      <ele>151.2</ele>
      <time>2021-07-08T10:03:43Z</time>
    </trkpt>
    <trkpt lat="50.7938352" lon="6.8696047">
      <ele>151.2</ele>
      <time>2021-07-08T10:03:48Z</time>
    </trkpt>
    <trkpt lat="50.7938365" lon="6.8696868">
      <ele>151.2</ele>
      <time>2021-07-08T10:03:50Z</time>
    </trkpt>
    <trkpt lat="50.7938411" lon="6.8698326">
      <ele>151.2</ele>
      <time>2021-07-08T10:03:54Z</time>
    </trkpt>
    <trkpt lat="50.7938984" lon="6.8698943">
      <ele>150.6</ele>
      <time>2021-07-08T10:03:56Z</time>
    </trkpt>
    <trkpt lat="50.7941485" lon="6.8700388">
      <ele>150.2</ele>
      <time>2021-07-08T10:04:02Z</time>
    </trkpt>
    <trkpt lat="50.7941868" lon="6.8700883">
      <ele>150.0</ele>
      <time>2021-07-08T10:04:03Z</time>
    </trkpt>
    <trkpt lat="50.7943679" lon="6.8702993">
      <ele>149.8</ele>
      <time>2021-07-08T10:04:07Z</time>
    </trkpt>
    <trkpt lat="50.7945519" lon="6.8704838">
      <ele>149.8</ele>
      <time>2021-07-08T10:04:11Z</time>
    </trkpt>
    <trkpt lat="50.7946467" lon="6.8705665">
      <ele>149.6</ele>
      <time>2021-07-08T10:04:13Z</time>
    </trkpt>
    <trkpt lat="50.7947485" lon="6.8706642">
      <ele>149.6</ele>
      <time>2021-07-08T10:04:15Z</time>
    </trkpt>
    <trkpt lat="50.7949474" lon="6.8708317">
      <ele>149.6</ele>
      <time>2021-07-08T10:04:19Z</time>
    </trkpt>
    <trkpt lat="50.7950951" lon="6.8709948">
      <ele>149.4</ele>
      <time>2021-07-08T10:04:24Z</time>
    </trkpt>
    <trkpt lat="50.7950947" lon="6.8711561">
      <ele>149.4</ele>
      <time>2021-07-08T10:04:28Z</time>
    </trkpt>
    <trkpt lat="50.7951245" lon="6.8713690">
      <ele>149.4</ele>
      <time>2021-07-08T10:04:33Z</time>
    </trkpt>
    <trkpt lat="50.7951390" lon="6.8715290">
      <ele>149.4</ele>
      <time>2021-07-08T10:04:36Z</time>
    </trkpt>
    <trkpt lat="50.7951320" lon="6.8716226">
      <ele>149.0</ele>
      <time>2021-07-08T10:04:38Z</time>
    </trkpt>
    <trkpt lat="50.7950950" lon="6.8716992">
      <ele>148.8</ele>
      <time>2021-07-08T10:04:40Z</time>
    </trkpt>
    <trkpt lat="50.7950518" lon="6.8717388">
      <ele>148.6</ele>
      <time>2021-07-08T10:04:41Z</time>
    </trkpt>
    <trkpt lat="50.7950049" lon="6.8717682">
      <ele>148.6</ele>
      <time>2021-07-08T10:04:42Z</time>
    </trkpt>
    <trkpt lat="50.7949551" lon="6.8717873">
      <ele>148.4</ele>
      <time>2021-07-08T10:04:43Z</time>
    </trkpt>
    <trkpt lat="50.7947383" lon="6.8718504">
      <ele>147.6</ele>
      <time>2021-07-08T10:04:47Z</time>
    </trkpt>
    <trkpt lat="50.7945027" lon="6.8719611">
      <ele>146.6</ele>
      <time>2021-07-08T10:04:53Z</time>
    </trkpt>
    <trkpt lat="50.7942510" lon="6.8721623">
      <ele>146.4</ele>
      <time>2021-07-08T10:04:58Z</time>
    </trkpt>
    <trkpt lat="50.7940931" lon="6.8724277">
      <ele>146.4</ele>
      <time>2021-07-08T10:05:02Z</time>
    </trkpt>
    <trkpt lat="50.7938953" lon="6.8728045">
      <ele>146.4</ele>
      <time>2021-07-08T10:05:07Z</time>
    </trkpt>
    <trkpt lat="50.7937767" lon="6.8729765">
      <ele>146.6</ele>
      <time>2021-07-08T10:05:10Z</time>
    </trkpt>
    <trkpt lat="50.7937552" lon="6.8730246">
      <ele>146.6</ele>
      <time>2021-07-08T10:05:11Z</time>
    </trkpt>
    <trkpt lat="50.7937249" lon="6.8730809">
      <ele>146.6</ele>
      <time>2021-07-08T10:05:12Z</time>
    </trkpt>
    <trkpt lat="50.7935843" lon="6.8733157">
      <ele>146.8</ele>
      <time>2021-07-08T10:05:16Z</time>
    </trkpt>
    <trkpt lat="50.7935425" lon="6.8734447">
      <ele>146.8</ele>
      <time>2021-07-08T10:05:18Z</time>
    </trkpt>
    <trkpt lat="50.7934972" lon="6.8735789">
      <ele>147.0</ele>
      <time>2021-07-08T10:05:20Z</time>
    </trkpt>
    <trkpt lat="50.7934722" lon="6.8736469">
      <ele>147.0</ele>
      <time>2021-07-08T10:05:21Z</time>
    </trkpt>
    <trkpt lat="50.7933394" lon="6.8739061">
      <ele>147.2</ele>
      <time>2021-07-08T10:05:25Z</time>
    </trkpt>
    <trkpt lat="50.7932768" lon="6.8740086">
      <ele>147.4</ele>
      <time>2021-07-08T10:05:27Z</time>
    </trkpt>
    <trkpt lat="50.7932122" lon="6.8740788">
      <ele>147.4</ele>
      <time>2021-07-08T10:05:29Z</time>
    </trkpt>
    <trkpt lat="50.7930389" lon="6.8744015">
      <ele>147.6</ele>
      <time>2021-07-08T10:05:34Z</time>
    </trkpt>
    <trkpt lat="50.7929390" lon="6.8746212">
      <ele>147.4</ele>
      <time>2021-07-08T10:05:38Z</time>
    </trkpt>
    <trkpt lat="50.7928699" lon="6.8747275">
      <ele>147.4</ele>
      <time>2021-07-08T10:05:40Z</time>
    </trkpt>
    <trkpt lat="50.7927921" lon="6.8748569">
      <ele>147.4</ele>
      <time>2021-07-08T10:05:42Z</time>
    </trkpt>
    <trkpt lat="50.7927614" lon="6.8749432">
      <ele>147.4</ele>
      <time>2021-07-08T10:05:43Z</time>
    </trkpt>
    <trkpt lat="50.7926635" lon="6.8751563">
      <ele>147.2</ele>
      <time>2021-07-08T10:05:45Z</time>
    </trkpt>
    <trkpt lat="50.7923942" lon="6.8757278">
      <ele>147.0</ele>
      <time>2021-07-08T10:05:51Z</time>
    </trkpt>
    <trkpt lat="50.7922305" lon="6.8760308">
      <ele>147.0</ele>
      <time>2021-07-08T10:05:57Z</time>
    </trkpt>
    <trkpt lat="50.7921299" lon="6.8762954">
      <ele>147.0</ele>
      <time>2021-07-08T10:06:01Z</time>
    </trkpt>
    <trkpt lat="50.7919580" lon="6.8766998">
      <ele>146.8</ele>
      <time>2021-07-08T10:06:07Z</time>
    </trkpt>
    <trkpt lat="50.7918795" lon="6.8767724">
      <ele>146.8</ele>
      <time>2021-07-08T10:06:10Z</time>
    </trkpt>
    <trkpt lat="50.7918431" lon="6.8768271">
      <ele>147.0</ele>
      <time>2021-07-08T10:06:11Z</time>
    </trkpt>
    <trkpt lat="50.7916097" lon="6.8774281">
      <ele>147.0</ele>
      <time>2021-07-08T10:06:18Z</time>
    </trkpt>
    <trkpt lat="50.7915873" lon="6.8775298">
      <ele>147.2</ele>
      <time>2021-07-08T10:06:21Z</time>
    </trkpt>
    <trkpt lat="50.7915636" lon="6.8775940">
      <ele>147.4</ele>
      <time>2021-07-08T10:06:23Z</time>
    </trkpt>
    <trkpt lat="50.7915438" lon="6.8776485">
      <ele>147.6</ele>
      <time>2021-07-08T10:06:24Z</time>
    </trkpt>
    <trkpt lat="50.7914967" lon="6.8777230">
      <ele>147.6</ele>
      <time>2021-07-08T10:06:25Z</time>
    </trkpt>
    <trkpt lat="50.7914300" lon="6.8778988">
      <ele>148.0</ele>
      <time>2021-07-08T10:06:28Z</time>
    </trkpt>
    <trkpt lat="50.7914009" lon="6.8779887">
      <ele>148.6</ele>
      <time>2021-07-08T10:06:31Z</time>
    </trkpt>
    <trkpt lat="50.7913364" lon="6.8781552">
      <ele>149.0</ele>
      <time>2021-07-08T10:06:33Z</time>
    </trkpt>
    <trkpt lat="50.7912139" lon="6.8783952">
      <ele>149.4</ele>
      <time>2021-07-08T10:06:37Z</time>
    </trkpt>
    <trkpt lat="50.7912038" lon="6.8784311">
      <ele>149.6</ele>
      <time>2021-07-08T10:06:38Z</time>
    </trkpt>
    <trkpt lat="50.7910505" lon="6.8786756">
      <ele>150.2</ele>
      <time>2021-07-08T10:06:44Z</time>
    </trkpt>
    <trkpt lat="50.7908589" lon="6.8789059">
      <ele>150.2</ele>
      <time>2021-07-08T10:06:49Z</time>
    </trkpt>
    <trkpt lat="50.7908091" lon="6.8789672">
      <ele>150.2</ele>
      <time>2021-07-08T10:06:50Z</time>
    </trkpt>
    <trkpt lat="50.7906993" lon="6.8792389">
      <ele>150.4</ele>
      <time>2021-07-08T10:06:55Z</time>
    </trkpt>
    <trkpt lat="50.7905591" lon="6.8794827">
      <ele>150.6</ele>
      <time>2021-07-08T10:07:00Z</time>
    </trkpt>
    <trkpt lat="50.7904511" lon="6.8797488">
      <ele>150.4</ele>
      <time>2021-07-08T10:07:05Z</time>
    </trkpt>
    <trkpt lat="50.7902331" lon="6.8799781">
      <ele>150.6</ele>
      <time>2021-07-08T10:07:12Z</time>
    </trkpt>
    <trkpt lat="50.7902175" lon="6.8800033">
      <ele>151.8</ele>
      <time>2021-07-08T10:07:16Z</time>
    </trkpt>
    <trkpt lat="50.7902102" lon="6.8800397">
      <ele>152.0</ele>
      <time>2021-07-08T10:07:17Z</time>
    </trkpt>
    <trkpt lat="50.7902092" lon="6.8800779">
      <ele>152.2</ele>
      <time>2021-07-08T10:07:18Z</time>
    </trkpt>
    <trkpt lat="50.7902267" lon="6.8802270">
      <ele>153.0</ele>
      <time>2021-07-08T10:07:22Z</time>
    </trkpt>
    <trkpt lat="50.7902559" lon="6.8802686">
      <ele>153.0</ele>
      <time>2021-07-08T10:07:23Z</time>
    </trkpt>
    <trkpt lat="50.7904041" lon="6.8805224">
      <ele>153.2</ele>
      <time>2021-07-08T10:07:28Z</time>
    </trkpt>
    <trkpt lat="50.7904741" lon="6.8807808">
      <ele>153.4</ele>
      <time>2021-07-08T10:07:31Z</time>
    </trkpt>
    <trkpt lat="50.7905137" lon="6.8809627">
      <ele>153.2</ele>
      <time>2021-07-08T10:07:33Z</time>
    </trkpt>
    <trkpt lat="50.7905653" lon="6.8812089">
      <ele>153.4</ele>
      <time>2021-07-08T10:07:36Z</time>
    </trkpt>
    <trkpt lat="50.7906144" lon="6.8813142">
      <ele>153.4</ele>
      <time>2021-07-08T10:07:38Z</time>
    </trkpt>
    <trkpt lat="50.7907118" lon="6.8815416">
      <ele>153.2</ele>
      <time>2021-07-08T10:07:42Z</time>
    </trkpt>
    <trkpt lat="50.7907821" lon="6.8817852">
      <ele>153.0</ele>
      <time>2021-07-08T10:07:45Z</time>
    </trkpt>
    <trkpt lat="50.7909760" lon="6.8822343">
      <ele>153.0</ele>
      <time>2021-07-08T10:07:51Z</time>
    </trkpt>
    <trkpt lat="50.7911849" lon="6.8827735">
      <ele>153.0</ele>
      <time>2021-07-08T10:07:59Z</time>
    </trkpt>
    <trkpt lat="50.7914093" lon="6.8833097">
      <ele>152.6</ele>
      <time>2021-07-08T10:08:07Z</time>
    </trkpt>
    <trkpt lat="50.7914436" lon="6.8833692">
      <ele>152.6</ele>
      <time>2021-07-08T10:08:08Z</time>
    </trkpt>
    <trkpt lat="50.7915270" lon="6.8835314">
      <ele>152.6</ele>
      <time>2021-07-08T10:08:11Z</time>
    </trkpt>
    <trkpt lat="50.7915452" lon="6.8835848">
      <ele>152.6</ele>
      <time>2021-07-08T10:08:12Z</time>
    </trkpt>
    <trkpt lat="50.7915593" lon="6.8837980">
      <ele>152.6</ele>
      <time>2021-07-08T10:08:16Z</time>
    </trkpt>
    <trkpt lat="50.7915311" lon="6.8838485">
      <ele>152.6</ele>
      <time>2021-07-08T10:08:18Z</time>
    </trkpt>
    <trkpt lat="50.7914855" lon="6.8838868">
      <ele>152.8</ele>
      <time>2021-07-08T10:08:20Z</time>
    </trkpt>
    <trkpt lat="50.7912775" lon="6.8840341">
      <ele>153.0</ele>
      <time>2021-07-08T10:08:25Z</time>
    </trkpt>
    <trkpt lat="50.7911908" lon="6.8841329">
      <ele>153.0</ele>
      <time>2021-07-08T10:08:27Z</time>
    </trkpt>
    <trkpt lat="50.7910726" lon="6.8842715">
      <ele>153.2</ele>
      <time>2021-07-08T10:08:30Z</time>
    </trkpt>
    <trkpt lat="50.7908165" lon="6.8844928">
      <ele>153.0</ele>
      <time>2021-07-08T10:08:37Z</time>
    </trkpt>
    <trkpt lat="50.7905827" lon="6.8847933">
      <ele>153.4</ele>
      <time>2021-07-08T10:08:45Z</time>
    </trkpt>
    <trkpt lat="50.7903265" lon="6.8850963">
      <ele>153.4</ele>
      <time>2021-07-08T10:08:52Z</time>
    </trkpt>
    <trkpt lat="50.7902449" lon="6.8851827">
      <ele>153.4</ele>
      <time>2021-07-08T10:08:54Z</time>
    </trkpt>
    <trkpt lat="50.7901037" lon="6.8853548">
      <ele>153.4</ele>
      <time>2021-07-08T10:08:58Z</time>
    </trkpt>
    <trkpt lat="50.7900705" lon="6.8853999">
      <ele>153.4</ele>
      <time>2021-07-08T10:08:59Z</time>
    </trkpt>
    <trkpt lat="50.7899968" lon="6.8854856">
      <ele>153.4</ele>
      <time>2021-07-08T10:09:01Z</time>
    </trkpt>
    <trkpt lat="50.7899233" lon="6.8855909">
      <ele>153.2</ele>
      <time>2021-07-08T10:09:03Z</time>
    </trkpt>
    <trkpt lat="50.7898427" lon="6.8856909">
      <ele>153.2</ele>
      <time>2021-07-08T10:09:05Z</time>
    </trkpt>
    <trkpt lat="50.7897457" lon="6.8857994">
      <ele>153.0</ele>
      <time>2021-07-08T10:09:08Z</time>
    </trkpt>
    <trkpt lat="50.7895643" lon="6.8860676">
      <ele>153.4</ele>
      <time>2021-07-08T10:09:13Z</time>
    </trkpt>
    <trkpt lat="50.7893922" lon="6.8861957">
      <ele>153.8</ele>
      <time>2021-07-08T10:09:18Z</time>
    </trkpt>
    <trkpt lat="50.7892840" lon="6.8863180">
      <ele>154.0</ele>
      <time>2021-07-08T10:09:21Z</time>
    </trkpt>
    <trkpt lat="50.7890955" lon="6.8865962">
      <ele>153.8</ele>
      <time>2021-07-08T10:09:27Z</time>
    </trkpt>
    <trkpt lat="50.7888663" lon="6.8868665">
      <ele>153.8</ele>
      <time>2021-07-08T10:09:33Z</time>
    </trkpt>
    <trkpt lat="50.7886911" lon="6.8870741">
      <ele>154.2</ele>
      <time>2021-07-08T10:09:37Z</time>
    </trkpt>
    <trkpt lat="50.7885805" lon="6.8872507">
      <ele>154.4</ele>
      <time>2021-07-08T10:09:40Z</time>
    </trkpt>
    <trkpt lat="50.7884906" lon="6.8873276">
      <ele>154.6</ele>
      <time>2021-07-08T10:09:42Z</time>
    </trkpt>
    <trkpt lat="50.7881989" lon="6.8876470">
      <ele>154.2</ele>
      <time>2021-07-08T10:09:49Z</time>
    </trkpt>
    <trkpt lat="50.7880390" lon="6.8878386">
      <ele>154.4</ele>
      <time>2021-07-08T10:09:53Z</time>
    </trkpt>
    <trkpt lat="50.7879688" lon="6.8879298">
      <ele>154.4</ele>
      <time>2021-07-08T10:09:55Z</time>
    </trkpt>
    <trkpt lat="50.7878421" lon="6.8881139">
      <ele>154.4</ele>
      <time>2021-07-08T10:09:59Z</time>
    </trkpt>
    <trkpt lat="50.7877826" lon="6.8882179">
      <ele>154.4</ele>
      <time>2021-07-08T10:10:01Z</time>
    </trkpt>
    <trkpt lat="50.7874997" lon="6.8885819">
      <ele>154.4</ele>
      <time>2021-07-08T10:10:09Z</time>
    </trkpt>
    <trkpt lat="50.7874638" lon="6.8886244">
      <ele>154.6</ele>
      <time>2021-07-08T10:10:10Z</time>
    </trkpt>
    <trkpt lat="50.7873165" lon="6.8887793">
      <ele>154.6</ele>
      <time>2021-07-08T10:10:14Z</time>
    </trkpt>
    <trkpt lat="50.7872471" lon="6.8888565">
      <ele>154.8</ele>
      <time>2021-07-08T10:10:16Z</time>
    </trkpt>
    <trkpt lat="50.7869169" lon="6.8892549">
      <ele>155.2</ele>
      <time>2021-07-08T10:10:26Z</time>
    </trkpt>
    <trkpt lat="50.7867040" lon="6.8895149">
      <ele>155.4</ele>
      <time>2021-07-08T10:10:33Z</time>
    </trkpt>
    <trkpt lat="50.7865114" lon="6.8897177">
      <ele>155.6</ele>
      <time>2021-07-08T10:10:39Z</time>
    </trkpt>
    <trkpt lat="50.7863573" lon="6.8898812">
      <ele>156.0</ele>
      <time>2021-07-08T10:10:44Z</time>
    </trkpt>
    <trkpt lat="50.7861772" lon="6.8901070">
      <ele>156.2</ele>
      <time>2021-07-08T10:10:50Z</time>
    </trkpt>
    <trkpt lat="50.7859149" lon="6.8904120">
      <ele>156.2</ele>
      <time>2021-07-08T10:10:57Z</time>
    </trkpt>
    <trkpt lat="50.7857517" lon="6.8906698">
      <ele>156.4</ele>
      <time>2021-07-08T10:11:02Z</time>
    </trkpt>
    <trkpt lat="50.7856938" lon="6.8907639">
      <ele>156.4</ele>
      <time>2021-07-08T10:11:04Z</time>
    </trkpt>
    <trkpt lat="50.7856120" lon="6.8909009">
      <ele>156.6</ele>
      <time>2021-07-08T10:11:08Z</time>
    </trkpt>
    <trkpt lat="50.7855344" lon="6.8910169">
      <ele>156.6</ele>
      <time>2021-07-08T10:11:11Z</time>
    </trkpt>
    <trkpt lat="50.7855153" lon="6.8910655">
      <ele>156.6</ele>
      <time>2021-07-08T10:11:12Z</time>
    </trkpt>
    <trkpt lat="50.7852162" lon="6.8914599">
      <ele>157.0</ele>
      <time>2021-07-08T10:11:20Z</time>
    </trkpt>
    <trkpt lat="50.7850532" lon="6.8918824">
      <ele>157.0</ele>
      <time>2021-07-08T10:11:25Z</time>
    </trkpt>
    <trkpt lat="50.7849622" lon="6.8923608">
      <ele>156.6</ele>
      <time>2021-07-08T10:11:30Z</time>
    </trkpt>
    <trkpt lat="50.7848771" lon="6.8926871">
      <ele>156.4</ele>
      <time>2021-07-08T10:11:35Z</time>
    </trkpt>
    <trkpt lat="50.7847919" lon="6.8930086">
      <ele>156.4</ele>
      <time>2021-07-08T10:11:40Z</time>
    </trkpt>
    <trkpt lat="50.7847216" lon="6.8932197">
      <ele>156.4</ele>
      <time>2021-07-08T10:11:43Z</time>
    </trkpt>
    <trkpt lat="50.7846888" lon="6.8932638">
      <ele>156.2</ele>
      <time>2021-07-08T10:11:44Z</time>
    </trkpt>
    <trkpt lat="50.7846152" lon="6.8934518">
      <ele>156.4</ele>
      <time>2021-07-08T10:11:49Z</time>
    </trkpt>
    <trkpt lat="50.7845106" lon="6.8937020">
      <ele>156.6</ele>
      <time>2021-07-08T10:11:53Z</time>
    </trkpt>
    <trkpt lat="50.7844460" lon="6.8938685">
      <ele>156.8</ele>
      <time>2021-07-08T10:11:57Z</time>
    </trkpt>
    <trkpt lat="50.7843210" lon="6.8941463">
      <ele>156.6</ele>
      <time>2021-07-08T10:12:02Z</time>
    </trkpt>
    <trkpt lat="50.7841262" lon="6.8943962">
      <ele>156.6</ele>
      <time>2021-07-08T10:12:07Z</time>
    </trkpt>
    <trkpt lat="50.7839268" lon="6.8947050">
      <ele>156.6</ele>
      <time>2021-07-08T10:12:12Z</time>
    </trkpt>
    <trkpt lat="50.7836548" lon="6.8950820">
      <ele>156.4</ele>
      <time>2021-07-08T10:12:18Z</time>
    </trkpt>
    <trkpt lat="50.7834082" lon="6.8953416">
      <ele>156.8</ele>
      <time>2021-07-08T10:12:24Z</time>
    </trkpt>
    <trkpt lat="50.7831706" lon="6.8955262">
      <ele>157.2</ele>
      <time>2021-07-08T10:12:29Z</time>
    </trkpt>
    <trkpt lat="50.7831323" lon="6.8955731">
      <ele>157.2</ele>
      <time>2021-07-08T10:12:30Z</time>
    </trkpt>
    <trkpt lat="50.7829438" lon="6.8956987">
      <ele>157.2</ele>
      <time>2021-07-08T10:12:34Z</time>
    </trkpt>
    <trkpt lat="50.7827936" lon="6.8958013">
      <ele>157.2</ele>
      <time>2021-07-08T10:12:37Z</time>
    </trkpt>
    <trkpt lat="50.7826011" lon="6.8959983">
      <ele>157.2</ele>
      <time>2021-07-08T10:12:42Z</time>
    </trkpt>
    <trkpt lat="50.7823645" lon="6.8963188">
      <ele>157.6</ele>
      <time>2021-07-08T10:12:48Z</time>
    </trkpt>
    <trkpt lat="50.7821295" lon="6.8965003">
      <ele>157.6</ele>
      <time>2021-07-08T10:12:54Z</time>
    </trkpt>
    <trkpt lat="50.7820866" lon="6.8965449">
      <ele>157.8</ele>
      <time>2021-07-08T10:12:55Z</time>
    </trkpt>
    <trkpt lat="50.7819100" lon="6.8967010">
      <ele>158.0</ele>
      <time>2021-07-08T10:13:00Z</time>
    </trkpt>
    <trkpt lat="50.7818342" lon="6.8967659">
      <ele>158.2</ele>
      <time>2021-07-08T10:13:02Z</time>
    </trkpt>
    <trkpt lat="50.7817049" lon="6.8968636">
      <ele>158.2</ele>
      <time>2021-07-08T10:13:05Z</time>
    </trkpt>
    <trkpt lat="50.7813870" lon="6.8971475">
      <ele>157.8</ele>
      <time>2021-07-08T10:13:12Z</time>
    </trkpt>
    <trkpt lat="50.7812779" lon="6.8973115">
      <ele>157.8</ele>
      <time>2021-07-08T10:13:16Z</time>
    </trkpt>
    <trkpt lat="50.7811797" lon="6.8974765">
      <ele>157.8</ele>
      <time>2021-07-08T10:13:19Z</time>
    </trkpt>
    <trkpt lat="50.7811162" lon="6.8975122">
      <ele>157.8</ele>
      <time>2021-07-08T10:13:20Z</time>
    </trkpt>
    <trkpt lat="50.7810813" lon="6.8975240">
      <ele>157.8</ele>
      <time>2021-07-08T10:13:21Z</time>
    </trkpt>
    <trkpt lat="50.7810606" lon="6.8975361">
      <ele>157.8</ele>
      <time>2021-07-08T10:13:22Z</time>
    </trkpt>
    <trkpt lat="50.7810386" lon="6.8975641">
      <ele>157.8</ele>
      <time>2021-07-08T10:13:23Z</time>
    </trkpt>
    <trkpt lat="50.7808951" lon="6.8977042">
      <ele>157.8</ele>
      <time>2021-07-08T10:13:27Z</time>
    </trkpt>
    <trkpt lat="50.7808006" lon="6.8978128">
      <ele>157.6</ele>
      <time>2021-07-08T10:13:29Z</time>
    </trkpt>
    <trkpt lat="50.7805263" lon="6.8981365">
      <ele>157.6</ele>
      <time>2021-07-08T10:13:36Z</time>
    </trkpt>
    <trkpt lat="50.7803228" lon="6.8985347">
      <ele>158.0</ele>
      <time>2021-07-08T10:13:42Z</time>
    </trkpt>
    <trkpt lat="50.7801467" lon="6.8989802">
      <ele>158.4</ele>
      <time>2021-07-08T10:13:49Z</time>
    </trkpt>
    <trkpt lat="50.7799963" lon="6.8993437">
      <ele>158.8</ele>
      <time>2021-07-08T10:13:54Z</time>
    </trkpt>
    <trkpt lat="50.7798817" lon="6.8995579">
      <ele>158.8</ele>
      <time>2021-07-08T10:13:58Z</time>
    </trkpt>
    <trkpt lat="50.7797139" lon="6.8998158">
      <ele>158.8</ele>
      <time>2021-07-08T10:14:03Z</time>
    </trkpt>
    <trkpt lat="50.7796864" lon="6.8998605">
      <ele>158.8</ele>
      <time>2021-07-08T10:14:04Z</time>
    </trkpt>
    <trkpt lat="50.7795129" lon="6.9001533">
      <ele>159.2</ele>
      <time>2021-07-08T10:14:10Z</time>
    </trkpt>
    <trkpt lat="50.7794816" lon="6.9002165">
      <ele>159.2</ele>
      <time>2021-07-08T10:14:11Z</time>
    </trkpt>
    <trkpt lat="50.7794525" lon="6.9002764">
      <ele>159.2</ele>
      <time>2021-07-08T10:14:12Z</time>
    </trkpt>
    <trkpt lat="50.7793092" lon="6.9005220">
      <ele>159.2</ele>
      <time>2021-07-08T10:14:16Z</time>
    </trkpt>
    <trkpt lat="50.7792712" lon="6.9005805">
      <ele>159.2</ele>
      <time>2021-07-08T10:14:17Z</time>
    </trkpt>
    <trkpt lat="50.7791732" lon="6.9007441">
      <ele>159.2</ele>
      <time>2021-07-08T10:14:20Z</time>
    </trkpt>
    <trkpt lat="50.7791427" lon="6.9007924">
      <ele>159.4</ele>
      <time>2021-07-08T10:14:21Z</time>
    </trkpt>
    <trkpt lat="50.7790317" lon="6.9009888">
      <ele>159.4</ele>
      <time>2021-07-08T10:14:24Z</time>
    </trkpt>
    <trkpt lat="50.7789694" lon="6.9011302">
      <ele>159.4</ele>
      <time>2021-07-08T10:14:26Z</time>
    </trkpt>
    <trkpt lat="50.7789405" lon="6.9011877">
      <ele>159.6</ele>
      <time>2021-07-08T10:14:27Z</time>
    </trkpt>
    <trkpt lat="50.7787791" lon="6.9015090">
      <ele>159.6</ele>
      <time>2021-07-08T10:14:32Z</time>
    </trkpt>
    <trkpt lat="50.7786146" lon="6.9018680">
      <ele>159.4</ele>
      <time>2021-07-08T10:14:37Z</time>
    </trkpt>
    <trkpt lat="50.7784006" lon="6.9022381">
      <ele>159.2</ele>
      <time>2021-07-08T10:14:44Z</time>
    </trkpt>
    <trkpt lat="50.7782196" lon="6.9025741">
      <ele>158.8</ele>
      <time>2021-07-08T10:14:50Z</time>
    </trkpt>
    <trkpt lat="50.7781026" lon="6.9027885">
      <ele>158.8</ele>
      <time>2021-07-08T10:14:55Z</time>
    </trkpt>
    <trkpt lat="50.7780123" lon="6.9029433">
      <ele>158.8</ele>
      <time>2021-07-08T10:14:58Z</time>
    </trkpt>
    <trkpt lat="50.7779531" lon="6.9030519">
      <ele>158.8</ele>
      <time>2021-07-08T10:15:00Z</time>
    </trkpt>
    <trkpt lat="50.7778464" lon="6.9032398">
      <ele>158.8</ele>
      <time>2021-07-08T10:15:05Z</time>
    </trkpt>
    <trkpt lat="50.7777124" lon="6.9034758">
      <ele>159.2</ele>
      <time>2021-07-08T10:15:10Z</time>
    </trkpt>
    <trkpt lat="50.7775050" lon="6.9038320">
      <ele>159.4</ele>
      <time>2021-07-08T10:15:15Z</time>
    </trkpt>
    <trkpt lat="50.7771369" lon="6.9044711">
      <ele>159.4</ele>
      <time>2021-07-08T10:15:23Z</time>
    </trkpt>
    <trkpt lat="50.7770957" lon="6.9045505">
      <ele>159.4</ele>
      <time>2021-07-08T10:15:24Z</time>
    </trkpt>
    <trkpt lat="50.7767996" lon="6.9050812">
      <ele>159.4</ele>
      <time>2021-07-08T10:15:31Z</time>
    </trkpt>
    <trkpt lat="50.7764686" lon="6.9056946">
      <ele>159.0</ele>
      <time>2021-07-08T10:15:40Z</time>
    </trkpt>
    <trkpt lat="50.7761698" lon="6.9062260">
      <ele>159.0</ele>
      <time>2021-07-08T10:15:48Z</time>
    </trkpt>
    <trkpt lat="50.7758507" lon="6.9067568">
      <ele>159.0</ele>
      <time>2021-07-08T10:15:57Z</time>
    </trkpt>
    <trkpt lat="50.7755283" lon="6.9072238">
      <ele>159.0</ele>
      <time>2021-07-08T10:16:05Z</time>
    </trkpt>
    <trkpt lat="50.7753962" lon="6.9073937">
      <ele>158.8</ele>
      <time>2021-07-08T10:16:08Z</time>
    </trkpt>
    <trkpt lat="50.7752654" lon="6.9075160">
      <ele>158.8</ele>
      <time>2021-07-08T10:16:11Z</time>
    </trkpt>
    <trkpt lat="50.7749907" lon="6.9077577">
      <ele>158.8</ele>
      <time>2021-07-08T10:16:17Z</time>
    </trkpt>
    <trkpt lat="50.7748481" lon="6.9079038">
      <ele>158.8</ele>
      <time>2021-07-08T10:16:20Z</time>
    </trkpt>
    <trkpt lat="50.7747310" lon="6.9080354">
      <ele>158.8</ele>
      <time>2021-07-08T10:16:23Z</time>
    </trkpt>
    <trkpt lat="50.7745433" lon="6.9081658">
      <ele>159.0</ele>
      <time>2021-07-08T10:16:27Z</time>
    </trkpt>
    <trkpt lat="50.7744401" lon="6.9082067">
      <ele>159.0</ele>
      <time>2021-07-08T10:16:29Z</time>
    </trkpt>
    <trkpt lat="50.7743892" lon="6.9082141">
      <ele>159.0</ele>
      <time>2021-07-08T10:16:30Z</time>
    </trkpt>
    <trkpt lat="50.7743391" lon="6.9082084">
      <ele>159.0</ele>
      <time>2021-07-08T10:16:31Z</time>
    </trkpt>
    <trkpt lat="50.7742493" lon="6.9081664">
      <ele>159.0</ele>
      <time>2021-07-08T10:16:33Z</time>
    </trkpt>
    <trkpt lat="50.7739544" lon="6.9080351">
      <ele>159.2</ele>
      <time>2021-07-08T10:16:39Z</time>
    </trkpt>
    <trkpt lat="50.7739062" lon="6.9080046">
      <ele>159.2</ele>
      <time>2021-07-08T10:16:40Z</time>
    </trkpt>
    <trkpt lat="50.7738600" lon="6.9079890">
      <ele>159.2</ele>
      <time>2021-07-08T10:16:41Z</time>
    </trkpt>
    <trkpt lat="50.7737789" lon="6.9080322">
      <ele>159.2</ele>
      <time>2021-07-08T10:16:43Z</time>
    </trkpt>
    <trkpt lat="50.7737270" lon="6.9081379">
      <ele>159.2</ele>
      <time>2021-07-08T10:16:45Z</time>
    </trkpt>
    <trkpt lat="50.7737097" lon="6.9082027">
      <ele>159.2</ele>
      <time>2021-07-08T10:16:46Z</time>
    </trkpt>
    <trkpt lat="50.7736251" lon="6.9086378">
      <ele>159.2</ele>
      <time>2021-07-08T10:16:52Z</time>
    </trkpt>
    <trkpt lat="50.7735989" lon="6.9087616">
      <ele>159.2</ele>
      <time>2021-07-08T10:16:54Z</time>
    </trkpt>
    <trkpt lat="50.7735527" lon="6.9088137">
      <ele>159.2</ele>
      <time>2021-07-08T10:16:56Z</time>
    </trkpt>
    <trkpt lat="50.7734821" lon="6.9087269">
      <ele>159.2</ele>
      <time>2021-07-08T10:16:59Z</time>
    </trkpt>
    <trkpt lat="50.7733326" lon="6.9083887">
      <ele>159.2</ele>
      <time>2021-07-08T10:17:05Z</time>
    </trkpt>
    <trkpt lat="50.7731667" lon="6.9080097">
      <ele>159.0</ele>
      <time>2021-07-08T10:17:10Z</time>
    </trkpt>
    <trkpt lat="50.7729299" lon="6.9074562">
      <ele>158.8</ele>
      <time>2021-07-08T10:17:17Z</time>
    </trkpt>
    <trkpt lat="50.7727040" lon="6.9069097">
      <ele>159.2</ele>
      <time>2021-07-08T10:17:24Z</time>
    </trkpt>
    <trkpt lat="50.7724385" lon="6.9062962">
      <ele>159.8</ele>
      <time>2021-07-08T10:17:32Z</time>
    </trkpt>
    <trkpt lat="50.7723723" lon="6.9061501">
      <ele>159.6</ele>
      <time>2021-07-08T10:17:34Z</time>
    </trkpt>
    <trkpt lat="50.7720700" lon="6.9054516">
      <ele>159.8</ele>
      <time>2021-07-08T10:17:43Z</time>
    </trkpt>
    <trkpt lat="50.7717674" lon="6.9047697">
      <ele>160.0</ele>
      <time>2021-07-08T10:17:52Z</time>
    </trkpt>
    <trkpt lat="50.7715935" lon="6.9041799">
      <ele>159.8</ele>
      <time>2021-07-08T10:17:59Z</time>
    </trkpt>
    <trkpt lat="50.7713586" lon="6.9033184">
      <ele>159.8</ele>
      <time>2021-07-08T10:18:09Z</time>
    </trkpt>
    <trkpt lat="50.7711265" lon="6.9024600">
      <ele>159.8</ele>
      <time>2021-07-08T10:18:19Z</time>
    </trkpt>
    <trkpt lat="50.7711042" lon="6.9023737">
      <ele>159.8</ele>
      <time>2021-07-08T10:18:20Z</time>
    </trkpt>
    <trkpt lat="50.7708727" lon="6.9015115">
      <ele>159.8</ele>
      <time>2021-07-08T10:18:30Z</time>
    </trkpt>
    <trkpt lat="50.7708233" lon="6.9013391">
      <ele>160.0</ele>
      <time>2021-07-08T10:18:32Z</time>
    </trkpt>
    <trkpt lat="50.7706529" lon="6.9006915">
      <ele>160.2</ele>
      <time>2021-07-08T10:18:39Z</time>
    </trkpt>
    <trkpt lat="50.7705392" lon="6.9003072">
      <ele>160.0</ele>
      <time>2021-07-08T10:18:43Z</time>
    </trkpt>
    <trkpt lat="50.7704102" lon="6.8998363">
      <ele>159.8</ele>
      <time>2021-07-08T10:18:48Z</time>
    </trkpt>
    <trkpt lat="50.7702020" lon="6.8990287">
      <ele>159.2</ele>
      <time>2021-07-08T10:18:57Z</time>
    </trkpt>
    <trkpt lat="50.7701765" lon="6.8989463">
      <ele>159.2</ele>
      <time>2021-07-08T10:18:58Z</time>
    </trkpt>
    <trkpt lat="50.7701002" lon="6.8988031">
      <ele>159.2</ele>
      <time>2021-07-08T10:19:00Z</time>
    </trkpt>
    <trkpt lat="50.7700579" lon="6.8987464">
      <ele>159.2</ele>
      <time>2021-07-08T10:19:01Z</time>
    </trkpt>
    <trkpt lat="50.7700108" lon="6.8986972">
      <ele>159.2</ele>
      <time>2021-07-08T10:19:02Z</time>
    </trkpt>
    <trkpt lat="50.7698229" lon="6.8985472">
      <ele>159.2</ele>
      <time>2021-07-08T10:19:06Z</time>
    </trkpt>
    <trkpt lat="50.7694459" lon="6.8982042">
      <ele>160.2</ele>
      <time>2021-07-08T10:19:14Z</time>
    </trkpt>
    <trkpt lat="50.7693987" lon="6.8981681">
      <ele>160.2</ele>
      <time>2021-07-08T10:19:15Z</time>
    </trkpt>
    <trkpt lat="50.7692964" lon="6.8981418">
      <ele>160.2</ele>
      <time>2021-07-08T10:19:17Z</time>
    </trkpt>
    <trkpt lat="50.7692443" lon="6.8981500">
      <ele>160.2</ele>
      <time>2021-07-08T10:19:18Z</time>
    </trkpt>
    <trkpt lat="50.7688674" lon="6.8982693">
      <ele>159.6</ele>
      <time>2021-07-08T10:19:25Z</time>
    </trkpt>
    <trkpt lat="50.7685431" lon="6.8983782">
      <ele>159.0</ele>
      <time>2021-07-08T10:19:30Z</time>
    </trkpt>
    <trkpt lat="50.7683275" lon="6.8984605">
      <ele>158.4</ele>
      <time>2021-07-08T10:19:33Z</time>
    </trkpt>
    <trkpt lat="50.7680331" lon="6.8985515">
      <ele>157.2</ele>
      <time>2021-07-08T10:19:37Z</time>
    </trkpt>
    <trkpt lat="50.7676503" lon="6.8986747">
      <ele>156.2</ele>
      <time>2021-07-08T10:19:42Z</time>
    </trkpt>
    <trkpt lat="50.7672733" lon="6.8988018">
      <ele>155.4</ele>
      <time>2021-07-08T10:19:47Z</time>
    </trkpt>
    <trkpt lat="50.7671289" lon="6.8988515">
      <ele>155.2</ele>
      <time>2021-07-08T10:19:49Z</time>
    </trkpt>
    <trkpt lat="50.7666426" lon="6.8990099">
      <ele>155.0</ele>
      <time>2021-07-08T10:19:56Z</time>
    </trkpt>
    <trkpt lat="50.7661845" lon="6.8991663">
      <ele>154.8</ele>
      <time>2021-07-08T10:20:03Z</time>
    </trkpt>
    <trkpt lat="50.7660532" lon="6.8992085">
      <ele>154.8</ele>
      <time>2021-07-08T10:20:05Z</time>
    </trkpt>
    <trkpt lat="50.7655069" lon="6.8993960">
      <ele>154.8</ele>
      <time>2021-07-08T10:20:14Z</time>
    </trkpt>
    <trkpt lat="50.7654553" lon="6.8994088">
      <ele>154.8</ele>
      <time>2021-07-08T10:20:15Z</time>
    </trkpt>
    <trkpt lat="50.7653706" lon="6.8993747">
      <ele>154.8</ele>
      <time>2021-07-08T10:20:17Z</time>
    </trkpt>
    <trkpt lat="50.7653475" lon="6.8993161">
      <ele>154.8</ele>
      <time>2021-07-08T10:20:18Z</time>
    </trkpt>
    <trkpt lat="50.7653305" lon="6.8992389">
      <ele>154.8</ele>
      <time>2021-07-08T10:20:19Z</time>
    </trkpt>
    <trkpt lat="50.7652743" lon="6.8989855">
      <ele>154.8</ele>
      <time>2021-07-08T10:20:22Z</time>
    </trkpt>
    <trkpt lat="50.7651724" lon="6.8984223">
      <ele>154.4</ele>
      <time>2021-07-08T10:20:28Z</time>
    </trkpt>
    <trkpt lat="50.7651022" lon="6.8978417">
      <ele>154.4</ele>
      <time>2021-07-08T10:20:34Z</time>
    </trkpt>
    <trkpt lat="50.7650544" lon="6.8974635">
      <ele>154.6</ele>
      <time>2021-07-08T10:20:38Z</time>
    </trkpt>
    <trkpt lat="50.7649481" lon="6.8966266">
      <ele>154.6</ele>
      <time>2021-07-08T10:20:47Z</time>
    </trkpt>
    <trkpt lat="50.7649389" lon="6.8965327">
      <ele>154.6</ele>
      <time>2021-07-08T10:20:48Z</time>
    </trkpt>
    <trkpt lat="50.7648319" lon="6.8956255">
      <ele>154.8</ele>
      <time>2021-07-08T10:20:58Z</time>
    </trkpt>
    <trkpt lat="50.7648205" lon="6.8955379">
      <ele>154.8</ele>
      <time>2021-07-08T10:20:59Z</time>
    </trkpt>
    <trkpt lat="50.7647037" lon="6.8946541">
      <ele>155.2</ele>
      <time>2021-07-08T10:21:09Z</time>
    </trkpt>
    <trkpt lat="50.7646512" lon="6.8943123">
      <ele>155.6</ele>
      <time>2021-07-08T10:21:13Z</time>
    </trkpt>
    <trkpt lat="50.7645961" lon="6.8939574">
      <ele>156.0</ele>
      <time>2021-07-08T10:21:17Z</time>
    </trkpt>
    <trkpt lat="50.7644355" lon="6.8930752">
      <ele>155.6</ele>
      <time>2021-07-08T10:21:26Z</time>
    </trkpt>
    <trkpt lat="50.7644178" lon="6.8929751">
      <ele>155.6</ele>
      <time>2021-07-08T10:21:27Z</time>
    </trkpt>
    <trkpt lat="50.7642939" lon="6.8922559">
      <ele>154.6</ele>
      <time>2021-07-08T10:21:34Z</time>
    </trkpt>
    <trkpt lat="50.7642821" lon="6.8921555">
      <ele>154.4</ele>
      <time>2021-07-08T10:21:35Z</time>
    </trkpt>
    <trkpt lat="50.7641797" lon="6.8912876">
      <ele>154.0</ele>
      <time>2021-07-08T10:21:43Z</time>
    </trkpt>
    <trkpt lat="50.7641347" lon="6.8909554">
      <ele>153.6</ele>
      <time>2021-07-08T10:21:46Z</time>
    </trkpt>
    <trkpt lat="50.7640099" lon="6.8900722">
      <ele>152.8</ele>
      <time>2021-07-08T10:21:54Z</time>
    </trkpt>
    <trkpt lat="50.7639958" lon="6.8899584">
      <ele>152.6</ele>
      <time>2021-07-08T10:21:55Z</time>
    </trkpt>
    <trkpt lat="50.7639465" lon="6.8896238">
      <ele>152.2</ele>
      <time>2021-07-08T10:21:58Z</time>
    </trkpt>
    <trkpt lat="50.7638236" lon="6.8890214">
      <ele>151.4</ele>
      <time>2021-07-08T10:22:03Z</time>
    </trkpt>
    <trkpt lat="50.7636309" lon="6.8882268">
      <ele>150.4</ele>
      <time>2021-07-08T10:22:09Z</time>
    </trkpt>
    <trkpt lat="50.7635996" lon="6.8880987">
      <ele>150.2</ele>
      <time>2021-07-08T10:22:10Z</time>
    </trkpt>
    <trkpt lat="50.7634932" lon="6.8875935">
      <ele>149.6</ele>
      <time>2021-07-08T10:22:14Z</time>
    </trkpt>
    <trkpt lat="50.7634640" lon="6.8874735">
      <ele>149.4</ele>
      <time>2021-07-08T10:22:15Z</time>
    </trkpt>
    <trkpt lat="50.7634377" lon="6.8873488">
      <ele>149.2</ele>
      <time>2021-07-08T10:22:16Z</time>
    </trkpt>
    <trkpt lat="50.7633063" lon="6.8866975">
      <ele>148.2</ele>
      <time>2021-07-08T10:22:21Z</time>
    </trkpt>
    <trkpt lat="50.7632220" lon="6.8862960">
      <ele>147.4</ele>
      <time>2021-07-08T10:22:24Z</time>
    </trkpt>
    <trkpt lat="50.7631923" lon="6.8861603">
      <ele>147.2</ele>
      <time>2021-07-08T10:22:25Z</time>
    </trkpt>
    <trkpt lat="50.7630347" lon="6.8856341">
      <ele>146.0</ele>
      <time>2021-07-08T10:22:29Z</time>
    </trkpt>
    <trkpt lat="50.7628453" lon="6.8851562">
      <ele>144.8</ele>
      <time>2021-07-08T10:22:33Z</time>
    </trkpt>
    <trkpt lat="50.7627246" lon="6.8848017">
      <ele>144.2</ele>
      <time>2021-07-08T10:22:36Z</time>
    </trkpt>
    <trkpt lat="50.7626469" lon="6.8845840">
      <ele>143.8</ele>
      <time>2021-07-08T10:22:38Z</time>
    </trkpt>
    <trkpt lat="50.7625436" lon="6.8842726">
      <ele>143.8</ele>
      <time>2021-07-08T10:22:41Z</time>
    </trkpt>
    <trkpt lat="50.7623863" lon="6.8837306">
      <ele>145.0</ele>
      <time>2021-07-08T10:22:47Z</time>
    </trkpt>
    <trkpt lat="50.7622237" lon="6.8831471">
      <ele>146.4</ele>
      <time>2021-07-08T10:22:54Z</time>
    </trkpt>
    <trkpt lat="50.7621880" lon="6.8830010">
      <ele>146.6</ele>
      <time>2021-07-08T10:22:56Z</time>
    </trkpt>
    <trkpt lat="50.7621255" lon="6.8828084">
      <ele>147.4</ele>
      <time>2021-07-08T10:22:59Z</time>
    </trkpt>
    <trkpt lat="50.7619660" lon="6.8821522">
      <ele>148.0</ele>
      <time>2021-07-08T10:23:08Z</time>
    </trkpt>
    <trkpt lat="50.7618927" lon="6.8817976">
      <ele>148.4</ele>
      <time>2021-07-08T10:23:13Z</time>
    </trkpt>
    <trkpt lat="50.7618516" lon="6.8815107">
      <ele>148.8</ele>
      <time>2021-07-08T10:23:17Z</time>
    </trkpt>
    <trkpt lat="50.7617856" lon="6.8808204">
      <ele>149.0</ele>
      <time>2021-07-08T10:23:27Z</time>
    </trkpt>
    <trkpt lat="50.7617782" lon="6.8806821">
      <ele>149.0</ele>
      <time>2021-07-08T10:23:29Z</time>
    </trkpt>
    <trkpt lat="50.7617728" lon="6.8805394">
      <ele>148.8</ele>
      <time>2021-07-08T10:23:31Z</time>
    </trkpt>
    <trkpt lat="50.7617547" lon="6.8803965">
      <ele>148.8</ele>
      <time>2021-07-08T10:23:33Z</time>
    </trkpt>
    <trkpt lat="50.7616553" lon="6.8798742">
      <ele>148.8</ele>
      <time>2021-07-08T10:23:41Z</time>
    </trkpt>
    <trkpt lat="50.7615981" lon="6.8795940">
      <ele>149.0</ele>
      <time>2021-07-08T10:23:47Z</time>
    </trkpt>
    <trkpt lat="50.7615731" lon="6.8794190">
      <ele>149.0</ele>
      <time>2021-07-08T10:23:53Z</time>
    </trkpt>
    <trkpt lat="50.7615373" lon="6.8791876">
      <ele>149.2</ele>
      <time>2021-07-08T10:23:58Z</time>
    </trkpt>
    <trkpt lat="50.7615100" lon="6.8789395">
      <ele>149.4</ele>
      <time>2021-07-08T10:24:03Z</time>
    </trkpt>
    <trkpt lat="50.7614990" lon="6.8789001">
      <ele>149.6</ele>
      <time>2021-07-08T10:24:04Z</time>
    </trkpt>
    <trkpt lat="50.7614952" lon="6.8788746">
      <ele>149.6</ele>
      <time>2021-07-08T10:24:05Z</time>
    </trkpt>
    <trkpt lat="50.7614767" lon="6.8787993">
      <ele>149.6</ele>
      <time>2021-07-08T10:24:07Z</time>
    </trkpt>
    <trkpt lat="50.7613921" lon="6.8785098">
      <ele>150.2</ele>
      <time>2021-07-08T10:24:13Z</time>
    </trkpt>
    <trkpt lat="50.7612256" lon="6.8783467">
      <ele>149.8</ele>
      <time>2021-07-08T10:24:19Z</time>
    </trkpt>
    <trkpt lat="50.7610371" lon="6.8782478">
      <ele>149.8</ele>
      <time>2021-07-08T10:24:25Z</time>
    </trkpt>
    <trkpt lat="50.7610193" lon="6.8782420">
      <ele>150.0</ele>
      <time>2021-07-08T10:24:26Z</time>
    </trkpt>
    <trkpt lat="50.7609598" lon="6.8782155">
      <ele>150.2</ele>
      <time>2021-07-08T10:24:29Z</time>
    </trkpt>
    <trkpt lat="50.7608623" lon="6.8781935">
      <ele>150.6</ele>
      <time>2021-07-08T10:24:33Z</time>
    </trkpt>
    <trkpt lat="50.7608138" lon="6.8781658">
      <ele>150.6</ele>
      <time>2021-07-08T10:24:34Z</time>
    </trkpt>
    <trkpt lat="50.7605946" lon="6.8778319">
      <ele>151.0</ele>
      <time>2021-07-08T10:24:42Z</time>
    </trkpt>
    <trkpt lat="50.7605163" lon="6.8775417">
      <ele>151.0</ele>
      <time>2021-07-08T10:24:46Z</time>
    </trkpt>
    <trkpt lat="50.7604961" lon="6.8772698">
      <ele>151.2</ele>
      <time>2021-07-08T10:24:51Z</time>
    </trkpt>
    <trkpt lat="50.7604816" lon="6.8770296">
      <ele>151.2</ele>
      <time>2021-07-08T10:24:56Z</time>
    </trkpt>
    <trkpt lat="50.7604425" lon="6.8768235">
      <ele>151.4</ele>
      <time>2021-07-08T10:25:00Z</time>
    </trkpt>
    <trkpt lat="50.7604163" lon="6.8767122">
      <ele>151.6</ele>
      <time>2021-07-08T10:25:02Z</time>
    </trkpt>
    <trkpt lat="50.7604197" lon="6.8766662">
      <ele>151.6</ele>
      <time>2021-07-08T10:25:03Z</time>
    </trkpt>
    <trkpt lat="50.7603828" lon="6.8765359">
      <ele>151.6</ele>
      <time>2021-07-08T10:25:06Z</time>
    </trkpt>
    <trkpt lat="50.7603430" lon="6.8762391">
      <ele>151.6</ele>
      <time>2021-07-08T10:25:12Z</time>
    </trkpt>
    <trkpt lat="50.7602707" lon="6.8759786">
      <ele>151.4</ele>
      <time>2021-07-08T10:25:20Z</time>
    </trkpt>
    <trkpt lat="50.7602651" lon="6.8759427">
      <ele>151.6</ele>
      <time>2021-07-08T10:25:21Z</time>
    </trkpt>
    <trkpt lat="50.7602137" lon="6.8757078">
      <ele>151.6</ele>
      <time>2021-07-08T10:25:25Z</time>
    </trkpt>
    <trkpt lat="50.7602050" lon="6.8755198">
      <ele>151.6</ele>
      <time>2021-07-08T10:25:28Z</time>
    </trkpt>
    <trkpt lat="50.7601956" lon="6.8754779">
      <ele>151.6</ele>
      <time>2021-07-08T10:25:29Z</time>
    </trkpt>
    <trkpt lat="50.7601946" lon="6.8754448">
      <ele>151.6</ele>
      <time>2021-07-08T10:25:32Z</time>
    </trkpt>
    <trkpt lat="50.7601946" lon="6.8754448">
      <ele>151.8</ele>
      <time>2021-07-08T10:25:33Z</time>
    </trkpt>
    <trkpt lat="50.7601927" lon="6.8754015">
      <ele>151.8</ele>
      <time>2021-07-08T10:28:16Z</time>
    </trkpt>
    <trkpt lat="50.7601943" lon="6.8753427">
      <ele>151.8</ele>
      <time>2021-07-08T10:28:18Z</time>
    </trkpt>
    <trkpt lat="50.7601927" lon="6.8753025">
      <ele>151.8</ele>
      <time>2021-07-08T10:28:19Z</time>
    </trkpt>
    <trkpt lat="50.7601585" lon="6.8750987">
      <ele>151.6</ele>
      <time>2021-07-08T10:28:23Z</time>
    </trkpt>
    <trkpt lat="50.7601045" lon="6.8748118">
      <ele>151.2</ele>
      <time>2021-07-08T10:28:28Z</time>
    </trkpt>
    <trkpt lat="50.7600118" lon="6.8745030">
      <ele>151.2</ele>
      <time>2021-07-08T10:28:34Z</time>
    </trkpt>
    <trkpt lat="50.7598408" lon="6.8741675">
      <ele>151.6</ele>
      <time>2021-07-08T10:28:42Z</time>
    </trkpt>
    <trkpt lat="50.7596802" lon="6.8738652">
      <ele>151.8</ele>
      <time>2021-07-08T10:28:50Z</time>
    </trkpt>
    <trkpt lat="50.7596753" lon="6.8736373">
      <ele>151.8</ele>
      <time>2021-07-08T10:28:55Z</time>
    </trkpt>
    <trkpt lat="50.7596816" lon="6.8733154">
      <ele>151.4</ele>
      <time>2021-07-08T10:29:01Z</time>
    </trkpt>
    <trkpt lat="50.7596460" lon="6.8729655">
      <ele>151.0</ele>
      <time>2021-07-08T10:29:07Z</time>
    </trkpt>
    <trkpt lat="50.7595444" lon="6.8725685">
      <ele>151.0</ele>
      <time>2021-07-08T10:29:15Z</time>
    </trkpt>
    <trkpt lat="50.7594300" lon="6.8721441">
      <ele>151.2</ele>
      <time>2021-07-08T10:29:23Z</time>
    </trkpt>
    <trkpt lat="50.7593354" lon="6.8717532">
      <ele>151.2</ele>
      <time>2021-07-08T10:29:31Z</time>
    </trkpt>
    <trkpt lat="50.7593622" lon="6.8714021">
      <ele>151.4</ele>
      <time>2021-07-08T10:29:38Z</time>
    </trkpt>
    <trkpt lat="50.7593975" lon="6.8710717">
      <ele>151.2</ele>
      <time>2021-07-08T10:29:45Z</time>
    </trkpt>
    <trkpt lat="50.7594336" lon="6.8707624">
      <ele>151.0</ele>
      <time>2021-07-08T10:29:51Z</time>
    </trkpt>
    <trkpt lat="50.7594463" lon="6.8703421">
      <ele>150.4</ele>
      <time>2021-07-08T10:29:59Z</time>
    </trkpt>
    <trkpt lat="50.7594068" lon="6.8699388">
      <ele>150.4</ele>
      <time>2021-07-08T10:30:06Z</time>
    </trkpt>
    <trkpt lat="50.7593239" lon="6.8695526">
      <ele>150.2</ele>
      <time>2021-07-08T10:30:12Z</time>
    </trkpt>
    <trkpt lat="50.7592405" lon="6.8692608">
      <ele>149.6</ele>
      <time>2021-07-08T10:30:17Z</time>
    </trkpt>
    <trkpt lat="50.7592228" lon="6.8691934">
      <ele>149.4</ele>
      <time>2021-07-08T10:30:19Z</time>
    </trkpt>
    <trkpt lat="50.7592166" lon="6.8691630">
      <ele>149.4</ele>
      <time>2021-07-08T10:30:20Z</time>
    </trkpt>
    <trkpt lat="50.7592155" lon="6.8691292">
      <ele>149.4</ele>
      <time>2021-07-08T10:30:21Z</time>
    </trkpt>
    <trkpt lat="50.7592983" lon="6.8689288">
      <ele>149.2</ele>
      <time>2021-07-08T10:30:27Z</time>
    </trkpt>
    <trkpt lat="50.7594127" lon="6.8688229">
      <ele>149.0</ele>
      <time>2021-07-08T10:30:32Z</time>
    </trkpt>
    <trkpt lat="50.7594865" lon="6.8687828">
      <ele>149.0</ele>
      <time>2021-07-08T10:30:34Z</time>
    </trkpt>
    <trkpt lat="50.7596713" lon="6.8685496">
      <ele>149.2</ele>
      <time>2021-07-08T10:30:39Z</time>
    </trkpt>
    <trkpt lat="50.7597056" lon="6.8685120">
      <ele>149.2</ele>
      <time>2021-07-08T10:30:40Z</time>
    </trkpt>
    <trkpt lat="50.7598212" lon="6.8683735">
      <ele>149.2</ele>
      <time>2021-07-08T10:30:43Z</time>
    </trkpt>
    <trkpt lat="50.7599618" lon="6.8681942">
      <ele>149.4</ele>
      <time>2021-07-08T10:30:48Z</time>
    </trkpt>
    <trkpt lat="50.7599875" lon="6.8681703">
      <ele>149.4</ele>
      <time>2021-07-08T10:30:49Z</time>
    </trkpt>
    <trkpt lat="50.7600886" lon="6.8679800">
      <ele>149.2</ele>
      <time>2021-07-08T10:30:53Z</time>
    </trkpt>
    <trkpt lat="50.7601128" lon="6.8679475">
      <ele>149.2</ele>
      <time>2021-07-08T10:30:54Z</time>
    </trkpt>
    <trkpt lat="50.7602710" lon="6.8677912">
      <ele>149.2</ele>
      <time>2021-07-08T10:31:00Z</time>
    </trkpt>
    <trkpt lat="50.7605072" lon="6.8676025">
      <ele>149.6</ele>
      <time>2021-07-08T10:31:05Z</time>
    </trkpt>
    <trkpt lat="50.7608005" lon="6.8673033">
      <ele>149.6</ele>
      <time>2021-07-08T10:31:12Z</time>
    </trkpt>
    <trkpt lat="50.7610308" lon="6.8671662">
      <ele>149.6</ele>
      <time>2021-07-08T10:31:18Z</time>
    </trkpt>
    <trkpt lat="50.7611965" lon="6.8670445">
      <ele>149.4</ele>
      <time>2021-07-08T10:31:22Z</time>
    </trkpt>
    <trkpt lat="50.7612549" lon="6.8669949">
      <ele>149.2</ele>
      <time>2021-07-08T10:31:24Z</time>
    </trkpt>
    <trkpt lat="50.7615591" lon="6.8666752">
      <ele>149.0</ele>
      <time>2021-07-08T10:31:31Z</time>
    </trkpt>
    <trkpt lat="50.7617734" lon="6.8663231">
      <ele>148.8</ele>
      <time>2021-07-08T10:31:38Z</time>
    </trkpt>
    <trkpt lat="50.7619883" lon="6.8660644">
      <ele>148.4</ele>
      <time>2021-07-08T10:31:45Z</time>
    </trkpt>
    <trkpt lat="50.7621580" lon="6.8659089">
      <ele>148.4</ele>
      <time>2021-07-08T10:31:50Z</time>
    </trkpt>
    <trkpt lat="50.7623064" lon="6.8657495">
      <ele>148.4</ele>
      <time>2021-07-08T10:31:55Z</time>
    </trkpt>
    <trkpt lat="50.7623221" lon="6.8657146">
      <ele>148.4</ele>
      <time>2021-07-08T10:31:56Z</time>
    </trkpt>
    <trkpt lat="50.7625035" lon="6.8655143">
      <ele>148.4</ele>
      <time>2021-07-08T10:32:03Z</time>
    </trkpt>
    <trkpt lat="50.7627638" lon="6.8651843">
      <ele>148.4</ele>
      <time>2021-07-08T10:32:10Z</time>
    </trkpt>
    <trkpt lat="50.7629375" lon="6.8649093">
      <ele>148.2</ele>
      <time>2021-07-08T10:32:15Z</time>
    </trkpt>
    <trkpt lat="50.7630564" lon="6.8645743">
      <ele>148.4</ele>
      <time>2021-07-08T10:32:21Z</time>
    </trkpt>
    <trkpt lat="50.7631691" lon="6.8642833">
      <ele>148.4</ele>
      <time>2021-07-08T10:32:28Z</time>
    </trkpt>
    <trkpt lat="50.7631748" lon="6.8642399">
      <ele>148.6</ele>
      <time>2021-07-08T10:32:30Z</time>
    </trkpt>
    <trkpt lat="50.7631698" lon="6.8641890">
      <ele>148.4</ele>
      <time>2021-07-08T10:32:33Z</time>
    </trkpt>
    <trkpt lat="50.7631671" lon="6.8641661">
      <ele>148.4</ele>
      <time>2021-07-08T10:32:34Z</time>
    </trkpt>
    <trkpt lat="50.7631533" lon="6.8640529">
      <ele>148.0</ele>
      <time>2021-07-08T10:32:38Z</time>
    </trkpt>
    <trkpt lat="50.7631422" lon="6.8640340">
      <ele>148.0</ele>
      <time>2021-07-08T10:32:39Z</time>
    </trkpt>
    <trkpt lat="50.7631242" lon="6.8638602">
      <ele>147.8</ele>
      <time>2021-07-08T10:32:45Z</time>
    </trkpt>
    <trkpt lat="50.7631166" lon="6.8637868">
      <ele>147.6</ele>
      <time>2021-07-08T10:32:47Z</time>
    </trkpt>
    <trkpt lat="50.7631120" lon="6.8636221">
      <ele>147.4</ele>
      <time>2021-07-08T10:32:51Z</time>
    </trkpt>
    <trkpt lat="50.7631383" lon="6.8634693">
      <ele>147.0</ele>
      <time>2021-07-08T10:32:56Z</time>
    </trkpt>
    <trkpt lat="50.7631411" lon="6.8634538">
      <ele>146.8</ele>
      <time>2021-07-08T10:32:57Z</time>
    </trkpt>
    <trkpt lat="50.7631662" lon="6.8633598">
      <ele>146.2</ele>
      <time>2021-07-08T10:33:02Z</time>
    </trkpt>
    <trkpt lat="50.7631707" lon="6.8633449">
      <ele>146.0</ele>
      <time>2021-07-08T10:33:03Z</time>
    </trkpt>
    <trkpt lat="50.7631770" lon="6.8633262">
      <ele>145.6</ele>
      <time>2021-07-08T10:33:06Z</time>
    </trkpt>
    <trkpt lat="50.7631770" lon="6.8633262">
      <ele>145.6</ele>
      <time>2021-07-08T10:33:07Z</time>
    </trkpt>
    <trkpt lat="50.7633688" lon="6.8612533">
      <ele>124.0</ele>
      <time>2021-07-08T10:35:15Z</time>
    </trkpt>
    <trkpt lat="50.7633365" lon="6.8610444">
      <ele>123.8</ele>
      <time>2021-07-08T10:35:18Z</time>
    </trkpt>
    <trkpt lat="50.7633066" lon="6.8609410">
      <ele>122.8</ele>
      <time>2021-07-08T10:35:21Z</time>
    </trkpt>
    <trkpt lat="50.7632898" lon="6.8608773">
      <ele>122.6</ele>
      <time>2021-07-08T10:35:22Z</time>
    </trkpt>
    <trkpt lat="50.7632750" lon="6.8608188">
      <ele>121.6</ele>
      <time>2021-07-08T10:35:24Z</time>
    </trkpt>
    <trkpt lat="50.7632615" lon="6.8607925">
      <ele>121.0</ele>
      <time>2021-07-08T10:35:25Z</time>
    </trkpt>
    <trkpt lat="50.7632504" lon="6.8607576">
      <ele>120.6</ele>
      <time>2021-07-08T10:35:27Z</time>
    </trkpt>
    <trkpt lat="50.7632489" lon="6.8607511">
      <ele>120.4</ele>
      <time>2021-07-08T10:35:28Z</time>
    </trkpt>
    <trkpt lat="50.7632349" lon="6.8606033">
      <ele>119.4</ele>
      <time>2021-07-08T10:35:31Z</time>
    </trkpt>
    <trkpt lat="50.7632364" lon="6.8605529">
      <ele>118.2</ele>
      <time>2021-07-08T10:35:36Z</time>
    </trkpt>
    <trkpt lat="50.7632571" lon="6.8601857">
      <ele>113.8</ele>
      <time>2021-07-08T10:35:57Z</time>
    </trkpt>
    <trkpt lat="50.7632856" lon="6.8601121">
      <ele>113.8</ele>
      <time>2021-07-08T10:36:00Z</time>
    </trkpt>
    <trkpt lat="50.7633456" lon="6.8600580">
      <ele>113.6</ele>
      <time>2021-07-08T10:36:07Z</time>
    </trkpt>
    <trkpt lat="50.7634224" lon="6.8599998">
      <ele>113.6</ele>
      <time>2021-07-08T10:36:11Z</time>
    </trkpt>
    <trkpt lat="50.7634846" lon="6.8599738">
      <ele>113.6</ele>
      <time>2021-07-08T10:36:13Z</time>
    </trkpt>
    <trkpt lat="50.7635529" lon="6.8599242">
      <ele>113.6</ele>
      <time>2021-07-08T10:36:15Z</time>
    </trkpt>
    <trkpt lat="50.7637456" lon="6.8598040">
      <ele>113.6</ele>
      <time>2021-07-08T10:36:20Z</time>
    </trkpt>
    <trkpt lat="50.7638406" lon="6.8597602">
      <ele>113.6</ele>
      <time>2021-07-08T10:36:23Z</time>
    </trkpt>
    <trkpt lat="50.7639153" lon="6.8597165">
      <ele>113.6</ele>
      <time>2021-07-08T10:36:25Z</time>
    </trkpt>
    <trkpt lat="50.7640621" lon="6.8596679">
      <ele>113.8</ele>
      <time>2021-07-08T10:36:28Z</time>
    </trkpt>
    <trkpt lat="50.7641440" lon="6.8596166">
      <ele>113.8</ele>
      <time>2021-07-08T10:36:30Z</time>
    </trkpt>
    <trkpt lat="50.7643683" lon="6.8594583">
      <ele>113.6</ele>
      <time>2021-07-08T10:36:35Z</time>
    </trkpt>
    <trkpt lat="50.7646708" lon="6.8593101">
      <ele>113.4</ele>
      <time>2021-07-08T10:36:42Z</time>
    </trkpt>
    <trkpt lat="50.7649031" lon="6.8590567">
      <ele>113.6</ele>
      <time>2021-07-08T10:36:49Z</time>
    </trkpt>
    <trkpt lat="50.7650761" lon="6.8588815">
      <ele>114.0</ele>
      <time>2021-07-08T10:36:55Z</time>
    </trkpt>
    <trkpt lat="50.7651106" lon="6.8588302">
      <ele>114.2</ele>
      <time>2021-07-08T10:36:58Z</time>
    </trkpt>
    <trkpt lat="50.7651139" lon="6.8588130">
      <ele>114.4</ele>
      <time>2021-07-08T10:36:59Z</time>
    </trkpt>
    <trkpt lat="50.7651489" lon="6.8586742">
      <ele>115.0</ele>
      <time>2021-07-08T10:37:04Z</time>
    </trkpt>
    <trkpt lat="50.7651559" lon="6.8586233">
      <ele>115.0</ele>
      <time>2021-07-08T10:37:05Z</time>
    </trkpt>
    <trkpt lat="50.7651161" lon="6.8583653">
      <ele>115.2</ele>
      <time>2021-07-08T10:37:09Z</time>
    </trkpt>
    <trkpt lat="50.7650648" lon="6.8578062">
      <ele>114.8</ele>
      <time>2021-07-08T10:37:16Z</time>
    </trkpt>
    <trkpt lat="50.7650811" lon="6.8570970">
      <ele>114.2</ele>
      <time>2021-07-08T10:37:24Z</time>
    </trkpt>
    <trkpt lat="50.7650823" lon="6.8570021">
      <ele>114.0</ele>
      <time>2021-07-08T10:37:25Z</time>
    </trkpt>
    <trkpt lat="50.7651023" lon="6.8562996">
      <ele>113.6</ele>
      <time>2021-07-08T10:37:32Z</time>
    </trkpt>
    <trkpt lat="50.7651207" lon="6.8555827">
      <ele>113.0</ele>
      <time>2021-07-08T10:37:39Z</time>
    </trkpt>
    <trkpt lat="50.7651272" lon="6.8553786">
      <ele>112.8</ele>
      <time>2021-07-08T10:37:41Z</time>
    </trkpt>
    <trkpt lat="50.7651522" lon="6.8545204">
      <ele>113.0</ele>
      <time>2021-07-08T10:37:49Z</time>
    </trkpt>
    <trkpt lat="50.7651596" lon="6.8544141">
      <ele>113.0</ele>
      <time>2021-07-08T10:37:50Z</time>
    </trkpt>
    <trkpt lat="50.7652190" lon="6.8536368">
      <ele>114.0</ele>
      <time>2021-07-08T10:37:58Z</time>
    </trkpt>
    <trkpt lat="50.7652446" lon="6.8534686">
      <ele>114.2</ele>
      <time>2021-07-08T10:38:00Z</time>
    </trkpt>
    <trkpt lat="50.7653096" lon="6.8531701">
      <ele>115.0</ele>
      <time>2021-07-08T10:38:04Z</time>
    </trkpt>
    <trkpt lat="50.7653491" lon="6.8530331">
      <ele>115.4</ele>
      <time>2021-07-08T10:38:06Z</time>
    </trkpt>
    <trkpt lat="50.7653886" lon="6.8529051">
      <ele>116.2</ele>
      <time>2021-07-08T10:38:08Z</time>
    </trkpt>
    <trkpt lat="50.7654120" lon="6.8528459">
      <ele>116.4</ele>
      <time>2021-07-08T10:38:09Z</time>
    </trkpt>
    <trkpt lat="50.7654365" lon="6.8527839">
      <ele>116.8</ele>
      <time>2021-07-08T10:38:10Z</time>
    </trkpt>
    <trkpt lat="50.7655403" lon="6.8525477">
      <ele>117.4</ele>
      <time>2021-07-08T10:38:14Z</time>
    </trkpt>
    <trkpt lat="50.7655690" lon="6.8524907">
      <ele>117.6</ele>
      <time>2021-07-08T10:38:15Z</time>
    </trkpt>
    <trkpt lat="50.7655985" lon="6.8524342">
      <ele>117.8</ele>
      <time>2021-07-08T10:38:16Z</time>
    </trkpt>
    <trkpt lat="50.7656255" lon="6.8523747">
      <ele>117.8</ele>
      <time>2021-07-08T10:38:17Z</time>
    </trkpt>
    <trkpt lat="50.7657485" lon="6.8521462">
      <ele>118.6</ele>
      <time>2021-07-08T10:38:21Z</time>
    </trkpt>
    <trkpt lat="50.7660281" lon="6.8517945">
      <ele>119.6</ele>
      <time>2021-07-08T10:38:29Z</time>
    </trkpt>
    <trkpt lat="50.7662411" lon="6.8515692">
      <ele>120.2</ele>
      <time>2021-07-08T10:38:35Z</time>
    </trkpt>
    <trkpt lat="50.7663878" lon="6.8514238">
      <ele>120.4</ele>
      <time>2021-07-08T10:38:39Z</time>
    </trkpt>
    <trkpt lat="50.7664580" lon="6.8513459">
      <ele>120.6</ele>
      <time>2021-07-08T10:38:41Z</time>
    </trkpt>
    <trkpt lat="50.7665667" lon="6.8512207">
      <ele>120.6</ele>
      <time>2021-07-08T10:38:44Z</time>
    </trkpt>
    <trkpt lat="50.7667138" lon="6.8510283">
      <ele>121.0</ele>
      <time>2021-07-08T10:38:48Z</time>
    </trkpt>
    <trkpt lat="50.7669730" lon="6.8506121">
      <ele>121.4</ele>
      <time>2021-07-08T10:38:56Z</time>
    </trkpt>
    <trkpt lat="50.7671289" lon="6.8503757">
      <ele>121.6</ele>
      <time>2021-07-08T10:39:01Z</time>
    </trkpt>
    <trkpt lat="50.7671380" lon="6.8503265">
      <ele>121.6</ele>
      <time>2021-07-08T10:39:02Z</time>
    </trkpt>
    <trkpt lat="50.7670869" lon="6.8502051">
      <ele>121.6</ele>
      <time>2021-07-08T10:39:05Z</time>
    </trkpt>
    <trkpt lat="50.7670551" lon="6.8501620">
      <ele>121.6</ele>
      <time>2021-07-08T10:39:06Z</time>
    </trkpt>
    <trkpt lat="50.7669701" lon="6.8500753">
      <ele>121.6</ele>
      <time>2021-07-08T10:39:08Z</time>
    </trkpt>
    <trkpt lat="50.7669290" lon="6.8500234">
      <ele>121.6</ele>
      <time>2021-07-08T10:39:09Z</time>
    </trkpt>
    <trkpt lat="50.7666901" lon="6.8496985">
      <ele>120.0</ele>
      <time>2021-07-08T10:39:15Z</time>
    </trkpt>
    <trkpt lat="50.7666439" lon="6.8496354">
      <ele>119.8</ele>
      <time>2021-07-08T10:39:16Z</time>
    </trkpt>
    <trkpt lat="50.7666025" lon="6.8495778">
      <ele>119.6</ele>
      <time>2021-07-08T10:39:17Z</time>
    </trkpt>
    <trkpt lat="50.7665265" lon="6.8494706">
      <ele>119.2</ele>
      <time>2021-07-08T10:39:19Z</time>
    </trkpt>
    <trkpt lat="50.7664733" lon="6.8494087">
      <ele>119.2</ele>
      <time>2021-07-08T10:39:20Z</time>
    </trkpt>
    <trkpt lat="50.7662553" lon="6.8491760">
      <ele>118.4</ele>
      <time>2021-07-08T10:39:23Z</time>
    </trkpt>
    <trkpt lat="50.7661756" lon="6.8490891">
      <ele>118.0</ele>
      <time>2021-07-08T10:39:24Z</time>
    </trkpt>
    <trkpt lat="50.7660617" lon="6.8489482">
      <ele>117.0</ele>
      <time>2021-07-08T10:39:26Z</time>
    </trkpt>
    <trkpt lat="50.7660199" lon="6.8489066">
      <ele>116.8</ele>
      <time>2021-07-08T10:39:27Z</time>
    </trkpt>
    <trkpt lat="50.7659822" lon="6.8488819">
      <ele>116.2</ele>
      <time>2021-07-08T10:39:28Z</time>
    </trkpt>
    <trkpt lat="50.7659377" lon="6.8488381">
      <ele>115.8</ele>
      <time>2021-07-08T10:39:29Z</time>
    </trkpt>
    <trkpt lat="50.7658299" lon="6.8487132">
      <ele>115.0</ele>
      <time>2021-07-08T10:39:31Z</time>
    </trkpt>
    <trkpt lat="50.7657815" lon="6.8486496">
      <ele>114.8</ele>
      <time>2021-07-08T10:39:32Z</time>
    </trkpt>
    <trkpt lat="50.7656429" lon="6.8484596">
      <ele>113.8</ele>
      <time>2021-07-08T10:39:35Z</time>
    </trkpt>
    <trkpt lat="50.7656089" lon="6.8484172">
      <ele>113.4</ele>
      <time>2021-07-08T10:39:36Z</time>
    </trkpt>
    <trkpt lat="50.7655902" lon="6.8483923">
      <ele>112.6</ele>
      <time>2021-07-08T10:39:37Z</time>
    </trkpt>
    <trkpt lat="50.7655856" lon="6.8483847">
      <ele>112.2</ele>
      <time>2021-07-08T10:39:39Z</time>
    </trkpt>
    <trkpt lat="50.7656084" lon="6.8482960">
      <ele>112.0</ele>
      <time>2021-07-08T10:39:45Z</time>
    </trkpt>
    <trkpt lat="50.7656427" lon="6.8482087">
      <ele>111.8</ele>
      <time>2021-07-08T10:39:47Z</time>
    </trkpt>
    <trkpt lat="50.7656668" lon="6.8481555">
      <ele>111.8</ele>
      <time>2021-07-08T10:39:48Z</time>
    </trkpt>
    <trkpt lat="50.7657607" lon="6.8479565">
      <ele>111.6</ele>
      <time>2021-07-08T10:39:51Z</time>
    </trkpt>
    <trkpt lat="50.7660326" lon="6.8474010">
      <ele>110.8</ele>
      <time>2021-07-08T10:39:59Z</time>
    </trkpt>
    <trkpt lat="50.7660678" lon="6.8473395">
      <ele>110.8</ele>
      <time>2021-07-08T10:40:00Z</time>
    </trkpt>
    <trkpt lat="50.7661005" lon="6.8472777">
      <ele>110.8</ele>
      <time>2021-07-08T10:40:01Z</time>
    </trkpt>
    <trkpt lat="50.7661309" lon="6.8472163">
      <ele>110.8</ele>
      <time>2021-07-08T10:40:02Z</time>
    </trkpt>
    <trkpt lat="50.7661527" lon="6.8471514">
      <ele>110.8</ele>
      <time>2021-07-08T10:40:03Z</time>
    </trkpt>
    <trkpt lat="50.7661640" lon="6.8470763">
      <ele>110.8</ele>
      <time>2021-07-08T10:40:04Z</time>
    </trkpt>
    <trkpt lat="50.7661674" lon="6.8470003">
      <ele>110.6</ele>
      <time>2021-07-08T10:40:05Z</time>
    </trkpt>
    <trkpt lat="50.7661384" lon="6.8468522">
      <ele>110.6</ele>
      <time>2021-07-08T10:40:07Z</time>
    </trkpt>
    <trkpt lat="50.7661114" lon="6.8467827">
      <ele>110.4</ele>
      <time>2021-07-08T10:40:08Z</time>
    </trkpt>
    <trkpt lat="50.7660267" lon="6.8465626">
      <ele>110.4</ele>
      <time>2021-07-08T10:40:11Z</time>
    </trkpt>
    <trkpt lat="50.7659736" lon="6.8463592">
      <ele>110.4</ele>
      <time>2021-07-08T10:40:14Z</time>
    </trkpt>
    <trkpt lat="50.7659689" lon="6.8462971">
      <ele>110.4</ele>
      <time>2021-07-08T10:40:15Z</time>
    </trkpt>
    <trkpt lat="50.7660151" lon="6.8461698">
      <ele>110.8</ele>
      <time>2021-07-08T10:40:18Z</time>
    </trkpt>
    <trkpt lat="50.7660493" lon="6.8461400">
      <ele>111.0</ele>
      <time>2021-07-08T10:40:19Z</time>
    </trkpt>
    <trkpt lat="50.7661243" lon="6.8460816">
      <ele>111.0</ele>
      <time>2021-07-08T10:40:21Z</time>
    </trkpt>
    <trkpt lat="50.7662901" lon="6.8459465">
      <ele>111.2</ele>
      <time>2021-07-08T10:40:25Z</time>
    </trkpt>
    <trkpt lat="50.7663792" lon="6.8458695">
      <ele>111.2</ele>
      <time>2021-07-08T10:40:27Z</time>
    </trkpt>
    <trkpt lat="50.7666717" lon="6.8456243">
      <ele>111.4</ele>
      <time>2021-07-08T10:40:33Z</time>
    </trkpt>
    <trkpt lat="50.7669271" lon="6.8454029">
      <ele>111.2</ele>
      <time>2021-07-08T10:40:38Z</time>
    </trkpt>
    <trkpt lat="50.7673489" lon="6.8450549">
      <ele>110.8</ele>
      <time>2021-07-08T10:40:46Z</time>
    </trkpt>
    <trkpt lat="50.7678398" lon="6.8446173">
      <ele>110.6</ele>
      <time>2021-07-08T10:40:56Z</time>
    </trkpt>
    <trkpt lat="50.7678885" lon="6.8445673">
      <ele>110.6</ele>
      <time>2021-07-08T10:40:57Z</time>
    </trkpt>
    <trkpt lat="50.7682829" lon="6.8441410">
      <ele>110.8</ele>
      <time>2021-07-08T10:41:05Z</time>
    </trkpt>
    <trkpt lat="50.7687113" lon="6.8436098">
      <ele>110.4</ele>
      <time>2021-07-08T10:41:14Z</time>
    </trkpt>
    <trkpt lat="50.7687562" lon="6.8435449">
      <ele>110.4</ele>
      <time>2021-07-08T10:41:15Z</time>
    </trkpt>
    <trkpt lat="50.7691681" lon="6.8429617">
      <ele>110.2</ele>
      <time>2021-07-08T10:41:24Z</time>
    </trkpt>
    <trkpt lat="50.7695659" lon="6.8423837">
      <ele>110.4</ele>
      <time>2021-07-08T10:41:33Z</time>
    </trkpt>
    <trkpt lat="50.7696944" lon="6.8421900">
      <ele>110.4</ele>
      <time>2021-07-08T10:41:36Z</time>
    </trkpt>
    <trkpt lat="50.7698738" lon="6.8419303">
      <ele>110.2</ele>
      <time>2021-07-08T10:41:40Z</time>
    </trkpt>
    <trkpt lat="50.7700876" lon="6.8416099">
      <ele>110.2</ele>
      <time>2021-07-08T10:41:45Z</time>
    </trkpt>
    <trkpt lat="50.7703047" lon="6.8412984">
      <ele>110.0</ele>
      <time>2021-07-08T10:41:50Z</time>
    </trkpt>
    <trkpt lat="50.7704026" lon="6.8412291">
      <ele>110.2</ele>
      <time>2021-07-08T10:41:52Z</time>
    </trkpt>
    <trkpt lat="50.7705533" lon="6.8412090">
      <ele>110.2</ele>
      <time>2021-07-08T10:41:55Z</time>
    </trkpt>
    <trkpt lat="50.7705954" lon="6.8411731">
      <ele>110.2</ele>
      <time>2021-07-08T10:41:56Z</time>
    </trkpt>
    <trkpt lat="50.7706305" lon="6.8411232">
      <ele>110.2</ele>
      <time>2021-07-08T10:41:57Z</time>
    </trkpt>
    <trkpt lat="50.7707647" lon="6.8409049">
      <ele>110.4</ele>
      <time>2021-07-08T10:42:01Z</time>
    </trkpt>
    <trkpt lat="50.7707923" lon="6.8408350">
      <ele>110.4</ele>
      <time>2021-07-08T10:42:02Z</time>
    </trkpt>
    <trkpt lat="50.7708132" lon="6.8407545">
      <ele>110.4</ele>
      <time>2021-07-08T10:42:03Z</time>
    </trkpt>
    <trkpt lat="50.7708535" lon="6.8405837">
      <ele>110.4</ele>
      <time>2021-07-08T10:42:05Z</time>
    </trkpt>
    <trkpt lat="50.7708839" lon="6.8405044">
      <ele>110.4</ele>
      <time>2021-07-08T10:42:06Z</time>
    </trkpt>
    <trkpt lat="50.7709225" lon="6.8404330">
      <ele>110.2</ele>
      <time>2021-07-08T10:42:07Z</time>
    </trkpt>
    <trkpt lat="50.7710561" lon="6.8402409">
      <ele>109.8</ele>
      <time>2021-07-08T10:42:10Z</time>
    </trkpt>
    <trkpt lat="50.7712912" lon="6.8399370">
      <ele>109.4</ele>
      <time>2021-07-08T10:42:15Z</time>
    </trkpt>
    <trkpt lat="50.7715815" lon="6.8395674">
      <ele>109.0</ele>
      <time>2021-07-08T10:42:21Z</time>
    </trkpt>
    <trkpt lat="50.7719840" lon="6.8390576">
      <ele>109.0</ele>
      <time>2021-07-08T10:42:29Z</time>
    </trkpt>
    <trkpt lat="50.7721283" lon="6.8388634">
      <ele>109.0</ele>
      <time>2021-07-08T10:42:32Z</time>
    </trkpt>
    <trkpt lat="50.7725477" lon="6.8383222">
      <ele>108.8</ele>
      <time>2021-07-08T10:42:41Z</time>
    </trkpt>
    <trkpt lat="50.7729639" lon="6.8377685">
      <ele>109.0</ele>
      <time>2021-07-08T10:42:50Z</time>
    </trkpt>
    <trkpt lat="50.7730616" lon="6.8376448">
      <ele>109.0</ele>
      <time>2021-07-08T10:42:52Z</time>
    </trkpt>
    <trkpt lat="50.7734993" lon="6.8370811">
      <ele>109.2</ele>
      <time>2021-07-08T10:43:01Z</time>
    </trkpt>
    <trkpt lat="50.7735515" lon="6.8370217">
      <ele>109.2</ele>
      <time>2021-07-08T10:43:02Z</time>
    </trkpt>
    <trkpt lat="50.7739111" lon="6.8366436">
      <ele>109.2</ele>
      <time>2021-07-08T10:43:09Z</time>
    </trkpt>
    <trkpt lat="50.7740659" lon="6.8363483">
      <ele>109.2</ele>
      <time>2021-07-08T10:43:13Z</time>
    </trkpt>
    <trkpt lat="50.7740930" lon="6.8362601">
      <ele>109.2</ele>
      <time>2021-07-08T10:43:14Z</time>
    </trkpt>
    <trkpt lat="50.7742897" lon="6.8355501">
      <ele>109.2</ele>
      <time>2021-07-08T10:43:22Z</time>
    </trkpt>
    <trkpt lat="50.7743211" lon="6.8354824">
      <ele>109.2</ele>
      <time>2021-07-08T10:43:23Z</time>
    </trkpt>
    <trkpt lat="50.7743565" lon="6.8354355">
      <ele>109.2</ele>
      <time>2021-07-08T10:43:24Z</time>
    </trkpt>
    <trkpt lat="50.7743955" lon="6.8354170">
      <ele>109.0</ele>
      <time>2021-07-08T10:43:25Z</time>
    </trkpt>
    <trkpt lat="50.7744400" lon="6.8354179">
      <ele>109.0</ele>
      <time>2021-07-08T10:43:26Z</time>
    </trkpt>
    <trkpt lat="50.7745778" lon="6.8354496">
      <ele>109.0</ele>
      <time>2021-07-08T10:43:29Z</time>
    </trkpt>
    <trkpt lat="50.7747331" lon="6.8354721">
      <ele>109.0</ele>
      <time>2021-07-08T10:43:32Z</time>
    </trkpt>
    <trkpt lat="50.7748421" lon="6.8354580">
      <ele>109.0</ele>
      <time>2021-07-08T10:43:34Z</time>
    </trkpt>
    <trkpt lat="50.7749434" lon="6.8354194">
      <ele>109.2</ele>
      <time>2021-07-08T10:43:36Z</time>
    </trkpt>
    <trkpt lat="50.7751349" lon="6.8352461">
      <ele>109.2</ele>
      <time>2021-07-08T10:43:40Z</time>
    </trkpt>
    <trkpt lat="50.7754926" lon="6.8348263">
      <ele>109.0</ele>
      <time>2021-07-08T10:43:48Z</time>
    </trkpt>
    <trkpt lat="50.7757924" lon="6.8344888">
      <ele>108.8</ele>
      <time>2021-07-08T10:43:55Z</time>
    </trkpt>
    <trkpt lat="50.7758460" lon="6.8344380">
      <ele>108.8</ele>
      <time>2021-07-08T10:43:56Z</time>
    </trkpt>
    <trkpt lat="50.7760301" lon="6.8343377">
      <ele>108.8</ele>
      <time>2021-07-08T10:43:59Z</time>
    </trkpt>
    <trkpt lat="50.7764164" lon="6.8341385">
      <ele>108.8</ele>
      <time>2021-07-08T10:44:06Z</time>
    </trkpt>
    <trkpt lat="50.7765882" lon="6.8340319">
      <ele>108.6</ele>
      <time>2021-07-08T10:44:10Z</time>
    </trkpt>
    <trkpt lat="50.7766423" lon="6.8340099">
      <ele>108.6</ele>
      <time>2021-07-08T10:44:11Z</time>
    </trkpt>
    <trkpt lat="50.7768731" lon="6.8338784">
      <ele>108.6</ele>
      <time>2021-07-08T10:44:15Z</time>
    </trkpt>
    <trkpt lat="50.7769135" lon="6.8338361">
      <ele>108.6</ele>
      <time>2021-07-08T10:44:16Z</time>
    </trkpt>
    <trkpt lat="50.7771686" lon="6.8334730">
      <ele>108.4</ele>
      <time>2021-07-08T10:44:22Z</time>
    </trkpt>
    <trkpt lat="50.7774073" lon="6.8330999">
      <ele>108.4</ele>
      <time>2021-07-08T10:44:28Z</time>
    </trkpt>
    <trkpt lat="50.7774884" lon="6.8329760">
      <ele>108.4</ele>
      <time>2021-07-08T10:44:30Z</time>
    </trkpt>
    <trkpt lat="50.7775358" lon="6.8329023">
      <ele>108.4</ele>
      <time>2021-07-08T10:44:31Z</time>
    </trkpt>
    <trkpt lat="50.7777531" lon="6.8325916">
      <ele>108.4</ele>
      <time>2021-07-08T10:44:36Z</time>
    </trkpt>
    <trkpt lat="50.7777938" lon="6.8325533">
      <ele>108.4</ele>
      <time>2021-07-08T10:44:37Z</time>
    </trkpt>
    <trkpt lat="50.7778681" lon="6.8325323">
      <ele>108.4</ele>
      <time>2021-07-08T10:44:39Z</time>
    </trkpt>
    <trkpt lat="50.7779878" lon="6.8323336">
      <ele>108.4</ele>
      <time>2021-07-08T10:44:41Z</time>
    </trkpt>
    <trkpt lat="50.7780026" lon="6.8322750">
      <ele>108.6</ele>
      <time>2021-07-08T10:44:42Z</time>
    </trkpt>
    <trkpt lat="50.7780819" lon="6.8321794">
      <ele>108.6</ele>
      <time>2021-07-08T10:44:44Z</time>
    </trkpt>
    <trkpt lat="50.7781253" lon="6.8321347">
      <ele>108.6</ele>
      <time>2021-07-08T10:44:45Z</time>
    </trkpt>
    <trkpt lat="50.7784657" lon="6.8316872">
      <ele>108.4</ele>
      <time>2021-07-08T10:44:53Z</time>
    </trkpt>
    <trkpt lat="50.7786658" lon="6.8314320">
      <ele>108.2</ele>
      <time>2021-07-08T10:44:58Z</time>
    </trkpt>
    <trkpt lat="50.7788902" lon="6.8311435">
      <ele>108.2</ele>
      <time>2021-07-08T10:45:03Z</time>
    </trkpt>
    <trkpt lat="50.7789912" lon="6.8310155">
      <ele>108.0</ele>
      <time>2021-07-08T10:45:05Z</time>
    </trkpt>
    <trkpt lat="50.7792800" lon="6.8307167">
      <ele>108.2</ele>
      <time>2021-07-08T10:45:10Z</time>
    </trkpt>
    <trkpt lat="50.7795154" lon="6.8304996">
      <ele>108.2</ele>
      <time>2021-07-08T10:45:14Z</time>
    </trkpt>
    <trkpt lat="50.7796657" lon="6.8303646">
      <ele>108.0</ele>
      <time>2021-07-08T10:45:17Z</time>
    </trkpt>
    <trkpt lat="50.7797603" lon="6.8302800">
      <ele>108.0</ele>
      <time>2021-07-08T10:45:19Z</time>
    </trkpt>
    <trkpt lat="50.7798682" lon="6.8302013">
      <ele>107.8</ele>
      <time>2021-07-08T10:45:21Z</time>
    </trkpt>
    <trkpt lat="50.7799240" lon="6.8301797">
      <ele>107.8</ele>
      <time>2021-07-08T10:45:22Z</time>
    </trkpt>
    <trkpt lat="50.7803175" lon="6.8300789">
      <ele>107.6</ele>
      <time>2021-07-08T10:45:30Z</time>
    </trkpt>
    <trkpt lat="50.7805184" lon="6.8300019">
      <ele>107.6</ele>
      <time>2021-07-08T10:45:35Z</time>
    </trkpt>
    <trkpt lat="50.7806107" lon="6.8299806">
      <ele>107.6</ele>
      <time>2021-07-08T10:45:37Z</time>
    </trkpt>
    <trkpt lat="50.7807892" lon="6.8298800">
      <ele>107.6</ele>
      <time>2021-07-08T10:45:41Z</time>
    </trkpt>
    <trkpt lat="50.7808794" lon="6.8298156">
      <ele>107.6</ele>
      <time>2021-07-08T10:45:43Z</time>
    </trkpt>
    <trkpt lat="50.7810637" lon="6.8296514">
      <ele>107.6</ele>
      <time>2021-07-08T10:45:47Z</time>
    </trkpt>
    <trkpt lat="50.7812909" lon="6.8293900">
      <ele>107.2</ele>
      <time>2021-07-08T10:45:52Z</time>
    </trkpt>
    <trkpt lat="50.7813687" lon="6.8292655">
      <ele>107.2</ele>
      <time>2021-07-08T10:45:54Z</time>
    </trkpt>
    <trkpt lat="50.7816328" lon="6.8286752">
      <ele>107.4</ele>
      <time>2021-07-08T10:46:02Z</time>
    </trkpt>
    <trkpt lat="50.7816677" lon="6.8286011">
      <ele>107.4</ele>
      <time>2021-07-08T10:46:03Z</time>
    </trkpt>
    <trkpt lat="50.7818519" lon="6.8282335">
      <ele>107.4</ele>
      <time>2021-07-08T10:46:08Z</time>
    </trkpt>
    <trkpt lat="50.7820826" lon="6.8278560">
      <ele>107.4</ele>
      <time>2021-07-08T10:46:14Z</time>
    </trkpt>
    <trkpt lat="50.7821231" lon="6.8278197">
      <ele>107.4</ele>
      <time>2021-07-08T10:46:15Z</time>
    </trkpt>
    <trkpt lat="50.7821577" lon="6.8278046">
      <ele>107.4</ele>
      <time>2021-07-08T10:46:16Z</time>
    </trkpt>
    <trkpt lat="50.7822094" lon="6.8278477">
      <ele>107.6</ele>
      <time>2021-07-08T10:46:18Z</time>
    </trkpt>
    <trkpt lat="50.7822979" lon="6.8281059">
      <ele>108.2</ele>
      <time>2021-07-08T10:46:24Z</time>
    </trkpt>
    <trkpt lat="50.7824070" lon="6.8283162">
      <ele>109.0</ele>
      <time>2021-07-08T10:46:29Z</time>
    </trkpt>
    <trkpt lat="50.7824633" lon="6.8283873">
      <ele>109.6</ele>
      <time>2021-07-08T10:46:31Z</time>
    </trkpt>
    <trkpt lat="50.7825018" lon="6.8284004">
      <ele>110.4</ele>
      <time>2021-07-08T10:46:33Z</time>
    </trkpt>
    <trkpt lat="50.7825225" lon="6.8284091">
      <ele>110.8</ele>
      <time>2021-07-08T10:46:34Z</time>
    </trkpt>
    <trkpt lat="50.7825720" lon="6.8283834">
      <ele>111.2</ele>
      <time>2021-07-08T10:46:36Z</time>
    </trkpt>
    <trkpt lat="50.7826023" lon="6.8283448">
      <ele>111.4</ele>
      <time>2021-07-08T10:46:37Z</time>
    </trkpt>
    <trkpt lat="50.7827635" lon="6.8281924">
      <ele>111.6</ele>
      <time>2021-07-08T10:46:41Z</time>
    </trkpt>
    <trkpt lat="50.7828089" lon="6.8281375">
      <ele>111.8</ele>
      <time>2021-07-08T10:46:42Z</time>
    </trkpt>
    <trkpt lat="50.7830797" lon="6.8277827">
      <ele>111.6</ele>
      <time>2021-07-08T10:46:48Z</time>
    </trkpt>
    <trkpt lat="50.7833872" lon="6.8272874">
      <ele>110.6</ele>
      <time>2021-07-08T10:46:55Z</time>
    </trkpt>
    <trkpt lat="50.7836827" lon="6.8269248">
      <ele>110.2</ele>
      <time>2021-07-08T10:47:02Z</time>
    </trkpt>
    <trkpt lat="50.7837284" lon="6.8268794">
      <ele>110.2</ele>
      <time>2021-07-08T10:47:03Z</time>
    </trkpt>
    <trkpt lat="50.7840065" lon="6.8265928">
      <ele>110.0</ele>
      <time>2021-07-08T10:47:09Z</time>
    </trkpt>
    <trkpt lat="50.7843399" lon="6.8262232">
      <ele>109.6</ele>
      <time>2021-07-08T10:47:16Z</time>
    </trkpt>
    <trkpt lat="50.7847286" lon="6.8257073">
      <ele>109.8</ele>
      <time>2021-07-08T10:47:25Z</time>
    </trkpt>
    <trkpt lat="50.7848342" lon="6.8255573">
      <ele>110.0</ele>
      <time>2021-07-08T10:47:28Z</time>
    </trkpt>
    <trkpt lat="50.7849136" lon="6.8254964">
      <ele>110.0</ele>
      <time>2021-07-08T10:47:30Z</time>
    </trkpt>
    <trkpt lat="50.7849762" lon="6.8254086">
      <ele>110.0</ele>
      <time>2021-07-08T10:47:32Z</time>
    </trkpt>
    <trkpt lat="50.7849998" lon="6.8253490">
      <ele>110.0</ele>
      <time>2021-07-08T10:47:33Z</time>
    </trkpt>
    <trkpt lat="50.7850153" lon="6.8252893">
      <ele>110.0</ele>
      <time>2021-07-08T10:47:34Z</time>
    </trkpt>
    <trkpt lat="50.7850221" lon="6.8251905">
      <ele>110.0</ele>
      <time>2021-07-08T10:47:36Z</time>
    </trkpt>
    <trkpt lat="50.7850750" lon="6.8250910">
      <ele>110.0</ele>
      <time>2021-07-08T10:47:39Z</time>
    </trkpt>
    <trkpt lat="50.7851082" lon="6.8250661">
      <ele>109.8</ele>
      <time>2021-07-08T10:47:40Z</time>
    </trkpt>
    <trkpt lat="50.7852365" lon="6.8249232">
      <ele>109.8</ele>
      <time>2021-07-08T10:47:44Z</time>
    </trkpt>
    <trkpt lat="50.7852619" lon="6.8248632">
      <ele>109.6</ele>
      <time>2021-07-08T10:47:45Z</time>
    </trkpt>
    <trkpt lat="50.7853152" lon="6.8247414">
      <ele>109.6</ele>
      <time>2021-07-08T10:47:47Z</time>
    </trkpt>
    <trkpt lat="50.7853916" lon="6.8246308">
      <ele>109.6</ele>
      <time>2021-07-08T10:47:49Z</time>
    </trkpt>
    <trkpt lat="50.7856122" lon="6.8243564">
      <ele>109.4</ele>
      <time>2021-07-08T10:47:54Z</time>
    </trkpt>
    <trkpt lat="50.7858693" lon="6.8240252">
      <ele>109.4</ele>
      <time>2021-07-08T10:48:00Z</time>
    </trkpt>
    <trkpt lat="50.7860174" lon="6.8238182">
      <ele>109.4</ele>
      <time>2021-07-08T10:48:04Z</time>
    </trkpt>
    <trkpt lat="50.7861124" lon="6.8237154">
      <ele>109.4</ele>
      <time>2021-07-08T10:48:08Z</time>
    </trkpt>
    <trkpt lat="50.7861515" lon="6.8236759">
      <ele>109.4</ele>
      <time>2021-07-08T10:48:11Z</time>
    </trkpt>
    <trkpt lat="50.7861581" lon="6.8236627">
      <ele>109.4</ele>
      <time>2021-07-08T10:48:12Z</time>
    </trkpt>
    <trkpt lat="50.7861793" lon="6.8236123">
      <ele>109.4</ele>
      <time>2021-07-08T10:48:14Z</time>
    </trkpt>
    <trkpt lat="50.7861697" lon="6.8235288">
      <ele>109.4</ele>
      <time>2021-07-08T10:48:16Z</time>
    </trkpt>
    <trkpt lat="50.7860815" lon="6.8233010">
      <ele>109.2</ele>
      <time>2021-07-08T10:48:20Z</time>
    </trkpt>
    <trkpt lat="50.7859537" lon="6.8229889">
      <ele>108.4</ele>
      <time>2021-07-08T10:48:24Z</time>
    </trkpt>
    <trkpt lat="50.7858826" lon="6.8228201">
      <ele>108.2</ele>
      <time>2021-07-08T10:48:26Z</time>
    </trkpt>
    <trkpt lat="50.7857038" lon="6.8223591">
      <ele>107.2</ele>
      <time>2021-07-08T10:48:31Z</time>
    </trkpt>
    <trkpt lat="50.7856306" lon="6.8221787">
      <ele>106.6</ele>
      <time>2021-07-08T10:48:33Z</time>
    </trkpt>
    <trkpt lat="50.7854873" lon="6.8218370">
      <ele>106.0</ele>
      <time>2021-07-08T10:48:37Z</time>
    </trkpt>
    <trkpt lat="50.7854533" lon="6.8217518">
      <ele>105.8</ele>
      <time>2021-07-08T10:48:38Z</time>
    </trkpt>
    <trkpt lat="50.7853879" lon="6.8215856">
      <ele>105.6</ele>
      <time>2021-07-08T10:48:40Z</time>
    </trkpt>
    <trkpt lat="50.7850741" lon="6.8208429">
      <ele>105.8</ele>
      <time>2021-07-08T10:48:49Z</time>
    </trkpt>
    <trkpt lat="50.7850403" lon="6.8207621">
      <ele>105.8</ele>
      <time>2021-07-08T10:48:50Z</time>
    </trkpt>
    <trkpt lat="50.7847183" lon="6.8199861">
      <ele>105.8</ele>
      <time>2021-07-08T10:49:00Z</time>
    </trkpt>
    <trkpt lat="50.7845469" lon="6.8195615">
      <ele>105.8</ele>
      <time>2021-07-08T10:49:06Z</time>
    </trkpt>
    <trkpt lat="50.7844235" lon="6.8192938">
      <ele>105.8</ele>
      <time>2021-07-08T10:49:10Z</time>
    </trkpt>
    <trkpt lat="50.7844049" lon="6.8191757">
      <ele>106.0</ele>
      <time>2021-07-08T10:49:12Z</time>
    </trkpt>
    <trkpt lat="50.7844934" lon="6.8190345">
      <ele>106.0</ele>
      <time>2021-07-08T10:49:15Z</time>
    </trkpt>
    <trkpt lat="50.7845351" lon="6.8189901">
      <ele>106.0</ele>
      <time>2021-07-08T10:49:16Z</time>
    </trkpt>
    <trkpt lat="50.7847504" lon="6.8187574">
      <ele>106.0</ele>
      <time>2021-07-08T10:49:21Z</time>
    </trkpt>
    <trkpt lat="50.7850767" lon="6.8184830">
      <ele>106.0</ele>
      <time>2021-07-08T10:49:29Z</time>
    </trkpt>
    <trkpt lat="50.7852654" lon="6.8184513">
      <ele>106.0</ele>
      <time>2021-07-08T10:49:34Z</time>
    </trkpt>
    <trkpt lat="50.7855409" lon="6.8185092">
      <ele>106.0</ele>
      <time>2021-07-08T10:49:39Z</time>
    </trkpt>
    <trkpt lat="50.7857151" lon="6.8184785">
      <ele>106.0</ele>
      <time>2021-07-08T10:49:42Z</time>
    </trkpt>
    <trkpt lat="50.7858839" lon="6.8183932">
      <ele>106.0</ele>
      <time>2021-07-08T10:49:45Z</time>
    </trkpt>
    <trkpt lat="50.7862979" lon="6.8181242">
      <ele>105.6</ele>
      <time>2021-07-08T10:49:53Z</time>
    </trkpt>
    <trkpt lat="50.7866630" lon="6.8179058">
      <ele>105.6</ele>
      <time>2021-07-08T10:50:01Z</time>
    </trkpt>
    <trkpt lat="50.7869001" lon="6.8178501">
      <ele>105.6</ele>
      <time>2021-07-08T10:50:07Z</time>
    </trkpt>
    <trkpt lat="50.7870957" lon="6.8179253">
      <ele>105.6</ele>
      <time>2021-07-08T10:50:12Z</time>
    </trkpt>
    <trkpt lat="50.7874096" lon="6.8180207">
      <ele>105.6</ele>
      <time>2021-07-08T10:50:17Z</time>
    </trkpt>
    <trkpt lat="50.7874750" lon="6.8180399">
      <ele>105.4</ele>
      <time>2021-07-08T10:50:18Z</time>
    </trkpt>
    <trkpt lat="50.7875486" lon="6.8180489">
      <ele>105.4</ele>
      <time>2021-07-08T10:50:19Z</time>
    </trkpt>
    <trkpt lat="50.7877940" lon="6.8180627">
      <ele>105.4</ele>
      <time>2021-07-08T10:50:23Z</time>
    </trkpt>
    <trkpt lat="50.7881296" lon="6.8179481">
      <ele>105.0</ele>
      <time>2021-07-08T10:50:29Z</time>
    </trkpt>
    <trkpt lat="50.7884269" lon="6.8178094">
      <ele>105.0</ele>
      <time>2021-07-08T10:50:35Z</time>
    </trkpt>
    <trkpt lat="50.7887770" lon="6.8175404">
      <ele>104.8</ele>
      <time>2021-07-08T10:50:42Z</time>
    </trkpt>
    <trkpt lat="50.7889091" lon="6.8173625">
      <ele>104.4</ele>
      <time>2021-07-08T10:50:45Z</time>
    </trkpt>
    <trkpt lat="50.7889488" lon="6.8172930">
      <ele>104.4</ele>
      <time>2021-07-08T10:50:46Z</time>
    </trkpt>
    <trkpt lat="50.7890193" lon="6.8171442">
      <ele>104.4</ele>
      <time>2021-07-08T10:50:48Z</time>
    </trkpt>
    <trkpt lat="50.7892353" lon="6.8166139">
      <ele>104.0</ele>
      <time>2021-07-08T10:50:55Z</time>
    </trkpt>
    <trkpt lat="50.7892699" lon="6.8165496">
      <ele>104.2</ele>
      <time>2021-07-08T10:50:56Z</time>
    </trkpt>
    <trkpt lat="50.7893077" lon="6.8164855">
      <ele>104.2</ele>
      <time>2021-07-08T10:50:57Z</time>
    </trkpt>
    <trkpt lat="50.7894280" lon="6.8163358">
      <ele>104.0</ele>
      <time>2021-07-08T10:51:00Z</time>
    </trkpt>
    <trkpt lat="50.7895179" lon="6.8162549">
      <ele>104.2</ele>
      <time>2021-07-08T10:51:02Z</time>
    </trkpt>
    <trkpt lat="50.7896717" lon="6.8161668">
      <ele>104.2</ele>
      <time>2021-07-08T10:51:05Z</time>
    </trkpt>
    <trkpt lat="50.7897822" lon="6.8161253">
      <ele>104.2</ele>
      <time>2021-07-08T10:51:07Z</time>
    </trkpt>
    <trkpt lat="50.7898895" lon="6.8160949">
      <ele>104.2</ele>
      <time>2021-07-08T10:51:09Z</time>
    </trkpt>
    <trkpt lat="50.7899439" lon="6.8160766">
      <ele>104.2</ele>
      <time>2021-07-08T10:51:10Z</time>
    </trkpt>
    <trkpt lat="50.7901669" lon="6.8159835">
      <ele>104.4</ele>
      <time>2021-07-08T10:51:14Z</time>
    </trkpt>
    <trkpt lat="50.7902730" lon="6.8158950">
      <ele>104.4</ele>
      <time>2021-07-08T10:51:16Z</time>
    </trkpt>
    <trkpt lat="50.7903209" lon="6.8158423">
      <ele>104.4</ele>
      <time>2021-07-08T10:51:17Z</time>
    </trkpt>
    <trkpt lat="50.7904102" lon="6.8157237">
      <ele>104.2</ele>
      <time>2021-07-08T10:51:19Z</time>
    </trkpt>
    <trkpt lat="50.7904889" lon="6.8155848">
      <ele>104.2</ele>
      <time>2021-07-08T10:51:21Z</time>
    </trkpt>
    <trkpt lat="50.7906895" lon="6.8151692">
      <ele>103.6</ele>
      <time>2021-07-08T10:51:27Z</time>
    </trkpt>
    <trkpt lat="50.7907523" lon="6.8150329">
      <ele>103.4</ele>
      <time>2021-07-08T10:51:29Z</time>
    </trkpt>
    <trkpt lat="50.7910110" lon="6.8145049">
      <ele>103.4</ele>
      <time>2021-07-08T10:51:37Z</time>
    </trkpt>
    <trkpt lat="50.7913447" lon="6.8139070">
      <ele>103.8</ele>
      <time>2021-07-08T10:51:46Z</time>
    </trkpt>
    <trkpt lat="50.7917326" lon="6.8132550">
      <ele>103.8</ele>
      <time>2021-07-08T10:51:56Z</time>
    </trkpt>
    <trkpt lat="50.7917742" lon="6.8131904">
      <ele>103.8</ele>
      <time>2021-07-08T10:51:57Z</time>
    </trkpt>
    <trkpt lat="50.7920637" lon="6.8128170">
      <ele>103.6</ele>
      <time>2021-07-08T10:52:04Z</time>
    </trkpt>
    <trkpt lat="50.7924929" lon="6.8124278">
      <ele>103.6</ele>
      <time>2021-07-08T10:52:13Z</time>
    </trkpt>
    <trkpt lat="50.7929809" lon="6.8121714">
      <ele>103.6</ele>
      <time>2021-07-08T10:52:22Z</time>
    </trkpt>
    <trkpt lat="50.7933960" lon="6.8119336">
      <ele>103.6</ele>
      <time>2021-07-08T10:52:30Z</time>
    </trkpt>
    <trkpt lat="50.7938026" lon="6.8115987">
      <ele>103.4</ele>
      <time>2021-07-08T10:52:38Z</time>
    </trkpt>
    <trkpt lat="50.7941931" lon="6.8111110">
      <ele>103.2</ele>
      <time>2021-07-08T10:52:47Z</time>
    </trkpt>
    <trkpt lat="50.7945649" lon="6.8104686">
      <ele>103.2</ele>
      <time>2021-07-08T10:52:57Z</time>
    </trkpt>
    <trkpt lat="50.7946753" lon="6.8102680">
      <ele>103.0</ele>
      <time>2021-07-08T10:53:00Z</time>
    </trkpt>
    <trkpt lat="50.7947441" lon="6.8101361">
      <ele>103.0</ele>
      <time>2021-07-08T10:53:02Z</time>
    </trkpt>
    <trkpt lat="50.7949122" lon="6.8096979">
      <ele>102.8</ele>
      <time>2021-07-08T10:53:08Z</time>
    </trkpt>
    <trkpt lat="50.7949706" lon="6.8092618">
      <ele>102.6</ele>
      <time>2021-07-08T10:53:13Z</time>
    </trkpt>
    <trkpt lat="50.7949756" lon="6.8091718">
      <ele>102.6</ele>
      <time>2021-07-08T10:53:14Z</time>
    </trkpt>
    <trkpt lat="50.7950128" lon="6.8087244">
      <ele>102.6</ele>
      <time>2021-07-08T10:53:19Z</time>
    </trkpt>
    <trkpt lat="50.7951055" lon="6.8080650">
      <ele>102.8</ele>
      <time>2021-07-08T10:53:26Z</time>
    </trkpt>
    <trkpt lat="50.7953005" lon="6.8074196">
      <ele>102.2</ele>
      <time>2021-07-08T10:53:33Z</time>
    </trkpt>
    <trkpt lat="50.7953324" lon="6.8073236">
      <ele>102.2</ele>
      <time>2021-07-08T10:53:34Z</time>
    </trkpt>
    <trkpt lat="50.7955980" lon="6.8065765">
      <ele>102.0</ele>
      <time>2021-07-08T10:53:42Z</time>
    </trkpt>
    <trkpt lat="50.7956306" lon="6.8064855">
      <ele>102.0</ele>
      <time>2021-07-08T10:53:43Z</time>
    </trkpt>
    <trkpt lat="50.7959019" lon="6.8057222">
      <ele>101.6</ele>
      <time>2021-07-08T10:53:52Z</time>
    </trkpt>
    <trkpt lat="50.7959335" lon="6.8056583">
      <ele>101.6</ele>
      <time>2021-07-08T10:53:53Z</time>
    </trkpt>
    <trkpt lat="50.7961658" lon="6.8053008">
      <ele>101.8</ele>
      <time>2021-07-08T10:53:59Z</time>
    </trkpt>
    <trkpt lat="50.7964875" lon="6.8049277">
      <ele>101.8</ele>
      <time>2021-07-08T10:54:06Z</time>
    </trkpt>
    <trkpt lat="50.7966086" lon="6.8047707">
      <ele>101.8</ele>
      <time>2021-07-08T10:54:09Z</time>
    </trkpt>
    <trkpt lat="50.7966904" lon="6.8046566">
      <ele>101.8</ele>
      <time>2021-07-08T10:54:11Z</time>
    </trkpt>
    <trkpt lat="50.7967374" lon="6.8045920">
      <ele>101.8</ele>
      <time>2021-07-08T10:54:12Z</time>
    </trkpt>
    <trkpt lat="50.7969331" lon="6.8043380">
      <ele>101.6</ele>
      <time>2021-07-08T10:54:16Z</time>
    </trkpt>
    <trkpt lat="50.7973046" lon="6.8039366">
      <ele>101.6</ele>
      <time>2021-07-08T10:54:23Z</time>
    </trkpt>
    <trkpt lat="50.7977277" lon="6.8036329">
      <ele>101.2</ele>
      <time>2021-07-08T10:54:31Z</time>
    </trkpt>
    <trkpt lat="50.7982553" lon="6.8032732">
      <ele>101.8</ele>
      <time>2021-07-08T10:54:41Z</time>
    </trkpt>
    <trkpt lat="50.7983057" lon="6.8032404">
      <ele>101.8</ele>
      <time>2021-07-08T10:54:42Z</time>
    </trkpt>
    <trkpt lat="50.7986166" lon="6.8030316">
      <ele>101.8</ele>
      <time>2021-07-08T10:54:48Z</time>
    </trkpt>
    <trkpt lat="50.7988912" lon="6.8028255">
      <ele>101.6</ele>
      <time>2021-07-08T10:54:53Z</time>
    </trkpt>
    <trkpt lat="50.7989709" lon="6.8027002">
      <ele>101.6</ele>
      <time>2021-07-08T10:54:55Z</time>
    </trkpt>
    <trkpt lat="50.7989984" lon="6.8025592">
      <ele>101.6</ele>
      <time>2021-07-08T10:54:57Z</time>
    </trkpt>
    <trkpt lat="50.7990008" lon="6.8024935">
      <ele>101.8</ele>
      <time>2021-07-08T10:54:58Z</time>
    </trkpt>
    <trkpt lat="50.7990101" lon="6.8024305">
      <ele>101.8</ele>
      <time>2021-07-08T10:54:59Z</time>
    </trkpt>
    <trkpt lat="50.7990511" lon="6.8023391">
      <ele>102.0</ele>
      <time>2021-07-08T10:55:01Z</time>
    </trkpt>
    <trkpt lat="50.7990746" lon="6.8023221">
      <ele>102.4</ele>
      <time>2021-07-08T10:55:02Z</time>
    </trkpt>
    <trkpt lat="50.7991043" lon="6.8023177">
      <ele>103.2</ele>
      <time>2021-07-08T10:55:06Z</time>
    </trkpt>
    <trkpt lat="50.7991511" lon="6.8023103">
      <ele>104.0</ele>
      <time>2021-07-08T10:55:12Z</time>
    </trkpt>
    <trkpt lat="50.7992161" lon="6.8022916">
      <ele>104.0</ele>
      <time>2021-07-08T10:55:14Z</time>
    </trkpt>
    <trkpt lat="50.7993039" lon="6.8022626">
      <ele>104.0</ele>
      <time>2021-07-08T10:55:16Z</time>
    </trkpt>
    <trkpt lat="50.7994050" lon="6.8021830">
      <ele>104.0</ele>
      <time>2021-07-08T10:55:18Z</time>
    </trkpt>
    <trkpt lat="50.7996396" lon="6.8019629">
      <ele>103.0</ele>
      <time>2021-07-08T10:55:22Z</time>
    </trkpt>
    <trkpt lat="50.7996995" lon="6.8019192">
      <ele>102.8</ele>
      <time>2021-07-08T10:55:23Z</time>
    </trkpt>
    <trkpt lat="50.7998732" lon="6.8018216">
      <ele>101.6</ele>
      <time>2021-07-08T10:55:26Z</time>
    </trkpt>
    <trkpt lat="50.7999977" lon="6.8017808">
      <ele>101.2</ele>
      <time>2021-07-08T10:55:28Z</time>
    </trkpt>
    <trkpt lat="50.8001742" lon="6.8017401">
      <ele>101.0</ele>
      <time>2021-07-08T10:55:31Z</time>
    </trkpt>
    <trkpt lat="50.8002910" lon="6.8017254">
      <ele>100.8</ele>
      <time>2021-07-08T10:55:33Z</time>
    </trkpt>
    <trkpt lat="50.8006279" lon="6.8017247">
      <ele>100.6</ele>
      <time>2021-07-08T10:55:38Z</time>
    </trkpt>
    <trkpt lat="50.8008253" lon="6.8017178">
      <ele>100.6</ele>
      <time>2021-07-08T10:55:41Z</time>
    </trkpt>
    <trkpt lat="50.8012667" lon="6.8016339">
      <ele>100.6</ele>
      <time>2021-07-08T10:55:48Z</time>
    </trkpt>
    <trkpt lat="50.8016445" lon="6.8014279">
      <ele>100.4</ele>
      <time>2021-07-08T10:55:55Z</time>
    </trkpt>
    <trkpt lat="50.8018022" lon="6.8013205">
      <ele>100.4</ele>
      <time>2021-07-08T10:55:59Z</time>
    </trkpt>
    <trkpt lat="50.8018877" lon="6.8012610">
      <ele>100.4</ele>
      <time>2021-07-08T10:56:01Z</time>
    </trkpt>
    <trkpt lat="50.8022080" lon="6.8011272">
      <ele>100.2</ele>
      <time>2021-07-08T10:56:07Z</time>
    </trkpt>
    <trkpt lat="50.8026005" lon="6.8009639">
      <ele>100.2</ele>
      <time>2021-07-08T10:56:14Z</time>
    </trkpt>
    <trkpt lat="50.8031239" lon="6.8007565">
      <ele>100.2</ele>
      <time>2021-07-08T10:56:24Z</time>
    </trkpt>
    <trkpt lat="50.8035755" lon="6.8005733">
      <ele>100.4</ele>
      <time>2021-07-08T10:56:32Z</time>
    </trkpt>
    <trkpt lat="50.8037768" lon="6.8004477">
      <ele>100.4</ele>
      <time>2021-07-08T10:56:36Z</time>
    </trkpt>
    <trkpt lat="50.8038561" lon="6.8003691">
      <ele>100.6</ele>
      <time>2021-07-08T10:56:38Z</time>
    </trkpt>
    <trkpt lat="50.8040021" lon="6.8002721">
      <ele>101.2</ele>
      <time>2021-07-08T10:56:43Z</time>
    </trkpt>
    <trkpt lat="50.8040313" lon="6.8003244">
      <ele>101.6</ele>
      <time>2021-07-08T10:56:45Z</time>
    </trkpt>
    <trkpt lat="50.8040378" lon="6.8003712">
      <ele>101.6</ele>
      <time>2021-07-08T10:56:46Z</time>
    </trkpt>
    <trkpt lat="50.8040807" lon="6.8006009">
      <ele>101.8</ele>
      <time>2021-07-08T10:56:49Z</time>
    </trkpt>
    <trkpt lat="50.8041975" lon="6.8011801">
      <ele>102.0</ele>
      <time>2021-07-08T10:56:56Z</time>
    </trkpt>
    <trkpt lat="50.8043099" lon="6.8014857">
      <ele>102.0</ele>
      <time>2021-07-08T10:57:00Z</time>
    </trkpt>
    <trkpt lat="50.8044195" lon="6.8016858">
      <ele>102.0</ele>
      <time>2021-07-08T10:57:03Z</time>
    </trkpt>
    <trkpt lat="50.8044674" lon="6.8017535">
      <ele>102.0</ele>
      <time>2021-07-08T10:57:04Z</time>
    </trkpt>
    <trkpt lat="50.8046803" lon="6.8020016">
      <ele>101.8</ele>
      <time>2021-07-08T10:57:08Z</time>
    </trkpt>
    <trkpt lat="50.8049268" lon="6.8022423">
      <ele>101.0</ele>
      <time>2021-07-08T10:57:12Z</time>
    </trkpt>
    <trkpt lat="50.8050383" lon="6.8023618">
      <ele>100.6</ele>
      <time>2021-07-08T10:57:14Z</time>
    </trkpt>
    <trkpt lat="50.8054913" lon="6.8028891">
      <ele>99.8</ele>
      <time>2021-07-08T10:57:23Z</time>
    </trkpt>
    <trkpt lat="50.8055771" lon="6.8030092">
      <ele>99.6</ele>
      <time>2021-07-08T10:57:25Z</time>
    </trkpt>
    <trkpt lat="50.8058729" lon="6.8033968">
      <ele>99.0</ele>
      <time>2021-07-08T10:57:32Z</time>
    </trkpt>
    <trkpt lat="50.8063230" lon="6.8039456">
      <ele>99.4</ele>
      <time>2021-07-08T10:57:42Z</time>
    </trkpt>
    <trkpt lat="50.8067957" lon="6.8044864">
      <ele>99.2</ele>
      <time>2021-07-08T10:57:52Z</time>
    </trkpt>
    <trkpt lat="50.8068426" lon="6.8045396">
      <ele>99.2</ele>
      <time>2021-07-08T10:57:53Z</time>
    </trkpt>
    <trkpt lat="50.8072940" lon="6.8050634">
      <ele>99.0</ele>
      <time>2021-07-08T10:58:03Z</time>
    </trkpt>
    <trkpt lat="50.8073395" lon="6.8051135">
      <ele>99.0</ele>
      <time>2021-07-08T10:58:04Z</time>
    </trkpt>
    <trkpt lat="50.8076996" lon="6.8055053">
      <ele>99.2</ele>
      <time>2021-07-08T10:58:12Z</time>
    </trkpt>
    <trkpt lat="50.8080770" lon="6.8059509">
      <ele>99.4</ele>
      <time>2021-07-08T10:58:21Z</time>
    </trkpt>
    <trkpt lat="50.8083531" lon="6.8062989">
      <ele>99.2</ele>
      <time>2021-07-08T10:58:27Z</time>
    </trkpt>
    <trkpt lat="50.8087142" lon="6.8067302">
      <ele>99.2</ele>
      <time>2021-07-08T10:58:34Z</time>
    </trkpt>
    <trkpt lat="50.8091354" lon="6.8072104">
      <ele>99.0</ele>
      <time>2021-07-08T10:58:42Z</time>
    </trkpt>
    <trkpt lat="50.8091845" lon="6.8072712">
      <ele>99.0</ele>
      <time>2021-07-08T10:58:43Z</time>
    </trkpt>
    <trkpt lat="50.8096412" lon="6.8078203">
      <ele>98.8</ele>
      <time>2021-07-08T10:58:53Z</time>
    </trkpt>
    <trkpt lat="50.8097032" lon="6.8079267">
      <ele>98.8</ele>
      <time>2021-07-08T10:58:55Z</time>
    </trkpt>
    <trkpt lat="50.8097351" lon="6.8079876">
      <ele>98.8</ele>
      <time>2021-07-08T10:58:57Z</time>
    </trkpt>
    <trkpt lat="50.8098350" lon="6.8082154">
      <ele>98.8</ele>
      <time>2021-07-08T10:59:03Z</time>
    </trkpt>
    <trkpt lat="50.8098421" lon="6.8082813">
      <ele>98.8</ele>
      <time>2021-07-08T10:59:04Z</time>
    </trkpt>
    <trkpt lat="50.8098305" lon="6.8085085">
      <ele>98.8</ele>
      <time>2021-07-08T10:59:07Z</time>
    </trkpt>
    <trkpt lat="50.8097854" lon="6.8090206">
      <ele>98.8</ele>
      <time>2021-07-08T10:59:14Z</time>
    </trkpt>
    <trkpt lat="50.8097819" lon="6.8091670">
      <ele>98.8</ele>
      <time>2021-07-08T10:59:16Z</time>
    </trkpt>
    <trkpt lat="50.8097767" lon="6.8094286">
      <ele>98.8</ele>
      <time>2021-07-08T10:59:19Z</time>
    </trkpt>
    <trkpt lat="50.8097313" lon="6.8101505">
      <ele>99.0</ele>
      <time>2021-07-08T10:59:27Z</time>
    </trkpt>
    <trkpt lat="50.8096677" lon="6.8108085">
      <ele>99.0</ele>
      <time>2021-07-08T10:59:34Z</time>
    </trkpt>
    <trkpt lat="50.8096449" lon="6.8113778">
      <ele>99.0</ele>
      <time>2021-07-08T10:59:40Z</time>
    </trkpt>
    <trkpt lat="50.8096418" lon="6.8114717">
      <ele>99.0</ele>
      <time>2021-07-08T10:59:41Z</time>
    </trkpt>
    <trkpt lat="50.8096355" lon="6.8115636">
      <ele>99.2</ele>
      <time>2021-07-08T10:59:42Z</time>
    </trkpt>
    <trkpt lat="50.8095875" lon="6.8118095">
      <ele>99.2</ele>
      <time>2021-07-08T10:59:45Z</time>
    </trkpt>
    <trkpt lat="50.8095671" lon="6.8118834">
      <ele>99.2</ele>
      <time>2021-07-08T10:59:46Z</time>
    </trkpt>
    <trkpt lat="50.8095513" lon="6.8119515">
      <ele>99.2</ele>
      <time>2021-07-08T10:59:47Z</time>
    </trkpt>
    <trkpt lat="50.8095057" lon="6.8120941">
      <ele>99.4</ele>
      <time>2021-07-08T10:59:50Z</time>
    </trkpt>
    <trkpt lat="50.8095627" lon="6.8122310">
      <ele>99.4</ele>
      <time>2021-07-08T10:59:53Z</time>
    </trkpt>
    <trkpt lat="50.8096629" lon="6.8123210">
      <ele>99.6</ele>
      <time>2021-07-08T10:59:56Z</time>
    </trkpt>
    <trkpt lat="50.8097552" lon="6.8123681">
      <ele>99.6</ele>
      <time>2021-07-08T10:59:58Z</time>
    </trkpt>
    <trkpt lat="50.8098001" lon="6.8123831">
      <ele>99.6</ele>
      <time>2021-07-08T10:59:59Z</time>
    </trkpt>
    <trkpt lat="50.8099261" lon="6.8124162">
      <ele>99.8</ele>
      <time>2021-07-08T11:00:02Z</time>
    </trkpt>
    <trkpt lat="50.8100093" lon="6.8124157">
      <ele>99.8</ele>
      <time>2021-07-08T11:00:04Z</time>
    </trkpt>
    <trkpt lat="50.8100393" lon="6.8124408">
      <ele>100.0</ele>
      <time>2021-07-08T11:00:05Z</time>
    </trkpt>
    <trkpt lat="50.8100534" lon="6.8125454">
      <ele>100.0</ele>
      <time>2021-07-08T11:00:07Z</time>
    </trkpt>
    <trkpt lat="50.8100540" lon="6.8126111">
      <ele>100.0</ele>
      <time>2021-07-08T11:00:08Z</time>
    </trkpt>
    <trkpt lat="50.8100513" lon="6.8126790">
      <ele>100.2</ele>
      <time>2021-07-08T11:00:09Z</time>
    </trkpt>
    <trkpt lat="50.8100439" lon="6.8128932">
      <ele>100.4</ele>
      <time>2021-07-08T11:00:12Z</time>
    </trkpt>
    <trkpt lat="50.8100573" lon="6.8130643">
      <ele>100.4</ele>
      <time>2021-07-08T11:00:14Z</time>
    </trkpt>
    <trkpt lat="50.8100624" lon="6.8131580">
      <ele>100.6</ele>
      <time>2021-07-08T11:00:15Z</time>
    </trkpt>
    <trkpt lat="50.8100559" lon="6.8135049">
      <ele>100.8</ele>
      <time>2021-07-08T11:00:19Z</time>
    </trkpt>
    <trkpt lat="50.8100528" lon="6.8135864">
      <ele>100.8</ele>
      <time>2021-07-08T11:00:20Z</time>
    </trkpt>
    <trkpt lat="50.8100491" lon="6.8138402">
      <ele>101.0</ele>
      <time>2021-07-08T11:00:23Z</time>
    </trkpt>
    <trkpt lat="50.8100517" lon="6.8142646">
      <ele>101.2</ele>
      <time>2021-07-08T11:00:28Z</time>
    </trkpt>
    <trkpt lat="50.8100624" lon="6.8144222">
      <ele>101.4</ele>
      <time>2021-07-08T11:00:30Z</time>
    </trkpt>
    <trkpt lat="50.8101039" lon="6.8144987">
      <ele>101.6</ele>
      <time>2021-07-08T11:00:32Z</time>
    </trkpt>
    <trkpt lat="50.8101930" lon="6.8144982">
      <ele>101.6</ele>
      <time>2021-07-08T11:00:36Z</time>
    </trkpt>
    <trkpt lat="50.8103119" lon="6.8144791">
      <ele>102.2</ele>
      <time>2021-07-08T11:00:41Z</time>
    </trkpt>
    <trkpt lat="50.8103644" lon="6.8145225">
      <ele>102.2</ele>
      <time>2021-07-08T11:00:43Z</time>
    </trkpt>
    <trkpt lat="50.8104588" lon="6.8145946">
      <ele>102.2</ele>
      <time>2021-07-08T11:00:46Z</time>
    </trkpt>
    <trkpt lat="50.8105420" lon="6.8146152">
      <ele>102.2</ele>
      <time>2021-07-08T11:00:48Z</time>
    </trkpt>
    <trkpt lat="50.8107084" lon="6.8146517">
      <ele>102.0</ele>
      <time>2021-07-08T11:00:52Z</time>
    </trkpt>
    <trkpt lat="50.8108969" lon="6.8148682">
      <ele>102.2</ele>
      <time>2021-07-08T11:00:57Z</time>
    </trkpt>
    <trkpt lat="50.8109555" lon="6.8150503">
      <ele>102.4</ele>
      <time>2021-07-08T11:01:01Z</time>
    </trkpt>
    <trkpt lat="50.8110000" lon="6.8151305">
      <ele>102.4</ele>
      <time>2021-07-08T11:01:03Z</time>
    </trkpt>
    <trkpt lat="50.8110938" lon="6.8151533">
      <ele>102.6</ele>
      <time>2021-07-08T11:01:06Z</time>
    </trkpt>
    <trkpt lat="50.8113139" lon="6.8152334">
      <ele>102.8</ele>
      <time>2021-07-08T11:01:11Z</time>
    </trkpt>
    <trkpt lat="50.8115815" lon="6.8152455">
      <ele>102.6</ele>
      <time>2021-07-08T11:01:18Z</time>
    </trkpt>
    <trkpt lat="50.8116545" lon="6.8152963">
      <ele>102.6</ele>
      <time>2021-07-08T11:01:22Z</time>
    </trkpt>
    <trkpt lat="50.8116610" lon="6.8152992">
      <ele>102.6</ele>
      <time>2021-07-08T11:01:25Z</time>
    </trkpt>
    <trkpt lat="50.8116776" lon="6.8152932">
      <ele>102.6</ele>
      <time>2021-07-08T11:01:43Z</time>
    </trkpt>
    <trkpt lat="50.8116834" lon="6.8152920">
      <ele>102.4</ele>
      <time>2021-07-08T11:01:44Z</time>
    </trkpt>
    <trkpt lat="50.8116868" lon="6.8152919">
      <ele>102.4</ele>
      <time>2021-07-08T11:01:46Z</time>
    </trkpt>
    <trkpt lat="50.8117468" lon="6.8153034">
      <ele>102.2</ele>
      <time>2021-07-08T11:01:48Z</time>
    </trkpt>
    <trkpt lat="50.8119344" lon="6.8153000">
      <ele>102.2</ele>
      <time>2021-07-08T11:01:53Z</time>
    </trkpt>
    <trkpt lat="50.8121055" lon="6.8152537">
      <ele>102.0</ele>
      <time>2021-07-08T11:01:57Z</time>
    </trkpt>
    <trkpt lat="50.8122074" lon="6.8150438">
      <ele>101.8</ele>
      <time>2021-07-08T11:02:01Z</time>
    </trkpt>
    <trkpt lat="50.8122997" lon="6.8147242">
      <ele>101.4</ele>
      <time>2021-07-08T11:02:06Z</time>
    </trkpt>
    <trkpt lat="50.8123246" lon="6.8145694">
      <ele>101.4</ele>
      <time>2021-07-08T11:02:11Z</time>
    </trkpt>
    <trkpt lat="50.8123340" lon="6.8145255">
      <ele>101.4</ele>
      <time>2021-07-08T11:02:16Z</time>
    </trkpt>
    <trkpt lat="50.8123855" lon="6.8144765">
      <ele>101.2</ele>
      <time>2021-07-08T11:02:26Z</time>
    </trkpt>
    <trkpt lat="50.8125411" lon="6.8145384">
      <ele>101.2</ele>
      <time>2021-07-08T11:02:32Z</time>
    </trkpt>
    <trkpt lat="50.8127912" lon="6.8146097">
      <ele>101.2</ele>
      <time>2021-07-08T11:02:38Z</time>
    </trkpt>
    <trkpt lat="50.8130171" lon="6.8147014">
      <ele>101.2</ele>
      <time>2021-07-08T11:02:44Z</time>
    </trkpt>
    <trkpt lat="50.8131288" lon="6.8147635">
      <ele>101.2</ele>
      <time>2021-07-08T11:02:47Z</time>
    </trkpt>
    <trkpt lat="50.8132070" lon="6.8148175">
      <ele>101.2</ele>
      <time>2021-07-08T11:02:49Z</time>
    </trkpt>
    <trkpt lat="50.8133972" lon="6.8149036">
      <ele>101.2</ele>
      <time>2021-07-08T11:02:54Z</time>
    </trkpt>
    <trkpt lat="50.8134741" lon="6.8148173">
      <ele>101.2</ele>
      <time>2021-07-08T11:02:56Z</time>
    </trkpt>
    <trkpt lat="50.8135493" lon="6.8146993">
      <ele>100.8</ele>
      <time>2021-07-08T11:02:58Z</time>
    </trkpt>
    <trkpt lat="50.8137293" lon="6.8143804">
      <ele>100.0</ele>
      <time>2021-07-08T11:03:03Z</time>
    </trkpt>
    <trkpt lat="50.8138016" lon="6.8142559">
      <ele>99.8</ele>
      <time>2021-07-08T11:03:05Z</time>
    </trkpt>
    <trkpt lat="50.8138798" lon="6.8141508">
      <ele>99.6</ele>
      <time>2021-07-08T11:03:07Z</time>
    </trkpt>
    <trkpt lat="50.8139617" lon="6.8141173">
      <ele>99.6</ele>
      <time>2021-07-08T11:03:09Z</time>
    </trkpt>
    <trkpt lat="50.8140830" lon="6.8142489">
      <ele>99.6</ele>
      <time>2021-07-08T11:03:12Z</time>
    </trkpt>
    <trkpt lat="50.8141215" lon="6.8142989">
      <ele>99.6</ele>
      <time>2021-07-08T11:03:13Z</time>
    </trkpt>
    <trkpt lat="50.8142236" lon="6.8144421">
      <ele>100.0</ele>
      <time>2021-07-08T11:03:16Z</time>
    </trkpt>
    <trkpt lat="50.8143056" lon="6.8145320">
      <ele>100.0</ele>
      <time>2021-07-08T11:03:18Z</time>
    </trkpt>
    <trkpt lat="50.8143451" lon="6.8145714">
      <ele>100.0</ele>
      <time>2021-07-08T11:03:19Z</time>
    </trkpt>
    <trkpt lat="50.8144168" lon="6.8146656">
      <ele>100.2</ele>
      <time>2021-07-08T11:03:21Z</time>
    </trkpt>
    <trkpt lat="50.8144713" lon="6.8147575">
      <ele>100.4</ele>
      <time>2021-07-08T11:03:23Z</time>
    </trkpt>
    <trkpt lat="50.8145388" lon="6.8148153">
      <ele>100.6</ele>
      <time>2021-07-08T11:03:26Z</time>
    </trkpt>
    <trkpt lat="50.8145654" lon="6.8148424">
      <ele>100.8</ele>
      <time>2021-07-08T11:03:27Z</time>
    </trkpt>
    <trkpt lat="50.8146360" lon="6.8149769">
      <ele>101.0</ele>
      <time>2021-07-08T11:03:30Z</time>
    </trkpt>
    <trkpt lat="50.8148308" lon="6.8152206">
      <ele>101.2</ele>
      <time>2021-07-08T11:03:36Z</time>
    </trkpt>
    <trkpt lat="50.8150048" lon="6.8154619">
      <ele>101.4</ele>
      <time>2021-07-08T11:03:40Z</time>
    </trkpt>
    <trkpt lat="50.8150519" lon="6.8155099">
      <ele>101.6</ele>
      <time>2021-07-08T11:03:41Z</time>
    </trkpt>
    <trkpt lat="50.8151312" lon="6.8156124">
      <ele>101.8</ele>
      <time>2021-07-08T11:03:43Z</time>
    </trkpt>
    <trkpt lat="50.8152462" lon="6.8157577">
      <ele>102.2</ele>
      <time>2021-07-08T11:03:46Z</time>
    </trkpt>
    <trkpt lat="50.8152808" lon="6.8158106">
      <ele>102.4</ele>
      <time>2021-07-08T11:03:47Z</time>
    </trkpt>
    <trkpt lat="50.8154573" lon="6.8160704">
      <ele>103.0</ele>
      <time>2021-07-08T11:03:52Z</time>
    </trkpt>
    <trkpt lat="50.8155285" lon="6.8161779">
      <ele>103.0</ele>
      <time>2021-07-08T11:03:54Z</time>
    </trkpt>
    <trkpt lat="50.8156587" lon="6.8163716">
      <ele>103.4</ele>
      <time>2021-07-08T11:03:58Z</time>
    </trkpt>
    <trkpt lat="50.8156937" lon="6.8164258">
      <ele>103.6</ele>
      <time>2021-07-08T11:03:59Z</time>
    </trkpt>
    <trkpt lat="50.8158257" lon="6.8166448">
      <ele>104.2</ele>
      <time>2021-07-08T11:04:03Z</time>
    </trkpt>
    <trkpt lat="50.8158929" lon="6.8167288">
      <ele>104.6</ele>
      <time>2021-07-08T11:04:05Z</time>
    </trkpt>
    <trkpt lat="50.8159258" lon="6.8167604">
      <ele>104.6</ele>
      <time>2021-07-08T11:04:06Z</time>
    </trkpt>
    <trkpt lat="50.8160484" lon="6.8169523">
      <ele>105.6</ele>
      <time>2021-07-08T11:04:10Z</time>
    </trkpt>
    <trkpt lat="50.8161672" lon="6.8171122">
      <ele>106.0</ele>
      <time>2021-07-08T11:04:14Z</time>
    </trkpt>
    <trkpt lat="50.8162982" lon="6.8173427">
      <ele>106.8</ele>
      <time>2021-07-08T11:04:19Z</time>
    </trkpt>
    <trkpt lat="50.8164417" lon="6.8175795">
      <ele>107.6</ele>
      <time>2021-07-08T11:04:24Z</time>
    </trkpt>
    <trkpt lat="50.8165078" lon="6.8176769">
      <ele>107.8</ele>
      <time>2021-07-08T11:04:26Z</time>
    </trkpt>
    <trkpt lat="50.8165752" lon="6.8177745">
      <ele>108.2</ele>
      <time>2021-07-08T11:04:28Z</time>
    </trkpt>
    <trkpt lat="50.8166417" lon="6.8178714">
      <ele>108.6</ele>
      <time>2021-07-08T11:04:30Z</time>
    </trkpt>
    <trkpt lat="50.8167106" lon="6.8179668">
      <ele>109.0</ele>
      <time>2021-07-08T11:04:32Z</time>
    </trkpt>
    <trkpt lat="50.8167795" lon="6.8180694">
      <ele>109.0</ele>
      <time>2021-07-08T11:04:34Z</time>
    </trkpt>
    <trkpt lat="50.8168264" lon="6.8181695">
      <ele>109.4</ele>
      <time>2021-07-08T11:04:36Z</time>
    </trkpt>
    <trkpt lat="50.8168707" lon="6.8182584">
      <ele>109.6</ele>
      <time>2021-07-08T11:04:38Z</time>
    </trkpt>
    <trkpt lat="50.8169321" lon="6.8183529">
      <ele>110.0</ele>
      <time>2021-07-08T11:04:40Z</time>
    </trkpt>
    <trkpt lat="50.8170278" lon="6.8184837">
      <ele>110.4</ele>
      <time>2021-07-08T11:04:43Z</time>
    </trkpt>
    <trkpt lat="50.8171303" lon="6.8186025">
      <ele>111.0</ele>
      <time>2021-07-08T11:04:46Z</time>
    </trkpt>
    <trkpt lat="50.8173684" lon="6.8188268">
      <ele>111.8</ele>
      <time>2021-07-08T11:04:52Z</time>
    </trkpt>
    <trkpt lat="50.8174424" lon="6.8188812">
      <ele>112.0</ele>
      <time>2021-07-08T11:04:54Z</time>
    </trkpt>
    <trkpt lat="50.8174883" lon="6.8189520">
      <ele>112.2</ele>
      <time>2021-07-08T11:04:56Z</time>
    </trkpt>
    <trkpt lat="50.8176418" lon="6.8191055">
      <ele>112.6</ele>
      <time>2021-07-08T11:05:00Z</time>
    </trkpt>
    <trkpt lat="50.8177574" lon="6.8192717">
      <ele>113.0</ele>
      <time>2021-07-08T11:05:03Z</time>
    </trkpt>
    <trkpt lat="50.8178061" lon="6.8193474">
      <ele>113.2</ele>
      <time>2021-07-08T11:05:05Z</time>
    </trkpt>
    <trkpt lat="50.8180294" lon="6.8196189">
      <ele>113.8</ele>
      <time>2021-07-08T11:05:11Z</time>
    </trkpt>
    <trkpt lat="50.8180975" lon="6.8197348">
      <ele>114.2</ele>
      <time>2021-07-08T11:05:13Z</time>
    </trkpt>
    <trkpt lat="50.8181714" lon="6.8199102">
      <ele>114.2</ele>
      <time>2021-07-08T11:05:16Z</time>
    </trkpt>
    <trkpt lat="50.8182542" lon="6.8199679">
      <ele>114.6</ele>
      <time>2021-07-08T11:05:18Z</time>
    </trkpt>
    <trkpt lat="50.8183019" lon="6.8199857">
      <ele>114.8</ele>
      <time>2021-07-08T11:05:19Z</time>
    </trkpt>
    <trkpt lat="50.8183477" lon="6.8200128">
      <ele>115.0</ele>
      <time>2021-07-08T11:05:20Z</time>
    </trkpt>
    <trkpt lat="50.8184740" lon="6.8201400">
      <ele>115.0</ele>
      <time>2021-07-08T11:05:23Z</time>
    </trkpt>
    <trkpt lat="50.8185118" lon="6.8201809">
      <ele>115.2</ele>
      <time>2021-07-08T11:05:24Z</time>
    </trkpt>
    <trkpt lat="50.8186682" lon="6.8203637">
      <ele>115.4</ele>
      <time>2021-07-08T11:05:28Z</time>
    </trkpt>
    <trkpt lat="50.8189355" lon="6.8206722">
      <ele>116.4</ele>
      <time>2021-07-08T11:05:35Z</time>
    </trkpt>
    <trkpt lat="50.8190489" lon="6.8208271">
      <ele>116.6</ele>
      <time>2021-07-08T11:05:38Z</time>
    </trkpt>
    <trkpt lat="50.8191979" lon="6.8210123">
      <ele>117.0</ele>
      <time>2021-07-08T11:05:42Z</time>
    </trkpt>
    <trkpt lat="50.8193514" lon="6.8211767">
      <ele>117.4</ele>
      <time>2021-07-08T11:05:46Z</time>
    </trkpt>
    <trkpt lat="50.8193825" lon="6.8212200">
      <ele>117.6</ele>
      <time>2021-07-08T11:05:47Z</time>
    </trkpt>
    <trkpt lat="50.8194919" lon="6.8213641">
      <ele>118.0</ele>
      <time>2021-07-08T11:05:50Z</time>
    </trkpt>
    <trkpt lat="50.8196344" lon="6.8215481">
      <ele>118.4</ele>
      <time>2021-07-08T11:05:54Z</time>
    </trkpt>
    <trkpt lat="50.8197748" lon="6.8217504">
      <ele>118.8</ele>
      <time>2021-07-08T11:05:58Z</time>
    </trkpt>
    <trkpt lat="50.8200144" lon="6.8221136">
      <ele>119.0</ele>
      <time>2021-07-08T11:06:05Z</time>
    </trkpt>
    <trkpt lat="50.8202558" lon="6.8225451">
      <ele>119.0</ele>
      <time>2021-07-08T11:06:12Z</time>
    </trkpt>
    <trkpt lat="50.8202828" lon="6.8226110">
      <ele>118.8</ele>
      <time>2021-07-08T11:06:13Z</time>
    </trkpt>
    <trkpt lat="50.8203511" lon="6.8227628">
      <ele>118.8</ele>
      <time>2021-07-08T11:06:15Z</time>
    </trkpt>
    <trkpt lat="50.8204368" lon="6.8229091">
      <ele>118.8</ele>
      <time>2021-07-08T11:06:17Z</time>
    </trkpt>
    <trkpt lat="50.8204690" lon="6.8229810">
      <ele>118.6</ele>
      <time>2021-07-08T11:06:18Z</time>
    </trkpt>
    <trkpt lat="50.8205330" lon="6.8231702">
      <ele>118.6</ele>
      <time>2021-07-08T11:06:20Z</time>
    </trkpt>
    <trkpt lat="50.8205874" lon="6.8233738">
      <ele>118.2</ele>
      <time>2021-07-08T11:06:22Z</time>
    </trkpt>
    <trkpt lat="50.8206216" lon="6.8234619">
      <ele>118.2</ele>
      <time>2021-07-08T11:06:23Z</time>
    </trkpt>
    <trkpt lat="50.8206635" lon="6.8235495">
      <ele>118.0</ele>
      <time>2021-07-08T11:06:24Z</time>
    </trkpt>
    <trkpt lat="50.8207568" lon="6.8237346">
      <ele>117.2</ele>
      <time>2021-07-08T11:06:26Z</time>
    </trkpt>
    <trkpt lat="50.8208475" lon="6.8239385">
      <ele>116.6</ele>
      <time>2021-07-08T11:06:28Z</time>
    </trkpt>
    <trkpt lat="50.8209362" lon="6.8241519">
      <ele>116.2</ele>
      <time>2021-07-08T11:06:30Z</time>
    </trkpt>
    <trkpt lat="50.8211170" lon="6.8245692">
      <ele>115.0</ele>
      <time>2021-07-08T11:06:34Z</time>
    </trkpt>
    <trkpt lat="50.8213315" lon="6.8250216">
      <ele>114.0</ele>
      <time>2021-07-08T11:06:38Z</time>
    </trkpt>
    <trkpt lat="50.8213766" lon="6.8251183">
      <ele>113.8</ele>
      <time>2021-07-08T11:06:39Z</time>
    </trkpt>
    <trkpt lat="50.8216102" lon="6.8256943">
      <ele>113.0</ele>
      <time>2021-07-08T11:06:44Z</time>
    </trkpt>
    <trkpt lat="50.8216565" lon="6.8258163">
      <ele>112.8</ele>
      <time>2021-07-08T11:06:45Z</time>
    </trkpt>
    <trkpt lat="50.8217415" lon="6.8260200">
      <ele>112.4</ele>
      <time>2021-07-08T11:06:47Z</time>
    </trkpt>
    <trkpt lat="50.8218560" lon="6.8262548">
      <ele>112.2</ele>
      <time>2021-07-08T11:06:49Z</time>
    </trkpt>
    <trkpt lat="50.8219900" lon="6.8266217">
      <ele>111.4</ele>
      <time>2021-07-08T11:06:52Z</time>
    </trkpt>
    <trkpt lat="50.8220772" lon="6.8268413">
      <ele>111.0</ele>
      <time>2021-07-08T11:06:54Z</time>
    </trkpt>
    <trkpt lat="50.8221268" lon="6.8269637">
      <ele>110.8</ele>
      <time>2021-07-08T11:06:55Z</time>
    </trkpt>
    <trkpt lat="50.8221580" lon="6.8271033">
      <ele>110.6</ele>
      <time>2021-07-08T11:06:56Z</time>
    </trkpt>
    <trkpt lat="50.8222454" lon="6.8273614">
      <ele>110.4</ele>
      <time>2021-07-08T11:06:58Z</time>
    </trkpt>
    <trkpt lat="50.8222907" lon="6.8274900">
      <ele>110.4</ele>
      <time>2021-07-08T11:06:59Z</time>
    </trkpt>
    <trkpt lat="50.8224758" lon="6.8280234">
      <ele>109.6</ele>
      <time>2021-07-08T11:07:03Z</time>
    </trkpt>
    <trkpt lat="50.8225629" lon="6.8282928">
      <ele>109.2</ele>
      <time>2021-07-08T11:07:05Z</time>
    </trkpt>
    <trkpt lat="50.8227489" lon="6.8288676">
      <ele>108.4</ele>
      <time>2021-07-08T11:07:09Z</time>
    </trkpt>
    <trkpt lat="50.8228006" lon="6.8290194">
      <ele>108.2</ele>
      <time>2021-07-08T11:07:10Z</time>
    </trkpt>
    <trkpt lat="50.8230006" lon="6.8296419">
      <ele>107.2</ele>
      <time>2021-07-08T11:07:14Z</time>
    </trkpt>
    <trkpt lat="50.8230528" lon="6.8297988">
      <ele>107.2</ele>
      <time>2021-07-08T11:07:15Z</time>
    </trkpt>
    <trkpt lat="50.8233174" lon="6.8305748">
      <ele>106.4</ele>
      <time>2021-07-08T11:07:20Z</time>
    </trkpt>
    <trkpt lat="50.8233759" lon="6.8307271">
      <ele>106.0</ele>
      <time>2021-07-08T11:07:21Z</time>
    </trkpt>
    <trkpt lat="50.8236750" lon="6.8315019">
      <ele>105.4</ele>
      <time>2021-07-08T11:07:26Z</time>
    </trkpt>
    <trkpt lat="50.8237961" lon="6.8318092">
      <ele>105.2</ele>
      <time>2021-07-08T11:07:28Z</time>
    </trkpt>
    <trkpt lat="50.8239215" lon="6.8321170">
      <ele>105.0</ele>
      <time>2021-07-08T11:07:30Z</time>
    </trkpt>
    <trkpt lat="50.8241974" lon="6.8328557">
      <ele>104.8</ele>
      <time>2021-07-08T11:07:35Z</time>
    </trkpt>
    <trkpt lat="50.8242975" lon="6.8331363">
      <ele>104.6</ele>
      <time>2021-07-08T11:07:37Z</time>
    </trkpt>
    <trkpt lat="50.8243921" lon="6.8334385">
      <ele>104.6</ele>
      <time>2021-07-08T11:07:39Z</time>
    </trkpt>
    <trkpt lat="50.8246903" lon="6.8342914">
      <ele>104.4</ele>
      <time>2021-07-08T11:07:45Z</time>
    </trkpt>
    <trkpt lat="50.8247993" lon="6.8345880">
      <ele>104.4</ele>
      <time>2021-07-08T11:07:47Z</time>
    </trkpt>
    <trkpt lat="50.8249666" lon="6.8350011">
      <ele>104.4</ele>
      <time>2021-07-08T11:07:50Z</time>
    </trkpt>
    <trkpt lat="50.8252028" lon="6.8356750">
      <ele>104.6</ele>
      <time>2021-07-08T11:07:55Z</time>
    </trkpt>
    <trkpt lat="50.8254856" lon="6.8365260">
      <ele>104.6</ele>
      <time>2021-07-08T11:08:02Z</time>
    </trkpt>
    <trkpt lat="50.8256747" lon="6.8370830">
      <ele>105.0</ele>
      <time>2021-07-08T11:08:07Z</time>
    </trkpt>
    <trkpt lat="50.8258490" lon="6.8375754">
      <ele>105.4</ele>
      <time>2021-07-08T11:08:12Z</time>
    </trkpt>
    <trkpt lat="50.8258990" lon="6.8377281">
      <ele>105.4</ele>
      <time>2021-07-08T11:08:15Z</time>
    </trkpt>
    <trkpt lat="50.8259393" lon="6.8378341">
      <ele>105.4</ele>
      <time>2021-07-08T11:08:17Z</time>
    </trkpt>
    <trkpt lat="50.8259691" lon="6.8379665">
      <ele>105.4</ele>
      <time>2021-07-08T11:08:19Z</time>
    </trkpt>
    <trkpt lat="50.8259773" lon="6.8380387">
      <ele>105.6</ele>
      <time>2021-07-08T11:08:20Z</time>
    </trkpt>
    <trkpt lat="50.8260575" lon="6.8384122">
      <ele>105.6</ele>
      <time>2021-07-08T11:08:25Z</time>
    </trkpt>
    <trkpt lat="50.8260846" lon="6.8384910">
      <ele>105.6</ele>
      <time>2021-07-08T11:08:26Z</time>
    </trkpt>
    <trkpt lat="50.8262017" lon="6.8389196">
      <ele>105.8</ele>
      <time>2021-07-08T11:08:31Z</time>
    </trkpt>
    <trkpt lat="50.8263461" lon="6.8393093">
      <ele>106.0</ele>
      <time>2021-07-08T11:08:36Z</time>
    </trkpt>
    <trkpt lat="50.8263779" lon="6.8393779">
      <ele>106.0</ele>
      <time>2021-07-08T11:08:37Z</time>
    </trkpt>
    <trkpt lat="50.8264035" lon="6.8394487">
      <ele>106.0</ele>
      <time>2021-07-08T11:08:38Z</time>
    </trkpt>
    <trkpt lat="50.8265540" lon="6.8397847">
      <ele>106.4</ele>
      <time>2021-07-08T11:08:42Z</time>
    </trkpt>
    <trkpt lat="50.8266208" lon="6.8399761">
      <ele>106.6</ele>
      <time>2021-07-08T11:08:44Z</time>
    </trkpt>
    <trkpt lat="50.8266781" lon="6.8401753">
      <ele>106.8</ele>
      <time>2021-07-08T11:08:46Z</time>
    </trkpt>
    <trkpt lat="50.8267879" lon="6.8404534">
      <ele>107.0</ele>
      <time>2021-07-08T11:08:49Z</time>
    </trkpt>
    <trkpt lat="50.8268748" lon="6.8406298">
      <ele>107.0</ele>
      <time>2021-07-08T11:08:51Z</time>
    </trkpt>
    <trkpt lat="50.8269019" lon="6.8407048">
      <ele>107.0</ele>
      <time>2021-07-08T11:08:52Z</time>
    </trkpt>
    <trkpt lat="50.8270302" lon="6.8410253">
      <ele>107.2</ele>
      <time>2021-07-08T11:08:56Z</time>
    </trkpt>
    <trkpt lat="50.8270647" lon="6.8411157">
      <ele>107.4</ele>
      <time>2021-07-08T11:08:57Z</time>
    </trkpt>
    <trkpt lat="50.8271078" lon="6.8412650">
      <ele>107.6</ele>
      <time>2021-07-08T11:08:59Z</time>
    </trkpt>
    <trkpt lat="50.8271371" lon="6.8413568">
      <ele>107.6</ele>
      <time>2021-07-08T11:09:00Z</time>
    </trkpt>
    <trkpt lat="50.8271498" lon="6.8414310">
      <ele>107.6</ele>
      <time>2021-07-08T11:09:01Z</time>
    </trkpt>
    <trkpt lat="50.8271987" lon="6.8415865">
      <ele>107.8</ele>
      <time>2021-07-08T11:09:03Z</time>
    </trkpt>
    <trkpt lat="50.8272422" lon="6.8417303">
      <ele>108.0</ele>
      <time>2021-07-08T11:09:05Z</time>
    </trkpt>
    <trkpt lat="50.8272851" lon="6.8418806">
      <ele>108.2</ele>
      <time>2021-07-08T11:09:07Z</time>
    </trkpt>
    <trkpt lat="50.8273298" lon="6.8420406">
      <ele>108.4</ele>
      <time>2021-07-08T11:09:09Z</time>
    </trkpt>
    <trkpt lat="50.8273557" lon="6.8421138">
      <ele>108.4</ele>
      <time>2021-07-08T11:09:10Z</time>
    </trkpt>
    <trkpt lat="50.8273839" lon="6.8421793">
      <ele>108.6</ele>
      <time>2021-07-08T11:09:11Z</time>
    </trkpt>
    <trkpt lat="50.8275033" lon="6.8424757">
      <ele>108.8</ele>
      <time>2021-07-08T11:09:15Z</time>
    </trkpt>
    <trkpt lat="50.8275334" lon="6.8425418">
      <ele>108.8</ele>
      <time>2021-07-08T11:09:16Z</time>
    </trkpt>
    <trkpt lat="50.8276644" lon="6.8429289">
      <ele>109.0</ele>
      <time>2021-07-08T11:09:21Z</time>
    </trkpt>
    <trkpt lat="50.8277364" lon="6.8430988">
      <ele>109.0</ele>
      <time>2021-07-08T11:09:23Z</time>
    </trkpt>
    <trkpt lat="50.8278065" lon="6.8432516">
      <ele>109.4</ele>
      <time>2021-07-08T11:09:25Z</time>
    </trkpt>
    <trkpt lat="50.8278768" lon="6.8434323">
      <ele>109.6</ele>
      <time>2021-07-08T11:09:27Z</time>
    </trkpt>
    <trkpt lat="50.8279529" lon="6.8436638">
      <ele>109.8</ele>
      <time>2021-07-08T11:09:30Z</time>
    </trkpt>
    <trkpt lat="50.8281406" lon="6.8441821">
      <ele>110.0</ele>
      <time>2021-07-08T11:09:36Z</time>
    </trkpt>
    <trkpt lat="50.8282399" lon="6.8444435">
      <ele>110.4</ele>
      <time>2021-07-08T11:09:39Z</time>
    </trkpt>
    <trkpt lat="50.8282570" lon="6.8445287">
      <ele>110.4</ele>
      <time>2021-07-08T11:09:40Z</time>
    </trkpt>
    <trkpt lat="50.8283066" lon="6.8447005">
      <ele>110.6</ele>
      <time>2021-07-08T11:09:42Z</time>
    </trkpt>
    <trkpt lat="50.8283934" lon="6.8449484">
      <ele>110.8</ele>
      <time>2021-07-08T11:09:45Z</time>
    </trkpt>
    <trkpt lat="50.8284572" lon="6.8451644">
      <ele>111.0</ele>
      <time>2021-07-08T11:09:48Z</time>
    </trkpt>
    <trkpt lat="50.8285298" lon="6.8453873">
      <ele>111.0</ele>
      <time>2021-07-08T11:09:51Z</time>
    </trkpt>
    <trkpt lat="50.8285891" lon="6.8455357">
      <ele>111.2</ele>
      <time>2021-07-08T11:09:53Z</time>
    </trkpt>
    <trkpt lat="50.8286554" lon="6.8457047">
      <ele>111.2</ele>
      <time>2021-07-08T11:09:55Z</time>
    </trkpt>
    <trkpt lat="50.8287318" lon="6.8458871">
      <ele>111.2</ele>
      <time>2021-07-08T11:09:57Z</time>
    </trkpt>
    <trkpt lat="50.8287837" lon="6.8460601">
      <ele>111.4</ele>
      <time>2021-07-08T11:09:59Z</time>
    </trkpt>
    <trkpt lat="50.8288278" lon="6.8462264">
      <ele>111.6</ele>
      <time>2021-07-08T11:10:01Z</time>
    </trkpt>
    <trkpt lat="50.8288692" lon="6.8463864">
      <ele>112.0</ele>
      <time>2021-07-08T11:10:03Z</time>
    </trkpt>
    <trkpt lat="50.8288947" lon="6.8464731">
      <ele>112.0</ele>
      <time>2021-07-08T11:10:04Z</time>
    </trkpt>
    <trkpt lat="50.8290012" lon="6.8467475">
      <ele>112.2</ele>
      <time>2021-07-08T11:10:07Z</time>
    </trkpt>
    <trkpt lat="50.8290432" lon="6.8468417">
      <ele>112.2</ele>
      <time>2021-07-08T11:10:08Z</time>
    </trkpt>
    <trkpt lat="50.8291516" lon="6.8470976">
      <ele>112.2</ele>
      <time>2021-07-08T11:10:11Z</time>
    </trkpt>
    <trkpt lat="50.8292402" lon="6.8473463">
      <ele>112.2</ele>
      <time>2021-07-08T11:10:14Z</time>
    </trkpt>
    <trkpt lat="50.8293360" lon="6.8475161">
      <ele>112.6</ele>
      <time>2021-07-08T11:10:16Z</time>
    </trkpt>
    <trkpt lat="50.8294256" lon="6.8477038">
      <ele>112.6</ele>
      <time>2021-07-08T11:10:18Z</time>
    </trkpt>
    <trkpt lat="50.8294478" lon="6.8477898">
      <ele>112.6</ele>
      <time>2021-07-08T11:10:19Z</time>
    </trkpt>
    <trkpt lat="50.8296564" lon="6.8484239">
      <ele>113.2</ele>
      <time>2021-07-08T11:10:26Z</time>
    </trkpt>
    <trkpt lat="50.8298789" lon="6.8491221">
      <ele>113.8</ele>
      <time>2021-07-08T11:10:34Z</time>
    </trkpt>
    <trkpt lat="50.8301203" lon="6.8497961">
      <ele>114.4</ele>
      <time>2021-07-08T11:10:42Z</time>
    </trkpt>
    <trkpt lat="50.8302186" lon="6.8501141">
      <ele>114.8</ele>
      <time>2021-07-08T11:10:46Z</time>
    </trkpt>
    <trkpt lat="50.8302830" lon="6.8502780">
      <ele>115.0</ele>
      <time>2021-07-08T11:10:48Z</time>
    </trkpt>
    <trkpt lat="50.8303604" lon="6.8505334">
      <ele>115.2</ele>
      <time>2021-07-08T11:10:51Z</time>
    </trkpt>
    <trkpt lat="50.8304617" lon="6.8508643">
      <ele>115.2</ele>
      <time>2021-07-08T11:10:55Z</time>
    </trkpt>
    <trkpt lat="50.8305976" lon="6.8512747">
      <ele>115.4</ele>
      <time>2021-07-08T11:11:00Z</time>
    </trkpt>
    <trkpt lat="50.8306772" lon="6.8514419">
      <ele>115.6</ele>
      <time>2021-07-08T11:11:02Z</time>
    </trkpt>
    <trkpt lat="50.8307229" lon="6.8515290">
      <ele>115.6</ele>
      <time>2021-07-08T11:11:03Z</time>
    </trkpt>
    <trkpt lat="50.8308379" lon="6.8517670">
      <ele>115.8</ele>
      <time>2021-07-08T11:11:06Z</time>
    </trkpt>
    <trkpt lat="50.8308683" lon="6.8518476">
      <ele>115.8</ele>
      <time>2021-07-08T11:11:07Z</time>
    </trkpt>
    <trkpt lat="50.8308916" lon="6.8519259">
      <ele>115.8</ele>
      <time>2021-07-08T11:11:08Z</time>
    </trkpt>
    <trkpt lat="50.8309714" lon="6.8521725">
      <ele>116.2</ele>
      <time>2021-07-08T11:11:11Z</time>
    </trkpt>
    <trkpt lat="50.8310360" lon="6.8523503">
      <ele>116.4</ele>
      <time>2021-07-08T11:11:13Z</time>
    </trkpt>
    <trkpt lat="50.8311765" lon="6.8528278">
      <ele>117.0</ele>
      <time>2021-07-08T11:11:19Z</time>
    </trkpt>
    <trkpt lat="50.8311951" lon="6.8528989">
      <ele>117.0</ele>
      <time>2021-07-08T11:11:20Z</time>
    </trkpt>
    <trkpt lat="50.8313307" lon="6.8532620">
      <ele>117.4</ele>
      <time>2021-07-08T11:11:25Z</time>
    </trkpt>
    <trkpt lat="50.8313996" lon="6.8534695">
      <ele>117.4</ele>
      <time>2021-07-08T11:11:28Z</time>
    </trkpt>
    <trkpt lat="50.8314306" lon="6.8535345">
      <ele>117.6</ele>
      <time>2021-07-08T11:11:29Z</time>
    </trkpt>
    <trkpt lat="50.8314617" lon="6.8535963">
      <ele>117.6</ele>
      <time>2021-07-08T11:11:30Z</time>
    </trkpt>
    <trkpt lat="50.8315335" lon="6.8538702">
      <ele>117.8</ele>
      <time>2021-07-08T11:11:34Z</time>
    </trkpt>
    <trkpt lat="50.8316541" lon="6.8541445">
      <ele>118.0</ele>
      <time>2021-07-08T11:11:38Z</time>
    </trkpt>
    <trkpt lat="50.8316930" lon="6.8542250">
      <ele>118.2</ele>
      <time>2021-07-08T11:11:40Z</time>
    </trkpt>
    <trkpt lat="50.8317927" lon="6.8544818">
      <ele>118.4</ele>
      <time>2021-07-08T11:11:46Z</time>
    </trkpt>
    <trkpt lat="50.8318885" lon="6.8547842">
      <ele>118.6</ele>
      <time>2021-07-08T11:11:51Z</time>
    </trkpt>
    <trkpt lat="50.8319332" lon="6.8549155">
      <ele>118.6</ele>
      <time>2021-07-08T11:11:53Z</time>
    </trkpt>
    <trkpt lat="50.8319831" lon="6.8550559">
      <ele>118.6</ele>
      <time>2021-07-08T11:11:55Z</time>
    </trkpt>
    <trkpt lat="50.8320030" lon="6.8551224">
      <ele>118.6</ele>
      <time>2021-07-08T11:11:56Z</time>
    </trkpt>
    <trkpt lat="50.8320690" lon="6.8553232">
      <ele>118.6</ele>
      <time>2021-07-08T11:11:59Z</time>
    </trkpt>
    <trkpt lat="50.8321545" lon="6.8555539">
      <ele>118.8</ele>
      <time>2021-07-08T11:12:03Z</time>
    </trkpt>
    <trkpt lat="50.8322324" lon="6.8556807">
      <ele>119.0</ele>
      <time>2021-07-08T11:12:07Z</time>
    </trkpt>
    <trkpt lat="50.8322443" lon="6.8556930">
      <ele>119.2</ele>
      <time>2021-07-08T11:12:08Z</time>
    </trkpt>
    <trkpt lat="50.8322956" lon="6.8556880">
      <ele>119.4</ele>
      <time>2021-07-08T11:12:11Z</time>
    </trkpt>
    <trkpt lat="50.8323177" lon="6.8554972">
      <ele>119.6</ele>
      <time>2021-07-08T11:12:16Z</time>
    </trkpt>
    <trkpt lat="50.8322235" lon="6.8552379">
      <ele>119.4</ele>
      <time>2021-07-08T11:12:21Z</time>
    </trkpt>
    <trkpt lat="50.8320463" lon="6.8547549">
      <ele>119.0</ele>
      <time>2021-07-08T11:12:28Z</time>
    </trkpt>
    <trkpt lat="50.8318717" lon="6.8542794">
      <ele>118.8</ele>
      <time>2021-07-08T11:12:35Z</time>
    </trkpt>
    <trkpt lat="50.8318214" lon="6.8540747">
      <ele>118.6</ele>
      <time>2021-07-08T11:12:39Z</time>
    </trkpt>
    <trkpt lat="50.8318534" lon="6.8540426">
      <ele>118.6</ele>
      <time>2021-07-08T11:12:41Z</time>
    </trkpt>
    <trkpt lat="50.8319641" lon="6.8539417">
      <ele>118.2</ele>
      <time>2021-07-08T11:12:46Z</time>
    </trkpt>
    <trkpt lat="50.8320785" lon="6.8538470">
      <ele>117.6</ele>
      <time>2021-07-08T11:12:49Z</time>
    </trkpt>
    <trkpt lat="50.8321215" lon="6.8538121">
      <ele>117.6</ele>
      <time>2021-07-08T11:12:50Z</time>
    </trkpt>
    <trkpt lat="50.8321656" lon="6.8537791">
      <ele>117.4</ele>
      <time>2021-07-08T11:12:51Z</time>
    </trkpt>
    <trkpt lat="50.8323339" lon="6.8536575">
      <ele>116.8</ele>
      <time>2021-07-08T11:12:55Z</time>
    </trkpt>
    <trkpt lat="50.8323777" lon="6.8536272">
      <ele>116.6</ele>
      <time>2021-07-08T11:12:56Z</time>
    </trkpt>
    <trkpt lat="50.8324673" lon="6.8535470">
      <ele>116.2</ele>
      <time>2021-07-08T11:12:58Z</time>
    </trkpt>
    <trkpt lat="50.8325666" lon="6.8534482">
      <ele>115.8</ele>
      <time>2021-07-08T11:13:00Z</time>
    </trkpt>
    <trkpt lat="50.8326177" lon="6.8534019">
      <ele>115.6</ele>
      <time>2021-07-08T11:13:01Z</time>
    </trkpt>
    <trkpt lat="50.8327429" lon="6.8532894">
      <ele>115.2</ele>
      <time>2021-07-08T11:13:04Z</time>
    </trkpt>
    <trkpt lat="50.8328163" lon="6.8532508">
      <ele>115.0</ele>
      <time>2021-07-08T11:13:06Z</time>
    </trkpt>
    <trkpt lat="50.8329007" lon="6.8531890">
      <ele>114.6</ele>
      <time>2021-07-08T11:13:08Z</time>
    </trkpt>
    <trkpt lat="50.8330686" lon="6.8530583">
      <ele>113.6</ele>
      <time>2021-07-08T11:13:12Z</time>
    </trkpt>
    <trkpt lat="50.8333678" lon="6.8527937">
      <ele>112.6</ele>
      <time>2021-07-08T11:13:20Z</time>
    </trkpt>
    <trkpt lat="50.8334040" lon="6.8527721">
      <ele>112.4</ele>
      <time>2021-07-08T11:13:21Z</time>
    </trkpt>
    <trkpt lat="50.8335635" lon="6.8526679">
      <ele>112.2</ele>
      <time>2021-07-08T11:13:26Z</time>
    </trkpt>
    <trkpt lat="50.8337463" lon="6.8526502">
      <ele>111.8</ele>
      <time>2021-07-08T11:13:31Z</time>
    </trkpt>
    <trkpt lat="50.8339476" lon="6.8526352">
      <ele>111.4</ele>
      <time>2021-07-08T11:13:36Z</time>
    </trkpt>
    <trkpt lat="50.8339781" lon="6.8526299">
      <ele>111.4</ele>
      <time>2021-07-08T11:13:37Z</time>
    </trkpt>
    <trkpt lat="50.8340942" lon="6.8525741">
      <ele>110.4</ele>
      <time>2021-07-08T11:13:41Z</time>
    </trkpt>
    <trkpt lat="50.8340942" lon="6.8525741">
      <ele>110.4</ele>
      <time>2021-07-08T11:13:42Z</time>
    </trkpt>
    <trkpt lat="50.8343611" lon="6.8523862">
      <ele>109.4</ele>
      <time>2021-07-08T11:13:48Z</time>
    </trkpt>
    <trkpt lat="50.8343942" lon="6.8523726">
      <ele>109.2</ele>
      <time>2021-07-08T11:13:49Z</time>
    </trkpt>
    <trkpt lat="50.8346270" lon="6.8522359">
      <ele>109.2</ele>
      <time>2021-07-08T11:13:54Z</time>
    </trkpt>
    <trkpt lat="50.8348404" lon="6.8520555">
      <ele>109.2</ele>
      <time>2021-07-08T11:13:59Z</time>
    </trkpt>
    <trkpt lat="50.8350590" lon="6.8517787">
      <ele>109.2</ele>
      <time>2021-07-08T11:14:04Z</time>
    </trkpt>
    <trkpt lat="50.8352670" lon="6.8516384">
      <ele>109.0</ele>
      <time>2021-07-08T11:14:08Z</time>
    </trkpt>
    <trkpt lat="50.8355112" lon="6.8515673">
      <ele>108.4</ele>
      <time>2021-07-08T11:14:13Z</time>
    </trkpt>
    <trkpt lat="50.8358647" lon="6.8515342">
      <ele>108.6</ele>
      <time>2021-07-08T11:14:20Z</time>
    </trkpt>
    <trkpt lat="50.8362435" lon="6.8515121">
      <ele>108.4</ele>
      <time>2021-07-08T11:14:28Z</time>
    </trkpt>
    <trkpt lat="50.8365060" lon="6.8515184">
      <ele>108.2</ele>
      <time>2021-07-08T11:14:34Z</time>
    </trkpt>
    <trkpt lat="50.8365918" lon="6.8515469">
      <ele>108.2</ele>
      <time>2021-07-08T11:14:36Z</time>
    </trkpt>
    <trkpt lat="50.8366376" lon="6.8515499">
      <ele>108.0</ele>
      <time>2021-07-08T11:14:37Z</time>
    </trkpt>
    <trkpt lat="50.8368789" lon="6.8515887">
      <ele>108.0</ele>
      <time>2021-07-08T11:14:43Z</time>
    </trkpt>
    <trkpt lat="50.8370780" lon="6.8516187">
      <ele>107.6</ele>
      <time>2021-07-08T11:14:49Z</time>
    </trkpt>
    <trkpt lat="50.8373403" lon="6.8517230">
      <ele>107.4</ele>
      <time>2021-07-08T11:14:57Z</time>
    </trkpt>
    <trkpt lat="50.8375946" lon="6.8518155">
      <ele>107.2</ele>
      <time>2021-07-08T11:15:03Z</time>
    </trkpt>
    <trkpt lat="50.8377783" lon="6.8518639">
      <ele>107.2</ele>
      <time>2021-07-08T11:15:07Z</time>
    </trkpt>
    <trkpt lat="50.8381111" lon="6.8520559">
      <ele>107.4</ele>
      <time>2021-07-08T11:15:14Z</time>
    </trkpt>
    <trkpt lat="50.8384757" lon="6.8522904">
      <ele>107.2</ele>
      <time>2021-07-08T11:15:21Z</time>
    </trkpt>
    <trkpt lat="50.8387415" lon="6.8524193">
      <ele>107.2</ele>
      <time>2021-07-08T11:15:27Z</time>
    </trkpt>
    <trkpt lat="50.8389301" lon="6.8524917">
      <ele>107.6</ele>
      <time>2021-07-08T11:15:33Z</time>
    </trkpt>
    <trkpt lat="50.8390404" lon="6.8525629">
      <ele>107.8</ele>
      <time>2021-07-08T11:15:37Z</time>
    </trkpt>
    <trkpt lat="50.8392777" lon="6.8526865">
      <ele>108.4</ele>
      <time>2021-07-08T11:15:43Z</time>
    </trkpt>
    <trkpt lat="50.8393107" lon="6.8526889">
      <ele>108.4</ele>
      <time>2021-07-08T11:15:44Z</time>
    </trkpt>
    <trkpt lat="50.8394024" lon="6.8527522">
      <ele>108.4</ele>
      <time>2021-07-08T11:15:47Z</time>
    </trkpt>
    <trkpt lat="50.8396418" lon="6.8528518">
      <ele>108.4</ele>
      <time>2021-07-08T11:15:54Z</time>
    </trkpt>
    <trkpt lat="50.8397638" lon="6.8529427">
      <ele>108.2</ele>
      <time>2021-07-08T11:15:58Z</time>
    </trkpt>
    <trkpt lat="50.8399739" lon="6.8530641">
      <ele>108.0</ele>
      <time>2021-07-08T11:16:03Z</time>
    </trkpt>
    <trkpt lat="50.8401143" lon="6.8531083">
      <ele>108.0</ele>
      <time>2021-07-08T11:16:07Z</time>
    </trkpt>
    <trkpt lat="50.8403156" lon="6.8532133">
      <ele>108.0</ele>
      <time>2021-07-08T11:16:15Z</time>
    </trkpt>
    <trkpt lat="50.8404689" lon="6.8532858">
      <ele>108.0</ele>
      <time>2021-07-08T11:16:20Z</time>
    </trkpt>
    <trkpt lat="50.8406005" lon="6.8534061">
      <ele>108.0</ele>
      <time>2021-07-08T11:16:25Z</time>
    </trkpt>
    <trkpt lat="50.8407095" lon="6.8535226">
      <ele>108.2</ele>
      <time>2021-07-08T11:16:29Z</time>
    </trkpt>
    <trkpt lat="50.8407905" lon="6.8536125">
      <ele>108.4</ele>
      <time>2021-07-08T11:16:32Z</time>
    </trkpt>
    <trkpt lat="50.8409277" lon="6.8537619">
      <ele>108.6</ele>
      <time>2021-07-08T11:16:36Z</time>
    </trkpt>
    <trkpt lat="50.8411573" lon="6.8539640">
      <ele>108.6</ele>
      <time>2021-07-08T11:16:42Z</time>
    </trkpt>
    <trkpt lat="50.8412169" lon="6.8540023">
      <ele>108.6</ele>
      <time>2021-07-08T11:16:44Z</time>
    </trkpt>
    <trkpt lat="50.8413119" lon="6.8540784">
      <ele>108.6</ele>
      <time>2021-07-08T11:16:47Z</time>
    </trkpt>
    <trkpt lat="50.8413391" lon="6.8541133">
      <ele>108.6</ele>
      <time>2021-07-08T11:16:48Z</time>
    </trkpt>
    <trkpt lat="50.8413923" lon="6.8541633">
      <ele>108.6</ele>
      <time>2021-07-08T11:16:50Z</time>
    </trkpt>
    <trkpt lat="50.8416046" lon="6.8543301">
      <ele>108.8</ele>
      <time>2021-07-08T11:16:56Z</time>
    </trkpt>
    <trkpt lat="50.8418591" lon="6.8544809">
      <ele>108.8</ele>
      <time>2021-07-08T11:17:03Z</time>
    </trkpt>
    <trkpt lat="50.8420396" lon="6.8545611">
      <ele>109.4</ele>
      <time>2021-07-08T11:17:08Z</time>
    </trkpt>
    <trkpt lat="50.8420646" lon="6.8545652">
      <ele>109.4</ele>
      <time>2021-07-08T11:17:09Z</time>
    </trkpt>
    <trkpt lat="50.8421787" lon="6.8546197">
      <ele>109.8</ele>
      <time>2021-07-08T11:17:14Z</time>
    </trkpt>
    <trkpt lat="50.8423843" lon="6.8546916">
      <ele>109.8</ele>
      <time>2021-07-08T11:17:20Z</time>
    </trkpt>
    <trkpt lat="50.8426119" lon="6.8548036">
      <ele>109.8</ele>
      <time>2021-07-08T11:17:27Z</time>
    </trkpt>
    <trkpt lat="50.8427733" lon="6.8549094">
      <ele>109.8</ele>
      <time>2021-07-08T11:17:32Z</time>
    </trkpt>
    <trkpt lat="50.8431280" lon="6.8551122">
      <ele>109.4</ele>
      <time>2021-07-08T11:17:41Z</time>
    </trkpt>
    <trkpt lat="50.8432947" lon="6.8551937">
      <ele>109.0</ele>
      <time>2021-07-08T11:17:47Z</time>
    </trkpt>
    <trkpt lat="50.8434751" lon="6.8553210">
      <ele>109.0</ele>
      <time>2021-07-08T11:17:54Z</time>
    </trkpt>
    <trkpt lat="50.8436495" lon="6.8554179">
      <ele>108.6</ele>
      <time>2021-07-08T11:18:00Z</time>
    </trkpt>
    <trkpt lat="50.8438578" lon="6.8555118">
      <ele>108.4</ele>
      <time>2021-07-08T11:18:05Z</time>
    </trkpt>
    <trkpt lat="50.8438948" lon="6.8555297">
      <ele>108.4</ele>
      <time>2021-07-08T11:18:06Z</time>
    </trkpt>
    <trkpt lat="50.8441054" lon="6.8556448">
      <ele>108.2</ele>
      <time>2021-07-08T11:18:11Z</time>
    </trkpt>
    <trkpt lat="50.8442920" lon="6.8557550">
      <ele>108.6</ele>
      <time>2021-07-08T11:18:17Z</time>
    </trkpt>
    <trkpt lat="50.8443382" lon="6.8557843">
      <ele>108.6</ele>
      <time>2021-07-08T11:18:18Z</time>
    </trkpt>
    <trkpt lat="50.8446051" lon="6.8558544">
      <ele>108.8</ele>
      <time>2021-07-08T11:18:23Z</time>
    </trkpt>
    <trkpt lat="50.8448149" lon="6.8558596">
      <ele>109.0</ele>
      <time>2021-07-08T11:18:28Z</time>
    </trkpt>
    <trkpt lat="50.8451168" lon="6.8559589">
      <ele>109.2</ele>
      <time>2021-07-08T11:18:34Z</time>
    </trkpt>
    <trkpt lat="50.8453813" lon="6.8559945">
      <ele>109.4</ele>
      <time>2021-07-08T11:18:41Z</time>
    </trkpt>
    <trkpt lat="50.8455179" lon="6.8560508">
      <ele>109.4</ele>
      <time>2021-07-08T11:18:45Z</time>
    </trkpt>
    <trkpt lat="50.8456354" lon="6.8561287">
      <ele>110.0</ele>
      <time>2021-07-08T11:18:49Z</time>
    </trkpt>
    <trkpt lat="50.8458384" lon="6.8563230">
      <ele>110.2</ele>
      <time>2021-07-08T11:18:55Z</time>
    </trkpt>
    <trkpt lat="50.8460312" lon="6.8565610">
      <ele>110.2</ele>
      <time>2021-07-08T11:19:01Z</time>
    </trkpt>
    <trkpt lat="50.8462021" lon="6.8567935">
      <ele>110.0</ele>
      <time>2021-07-08T11:19:07Z</time>
    </trkpt>
    <trkpt lat="50.8463909" lon="6.8570436">
      <ele>110.0</ele>
      <time>2021-07-08T11:19:14Z</time>
    </trkpt>
    <trkpt lat="50.8464114" lon="6.8570421">
      <ele>110.0</ele>
      <time>2021-07-08T11:19:15Z</time>
    </trkpt>
    <trkpt lat="50.8464509" lon="6.8570424">
      <ele>110.0</ele>
      <time>2021-07-08T11:19:18Z</time>
    </trkpt>
    <trkpt lat="50.8465178" lon="6.8570106">
      <ele>110.2</ele>
      <time>2021-07-08T11:19:23Z</time>
    </trkpt>
    <trkpt lat="50.8466555" lon="6.8569849">
      <ele>110.4</ele>
      <time>2021-07-08T11:19:31Z</time>
    </trkpt>
    <trkpt lat="50.8466705" lon="6.8569889">
      <ele>110.6</ele>
      <time>2021-07-08T11:19:32Z</time>
    </trkpt>
    <trkpt lat="50.8467541" lon="6.8569426">
      <ele>110.6</ele>
      <time>2021-07-08T11:19:36Z</time>
    </trkpt>
    <trkpt lat="50.8467710" lon="6.8569243">
      <ele>110.6</ele>
      <time>2021-07-08T11:19:37Z</time>
    </trkpt>
    <trkpt lat="50.8467918" lon="6.8569182">
      <ele>110.6</ele>
      <time>2021-07-08T11:19:38Z</time>
    </trkpt>
    <trkpt lat="50.8468757" lon="6.8568803">
      <ele>110.8</ele>
      <time>2021-07-08T11:19:42Z</time>
    </trkpt>
    <trkpt lat="50.8469301" lon="6.8568930">
      <ele>111.0</ele>
      <time>2021-07-08T11:19:45Z</time>
    </trkpt>
    <trkpt lat="50.8469883" lon="6.8568819">
      <ele>111.0</ele>
      <time>2021-07-08T11:19:47Z</time>
    </trkpt>
    <trkpt lat="50.8470795" lon="6.8567869">
      <ele>111.2</ele>
      <time>2021-07-08T11:19:51Z</time>
    </trkpt>
    <trkpt lat="50.8471289" lon="6.8567306">
      <ele>111.6</ele>
      <time>2021-07-08T11:19:54Z</time>
    </trkpt>
    <trkpt lat="50.8471953" lon="6.8566526">
      <ele>111.8</ele>
      <time>2021-07-08T11:19:57Z</time>
    </trkpt>
    <trkpt lat="50.8472947" lon="6.8565722">
      <ele>112.0</ele>
      <time>2021-07-08T11:20:01Z</time>
    </trkpt>
    <trkpt lat="50.8473379" lon="6.8565268">
      <ele>112.4</ele>
      <time>2021-07-08T11:20:03Z</time>
    </trkpt>
    <trkpt lat="50.8473586" lon="6.8565120">
      <ele>112.6</ele>
      <time>2021-07-08T11:20:05Z</time>
    </trkpt>
    <trkpt lat="50.8473750" lon="6.8564949">
      <ele>112.8</ele>
      <time>2021-07-08T11:20:07Z</time>
    </trkpt>
    <trkpt lat="50.8474291" lon="6.8564806">
      <ele>113.4</ele>
      <time>2021-07-08T11:20:10Z</time>
    </trkpt>
    <trkpt lat="50.8474524" lon="6.8564647">
      <ele>113.4</ele>
      <time>2021-07-08T11:20:11Z</time>
    </trkpt>
    <trkpt lat="50.8474938" lon="6.8564257">
      <ele>113.6</ele>
      <time>2021-07-08T11:20:13Z</time>
    </trkpt>
    <trkpt lat="50.8475713" lon="6.8564040">
      <ele>113.8</ele>
      <time>2021-07-08T11:20:16Z</time>
    </trkpt>
    <trkpt lat="50.8476797" lon="6.8563978">
      <ele>114.8</ele>
      <time>2021-07-08T11:20:21Z</time>
    </trkpt>
    <trkpt lat="50.8477132" lon="6.8563859">
      <ele>114.8</ele>
      <time>2021-07-08T11:20:22Z</time>
    </trkpt>
    <trkpt lat="50.8477827" lon="6.8564121">
      <ele>115.0</ele>
      <time>2021-07-08T11:20:24Z</time>
    </trkpt>
    <trkpt lat="50.8479303" lon="6.8564948">
      <ele>115.4</ele>
      <time>2021-07-08T11:20:31Z</time>
    </trkpt>
    <trkpt lat="50.8479588" lon="6.8565115">
      <ele>115.6</ele>
      <time>2021-07-08T11:20:32Z</time>
    </trkpt>
    <trkpt lat="50.8480055" lon="6.8564992">
      <ele>116.0</ele>
      <time>2021-07-08T11:20:35Z</time>
    </trkpt>
    <trkpt lat="50.8480797" lon="6.8564872">
      <ele>116.8</ele>
      <time>2021-07-08T11:20:38Z</time>
    </trkpt>
    <trkpt lat="50.8481370" lon="6.8564604">
      <ele>116.8</ele>
      <time>2021-07-08T11:20:39Z</time>
    </trkpt>
    <trkpt lat="50.8481994" lon="6.8564193">
      <ele>116.8</ele>
      <time>2021-07-08T11:20:41Z</time>
    </trkpt>
    <trkpt lat="50.8482702" lon="6.8563159">
      <ele>117.0</ele>
      <time>2021-07-08T11:20:44Z</time>
    </trkpt>
    <trkpt lat="50.8483589" lon="6.8561753">
      <ele>117.0</ele>
      <time>2021-07-08T11:20:48Z</time>
    </trkpt>
    <trkpt lat="50.8484227" lon="6.8560950">
      <ele>117.0</ele>
      <time>2021-07-08T11:20:51Z</time>
    </trkpt>
    <trkpt lat="50.8485261" lon="6.8559102">
      <ele>117.0</ele>
      <time>2021-07-08T11:20:57Z</time>
    </trkpt>
    <trkpt lat="50.8486597" lon="6.8556723">
      <ele>117.0</ele>
      <time>2021-07-08T11:21:04Z</time>
    </trkpt>
    <trkpt lat="50.8487504" lon="6.8555096">
      <ele>117.0</ele>
      <time>2021-07-08T11:21:09Z</time>
    </trkpt>
    <trkpt lat="50.8488844" lon="6.8552665">
      <ele>117.0</ele>
      <time>2021-07-08T11:21:15Z</time>
    </trkpt>
    <trkpt lat="50.8489085" lon="6.8552381">
      <ele>117.2</ele>
      <time>2021-07-08T11:21:16Z</time>
    </trkpt>
    <trkpt lat="50.8489738" lon="6.8551388">
      <ele>117.2</ele>
      <time>2021-07-08T11:21:19Z</time>
    </trkpt>
    <trkpt lat="50.8490130" lon="6.8550765">
      <ele>117.2</ele>
      <time>2021-07-08T11:21:21Z</time>
    </trkpt>
    <trkpt lat="50.8490542" lon="6.8550176">
      <ele>117.2</ele>
      <time>2021-07-08T11:21:23Z</time>
    </trkpt>
    <trkpt lat="50.8492567" lon="6.8547539">
      <ele>117.4</ele>
      <time>2021-07-08T11:21:30Z</time>
    </trkpt>
    <trkpt lat="50.8494543" lon="6.8545265">
      <ele>117.2</ele>
      <time>2021-07-08T11:21:36Z</time>
    </trkpt>
    <trkpt lat="50.8496819" lon="6.8542550">
      <ele>117.0</ele>
      <time>2021-07-08T11:21:43Z</time>
    </trkpt>
    <trkpt lat="50.8498796" lon="6.8539911">
      <ele>117.0</ele>
      <time>2021-07-08T11:21:51Z</time>
    </trkpt>
    <trkpt lat="50.8500692" lon="6.8537043">
      <ele>117.2</ele>
      <time>2021-07-08T11:21:59Z</time>
    </trkpt>
    <trkpt lat="50.8502325" lon="6.8534228">
      <ele>117.0</ele>
      <time>2021-07-08T11:22:07Z</time>
    </trkpt>
    <trkpt lat="50.8503267" lon="6.8531928">
      <ele>116.8</ele>
      <time>2021-07-08T11:22:14Z</time>
    </trkpt>
    <trkpt lat="50.8504742" lon="6.8527909">
      <ele>117.2</ele>
      <time>2021-07-08T11:22:23Z</time>
    </trkpt>
    <trkpt lat="50.8506184" lon="6.8523780">
      <ele>117.2</ele>
      <time>2021-07-08T11:22:31Z</time>
    </trkpt>
    <trkpt lat="50.8507124" lon="6.8520171">
      <ele>117.4</ele>
      <time>2021-07-08T11:22:38Z</time>
    </trkpt>
    <trkpt lat="50.8508481" lon="6.8515614">
      <ele>117.6</ele>
      <time>2021-07-08T11:22:45Z</time>
    </trkpt>
    <trkpt lat="50.8509459" lon="6.8512444">
      <ele>117.6</ele>
      <time>2021-07-08T11:22:52Z</time>
    </trkpt>
    <trkpt lat="50.8510495" lon="6.8509138">
      <ele>117.8</ele>
      <time>2021-07-08T11:23:00Z</time>
    </trkpt>
    <trkpt lat="50.8511428" lon="6.8506684">
      <ele>117.8</ele>
      <time>2021-07-08T11:23:05Z</time>
    </trkpt>
    <trkpt lat="50.8513016" lon="6.8501578">
      <ele>117.8</ele>
      <time>2021-07-08T11:23:14Z</time>
    </trkpt>
    <trkpt lat="50.8513561" lon="6.8499436">
      <ele>118.0</ele>
      <time>2021-07-08T11:23:19Z</time>
    </trkpt>
    <trkpt lat="50.8513742" lon="6.8498633">
      <ele>118.2</ele>
      <time>2021-07-08T11:23:21Z</time>
    </trkpt>
    <trkpt lat="50.8514101" lon="6.8496236">
      <ele>118.4</ele>
      <time>2021-07-08T11:23:26Z</time>
    </trkpt>
    <trkpt lat="50.8514923" lon="6.8494245">
      <ele>118.2</ele>
      <time>2021-07-08T11:23:31Z</time>
    </trkpt>
    <trkpt lat="50.8516350" lon="6.8492246">
      <ele>117.4</ele>
      <time>2021-07-08T11:23:38Z</time>
    </trkpt>
    <trkpt lat="50.8516555" lon="6.8491961">
      <ele>116.8</ele>
      <time>2021-07-08T11:23:39Z</time>
    </trkpt>
    <trkpt lat="50.8516863" lon="6.8491615">
      <ele>115.6</ele>
      <time>2021-07-08T11:23:42Z</time>
    </trkpt>
    <trkpt lat="50.8516884" lon="6.8491589">
      <ele>115.0</ele>
      <time>2021-07-08T11:23:44Z</time>
    </trkpt>
    <trkpt lat="50.8516884" lon="6.8491589">
      <ele>115.2</ele>
      <time>2021-07-08T11:23:45Z</time>
    </trkpt>
    <trkpt lat="50.8517078" lon="6.8492495">
      <ele>114.6</ele>
      <time>2021-07-08T11:23:55Z</time>
    </trkpt>
    <trkpt lat="50.8516988" lon="6.8493080">
      <ele>114.6</ele>
      <time>2021-07-08T11:23:57Z</time>
    </trkpt>
    <trkpt lat="50.8516476" lon="6.8495938">
      <ele>114.6</ele>
      <time>2021-07-08T11:24:05Z</time>
    </trkpt>
    <trkpt lat="50.8516309" lon="6.8496820">
      <ele>114.6</ele>
      <time>2021-07-08T11:24:07Z</time>
    </trkpt>
    <trkpt lat="50.8515806" lon="6.8499374">
      <ele>114.8</ele>
      <time>2021-07-08T11:24:13Z</time>
    </trkpt>
    <trkpt lat="50.8515511" lon="6.8500985">
      <ele>114.8</ele>
      <time>2021-07-08T11:24:19Z</time>
    </trkpt>
    <trkpt lat="50.8515189" lon="6.8502342">
      <ele>115.4</ele>
      <time>2021-07-08T11:24:26Z</time>
    </trkpt>
    <trkpt lat="50.8514862" lon="6.8503432">
      <ele>115.2</ele>
      <time>2021-07-08T11:24:31Z</time>
    </trkpt>
    <trkpt lat="50.8514837" lon="6.8503498">
      <ele>115.4</ele>
      <time>2021-07-08T11:24:33Z</time>
    </trkpt>
    <trkpt lat="50.8514837" lon="6.8503498">
      <ele>115.4</ele>
      <time>2021-07-08T11:24:34Z</time>
    </trkpt>
    <trkpt lat="50.8514757" lon="6.8503456">
      <ele>115.4</ele>
      <time>2021-07-08T11:25:25Z</time>
    </trkpt>
    <trkpt lat="50.8514892" lon="6.8502599">
      <ele>115.4</ele>
      <time>2021-07-08T11:25:27Z</time>
    </trkpt>
    <trkpt lat="50.8515463" lon="6.8499711">
      <ele>115.2</ele>
      <time>2021-07-08T11:25:33Z</time>
    </trkpt>
    <trkpt lat="50.8515537" lon="6.8499324">
      <ele>115.2</ele>
      <time>2021-07-08T11:25:36Z</time>
    </trkpt>
    <trkpt lat="50.8515577" lon="6.8499334">
      <ele>115.2</ele>
      <time>2021-07-08T11:25:37Z</time>
    </trkpt>
    <trkpt lat="50.8516209" lon="6.8499992">
      <ele>115.0</ele>
      <time>2021-07-08T11:25:50Z</time>
    </trkpt>
    <trkpt lat="50.8516606" lon="6.8500350">
      <ele>114.8</ele>
      <time>2021-07-08T11:25:52Z</time>
    </trkpt>
    <trkpt lat="50.8518644" lon="6.8502724">
      <ele>114.6</ele>
      <time>2021-07-08T11:26:02Z</time>
    </trkpt>
    <trkpt lat="50.8520041" lon="6.8505298">
      <ele>115.2</ele>
      <time>2021-07-08T11:26:11Z</time>
    </trkpt>
    <trkpt lat="50.8520616" lon="6.8506279">
      <ele>115.0</ele>
      <time>2021-07-08T11:26:17Z</time>
    </trkpt>
    <trkpt lat="50.8521119" lon="6.8507144">
      <ele>115.0</ele>
      <time>2021-07-08T11:26:24Z</time>
    </trkpt>
    <trkpt lat="50.8521358" lon="6.8507475">
      <ele>115.2</ele>
      <time>2021-07-08T11:26:27Z</time>
    </trkpt>
    <trkpt lat="50.8521418" lon="6.8507542">
      <ele>115.0</ele>
      <time>2021-07-08T11:26:30Z</time>
    </trkpt>
    <trkpt lat="50.8521213" lon="6.8507181">
      <ele>114.2</ele>
      <time>2021-07-08T11:27:39Z</time>
    </trkpt>
    <trkpt lat="50.8520900" lon="6.8506823">
      <ele>114.4</ele>
      <time>2021-07-08T11:27:42Z</time>
    </trkpt>
    <trkpt lat="50.8520623" lon="6.8506390">
      <ele>114.8</ele>
      <time>2021-07-08T11:27:45Z</time>
    </trkpt>
    <trkpt lat="50.8519722" lon="6.8504697">
      <ele>115.4</ele>
      <time>2021-07-08T11:27:57Z</time>
    </trkpt>
    <trkpt lat="50.8518830" lon="6.8503063">
      <ele>115.6</ele>
      <time>2021-07-08T11:28:08Z</time>
    </trkpt>
    <trkpt lat="50.8517797" lon="6.8501610">
      <ele>115.8</ele>
      <time>2021-07-08T11:28:19Z</time>
    </trkpt>
    <trkpt lat="50.8517077" lon="6.8500680">
      <ele>115.4</ele>
      <time>2021-07-08T11:28:29Z</time>
    </trkpt>
    <trkpt lat="50.8515959" lon="6.8497979">
      <ele>115.2</ele>
      <time>2021-07-08T11:28:58Z</time>
    </trkpt>
    <trkpt lat="50.8516210" lon="6.8496901">
      <ele>115.2</ele>
      <time>2021-07-08T11:29:01Z</time>
    </trkpt>
    <trkpt lat="50.8516981" lon="6.8493922">
      <ele>115.2</ele>
      <time>2021-07-08T11:29:07Z</time>
    </trkpt>
    <trkpt lat="50.8518218" lon="6.8489789">
      <ele>115.0</ele>
      <time>2021-07-08T11:29:16Z</time>
    </trkpt>
    <trkpt lat="50.8520334" lon="6.8486915">
      <ele>114.8</ele>
      <time>2021-07-08T11:29:24Z</time>
    </trkpt>
    <trkpt lat="50.8522290" lon="6.8484132">
      <ele>114.8</ele>
      <time>2021-07-08T11:29:33Z</time>
    </trkpt>
    <trkpt lat="50.8524400" lon="6.8481423">
      <ele>115.0</ele>
      <time>2021-07-08T11:29:41Z</time>
    </trkpt>
    <trkpt lat="50.8525613" lon="6.8480007">
      <ele>115.0</ele>
      <time>2021-07-08T11:29:46Z</time>
    </trkpt>
    <trkpt lat="50.8528012" lon="6.8476402">
      <ele>115.2</ele>
      <time>2021-07-08T11:29:54Z</time>
    </trkpt>
    <trkpt lat="50.8530849" lon="6.8472605">
      <ele>114.6</ele>
      <time>2021-07-08T11:30:04Z</time>
    </trkpt>
    <trkpt lat="50.8533771" lon="6.8469100">
      <ele>114.2</ele>
      <time>2021-07-08T11:30:14Z</time>
    </trkpt>
    <trkpt lat="50.8534867" lon="6.8467299">
      <ele>113.8</ele>
      <time>2021-07-08T11:30:19Z</time>
    </trkpt>
    <trkpt lat="50.8535964" lon="6.8464946">
      <ele>114.2</ele>
      <time>2021-07-08T11:30:24Z</time>
    </trkpt>
    <trkpt lat="50.8536706" lon="6.8462292">
      <ele>114.6</ele>
      <time>2021-07-08T11:30:30Z</time>
    </trkpt>
    <trkpt lat="50.8536906" lon="6.8460952">
      <ele>115.6</ele>
      <time>2021-07-08T11:30:34Z</time>
    </trkpt>
    <trkpt lat="50.8536824" lon="6.8460476">
      <ele>116.0</ele>
      <time>2021-07-08T11:30:36Z</time>
    </trkpt>
    <trkpt lat="50.8536607" lon="6.8459009">
      <ele>116.6</ele>
      <time>2021-07-08T11:30:42Z</time>
    </trkpt>
    <trkpt lat="50.8536529" lon="6.8458699">
      <ele>116.6</ele>
      <time>2021-07-08T11:30:43Z</time>
    </trkpt>
    <trkpt lat="50.8535698" lon="6.8456339">
      <ele>117.4</ele>
      <time>2021-07-08T11:30:51Z</time>
    </trkpt>
    <trkpt lat="50.8535376" lon="6.8455293">
      <ele>117.6</ele>
      <time>2021-07-08T11:30:54Z</time>
    </trkpt>
    <trkpt lat="50.8534865" lon="6.8453319">
      <ele>118.0</ele>
      <time>2021-07-08T11:30:59Z</time>
    </trkpt>
    <trkpt lat="50.8534074" lon="6.8450117">
      <ele>118.0</ele>
      <time>2021-07-08T11:31:06Z</time>
    </trkpt>
    <trkpt lat="50.8533940" lon="6.8449316">
      <ele>118.4</ele>
      <time>2021-07-08T11:31:08Z</time>
    </trkpt>
    <trkpt lat="50.8533861" lon="6.8448899">
      <ele>118.8</ele>
      <time>2021-07-08T11:31:10Z</time>
    </trkpt>
    <trkpt lat="50.8533700" lon="6.8447977">
      <ele>119.6</ele>
      <time>2021-07-08T11:31:15Z</time>
    </trkpt>
    <trkpt lat="50.8533601" lon="6.8447788">
      <ele>120.4</ele>
      <time>2021-07-08T11:31:17Z</time>
    </trkpt>
    <trkpt lat="50.8533608" lon="6.8447636">
      <ele>120.8</ele>
      <time>2021-07-08T11:31:18Z</time>
    </trkpt>
    <trkpt lat="50.8533626" lon="6.8447472">
      <ele>121.0</ele>
      <time>2021-07-08T11:31:19Z</time>
    </trkpt>
    <trkpt lat="50.8533705" lon="6.8447140">
      <ele>121.4</ele>
      <time>2021-07-08T11:31:21Z</time>
    </trkpt>
    <trkpt lat="50.8533699" lon="6.8446957">
      <ele>121.4</ele>
      <time>2021-07-08T11:31:22Z</time>
    </trkpt>
    <trkpt lat="50.8533685" lon="6.8446145">
      <ele>121.8</ele>
      <time>2021-07-08T11:31:27Z</time>
    </trkpt>
    <trkpt lat="50.8533510" lon="6.8445687">
      <ele>122.0</ele>
      <time>2021-07-08T11:31:30Z</time>
    </trkpt>
    <trkpt lat="50.8533413" lon="6.8445196">
      <ele>122.2</ele>
      <time>2021-07-08T11:31:33Z</time>
    </trkpt>
    <trkpt lat="50.8533103" lon="6.8444667">
      <ele>122.6</ele>
      <time>2021-07-08T11:31:35Z</time>
    </trkpt>
    <trkpt lat="50.8533049" lon="6.8444111">
      <ele>123.0</ele>
      <time>2021-07-08T11:31:38Z</time>
    </trkpt>
    <trkpt lat="50.8532965" lon="6.8443815">
      <ele>123.4</ele>
      <time>2021-07-08T11:31:41Z</time>
    </trkpt>
    <trkpt lat="50.8532947" lon="6.8443772">
      <ele>123.4</ele>
      <time>2021-07-08T11:31:42Z</time>
    </trkpt>
    <trkpt lat="50.8532386" lon="6.8442642">
      <ele>124.0</ele>
      <time>2021-07-08T11:31:47Z</time>
    </trkpt>
    <trkpt lat="50.8532386" lon="6.8442642">
      <ele>124.2</ele>
      <time>2021-07-08T11:31:49Z</time>
    </trkpt>
    <trkpt lat="50.8528845" lon="6.8428055">
      <ele>132.6</ele>
      <time>2021-07-08T11:33:09Z</time>
    </trkpt>
    <trkpt lat="50.8528648" lon="6.8427295">
      <ele>132.8</ele>
      <time>2021-07-08T11:33:13Z</time>
    </trkpt>
    <trkpt lat="50.8528583" lon="6.8425695">
      <ele>132.6</ele>
      <time>2021-07-08T11:33:21Z</time>
    </trkpt>
    <trkpt lat="50.8528589" lon="6.8424927">
      <ele>132.4</ele>
      <time>2021-07-08T11:33:25Z</time>
    </trkpt>
    <trkpt lat="50.8528623" lon="6.8424502">
      <ele>132.6</ele>
      <time>2021-07-08T11:33:27Z</time>
    </trkpt>
    <trkpt lat="50.8528668" lon="6.8423931">
      <ele>132.6</ele>
      <time>2021-07-08T11:33:30Z</time>
    </trkpt>
    <trkpt lat="50.8528667" lon="6.8423553">
      <ele>133.0</ele>
      <time>2021-07-08T11:33:32Z</time>
    </trkpt>
    <trkpt lat="50.8528653" lon="6.8422674">
      <ele>133.2</ele>
      <time>2021-07-08T11:33:36Z</time>
    </trkpt>
    <trkpt lat="50.8528682" lon="6.8422281">
      <ele>133.4</ele>
      <time>2021-07-08T11:33:38Z</time>
    </trkpt>
    <trkpt lat="50.8528796" lon="6.8421330">
      <ele>133.8</ele>
      <time>2021-07-08T11:33:43Z</time>
    </trkpt>
    <trkpt lat="50.8528877" lon="6.8420886">
      <ele>134.0</ele>
      <time>2021-07-08T11:33:45Z</time>
    </trkpt>
    <trkpt lat="50.8529186" lon="6.8419351">
      <ele>133.8</ele>
      <time>2021-07-08T11:33:53Z</time>
    </trkpt>
    <trkpt lat="50.8529569" lon="6.8417771">
      <ele>134.0</ele>
      <time>2021-07-08T11:34:03Z</time>
    </trkpt>
    <trkpt lat="50.8529695" lon="6.8417410">
      <ele>134.0</ele>
      <time>2021-07-08T11:34:07Z</time>
    </trkpt>
    <trkpt lat="50.8529763" lon="6.8417225">
      <ele>134.0</ele>
      <time>2021-07-08T11:34:08Z</time>
    </trkpt>
    <trkpt lat="50.8530521" lon="6.8415496">
      <ele>133.6</ele>
      <time>2021-07-08T11:34:14Z</time>
    </trkpt>
    <trkpt lat="50.8531876" lon="6.8412709">
      <ele>133.8</ele>
      <time>2021-07-08T11:34:21Z</time>
    </trkpt>
    <trkpt lat="50.8533018" lon="6.8410894">
      <ele>134.2</ele>
      <time>2021-07-08T11:34:26Z</time>
    </trkpt>
    <trkpt lat="50.8535042" lon="6.8407646">
      <ele>133.8</ele>
      <time>2021-07-08T11:34:33Z</time>
    </trkpt>
    <trkpt lat="50.8536402" lon="6.8405345">
      <ele>133.8</ele>
      <time>2021-07-08T11:34:38Z</time>
    </trkpt>
    <trkpt lat="50.8537944" lon="6.8402444">
      <ele>133.8</ele>
      <time>2021-07-08T11:34:43Z</time>
    </trkpt>
    <trkpt lat="50.8539119" lon="6.8398204">
      <ele>134.0</ele>
      <time>2021-07-08T11:34:50Z</time>
    </trkpt>
    <trkpt lat="50.8539203" lon="6.8394701">
      <ele>134.2</ele>
      <time>2021-07-08T11:34:57Z</time>
    </trkpt>
    <trkpt lat="50.8539482" lon="6.8392525">
      <ele>134.4</ele>
      <time>2021-07-08T11:35:03Z</time>
    </trkpt>
    <trkpt lat="50.8539519" lon="6.8392311">
      <ele>134.4</ele>
      <time>2021-07-08T11:35:04Z</time>
    </trkpt>
    <trkpt lat="50.8539531" lon="6.8391467">
      <ele>134.6</ele>
      <time>2021-07-08T11:35:08Z</time>
    </trkpt>
    <trkpt lat="50.8539546" lon="6.8391400">
      <ele>135.0</ele>
      <time>2021-07-08T11:35:11Z</time>
    </trkpt>
    <trkpt lat="50.8539827" lon="6.8392096">
      <ele>134.8</ele>
      <time>2021-07-08T11:35:30Z</time>
    </trkpt>
    <trkpt lat="50.8540242" lon="6.8392820">
      <ele>134.6</ele>
      <time>2021-07-08T11:35:35Z</time>
    </trkpt>
    <trkpt lat="50.8540632" lon="6.8393328">
      <ele>134.6</ele>
      <time>2021-07-08T11:35:45Z</time>
    </trkpt>
    <trkpt lat="50.8540966" lon="6.8393767">
      <ele>134.6</ele>
      <time>2021-07-08T11:35:47Z</time>
    </trkpt>
    <trkpt lat="50.8541174" lon="6.8393872">
      <ele>134.6</ele>
      <time>2021-07-08T11:35:49Z</time>
    </trkpt>
    <trkpt lat="50.8541174" lon="6.8393872">
      <ele>134.6</ele>
      <time>2021-07-08T11:35:51Z</time>
    </trkpt>
    <trkpt lat="50.8540872" lon="6.8392741">
      <ele>134.6</ele>
      <time>2021-07-08T11:36:02Z</time>
    </trkpt>
    <trkpt lat="50.8540733" lon="6.8392530">
      <ele>134.6</ele>
      <time>2021-07-08T11:36:03Z</time>
    </trkpt>
    <trkpt lat="50.8540203" lon="6.8391226">
      <ele>134.6</ele>
      <time>2021-07-08T11:36:07Z</time>
    </trkpt>
    <trkpt lat="50.8540248" lon="6.8390864">
      <ele>134.6</ele>
      <time>2021-07-08T11:36:08Z</time>
    </trkpt>
    <trkpt lat="50.8540600" lon="6.8389941">
      <ele>134.6</ele>
      <time>2021-07-08T11:36:11Z</time>
    </trkpt>
    <trkpt lat="50.8541451" lon="6.8388608">
      <ele>135.2</ele>
      <time>2021-07-08T11:36:18Z</time>
    </trkpt>
    <trkpt lat="50.8542463" lon="6.8387148">
      <ele>135.4</ele>
      <time>2021-07-08T11:36:23Z</time>
    </trkpt>
    <trkpt lat="50.8542707" lon="6.8386835">
      <ele>135.6</ele>
      <time>2021-07-08T11:36:24Z</time>
    </trkpt>
    <trkpt lat="50.8544359" lon="6.8384928">
      <ele>136.0</ele>
      <time>2021-07-08T11:36:31Z</time>
    </trkpt>
    <trkpt lat="50.8544600" lon="6.8384688">
      <ele>136.6</ele>
      <time>2021-07-08T11:36:35Z</time>
    </trkpt>
    <trkpt lat="50.8544049" lon="6.8385267">
      <ele>136.2</ele>
      <time>2021-07-08T11:36:59Z</time>
    </trkpt>
    <trkpt lat="50.8543687" lon="6.8385636">
      <ele>136.0</ele>
      <time>2021-07-08T11:37:01Z</time>
    </trkpt>
    <trkpt lat="50.8542259" lon="6.8387434">
      <ele>136.2</ele>
      <time>2021-07-08T11:37:08Z</time>
    </trkpt>
    <trkpt lat="50.8540866" lon="6.8389510">
      <ele>136.0</ele>
      <time>2021-07-08T11:37:14Z</time>
    </trkpt>
    <trkpt lat="50.8540241" lon="6.8390960">
      <ele>135.8</ele>
      <time>2021-07-08T11:37:18Z</time>
    </trkpt>
    <trkpt lat="50.8540265" lon="6.8392011">
      <ele>135.6</ele>
      <time>2021-07-08T11:37:20Z</time>
    </trkpt>
    <trkpt lat="50.8541620" lon="6.8394830">
      <ele>135.0</ele>
      <time>2021-07-08T11:37:26Z</time>
    </trkpt>
    <trkpt lat="50.8542529" lon="6.8396677">
      <ele>135.2</ele>
      <time>2021-07-08T11:37:31Z</time>
    </trkpt>
    <trkpt lat="50.8542582" lon="6.8396876">
      <ele>135.6</ele>
      <time>2021-07-08T11:37:35Z</time>
    </trkpt>
    <trkpt lat="50.8543888" lon="6.8400567">
      <ele>138.4</ele>
      <time>2021-07-08T11:38:03Z</time>
    </trkpt>
    <trkpt lat="50.8543614" lon="6.8401323">
      <ele>138.4</ele>
      <time>2021-07-08T11:38:05Z</time>
    </trkpt>
    <trkpt lat="50.8542271" lon="6.8404255">
      <ele>138.6</ele>
      <time>2021-07-08T11:38:12Z</time>
    </trkpt>
    <trkpt lat="50.8540108" lon="6.8408039">
      <ele>139.2</ele>
      <time>2021-07-08T11:38:21Z</time>
    </trkpt>
    <trkpt lat="50.8538958" lon="6.8409945">
      <ele>139.4</ele>
      <time>2021-07-08T11:38:26Z</time>
    </trkpt>
    <trkpt lat="50.8537228" lon="6.8412589">
      <ele>139.6</ele>
      <time>2021-07-08T11:38:32Z</time>
    </trkpt>
    <trkpt lat="50.8536939" lon="6.8412996">
      <ele>139.8</ele>
      <time>2021-07-08T11:38:33Z</time>
    </trkpt>
    <trkpt lat="50.8534133" lon="6.8416995">
      <ele>140.6</ele>
      <time>2021-07-08T11:38:43Z</time>
    </trkpt>
    <trkpt lat="50.8532235" lon="6.8419756">
      <ele>140.8</ele>
      <time>2021-07-08T11:38:49Z</time>
    </trkpt>
    <trkpt lat="50.8531399" lon="6.8421116">
      <ele>140.8</ele>
      <time>2021-07-08T11:38:52Z</time>
    </trkpt>
    <trkpt lat="50.8531130" lon="6.8422398">
      <ele>141.0</ele>
      <time>2021-07-08T11:38:54Z</time>
    </trkpt>
    <trkpt lat="50.8531125" lon="6.8423061">
      <ele>141.0</ele>
      <time>2021-07-08T11:38:55Z</time>
    </trkpt>
    <trkpt lat="50.8531253" lon="6.8423745">
      <ele>141.0</ele>
      <time>2021-07-08T11:38:56Z</time>
    </trkpt>
    <trkpt lat="50.8531957" lon="6.8425511">
      <ele>141.0</ele>
      <time>2021-07-08T11:38:59Z</time>
    </trkpt>
    <trkpt lat="50.8532566" lon="6.8426558">
      <ele>141.0</ele>
      <time>2021-07-08T11:39:01Z</time>
    </trkpt>
    <trkpt lat="50.8533385" lon="6.8428514">
      <ele>141.0</ele>
      <time>2021-07-08T11:39:04Z</time>
    </trkpt>
    <trkpt lat="50.8535542" lon="6.8433596">
      <ele>140.4</ele>
      <time>2021-07-08T11:39:11Z</time>
    </trkpt>
    <trkpt lat="50.8537325" lon="6.8438256">
      <ele>139.8</ele>
      <time>2021-07-08T11:39:17Z</time>
    </trkpt>
    <trkpt lat="50.8537907" lon="6.8439814">
      <ele>139.6</ele>
      <time>2021-07-08T11:39:19Z</time>
    </trkpt>
    <trkpt lat="50.8538403" lon="6.8440891">
      <ele>139.4</ele>
      <time>2021-07-08T11:39:22Z</time>
    </trkpt>
    <trkpt lat="50.8538440" lon="6.8440957">
      <ele>139.4</ele>
      <time>2021-07-08T11:39:25Z</time>
    </trkpt>
    <trkpt lat="50.8538830" lon="6.8441664">
      <ele>139.4</ele>
      <time>2021-07-08T11:39:32Z</time>
    </trkpt>
    <trkpt lat="50.8539830" lon="6.8443689">
      <ele>139.0</ele>
      <time>2021-07-08T11:39:37Z</time>
    </trkpt>
    <trkpt lat="50.8540268" lon="6.8444731">
      <ele>139.0</ele>
      <time>2021-07-08T11:39:39Z</time>
    </trkpt>
    <trkpt lat="50.8540959" lon="6.8446539">
      <ele>139.2</ele>
      <time>2021-07-08T11:39:42Z</time>
    </trkpt>
    <trkpt lat="50.8542253" lon="6.8449414">
      <ele>139.0</ele>
      <time>2021-07-08T11:39:48Z</time>
    </trkpt>
    <trkpt lat="50.8542293" lon="6.8449447">
      <ele>139.2</ele>
      <time>2021-07-08T11:39:51Z</time>
    </trkpt>
    <trkpt lat="50.8542472" lon="6.8450065">
      <ele>139.6</ele>
      <time>2021-07-08T11:40:29Z</time>
    </trkpt>
    <trkpt lat="50.8542979" lon="6.8451754">
      <ele>139.6</ele>
      <time>2021-07-08T11:40:35Z</time>
    </trkpt>
    <trkpt lat="50.8544132" lon="6.8454781">
      <ele>139.4</ele>
      <time>2021-07-08T11:40:42Z</time>
    </trkpt>
    <trkpt lat="50.8545394" lon="6.8457730">
      <ele>139.4</ele>
      <time>2021-07-08T11:40:47Z</time>
    </trkpt>
    <trkpt lat="50.8546825" lon="6.8461239">
      <ele>139.2</ele>
      <time>2021-07-08T11:40:52Z</time>
    </trkpt>
    <trkpt lat="50.8549345" lon="6.8467268">
      <ele>139.4</ele>
      <time>2021-07-08T11:41:00Z</time>
    </trkpt>
    <trkpt lat="50.8551823" lon="6.8473356">
      <ele>139.2</ele>
      <time>2021-07-08T11:41:08Z</time>
    </trkpt>
    <trkpt lat="50.8554515" lon="6.8479203">
      <ele>138.2</ele>
      <time>2021-07-08T11:41:16Z</time>
    </trkpt>
    <trkpt lat="50.8556588" lon="6.8482462">
      <ele>138.0</ele>
      <time>2021-07-08T11:41:21Z</time>
    </trkpt>
    <trkpt lat="50.8558423" lon="6.8484783">
      <ele>137.8</ele>
      <time>2021-07-08T11:41:25Z</time>
    </trkpt>
    <trkpt lat="50.8562259" lon="6.8489395">
      <ele>137.0</ele>
      <time>2021-07-08T11:41:33Z</time>
    </trkpt>
    <trkpt lat="50.8563023" lon="6.8491105">
      <ele>137.0</ele>
      <time>2021-07-08T11:41:36Z</time>
    </trkpt>
    <trkpt lat="50.8563304" lon="6.8491330">
      <ele>137.0</ele>
      <time>2021-07-08T11:41:37Z</time>
    </trkpt>
    <trkpt lat="50.8564055" lon="6.8491697">
      <ele>136.8</ele>
      <time>2021-07-08T11:41:39Z</time>
    </trkpt>
    <trkpt lat="50.8564948" lon="6.8492094">
      <ele>136.6</ele>
      <time>2021-07-08T11:41:41Z</time>
    </trkpt>
    <trkpt lat="50.8567468" lon="6.8493831">
      <ele>136.0</ele>
      <time>2021-07-08T11:41:46Z</time>
    </trkpt>
    <trkpt lat="50.8568501" lon="6.8494569">
      <ele>135.8</ele>
      <time>2021-07-08T11:41:48Z</time>
    </trkpt>
    <trkpt lat="50.8571950" lon="6.8497166">
      <ele>135.4</ele>
      <time>2021-07-08T11:41:54Z</time>
    </trkpt>
    <trkpt lat="50.8573351" lon="6.8498399">
      <ele>134.2</ele>
      <time>2021-07-08T11:41:57Z</time>
    </trkpt>
    <trkpt lat="50.8574088" lon="6.8499110">
      <ele>133.8</ele>
      <time>2021-07-08T11:41:59Z</time>
    </trkpt>
    <trkpt lat="50.8575115" lon="6.8500173">
      <ele>133.4</ele>
      <time>2021-07-08T11:42:02Z</time>
    </trkpt>
    <trkpt lat="50.8575499" lon="6.8500649">
      <ele>133.2</ele>
      <time>2021-07-08T11:42:03Z</time>
    </trkpt>
    <trkpt lat="50.8575909" lon="6.8501162">
      <ele>132.8</ele>
      <time>2021-07-08T11:42:04Z</time>
    </trkpt>
    <trkpt lat="50.8577232" lon="6.8503156">
      <ele>132.0</ele>
      <time>2021-07-08T11:42:07Z</time>
    </trkpt>
    <trkpt lat="50.8577969" lon="6.8504297">
      <ele>131.6</ele>
      <time>2021-07-08T11:42:09Z</time>
    </trkpt>
    <trkpt lat="50.8578847" lon="6.8505585">
      <ele>130.6</ele>
      <time>2021-07-08T11:42:11Z</time>
    </trkpt>
    <trkpt lat="50.8580094" lon="6.8507515">
      <ele>130.0</ele>
      <time>2021-07-08T11:42:14Z</time>
    </trkpt>
    <trkpt lat="50.8581738" lon="6.8509905">
      <ele>129.6</ele>
      <time>2021-07-08T11:42:18Z</time>
    </trkpt>
    <trkpt lat="50.8582586" lon="6.8510965">
      <ele>129.6</ele>
      <time>2021-07-08T11:42:20Z</time>
    </trkpt>
    <trkpt lat="50.8585554" lon="6.8514781">
      <ele>129.6</ele>
      <time>2021-07-08T11:42:27Z</time>
    </trkpt>
    <trkpt lat="50.8585974" lon="6.8515272">
      <ele>129.6</ele>
      <time>2021-07-08T11:42:28Z</time>
    </trkpt>
    <trkpt lat="50.8586405" lon="6.8515789">
      <ele>129.6</ele>
      <time>2021-07-08T11:42:29Z</time>
    </trkpt>
    <trkpt lat="50.8587353" lon="6.8517643">
      <ele>130.0</ele>
      <time>2021-07-08T11:42:32Z</time>
    </trkpt>
    <trkpt lat="50.8588764" lon="6.8520297">
      <ele>130.2</ele>
      <time>2021-07-08T11:42:37Z</time>
    </trkpt>
    <trkpt lat="50.8589033" lon="6.8520844">
      <ele>130.2</ele>
      <time>2021-07-08T11:42:38Z</time>
    </trkpt>
    <trkpt lat="50.8589619" lon="6.8521989">
      <ele>130.4</ele>
      <time>2021-07-08T11:42:40Z</time>
    </trkpt>
    <trkpt lat="50.8589931" lon="6.8522547">
      <ele>130.6</ele>
      <time>2021-07-08T11:42:41Z</time>
    </trkpt>
    <trkpt lat="50.8590237" lon="6.8523138">
      <ele>131.0</ele>
      <time>2021-07-08T11:42:42Z</time>
    </trkpt>
    <trkpt lat="50.8592689" lon="6.8527630">
      <ele>131.6</ele>
      <time>2021-07-08T11:42:49Z</time>
    </trkpt>
    <trkpt lat="50.8594468" lon="6.8530960">
      <ele>131.4</ele>
      <time>2021-07-08T11:42:54Z</time>
    </trkpt>
    <trkpt lat="50.8594830" lon="6.8531440">
      <ele>131.4</ele>
      <time>2021-07-08T11:42:55Z</time>
    </trkpt>
    <trkpt lat="50.8595200" lon="6.8531957">
      <ele>131.2</ele>
      <time>2021-07-08T11:42:56Z</time>
    </trkpt>
    <trkpt lat="50.8596814" lon="6.8534724">
      <ele>131.0</ele>
      <time>2021-07-08T11:43:00Z</time>
    </trkpt>
    <trkpt lat="50.8598986" lon="6.8538845">
      <ele>130.6</ele>
      <time>2021-07-08T11:43:05Z</time>
    </trkpt>
    <trkpt lat="50.8601423" lon="6.8543206">
      <ele>129.6</ele>
      <time>2021-07-08T11:43:10Z</time>
    </trkpt>
    <trkpt lat="50.8602380" lon="6.8544998">
      <ele>129.2</ele>
      <time>2021-07-08T11:43:12Z</time>
    </trkpt>
    <trkpt lat="50.8603920" lon="6.8547715">
      <ele>128.6</ele>
      <time>2021-07-08T11:43:15Z</time>
    </trkpt>
    <trkpt lat="50.8605816" lon="6.8551459">
      <ele>127.4</ele>
      <time>2021-07-08T11:43:19Z</time>
    </trkpt>
    <trkpt lat="50.8606219" lon="6.8552372">
      <ele>127.2</ele>
      <time>2021-07-08T11:43:20Z</time>
    </trkpt>
    <trkpt lat="50.8607456" lon="6.8555413">
      <ele>126.4</ele>
      <time>2021-07-08T11:43:23Z</time>
    </trkpt>
    <trkpt lat="50.8608837" lon="6.8559153">
      <ele>125.8</ele>
      <time>2021-07-08T11:43:26Z</time>
    </trkpt>
    <trkpt lat="50.8609292" lon="6.8560516">
      <ele>125.2</ele>
      <time>2021-07-08T11:43:27Z</time>
    </trkpt>
    <trkpt lat="50.8610867" lon="6.8566279">
      <ele>123.6</ele>
      <time>2021-07-08T11:43:31Z</time>
    </trkpt>
    <trkpt lat="50.8611263" lon="6.8567783">
      <ele>122.8</ele>
      <time>2021-07-08T11:43:32Z</time>
    </trkpt>
    <trkpt lat="50.8611961" lon="6.8570725">
      <ele>121.8</ele>
      <time>2021-07-08T11:43:34Z</time>
    </trkpt>
    <trkpt lat="50.8612733" lon="6.8573706">
      <ele>120.8</ele>
      <time>2021-07-08T11:43:36Z</time>
    </trkpt>
    <trkpt lat="50.8613143" lon="6.8575205">
      <ele>120.6</ele>
      <time>2021-07-08T11:43:37Z</time>
    </trkpt>
    <trkpt lat="50.8613984" lon="6.8578152">
      <ele>119.6</ele>
      <time>2021-07-08T11:43:39Z</time>
    </trkpt>
    <trkpt lat="50.8614992" lon="6.8581188">
      <ele>118.0</ele>
      <time>2021-07-08T11:43:41Z</time>
    </trkpt>
    <trkpt lat="50.8616143" lon="6.8584064">
      <ele>117.2</ele>
      <time>2021-07-08T11:43:43Z</time>
    </trkpt>
    <trkpt lat="50.8616828" lon="6.8585437">
      <ele>116.8</ele>
      <time>2021-07-08T11:43:44Z</time>
    </trkpt>
    <trkpt lat="50.8618385" lon="6.8587818">
      <ele>115.8</ele>
      <time>2021-07-08T11:43:46Z</time>
    </trkpt>
    <trkpt lat="50.8619150" lon="6.8588965">
      <ele>115.2</ele>
      <time>2021-07-08T11:43:47Z</time>
    </trkpt>
    <trkpt lat="50.8620707" lon="6.8591332">
      <ele>114.2</ele>
      <time>2021-07-08T11:43:49Z</time>
    </trkpt>
    <trkpt lat="50.8622284" lon="6.8593688">
      <ele>113.0</ele>
      <time>2021-07-08T11:43:51Z</time>
    </trkpt>
    <trkpt lat="50.8623939" lon="6.8596093">
      <ele>111.6</ele>
      <time>2021-07-08T11:43:53Z</time>
    </trkpt>
    <trkpt lat="50.8625669" lon="6.8598542">
      <ele>110.6</ele>
      <time>2021-07-08T11:43:55Z</time>
    </trkpt>
    <trkpt lat="50.8626521" lon="6.8599748">
      <ele>109.8</ele>
      <time>2021-07-08T11:43:56Z</time>
    </trkpt>
    <trkpt lat="50.8627347" lon="6.8600915">
      <ele>109.6</ele>
      <time>2021-07-08T11:43:57Z</time>
    </trkpt>
    <trkpt lat="50.8629010" lon="6.8603237">
      <ele>108.0</ele>
      <time>2021-07-08T11:43:59Z</time>
    </trkpt>
    <trkpt lat="50.8630635" lon="6.8605549">
      <ele>106.8</ele>
      <time>2021-07-08T11:44:01Z</time>
    </trkpt>
    <trkpt lat="50.8633042" lon="6.8608840">
      <ele>105.8</ele>
      <time>2021-07-08T11:44:04Z</time>
    </trkpt>
    <trkpt lat="50.8633827" lon="6.8609966">
      <ele>105.2</ele>
      <time>2021-07-08T11:44:05Z</time>
    </trkpt>
    <trkpt lat="50.8636070" lon="6.8613403">
      <ele>103.8</ele>
      <time>2021-07-08T11:44:08Z</time>
    </trkpt>
    <trkpt lat="50.8638391" lon="6.8616782">
      <ele>103.0</ele>
      <time>2021-07-08T11:44:11Z</time>
    </trkpt>
    <trkpt lat="50.8639155" lon="6.8617921">
      <ele>102.4</ele>
      <time>2021-07-08T11:44:12Z</time>
    </trkpt>
    <trkpt lat="50.8641181" lon="6.8621662">
      <ele>101.2</ele>
      <time>2021-07-08T11:44:15Z</time>
    </trkpt>
    <trkpt lat="50.8641821" lon="6.8623013">
      <ele>100.6</ele>
      <time>2021-07-08T11:44:16Z</time>
    </trkpt>
    <trkpt lat="50.8643018" lon="6.8625775">
      <ele>100.2</ele>
      <time>2021-07-08T11:44:18Z</time>
    </trkpt>
    <trkpt lat="50.8644430" lon="6.8629723">
      <ele>99.4</ele>
      <time>2021-07-08T11:44:21Z</time>
    </trkpt>
    <trkpt lat="50.8645017" lon="6.8632323">
      <ele>99.0</ele>
      <time>2021-07-08T11:44:23Z</time>
    </trkpt>
    <trkpt lat="50.8645256" lon="6.8633617">
      <ele>98.8</ele>
      <time>2021-07-08T11:44:24Z</time>
    </trkpt>
    <trkpt lat="50.8645500" lon="6.8634917">
      <ele>98.6</ele>
      <time>2021-07-08T11:44:25Z</time>
    </trkpt>
    <trkpt lat="50.8645655" lon="6.8636187">
      <ele>98.6</ele>
      <time>2021-07-08T11:44:26Z</time>
    </trkpt>
    <trkpt lat="50.8645915" lon="6.8640152">
      <ele>98.6</ele>
      <time>2021-07-08T11:44:29Z</time>
    </trkpt>
    <trkpt lat="50.8646018" lon="6.8647945">
      <ele>99.4</ele>
      <time>2021-07-08T11:44:35Z</time>
    </trkpt>
    <trkpt lat="50.8645951" lon="6.8650195">
      <ele>100.4</ele>
      <time>2021-07-08T11:44:37Z</time>
    </trkpt>
    <trkpt lat="50.8645792" lon="6.8652391">
      <ele>101.4</ele>
      <time>2021-07-08T11:44:39Z</time>
    </trkpt>
    <trkpt lat="50.8645678" lon="6.8653430">
      <ele>101.6</ele>
      <time>2021-07-08T11:44:40Z</time>
    </trkpt>
    <trkpt lat="50.8645519" lon="6.8654423">
      <ele>102.0</ele>
      <time>2021-07-08T11:44:41Z</time>
    </trkpt>
    <trkpt lat="50.8645243" lon="6.8656394">
      <ele>102.6</ele>
      <time>2021-07-08T11:44:43Z</time>
    </trkpt>
    <trkpt lat="50.8644808" lon="6.8660059">
      <ele>103.4</ele>
      <time>2021-07-08T11:44:47Z</time>
    </trkpt>
    <trkpt lat="50.8644675" lon="6.8660959">
      <ele>103.8</ele>
      <time>2021-07-08T11:44:48Z</time>
    </trkpt>
    <trkpt lat="50.8644102" lon="6.8664383">
      <ele>104.8</ele>
      <time>2021-07-08T11:44:52Z</time>
    </trkpt>
    <trkpt lat="50.8643852" lon="6.8666003">
      <ele>105.4</ele>
      <time>2021-07-08T11:44:54Z</time>
    </trkpt>
    <trkpt lat="50.8643618" lon="6.8667602">
      <ele>106.0</ele>
      <time>2021-07-08T11:44:56Z</time>
    </trkpt>
    <trkpt lat="50.8643602" lon="6.8668473">
      <ele>106.4</ele>
      <time>2021-07-08T11:44:57Z</time>
    </trkpt>
    <trkpt lat="50.8643506" lon="6.8669238">
      <ele>106.6</ele>
      <time>2021-07-08T11:44:58Z</time>
    </trkpt>
    <trkpt lat="50.8643388" lon="6.8670031">
      <ele>106.8</ele>
      <time>2021-07-08T11:44:59Z</time>
    </trkpt>
    <trkpt lat="50.8643330" lon="6.8671792">
      <ele>107.2</ele>
      <time>2021-07-08T11:45:01Z</time>
    </trkpt>
    <trkpt lat="50.8643224" lon="6.8672618">
      <ele>107.6</ele>
      <time>2021-07-08T11:45:02Z</time>
    </trkpt>
    <trkpt lat="50.8643090" lon="6.8673400">
      <ele>107.6</ele>
      <time>2021-07-08T11:45:03Z</time>
    </trkpt>
    <trkpt lat="50.8642939" lon="6.8675067">
      <ele>108.0</ele>
      <time>2021-07-08T11:45:05Z</time>
    </trkpt>
    <trkpt lat="50.8642960" lon="6.8675981">
      <ele>108.4</ele>
      <time>2021-07-08T11:45:06Z</time>
    </trkpt>
    <trkpt lat="50.8642939" lon="6.8678613">
      <ele>108.8</ele>
      <time>2021-07-08T11:45:09Z</time>
    </trkpt>
    <trkpt lat="50.8642940" lon="6.8681027">
      <ele>109.4</ele>
      <time>2021-07-08T11:45:12Z</time>
    </trkpt>
    <trkpt lat="50.8642971" lon="6.8685086">
      <ele>110.4</ele>
      <time>2021-07-08T11:45:17Z</time>
    </trkpt>
    <trkpt lat="50.8642970" lon="6.8686728">
      <ele>110.8</ele>
      <time>2021-07-08T11:45:19Z</time>
    </trkpt>
    <trkpt lat="50.8642811" lon="6.8690769">
      <ele>111.4</ele>
      <time>2021-07-08T11:45:24Z</time>
    </trkpt>
    <trkpt lat="50.8642819" lon="6.8692322">
      <ele>111.6</ele>
      <time>2021-07-08T11:45:26Z</time>
    </trkpt>
    <trkpt lat="50.8642814" lon="6.8694835">
      <ele>112.0</ele>
      <time>2021-07-08T11:45:29Z</time>
    </trkpt>
    <trkpt lat="50.8642932" lon="6.8697171">
      <ele>112.6</ele>
      <time>2021-07-08T11:45:32Z</time>
    </trkpt>
    <trkpt lat="50.8643005" lon="6.8697942">
      <ele>113.0</ele>
      <time>2021-07-08T11:45:33Z</time>
    </trkpt>
    <trkpt lat="50.8643007" lon="6.8698664">
      <ele>113.0</ele>
      <time>2021-07-08T11:45:34Z</time>
    </trkpt>
    <trkpt lat="50.8643033" lon="6.8700724">
      <ele>113.6</ele>
      <time>2021-07-08T11:45:37Z</time>
    </trkpt>
    <trkpt lat="50.8643086" lon="6.8701465">
      <ele>113.8</ele>
      <time>2021-07-08T11:45:38Z</time>
    </trkpt>
    <trkpt lat="50.8643124" lon="6.8702160">
      <ele>114.0</ele>
      <time>2021-07-08T11:45:39Z</time>
    </trkpt>
    <trkpt lat="50.8643175" lon="6.8703553">
      <ele>114.4</ele>
      <time>2021-07-08T11:45:41Z</time>
    </trkpt>
    <trkpt lat="50.8643234" lon="6.8704911">
      <ele>114.8</ele>
      <time>2021-07-08T11:45:43Z</time>
    </trkpt>
    <trkpt lat="50.8643397" lon="6.8706234">
      <ele>115.2</ele>
      <time>2021-07-08T11:45:45Z</time>
    </trkpt>
    <trkpt lat="50.8643492" lon="6.8707660">
      <ele>115.6</ele>
      <time>2021-07-08T11:45:47Z</time>
    </trkpt>
    <trkpt lat="50.8643587" lon="6.8708332">
      <ele>115.8</ele>
      <time>2021-07-08T11:45:48Z</time>
    </trkpt>
    <trkpt lat="50.8643670" lon="6.8708979">
      <ele>116.0</ele>
      <time>2021-07-08T11:45:49Z</time>
    </trkpt>
    <trkpt lat="50.8643845" lon="6.8710277">
      <ele>116.2</ele>
      <time>2021-07-08T11:45:51Z</time>
    </trkpt>
    <trkpt lat="50.8644061" lon="6.8712254">
      <ele>116.8</ele>
      <time>2021-07-08T11:45:54Z</time>
    </trkpt>
    <trkpt lat="50.8644131" lon="6.8712902">
      <ele>117.2</ele>
      <time>2021-07-08T11:45:55Z</time>
    </trkpt>
    <trkpt lat="50.8644434" lon="6.8716223">
      <ele>118.2</ele>
      <time>2021-07-08T11:46:00Z</time>
    </trkpt>
    <trkpt lat="50.8644570" lon="6.8717554">
      <ele>118.4</ele>
      <time>2021-07-08T11:46:02Z</time>
    </trkpt>
    <trkpt lat="50.8644700" lon="6.8718882">
      <ele>118.6</ele>
      <time>2021-07-08T11:46:04Z</time>
    </trkpt>
    <trkpt lat="50.8644935" lon="6.8720823">
      <ele>119.4</ele>
      <time>2021-07-08T11:46:07Z</time>
    </trkpt>
    <trkpt lat="50.8645200" lon="6.8723657">
      <ele>120.4</ele>
      <time>2021-07-08T11:46:12Z</time>
    </trkpt>
    <trkpt lat="50.8645241" lon="6.8724259">
      <ele>120.6</ele>
      <time>2021-07-08T11:46:13Z</time>
    </trkpt>
    <trkpt lat="50.8645351" lon="6.8728091">
      <ele>121.4</ele>
      <time>2021-07-08T11:46:19Z</time>
    </trkpt>
    <trkpt lat="50.8645373" lon="6.8728734">
      <ele>121.8</ele>
      <time>2021-07-08T11:46:20Z</time>
    </trkpt>
    <trkpt lat="50.8645454" lon="6.8731433">
      <ele>122.4</ele>
      <time>2021-07-08T11:46:24Z</time>
    </trkpt>
    <trkpt lat="50.8645454" lon="6.8733415">
      <ele>123.0</ele>
      <time>2021-07-08T11:46:27Z</time>
    </trkpt>
    <trkpt lat="50.8645461" lon="6.8734021">
      <ele>123.2</ele>
      <time>2021-07-08T11:46:28Z</time>
    </trkpt>
    <trkpt lat="50.8645716" lon="6.8737138">
      <ele>124.0</ele>
      <time>2021-07-08T11:46:33Z</time>
    </trkpt>
    <trkpt lat="50.8645919" lon="6.8738282">
      <ele>124.4</ele>
      <time>2021-07-08T11:46:35Z</time>
    </trkpt>
    <trkpt lat="50.8646687" lon="6.8740874">
      <ele>125.2</ele>
      <time>2021-07-08T11:46:41Z</time>
    </trkpt>
    <trkpt lat="50.8647638" lon="6.8741527">
      <ele>125.4</ele>
      <time>2021-07-08T11:46:44Z</time>
    </trkpt>
    <trkpt lat="50.8648046" lon="6.8741793">
      <ele>125.4</ele>
      <time>2021-07-08T11:46:45Z</time>
    </trkpt>
    <trkpt lat="50.8648443" lon="6.8742173">
      <ele>125.4</ele>
      <time>2021-07-08T11:46:46Z</time>
    </trkpt>
    <trkpt lat="50.8649964" lon="6.8743760">
      <ele>125.4</ele>
      <time>2021-07-08T11:46:49Z</time>
    </trkpt>
    <trkpt lat="50.8653641" lon="6.8747610">
      <ele>124.2</ele>
      <time>2021-07-08T11:46:55Z</time>
    </trkpt>
    <trkpt lat="50.8654291" lon="6.8748266">
      <ele>123.8</ele>
      <time>2021-07-08T11:46:56Z</time>
    </trkpt>
    <trkpt lat="50.8657687" lon="6.8751954">
      <ele>122.6</ele>
      <time>2021-07-08T11:47:01Z</time>
    </trkpt>
    <trkpt lat="50.8658395" lon="6.8752692">
      <ele>122.2</ele>
      <time>2021-07-08T11:47:02Z</time>
    </trkpt>
    <trkpt lat="50.8659072" lon="6.8753449">
      <ele>121.6</ele>
      <time>2021-07-08T11:47:03Z</time>
    </trkpt>
    <trkpt lat="50.8659747" lon="6.8754189">
      <ele>121.2</ele>
      <time>2021-07-08T11:47:04Z</time>
    </trkpt>
    <trkpt lat="50.8661102" lon="6.8755572">
      <ele>120.6</ele>
      <time>2021-07-08T11:47:06Z</time>
    </trkpt>
    <trkpt lat="50.8661774" lon="6.8756278">
      <ele>119.8</ele>
      <time>2021-07-08T11:47:07Z</time>
    </trkpt>
    <trkpt lat="50.8663850" lon="6.8758421">
      <ele>118.8</ele>
      <time>2021-07-08T11:47:10Z</time>
    </trkpt>
    <trkpt lat="50.8666320" lon="6.8760997">
      <ele>118.0</ele>
      <time>2021-07-08T11:47:14Z</time>
    </trkpt>
    <trkpt lat="50.8666861" lon="6.8761574">
      <ele>118.0</ele>
      <time>2021-07-08T11:47:15Z</time>
    </trkpt>
    <trkpt lat="50.8667839" lon="6.8762741">
      <ele>117.6</ele>
      <time>2021-07-08T11:47:17Z</time>
    </trkpt>
    <trkpt lat="50.8668226" lon="6.8763499">
      <ele>117.4</ele>
      <time>2021-07-08T11:47:18Z</time>
    </trkpt>
    <trkpt lat="50.8668446" lon="6.8764368">
      <ele>117.2</ele>
      <time>2021-07-08T11:47:19Z</time>
    </trkpt>
    <trkpt lat="50.8668526" lon="6.8765937">
      <ele>117.0</ele>
      <time>2021-07-08T11:47:21Z</time>
    </trkpt>
    <trkpt lat="50.8668606" lon="6.8766902">
      <ele>116.6</ele>
      <time>2021-07-08T11:47:23Z</time>
    </trkpt>
    <trkpt lat="50.8668691" lon="6.8767084">
      <ele>116.6</ele>
      <time>2021-07-08T11:47:24Z</time>
    </trkpt>
    <trkpt lat="50.8668724" lon="6.8767152">
      <ele>116.4</ele>
      <time>2021-07-08T11:47:26Z</time>
    </trkpt>
    <trkpt lat="50.8669188" lon="6.8767522">
      <ele>115.8</ele>
      <time>2021-07-08T11:47:44Z</time>
    </trkpt>
    <trkpt lat="50.8670319" lon="6.8768470">
      <ele>115.8</ele>
      <time>2021-07-08T11:47:48Z</time>
    </trkpt>
    <trkpt lat="50.8672575" lon="6.8769614">
      <ele>115.6</ele>
      <time>2021-07-08T11:47:53Z</time>
    </trkpt>
    <trkpt lat="50.8673575" lon="6.8770191">
      <ele>115.4</ele>
      <time>2021-07-08T11:47:55Z</time>
    </trkpt>
    <trkpt lat="50.8674610" lon="6.8770641">
      <ele>115.4</ele>
      <time>2021-07-08T11:47:57Z</time>
    </trkpt>
    <trkpt lat="50.8675556" lon="6.8770452">
      <ele>115.2</ele>
      <time>2021-07-08T11:47:59Z</time>
    </trkpt>
    <trkpt lat="50.8676041" lon="6.8770384">
      <ele>115.2</ele>
      <time>2021-07-08T11:48:00Z</time>
    </trkpt>
    <trkpt lat="50.8676973" lon="6.8771076">
      <ele>115.0</ele>
      <time>2021-07-08T11:48:02Z</time>
    </trkpt>
    <trkpt lat="50.8677721" lon="6.8772270">
      <ele>115.0</ele>
      <time>2021-07-08T11:48:04Z</time>
    </trkpt>
    <trkpt lat="50.8679735" lon="6.8774425">
      <ele>114.8</ele>
      <time>2021-07-08T11:48:08Z</time>
    </trkpt>
    <trkpt lat="50.8682049" lon="6.8776589">
      <ele>114.0</ele>
      <time>2021-07-08T11:48:12Z</time>
    </trkpt>
    <trkpt lat="50.8683258" lon="6.8777697">
      <ele>113.8</ele>
      <time>2021-07-08T11:48:14Z</time>
    </trkpt>
    <trkpt lat="50.8686330" lon="6.8780732">
      <ele>113.2</ele>
      <time>2021-07-08T11:48:19Z</time>
    </trkpt>
    <trkpt lat="50.8687014" lon="6.8781286">
      <ele>113.0</ele>
      <time>2021-07-08T11:48:20Z</time>
    </trkpt>
    <trkpt lat="50.8688917" lon="6.8783425">
      <ele>112.4</ele>
      <time>2021-07-08T11:48:23Z</time>
    </trkpt>
    <trkpt lat="50.8690177" lon="6.8784867">
      <ele>112.0</ele>
      <time>2021-07-08T11:48:25Z</time>
    </trkpt>
    <trkpt lat="50.8690794" lon="6.8785479">
      <ele>111.8</ele>
      <time>2021-07-08T11:48:26Z</time>
    </trkpt>
    <trkpt lat="50.8694021" lon="6.8788701">
      <ele>110.8</ele>
      <time>2021-07-08T11:48:31Z</time>
    </trkpt>
    <trkpt lat="50.8694676" lon="6.8789321">
      <ele>110.8</ele>
      <time>2021-07-08T11:48:32Z</time>
    </trkpt>
    <trkpt lat="50.8695975" lon="6.8790573">
      <ele>110.4</ele>
      <time>2021-07-08T11:48:34Z</time>
    </trkpt>
    <trkpt lat="50.8697250" lon="6.8791846">
      <ele>110.0</ele>
      <time>2021-07-08T11:48:36Z</time>
    </trkpt>
    <trkpt lat="50.8698496" lon="6.8793244">
      <ele>109.6</ele>
      <time>2021-07-08T11:48:38Z</time>
    </trkpt>
    <trkpt lat="50.8701839" lon="6.8796601">
      <ele>108.6</ele>
      <time>2021-07-08T11:48:43Z</time>
    </trkpt>
    <trkpt lat="50.8702520" lon="6.8797294">
      <ele>108.4</ele>
      <time>2021-07-08T11:48:44Z</time>
    </trkpt>
    <trkpt lat="50.8705320" lon="6.8800258">
      <ele>106.8</ele>
      <time>2021-07-08T11:48:48Z</time>
    </trkpt>
    <trkpt lat="50.8706709" lon="6.8801767">
      <ele>106.2</ele>
      <time>2021-07-08T11:48:50Z</time>
    </trkpt>
    <trkpt lat="50.8707418" lon="6.8802489">
      <ele>105.8</ele>
      <time>2021-07-08T11:48:51Z</time>
    </trkpt>
    <trkpt lat="50.8709902" lon="6.8805139">
      <ele>104.4</ele>
      <time>2021-07-08T11:48:55Z</time>
    </trkpt>
    <trkpt lat="50.8711840" lon="6.8807336">
      <ele>103.4</ele>
      <time>2021-07-08T11:48:59Z</time>
    </trkpt>
    <trkpt lat="50.8712168" lon="6.8807751">
      <ele>103.0</ele>
      <time>2021-07-08T11:49:00Z</time>
    </trkpt>
    <trkpt lat="50.8712944" lon="6.8809466">
      <ele>102.4</ele>
      <time>2021-07-08T11:49:03Z</time>
    </trkpt>
    <trkpt lat="50.8713155" lon="6.8809858">
      <ele>102.0</ele>
      <time>2021-07-08T11:49:05Z</time>
    </trkpt>
    <trkpt lat="50.8713155" lon="6.8809858">
      <ele>101.4</ele>
      <time>2021-07-08T11:49:07Z</time>
    </trkpt>
    <trkpt lat="50.8713350" lon="6.8810115">
      <ele>100.6</ele>
      <time>2021-07-08T11:51:27Z</time>
    </trkpt>
    <trkpt lat="50.8713544" lon="6.8810382">
      <ele>100.6</ele>
      <time>2021-07-08T11:51:28Z</time>
    </trkpt>
    <trkpt lat="50.8715039" lon="6.8812397">
      <ele>100.2</ele>
      <time>2021-07-08T11:51:33Z</time>
    </trkpt>
    <trkpt lat="50.8717182" lon="6.8814754">
      <ele>99.8</ele>
      <time>2021-07-08T11:51:38Z</time>
    </trkpt>
    <trkpt lat="50.8718713" lon="6.8816337">
      <ele>99.2</ele>
      <time>2021-07-08T11:51:41Z</time>
    </trkpt>
    <trkpt lat="50.8720838" lon="6.8818624">
      <ele>98.0</ele>
      <time>2021-07-08T11:51:45Z</time>
    </trkpt>
    <trkpt lat="50.8723996" lon="6.8822288">
      <ele>96.8</ele>
      <time>2021-07-08T11:51:51Z</time>
    </trkpt>
    <trkpt lat="50.8726431" lon="6.8824923">
      <ele>95.6</ele>
      <time>2021-07-08T11:51:55Z</time>
    </trkpt>
    <trkpt lat="50.8727151" lon="6.8825658">
      <ele>95.2</ele>
      <time>2021-07-08T11:51:56Z</time>
    </trkpt>
    <trkpt lat="50.8727745" lon="6.8826316">
      <ele>94.6</ele>
      <time>2021-07-08T11:51:57Z</time>
    </trkpt>
    <trkpt lat="50.8730462" lon="6.8829569">
      <ele>93.6</ele>
      <time>2021-07-08T11:52:01Z</time>
    </trkpt>
    <trkpt lat="50.8731000" lon="6.8830158">
      <ele>93.2</ele>
      <time>2021-07-08T11:52:02Z</time>
    </trkpt>
    <trkpt lat="50.8732414" lon="6.8831671">
      <ele>92.4</ele>
      <time>2021-07-08T11:52:04Z</time>
    </trkpt>
    <trkpt lat="50.8734517" lon="6.8834301">
      <ele>91.4</ele>
      <time>2021-07-08T11:52:07Z</time>
    </trkpt>
    <trkpt lat="50.8735193" lon="6.8835131">
      <ele>90.8</ele>
      <time>2021-07-08T11:52:08Z</time>
    </trkpt>
    <trkpt lat="50.8737737" lon="6.8837931">
      <ele>89.2</ele>
      <time>2021-07-08T11:52:11Z</time>
    </trkpt>
    <trkpt lat="50.8738390" lon="6.8838749">
      <ele>89.0</ele>
      <time>2021-07-08T11:52:12Z</time>
    </trkpt>
    <trkpt lat="50.8739999" lon="6.8840737">
      <ele>88.0</ele>
      <time>2021-07-08T11:52:14Z</time>
    </trkpt>
    <trkpt lat="50.8742253" lon="6.8843547">
      <ele>86.8</ele>
      <time>2021-07-08T11:52:17Z</time>
    </trkpt>
    <trkpt lat="50.8744268" lon="6.8846009">
      <ele>85.4</ele>
      <time>2021-07-08T11:52:20Z</time>
    </trkpt>
    <trkpt lat="50.8745565" lon="6.8847394">
      <ele>84.6</ele>
      <time>2021-07-08T11:52:22Z</time>
    </trkpt>
    <trkpt lat="50.8746961" lon="6.8849013">
      <ele>84.2</ele>
      <time>2021-07-08T11:52:24Z</time>
    </trkpt>
    <trkpt lat="50.8748017" lon="6.8850525">
      <ele>83.0</ele>
      <time>2021-07-08T11:52:26Z</time>
    </trkpt>
    <trkpt lat="50.8748669" lon="6.8851643">
      <ele>82.2</ele>
      <time>2021-07-08T11:52:28Z</time>
    </trkpt>
    <trkpt lat="50.8748976" lon="6.8852198">
      <ele>81.6</ele>
      <time>2021-07-08T11:52:29Z</time>
    </trkpt>
    <trkpt lat="50.8749170" lon="6.8852719">
      <ele>81.2</ele>
      <time>2021-07-08T11:52:31Z</time>
    </trkpt>
    <trkpt lat="50.8749230" lon="6.8853050">
      <ele>81.0</ele>
      <time>2021-07-08T11:52:35Z</time>
    </trkpt>
    <trkpt lat="50.8749568" lon="6.8854222">
      <ele>80.6</ele>
      <time>2021-07-08T11:52:38Z</time>
    </trkpt>
    <trkpt lat="50.8750121" lon="6.8855258">
      <ele>80.6</ele>
      <time>2021-07-08T11:52:40Z</time>
    </trkpt>
    <trkpt lat="50.8750871" lon="6.8856094">
      <ele>80.2</ele>
      <time>2021-07-08T11:52:42Z</time>
    </trkpt>
    <trkpt lat="50.8752107" lon="6.8856672">
      <ele>80.2</ele>
      <time>2021-07-08T11:52:44Z</time>
    </trkpt>
    <trkpt lat="50.8752732" lon="6.8857029">
      <ele>80.0</ele>
      <time>2021-07-08T11:52:45Z</time>
    </trkpt>
    <trkpt lat="50.8753348" lon="6.8857556">
      <ele>80.0</ele>
      <time>2021-07-08T11:52:46Z</time>
    </trkpt>
    <trkpt lat="50.8754686" lon="6.8858749">
      <ele>79.6</ele>
      <time>2021-07-08T11:52:48Z</time>
    </trkpt>
    <trkpt lat="50.8755365" lon="6.8859391">
      <ele>79.2</ele>
      <time>2021-07-08T11:52:49Z</time>
    </trkpt>
    <trkpt lat="50.8758070" lon="6.8862536">
      <ele>77.8</ele>
      <time>2021-07-08T11:52:53Z</time>
    </trkpt>
    <trkpt lat="50.8759552" lon="6.8864132">
      <ele>77.2</ele>
      <time>2021-07-08T11:52:55Z</time>
    </trkpt>
    <trkpt lat="50.8761098" lon="6.8865622">
      <ele>76.6</ele>
      <time>2021-07-08T11:52:57Z</time>
    </trkpt>
    <trkpt lat="50.8763492" lon="6.8867720">
      <ele>75.6</ele>
      <time>2021-07-08T11:53:00Z</time>
    </trkpt>
    <trkpt lat="50.8764286" lon="6.8868438">
      <ele>75.4</ele>
      <time>2021-07-08T11:53:01Z</time>
    </trkpt>
    <trkpt lat="50.8765849" lon="6.8869774">
      <ele>74.4</ele>
      <time>2021-07-08T11:53:03Z</time>
    </trkpt>
    <trkpt lat="50.8768661" lon="6.8871669">
      <ele>73.2</ele>
      <time>2021-07-08T11:53:07Z</time>
    </trkpt>
    <trkpt lat="50.8769660" lon="6.8872404">
      <ele>72.8</ele>
      <time>2021-07-08T11:53:09Z</time>
    </trkpt>
    <trkpt lat="50.8770416" lon="6.8873196">
      <ele>72.6</ele>
      <time>2021-07-08T11:53:11Z</time>
    </trkpt>
    <trkpt lat="50.8770856" lon="6.8873559">
      <ele>72.2</ele>
      <time>2021-07-08T11:53:14Z</time>
    </trkpt>
    <trkpt lat="50.8770888" lon="6.8873560">
      <ele>71.8</ele>
      <time>2021-07-08T11:53:17Z</time>
    </trkpt>
    <trkpt lat="50.8771079" lon="6.8873994">
      <ele>71.6</ele>
      <time>2021-07-08T11:53:37Z</time>
    </trkpt>
    <trkpt lat="50.8771303" lon="6.8874460">
      <ele>71.6</ele>
      <time>2021-07-08T11:53:38Z</time>
    </trkpt>
    <trkpt lat="50.8771682" lon="6.8875078">
      <ele>71.4</ele>
      <time>2021-07-08T11:53:41Z</time>
    </trkpt>
    <trkpt lat="50.8772305" lon="6.8875308">
      <ele>71.4</ele>
      <time>2021-07-08T11:53:44Z</time>
    </trkpt>
    <trkpt lat="50.8773340" lon="6.8876170">
      <ele>71.2</ele>
      <time>2021-07-08T11:53:46Z</time>
    </trkpt>
    <trkpt lat="50.8773975" lon="6.8876737">
      <ele>71.0</ele>
      <time>2021-07-08T11:53:47Z</time>
    </trkpt>
    <trkpt lat="50.8777980" lon="6.8881014">
      <ele>70.8</ele>
      <time>2021-07-08T11:53:54Z</time>
    </trkpt>
    <trkpt lat="50.8781679" lon="6.8884642">
      <ele>70.2</ele>
      <time>2021-07-08T11:54:00Z</time>
    </trkpt>
    <trkpt lat="50.8783398" lon="6.8886419">
      <ele>70.2</ele>
      <time>2021-07-08T11:54:03Z</time>
    </trkpt>
    <trkpt lat="50.8786154" lon="6.8889083">
      <ele>70.2</ele>
      <time>2021-07-08T11:54:08Z</time>
    </trkpt>
    <trkpt lat="50.8787283" lon="6.8890223">
      <ele>70.0</ele>
      <time>2021-07-08T11:54:10Z</time>
    </trkpt>
    <trkpt lat="50.8789462" lon="6.8892458">
      <ele>69.8</ele>
      <time>2021-07-08T11:54:14Z</time>
    </trkpt>
    <trkpt lat="50.8793213" lon="6.8896261">
      <ele>69.8</ele>
      <time>2021-07-08T11:54:21Z</time>
    </trkpt>
    <trkpt lat="50.8796725" lon="6.8900517">
      <ele>69.4</ele>
      <time>2021-07-08T11:54:28Z</time>
    </trkpt>
    <trkpt lat="50.8797744" lon="6.8901609">
      <ele>69.2</ele>
      <time>2021-07-08T11:54:30Z</time>
    </trkpt>
    <trkpt lat="50.8799922" lon="6.8903896">
      <ele>69.0</ele>
      <time>2021-07-08T11:54:34Z</time>
    </trkpt>
    <trkpt lat="50.8802730" lon="6.8906603">
      <ele>68.6</ele>
      <time>2021-07-08T11:54:39Z</time>
    </trkpt>
    <trkpt lat="50.8803429" lon="6.8907812">
      <ele>68.4</ele>
      <time>2021-07-08T11:54:41Z</time>
    </trkpt>
    <trkpt lat="50.8803701" lon="6.8908336">
      <ele>68.4</ele>
      <time>2021-07-08T11:54:42Z</time>
    </trkpt>
    <trkpt lat="50.8804147" lon="6.8908780">
      <ele>68.4</ele>
      <time>2021-07-08T11:54:43Z</time>
    </trkpt>
    <trkpt lat="50.8805403" lon="6.8910097">
      <ele>68.2</ele>
      <time>2021-07-08T11:54:46Z</time>
    </trkpt>
    <trkpt lat="50.8805817" lon="6.8910575">
      <ele>68.2</ele>
      <time>2021-07-08T11:54:47Z</time>
    </trkpt>
    <trkpt lat="50.8806576" lon="6.8911426">
      <ele>68.0</ele>
      <time>2021-07-08T11:54:49Z</time>
    </trkpt>
    <trkpt lat="50.8807152" lon="6.8912537">
      <ele>68.0</ele>
      <time>2021-07-08T11:54:51Z</time>
    </trkpt>
    <trkpt lat="50.8807399" lon="6.8913005">
      <ele>68.0</ele>
      <time>2021-07-08T11:54:52Z</time>
    </trkpt>
    <trkpt lat="50.8807830" lon="6.8913671">
      <ele>68.0</ele>
      <time>2021-07-08T11:54:56Z</time>
    </trkpt>
    <trkpt lat="50.8807830" lon="6.8913671">
      <ele>68.0</ele>
      <time>2021-07-08T11:54:57Z</time>
    </trkpt>
    <trkpt lat="50.8808415" lon="6.8913797">
      <ele>67.8</ele>
      <time>2021-07-08T11:55:31Z</time>
    </trkpt>
    <trkpt lat="50.8808734" lon="6.8913871">
      <ele>67.8</ele>
      <time>2021-07-08T11:55:32Z</time>
    </trkpt>
    <trkpt lat="50.8810207" lon="6.8914719">
      <ele>67.8</ele>
      <time>2021-07-08T11:55:36Z</time>
    </trkpt>
    <trkpt lat="50.8811213" lon="6.8915423">
      <ele>67.6</ele>
      <time>2021-07-08T11:55:38Z</time>
    </trkpt>
    <trkpt lat="50.8812100" lon="6.8916353">
      <ele>67.6</ele>
      <time>2021-07-08T11:55:40Z</time>
    </trkpt>
    <trkpt lat="50.8814608" lon="6.8919123">
      <ele>67.6</ele>
      <time>2021-07-08T11:55:45Z</time>
    </trkpt>
    <trkpt lat="50.8818525" lon="6.8923164">
      <ele>67.0</ele>
      <time>2021-07-08T11:55:52Z</time>
    </trkpt>
    <trkpt lat="50.8822921" lon="6.8927380">
      <ele>66.8</ele>
      <time>2021-07-08T11:56:00Z</time>
    </trkpt>
    <trkpt lat="50.8823846" lon="6.8928281">
      <ele>66.8</ele>
      <time>2021-07-08T11:56:02Z</time>
    </trkpt>
    <trkpt lat="50.8824905" lon="6.8929062">
      <ele>66.8</ele>
      <time>2021-07-08T11:56:04Z</time>
    </trkpt>
    <trkpt lat="50.8829233" lon="6.8933326">
      <ele>66.4</ele>
      <time>2021-07-08T11:56:12Z</time>
    </trkpt>
    <trkpt lat="50.8830210" lon="6.8934429">
      <ele>66.4</ele>
      <time>2021-07-08T11:56:14Z</time>
    </trkpt>
    <trkpt lat="50.8832342" lon="6.8936461">
      <ele>66.0</ele>
      <time>2021-07-08T11:56:18Z</time>
    </trkpt>
    <trkpt lat="50.8837195" lon="6.8941486">
      <ele>66.0</ele>
      <time>2021-07-08T11:56:27Z</time>
    </trkpt>
    <trkpt lat="50.8842121" lon="6.8946612">
      <ele>65.8</ele>
      <time>2021-07-08T11:56:36Z</time>
    </trkpt>
    <trkpt lat="50.8845782" lon="6.8950413">
      <ele>65.6</ele>
      <time>2021-07-08T11:56:43Z</time>
    </trkpt>
    <trkpt lat="50.8847934" lon="6.8952401">
      <ele>65.2</ele>
      <time>2021-07-08T11:56:47Z</time>
    </trkpt>
    <trkpt lat="50.8848397" lon="6.8952992">
      <ele>65.2</ele>
      <time>2021-07-08T11:56:48Z</time>
    </trkpt>
    <trkpt lat="50.8850363" lon="6.8955085">
      <ele>64.8</ele>
      <time>2021-07-08T11:56:52Z</time>
    </trkpt>
    <trkpt lat="50.8851307" lon="6.8956114">
      <ele>64.8</ele>
      <time>2021-07-08T11:56:54Z</time>
    </trkpt>
    <trkpt lat="50.8851845" lon="6.8956582">
      <ele>64.6</ele>
      <time>2021-07-08T11:56:55Z</time>
    </trkpt>
    <trkpt lat="50.8856259" lon="6.8961025">
      <ele>64.6</ele>
      <time>2021-07-08T11:57:03Z</time>
    </trkpt>
    <trkpt lat="50.8860998" lon="6.8965907">
      <ele>64.6</ele>
      <time>2021-07-08T11:57:12Z</time>
    </trkpt>
    <trkpt lat="50.8861519" lon="6.8966433">
      <ele>64.6</ele>
      <time>2021-07-08T11:57:13Z</time>
    </trkpt>
    <trkpt lat="50.8865739" lon="6.8970790">
      <ele>64.2</ele>
      <time>2021-07-08T11:57:21Z</time>
    </trkpt>
    <trkpt lat="50.8866290" lon="6.8971240">
      <ele>64.2</ele>
      <time>2021-07-08T11:57:22Z</time>
    </trkpt>
    <trkpt lat="50.8870128" lon="6.8974962">
      <ele>64.2</ele>
      <time>2021-07-08T11:57:29Z</time>
    </trkpt>
    <trkpt lat="50.8870552" lon="6.8975227">
      <ele>64.2</ele>
      <time>2021-07-08T11:57:30Z</time>
    </trkpt>
    <trkpt lat="50.8870901" lon="6.8975255">
      <ele>64.2</ele>
      <time>2021-07-08T11:57:31Z</time>
    </trkpt>
    <trkpt lat="50.8871462" lon="6.8974546">
      <ele>64.2</ele>
      <time>2021-07-08T11:57:33Z</time>
    </trkpt>
    <trkpt lat="50.8871767" lon="6.8974116">
      <ele>64.2</ele>
      <time>2021-07-08T11:57:34Z</time>
    </trkpt>
    <trkpt lat="50.8872649" lon="6.8973828">
      <ele>64.2</ele>
      <time>2021-07-08T11:57:36Z</time>
    </trkpt>
    <trkpt lat="50.8874143" lon="6.8973792">
      <ele>64.2</ele>
      <time>2021-07-08T11:57:39Z</time>
    </trkpt>
    <trkpt lat="50.8875324" lon="6.8973749">
      <ele>64.2</ele>
      <time>2021-07-08T11:57:42Z</time>
    </trkpt>
    <trkpt lat="50.8876055" lon="6.8973284">
      <ele>64.2</ele>
      <time>2021-07-08T11:57:44Z</time>
    </trkpt>
    <trkpt lat="50.8876488" lon="6.8972505">
      <ele>64.0</ele>
      <time>2021-07-08T11:57:46Z</time>
    </trkpt>
    <trkpt lat="50.8876678" lon="6.8972218">
      <ele>64.0</ele>
      <time>2021-07-08T11:57:47Z</time>
    </trkpt>
    <trkpt lat="50.8876925" lon="6.8972062">
      <ele>64.0</ele>
      <time>2021-07-08T11:57:48Z</time>
    </trkpt>
    <trkpt lat="50.8877211" lon="6.8972200">
      <ele>63.8</ele>
      <time>2021-07-08T11:57:49Z</time>
    </trkpt>
    <trkpt lat="50.8878292" lon="6.8973230">
      <ele>63.4</ele>
      <time>2021-07-08T11:57:52Z</time>
    </trkpt>
    <trkpt lat="50.8878690" lon="6.8973592">
      <ele>63.4</ele>
      <time>2021-07-08T11:57:53Z</time>
    </trkpt>
    <trkpt lat="50.8879424" lon="6.8974096">
      <ele>63.2</ele>
      <time>2021-07-08T11:57:55Z</time>
    </trkpt>
    <trkpt lat="50.8879795" lon="6.8973963">
      <ele>63.0</ele>
      <time>2021-07-08T11:57:56Z</time>
    </trkpt>
    <trkpt lat="50.8880017" lon="6.8973565">
      <ele>62.8</ele>
      <time>2021-07-08T11:57:57Z</time>
    </trkpt>
    <trkpt lat="50.8880387" lon="6.8972723">
      <ele>62.8</ele>
      <time>2021-07-08T11:57:59Z</time>
    </trkpt>
    <trkpt lat="50.8880754" lon="6.8971883">
      <ele>62.6</ele>
      <time>2021-07-08T11:58:01Z</time>
    </trkpt>
    <trkpt lat="50.8881360" lon="6.8969727">
      <ele>62.8</ele>
      <time>2021-07-08T11:58:06Z</time>
    </trkpt>
    <trkpt lat="50.8881330" lon="6.8968067">
      <ele>62.8</ele>
      <time>2021-07-08T11:58:10Z</time>
    </trkpt>
    <trkpt lat="50.8881203" lon="6.8968622">
      <ele>62.8</ele>
      <time>2021-07-08T11:58:13Z</time>
    </trkpt>
    <trkpt lat="50.8881274" lon="6.8968873">
      <ele>62.8</ele>
      <time>2021-07-08T11:58:14Z</time>
    </trkpt>
    <trkpt lat="50.8881628" lon="6.8968752">
      <ele>62.8</ele>
      <time>2021-07-08T11:58:16Z</time>
    </trkpt>
    <trkpt lat="50.8881867" lon="6.8966948">
      <ele>62.8</ele>
      <time>2021-07-08T11:58:19Z</time>
    </trkpt>
    <trkpt lat="50.8882001" lon="6.8966241">
      <ele>62.8</ele>
      <time>2021-07-08T11:58:20Z</time>
    </trkpt>
    <trkpt lat="50.8882799" lon="6.8963397">
      <ele>62.8</ele>
      <time>2021-07-08T11:58:24Z</time>
    </trkpt>
    <trkpt lat="50.8882999" lon="6.8962724">
      <ele>62.8</ele>
      <time>2021-07-08T11:58:25Z</time>
    </trkpt>
    <trkpt lat="50.8883718" lon="6.8960857">
      <ele>62.6</ele>
      <time>2021-07-08T11:58:29Z</time>
    </trkpt>
    <trkpt lat="50.8884153" lon="6.8959460">
      <ele>62.4</ele>
      <time>2021-07-08T11:58:34Z</time>
    </trkpt>
    <trkpt lat="50.8885051" lon="6.8956492">
      <ele>62.4</ele>
      <time>2021-07-08T11:58:40Z</time>
    </trkpt>
    <trkpt lat="50.8884973" lon="6.8955617">
      <ele>62.4</ele>
      <time>2021-07-08T11:58:42Z</time>
    </trkpt>
    <trkpt lat="50.8884776" lon="6.8955386">
      <ele>62.4</ele>
      <time>2021-07-08T11:58:43Z</time>
    </trkpt>
    <trkpt lat="50.8882509" lon="6.8954772">
      <ele>62.6</ele>
      <time>2021-07-08T11:58:49Z</time>
    </trkpt>
    <trkpt lat="50.8879836" lon="6.8954527">
      <ele>62.6</ele>
      <time>2021-07-08T11:58:56Z</time>
    </trkpt>
    <trkpt lat="50.8878306" lon="6.8954562">
      <ele>62.4</ele>
      <time>2021-07-08T11:59:02Z</time>
    </trkpt>
    <trkpt lat="50.8878240" lon="6.8955079">
      <ele>62.4</ele>
      <time>2021-07-08T11:59:04Z</time>
    </trkpt>
    <trkpt lat="50.8878304" lon="6.8955732">
      <ele>62.2</ele>
      <time>2021-07-08T11:59:06Z</time>
    </trkpt>
    <trkpt lat="50.8878263" lon="6.8958148">
      <ele>62.4</ele>
      <time>2021-07-08T11:59:11Z</time>
    </trkpt>
    <trkpt lat="50.8877936" lon="6.8961251">
      <ele>62.6</ele>
      <time>2021-07-08T11:59:17Z</time>
    </trkpt>
    <trkpt lat="50.8877898" lon="6.8962146">
      <ele>62.8</ele>
      <time>2021-07-08T11:59:19Z</time>
    </trkpt>
    <trkpt lat="50.8877773" lon="6.8962596">
      <ele>63.0</ele>
      <time>2021-07-08T11:59:20Z</time>
    </trkpt>
    <trkpt lat="50.8877708" lon="6.8962980">
      <ele>63.2</ele>
      <time>2021-07-08T11:59:22Z</time>
    </trkpt>
    <trkpt lat="50.8877735" lon="6.8963207">
      <ele>63.4</ele>
      <time>2021-07-08T11:59:24Z</time>
    </trkpt>
    <trkpt lat="50.8877663" lon="6.8963278">
      <ele>63.6</ele>
      <time>2021-07-08T11:59:25Z</time>
    </trkpt>
    <trkpt lat="50.8877487" lon="6.8963035">
      <ele>63.8</ele>
      <time>2021-07-08T11:59:27Z</time>
    </trkpt>
    <trkpt lat="50.8877377" lon="6.8962879">
      <ele>64.0</ele>
      <time>2021-07-08T11:59:28Z</time>
    </trkpt>
    <trkpt lat="50.8875491" lon="6.8961894">
      <ele>64.2</ele>
      <time>2021-07-08T11:59:33Z</time>
    </trkpt>
    <trkpt lat="50.8872169" lon="6.8959744">
      <ele>63.8</ele>
      <time>2021-07-08T11:59:41Z</time>
    </trkpt>
    <trkpt lat="50.8869477" lon="6.8958264">
      <ele>63.8</ele>
      <time>2021-07-08T11:59:48Z</time>
    </trkpt>
    <trkpt lat="50.8868614" lon="6.8958149">
      <ele>63.8</ele>
      <time>2021-07-08T11:59:50Z</time>
    </trkpt>
    <trkpt lat="50.8867199" lon="6.8958439">
      <ele>63.8</ele>
      <time>2021-07-08T11:59:53Z</time>
    </trkpt>
    <trkpt lat="50.8866523" lon="6.8958556">
      <ele>63.8</ele>
      <time>2021-07-08T11:59:55Z</time>
    </trkpt>
    <trkpt lat="50.8864548" lon="6.8957756">
      <ele>64.8</ele>
      <time>2021-07-08T12:00:00Z</time>
    </trkpt>
    <trkpt lat="50.8863575" lon="6.8957302">
      <ele>65.2</ele>
      <time>2021-07-08T12:00:02Z</time>
    </trkpt>
    <trkpt lat="50.8861881" lon="6.8956347">
      <ele>65.4</ele>
      <time>2021-07-08T12:00:06Z</time>
    </trkpt>
    <trkpt lat="50.8861488" lon="6.8956123">
      <ele>65.4</ele>
      <time>2021-07-08T12:00:07Z</time>
    </trkpt>
    <trkpt lat="50.8860234" lon="6.8955195">
      <ele>65.2</ele>
      <time>2021-07-08T12:00:10Z</time>
    </trkpt>
    <trkpt lat="50.8859318" lon="6.8954297">
      <ele>65.2</ele>
      <time>2021-07-08T12:00:12Z</time>
    </trkpt>
    <trkpt lat="50.8858873" lon="6.8953847">
      <ele>65.2</ele>
      <time>2021-07-08T12:00:13Z</time>
    </trkpt>
    <trkpt lat="50.8857920" lon="6.8953234">
      <ele>65.0</ele>
      <time>2021-07-08T12:00:15Z</time>
    </trkpt>
    <trkpt lat="50.8857204" lon="6.8952903">
      <ele>64.8</ele>
      <time>2021-07-08T12:00:16Z</time>
    </trkpt>
    <trkpt lat="50.8855414" lon="6.8952376">
      <ele>64.6</ele>
      <time>2021-07-08T12:00:19Z</time>
    </trkpt>
    <trkpt lat="50.8854509" lon="6.8952338">
      <ele>64.4</ele>
      <time>2021-07-08T12:00:21Z</time>
    </trkpt>
    <trkpt lat="50.8852723" lon="6.8951737">
      <ele>64.4</ele>
      <time>2021-07-08T12:00:25Z</time>
    </trkpt>
    <trkpt lat="50.8852188" lon="6.8951425">
      <ele>64.4</ele>
      <time>2021-07-08T12:00:26Z</time>
    </trkpt>
    <trkpt lat="50.8850995" lon="6.8950702">
      <ele>64.4</ele>
      <time>2021-07-08T12:00:29Z</time>
    </trkpt>
    <trkpt lat="50.8849911" lon="6.8950202">
      <ele>64.4</ele>
      <time>2021-07-08T12:00:31Z</time>
    </trkpt>
    <trkpt lat="50.8848283" lon="6.8950088">
      <ele>64.6</ele>
      <time>2021-07-08T12:00:35Z</time>
    </trkpt>
    <trkpt lat="50.8847299" lon="6.8949437">
      <ele>65.0</ele>
      <time>2021-07-08T12:00:38Z</time>
    </trkpt>
    <trkpt lat="50.8845884" lon="6.8947333">
      <ele>65.2</ele>
      <time>2021-07-08T12:00:43Z</time>
    </trkpt>
    <trkpt lat="50.8843535" lon="6.8944829">
      <ele>65.2</ele>
      <time>2021-07-08T12:00:50Z</time>
    </trkpt>
    <trkpt lat="50.8841999" lon="6.8943090">
      <ele>65.8</ele>
      <time>2021-07-08T12:00:56Z</time>
    </trkpt>
    <trkpt lat="50.8840773" lon="6.8941747">
      <ele>66.0</ele>
      <time>2021-07-08T12:01:02Z</time>
    </trkpt>
    <trkpt lat="50.8839782" lon="6.8940790">
      <ele>65.6</ele>
      <time>2021-07-08T12:01:09Z</time>
    </trkpt>
    <trkpt lat="50.8840037" lon="6.8941291">
      <ele>66.0</ele>
      <time>2021-07-08T12:01:22Z</time>
    </trkpt>
    <trkpt lat="50.8840421" lon="6.8941718">
      <ele>66.0</ele>
      <time>2021-07-08T12:01:24Z</time>
    </trkpt>
    <trkpt lat="50.8841980" lon="6.8943407">
      <ele>65.6</ele>
      <time>2021-07-08T12:01:29Z</time>
    </trkpt>
    <trkpt lat="50.8844395" lon="6.8946004">
      <ele>65.4</ele>
      <time>2021-07-08T12:01:35Z</time>
    </trkpt>
    <trkpt lat="50.8846071" lon="6.8947814">
      <ele>65.4</ele>
      <time>2021-07-08T12:01:39Z</time>
    </trkpt>
    <trkpt lat="50.8846771" lon="6.8948892">
      <ele>65.2</ele>
      <time>2021-07-08T12:01:41Z</time>
    </trkpt>
    <trkpt lat="50.8847577" lon="6.8949665">
      <ele>65.2</ele>
      <time>2021-07-08T12:01:43Z</time>
    </trkpt>
    <trkpt lat="50.8848527" lon="6.8949963">
      <ele>65.0</ele>
      <time>2021-07-08T12:01:45Z</time>
    </trkpt>
    <trkpt lat="50.8849469" lon="6.8950000">
      <ele>65.0</ele>
      <time>2021-07-08T12:01:47Z</time>
    </trkpt>
    <trkpt lat="50.8850799" lon="6.8950533">
      <ele>65.0</ele>
      <time>2021-07-08T12:01:50Z</time>
    </trkpt>
    <trkpt lat="50.8853520" lon="6.8951721">
      <ele>64.6</ele>
      <time>2021-07-08T12:01:56Z</time>
    </trkpt>
    <trkpt lat="50.8855608" lon="6.8952149">
      <ele>64.2</ele>
      <time>2021-07-08T12:02:00Z</time>
    </trkpt>
    <trkpt lat="50.8856670" lon="6.8952599">
      <ele>64.0</ele>
      <time>2021-07-08T12:02:02Z</time>
    </trkpt>
    <trkpt lat="50.8858528" lon="6.8953911">
      <ele>64.0</ele>
      <time>2021-07-08T12:02:06Z</time>
    </trkpt>
    <trkpt lat="50.8860112" lon="6.8955508">
      <ele>64.4</ele>
      <time>2021-07-08T12:02:10Z</time>
    </trkpt>
    <trkpt lat="50.8860586" lon="6.8955841">
      <ele>64.6</ele>
      <time>2021-07-08T12:02:11Z</time>
    </trkpt>
    <trkpt lat="50.8863692" lon="6.8957414">
      <ele>65.0</ele>
      <time>2021-07-08T12:02:17Z</time>
    </trkpt>
    <trkpt lat="50.8864195" lon="6.8957704">
      <ele>65.2</ele>
      <time>2021-07-08T12:02:18Z</time>
    </trkpt>
    <trkpt lat="50.8865232" lon="6.8958269">
      <ele>65.2</ele>
      <time>2021-07-08T12:02:20Z</time>
    </trkpt>
    <trkpt lat="50.8866189" lon="6.8958318">
      <ele>65.2</ele>
      <time>2021-07-08T12:02:22Z</time>
    </trkpt>
    <trkpt lat="50.8867305" lon="6.8958144">
      <ele>65.2</ele>
      <time>2021-07-08T12:02:24Z</time>
    </trkpt>
    <trkpt lat="50.8869143" lon="6.8958238">
      <ele>65.2</ele>
      <time>2021-07-08T12:02:27Z</time>
    </trkpt>
    <trkpt lat="50.8871448" lon="6.8959577">
      <ele>64.4</ele>
      <time>2021-07-08T12:02:31Z</time>
    </trkpt>
    <trkpt lat="50.8872549" lon="6.8960316">
      <ele>64.0</ele>
      <time>2021-07-08T12:02:33Z</time>
    </trkpt>
    <trkpt lat="50.8874886" lon="6.8962054">
      <ele>63.8</ele>
      <time>2021-07-08T12:02:37Z</time>
    </trkpt>
    <trkpt lat="50.8878564" lon="6.8965739">
      <ele>63.8</ele>
      <time>2021-07-08T12:02:44Z</time>
    </trkpt>
    <trkpt lat="50.8880602" lon="6.8968573">
      <ele>63.6</ele>
      <time>2021-07-08T12:02:49Z</time>
    </trkpt>
    <trkpt lat="50.8883231" lon="6.8972165">
      <ele>63.0</ele>
      <time>2021-07-08T12:02:55Z</time>
    </trkpt>
    <trkpt lat="50.8883750" lon="6.8972738">
      <ele>62.8</ele>
      <time>2021-07-08T12:02:56Z</time>
    </trkpt>
    <trkpt lat="50.8888045" lon="6.8977125">
      <ele>61.8</ele>
      <time>2021-07-08T12:03:04Z</time>
    </trkpt>
    <trkpt lat="50.8892558" lon="6.8982297">
      <ele>61.6</ele>
      <time>2021-07-08T12:03:13Z</time>
    </trkpt>
    <trkpt lat="50.8897112" lon="6.8987149">
      <ele>61.6</ele>
      <time>2021-07-08T12:03:22Z</time>
    </trkpt>
    <trkpt lat="50.8899103" lon="6.8989290">
      <ele>61.8</ele>
      <time>2021-07-08T12:03:26Z</time>
    </trkpt>
    <trkpt lat="50.8900074" lon="6.8990311">
      <ele>61.8</ele>
      <time>2021-07-08T12:03:28Z</time>
    </trkpt>
    <trkpt lat="50.8902402" lon="6.8992819">
      <ele>62.0</ele>
      <time>2021-07-08T12:03:34Z</time>
    </trkpt>
    <trkpt lat="50.8903137" lon="6.8993597">
      <ele>62.4</ele>
      <time>2021-07-08T12:03:38Z</time>
    </trkpt>
    <trkpt lat="50.8904796" lon="6.8995250">
      <ele>62.4</ele>
      <time>2021-07-08T12:03:44Z</time>
    </trkpt>
    <trkpt lat="50.8907104" lon="6.8997807">
      <ele>62.2</ele>
      <time>2021-07-08T12:03:49Z</time>
    </trkpt>
    <trkpt lat="50.8910832" lon="6.9002057">
      <ele>61.8</ele>
      <time>2021-07-08T12:03:56Z</time>
    </trkpt>
    <trkpt lat="50.8915287" lon="6.9007065">
      <ele>61.6</ele>
      <time>2021-07-08T12:04:04Z</time>
    </trkpt>
    <trkpt lat="50.8919868" lon="6.9012096">
      <ele>61.8</ele>
      <time>2021-07-08T12:04:12Z</time>
    </trkpt>
    <trkpt lat="50.8924279" lon="6.9017101">
      <ele>61.8</ele>
      <time>2021-07-08T12:04:20Z</time>
    </trkpt>
    <trkpt lat="50.8925899" lon="6.9018898">
      <ele>61.8</ele>
      <time>2021-07-08T12:04:23Z</time>
    </trkpt>
    <trkpt lat="50.8930345" lon="6.9023621">
      <ele>62.0</ele>
      <time>2021-07-08T12:04:31Z</time>
    </trkpt>
    <trkpt lat="50.8930892" lon="6.9024217">
      <ele>62.0</ele>
      <time>2021-07-08T12:04:32Z</time>
    </trkpt>
    <trkpt lat="50.8935112" lon="6.9028820">
      <ele>62.0</ele>
      <time>2021-07-08T12:04:40Z</time>
    </trkpt>
    <trkpt lat="50.8938275" lon="6.9032237">
      <ele>62.2</ele>
      <time>2021-07-08T12:04:47Z</time>
    </trkpt>
    <trkpt lat="50.8939355" lon="6.9033328">
      <ele>62.4</ele>
      <time>2021-07-08T12:04:51Z</time>
    </trkpt>
    <trkpt lat="50.8939600" lon="6.9033453">
      <ele>62.4</ele>
      <time>2021-07-08T12:04:53Z</time>
    </trkpt>
    <trkpt lat="50.8939734" lon="6.9033074">
      <ele>62.4</ele>
      <time>2021-07-08T12:04:55Z</time>
    </trkpt>
    <trkpt lat="50.8939847" lon="6.9032904">
      <ele>62.4</ele>
      <time>2021-07-08T12:04:56Z</time>
    </trkpt>
    <trkpt lat="50.8940264" lon="6.9032349">
      <ele>62.6</ele>
      <time>2021-07-08T12:04:59Z</time>
    </trkpt>
    <trkpt lat="50.8940322" lon="6.9032250">
      <ele>62.6</ele>
      <time>2021-07-08T12:05:02Z</time>
    </trkpt>
    <trkpt lat="50.8940746" lon="6.9032153">
      <ele>62.8</ele>
      <time>2021-07-08T12:05:11Z</time>
    </trkpt>
    <trkpt lat="50.8941163" lon="6.9032543">
      <ele>62.6</ele>
      <time>2021-07-08T12:05:14Z</time>
    </trkpt>
    <trkpt lat="50.8941359" lon="6.9032510">
      <ele>62.4</ele>
      <time>2021-07-08T12:05:15Z</time>
    </trkpt>
    <trkpt lat="50.8942153" lon="6.9031562">
      <ele>62.2</ele>
      <time>2021-07-08T12:05:19Z</time>
    </trkpt>
    <trkpt lat="50.8942990" lon="6.9031709">
      <ele>62.2</ele>
      <time>2021-07-08T12:05:20Z</time>
    </trkpt>
    <trkpt lat="50.8943414" lon="6.9032071">
      <ele>62.2</ele>
      <time>2021-07-08T12:05:21Z</time>
    </trkpt>
    <trkpt lat="50.8946130" lon="6.9034666">
      <ele>62.2</ele>
      <time>2021-07-08T12:05:28Z</time>
    </trkpt>
    <trkpt lat="50.8947033" lon="6.9035544">
      <ele>62.2</ele>
      <time>2021-07-08T12:05:29Z</time>
    </trkpt>
    <trkpt lat="50.8949191" lon="6.9037776">
      <ele>62.6</ele>
      <time>2021-07-08T12:05:34Z</time>
    </trkpt>
    <trkpt lat="50.8953376" lon="6.9042640">
      <ele>62.8</ele>
      <time>2021-07-08T12:05:44Z</time>
    </trkpt>
    <trkpt lat="50.8954897" lon="6.9044626">
      <ele>62.8</ele>
      <time>2021-07-08T12:05:48Z</time>
    </trkpt>
    <trkpt lat="50.8956116" lon="6.9045913">
      <ele>62.8</ele>
      <time>2021-07-08T12:05:51Z</time>
    </trkpt>
    <trkpt lat="50.8957787" lon="6.9047797">
      <ele>62.8</ele>
      <time>2021-07-08T12:05:55Z</time>
    </trkpt>
    <trkpt lat="50.8959570" lon="6.9049685">
      <ele>63.0</ele>
      <time>2021-07-08T12:06:00Z</time>
    </trkpt>
    <trkpt lat="50.8962712" lon="6.9052790">
      <ele>63.2</ele>
      <time>2021-07-08T12:06:06Z</time>
    </trkpt>
    <trkpt lat="50.8965304" lon="6.9055639">
      <ele>63.2</ele>
      <time>2021-07-08T12:06:12Z</time>
    </trkpt>
    <trkpt lat="50.8966138" lon="6.9056864">
      <ele>63.2</ele>
      <time>2021-07-08T12:06:14Z</time>
    </trkpt>
    <trkpt lat="50.8966902" lon="6.9058105">
      <ele>63.2</ele>
      <time>2021-07-08T12:06:16Z</time>
    </trkpt>
    <trkpt lat="50.8968438" lon="6.9060763">
      <ele>63.0</ele>
      <time>2021-07-08T12:06:21Z</time>
    </trkpt>
    <trkpt lat="50.8968713" lon="6.9061302">
      <ele>63.0</ele>
      <time>2021-07-08T12:06:22Z</time>
    </trkpt>
    <trkpt lat="50.8969717" lon="6.9063018">
      <ele>62.8</ele>
      <time>2021-07-08T12:06:24Z</time>
    </trkpt>
    <trkpt lat="50.8970140" lon="6.9063622">
      <ele>62.8</ele>
      <time>2021-07-08T12:06:25Z</time>
    </trkpt>
    <trkpt lat="50.8971953" lon="6.9065715">
      <ele>62.8</ele>
      <time>2021-07-08T12:06:29Z</time>
    </trkpt>
    <trkpt lat="50.8974245" lon="6.9068030">
      <ele>63.0</ele>
      <time>2021-07-08T12:06:34Z</time>
    </trkpt>
    <trkpt lat="50.8974245" lon="6.9068030">
      <ele>63.0</ele>
      <time>2021-07-08T12:06:35Z</time>
    </trkpt>
    <trkpt lat="50.8978340" lon="6.9072730">
      <ele>63.0</ele>
      <time>2021-07-08T12:06:41Z</time>
    </trkpt>
    <trkpt lat="50.8980232" lon="6.9074745">
      <ele>63.0</ele>
      <time>2021-07-08T12:06:44Z</time>
    </trkpt>
    <trkpt lat="50.8981856" lon="6.9076467">
      <ele>62.8</ele>
      <time>2021-07-08T12:06:47Z</time>
    </trkpt>
    <trkpt lat="50.8984629" lon="6.9079827">
      <ele>62.4</ele>
      <time>2021-07-08T12:06:52Z</time>
    </trkpt>
    <trkpt lat="50.8985121" lon="6.9080281">
      <ele>62.2</ele>
      <time>2021-07-08T12:06:53Z</time>
    </trkpt>
    <trkpt lat="50.8985513" lon="6.9080890">
      <ele>62.2</ele>
      <time>2021-07-08T12:06:54Z</time>
    </trkpt>
    <trkpt lat="50.8986602" lon="6.9083409">
      <ele>62.2</ele>
      <time>2021-07-08T12:06:57Z</time>
    </trkpt>
    <trkpt lat="50.8986717" lon="6.9083981">
      <ele>62.2</ele>
      <time>2021-07-08T12:06:58Z</time>
    </trkpt>
    <trkpt lat="50.8986964" lon="6.9085028">
      <ele>62.2</ele>
      <time>2021-07-08T12:07:00Z</time>
    </trkpt>
    <trkpt lat="50.8987443" lon="6.9086740">
      <ele>62.2</ele>
      <time>2021-07-08T12:07:02Z</time>
    </trkpt>
    <trkpt lat="50.8990352" lon="6.9088452">
      <ele>62.2</ele>
      <time>2021-07-08T12:07:04Z</time>
    </trkpt>
    <trkpt lat="50.8991524" lon="6.9088268">
      <ele>62.2</ele>
      <time>2021-07-08T12:07:06Z</time>
    </trkpt>
    <trkpt lat="50.8995293" lon="6.9091798">
      <ele>62.0</ele>
      <time>2021-07-08T12:07:13Z</time>
    </trkpt>
    <trkpt lat="50.8999909" lon="6.9096657">
      <ele>62.0</ele>
      <time>2021-07-08T12:07:22Z</time>
    </trkpt>
    <trkpt lat="50.9000414" lon="6.9097176">
      <ele>62.0</ele>
      <time>2021-07-08T12:07:23Z</time>
    </trkpt>
    <trkpt lat="50.9005395" lon="6.9102499">
      <ele>61.8</ele>
      <time>2021-07-08T12:07:33Z</time>
    </trkpt>
    <trkpt lat="50.9008561" lon="6.9106031">
      <ele>61.6</ele>
      <time>2021-07-08T12:07:39Z</time>
    </trkpt>
    <trkpt lat="50.9011793" lon="6.9109703">
      <ele>61.0</ele>
      <time>2021-07-08T12:07:46Z</time>
    </trkpt>
    <trkpt lat="50.9014931" lon="6.9113007">
      <ele>60.6</ele>
      <time>2021-07-08T12:07:50Z</time>
    </trkpt>
    <trkpt lat="50.9015481" lon="6.9113644">
      <ele>60.4</ele>
      <time>2021-07-08T12:07:51Z</time>
    </trkpt>
    <trkpt lat="50.9016573" lon="6.9114923">
      <ele>59.6</ele>
      <time>2021-07-08T12:07:54Z</time>
    </trkpt>
    <trkpt lat="50.9016880" lon="6.9115174">
      <ele>59.6</ele>
      <time>2021-07-08T12:07:55Z</time>
    </trkpt>
    <trkpt lat="50.9017922" lon="6.9116166">
      <ele>59.4</ele>
      <time>2021-07-08T12:07:58Z</time>
    </trkpt>
    <trkpt lat="50.9018318" lon="6.9116647">
      <ele>59.2</ele>
      <time>2021-07-08T12:07:59Z</time>
    </trkpt>
    <trkpt lat="50.9020781" lon="6.9119377">
      <ele>59.0</ele>
      <time>2021-07-08T12:08:04Z</time>
    </trkpt>
    <trkpt lat="50.9024519" lon="6.9123548">
      <ele>58.6</ele>
      <time>2021-07-08T12:08:11Z</time>
    </trkpt>
    <trkpt lat="50.9029244" lon="6.9128946">
      <ele>58.6</ele>
      <time>2021-07-08T12:08:20Z</time>
    </trkpt>
    <trkpt lat="50.9029717" lon="6.9129566">
      <ele>58.6</ele>
      <time>2021-07-08T12:08:21Z</time>
    </trkpt>
    <trkpt lat="50.9031152" lon="6.9131483">
      <ele>58.4</ele>
      <time>2021-07-08T12:08:24Z</time>
    </trkpt>
    <trkpt lat="50.9035339" lon="6.9137386">
      <ele>58.4</ele>
      <time>2021-07-08T12:08:33Z</time>
    </trkpt>
    <trkpt lat="50.9039675" lon="6.9143310">
      <ele>58.2</ele>
      <time>2021-07-08T12:08:42Z</time>
    </trkpt>
    <trkpt lat="50.9043093" lon="6.9147930">
      <ele>58.0</ele>
      <time>2021-07-08T12:08:50Z</time>
    </trkpt>
    <trkpt lat="50.9043439" lon="6.9148184">
      <ele>58.0</ele>
      <time>2021-07-08T12:08:51Z</time>
    </trkpt>
    <trkpt lat="50.9043753" lon="6.9147954">
      <ele>57.8</ele>
      <time>2021-07-08T12:08:53Z</time>
    </trkpt>
    <trkpt lat="50.9044418" lon="6.9145543">
      <ele>57.8</ele>
      <time>2021-07-08T12:08:58Z</time>
    </trkpt>
    <trkpt lat="50.9045710" lon="6.9143848">
      <ele>57.6</ele>
      <time>2021-07-08T12:09:02Z</time>
    </trkpt>
    <trkpt lat="50.9047071" lon="6.9142082">
      <ele>57.4</ele>
      <time>2021-07-08T12:09:05Z</time>
    </trkpt>
    <trkpt lat="50.9047569" lon="6.9141485">
      <ele>57.4</ele>
      <time>2021-07-08T12:09:06Z</time>
    </trkpt>
    <trkpt lat="50.9048091" lon="6.9140799">
      <ele>57.4</ele>
      <time>2021-07-08T12:09:07Z</time>
    </trkpt>
    <trkpt lat="50.9048837" lon="6.9139841">
      <ele>57.4</ele>
      <time>2021-07-08T12:09:09Z</time>
    </trkpt>
    <trkpt lat="50.9049761" lon="6.9138651">
      <ele>57.4</ele>
      <time>2021-07-08T12:09:11Z</time>
    </trkpt>
    <trkpt lat="50.9050969" lon="6.9137194">
      <ele>57.4</ele>
      <time>2021-07-08T12:09:13Z</time>
    </trkpt>
    <trkpt lat="50.9052097" lon="6.9135636">
      <ele>57.4</ele>
      <time>2021-07-08T12:09:15Z</time>
    </trkpt>
    <trkpt lat="50.9053060" lon="6.9134266">
      <ele>57.4</ele>
      <time>2021-07-08T12:09:17Z</time>
    </trkpt>
    <trkpt lat="50.9055444" lon="6.9130992">
      <ele>57.4</ele>
      <time>2021-07-08T12:09:21Z</time>
    </trkpt>
    <trkpt lat="50.9056415" lon="6.9129626">
      <ele>57.4</ele>
      <time>2021-07-08T12:09:23Z</time>
    </trkpt>
    <trkpt lat="50.9059136" lon="6.9125208">
      <ele>57.4</ele>
      <time>2021-07-08T12:09:29Z</time>
    </trkpt>
    <trkpt lat="50.9059576" lon="6.9124591">
      <ele>57.4</ele>
      <time>2021-07-08T12:09:30Z</time>
    </trkpt>
    <trkpt lat="50.9060537" lon="6.9122815">
      <ele>57.4</ele>
      <time>2021-07-08T12:09:33Z</time>
    </trkpt>
    <trkpt lat="50.9061990" lon="6.9120609">
      <ele>57.6</ele>
      <time>2021-07-08T12:09:37Z</time>
    </trkpt>
    <trkpt lat="50.9062217" lon="6.9120150">
      <ele>57.8</ele>
      <time>2021-07-08T12:09:38Z</time>
    </trkpt>
    <trkpt lat="50.9062895" lon="6.9119006">
      <ele>58.0</ele>
      <time>2021-07-08T12:09:41Z</time>
    </trkpt>
    <trkpt lat="50.9063408" lon="6.9118302">
      <ele>58.2</ele>
      <time>2021-07-08T12:09:43Z</time>
    </trkpt>
    <trkpt lat="50.9063698" lon="6.9117839">
      <ele>58.2</ele>
      <time>2021-07-08T12:09:44Z</time>
    </trkpt>
    <trkpt lat="50.9064128" lon="6.9116789">
      <ele>58.2</ele>
      <time>2021-07-08T12:09:46Z</time>
    </trkpt>
    <trkpt lat="50.9065073" lon="6.9115083">
      <ele>58.0</ele>
      <time>2021-07-08T12:09:49Z</time>
    </trkpt>
    <trkpt lat="50.9065485" lon="6.9114384">
      <ele>58.0</ele>
      <time>2021-07-08T12:09:50Z</time>
    </trkpt>
    <trkpt lat="50.9067226" lon="6.9111569">
      <ele>58.0</ele>
      <time>2021-07-08T12:09:54Z</time>
    </trkpt>
    <trkpt lat="50.9067596" lon="6.9110655">
      <ele>58.0</ele>
      <time>2021-07-08T12:09:55Z</time>
    </trkpt>
    <trkpt lat="50.9069957" lon="6.9106252">
      <ele>57.8</ele>
      <time>2021-07-08T12:10:01Z</time>
    </trkpt>
    <trkpt lat="50.9070350" lon="6.9105489">
      <ele>57.8</ele>
      <time>2021-07-08T12:10:02Z</time>
    </trkpt>
    <trkpt lat="50.9073025" lon="6.9100029">
      <ele>57.4</ele>
      <time>2021-07-08T12:10:09Z</time>
    </trkpt>
    <trkpt lat="50.9074891" lon="6.9095108">
      <ele>57.2</ele>
      <time>2021-07-08T12:10:15Z</time>
    </trkpt>
    <trkpt lat="50.9075654" lon="6.9092733">
      <ele>57.2</ele>
      <time>2021-07-08T12:10:18Z</time>
    </trkpt>
    <trkpt lat="50.9076369" lon="6.9090942">
      <ele>57.2</ele>
      <time>2021-07-08T12:10:20Z</time>
    </trkpt>
    <trkpt lat="50.9076749" lon="6.9090162">
      <ele>57.2</ele>
      <time>2021-07-08T12:10:21Z</time>
    </trkpt>
    <trkpt lat="50.9078188" lon="6.9086409">
      <ele>57.4</ele>
      <time>2021-07-08T12:10:26Z</time>
    </trkpt>
    <trkpt lat="50.9078498" lon="6.9085715">
      <ele>57.4</ele>
      <time>2021-07-08T12:10:27Z</time>
    </trkpt>
    <trkpt lat="50.9080218" lon="6.9082772">
      <ele>57.8</ele>
      <time>2021-07-08T12:10:31Z</time>
    </trkpt>
    <trkpt lat="50.9082093" lon="6.9079548">
      <ele>57.8</ele>
      <time>2021-07-08T12:10:36Z</time>
    </trkpt>
    <trkpt lat="50.9082836" lon="6.9078181">
      <ele>57.8</ele>
      <time>2021-07-08T12:10:38Z</time>
    </trkpt>
    <trkpt lat="50.9083358" lon="6.9077397">
      <ele>57.8</ele>
      <time>2021-07-08T12:10:39Z</time>
    </trkpt>
    <trkpt lat="50.9083798" lon="6.9076772">
      <ele>57.8</ele>
      <time>2021-07-08T12:10:40Z</time>
    </trkpt>
    <trkpt lat="50.9085649" lon="6.9073410">
      <ele>57.6</ele>
      <time>2021-07-08T12:10:45Z</time>
    </trkpt>
    <trkpt lat="50.9087670" lon="6.9068866">
      <ele>57.6</ele>
      <time>2021-07-08T12:10:51Z</time>
    </trkpt>
    <trkpt lat="50.9090390" lon="6.9063323">
      <ele>57.2</ele>
      <time>2021-07-08T12:10:57Z</time>
    </trkpt>
    <trkpt lat="50.9092723" lon="6.9059322">
      <ele>57.2</ele>
      <time>2021-07-08T12:11:02Z</time>
    </trkpt>
    <trkpt lat="50.9093908" lon="6.9058375">
      <ele>57.2</ele>
      <time>2021-07-08T12:11:04Z</time>
    </trkpt>
    <trkpt lat="50.9094491" lon="6.9058116">
      <ele>57.2</ele>
      <time>2021-07-08T12:11:05Z</time>
    </trkpt>
    <trkpt lat="50.9094898" lon="6.9057887">
      <ele>57.2</ele>
      <time>2021-07-08T12:11:06Z</time>
    </trkpt>
    <trkpt lat="50.9096481" lon="6.9056137">
      <ele>57.2</ele>
      <time>2021-07-08T12:11:09Z</time>
    </trkpt>
    <trkpt lat="50.9097348" lon="6.9054323">
      <ele>57.0</ele>
      <time>2021-07-08T12:11:12Z</time>
    </trkpt>
    <trkpt lat="50.9097532" lon="6.9053398">
      <ele>57.0</ele>
      <time>2021-07-08T12:11:13Z</time>
    </trkpt>
    <trkpt lat="50.9097640" lon="6.9052581">
      <ele>57.0</ele>
      <time>2021-07-08T12:11:14Z</time>
    </trkpt>
    <trkpt lat="50.9097635" lon="6.9051091">
      <ele>57.0</ele>
      <time>2021-07-08T12:11:16Z</time>
    </trkpt>
    <trkpt lat="50.9097659" lon="6.9050152">
      <ele>57.0</ele>
      <time>2021-07-08T12:11:17Z</time>
    </trkpt>
    <trkpt lat="50.9097874" lon="6.9049102">
      <ele>57.0</ele>
      <time>2021-07-08T12:11:18Z</time>
    </trkpt>
    <trkpt lat="50.9098466" lon="6.9047555">
      <ele>57.2</ele>
      <time>2021-07-08T12:11:20Z</time>
    </trkpt>
    <trkpt lat="50.9098953" lon="6.9046687">
      <ele>57.2</ele>
      <time>2021-07-08T12:11:21Z</time>
    </trkpt>
    <trkpt lat="50.9100468" lon="6.9043637">
      <ele>57.2</ele>
      <time>2021-07-08T12:11:24Z</time>
    </trkpt>
    <trkpt lat="50.9103538" lon="6.9036735">
      <ele>57.0</ele>
      <time>2021-07-08T12:11:32Z</time>
    </trkpt>
    <trkpt lat="50.9105082" lon="6.9033194">
      <ele>57.0</ele>
      <time>2021-07-08T12:11:36Z</time>
    </trkpt>
    <trkpt lat="50.9105538" lon="6.9032269">
      <ele>57.0</ele>
      <time>2021-07-08T12:11:37Z</time>
    </trkpt>
    <trkpt lat="50.9108506" lon="6.9027082">
      <ele>56.8</ele>
      <time>2021-07-08T12:11:43Z</time>
    </trkpt>
    <trkpt lat="50.9110437" lon="6.9023673">
      <ele>56.8</ele>
      <time>2021-07-08T12:11:47Z</time>
    </trkpt>
    <trkpt lat="50.9110876" lon="6.9022823">
      <ele>56.8</ele>
      <time>2021-07-08T12:11:48Z</time>
    </trkpt>
    <trkpt lat="50.9112417" lon="6.9020200">
      <ele>56.8</ele>
      <time>2021-07-08T12:11:51Z</time>
    </trkpt>
    <trkpt lat="50.9113210" lon="6.9018667">
      <ele>56.8</ele>
      <time>2021-07-08T12:11:53Z</time>
    </trkpt>
    <trkpt lat="50.9113742" lon="6.9017794">
      <ele>56.8</ele>
      <time>2021-07-08T12:11:54Z</time>
    </trkpt>
    <trkpt lat="50.9116383" lon="6.9012841">
      <ele>56.6</ele>
      <time>2021-07-08T12:12:00Z</time>
    </trkpt>
    <trkpt lat="50.9119762" lon="6.9006010">
      <ele>56.4</ele>
      <time>2021-07-08T12:12:07Z</time>
    </trkpt>
    <trkpt lat="50.9120290" lon="6.9004829">
      <ele>56.4</ele>
      <time>2021-07-08T12:12:08Z</time>
    </trkpt>
    <trkpt lat="50.9121445" lon="6.9002085">
      <ele>56.4</ele>
      <time>2021-07-08T12:12:11Z</time>
    </trkpt>
    <trkpt lat="50.9123668" lon="6.8997395">
      <ele>56.8</ele>
      <time>2021-07-08T12:12:16Z</time>
    </trkpt>
    <trkpt lat="50.9124082" lon="6.8996480">
      <ele>56.8</ele>
      <time>2021-07-08T12:12:17Z</time>
    </trkpt>
    <trkpt lat="50.9126487" lon="6.8991140">
      <ele>57.2</ele>
      <time>2021-07-08T12:12:23Z</time>
    </trkpt>
    <trkpt lat="50.9127030" lon="6.8989841">
      <ele>57.4</ele>
      <time>2021-07-08T12:12:25Z</time>
    </trkpt>
    <trkpt lat="50.9127825" lon="6.8987983">
      <ele>57.6</ele>
      <time>2021-07-08T12:12:27Z</time>
    </trkpt>
    <trkpt lat="50.9128554" lon="6.8986681">
      <ele>57.8</ele>
      <time>2021-07-08T12:12:29Z</time>
    </trkpt>
    <trkpt lat="50.9129205" lon="6.8985366">
      <ele>57.8</ele>
      <time>2021-07-08T12:12:31Z</time>
    </trkpt>
    <trkpt lat="50.9129599" lon="6.8984400">
      <ele>57.8</ele>
      <time>2021-07-08T12:12:32Z</time>
    </trkpt>
    <trkpt lat="50.9132524" lon="6.8978150">
      <ele>58.6</ele>
      <time>2021-07-08T12:12:41Z</time>
    </trkpt>
    <trkpt lat="50.9134524" lon="6.8973752">
      <ele>58.8</ele>
      <time>2021-07-08T12:12:47Z</time>
    </trkpt>
    <trkpt lat="50.9134783" lon="6.8973119">
      <ele>58.8</ele>
      <time>2021-07-08T12:12:48Z</time>
    </trkpt>
    <trkpt lat="50.9135721" lon="6.8971002">
      <ele>59.0</ele>
      <time>2021-07-08T12:12:51Z</time>
    </trkpt>
    <trkpt lat="50.9136175" lon="6.8970143">
      <ele>59.0</ele>
      <time>2021-07-08T12:12:52Z</time>
    </trkpt>
    <trkpt lat="50.9136535" lon="6.8969477">
      <ele>59.0</ele>
      <time>2021-07-08T12:12:53Z</time>
    </trkpt>
    <trkpt lat="50.9137646" lon="6.8967301">
      <ele>59.2</ele>
      <time>2021-07-08T12:12:56Z</time>
    </trkpt>
    <trkpt lat="50.9138074" lon="6.8966529">
      <ele>59.2</ele>
      <time>2021-07-08T12:12:57Z</time>
    </trkpt>
    <trkpt lat="50.9138560" lon="6.8965622">
      <ele>59.2</ele>
      <time>2021-07-08T12:12:58Z</time>
    </trkpt>
    <trkpt lat="50.9140633" lon="6.8961603">
      <ele>59.2</ele>
      <time>2021-07-08T12:13:03Z</time>
    </trkpt>
    <trkpt lat="50.9142348" lon="6.8958481">
      <ele>59.4</ele>
      <time>2021-07-08T12:13:08Z</time>
    </trkpt>
    <trkpt lat="50.9142506" lon="6.8957986">
      <ele>59.4</ele>
      <time>2021-07-08T12:13:09Z</time>
    </trkpt>
    <trkpt lat="50.9144003" lon="6.8955459">
      <ele>59.6</ele>
      <time>2021-07-08T12:13:15Z</time>
    </trkpt>
    <trkpt lat="50.9144156" lon="6.8955233">
      <ele>59.8</ele>
      <time>2021-07-08T12:13:16Z</time>
    </trkpt>
    <trkpt lat="50.9144879" lon="6.8954576">
      <ele>60.0</ele>
      <time>2021-07-08T12:13:21Z</time>
    </trkpt>
    <trkpt lat="50.9145873" lon="6.8953187">
      <ele>60.0</ele>
      <time>2021-07-08T12:13:25Z</time>
    </trkpt>
    <trkpt lat="50.9146305" lon="6.8952328">
      <ele>60.0</ele>
      <time>2021-07-08T12:13:27Z</time>
    </trkpt>
    <trkpt lat="50.9146704" lon="6.8951778">
      <ele>60.0</ele>
      <time>2021-07-08T12:13:28Z</time>
    </trkpt>
    <trkpt lat="50.9149016" lon="6.8948360">
      <ele>59.8</ele>
      <time>2021-07-08T12:13:34Z</time>
    </trkpt>
    <trkpt lat="50.9149399" lon="6.8947889">
      <ele>59.8</ele>
      <time>2021-07-08T12:13:35Z</time>
    </trkpt>
    <trkpt lat="50.9151029" lon="6.8945952">
      <ele>59.8</ele>
      <time>2021-07-08T12:13:38Z</time>
    </trkpt>
    <trkpt lat="50.9153934" lon="6.8941750">
      <ele>60.2</ele>
      <time>2021-07-08T12:13:45Z</time>
    </trkpt>
    <trkpt lat="50.9155124" lon="6.8939955">
      <ele>60.2</ele>
      <time>2021-07-08T12:13:48Z</time>
    </trkpt>
    <trkpt lat="50.9156336" lon="6.8938449">
      <ele>60.4</ele>
      <time>2021-07-08T12:13:51Z</time>
    </trkpt>
    <trkpt lat="50.9159574" lon="6.8934637">
      <ele>60.4</ele>
      <time>2021-07-08T12:13:58Z</time>
    </trkpt>
    <trkpt lat="50.9163170" lon="6.8930764">
      <ele>60.6</ele>
      <time>2021-07-08T12:14:06Z</time>
    </trkpt>
    <trkpt lat="50.9163605" lon="6.8930255">
      <ele>60.6</ele>
      <time>2021-07-08T12:14:07Z</time>
    </trkpt>
    <trkpt lat="50.9166855" lon="6.8927188">
      <ele>60.6</ele>
      <time>2021-07-08T12:14:13Z</time>
    </trkpt>
    <trkpt lat="50.9167853" lon="6.8926299">
      <ele>60.6</ele>
      <time>2021-07-08T12:14:15Z</time>
    </trkpt>
    <trkpt lat="50.9169493" lon="6.8924991">
      <ele>60.6</ele>
      <time>2021-07-08T12:14:18Z</time>
    </trkpt>
    <trkpt lat="50.9170677" lon="6.8924077">
      <ele>60.6</ele>
      <time>2021-07-08T12:14:20Z</time>
    </trkpt>
    <trkpt lat="50.9172209" lon="6.8922723">
      <ele>60.8</ele>
      <time>2021-07-08T12:14:23Z</time>
    </trkpt>
    <trkpt lat="50.9172781" lon="6.8922263">
      <ele>60.8</ele>
      <time>2021-07-08T12:14:24Z</time>
    </trkpt>
    <trkpt lat="50.9176149" lon="6.8919867">
      <ele>60.6</ele>
      <time>2021-07-08T12:14:30Z</time>
    </trkpt>
    <trkpt lat="50.9179012" lon="6.8918319">
      <ele>60.4</ele>
      <time>2021-07-08T12:14:35Z</time>
    </trkpt>
    <trkpt lat="50.9182792" lon="6.8916533">
      <ele>60.4</ele>
      <time>2021-07-08T12:14:41Z</time>
    </trkpt>
    <trkpt lat="50.9184188" lon="6.8915895">
      <ele>60.4</ele>
      <time>2021-07-08T12:14:43Z</time>
    </trkpt>
    <trkpt lat="50.9187377" lon="6.8914570">
      <ele>60.4</ele>
      <time>2021-07-08T12:14:49Z</time>
    </trkpt>
    <trkpt lat="50.9188000" lon="6.8914352">
      <ele>60.4</ele>
      <time>2021-07-08T12:14:50Z</time>
    </trkpt>
    <trkpt lat="50.9189175" lon="6.8913767">
      <ele>60.4</ele>
      <time>2021-07-08T12:14:52Z</time>
    </trkpt>
    <trkpt lat="50.9191315" lon="6.8912881">
      <ele>60.6</ele>
      <time>2021-07-08T12:14:55Z</time>
    </trkpt>
    <trkpt lat="50.9193789" lon="6.8912041">
      <ele>60.4</ele>
      <time>2021-07-08T12:15:00Z</time>
    </trkpt>
    <trkpt lat="50.9194281" lon="6.8911930">
      <ele>60.4</ele>
      <time>2021-07-08T12:15:01Z</time>
    </trkpt>
    <trkpt lat="50.9195050" lon="6.8911638">
      <ele>60.4</ele>
      <time>2021-07-08T12:15:03Z</time>
    </trkpt>
    <trkpt lat="50.9197845" lon="6.8910342">
      <ele>60.4</ele>
      <time>2021-07-08T12:15:11Z</time>
    </trkpt>
    <trkpt lat="50.9199704" lon="6.8909710">
      <ele>60.4</ele>
      <time>2021-07-08T12:15:16Z</time>
    </trkpt>
    <trkpt lat="50.9201555" lon="6.8909079">
      <ele>60.4</ele>
      <time>2021-07-08T12:15:20Z</time>
    </trkpt>
    <trkpt lat="50.9202715" lon="6.8908966">
      <ele>60.4</ele>
      <time>2021-07-08T12:15:22Z</time>
    </trkpt>
    <trkpt lat="50.9204045" lon="6.8908620">
      <ele>60.4</ele>
      <time>2021-07-08T12:15:24Z</time>
    </trkpt>
    <trkpt lat="50.9204456" lon="6.8908405">
      <ele>60.4</ele>
      <time>2021-07-08T12:15:25Z</time>
    </trkpt>
    <trkpt lat="50.9207304" lon="6.8907530">
      <ele>60.4</ele>
      <time>2021-07-08T12:15:30Z</time>
    </trkpt>
    <trkpt lat="50.9211676" lon="6.8906559">
      <ele>60.2</ele>
      <time>2021-07-08T12:15:35Z</time>
    </trkpt>
    <trkpt lat="50.9217187" lon="6.8905792">
      <ele>60.0</ele>
      <time>2021-07-08T12:15:42Z</time>
    </trkpt>
    <trkpt lat="50.9221739" lon="6.8904827">
      <ele>59.8</ele>
      <time>2021-07-08T12:15:49Z</time>
    </trkpt>
    <trkpt lat="50.9225530" lon="6.8903707">
      <ele>59.4</ele>
      <time>2021-07-08T12:15:55Z</time>
    </trkpt>
    <trkpt lat="50.9226214" lon="6.8903630">
      <ele>59.4</ele>
      <time>2021-07-08T12:15:56Z</time>
    </trkpt>
    <trkpt lat="50.9227911" lon="6.8903583">
      <ele>59.4</ele>
      <time>2021-07-08T12:15:59Z</time>
    </trkpt>
    <trkpt lat="50.9228472" lon="6.8903401">
      <ele>59.4</ele>
      <time>2021-07-08T12:16:00Z</time>
    </trkpt>
    <trkpt lat="50.9229783" lon="6.8903298">
      <ele>59.4</ele>
      <time>2021-07-08T12:16:02Z</time>
    </trkpt>
    <trkpt lat="50.9230367" lon="6.8903410">
      <ele>59.4</ele>
      <time>2021-07-08T12:16:03Z</time>
    </trkpt>
    <trkpt lat="50.9232388" lon="6.8903882">
      <ele>59.4</ele>
      <time>2021-07-08T12:16:06Z</time>
    </trkpt>
    <trkpt lat="50.9234189" lon="6.8904235">
      <ele>59.2</ele>
      <time>2021-07-08T12:16:09Z</time>
    </trkpt>
    <trkpt lat="50.9235513" lon="6.8904406">
      <ele>59.4</ele>
      <time>2021-07-08T12:16:11Z</time>
    </trkpt>
    <trkpt lat="50.9236231" lon="6.8904378">
      <ele>59.4</ele>
      <time>2021-07-08T12:16:13Z</time>
    </trkpt>
    <trkpt lat="50.9237371" lon="6.8904353">
      <ele>59.6</ele>
      <time>2021-07-08T12:16:18Z</time>
    </trkpt>
    <trkpt lat="50.9237397" lon="6.8904329">
      <ele>59.6</ele>
      <time>2021-07-08T12:16:20Z</time>
    </trkpt>
    <trkpt lat="50.9237781" lon="6.8904206">
      <ele>59.4</ele>
      <time>2021-07-08T12:17:28Z</time>
    </trkpt>
    <trkpt lat="50.9239119" lon="6.8904174">
      <ele>59.4</ele>
      <time>2021-07-08T12:17:32Z</time>
    </trkpt>
    <trkpt lat="50.9240691" lon="6.8903949">
      <ele>59.2</ele>
      <time>2021-07-08T12:17:36Z</time>
    </trkpt>
    <trkpt lat="50.9243189" lon="6.8903593">
      <ele>59.2</ele>
      <time>2021-07-08T12:17:41Z</time>
    </trkpt>
    <trkpt lat="50.9244554" lon="6.8903025">
      <ele>59.2</ele>
      <time>2021-07-08T12:17:44Z</time>
    </trkpt>
    <trkpt lat="50.9245469" lon="6.8902385">
      <ele>59.4</ele>
      <time>2021-07-08T12:17:47Z</time>
    </trkpt>
    <trkpt lat="50.9245758" lon="6.8902086">
      <ele>59.4</ele>
      <time>2021-07-08T12:17:49Z</time>
    </trkpt>
    <trkpt lat="50.9245895" lon="6.8901990">
      <ele>59.6</ele>
      <time>2021-07-08T12:17:51Z</time>
    </trkpt>
    <trkpt lat="50.9245895" lon="6.8901990">
      <ele>59.4</ele>
      <time>2021-07-08T12:17:52Z</time>
    </trkpt>
    <trkpt lat="50.9246217" lon="6.8901967">
      <ele>59.8</ele>
      <time>2021-07-08T12:20:00Z</time>
    </trkpt>
    <trkpt lat="50.9246898" lon="6.8901918">
      <ele>59.6</ele>
      <time>2021-07-08T12:20:02Z</time>
    </trkpt>
    <trkpt lat="50.9248712" lon="6.8901843">
      <ele>59.6</ele>
      <time>2021-07-08T12:20:06Z</time>
    </trkpt>
    <trkpt lat="50.9249223" lon="6.8901681">
      <ele>59.6</ele>
      <time>2021-07-08T12:20:07Z</time>
    </trkpt>
    <trkpt lat="50.9250840" lon="6.8900704">
      <ele>59.6</ele>
      <time>2021-07-08T12:20:10Z</time>
    </trkpt>
    <trkpt lat="50.9251794" lon="6.8899479">
      <ele>59.6</ele>
      <time>2021-07-08T12:20:12Z</time>
    </trkpt>
    <trkpt lat="50.9253285" lon="6.8897822">
      <ele>59.6</ele>
      <time>2021-07-08T12:20:15Z</time>
    </trkpt>
    <trkpt lat="50.9254562" lon="6.8897104">
      <ele>59.6</ele>
      <time>2021-07-08T12:20:17Z</time>
    </trkpt>
    <trkpt lat="50.9259225" lon="6.8895165">
      <ele>60.0</ele>
      <time>2021-07-08T12:20:24Z</time>
    </trkpt>
    <trkpt lat="50.9259947" lon="6.8894885">
      <ele>60.0</ele>
      <time>2021-07-08T12:20:25Z</time>
    </trkpt>
    <trkpt lat="50.9262189" lon="6.8894313">
      <ele>60.2</ele>
      <time>2021-07-08T12:20:28Z</time>
    </trkpt>
    <trkpt lat="50.9266783" lon="6.8892482">
      <ele>60.2</ele>
      <time>2021-07-08T12:20:34Z</time>
    </trkpt>
    <trkpt lat="50.9267408" lon="6.8892101">
      <ele>60.4</ele>
      <time>2021-07-08T12:20:35Z</time>
    </trkpt>
    <trkpt lat="50.9269213" lon="6.8890925">
      <ele>60.4</ele>
      <time>2021-07-08T12:20:38Z</time>
    </trkpt>
    <trkpt lat="50.9272054" lon="6.8889553">
      <ele>60.4</ele>
      <time>2021-07-08T12:20:42Z</time>
    </trkpt>
    <trkpt lat="50.9276395" lon="6.8887597">
      <ele>60.8</ele>
      <time>2021-07-08T12:20:48Z</time>
    </trkpt>
    <trkpt lat="50.9278434" lon="6.8886474">
      <ele>60.8</ele>
      <time>2021-07-08T12:20:51Z</time>
    </trkpt>
    <trkpt lat="50.9279661" lon="6.8886160">
      <ele>60.6</ele>
      <time>2021-07-08T12:20:53Z</time>
    </trkpt>
    <trkpt lat="50.9280382" lon="6.8885836">
      <ele>60.6</ele>
      <time>2021-07-08T12:20:54Z</time>
    </trkpt>
    <trkpt lat="50.9282491" lon="6.8884739">
      <ele>60.4</ele>
      <time>2021-07-08T12:20:56Z</time>
    </trkpt>
    <trkpt lat="50.9285624" lon="6.8882854">
      <ele>60.4</ele>
      <time>2021-07-08T12:21:00Z</time>
    </trkpt>
    <trkpt lat="50.9287359" lon="6.8881864">
      <ele>60.4</ele>
      <time>2021-07-08T12:21:02Z</time>
    </trkpt>
    <trkpt lat="50.9292116" lon="6.8879992">
      <ele>60.4</ele>
      <time>2021-07-08T12:21:08Z</time>
    </trkpt>
    <trkpt lat="50.9295688" lon="6.8878418">
      <ele>60.4</ele>
      <time>2021-07-08T12:21:13Z</time>
    </trkpt>
    <trkpt lat="50.9298593" lon="6.8876797">
      <ele>60.6</ele>
      <time>2021-07-08T12:21:18Z</time>
    </trkpt>
    <trkpt lat="50.9300189" lon="6.8875712">
      <ele>60.4</ele>
      <time>2021-07-08T12:21:21Z</time>
    </trkpt>
    <trkpt lat="50.9301796" lon="6.8874771">
      <ele>60.6</ele>
      <time>2021-07-08T12:21:24Z</time>
    </trkpt>
    <trkpt lat="50.9303309" lon="6.8874185">
      <ele>60.8</ele>
      <time>2021-07-08T12:21:27Z</time>
    </trkpt>
    <trkpt lat="50.9304631" lon="6.8873899">
      <ele>60.8</ele>
      <time>2021-07-08T12:21:29Z</time>
    </trkpt>
    <trkpt lat="50.9306386" lon="6.8873580">
      <ele>61.4</ele>
      <time>2021-07-08T12:21:32Z</time>
    </trkpt>
    <trkpt lat="50.9307848" lon="6.8873574">
      <ele>62.6</ele>
      <time>2021-07-08T12:21:35Z</time>
    </trkpt>
    <trkpt lat="50.9309915" lon="6.8873372">
      <ele>63.0</ele>
      <time>2021-07-08T12:21:38Z</time>
    </trkpt>
    <trkpt lat="50.9310609" lon="6.8873360">
      <ele>63.2</ele>
      <time>2021-07-08T12:21:39Z</time>
    </trkpt>
    <trkpt lat="50.9313654" lon="6.8872516">
      <ele>63.4</ele>
      <time>2021-07-08T12:21:44Z</time>
    </trkpt>
    <trkpt lat="50.9314140" lon="6.8872165">
      <ele>63.6</ele>
      <time>2021-07-08T12:21:46Z</time>
    </trkpt>
    <trkpt lat="50.9314440" lon="6.8872041">
      <ele>63.8</ele>
      <time>2021-07-08T12:21:47Z</time>
    </trkpt>
    <trkpt lat="50.9314737" lon="6.8872033">
      <ele>64.0</ele>
      <time>2021-07-08T12:21:48Z</time>
    </trkpt>
    <trkpt lat="50.9315812" lon="6.8871740">
      <ele>65.0</ele>
      <time>2021-07-08T12:21:51Z</time>
    </trkpt>
    <trkpt lat="50.9317664" lon="6.8870764">
      <ele>65.6</ele>
      <time>2021-07-08T12:21:53Z</time>
    </trkpt>
    <trkpt lat="50.9318450" lon="6.8870548">
      <ele>65.6</ele>
      <time>2021-07-08T12:21:54Z</time>
    </trkpt>
    <trkpt lat="50.9320413" lon="6.8869720">
      <ele>66.0</ele>
      <time>2021-07-08T12:21:57Z</time>
    </trkpt>
    <trkpt lat="50.9320711" lon="6.8869501">
      <ele>66.2</ele>
      <time>2021-07-08T12:21:58Z</time>
    </trkpt>
    <trkpt lat="50.9324178" lon="6.8866947">
      <ele>66.4</ele>
      <time>2021-07-08T12:22:05Z</time>
    </trkpt>
    <trkpt lat="50.9328214" lon="6.8865581">
      <ele>66.4</ele>
      <time>2021-07-08T12:22:12Z</time>
    </trkpt>
    <trkpt lat="50.9330758" lon="6.8865356">
      <ele>66.0</ele>
      <time>2021-07-08T12:22:17Z</time>
    </trkpt>
    <trkpt lat="50.9335467" lon="6.8864465">
      <ele>64.8</ele>
      <time>2021-07-08T12:22:22Z</time>
    </trkpt>
    <trkpt lat="50.9335870" lon="6.8864252">
      <ele>64.6</ele>
      <time>2021-07-08T12:22:23Z</time>
    </trkpt>
    <trkpt lat="50.9336606" lon="6.8863749">
      <ele>63.6</ele>
      <time>2021-07-08T12:22:25Z</time>
    </trkpt>
    <trkpt lat="50.9338336" lon="6.8862773">
      <ele>62.8</ele>
      <time>2021-07-08T12:22:30Z</time>
    </trkpt>
    <trkpt lat="50.9338974" lon="6.8862502">
      <ele>62.6</ele>
      <time>2021-07-08T12:22:32Z</time>
    </trkpt>
    <trkpt lat="50.9341512" lon="6.8861142">
      <ele>62.0</ele>
      <time>2021-07-08T12:22:37Z</time>
    </trkpt>
    <trkpt lat="50.9341512" lon="6.8861142">
      <ele>61.8</ele>
      <time>2021-07-08T12:22:39Z</time>
    </trkpt>
    <trkpt lat="50.9342066" lon="6.8860840">
      <ele>61.4</ele>
      <time>2021-07-08T12:22:50Z</time>
    </trkpt>
    <trkpt lat="50.9343189" lon="6.8859830">
      <ele>61.2</ele>
      <time>2021-07-08T12:22:54Z</time>
    </trkpt>
    <trkpt lat="50.9345098" lon="6.8858075">
      <ele>60.6</ele>
      <time>2021-07-08T12:22:59Z</time>
    </trkpt>
    <trkpt lat="50.9345933" lon="6.8857211">
      <ele>60.2</ele>
      <time>2021-07-08T12:23:01Z</time>
    </trkpt>
    <trkpt lat="50.9346609" lon="6.8856219">
      <ele>60.2</ele>
      <time>2021-07-08T12:23:03Z</time>
    </trkpt>
    <trkpt lat="50.9347746" lon="6.8854763">
      <ele>60.2</ele>
      <time>2021-07-08T12:23:06Z</time>
    </trkpt>
    <trkpt lat="50.9349238" lon="6.8852931">
      <ele>60.2</ele>
      <time>2021-07-08T12:23:09Z</time>
    </trkpt>
    <trkpt lat="50.9350335" lon="6.8851689">
      <ele>60.4</ele>
      <time>2021-07-08T12:23:11Z</time>
    </trkpt>
    <trkpt lat="50.9351707" lon="6.8849832">
      <ele>60.4</ele>
      <time>2021-07-08T12:23:14Z</time>
    </trkpt>
    <trkpt lat="50.9352325" lon="6.8848929">
      <ele>60.4</ele>
      <time>2021-07-08T12:23:15Z</time>
    </trkpt>
    <trkpt lat="50.9355425" lon="6.8844694">
      <ele>60.2</ele>
      <time>2021-07-08T12:23:20Z</time>
    </trkpt>
    <trkpt lat="50.9357286" lon="6.8842219">
      <ele>60.2</ele>
      <time>2021-07-08T12:23:23Z</time>
    </trkpt>
    <trkpt lat="50.9359456" lon="6.8839405">
      <ele>60.0</ele>
      <time>2021-07-08T12:23:27Z</time>
    </trkpt>
    <trkpt lat="50.9362972" lon="6.8835878">
      <ele>59.6</ele>
      <time>2021-07-08T12:23:33Z</time>
    </trkpt>
    <trkpt lat="50.9363621" lon="6.8835081">
      <ele>59.4</ele>
      <time>2021-07-08T12:23:34Z</time>
    </trkpt>
    <trkpt lat="50.9365368" lon="6.8832783">
      <ele>59.0</ele>
      <time>2021-07-08T12:23:37Z</time>
    </trkpt>
    <trkpt lat="50.9366243" lon="6.8831629">
      <ele>59.0</ele>
      <time>2021-07-08T12:23:39Z</time>
    </trkpt>
    <trkpt lat="50.9366598" lon="6.8831149">
      <ele>58.8</ele>
      <time>2021-07-08T12:23:40Z</time>
    </trkpt>
    <trkpt lat="50.9367454" lon="6.8829343">
      <ele>58.8</ele>
      <time>2021-07-08T12:23:42Z</time>
    </trkpt>
    <trkpt lat="50.9368231" lon="6.8826981">
      <ele>58.8</ele>
      <time>2021-07-08T12:23:46Z</time>
    </trkpt>
    <trkpt lat="50.9368786" lon="6.8826065">
      <ele>58.6</ele>
      <time>2021-07-08T12:23:48Z</time>
    </trkpt>
    <trkpt lat="50.9369643" lon="6.8825143">
      <ele>58.6</ele>
      <time>2021-07-08T12:23:50Z</time>
    </trkpt>
    <trkpt lat="50.9371252" lon="6.8823778">
      <ele>58.6</ele>
      <time>2021-07-08T12:23:53Z</time>
    </trkpt>
    <trkpt lat="50.9372313" lon="6.8823224">
      <ele>58.4</ele>
      <time>2021-07-08T12:23:55Z</time>
    </trkpt>
    <trkpt lat="50.9373724" lon="6.8821918">
      <ele>58.0</ele>
      <time>2021-07-08T12:23:59Z</time>
    </trkpt>
    <trkpt lat="50.9374323" lon="6.8821385">
      <ele>58.0</ele>
      <time>2021-07-08T12:24:01Z</time>
    </trkpt>
    <trkpt lat="50.9374855" lon="6.8820835">
      <ele>58.0</ele>
      <time>2021-07-08T12:24:03Z</time>
    </trkpt>
    <trkpt lat="50.9375162" lon="6.8820600">
      <ele>57.8</ele>
      <time>2021-07-08T12:24:08Z</time>
    </trkpt>
    <trkpt lat="50.9375162" lon="6.8820600">
      <ele>57.8</ele>
      <time>2021-07-08T12:24:09Z</time>
    </trkpt>
    <trkpt lat="50.9375525" lon="6.8820561">
      <ele>57.4</ele>
      <time>2021-07-08T12:25:07Z</time>
    </trkpt>
    <trkpt lat="50.9376187" lon="6.8820612">
      <ele>57.4</ele>
      <time>2021-07-08T12:25:09Z</time>
    </trkpt>
    <trkpt lat="50.9378710" lon="6.8820510">
      <ele>57.2</ele>
      <time>2021-07-08T12:25:15Z</time>
    </trkpt>
    <trkpt lat="50.9378826" lon="6.8820495">
      <ele>57.2</ele>
      <time>2021-07-08T12:25:16Z</time>
    </trkpt>
    <trkpt lat="50.9378866" lon="6.8820513">
      <ele>57.2</ele>
      <time>2021-07-08T12:25:18Z</time>
    </trkpt>
    <trkpt lat="50.9378866" lon="6.8820513">
      <ele>57.0</ele>
      <time>2021-07-08T12:25:19Z</time>
    </trkpt>
    <trkpt lat="50.9379332" lon="6.8820866">
      <ele>56.8</ele>
      <time>2021-07-08T12:25:26Z</time>
    </trkpt>
    <trkpt lat="50.9380136" lon="6.8820857">
      <ele>56.8</ele>
      <time>2021-07-08T12:25:28Z</time>
    </trkpt>
    <trkpt lat="50.9380577" lon="6.8820623">
      <ele>56.8</ele>
      <time>2021-07-08T12:25:29Z</time>
    </trkpt>
    <trkpt lat="50.9381087" lon="6.8820224">
      <ele>56.8</ele>
      <time>2021-07-08T12:25:30Z</time>
    </trkpt>
    <trkpt lat="50.9382349" lon="6.8819131">
      <ele>56.6</ele>
      <time>2021-07-08T12:25:32Z</time>
    </trkpt>
    <trkpt lat="50.9386114" lon="6.8815844">
      <ele>55.8</ele>
      <time>2021-07-08T12:25:37Z</time>
    </trkpt>
    <trkpt lat="50.9389644" lon="6.8812793">
      <ele>55.2</ele>
      <time>2021-07-08T12:25:41Z</time>
    </trkpt>
    <trkpt lat="50.9390304" lon="6.8812247">
      <ele>55.2</ele>
      <time>2021-07-08T12:25:42Z</time>
    </trkpt>
    <trkpt lat="50.9394308" lon="6.8808968">
      <ele>54.6</ele>
      <time>2021-07-08T12:25:47Z</time>
    </trkpt>
    <trkpt lat="50.9395097" lon="6.8808335">
      <ele>54.6</ele>
      <time>2021-07-08T12:25:48Z</time>
    </trkpt>
    <trkpt lat="50.9400230" lon="6.8804036">
      <ele>54.8</ele>
      <time>2021-07-08T12:25:55Z</time>
    </trkpt>
    <trkpt lat="50.9401555" lon="6.8802926">
      <ele>54.8</ele>
      <time>2021-07-08T12:25:57Z</time>
    </trkpt>
    <trkpt lat="50.9402243" lon="6.8802386">
      <ele>54.8</ele>
      <time>2021-07-08T12:25:58Z</time>
    </trkpt>
    <trkpt lat="50.9402933" lon="6.8801806">
      <ele>54.8</ele>
      <time>2021-07-08T12:25:59Z</time>
    </trkpt>
    <trkpt lat="50.9406135" lon="6.8798748">
      <ele>54.6</ele>
      <time>2021-07-08T12:26:04Z</time>
    </trkpt>
    <trkpt lat="50.9407700" lon="6.8796999">
      <ele>54.4</ele>
      <time>2021-07-08T12:26:08Z</time>
    </trkpt>
    <trkpt lat="50.9408063" lon="6.8796493">
      <ele>54.4</ele>
      <time>2021-07-08T12:26:12Z</time>
    </trkpt>
    <trkpt lat="50.9408247" lon="6.8795407">
      <ele>54.8</ele>
      <time>2021-07-08T12:26:19Z</time>
    </trkpt>
    <trkpt lat="50.9408372" lon="6.8795168">
      <ele>54.8</ele>
      <time>2021-07-08T12:26:20Z</time>
    </trkpt>
    <trkpt lat="50.9408506" lon="6.8794970">
      <ele>54.8</ele>
      <time>2021-07-08T12:26:21Z</time>
    </trkpt>
    <trkpt lat="50.9409693" lon="6.8793291">
      <ele>54.8</ele>
      <time>2021-07-08T12:26:26Z</time>
    </trkpt>
    <trkpt lat="50.9410070" lon="6.8792905">
      <ele>54.8</ele>
      <time>2021-07-08T12:26:27Z</time>
    </trkpt>
    <trkpt lat="50.9411614" lon="6.8790976">
      <ele>54.8</ele>
      <time>2021-07-08T12:26:31Z</time>
    </trkpt>
    <trkpt lat="50.9413619" lon="6.8788767">
      <ele>54.8</ele>
      <time>2021-07-08T12:26:35Z</time>
    </trkpt>
    <trkpt lat="50.9414097" lon="6.8788108">
      <ele>54.6</ele>
      <time>2021-07-08T12:26:36Z</time>
    </trkpt>
    <trkpt lat="50.9415689" lon="6.8785886">
      <ele>54.4</ele>
      <time>2021-07-08T12:26:39Z</time>
    </trkpt>
    <trkpt lat="50.9416844" lon="6.8784378">
      <ele>54.6</ele>
      <time>2021-07-08T12:26:41Z</time>
    </trkpt>
    <trkpt lat="50.9419102" lon="6.8781312">
      <ele>54.4</ele>
      <time>2021-07-08T12:26:45Z</time>
    </trkpt>
    <trkpt lat="50.9420193" lon="6.8779899">
      <ele>54.4</ele>
      <time>2021-07-08T12:26:47Z</time>
    </trkpt>
    <trkpt lat="50.9421242" lon="6.8778344">
      <ele>54.2</ele>
      <time>2021-07-08T12:26:49Z</time>
    </trkpt>
    <trkpt lat="50.9422875" lon="6.8776218">
      <ele>54.2</ele>
      <time>2021-07-08T12:26:52Z</time>
    </trkpt>
    <trkpt lat="50.9423383" lon="6.8775457">
      <ele>54.2</ele>
      <time>2021-07-08T12:26:53Z</time>
    </trkpt>
    <trkpt lat="50.9425313" lon="6.8772803">
      <ele>54.2</ele>
      <time>2021-07-08T12:26:57Z</time>
    </trkpt>
    <trkpt lat="50.9425854" lon="6.8772147">
      <ele>54.2</ele>
      <time>2021-07-08T12:26:58Z</time>
    </trkpt>
    <trkpt lat="50.9430273" lon="6.8766057">
      <ele>54.6</ele>
      <time>2021-07-08T12:27:07Z</time>
    </trkpt>
    <trkpt lat="50.9430762" lon="6.8765365">
      <ele>54.8</ele>
      <time>2021-07-08T12:27:08Z</time>
    </trkpt>
    <trkpt lat="50.9433811" lon="6.8761366">
      <ele>55.0</ele>
      <time>2021-07-08T12:27:14Z</time>
    </trkpt>
    <trkpt lat="50.9436723" lon="6.8757571">
      <ele>55.2</ele>
      <time>2021-07-08T12:27:20Z</time>
    </trkpt>
    <trkpt lat="50.9438890" lon="6.8755609">
      <ele>55.4</ele>
      <time>2021-07-08T12:27:24Z</time>
    </trkpt>
    <trkpt lat="50.9441870" lon="6.8753475">
      <ele>55.6</ele>
      <time>2021-07-08T12:27:29Z</time>
    </trkpt>
    <trkpt lat="50.9445223" lon="6.8751330">
      <ele>55.8</ele>
      <time>2021-07-08T12:27:35Z</time>
    </trkpt>
    <trkpt lat="50.9449711" lon="6.8749571">
      <ele>56.4</ele>
      <time>2021-07-08T12:27:43Z</time>
    </trkpt>
    <trkpt lat="50.9450870" lon="6.8749449">
      <ele>56.6</ele>
      <time>2021-07-08T12:27:45Z</time>
    </trkpt>
    <trkpt lat="50.9456081" lon="6.8749222">
      <ele>57.0</ele>
      <time>2021-07-08T12:27:54Z</time>
    </trkpt>
    <trkpt lat="50.9456510" lon="6.8749016">
      <ele>57.2</ele>
      <time>2021-07-08T12:27:55Z</time>
    </trkpt>
    <trkpt lat="50.9457344" lon="6.8748674">
      <ele>57.4</ele>
      <time>2021-07-08T12:27:58Z</time>
    </trkpt>
    <trkpt lat="50.9457627" lon="6.8748676">
      <ele>57.6</ele>
      <time>2021-07-08T12:27:59Z</time>
    </trkpt>
    <trkpt lat="50.9459401" lon="6.8748895">
      <ele>57.4</ele>
      <time>2021-07-08T12:28:03Z</time>
    </trkpt>
    <trkpt lat="50.9462721" lon="6.8749159">
      <ele>56.6</ele>
      <time>2021-07-08T12:28:08Z</time>
    </trkpt>
    <trkpt lat="50.9463488" lon="6.8749174">
      <ele>56.2</ele>
      <time>2021-07-08T12:28:09Z</time>
    </trkpt>
    <trkpt lat="50.9465832" lon="6.8749174">
      <ele>55.2</ele>
      <time>2021-07-08T12:28:12Z</time>
    </trkpt>
    <trkpt lat="50.9466626" lon="6.8749074">
      <ele>54.6</ele>
      <time>2021-07-08T12:28:13Z</time>
    </trkpt>
    <trkpt lat="50.9467440" lon="6.8748972">
      <ele>54.2</ele>
      <time>2021-07-08T12:28:14Z</time>
    </trkpt>
    <trkpt lat="50.9468235" lon="6.8748762">
      <ele>53.4</ele>
      <time>2021-07-08T12:28:15Z</time>
    </trkpt>
    <trkpt lat="50.9469582" lon="6.8748312">
      <ele>52.8</ele>
      <time>2021-07-08T12:28:17Z</time>
    </trkpt>
    <trkpt lat="50.9470139" lon="6.8747977">
      <ele>52.6</ele>
      <time>2021-07-08T12:28:18Z</time>
    </trkpt>
    <trkpt lat="50.9471197" lon="6.8747439">
      <ele>52.6</ele>
      <time>2021-07-08T12:28:20Z</time>
    </trkpt>
    <trkpt lat="50.9471562" lon="6.8747301">
      <ele>52.6</ele>
      <time>2021-07-08T12:28:21Z</time>
    </trkpt>
    <trkpt lat="50.9471920" lon="6.8747086">
      <ele>52.6</ele>
      <time>2021-07-08T12:28:22Z</time>
    </trkpt>
    <trkpt lat="50.9472360" lon="6.8746660">
      <ele>53.0</ele>
      <time>2021-07-08T12:28:24Z</time>
    </trkpt>
    <trkpt lat="50.9473418" lon="6.8745219">
      <ele>54.4</ele>
      <time>2021-07-08T12:28:28Z</time>
    </trkpt>
    <trkpt lat="50.9472999" lon="6.8744909">
      <ele>55.4</ele>
      <time>2021-07-08T12:28:31Z</time>
    </trkpt>
    <trkpt lat="50.9472827" lon="6.8744894">
      <ele>55.6</ele>
      <time>2021-07-08T12:28:32Z</time>
    </trkpt>
    <trkpt lat="50.9472611" lon="6.8744839">
      <ele>56.0</ele>
      <time>2021-07-08T12:28:34Z</time>
    </trkpt>
    <trkpt lat="50.9472602" lon="6.8744383">
      <ele>56.4</ele>
      <time>2021-07-08T12:28:36Z</time>
    </trkpt>
    <trkpt lat="50.9472620" lon="6.8744214">
      <ele>56.6</ele>
      <time>2021-07-08T12:28:37Z</time>
    </trkpt>
    <trkpt lat="50.9472811" lon="6.8743315">
      <ele>57.4</ele>
      <time>2021-07-08T12:28:41Z</time>
    </trkpt>
    <trkpt lat="50.9472892" lon="6.8743129">
      <ele>57.8</ele>
      <time>2021-07-08T12:28:42Z</time>
    </trkpt>
    <trkpt lat="50.9473268" lon="6.8742377">
      <ele>58.6</ele>
      <time>2021-07-08T12:28:47Z</time>
    </trkpt>
    <trkpt lat="50.9473315" lon="6.8742191">
      <ele>58.8</ele>
      <time>2021-07-08T12:28:48Z</time>
    </trkpt>
    <trkpt lat="50.9473200" lon="6.8742132">
      <ele>59.6</ele>
      <time>2021-07-08T12:28:52Z</time>
    </trkpt>
    <trkpt lat="50.9473604" lon="6.8742710">
      <ele>59.8</ele>
      <time>2021-07-08T12:28:55Z</time>
    </trkpt>
    <trkpt lat="50.9473862" lon="6.8743190">
      <ele>59.8</ele>
      <time>2021-07-08T12:28:57Z</time>
    </trkpt>
    <trkpt lat="50.9474356" lon="6.8743591">
      <ele>59.8</ele>
      <time>2021-07-08T12:29:00Z</time>
    </trkpt>
    <trkpt lat="50.9474568" lon="6.8743573">
      <ele>59.6</ele>
      <time>2021-07-08T12:29:01Z</time>
    </trkpt>
    <trkpt lat="50.9475191" lon="6.8743269">
      <ele>58.8</ele>
      <time>2021-07-08T12:29:06Z</time>
    </trkpt>
    <trkpt lat="50.9475086" lon="6.8743438">
      <ele>58.4</ele>
      <time>2021-07-08T12:29:09Z</time>
    </trkpt>
    <trkpt lat="50.9474874" lon="6.8743497">
      <ele>58.2</ele>
      <time>2021-07-08T12:29:11Z</time>
    </trkpt>
    <trkpt lat="50.9474472" lon="6.8743629">
      <ele>58.0</ele>
      <time>2021-07-08T12:29:15Z</time>
    </trkpt>
    <trkpt lat="50.9474424" lon="6.8743613">
      <ele>58.2</ele>
      <time>2021-07-08T12:29:18Z</time>
    </trkpt>
    <trkpt lat="50.9474064" lon="6.8740103">
      <ele>60.0</ele>
      <time>2021-07-08T12:29:34Z</time>
    </trkpt>
    <trkpt lat="50.9474183" lon="6.8739320">
      <ele>60.2</ele>
      <time>2021-07-08T12:29:36Z</time>
    </trkpt>
    <trkpt lat="50.9474450" lon="6.8736818">
      <ele>60.4</ele>
      <time>2021-07-08T12:29:42Z</time>
    </trkpt>
    <trkpt lat="50.9474376" lon="6.8734929">
      <ele>61.2</ele>
      <time>2021-07-08T12:29:47Z</time>
    </trkpt>
    <trkpt lat="50.9474422" lon="6.8734689">
      <ele>61.4</ele>
      <time>2021-07-08T12:29:48Z</time>
    </trkpt>
    <trkpt lat="50.9474630" lon="6.8732568">
      <ele>62.0</ele>
      <time>2021-07-08T12:29:52Z</time>
    </trkpt>
    <trkpt lat="50.9474682" lon="6.8731621">
      <ele>62.2</ele>
      <time>2021-07-08T12:29:55Z</time>
    </trkpt>
    <trkpt lat="50.9474590" lon="6.8730838">
      <ele>62.4</ele>
      <time>2021-07-08T12:29:56Z</time>
    </trkpt>
    <trkpt lat="50.9474490" lon="6.8730038">
      <ele>62.8</ele>
      <time>2021-07-08T12:29:58Z</time>
    </trkpt>
    <trkpt lat="50.9474258" lon="6.8728817">
      <ele>63.4</ele>
      <time>2021-07-08T12:30:02Z</time>
    </trkpt>
    <trkpt lat="50.9474230" lon="6.8728619">
      <ele>63.6</ele>
      <time>2021-07-08T12:30:03Z</time>
    </trkpt>
    <trkpt lat="50.9474257" lon="6.8728577">
      <ele>63.8</ele>
      <time>2021-07-08T12:30:04Z</time>
    </trkpt>
    <trkpt lat="50.9473947" lon="6.8727731">
      <ele>64.6</ele>
      <time>2021-07-08T12:30:07Z</time>
    </trkpt>
    <trkpt lat="50.9473926" lon="6.8726744">
      <ele>64.8</ele>
      <time>2021-07-08T12:30:10Z</time>
    </trkpt>
    <trkpt lat="50.9474202" lon="6.8725785">
      <ele>65.2</ele>
      <time>2021-07-08T12:30:13Z</time>
    </trkpt>
    <trkpt lat="50.9474256" lon="6.8725195">
      <ele>65.2</ele>
      <time>2021-07-08T12:30:14Z</time>
    </trkpt>
    <trkpt lat="50.9474100" lon="6.8723434">
      <ele>65.6</ele>
      <time>2021-07-08T12:30:18Z</time>
    </trkpt>
    <trkpt lat="50.9474129" lon="6.8723160">
      <ele>65.8</ele>
      <time>2021-07-08T12:30:19Z</time>
    </trkpt>
    <trkpt lat="50.9474041" lon="6.8722968">
      <ele>66.0</ele>
      <time>2021-07-08T12:30:23Z</time>
    </trkpt>
    <trkpt lat="50.9473833" lon="6.8724130">
      <ele>65.8</ele>
      <time>2021-07-08T12:30:28Z</time>
    </trkpt>
    <trkpt lat="50.9473722" lon="6.8726047">
      <ele>65.6</ele>
      <time>2021-07-08T12:30:33Z</time>
    </trkpt>
    <trkpt lat="50.9473688" lon="6.8726776">
      <ele>65.4</ele>
      <time>2021-07-08T12:30:35Z</time>
    </trkpt>
    <trkpt lat="50.9474039" lon="6.8727540">
      <ele>65.0</ele>
      <time>2021-07-08T12:30:37Z</time>
    </trkpt>
    <trkpt lat="50.9475140" lon="6.8727480">
      <ele>64.2</ele>
      <time>2021-07-08T12:30:42Z</time>
    </trkpt>
    <trkpt lat="50.9476335" lon="6.8727288">
      <ele>64.0</ele>
      <time>2021-07-08T12:30:48Z</time>
    </trkpt>
    <trkpt lat="50.9478680" lon="6.8725926">
      <ele>64.0</ele>
      <time>2021-07-08T12:30:54Z</time>
    </trkpt>
    <trkpt lat="50.9481653" lon="6.8724438">
      <ele>63.8</ele>
      <time>2021-07-08T12:30:59Z</time>
    </trkpt>
    <trkpt lat="50.9483379" lon="6.8723098">
      <ele>63.8</ele>
      <time>2021-07-08T12:31:02Z</time>
    </trkpt>
    <trkpt lat="50.9484913" lon="6.8722464">
      <ele>63.6</ele>
      <time>2021-07-08T12:31:04Z</time>
    </trkpt>
    <trkpt lat="50.9486541" lon="6.8721554">
      <ele>63.2</ele>
      <time>2021-07-08T12:31:06Z</time>
    </trkpt>
    <trkpt lat="50.9487479" lon="6.8720798">
      <ele>62.8</ele>
      <time>2021-07-08T12:31:08Z</time>
    </trkpt>
    <trkpt lat="50.9488181" lon="6.8719751">
      <ele>62.4</ele>
      <time>2021-07-08T12:31:10Z</time>
    </trkpt>
    <trkpt lat="50.9488561" lon="6.8719169">
      <ele>62.2</ele>
      <time>2021-07-08T12:31:11Z</time>
    </trkpt>
    <trkpt lat="50.9489754" lon="6.8717686">
      <ele>62.0</ele>
      <time>2021-07-08T12:31:14Z</time>
    </trkpt>
    <trkpt lat="50.9490265" lon="6.8717172">
      <ele>61.8</ele>
      <time>2021-07-08T12:31:15Z</time>
    </trkpt>
    <trkpt lat="50.9491326" lon="6.8715668">
      <ele>61.8</ele>
      <time>2021-07-08T12:31:18Z</time>
    </trkpt>
    <trkpt lat="50.9492968" lon="6.8713088">
      <ele>62.4</ele>
      <time>2021-07-08T12:31:23Z</time>
    </trkpt>
    <trkpt lat="50.9495278" lon="6.8711677">
      <ele>62.6</ele>
      <time>2021-07-08T12:31:28Z</time>
    </trkpt>
    <trkpt lat="50.9497041" lon="6.8710600">
      <ele>62.4</ele>
      <time>2021-07-08T12:31:30Z</time>
    </trkpt>
    <trkpt lat="50.9499484" lon="6.8709501">
      <ele>62.2</ele>
      <time>2021-07-08T12:31:34Z</time>
    </trkpt>
    <trkpt lat="50.9500456" lon="6.8708884">
      <ele>61.6</ele>
      <time>2021-07-08T12:31:38Z</time>
    </trkpt>
    <trkpt lat="50.9501404" lon="6.8705820">
      <ele>61.4</ele>
      <time>2021-07-08T12:31:42Z</time>
    </trkpt>
    <trkpt lat="50.9501640" lon="6.8704902">
      <ele>61.4</ele>
      <time>2021-07-08T12:31:43Z</time>
    </trkpt>
    <trkpt lat="50.9501779" lon="6.8704192">
      <ele>61.2</ele>
      <time>2021-07-08T12:31:44Z</time>
    </trkpt>
    <trkpt lat="50.9502485" lon="6.8702737">
      <ele>60.8</ele>
      <time>2021-07-08T12:31:46Z</time>
    </trkpt>
    <trkpt lat="50.9502659" lon="6.8702012">
      <ele>60.8</ele>
      <time>2021-07-08T12:31:47Z</time>
    </trkpt>
    <trkpt lat="50.9502718" lon="6.8699368">
      <ele>60.6</ele>
      <time>2021-07-08T12:31:50Z</time>
    </trkpt>
    <trkpt lat="50.9503502" lon="6.8693158">
      <ele>60.6</ele>
      <time>2021-07-08T12:31:55Z</time>
    </trkpt>
    <trkpt lat="50.9504141" lon="6.8689580">
      <ele>60.4</ele>
      <time>2021-07-08T12:31:59Z</time>
    </trkpt>
    <trkpt lat="50.9504303" lon="6.8687536">
      <ele>60.4</ele>
      <time>2021-07-08T12:32:01Z</time>
    </trkpt>
    <trkpt lat="50.9504483" lon="6.8686197">
      <ele>60.4</ele>
      <time>2021-07-08T12:32:03Z</time>
    </trkpt>
    <trkpt lat="50.9504531" lon="6.8684629">
      <ele>60.4</ele>
      <time>2021-07-08T12:32:05Z</time>
    </trkpt>
    <trkpt lat="50.9504716" lon="6.8683800">
      <ele>60.4</ele>
      <time>2021-07-08T12:32:06Z</time>
    </trkpt>
    <trkpt lat="50.9504760" lon="6.8683076">
      <ele>60.4</ele>
      <time>2021-07-08T12:32:07Z</time>
    </trkpt>
    <trkpt lat="50.9505329" lon="6.8681916">
      <ele>60.4</ele>
      <time>2021-07-08T12:32:09Z</time>
    </trkpt>
    <trkpt lat="50.9506877" lon="6.8679751">
      <ele>60.6</ele>
      <time>2021-07-08T12:32:12Z</time>
    </trkpt>
    <trkpt lat="50.9509129" lon="6.8676101">
      <ele>60.6</ele>
      <time>2021-07-08T12:32:17Z</time>
    </trkpt>
    <trkpt lat="50.9509973" lon="6.8674681">
      <ele>60.6</ele>
      <time>2021-07-08T12:32:19Z</time>
    </trkpt>
    <trkpt lat="50.9511287" lon="6.8672640">
      <ele>60.2</ele>
      <time>2021-07-08T12:32:22Z</time>
    </trkpt>
    <trkpt lat="50.9511757" lon="6.8672125">
      <ele>60.0</ele>
      <time>2021-07-08T12:32:23Z</time>
    </trkpt>
    <trkpt lat="50.9512736" lon="6.8671024">
      <ele>60.0</ele>
      <time>2021-07-08T12:32:25Z</time>
    </trkpt>
    <trkpt lat="50.9514488" lon="6.8668497">
      <ele>59.8</ele>
      <time>2021-07-08T12:32:29Z</time>
    </trkpt>
    <trkpt lat="50.9517793" lon="6.8662625">
      <ele>59.8</ele>
      <time>2021-07-08T12:32:38Z</time>
    </trkpt>
    <trkpt lat="50.9519166" lon="6.8660011">
      <ele>59.8</ele>
      <time>2021-07-08T12:32:42Z</time>
    </trkpt>
    <trkpt lat="50.9519498" lon="6.8659448">
      <ele>60.0</ele>
      <time>2021-07-08T12:32:43Z</time>
    </trkpt>
    <trkpt lat="50.9520651" lon="6.8656437">
      <ele>60.2</ele>
      <time>2021-07-08T12:32:47Z</time>
    </trkpt>
    <trkpt lat="50.9521123" lon="6.8654617">
      <ele>60.2</ele>
      <time>2021-07-08T12:32:49Z</time>
    </trkpt>
    <trkpt lat="50.9521304" lon="6.8653570">
      <ele>60.2</ele>
      <time>2021-07-08T12:32:50Z</time>
    </trkpt>
    <trkpt lat="50.9521747" lon="6.8651882">
      <ele>60.2</ele>
      <time>2021-07-08T12:32:52Z</time>
    </trkpt>
    <trkpt lat="50.9522748" lon="6.8649901">
      <ele>60.2</ele>
      <time>2021-07-08T12:32:55Z</time>
    </trkpt>
    <trkpt lat="50.9524105" lon="6.8647986">
      <ele>60.6</ele>
      <time>2021-07-08T12:32:59Z</time>
    </trkpt>
    <trkpt lat="50.9525227" lon="6.8646773">
      <ele>60.8</ele>
      <time>2021-07-08T12:33:04Z</time>
    </trkpt>
    <trkpt lat="50.9525287" lon="6.8646673">
      <ele>60.8</ele>
      <time>2021-07-08T12:33:07Z</time>
    </trkpt>
    <trkpt lat="50.9525616" lon="6.8646623">
      <ele>61.0</ele>
      <time>2021-07-08T12:33:20Z</time>
    </trkpt>
    <trkpt lat="50.9527412" lon="6.8646086">
      <ele>61.0</ele>
      <time>2021-07-08T12:33:24Z</time>
    </trkpt>
    <trkpt lat="50.9530812" lon="6.8645388">
      <ele>60.8</ele>
      <time>2021-07-08T12:33:30Z</time>
    </trkpt>
    <trkpt lat="50.9533763" lon="6.8645338">
      <ele>60.6</ele>
      <time>2021-07-08T12:33:34Z</time>
    </trkpt>
    <trkpt lat="50.9539273" lon="6.8644015">
      <ele>60.4</ele>
      <time>2021-07-08T12:33:41Z</time>
    </trkpt>
    <trkpt lat="50.9544598" lon="6.8642126">
      <ele>60.2</ele>
      <time>2021-07-08T12:33:48Z</time>
    </trkpt>
    <trkpt lat="50.9545344" lon="6.8641896">
      <ele>60.2</ele>
      <time>2021-07-08T12:33:49Z</time>
    </trkpt>
    <trkpt lat="50.9552054" lon="6.8639867">
      <ele>59.8</ele>
      <time>2021-07-08T12:33:58Z</time>
    </trkpt>
    <trkpt lat="50.9554875" lon="6.8638965">
      <ele>59.6</ele>
      <time>2021-07-08T12:34:02Z</time>
    </trkpt>
    <trkpt lat="50.9560500" lon="6.8637384">
      <ele>59.6</ele>
      <time>2021-07-08T12:34:10Z</time>
    </trkpt>
    <trkpt lat="50.9562588" lon="6.8636741">
      <ele>59.4</ele>
      <time>2021-07-08T12:34:13Z</time>
    </trkpt>
    <trkpt lat="50.9568773" lon="6.8634867">
      <ele>59.4</ele>
      <time>2021-07-08T12:34:22Z</time>
    </trkpt>
    <trkpt lat="50.9570193" lon="6.8634424">
      <ele>59.4</ele>
      <time>2021-07-08T12:34:24Z</time>
    </trkpt>
    <trkpt lat="50.9575741" lon="6.8632686">
      <ele>59.8</ele>
      <time>2021-07-08T12:34:33Z</time>
    </trkpt>
    <trkpt lat="50.9578484" lon="6.8631817">
      <ele>60.0</ele>
      <time>2021-07-08T12:34:36Z</time>
    </trkpt>
    <trkpt lat="50.9583905" lon="6.8629623">
      <ele>59.8</ele>
      <time>2021-07-08T12:34:45Z</time>
    </trkpt>
    <trkpt lat="50.9584528" lon="6.8629240">
      <ele>59.6</ele>
      <time>2021-07-08T12:34:46Z</time>
    </trkpt>
    <trkpt lat="50.9585741" lon="6.8628547">
      <ele>59.6</ele>
      <time>2021-07-08T12:34:48Z</time>
    </trkpt>
    <trkpt lat="50.9587525" lon="6.8627102">
      <ele>59.6</ele>
      <time>2021-07-08T12:34:51Z</time>
    </trkpt>
    <trkpt lat="50.9592731" lon="6.8623121">
      <ele>59.8</ele>
      <time>2021-07-08T12:34:59Z</time>
    </trkpt>
    <trkpt lat="50.9592731" lon="6.8623121">
      <ele>59.8</ele>
      <time>2021-07-08T12:35:00Z</time>
    </trkpt>
    <trkpt lat="50.9593778" lon="6.8622664">
      <ele>59.8</ele>
      <time>2021-07-08T12:35:01Z</time>
    </trkpt>
    <trkpt lat="50.9594878" lon="6.8622828">
      <ele>60.0</ele>
      <time>2021-07-08T12:35:03Z</time>
    </trkpt>
    <trkpt lat="50.9595521" lon="6.8623773">
      <ele>60.0</ele>
      <time>2021-07-08T12:35:05Z</time>
    </trkpt>
    <trkpt lat="50.9595518" lon="6.8624432">
      <ele>60.0</ele>
      <time>2021-07-08T12:35:06Z</time>
    </trkpt>
    <trkpt lat="50.9595288" lon="6.8628090">
      <ele>60.0</ele>
      <time>2021-07-08T12:35:10Z</time>
    </trkpt>
    <trkpt lat="50.9595239" lon="6.8629223">
      <ele>59.8</ele>
      <time>2021-07-08T12:35:11Z</time>
    </trkpt>
    <trkpt lat="50.9595610" lon="6.8636689">
      <ele>59.8</ele>
      <time>2021-07-08T12:35:18Z</time>
    </trkpt>
    <trkpt lat="50.9596124" lon="6.8643464">
      <ele>59.8</ele>
      <time>2021-07-08T12:35:26Z</time>
    </trkpt>
    <trkpt lat="50.9596242" lon="6.8648347">
      <ele>59.8</ele>
      <time>2021-07-08T12:35:30Z</time>
    </trkpt>
    <trkpt lat="50.9596293" lon="6.8649403">
      <ele>59.8</ele>
      <time>2021-07-08T12:35:32Z</time>
    </trkpt>
    <trkpt lat="50.9596017" lon="6.8651322">
      <ele>59.8</ele>
      <time>2021-07-08T12:35:33Z</time>
    </trkpt>
    <trkpt lat="50.9595269" lon="6.8654920">
      <ele>59.4</ele>
      <time>2021-07-08T12:35:38Z</time>
    </trkpt>
    <trkpt lat="50.9594542" lon="6.8657590">
      <ele>59.2</ele>
      <time>2021-07-08T12:35:41Z</time>
    </trkpt>
    <trkpt lat="50.9593299" lon="6.8662360">
      <ele>58.4</ele>
      <time>2021-07-08T12:35:46Z</time>
    </trkpt>
    <trkpt lat="50.9592757" lon="6.8664258">
      <ele>58.2</ele>
      <time>2021-07-08T12:35:48Z</time>
    </trkpt>
    <trkpt lat="50.9590449" lon="6.8672100">
      <ele>57.4</ele>
      <time>2021-07-08T12:35:55Z</time>
    </trkpt>
    <trkpt lat="50.9590158" lon="6.8673121">
      <ele>57.2</ele>
      <time>2021-07-08T12:35:56Z</time>
    </trkpt>
    <trkpt lat="50.9590158" lon="6.8673121">
      <ele>57.0</ele>
      <time>2021-07-08T12:35:57Z</time>
    </trkpt>
    <trkpt lat="50.9589224" lon="6.8676202">
      <ele>56.6</ele>
      <time>2021-07-08T12:35:59Z</time>
    </trkpt>
    <trkpt lat="50.9588979" lon="6.8678357">
      <ele>56.2</ele>
      <time>2021-07-08T12:36:01Z</time>
    </trkpt>
    <trkpt lat="50.9588812" lon="6.8679409">
      <ele>56.2</ele>
      <time>2021-07-08T12:36:02Z</time>
    </trkpt>
    <trkpt lat="50.9588163" lon="6.8681256">
      <ele>56.0</ele>
      <time>2021-07-08T12:36:04Z</time>
    </trkpt>
    <trkpt lat="50.9587170" lon="6.8682522">
      <ele>55.8</ele>
      <time>2021-07-08T12:36:06Z</time>
    </trkpt>
    <trkpt lat="50.9586634" lon="6.8682952">
      <ele>55.8</ele>
      <time>2021-07-08T12:36:07Z</time>
    </trkpt>
    <trkpt lat="50.9586106" lon="6.8683260">
      <ele>55.8</ele>
      <time>2021-07-08T12:36:08Z</time>
    </trkpt>
    <trkpt lat="50.9584929" lon="6.8683822">
      <ele>55.8</ele>
      <time>2021-07-08T12:36:11Z</time>
    </trkpt>
    <trkpt lat="50.9584619" lon="6.8684035">
      <ele>56.2</ele>
      <time>2021-07-08T12:36:14Z</time>
    </trkpt>
    <trkpt lat="50.9584619" lon="6.8684035">
      <ele>56.2</ele>
      <time>2021-07-08T12:36:15Z</time>
    </trkpt>
    <trkpt lat="50.9584744" lon="6.8684749">
      <ele>56.4</ele>
      <time>2021-07-08T12:36:38Z</time>
    </trkpt>
    <trkpt lat="50.9584974" lon="6.8685677">
      <ele>56.4</ele>
      <time>2021-07-08T12:36:40Z</time>
    </trkpt>
    <trkpt lat="50.9585490" lon="6.8687200">
      <ele>56.4</ele>
      <time>2021-07-08T12:36:43Z</time>
    </trkpt>
    <trkpt lat="50.9585848" lon="6.8687442">
      <ele>56.2</ele>
      <time>2021-07-08T12:36:44Z</time>
    </trkpt>
    <trkpt lat="50.9586772" lon="6.8688494">
      <ele>55.8</ele>
      <time>2021-07-08T12:36:48Z</time>
    </trkpt>
    <trkpt lat="50.9586349" lon="6.8690856">
      <ele>55.4</ele>
      <time>2021-07-08T12:36:52Z</time>
    </trkpt>
    <trkpt lat="50.9585985" lon="6.8692041">
      <ele>55.0</ele>
      <time>2021-07-08T12:36:54Z</time>
    </trkpt>
    <trkpt lat="50.9585031" lon="6.8695349">
      <ele>54.6</ele>
      <time>2021-07-08T12:37:00Z</time>
    </trkpt>
    <trkpt lat="50.9584075" lon="6.8699669">
      <ele>54.2</ele>
      <time>2021-07-08T12:37:06Z</time>
    </trkpt>
    <trkpt lat="50.9583520" lon="6.8701875">
      <ele>54.0</ele>
      <time>2021-07-08T12:37:09Z</time>
    </trkpt>
    <trkpt lat="50.9583357" lon="6.8702704">
      <ele>53.8</ele>
      <time>2021-07-08T12:37:10Z</time>
    </trkpt>
    <trkpt lat="50.9583141" lon="6.8704130">
      <ele>53.8</ele>
      <time>2021-07-08T12:37:12Z</time>
    </trkpt>
    <trkpt lat="50.9583366" lon="6.8705106">
      <ele>53.6</ele>
      <time>2021-07-08T12:37:14Z</time>
    </trkpt>
    <trkpt lat="50.9584024" lon="6.8706195">
      <ele>53.4</ele>
      <time>2021-07-08T12:37:16Z</time>
    </trkpt>
    <trkpt lat="50.9584965" lon="6.8707295">
      <ele>53.4</ele>
      <time>2021-07-08T12:37:18Z</time>
    </trkpt>
    <trkpt lat="50.9585412" lon="6.8707754">
      <ele>53.2</ele>
      <time>2021-07-08T12:37:19Z</time>
    </trkpt>
    <trkpt lat="50.9586479" lon="6.8708342">
      <ele>52.8</ele>
      <time>2021-07-08T12:37:21Z</time>
    </trkpt>
    <trkpt lat="50.9587299" lon="6.8708556">
      <ele>52.6</ele>
      <time>2021-07-08T12:37:23Z</time>
    </trkpt>
    <trkpt lat="50.9589968" lon="6.8708744">
      <ele>51.8</ele>
      <time>2021-07-08T12:37:29Z</time>
    </trkpt>
    <trkpt lat="50.9590437" lon="6.8708864">
      <ele>51.6</ele>
      <time>2021-07-08T12:37:30Z</time>
    </trkpt>
    <trkpt lat="50.9591447" lon="6.8709624">
      <ele>51.4</ele>
      <time>2021-07-08T12:37:32Z</time>
    </trkpt>
    <trkpt lat="50.9591879" lon="6.8710156">
      <ele>51.4</ele>
      <time>2021-07-08T12:37:33Z</time>
    </trkpt>
    <trkpt lat="50.9592883" lon="6.8712759">
      <ele>51.2</ele>
      <time>2021-07-08T12:37:36Z</time>
    </trkpt>
    <trkpt lat="50.9593638" lon="6.8715215">
      <ele>50.8</ele>
      <time>2021-07-08T12:37:38Z</time>
    </trkpt>
    <trkpt lat="50.9594024" lon="6.8716327">
      <ele>50.6</ele>
      <time>2021-07-08T12:37:39Z</time>
    </trkpt>
    <trkpt lat="50.9594401" lon="6.8717464">
      <ele>50.2</ele>
      <time>2021-07-08T12:37:40Z</time>
    </trkpt>
    <trkpt lat="50.9595874" lon="6.8723402">
      <ele>49.8</ele>
      <time>2021-07-08T12:37:45Z</time>
    </trkpt>
    <trkpt lat="50.9596699" lon="6.8728061">
      <ele>50.6</ele>
      <time>2021-07-08T12:37:50Z</time>
    </trkpt>
    <trkpt lat="50.9596829" lon="6.8728601">
      <ele>50.8</ele>
      <time>2021-07-08T12:37:51Z</time>
    </trkpt>
    <trkpt lat="50.9597051" lon="6.8729421">
      <ele>51.2</ele>
      <time>2021-07-08T12:37:53Z</time>
    </trkpt>
    <trkpt lat="50.9597267" lon="6.8730868">
      <ele>51.6</ele>
      <time>2021-07-08T12:37:58Z</time>
    </trkpt>
    <trkpt lat="50.9597540" lon="6.8733846">
      <ele>52.0</ele>
      <time>2021-07-08T12:38:04Z</time>
    </trkpt>
    <trkpt lat="50.9597932" lon="6.8737743">
      <ele>52.4</ele>
      <time>2021-07-08T12:38:09Z</time>
    </trkpt>
    <trkpt lat="50.9597691" lon="6.8740429">
      <ele>52.8</ele>
      <time>2021-07-08T12:38:12Z</time>
    </trkpt>
    <trkpt lat="50.9597484" lon="6.8743293">
      <ele>52.6</ele>
      <time>2021-07-08T12:38:15Z</time>
    </trkpt>
    <trkpt lat="50.9596740" lon="6.8751588">
      <ele>52.8</ele>
      <time>2021-07-08T12:38:24Z</time>
    </trkpt>
    <trkpt lat="50.9596595" lon="6.8754411">
      <ele>53.0</ele>
      <time>2021-07-08T12:38:27Z</time>
    </trkpt>
    <trkpt lat="50.9596689" lon="6.8757204">
      <ele>53.0</ele>
      <time>2021-07-08T12:38:30Z</time>
    </trkpt>
    <trkpt lat="50.9597357" lon="6.8761746">
      <ele>53.0</ele>
      <time>2021-07-08T12:38:35Z</time>
    </trkpt>
    <trkpt lat="50.9598213" lon="6.8767999">
      <ele>52.8</ele>
      <time>2021-07-08T12:38:42Z</time>
    </trkpt>
    <trkpt lat="50.9598088" lon="6.8768779">
      <ele>52.6</ele>
      <time>2021-07-08T12:38:43Z</time>
    </trkpt>
    <trkpt lat="50.9597584" lon="6.8771129">
      <ele>52.8</ele>
      <time>2021-07-08T12:38:46Z</time>
    </trkpt>
    <trkpt lat="50.9597585" lon="6.8771836">
      <ele>52.8</ele>
      <time>2021-07-08T12:38:47Z</time>
    </trkpt>
    <trkpt lat="50.9597804" lon="6.8772522">
      <ele>52.8</ele>
      <time>2021-07-08T12:38:48Z</time>
    </trkpt>
    <trkpt lat="50.9598611" lon="6.8773955">
      <ele>52.6</ele>
      <time>2021-07-08T12:38:50Z</time>
    </trkpt>
    <trkpt lat="50.9601131" lon="6.8776621">
      <ele>52.6</ele>
      <time>2021-07-08T12:38:55Z</time>
    </trkpt>
    <trkpt lat="50.9601646" lon="6.8777108">
      <ele>52.6</ele>
      <time>2021-07-08T12:38:56Z</time>
    </trkpt>
    <trkpt lat="50.9602688" lon="6.8777592">
      <ele>52.4</ele>
      <time>2021-07-08T12:38:59Z</time>
    </trkpt>
    <trkpt lat="50.9604547" lon="6.8776989">
      <ele>52.4</ele>
      <time>2021-07-08T12:39:02Z</time>
    </trkpt>
    <trkpt lat="50.9605107" lon="6.8776760">
      <ele>52.6</ele>
      <time>2021-07-08T12:39:03Z</time>
    </trkpt>
    <trkpt lat="50.9606691" lon="6.8776042">
      <ele>52.4</ele>
      <time>2021-07-08T12:39:06Z</time>
    </trkpt>
    <trkpt lat="50.9608122" lon="6.8775599">
      <ele>52.6</ele>
      <time>2021-07-08T12:39:09Z</time>
    </trkpt>
    <trkpt lat="50.9609283" lon="6.8775377">
      <ele>52.6</ele>
      <time>2021-07-08T12:39:11Z</time>
    </trkpt>
    <trkpt lat="50.9611354" lon="6.8774274">
      <ele>52.6</ele>
      <time>2021-07-08T12:39:16Z</time>
    </trkpt>
    <trkpt lat="50.9612602" lon="6.8773477">
      <ele>52.6</ele>
      <time>2021-07-08T12:39:18Z</time>
    </trkpt>
    <trkpt lat="50.9614238" lon="6.8772568">
      <ele>52.8</ele>
      <time>2021-07-08T12:39:21Z</time>
    </trkpt>
    <trkpt lat="50.9618461" lon="6.8769909">
      <ele>53.0</ele>
      <time>2021-07-08T12:39:29Z</time>
    </trkpt>
    <trkpt lat="50.9619518" lon="6.8768165">
      <ele>53.2</ele>
      <time>2021-07-08T12:39:32Z</time>
    </trkpt>
    <trkpt lat="50.9619654" lon="6.8765339">
      <ele>53.4</ele>
      <time>2021-07-08T12:39:36Z</time>
    </trkpt>
    <trkpt lat="50.9619812" lon="6.8764728">
      <ele>53.4</ele>
      <time>2021-07-08T12:39:37Z</time>
    </trkpt>
    <trkpt lat="50.9620181" lon="6.8764020">
      <ele>53.2</ele>
      <time>2021-07-08T12:39:39Z</time>
    </trkpt>
    <trkpt lat="50.9620635" lon="6.8763771">
      <ele>53.2</ele>
      <time>2021-07-08T12:39:40Z</time>
    </trkpt>
    <trkpt lat="50.9621550" lon="6.8764301">
      <ele>53.2</ele>
      <time>2021-07-08T12:39:43Z</time>
    </trkpt>
    <trkpt lat="50.9622652" lon="6.8764783">
      <ele>53.2</ele>
      <time>2021-07-08T12:39:45Z</time>
    </trkpt>
    <trkpt lat="50.9623167" lon="6.8765024">
      <ele>53.2</ele>
      <time>2021-07-08T12:39:46Z</time>
    </trkpt>
    <trkpt lat="50.9624104" lon="6.8765314">
      <ele>53.4</ele>
      <time>2021-07-08T12:39:48Z</time>
    </trkpt>
    <trkpt lat="50.9625982" lon="6.8765212">
      <ele>53.4</ele>
      <time>2021-07-08T12:39:51Z</time>
    </trkpt>
    <trkpt lat="50.9627451" lon="6.8765236">
      <ele>53.4</ele>
      <time>2021-07-08T12:39:53Z</time>
    </trkpt>
    <trkpt lat="50.9628180" lon="6.8765914">
      <ele>53.4</ele>
      <time>2021-07-08T12:39:55Z</time>
    </trkpt>
    <trkpt lat="50.9629302" lon="6.8767525">
      <ele>53.0</ele>
      <time>2021-07-08T12:39:59Z</time>
    </trkpt>
    <trkpt lat="50.9629684" lon="6.8767731">
      <ele>53.0</ele>
      <time>2021-07-08T12:40:00Z</time>
    </trkpt>
    <trkpt lat="50.9631049" lon="6.8767723">
      <ele>52.8</ele>
      <time>2021-07-08T12:40:04Z</time>
    </trkpt>
    <trkpt lat="50.9631418" lon="6.8766493">
      <ele>52.8</ele>
      <time>2021-07-08T12:40:07Z</time>
    </trkpt>
    <trkpt lat="50.9631980" lon="6.8763908">
      <ele>52.6</ele>
      <time>2021-07-08T12:40:11Z</time>
    </trkpt>
    <trkpt lat="50.9632209" lon="6.8763059">
      <ele>52.6</ele>
      <time>2021-07-08T12:40:12Z</time>
    </trkpt>
    <trkpt lat="50.9632477" lon="6.8762306">
      <ele>52.6</ele>
      <time>2021-07-08T12:40:13Z</time>
    </trkpt>
    <trkpt lat="50.9633450" lon="6.8760246">
      <ele>52.8</ele>
      <time>2021-07-08T12:40:17Z</time>
    </trkpt>
    <trkpt lat="50.9634215" lon="6.8760082">
      <ele>53.2</ele>
      <time>2021-07-08T12:40:21Z</time>
    </trkpt>
    <trkpt lat="50.9634276" lon="6.8760141">
      <ele>53.2</ele>
      <time>2021-07-08T12:40:22Z</time>
    </trkpt>
    <trkpt lat="50.9634319" lon="6.8760227">
      <ele>53.2</ele>
      <time>2021-07-08T12:40:26Z</time>
    </trkpt>
  </trkseg></trk>
</gpx>
