<?xml version="1.0" encoding="UTF-8"?>
<gpx version="1.1" creator="Diary FIT converter" xmlns="http://www.topografix.com/GPX/1/1">
  <trk><name>Cycling</name><trkseg>
    <trkpt lat="50.9633296" lon="6.8761456">
      <time>2020-11-25T07:44:28Z</time>
    </trkpt>
    <trkpt lat="50.9633223" lon="6.8761570">
      <time>2020-11-25T07:44:29Z</time>
    </trkpt>
    <trkpt lat="50.9633612" lon="6.8761622">
      <time>2020-11-25T07:44:32Z</time>
    </trkpt>
    <trkpt lat="50.9633816" lon="6.8761795">
      <time>2020-11-25T07:44:36Z</time>
    </trkpt>
    <trkpt lat="50.9633519" lon="6.8761733">
      <time>2020-11-25T07:44:38Z</time>
    </trkpt>
    <trkpt lat="50.9633415" lon="6.8761621">
      <time>2020-11-25T07:44:39Z</time>
    </trkpt>
    <trkpt lat="50.9632816" lon="6.8761611">
      <time>2020-11-25T07:44:43Z</time>
    </trkpt>
    <trkpt lat="50.9632821" lon="6.8761589">
      <time>2020-11-25T07:44:44Z</time>
    </trkpt>
    <trkpt lat="50.9632799" lon="6.8761753">
      <time>2020-11-25T07:44:45Z</time>
    </trkpt>
    <trkpt lat="50.9632151" lon="6.8763324">
      <time>2020-11-25T07:44:48Z</time>
    </trkpt>
    <trkpt lat="50.9631740" lon="6.8765010">
      <time>2020-11-25T07:44:51Z</time>
    </trkpt>
    <trkpt lat="50.9631529" lon="6.8766209">
      <time>2020-11-25T07:44:53Z</time>
    </trkpt>
    <trkpt lat="50.9631312" lon="6.8767686">
      <time>2020-11-25T07:44:55Z</time>
    </trkpt>
    <trkpt lat="50.9631561" lon="6.8769221">
      <time>2020-11-25T07:44:57Z</time>
    </trkpt>
    <trkpt lat="50.9633091" lon="6.8772270">
      <time>2020-11-25T07:45:01Z</time>
    </trkpt>
    <trkpt lat="50.9633923" lon="6.8773780">
      <time>2020-11-25T07:45:03Z</time>
    </trkpt>
    <trkpt lat="50.9635391" lon="6.8776239">
      <time>2020-11-25T07:45:06Z</time>
    </trkpt>
    <trkpt lat="50.9638161" lon="6.8781015">
      <time>2020-11-25T07:45:12Z</time>
    </trkpt>
    <trkpt lat="50.9639766" lon="6.8783785">
      <time>2020-11-25T07:45:16Z</time>
    </trkpt>
    <trkpt lat="50.9640730" lon="6.8785052">
      <time>2020-11-25T07:45:18Z</time>
    </trkpt>
    <trkpt lat="50.9642580" lon="6.8787636">
      <time>2020-11-25T07:45:21Z</time>
    </trkpt>
    <trkpt lat="50.9645352" lon="6.8791827">
      <time>2020-11-25T07:45:26Z</time>
    </trkpt>
    <trkpt lat="50.9648228" lon="6.8795186">
      <time>2020-11-25T07:45:31Z</time>
    </trkpt>
    <trkpt lat="50.9648548" lon="6.8795629">
      <time>2020-11-25T07:45:32Z</time>
    </trkpt>
    <trkpt lat="50.9649764" lon="6.8797144">
      <time>2020-11-25T07:45:34Z</time>
    </trkpt>
    <trkpt lat="50.9650899" lon="6.8798362">
      <time>2020-11-25T07:45:36Z</time>
    </trkpt>
    <trkpt lat="50.9654580" lon="6.8802038">
      <time>2020-11-25T07:45:42Z</time>
    </trkpt>
    <trkpt lat="50.9658503" lon="6.8805725">
      <time>2020-11-25T07:45:48Z</time>
    </trkpt>
    <trkpt lat="50.9661528" lon="6.8808854">
      <time>2020-11-25T07:45:53Z</time>
    </trkpt>
    <trkpt lat="50.9662523" lon="6.8809864">
      <time>2020-11-25T07:45:55Z</time>
    </trkpt>
    <trkpt lat="50.9663575" lon="6.8811065">
      <time>2020-11-25T07:45:57Z</time>
    </trkpt>
    <trkpt lat="50.9664315" lon="6.8812848">
      <time>2020-11-25T07:45:59Z</time>
    </trkpt>
    <trkpt lat="50.9664356" lon="6.8814588">
      <time>2020-11-25T07:46:01Z</time>
    </trkpt>
    <trkpt lat="50.9664207" lon="6.8815516">
      <time>2020-11-25T07:46:02Z</time>
    </trkpt>
    <trkpt lat="50.9662508" lon="6.8820244">
      <time>2020-11-25T07:46:07Z</time>
    </trkpt>
    <trkpt lat="50.9662163" lon="6.8821154">
      <time>2020-11-25T07:46:08Z</time>
    </trkpt>
    <trkpt lat="50.9661172" lon="6.8823695">
      <time>2020-11-25T07:46:11Z</time>
    </trkpt>
    <trkpt lat="50.9660746" lon="6.8824513">
      <time>2020-11-25T07:46:12Z</time>
    </trkpt>
    <trkpt lat="50.9659084" lon="6.8827663">
      <time>2020-11-25T07:46:16Z</time>
    </trkpt>
    <trkpt lat="50.9658687" lon="6.8828492">
      <time>2020-11-25T07:46:17Z</time>
    </trkpt>
    <trkpt lat="50.9658297" lon="6.8829318">
      <time>2020-11-25T07:46:18Z</time>
    </trkpt>
    <trkpt lat="50.9657891" lon="6.8830194">
      <time>2020-11-25T07:46:19Z</time>
    </trkpt>
    <trkpt lat="50.9657485" lon="6.8830993">
      <time>2020-11-25T07:46:20Z</time>
    </trkpt>
    <trkpt lat="50.9655835" lon="6.8834184">
      <time>2020-11-25T07:46:24Z</time>
    </trkpt>
    <trkpt lat="50.9654965" lon="6.8835852">
      <time>2020-11-25T07:46:26Z</time>
    </trkpt>
    <trkpt lat="50.9653753" lon="6.8838313">
      <time>2020-11-25T07:46:29Z</time>
    </trkpt>
    <trkpt lat="50.9652955" lon="6.8839967">
      <time>2020-11-25T07:46:31Z</time>
    </trkpt>
    <trkpt lat="50.9652007" lon="6.8841686">
      <time>2020-11-25T07:46:33Z</time>
    </trkpt>
    <trkpt lat="50.9651132" lon="6.8843372">
      <time>2020-11-25T07:46:35Z</time>
    </trkpt>
    <trkpt lat="50.9650350" lon="6.8845107">
      <time>2020-11-25T07:46:37Z</time>
    </trkpt>
    <trkpt lat="50.9646739" lon="6.8852698">
      <time>2020-11-25T07:46:46Z</time>
    </trkpt>
    <trkpt lat="50.9645593" lon="6.8855060">
      <time>2020-11-25T07:46:49Z</time>
    </trkpt>
    <trkpt lat="50.9643665" lon="6.8859248">
      <time>2020-11-25T07:46:54Z</time>
    </trkpt>
    <trkpt lat="50.9642628" lon="6.8861626">
      <time>2020-11-25T07:46:57Z</time>
    </trkpt>
    <trkpt lat="50.9640273" lon="6.8866373">
      <time>2020-11-25T07:47:03Z</time>
    </trkpt>
    <trkpt lat="50.9639937" lon="6.8867140">
      <time>2020-11-25T07:47:04Z</time>
    </trkpt>
    <trkpt lat="50.9636909" lon="6.8873036">
      <time>2020-11-25T07:47:12Z</time>
    </trkpt>
    <trkpt lat="50.9634266" lon="6.8877615">
      <time>2020-11-25T07:47:18Z</time>
    </trkpt>
    <trkpt lat="50.9633895" lon="6.8878464">
      <time>2020-11-25T07:47:19Z</time>
    </trkpt>
    <trkpt lat="50.9633176" lon="6.8880315">
      <time>2020-11-25T07:47:21Z</time>
    </trkpt>
    <trkpt lat="50.9632338" lon="6.8882071">
      <time>2020-11-25T07:47:23Z</time>
    </trkpt>
    <trkpt lat="50.9631510" lon="6.8883792">
      <time>2020-11-25T07:47:25Z</time>
    </trkpt>
    <trkpt lat="50.9629996" lon="6.8887365">
      <time>2020-11-25T07:47:29Z</time>
    </trkpt>
    <trkpt lat="50.9629691" lon="6.8888351">
      <time>2020-11-25T07:47:30Z</time>
    </trkpt>
    <trkpt lat="50.9626899" lon="6.8895629">
      <time>2020-11-25T07:47:38Z</time>
    </trkpt>
    <trkpt lat="50.9625486" lon="6.8898940">
      <time>2020-11-25T07:47:42Z</time>
    </trkpt>
    <trkpt lat="50.9625001" lon="6.8899726">
      <time>2020-11-25T07:47:43Z</time>
    </trkpt>
    <trkpt lat="50.9623154" lon="6.8902747">
      <time>2020-11-25T07:47:47Z</time>
    </trkpt>
    <trkpt lat="50.9621672" lon="6.8905253">
      <time>2020-11-25T07:47:50Z</time>
    </trkpt>
    <trkpt lat="50.9620500" lon="6.8907811">
      <time>2020-11-25T07:47:53Z</time>
    </trkpt>
    <trkpt lat="50.9617103" lon="6.8915182">
      <time>2020-11-25T07:48:02Z</time>
    </trkpt>
    <trkpt lat="50.9616318" lon="6.8916723">
      <time>2020-11-25T07:48:04Z</time>
    </trkpt>
    <trkpt lat="50.9615962" lon="6.8917361">
      <time>2020-11-25T07:48:05Z</time>
    </trkpt>
    <trkpt lat="50.9614904" lon="6.8918953">
      <time>2020-11-25T07:48:08Z</time>
    </trkpt>
    <trkpt lat="50.9614348" lon="6.8920113">
      <time>2020-11-25T07:48:10Z</time>
    </trkpt>
    <trkpt lat="50.9613427" lon="6.8922314">
      <time>2020-11-25T07:48:14Z</time>
    </trkpt>
    <trkpt lat="50.9612476" lon="6.8924133">
      <time>2020-11-25T07:48:19Z</time>
    </trkpt>
    <trkpt lat="50.9612078" lon="6.8925060">
      <time>2020-11-25T07:48:24Z</time>
    </trkpt>
    <trkpt lat="50.9611385" lon="6.8926427">
      <time>2020-11-25T07:48:29Z</time>
    </trkpt>
    <trkpt lat="50.9610447" lon="6.8929060">
      <time>2020-11-25T07:48:34Z</time>
    </trkpt>
    <trkpt lat="50.9609389" lon="6.8931333">
      <time>2020-11-25T07:48:38Z</time>
    </trkpt>
    <trkpt lat="50.9608908" lon="6.8932659">
      <time>2020-11-25T07:48:40Z</time>
    </trkpt>
    <trkpt lat="50.9608568" lon="6.8933337">
      <time>2020-11-25T07:48:41Z</time>
    </trkpt>
    <trkpt lat="50.9608254" lon="6.8934088">
      <time>2020-11-25T07:48:42Z</time>
    </trkpt>
    <trkpt lat="50.9607395" lon="6.8936306">
      <time>2020-11-25T07:48:45Z</time>
    </trkpt>
    <trkpt lat="50.9605969" lon="6.8939056">
      <time>2020-11-25T07:48:49Z</time>
    </trkpt>
    <trkpt lat="50.9604147" lon="6.8942458">
      <time>2020-11-25T07:48:54Z</time>
    </trkpt>
    <trkpt lat="50.9603028" lon="6.8944515">
      <time>2020-11-25T07:48:57Z</time>
    </trkpt>
    <trkpt lat="50.9601948" lon="6.8946603">
      <time>2020-11-25T07:49:00Z</time>
    </trkpt>
    <trkpt lat="50.9600834" lon="6.8948712">
      <time>2020-11-25T07:49:03Z</time>
    </trkpt>
    <trkpt lat="50.9600420" lon="6.8949433">
      <time>2020-11-25T07:49:04Z</time>
    </trkpt>
    <trkpt lat="50.9599693" lon="6.8950936">
      <time>2020-11-25T07:49:06Z</time>
    </trkpt>
    <trkpt lat="50.9598512" lon="6.8953147">
      <time>2020-11-25T07:49:09Z</time>
    </trkpt>
    <trkpt lat="50.9595546" lon="6.8959246">
      <time>2020-11-25T07:49:17Z</time>
    </trkpt>
    <trkpt lat="50.9594551" lon="6.8961679">
      <time>2020-11-25T07:49:20Z</time>
    </trkpt>
    <trkpt lat="50.9593120" lon="6.8964909">
      <time>2020-11-25T07:49:24Z</time>
    </trkpt>
    <trkpt lat="50.9592829" lon="6.8965504">
      <time>2020-11-25T07:49:25Z</time>
    </trkpt>
    <trkpt lat="50.9592000" lon="6.8966935">
      <time>2020-11-25T07:49:27Z</time>
    </trkpt>
    <trkpt lat="50.9591217" lon="6.8968526">
      <time>2020-11-25T07:49:29Z</time>
    </trkpt>
    <trkpt lat="50.9589592" lon="6.8972268">
      <time>2020-11-25T07:49:34Z</time>
    </trkpt>
    <trkpt lat="50.9586153" lon="6.8979387">
      <time>2020-11-25T07:49:43Z</time>
    </trkpt>
    <trkpt lat="50.9583476" lon="6.8985532">
      <time>2020-11-25T07:49:51Z</time>
    </trkpt>
    <trkpt lat="50.9582806" lon="6.8986908">
      <time>2020-11-25T07:49:53Z</time>
    </trkpt>
    <trkpt lat="50.9580491" lon="6.8991556">
      <time>2020-11-25T07:49:59Z</time>
    </trkpt>
    <trkpt lat="50.9579097" lon="6.8994155">
      <time>2020-11-25T07:50:03Z</time>
    </trkpt>
    <trkpt lat="50.9578383" lon="6.8995510">
      <time>2020-11-25T07:50:05Z</time>
    </trkpt>
    <trkpt lat="50.9578049" lon="6.8997250">
      <time>2020-11-25T07:50:07Z</time>
    </trkpt>
    <trkpt lat="50.9577512" lon="6.8998916">
      <time>2020-11-25T07:50:09Z</time>
    </trkpt>
    <trkpt lat="50.9575896" lon="6.9002994">
      <time>2020-11-25T07:50:14Z</time>
    </trkpt>
    <trkpt lat="50.9575640" lon="6.9003839">
      <time>2020-11-25T07:50:15Z</time>
    </trkpt>
    <trkpt lat="50.9575240" lon="6.9005630">
      <time>2020-11-25T07:50:17Z</time>
    </trkpt>
    <trkpt lat="50.9574467" lon="6.9008231">
      <time>2020-11-25T07:50:20Z</time>
    </trkpt>
    <trkpt lat="50.9573473" lon="6.9010844">
      <time>2020-11-25T07:50:23Z</time>
    </trkpt>
    <trkpt lat="50.9572653" lon="6.9012402">
      <time>2020-11-25T07:50:25Z</time>
    </trkpt>
    <trkpt lat="50.9572121" lon="6.9013981">
      <time>2020-11-25T07:50:27Z</time>
    </trkpt>
    <trkpt lat="50.9571835" lon="6.9015766">
      <time>2020-11-25T07:50:29Z</time>
    </trkpt>
    <trkpt lat="50.9571666" lon="6.9016562">
      <time>2020-11-25T07:50:30Z</time>
    </trkpt>
    <trkpt lat="50.9570811" lon="6.9018872">
      <time>2020-11-25T07:50:33Z</time>
    </trkpt>
    <trkpt lat="50.9570090" lon="6.9020249">
      <time>2020-11-25T07:50:35Z</time>
    </trkpt>
    <trkpt lat="50.9568204" lon="6.9024288">
      <time>2020-11-25T07:50:41Z</time>
    </trkpt>
    <trkpt lat="50.9567137" lon="6.9027583">
      <time>2020-11-25T07:50:47Z</time>
    </trkpt>
    <trkpt lat="50.9567007" lon="6.9028631">
      <time>2020-11-25T07:50:51Z</time>
    </trkpt>
    <trkpt lat="50.9566976" lon="6.9029012">
      <time>2020-11-25T07:50:56Z</time>
    </trkpt>
    <trkpt lat="50.9566696" lon="6.9029486">
      <time>2020-11-25T07:51:05Z</time>
    </trkpt>
    <trkpt lat="50.9566346" lon="6.9030552">
      <time>2020-11-25T07:51:08Z</time>
    </trkpt>
    <trkpt lat="50.9566033" lon="6.9031599">
      <time>2020-11-25T07:51:10Z</time>
    </trkpt>
    <trkpt lat="50.9565914" lon="6.9032098">
      <time>2020-11-25T07:51:11Z</time>
    </trkpt>
    <trkpt lat="50.9565440" lon="6.9035001">
      <time>2020-11-25T07:51:15Z</time>
    </trkpt>
    <trkpt lat="50.9564170" lon="6.9038750">
      <time>2020-11-25T07:51:20Z</time>
    </trkpt>
    <trkpt lat="50.9563823" lon="6.9039472">
      <time>2020-11-25T07:51:21Z</time>
    </trkpt>
    <trkpt lat="50.9562782" lon="6.9042528">
      <time>2020-11-25T07:51:25Z</time>
    </trkpt>
    <trkpt lat="50.9562511" lon="6.9043347">
      <time>2020-11-25T07:51:26Z</time>
    </trkpt>
    <trkpt lat="50.9561394" lon="6.9046738">
      <time>2020-11-25T07:51:30Z</time>
    </trkpt>
    <trkpt lat="50.9560829" lon="6.9048132">
      <time>2020-11-25T07:51:32Z</time>
    </trkpt>
    <trkpt lat="50.9560141" lon="6.9050615">
      <time>2020-11-25T07:51:35Z</time>
    </trkpt>
    <trkpt lat="50.9559062" lon="6.9055000">
      <time>2020-11-25T07:51:40Z</time>
    </trkpt>
    <trkpt lat="50.9556904" lon="6.9061344">
      <time>2020-11-25T07:51:48Z</time>
    </trkpt>
    <trkpt lat="50.9556491" lon="6.9062966">
      <time>2020-11-25T07:51:50Z</time>
    </trkpt>
    <trkpt lat="50.9556296" lon="6.9064173">
      <time>2020-11-25T07:51:52Z</time>
    </trkpt>
    <trkpt lat="50.9555082" lon="6.9066314">
      <time>2020-11-25T07:51:56Z</time>
    </trkpt>
    <trkpt lat="50.9553920" lon="6.9069724">
      <time>2020-11-25T07:52:01Z</time>
    </trkpt>
    <trkpt lat="50.9553798" lon="6.9070511">
      <time>2020-11-25T07:52:02Z</time>
    </trkpt>
    <trkpt lat="50.9553126" lon="6.9072868">
      <time>2020-11-25T07:52:05Z</time>
    </trkpt>
    <trkpt lat="50.9552679" lon="6.9074533">
      <time>2020-11-25T07:52:07Z</time>
    </trkpt>
    <trkpt lat="50.9551133" lon="6.9079721">
      <time>2020-11-25T07:52:13Z</time>
    </trkpt>
    <trkpt lat="50.9550710" lon="6.9081080">
      <time>2020-11-25T07:52:15Z</time>
    </trkpt>
    <trkpt lat="50.9550021" lon="6.9082874">
      <time>2020-11-25T07:52:17Z</time>
    </trkpt>
    <trkpt lat="50.9549501" lon="6.9083659">
      <time>2020-11-25T07:52:18Z</time>
    </trkpt>
    <trkpt lat="50.9547816" lon="6.9088498">
      <time>2020-11-25T07:52:24Z</time>
    </trkpt>
    <trkpt lat="50.9547589" lon="6.9089093">
      <time>2020-11-25T07:52:25Z</time>
    </trkpt>
    <trkpt lat="50.9546893" lon="6.9091260">
      <time>2020-11-25T07:52:28Z</time>
    </trkpt>
    <trkpt lat="50.9546276" lon="6.9092776">
      <time>2020-11-25T07:52:31Z</time>
    </trkpt>
    <trkpt lat="50.9544735" lon="6.9096354">
      <time>2020-11-25T07:52:38Z</time>
    </trkpt>
    <trkpt lat="50.9543643" lon="6.9099803">
      <time>2020-11-25T07:52:43Z</time>
    </trkpt>
    <trkpt lat="50.9542209" lon="6.9103439">
      <time>2020-11-25T07:52:48Z</time>
    </trkpt>
    <trkpt lat="50.9541717" lon="6.9104317">
      <time>2020-11-25T07:52:49Z</time>
    </trkpt>
    <trkpt lat="50.9540547" lon="6.9106498">
      <time>2020-11-25T07:52:52Z</time>
    </trkpt>
    <trkpt lat="50.9539223" lon="6.9108459">
      <time>2020-11-25T07:52:55Z</time>
    </trkpt>
    <trkpt lat="50.9538325" lon="6.9109688">
      <time>2020-11-25T07:52:57Z</time>
    </trkpt>
    <trkpt lat="50.9536706" lon="6.9112101">
      <time>2020-11-25T07:53:01Z</time>
    </trkpt>
    <trkpt lat="50.9533894" lon="6.9116307">
      <time>2020-11-25T07:53:08Z</time>
    </trkpt>
    <trkpt lat="50.9533448" lon="6.9116865">
      <time>2020-11-25T07:53:09Z</time>
    </trkpt>
    <trkpt lat="50.9532248" lon="6.9118917">
      <time>2020-11-25T07:53:12Z</time>
    </trkpt>
    <trkpt lat="50.9529179" lon="6.9123721">
      <time>2020-11-25T07:53:19Z</time>
    </trkpt>
    <trkpt lat="50.9526960" lon="6.9127292">
      <time>2020-11-25T07:53:24Z</time>
    </trkpt>
    <trkpt lat="50.9526543" lon="6.9127938">
      <time>2020-11-25T07:53:25Z</time>
    </trkpt>
    <trkpt lat="50.9525703" lon="6.9129236">
      <time>2020-11-25T07:53:27Z</time>
    </trkpt>
    <trkpt lat="50.9524297" lon="6.9131334">
      <time>2020-11-25T07:53:30Z</time>
    </trkpt>
    <trkpt lat="50.9522500" lon="6.9134324">
      <time>2020-11-25T07:53:34Z</time>
    </trkpt>
    <trkpt lat="50.9521901" lon="6.9135045">
      <time>2020-11-25T07:53:35Z</time>
    </trkpt>
    <trkpt lat="50.9520857" lon="6.9136599">
      <time>2020-11-25T07:53:38Z</time>
    </trkpt>
    <trkpt lat="50.9520148" lon="6.9137284">
      <time>2020-11-25T07:53:41Z</time>
    </trkpt>
    <trkpt lat="50.9518977" lon="6.9139428">
      <time>2020-11-25T07:53:46Z</time>
    </trkpt>
    <trkpt lat="50.9518391" lon="6.9140913">
      <time>2020-11-25T07:53:48Z</time>
    </trkpt>
    <trkpt lat="50.9517698" lon="6.9141811">
      <time>2020-11-25T07:53:50Z</time>
    </trkpt>
    <trkpt lat="50.9517164" lon="6.9142621">
      <time>2020-11-25T07:53:51Z</time>
    </trkpt>
    <trkpt lat="50.9515830" lon="6.9144208">
      <time>2020-11-25T07:53:54Z</time>
    </trkpt>
    <trkpt lat="50.9514689" lon="6.9146082">
      <time>2020-11-25T07:53:57Z</time>
    </trkpt>
    <trkpt lat="50.9514569" lon="6.9146728">
      <time>2020-11-25T07:53:58Z</time>
    </trkpt>
    <trkpt lat="50.9514123" lon="6.9148233">
      <time>2020-11-25T07:54:01Z</time>
    </trkpt>
    <trkpt lat="50.9511534" lon="6.9151352">
      <time>2020-11-25T07:54:06Z</time>
    </trkpt>
    <trkpt lat="50.9509506" lon="6.9154434">
      <time>2020-11-25T07:54:09Z</time>
    </trkpt>
    <trkpt lat="50.9508907" lon="6.9155410">
      <time>2020-11-25T07:54:10Z</time>
    </trkpt>
    <trkpt lat="50.9506232" lon="6.9160457">
      <time>2020-11-25T07:54:15Z</time>
    </trkpt>
    <trkpt lat="50.9505703" lon="6.9161369">
      <time>2020-11-25T07:54:16Z</time>
    </trkpt>
    <trkpt lat="50.9504022" lon="6.9163941">
      <time>2020-11-25T07:54:19Z</time>
    </trkpt>
    <trkpt lat="50.9502822" lon="6.9165483">
      <time>2020-11-25T07:54:21Z</time>
    </trkpt>
    <trkpt lat="50.9500474" lon="6.9168494">
      <time>2020-11-25T07:54:25Z</time>
    </trkpt>
    <trkpt lat="50.9499047" lon="6.9170814">
      <time>2020-11-25T07:54:28Z</time>
    </trkpt>
    <trkpt lat="50.9496489" lon="6.9174633">
      <time>2020-11-25T07:54:33Z</time>
    </trkpt>
    <trkpt lat="50.9495982" lon="6.9175409">
      <time>2020-11-25T07:54:34Z</time>
    </trkpt>
    <trkpt lat="50.9493024" lon="6.9179469">
      <time>2020-11-25T07:54:40Z</time>
    </trkpt>
    <trkpt lat="50.9491258" lon="6.9181968">
      <time>2020-11-25T07:54:44Z</time>
    </trkpt>
    <trkpt lat="50.9490437" lon="6.9183533">
      <time>2020-11-25T07:54:46Z</time>
    </trkpt>
    <trkpt lat="50.9489827" lon="6.9184867">
      <time>2020-11-25T07:54:48Z</time>
    </trkpt>
    <trkpt lat="50.9488725" lon="6.9188302">
      <time>2020-11-25T07:54:52Z</time>
    </trkpt>
    <trkpt lat="50.9487917" lon="6.9190664">
      <time>2020-11-25T07:54:55Z</time>
    </trkpt>
    <trkpt lat="50.9486559" lon="6.9193969">
      <time>2020-11-25T07:54:59Z</time>
    </trkpt>
    <trkpt lat="50.9484676" lon="6.9198025">
      <time>2020-11-25T07:55:04Z</time>
    </trkpt>
    <trkpt lat="50.9484093" lon="6.9199415">
      <time>2020-11-25T07:55:06Z</time>
    </trkpt>
    <trkpt lat="50.9483017" lon="6.9202307">
      <time>2020-11-25T07:55:10Z</time>
    </trkpt>
    <trkpt lat="50.9482913" lon="6.9203010">
      <time>2020-11-25T07:55:11Z</time>
    </trkpt>
    <trkpt lat="50.9482532" lon="6.9204275">
      <time>2020-11-25T07:55:13Z</time>
    </trkpt>
    <trkpt lat="50.9481580" lon="6.9206595">
      <time>2020-11-25T07:55:16Z</time>
    </trkpt>
    <trkpt lat="50.9481211" lon="6.9207369">
      <time>2020-11-25T07:55:17Z</time>
    </trkpt>
    <trkpt lat="50.9480403" lon="6.9208955">
      <time>2020-11-25T07:55:19Z</time>
    </trkpt>
    <trkpt lat="50.9479593" lon="6.9210674">
      <time>2020-11-25T07:55:21Z</time>
    </trkpt>
    <trkpt lat="50.9477507" lon="6.9215872">
      <time>2020-11-25T07:55:27Z</time>
    </trkpt>
    <trkpt lat="50.9474818" lon="6.9221883">
      <time>2020-11-25T07:55:34Z</time>
    </trkpt>
    <trkpt lat="50.9472752" lon="6.9226894">
      <time>2020-11-25T07:55:40Z</time>
    </trkpt>
    <trkpt lat="50.9469676" lon="6.9234382">
      <time>2020-11-25T07:55:49Z</time>
    </trkpt>
    <trkpt lat="50.9469283" lon="6.9235343">
      <time>2020-11-25T07:55:50Z</time>
    </trkpt>
    <trkpt lat="50.9467010" lon="6.9240998">
      <time>2020-11-25T07:55:57Z</time>
    </trkpt>
    <trkpt lat="50.9465218" lon="6.9244938">
      <time>2020-11-25T07:56:02Z</time>
    </trkpt>
    <trkpt lat="50.9464488" lon="6.9246806">
      <time>2020-11-25T07:56:04Z</time>
    </trkpt>
    <trkpt lat="50.9462382" lon="6.9251831">
      <time>2020-11-25T07:56:11Z</time>
    </trkpt>
    <trkpt lat="50.9462174" lon="6.9252628">
      <time>2020-11-25T07:56:12Z</time>
    </trkpt>
    <trkpt lat="50.9461220" lon="6.9254694">
      <time>2020-11-25T07:56:15Z</time>
    </trkpt>
    <trkpt lat="50.9460612" lon="6.9255898">
      <time>2020-11-25T07:56:17Z</time>
    </trkpt>
    <trkpt lat="50.9460085" lon="6.9257684">
      <time>2020-11-25T07:56:19Z</time>
    </trkpt>
    <trkpt lat="50.9459875" lon="6.9258554">
      <time>2020-11-25T07:56:20Z</time>
    </trkpt>
    <trkpt lat="50.9458612" lon="6.9262019">
      <time>2020-11-25T07:56:24Z</time>
    </trkpt>
    <trkpt lat="50.9458208" lon="6.9262838">
      <time>2020-11-25T07:56:25Z</time>
    </trkpt>
    <trkpt lat="50.9455904" lon="6.9267328">
      <time>2020-11-25T07:56:30Z</time>
    </trkpt>
    <trkpt lat="50.9454841" lon="6.9269184">
      <time>2020-11-25T07:56:32Z</time>
    </trkpt>
    <trkpt lat="50.9454136" lon="6.9271073">
      <time>2020-11-25T07:56:34Z</time>
    </trkpt>
    <trkpt lat="50.9451594" lon="6.9279340">
      <time>2020-11-25T07:56:41Z</time>
    </trkpt>
    <trkpt lat="50.9450817" lon="6.9281354">
      <time>2020-11-25T07:56:43Z</time>
    </trkpt>
    <trkpt lat="50.9449645" lon="6.9283383">
      <time>2020-11-25T07:56:45Z</time>
    </trkpt>
    <trkpt lat="50.9448616" lon="6.9284767">
      <time>2020-11-25T07:56:47Z</time>
    </trkpt>
    <trkpt lat="50.9447720" lon="6.9286556">
      <time>2020-11-25T07:56:49Z</time>
    </trkpt>
    <trkpt lat="50.9446964" lon="6.9288624">
      <time>2020-11-25T07:56:51Z</time>
    </trkpt>
    <trkpt lat="50.9445888" lon="6.9291944">
      <time>2020-11-25T07:56:55Z</time>
    </trkpt>
    <trkpt lat="50.9445410" lon="6.9294057">
      <time>2020-11-25T07:56:57Z</time>
    </trkpt>
    <trkpt lat="50.9445187" lon="6.9294739">
      <time>2020-11-25T07:56:58Z</time>
    </trkpt>
    <trkpt lat="50.9444536" lon="6.9296416">
      <time>2020-11-25T07:57:00Z</time>
    </trkpt>
    <trkpt lat="50.9443868" lon="6.9298355">
      <time>2020-11-25T07:57:02Z</time>
    </trkpt>
    <trkpt lat="50.9443596" lon="6.9299017">
      <time>2020-11-25T07:57:03Z</time>
    </trkpt>
    <trkpt lat="50.9443079" lon="6.9299993">
      <time>2020-11-25T07:57:05Z</time>
    </trkpt>
    <trkpt lat="50.9442785" lon="6.9300643">
      <time>2020-11-25T07:57:06Z</time>
    </trkpt>
    <trkpt lat="50.9442006" lon="6.9303751">
      <time>2020-11-25T07:57:10Z</time>
    </trkpt>
    <trkpt lat="50.9440576" lon="6.9309127">
      <time>2020-11-25T07:57:16Z</time>
    </trkpt>
    <trkpt lat="50.9439934" lon="6.9310972">
      <time>2020-11-25T07:57:18Z</time>
    </trkpt>
    <trkpt lat="50.9439427" lon="6.9312316">
      <time>2020-11-25T07:57:20Z</time>
    </trkpt>
    <trkpt lat="50.9438442" lon="6.9315770">
      <time>2020-11-25T07:57:24Z</time>
    </trkpt>
    <trkpt lat="50.9438237" lon="6.9316602">
      <time>2020-11-25T07:57:25Z</time>
    </trkpt>
    <trkpt lat="50.9437917" lon="6.9318301">
      <time>2020-11-25T07:57:27Z</time>
    </trkpt>
    <trkpt lat="50.9437969" lon="6.9320431">
      <time>2020-11-25T07:57:29Z</time>
    </trkpt>
    <trkpt lat="50.9437969" lon="6.9321286">
      <time>2020-11-25T07:57:30Z</time>
    </trkpt>
    <trkpt lat="50.9437427" lon="6.9323613">
      <time>2020-11-25T07:57:32Z</time>
    </trkpt>
    <trkpt lat="50.9436095" lon="6.9326123">
      <time>2020-11-25T07:57:35Z</time>
    </trkpt>
    <trkpt lat="50.9435651" lon="6.9326989">
      <time>2020-11-25T07:57:36Z</time>
    </trkpt>
    <trkpt lat="50.9434994" lon="6.9328536">
      <time>2020-11-25T07:57:38Z</time>
    </trkpt>
    <trkpt lat="50.9434617" lon="6.9329445">
      <time>2020-11-25T07:57:40Z</time>
    </trkpt>
    <trkpt lat="50.9434030" lon="6.9330574">
      <time>2020-11-25T07:57:45Z</time>
    </trkpt>
    <trkpt lat="50.9433943" lon="6.9330752">
      <time>2020-11-25T07:57:46Z</time>
    </trkpt>
    <trkpt lat="50.9433216" lon="6.9331901">
      <time>2020-11-25T07:57:49Z</time>
    </trkpt>
    <trkpt lat="50.9432495" lon="6.9333977">
      <time>2020-11-25T07:57:52Z</time>
    </trkpt>
    <trkpt lat="50.9432048" lon="6.9334847">
      <time>2020-11-25T07:57:53Z</time>
    </trkpt>
    <trkpt lat="50.9427730" lon="6.9343848">
      <time>2020-11-25T07:58:03Z</time>
    </trkpt>
    <trkpt lat="50.9425480" lon="6.9348631">
      <time>2020-11-25T07:58:08Z</time>
    </trkpt>
    <trkpt lat="50.9423787" lon="6.9352385">
      <time>2020-11-25T07:58:12Z</time>
    </trkpt>
    <trkpt lat="50.9422086" lon="6.9355116">
      <time>2020-11-25T07:58:16Z</time>
    </trkpt>
    <trkpt lat="50.9421509" lon="6.9355959">
      <time>2020-11-25T07:58:17Z</time>
    </trkpt>
    <trkpt lat="50.9420680" lon="6.9357303">
      <time>2020-11-25T07:58:19Z</time>
    </trkpt>
    <trkpt lat="50.9420273" lon="6.9358062">
      <time>2020-11-25T07:58:20Z</time>
    </trkpt>
    <trkpt lat="50.9419735" lon="6.9358978">
      <time>2020-11-25T07:58:21Z</time>
    </trkpt>
    <trkpt lat="50.9418505" lon="6.9361140">
      <time>2020-11-25T07:58:24Z</time>
    </trkpt>
    <trkpt lat="50.9416649" lon="6.9364964">
      <time>2020-11-25T07:58:29Z</time>
    </trkpt>
    <trkpt lat="50.9416266" lon="6.9365864">
      <time>2020-11-25T07:58:30Z</time>
    </trkpt>
    <trkpt lat="50.9413469" lon="6.9370848">
      <time>2020-11-25T07:58:37Z</time>
    </trkpt>
    <trkpt lat="50.9412283" lon="6.9373062">
      <time>2020-11-25T07:58:40Z</time>
    </trkpt>
    <trkpt lat="50.9411081" lon="6.9375060">
      <time>2020-11-25T07:58:43Z</time>
    </trkpt>
    <trkpt lat="50.9410700" lon="6.9375779">
      <time>2020-11-25T07:58:44Z</time>
    </trkpt>
    <trkpt lat="50.9409924" lon="6.9377211">
      <time>2020-11-25T07:58:46Z</time>
    </trkpt>
    <trkpt lat="50.9409017" lon="6.9378430">
      <time>2020-11-25T07:58:48Z</time>
    </trkpt>
    <trkpt lat="50.9408587" lon="6.9379038">
      <time>2020-11-25T07:58:49Z</time>
    </trkpt>
    <trkpt lat="50.9407696" lon="6.9381261">
      <time>2020-11-25T07:58:52Z</time>
    </trkpt>
    <trkpt lat="50.9406976" lon="6.9384000">
      <time>2020-11-25T07:58:55Z</time>
    </trkpt>
    <trkpt lat="50.9406532" lon="6.9385660">
      <time>2020-11-25T07:58:57Z</time>
    </trkpt>
    <trkpt lat="50.9406388" lon="6.9386332">
      <time>2020-11-25T07:58:58Z</time>
    </trkpt>
    <trkpt lat="50.9405124" lon="6.9391663">
      <time>2020-11-25T07:59:05Z</time>
    </trkpt>
    <trkpt lat="50.9404985" lon="6.9393830">
      <time>2020-11-25T07:59:08Z</time>
    </trkpt>
    <trkpt lat="50.9404922" lon="6.9395929">
      <time>2020-11-25T07:59:11Z</time>
    </trkpt>
    <trkpt lat="50.9405182" lon="6.9397487">
      <time>2020-11-25T07:59:15Z</time>
    </trkpt>
    <trkpt lat="50.9405422" lon="6.9397939">
      <time>2020-11-25T07:59:19Z</time>
    </trkpt>
    <trkpt lat="50.9405428" lon="6.9397971">
      <time>2020-11-25T07:59:20Z</time>
    </trkpt>
    <trkpt lat="50.9405428" lon="6.9397971">
      <time>2020-11-25T07:59:23Z</time>
    </trkpt>
    <trkpt lat="50.9405332" lon="6.9398869">
      <time>2020-11-25T08:00:22Z</time>
    </trkpt>
    <trkpt lat="50.9405185" lon="6.9399401">
      <time>2020-11-25T08:00:23Z</time>
    </trkpt>
    <trkpt lat="50.9405034" lon="6.9400082">
      <time>2020-11-25T08:00:24Z</time>
    </trkpt>
    <trkpt lat="50.9405181" lon="6.9401911">
      <time>2020-11-25T08:00:26Z</time>
    </trkpt>
    <trkpt lat="50.9405257" lon="6.9402895">
      <time>2020-11-25T08:00:27Z</time>
    </trkpt>
    <trkpt lat="50.9405717" lon="6.9404943">
      <time>2020-11-25T08:00:29Z</time>
    </trkpt>
    <trkpt lat="50.9405736" lon="6.9405938">
      <time>2020-11-25T08:00:30Z</time>
    </trkpt>
    <trkpt lat="50.9405618" lon="6.9408011">
      <time>2020-11-25T08:00:32Z</time>
    </trkpt>
    <trkpt lat="50.9405137" lon="6.9410163">
      <time>2020-11-25T08:00:34Z</time>
    </trkpt>
    <trkpt lat="50.9404608" lon="6.9412124">
      <time>2020-11-25T08:00:36Z</time>
    </trkpt>
    <trkpt lat="50.9404149" lon="6.9413930">
      <time>2020-11-25T08:00:38Z</time>
    </trkpt>
    <trkpt lat="50.9403586" lon="6.9415761">
      <time>2020-11-25T08:00:40Z</time>
    </trkpt>
    <trkpt lat="50.9403228" lon="6.9417933">
      <time>2020-11-25T08:00:42Z</time>
    </trkpt>
    <trkpt lat="50.9403150" lon="6.9419372">
      <time>2020-11-25T08:00:43Z</time>
    </trkpt>
    <trkpt lat="50.9403098" lon="6.9423191">
      <time>2020-11-25T08:00:46Z</time>
    </trkpt>
    <trkpt lat="50.9402779" lon="6.9426353">
      <time>2020-11-25T08:00:48Z</time>
    </trkpt>
    <trkpt lat="50.9402390" lon="6.9428907">
      <time>2020-11-25T08:00:50Z</time>
    </trkpt>
    <trkpt lat="50.9401539" lon="6.9431532">
      <time>2020-11-25T08:00:52Z</time>
    </trkpt>
    <trkpt lat="50.9401537" lon="6.9435699">
      <time>2020-11-25T08:00:55Z</time>
    </trkpt>
    <trkpt lat="50.9401788" lon="6.9438520">
      <time>2020-11-25T08:00:57Z</time>
    </trkpt>
    <trkpt lat="50.9402920" lon="6.9444035">
      <time>2020-11-25T08:01:01Z</time>
    </trkpt>
    <trkpt lat="50.9403352" lon="6.9445373">
      <time>2020-11-25T08:01:02Z</time>
    </trkpt>
    <trkpt lat="50.9404870" lon="6.9450668">
      <time>2020-11-25T08:01:06Z</time>
    </trkpt>
    <trkpt lat="50.9405332" lon="6.9451870">
      <time>2020-11-25T08:01:07Z</time>
    </trkpt>
    <trkpt lat="50.9406341" lon="6.9454162">
      <time>2020-11-25T08:01:09Z</time>
    </trkpt>
    <trkpt lat="50.9407315" lon="6.9456336">
      <time>2020-11-25T08:01:11Z</time>
    </trkpt>
    <trkpt lat="50.9407843" lon="6.9457401">
      <time>2020-11-25T08:01:12Z</time>
    </trkpt>
    <trkpt lat="50.9408344" lon="6.9458439">
      <time>2020-11-25T08:01:13Z</time>
    </trkpt>
    <trkpt lat="50.9409444" lon="6.9460492">
      <time>2020-11-25T08:01:15Z</time>
    </trkpt>
    <trkpt lat="50.9411043" lon="6.9464712">
      <time>2020-11-25T08:01:19Z</time>
    </trkpt>
    <trkpt lat="50.9411658" lon="6.9468098">
      <time>2020-11-25T08:01:22Z</time>
    </trkpt>
    <trkpt lat="50.9411603" lon="6.9469179">
      <time>2020-11-25T08:01:23Z</time>
    </trkpt>
    <trkpt lat="50.9411169" lon="6.9472356">
      <time>2020-11-25T08:01:26Z</time>
    </trkpt>
    <trkpt lat="50.9410923" lon="6.9473632">
      <time>2020-11-25T08:01:27Z</time>
    </trkpt>
    <trkpt lat="50.9410791" lon="6.9474405">
      <time>2020-11-25T08:01:28Z</time>
    </trkpt>
    <trkpt lat="50.9410685" lon="6.9477853">
      <time>2020-11-25T08:01:31Z</time>
    </trkpt>
    <trkpt lat="50.9410774" lon="6.9483987">
      <time>2020-11-25T08:01:36Z</time>
    </trkpt>
    <trkpt lat="50.9411008" lon="6.9491892">
      <time>2020-11-25T08:01:43Z</time>
    </trkpt>
    <trkpt lat="50.9411398" lon="6.9495152">
      <time>2020-11-25T08:01:46Z</time>
    </trkpt>
    <trkpt lat="50.9411666" lon="6.9497310">
      <time>2020-11-25T08:01:48Z</time>
    </trkpt>
    <trkpt lat="50.9412029" lon="6.9500483">
      <time>2020-11-25T08:01:51Z</time>
    </trkpt>
    <trkpt lat="50.9412266" lon="6.9502559">
      <time>2020-11-25T08:01:53Z</time>
    </trkpt>
    <trkpt lat="50.9412296" lon="6.9504693">
      <time>2020-11-25T08:01:55Z</time>
    </trkpt>
    <trkpt lat="50.9412427" lon="6.9506839">
      <time>2020-11-25T08:01:57Z</time>
    </trkpt>
    <trkpt lat="50.9412481" lon="6.9509066">
      <time>2020-11-25T08:01:59Z</time>
    </trkpt>
    <trkpt lat="50.9412807" lon="6.9515414">
      <time>2020-11-25T08:02:05Z</time>
    </trkpt>
    <trkpt lat="50.9413225" lon="6.9520310">
      <time>2020-11-25T08:02:10Z</time>
    </trkpt>
    <trkpt lat="50.9413376" lon="6.9522284">
      <time>2020-11-25T08:02:12Z</time>
    </trkpt>
    <trkpt lat="50.9413673" lon="6.9523923">
      <time>2020-11-25T08:02:14Z</time>
    </trkpt>
    <trkpt lat="50.9414886" lon="6.9529388">
      <time>2020-11-25T08:02:20Z</time>
    </trkpt>
    <trkpt lat="50.9415126" lon="6.9530557">
      <time>2020-11-25T08:02:21Z</time>
    </trkpt>
    <trkpt lat="50.9415207" lon="6.9531376">
      <time>2020-11-25T08:02:22Z</time>
    </trkpt>
    <trkpt lat="50.9415257" lon="6.9532391">
      <time>2020-11-25T08:02:23Z</time>
    </trkpt>
    <trkpt lat="50.9415396" lon="6.9534489">
      <time>2020-11-25T08:02:25Z</time>
    </trkpt>
    <trkpt lat="50.9415581" lon="6.9536674">
      <time>2020-11-25T08:02:27Z</time>
    </trkpt>
    <trkpt lat="50.9416269" lon="6.9542401">
      <time>2020-11-25T08:02:32Z</time>
    </trkpt>
    <trkpt lat="50.9416515" lon="6.9544771">
      <time>2020-11-25T08:02:34Z</time>
    </trkpt>
    <trkpt lat="50.9416653" lon="6.9545955">
      <time>2020-11-25T08:02:35Z</time>
    </trkpt>
    <trkpt lat="50.9416778" lon="6.9547150">
      <time>2020-11-25T08:02:36Z</time>
    </trkpt>
    <trkpt lat="50.9416879" lon="6.9548355">
      <time>2020-11-25T08:02:37Z</time>
    </trkpt>
    <trkpt lat="50.9417179" lon="6.9550765">
      <time>2020-11-25T08:02:39Z</time>
    </trkpt>
    <trkpt lat="50.9417375" lon="6.9551879">
      <time>2020-11-25T08:02:40Z</time>
    </trkpt>
    <trkpt lat="50.9417895" lon="6.9554049">
      <time>2020-11-25T08:02:42Z</time>
    </trkpt>
    <trkpt lat="50.9418271" lon="6.9557220">
      <time>2020-11-25T08:02:45Z</time>
    </trkpt>
    <trkpt lat="50.9418212" lon="6.9559350">
      <time>2020-11-25T08:02:47Z</time>
    </trkpt>
    <trkpt lat="50.9418000" lon="6.9562171">
      <time>2020-11-25T08:02:50Z</time>
    </trkpt>
    <trkpt lat="50.9417353" lon="6.9562786">
      <time>2020-11-25T08:02:51Z</time>
    </trkpt>
    <trkpt lat="50.9416792" lon="6.9563076">
      <time>2020-11-25T08:02:52Z</time>
    </trkpt>
    <trkpt lat="50.9416380" lon="6.9563134">
      <time>2020-11-25T08:02:53Z</time>
    </trkpt>
    <trkpt lat="50.9415602" lon="6.9563069">
      <time>2020-11-25T08:02:55Z</time>
    </trkpt>
    <trkpt lat="50.9414720" lon="6.9562931">
      <time>2020-11-25T08:02:57Z</time>
    </trkpt>
    <trkpt lat="50.9413886" lon="6.9562479">
      <time>2020-11-25T08:02:59Z</time>
    </trkpt>
    <trkpt lat="50.9413174" lon="6.9562019">
      <time>2020-11-25T08:03:01Z</time>
    </trkpt>
    <trkpt lat="50.9412825" lon="6.9561962">
      <time>2020-11-25T08:03:02Z</time>
    </trkpt>
    <trkpt lat="50.9411053" lon="6.9561404">
      <time>2020-11-25T08:03:07Z</time>
    </trkpt>
    <trkpt lat="50.9409535" lon="6.9561049">
      <time>2020-11-25T08:03:12Z</time>
    </trkpt>
    <trkpt lat="50.9409194" lon="6.9561356">
      <time>2020-11-25T08:03:13Z</time>
    </trkpt>
    <trkpt lat="50.9408379" lon="6.9561867">
      <time>2020-11-25T08:03:15Z</time>
    </trkpt>
    <trkpt lat="50.9407838" lon="6.9563705">
      <time>2020-11-25T08:03:19Z</time>
    </trkpt>
    <trkpt lat="50.9408382" lon="6.9564487">
      <time>2020-11-25T08:03:20Z</time>
    </trkpt>
    <trkpt lat="50.9408293" lon="6.9567504">
      <time>2020-11-25T08:03:24Z</time>
    </trkpt>
    <trkpt lat="50.9408206" lon="6.9569085">
      <time>2020-11-25T08:03:26Z</time>
    </trkpt>
    <trkpt lat="50.9408229" lon="6.9570387">
      <time>2020-11-25T08:03:28Z</time>
    </trkpt>
    <trkpt lat="50.9408289" lon="6.9572236">
      <time>2020-11-25T08:03:30Z</time>
    </trkpt>
    <trkpt lat="50.9408419" lon="6.9574593">
      <time>2020-11-25T08:03:33Z</time>
    </trkpt>
    <trkpt lat="50.9408399" lon="6.9578371">
      <time>2020-11-25T08:03:37Z</time>
    </trkpt>
    <trkpt lat="50.9408459" lon="6.9579980">
      <time>2020-11-25T08:03:39Z</time>
    </trkpt>
    <trkpt lat="50.9408529" lon="6.9580751">
      <time>2020-11-25T08:03:40Z</time>
    </trkpt>
    <trkpt lat="50.9408688" lon="6.9582336">
      <time>2020-11-25T08:03:42Z</time>
    </trkpt>
    <trkpt lat="50.9408690" lon="6.9583967">
      <time>2020-11-25T08:03:44Z</time>
    </trkpt>
    <trkpt lat="50.9408890" lon="6.9584818">
      <time>2020-11-25T08:03:45Z</time>
    </trkpt>
    <trkpt lat="50.9409030" lon="6.9587074">
      <time>2020-11-25T08:03:48Z</time>
    </trkpt>
    <trkpt lat="50.9409207" lon="6.9587839">
      <time>2020-11-25T08:03:49Z</time>
    </trkpt>
    <trkpt lat="50.9409571" lon="6.9589459">
      <time>2020-11-25T08:03:51Z</time>
    </trkpt>
    <trkpt lat="50.9409993" lon="6.9590174">
      <time>2020-11-25T08:03:52Z</time>
    </trkpt>
    <trkpt lat="50.9410330" lon="6.9592247">
      <time>2020-11-25T08:03:55Z</time>
    </trkpt>
    <trkpt lat="50.9410718" lon="6.9593134">
      <time>2020-11-25T08:03:57Z</time>
    </trkpt>
    <trkpt lat="50.9411519" lon="6.9593671">
      <time>2020-11-25T08:03:59Z</time>
    </trkpt>
    <trkpt lat="50.9412457" lon="6.9594748">
      <time>2020-11-25T08:04:01Z</time>
    </trkpt>
    <trkpt lat="50.9412796" lon="6.9595872">
      <time>2020-11-25T08:04:02Z</time>
    </trkpt>
    <trkpt lat="50.9413391" lon="6.9597835">
      <time>2020-11-25T08:04:04Z</time>
    </trkpt>
    <trkpt lat="50.9413721" lon="6.9599847">
      <time>2020-11-25T08:04:06Z</time>
    </trkpt>
    <trkpt lat="50.9412886" lon="6.9602617">
      <time>2020-11-25T08:04:09Z</time>
    </trkpt>
    <trkpt lat="50.9412740" lon="6.9603464">
      <time>2020-11-25T08:04:10Z</time>
    </trkpt>
    <trkpt lat="50.9411648" lon="6.9608177">
      <time>2020-11-25T08:04:16Z</time>
    </trkpt>
    <trkpt lat="50.9411740" lon="6.9609004">
      <time>2020-11-25T08:04:17Z</time>
    </trkpt>
    <trkpt lat="50.9412122" lon="6.9610651">
      <time>2020-11-25T08:04:19Z</time>
    </trkpt>
    <trkpt lat="50.9412389" lon="6.9611401">
      <time>2020-11-25T08:04:20Z</time>
    </trkpt>
    <trkpt lat="50.9412635" lon="6.9612035">
      <time>2020-11-25T08:04:21Z</time>
    </trkpt>
    <trkpt lat="50.9413137" lon="6.9613982">
      <time>2020-11-25T08:04:24Z</time>
    </trkpt>
    <trkpt lat="50.9413101" lon="6.9614733">
      <time>2020-11-25T08:04:25Z</time>
    </trkpt>
    <trkpt lat="50.9412904" lon="6.9617270">
      <time>2020-11-25T08:04:28Z</time>
    </trkpt>
    <trkpt lat="50.9412834" lon="6.9623966">
      <time>2020-11-25T08:04:35Z</time>
    </trkpt>
    <trkpt lat="50.9412795" lon="6.9624676">
      <time>2020-11-25T08:04:36Z</time>
    </trkpt>
    <trkpt lat="50.9412835" lon="6.9625544">
      <time>2020-11-25T08:04:37Z</time>
    </trkpt>
    <trkpt lat="50.9413132" lon="6.9628179">
      <time>2020-11-25T08:04:40Z</time>
    </trkpt>
    <trkpt lat="50.9413560" lon="6.9635155">
      <time>2020-11-25T08:04:48Z</time>
    </trkpt>
    <trkpt lat="50.9413706" lon="6.9639385">
      <time>2020-11-25T08:04:53Z</time>
    </trkpt>
    <trkpt lat="50.9413661" lon="6.9640068">
      <time>2020-11-25T08:04:54Z</time>
    </trkpt>
    <trkpt lat="50.9413433" lon="6.9640910">
      <time>2020-11-25T08:04:55Z</time>
    </trkpt>
    <trkpt lat="50.9413537" lon="6.9648154">
      <time>2020-11-25T08:05:03Z</time>
    </trkpt>
    <trkpt lat="50.9413300" lon="6.9648859">
      <time>2020-11-25T08:05:04Z</time>
    </trkpt>
    <trkpt lat="50.9412905" lon="6.9651616">
      <time>2020-11-25T08:05:07Z</time>
    </trkpt>
    <trkpt lat="50.9412901" lon="6.9659653">
      <time>2020-11-25T08:05:16Z</time>
    </trkpt>
    <trkpt lat="50.9412988" lon="6.9662412">
      <time>2020-11-25T08:05:19Z</time>
    </trkpt>
    <trkpt lat="50.9413028" lon="6.9666400">
      <time>2020-11-25T08:05:23Z</time>
    </trkpt>
    <trkpt lat="50.9412859" lon="6.9672105">
      <time>2020-11-25T08:05:29Z</time>
    </trkpt>
    <trkpt lat="50.9413072" lon="6.9680654">
      <time>2020-11-25T08:05:37Z</time>
    </trkpt>
    <trkpt lat="50.9413030" lon="6.9687108">
      <time>2020-11-25T08:05:43Z</time>
    </trkpt>
    <trkpt lat="50.9412927" lon="6.9689621">
      <time>2020-11-25T08:05:45Z</time>
    </trkpt>
    <trkpt lat="50.9412753" lon="6.9696177">
      <time>2020-11-25T08:05:51Z</time>
    </trkpt>
    <trkpt lat="50.9412008" lon="6.9699255">
      <time>2020-11-25T08:05:54Z</time>
    </trkpt>
    <trkpt lat="50.9411761" lon="6.9700562">
      <time>2020-11-25T08:05:55Z</time>
    </trkpt>
    <trkpt lat="50.9410602" lon="6.9707432">
      <time>2020-11-25T08:06:01Z</time>
    </trkpt>
    <trkpt lat="50.9410382" lon="6.9708320">
      <time>2020-11-25T08:06:02Z</time>
    </trkpt>
    <trkpt lat="50.9409829" lon="6.9710463">
      <time>2020-11-25T08:06:04Z</time>
    </trkpt>
    <trkpt lat="50.9408349" lon="6.9715764">
      <time>2020-11-25T08:06:09Z</time>
    </trkpt>
    <trkpt lat="50.9407081" lon="6.9719034">
      <time>2020-11-25T08:06:12Z</time>
    </trkpt>
    <trkpt lat="50.9406192" lon="6.9720998">
      <time>2020-11-25T08:06:14Z</time>
    </trkpt>
    <trkpt lat="50.9405237" lon="6.9723096">
      <time>2020-11-25T08:06:16Z</time>
    </trkpt>
    <trkpt lat="50.9404332" lon="6.9724670">
      <time>2020-11-25T08:06:18Z</time>
    </trkpt>
    <trkpt lat="50.9403922" lon="6.9725610">
      <time>2020-11-25T08:06:19Z</time>
    </trkpt>
    <trkpt lat="50.9401943" lon="6.9730097">
      <time>2020-11-25T08:06:24Z</time>
    </trkpt>
    <trkpt lat="50.9401438" lon="6.9730606">
      <time>2020-11-25T08:06:25Z</time>
    </trkpt>
    <trkpt lat="50.9401021" lon="6.9731090">
      <time>2020-11-25T08:06:26Z</time>
    </trkpt>
    <trkpt lat="50.9400602" lon="6.9732260">
      <time>2020-11-25T08:06:28Z</time>
    </trkpt>
    <trkpt lat="50.9400471" lon="6.9734344">
      <time>2020-11-25T08:06:31Z</time>
    </trkpt>
    <trkpt lat="50.9400284" lon="6.9735800">
      <time>2020-11-25T08:06:33Z</time>
    </trkpt>
    <trkpt lat="50.9399913" lon="6.9737132">
      <time>2020-11-25T08:06:35Z</time>
    </trkpt>
    <trkpt lat="50.9399695" lon="6.9738889">
      <time>2020-11-25T08:06:37Z</time>
    </trkpt>
    <trkpt lat="50.9399670" lon="6.9739634">
      <time>2020-11-25T08:06:38Z</time>
    </trkpt>
    <trkpt lat="50.9399570" lon="6.9745002">
      <time>2020-11-25T08:06:43Z</time>
    </trkpt>
    <trkpt lat="50.9399285" lon="6.9748820">
      <time>2020-11-25T08:06:46Z</time>
    </trkpt>
    <trkpt lat="50.9399047" lon="6.9752298">
      <time>2020-11-25T08:06:49Z</time>
    </trkpt>
    <trkpt lat="50.9398598" lon="6.9759133">
      <time>2020-11-25T08:06:55Z</time>
    </trkpt>
    <trkpt lat="50.9398467" lon="6.9761214">
      <time>2020-11-25T08:06:57Z</time>
    </trkpt>
    <trkpt lat="50.9398552" lon="6.9761753">
      <time>2020-11-25T08:06:58Z</time>
    </trkpt>
    <trkpt lat="50.9398812" lon="6.9762007">
      <time>2020-11-25T08:06:59Z</time>
    </trkpt>
    <trkpt lat="50.9399152" lon="6.9761994">
      <time>2020-11-25T08:07:00Z</time>
    </trkpt>
    <trkpt lat="50.9400161" lon="6.9761883">
      <time>2020-11-25T08:07:02Z</time>
    </trkpt>
    <trkpt lat="50.9400594" lon="6.9761944">
      <time>2020-11-25T08:07:03Z</time>
    </trkpt>
    <trkpt lat="50.9400996" lon="6.9762848">
      <time>2020-11-25T08:07:05Z</time>
    </trkpt>
    <trkpt lat="50.9400529" lon="6.9766421">
      <time>2020-11-25T08:07:09Z</time>
    </trkpt>
    <trkpt lat="50.9400030" lon="6.9771995">
      <time>2020-11-25T08:07:14Z</time>
    </trkpt>
    <trkpt lat="50.9399235" lon="6.9778269">
      <time>2020-11-25T08:07:20Z</time>
    </trkpt>
    <trkpt lat="50.9398493" lon="6.9783133">
      <time>2020-11-25T08:07:25Z</time>
    </trkpt>
    <trkpt lat="50.9397848" lon="6.9787779">
      <time>2020-11-25T08:07:30Z</time>
    </trkpt>
    <trkpt lat="50.9397581" lon="6.9788643">
      <time>2020-11-25T08:07:31Z</time>
    </trkpt>
    <trkpt lat="50.9395987" lon="6.9792664">
      <time>2020-11-25T08:07:36Z</time>
    </trkpt>
    <trkpt lat="50.9396013" lon="6.9793607">
      <time>2020-11-25T08:07:38Z</time>
    </trkpt>
    <trkpt lat="50.9396354" lon="6.9794119">
      <time>2020-11-25T08:07:40Z</time>
    </trkpt>
    <trkpt lat="50.9396337" lon="6.9794633">
      <time>2020-11-25T08:07:41Z</time>
    </trkpt>
    <trkpt lat="50.9396044" lon="6.9795829">
      <time>2020-11-25T08:07:43Z</time>
    </trkpt>
    <trkpt lat="50.9395814" lon="6.9797347">
      <time>2020-11-25T08:07:45Z</time>
    </trkpt>
    <trkpt lat="50.9395386" lon="6.9801122">
      <time>2020-11-25T08:07:49Z</time>
    </trkpt>
    <trkpt lat="50.9395339" lon="6.9802100">
      <time>2020-11-25T08:07:50Z</time>
    </trkpt>
    <trkpt lat="50.9394711" lon="6.9807586">
      <time>2020-11-25T08:07:56Z</time>
    </trkpt>
    <trkpt lat="50.9394244" lon="6.9810197">
      <time>2020-11-25T08:07:59Z</time>
    </trkpt>
    <trkpt lat="50.9394000" lon="6.9812470">
      <time>2020-11-25T08:08:02Z</time>
    </trkpt>
    <trkpt lat="50.9393972" lon="6.9814041">
      <time>2020-11-25T08:08:04Z</time>
    </trkpt>
    <trkpt lat="50.9393875" lon="6.9816599">
      <time>2020-11-25T08:08:07Z</time>
    </trkpt>
    <trkpt lat="50.9393795" lon="6.9817961">
      <time>2020-11-25T08:08:09Z</time>
    </trkpt>
    <trkpt lat="50.9393157" lon="6.9818706">
      <time>2020-11-25T08:08:10Z</time>
    </trkpt>
    <trkpt lat="50.9391138" lon="6.9820194">
      <time>2020-11-25T08:08:13Z</time>
    </trkpt>
    <trkpt lat="50.9390392" lon="6.9820615">
      <time>2020-11-25T08:08:15Z</time>
    </trkpt>
    <trkpt lat="50.9389461" lon="6.9820336">
      <time>2020-11-25T08:08:17Z</time>
    </trkpt>
    <trkpt lat="50.9387378" lon="6.9819030">
      <time>2020-11-25T08:08:21Z</time>
    </trkpt>
    <trkpt lat="50.9386286" lon="6.9818477">
      <time>2020-11-25T08:08:23Z</time>
    </trkpt>
    <trkpt lat="50.9384255" lon="6.9817886">
      <time>2020-11-25T08:08:26Z</time>
    </trkpt>
    <trkpt lat="50.9383239" lon="6.9818009">
      <time>2020-11-25T08:08:28Z</time>
    </trkpt>
    <trkpt lat="50.9381281" lon="6.9818756">
      <time>2020-11-25T08:08:31Z</time>
    </trkpt>
    <trkpt lat="50.9380237" lon="6.9819591">
      <time>2020-11-25T08:08:33Z</time>
    </trkpt>
    <trkpt lat="50.9377737" lon="6.9822739">
      <time>2020-11-25T08:08:37Z</time>
    </trkpt>
    <trkpt lat="50.9376695" lon="6.9824789">
      <time>2020-11-25T08:08:39Z</time>
    </trkpt>
    <trkpt lat="50.9376315" lon="6.9825843">
      <time>2020-11-25T08:08:40Z</time>
    </trkpt>
    <trkpt lat="50.9375990" lon="6.9827035">
      <time>2020-11-25T08:08:41Z</time>
    </trkpt>
    <trkpt lat="50.9375593" lon="6.9828875">
      <time>2020-11-25T08:08:43Z</time>
    </trkpt>
    <trkpt lat="50.9375666" lon="6.9830062">
      <time>2020-11-25T08:08:44Z</time>
    </trkpt>
    <trkpt lat="50.9375722" lon="6.9831655">
      <time>2020-11-25T08:08:46Z</time>
    </trkpt>
    <trkpt lat="50.9375751" lon="6.9832231">
      <time>2020-11-25T08:08:47Z</time>
    </trkpt>
    <trkpt lat="50.9375829" lon="6.9833296">
      <time>2020-11-25T08:08:51Z</time>
    </trkpt>
    <trkpt lat="50.9375829" lon="6.9833296">
      <time>2020-11-25T08:08:53Z</time>
    </trkpt>
    <trkpt lat="50.9375479" lon="6.9834105">
      <time>2020-11-25T08:08:57Z</time>
    </trkpt>
    <trkpt lat="50.9375292" lon="6.9834542">
      <time>2020-11-25T08:08:58Z</time>
    </trkpt>
    <trkpt lat="50.9374145" lon="6.9837460">
      <time>2020-11-25T08:09:03Z</time>
    </trkpt>
    <trkpt lat="50.9372133" lon="6.9842492">
      <time>2020-11-25T08:09:10Z</time>
    </trkpt>
    <trkpt lat="50.9370790" lon="6.9846502">
      <time>2020-11-25T08:09:15Z</time>
    </trkpt>
    <trkpt lat="50.9370187" lon="6.9848086">
      <time>2020-11-25T08:09:17Z</time>
    </trkpt>
    <trkpt lat="50.9368055" lon="6.9854206">
      <time>2020-11-25T08:09:25Z</time>
    </trkpt>
    <trkpt lat="50.9365799" lon="6.9860416">
      <time>2020-11-25T08:09:34Z</time>
    </trkpt>
    <trkpt lat="50.9365559" lon="6.9861191">
      <time>2020-11-25T08:09:36Z</time>
    </trkpt>
    <trkpt lat="50.9365447" lon="6.9861391">
      <time>2020-11-25T08:09:37Z</time>
    </trkpt>
    <trkpt lat="50.9365382" lon="6.9861425">
      <time>2020-11-25T08:09:40Z</time>
    </trkpt>
    <trkpt lat="50.9365117" lon="6.9861451">
      <time>2020-11-25T08:10:16Z</time>
    </trkpt>
    <trkpt lat="50.9364337" lon="6.9863300">
      <time>2020-11-25T08:10:21Z</time>
    </trkpt>
    <trkpt lat="50.9363719" lon="6.9865046">
      <time>2020-11-25T08:10:24Z</time>
    </trkpt>
    <trkpt lat="50.9363018" lon="6.9865888">
      <time>2020-11-25T08:10:26Z</time>
    </trkpt>
    <trkpt lat="50.9361029" lon="6.9865954">
      <time>2020-11-25T08:10:30Z</time>
    </trkpt>
    <trkpt lat="50.9357901" lon="6.9865325">
      <time>2020-11-25T08:10:36Z</time>
    </trkpt>
    <trkpt lat="50.9357362" lon="6.9865468">
      <time>2020-11-25T08:10:37Z</time>
    </trkpt>
    <trkpt lat="50.9354412" lon="6.9867031">
      <time>2020-11-25T08:10:43Z</time>
    </trkpt>
    <trkpt lat="50.9353206" lon="6.9867518">
      <time>2020-11-25T08:10:45Z</time>
    </trkpt>
    <trkpt lat="50.9352225" lon="6.9867459">
      <time>2020-11-25T08:10:47Z</time>
    </trkpt>
    <trkpt lat="50.9351648" lon="6.9867343">
      <time>2020-11-25T08:10:48Z</time>
    </trkpt>
    <trkpt lat="50.9347849" lon="6.9866425">
      <time>2020-11-25T08:10:55Z</time>
    </trkpt>
    <trkpt lat="50.9344822" lon="6.9865550">
      <time>2020-11-25T08:11:01Z</time>
    </trkpt>
    <trkpt lat="50.9344268" lon="6.9865479">
      <time>2020-11-25T08:11:02Z</time>
    </trkpt>
    <trkpt lat="50.9343809" lon="6.9865416">
      <time>2020-11-25T08:11:03Z</time>
    </trkpt>
    <trkpt lat="50.9341065" lon="6.9864930">
      <time>2020-11-25T08:11:08Z</time>
    </trkpt>
    <trkpt lat="50.9338187" lon="6.9864590">
      <time>2020-11-25T08:11:14Z</time>
    </trkpt>
    <trkpt lat="50.9337221" lon="6.9865652">
      <time>2020-11-25T08:11:17Z</time>
    </trkpt>
    <trkpt lat="50.9335166" lon="6.9867061">
      <time>2020-11-25T08:11:22Z</time>
    </trkpt>
    <trkpt lat="50.9334613" lon="6.9867444">
      <time>2020-11-25T08:11:23Z</time>
    </trkpt>
    <trkpt lat="50.9333752" lon="6.9867830">
      <time>2020-11-25T08:11:25Z</time>
    </trkpt>
    <trkpt lat="50.9331835" lon="6.9868755">
      <time>2020-11-25T08:11:29Z</time>
    </trkpt>
    <trkpt lat="50.9328600" lon="6.9870889">
      <time>2020-11-25T08:11:36Z</time>
    </trkpt>
    <trkpt lat="50.9327300" lon="6.9872082">
      <time>2020-11-25T08:11:39Z</time>
    </trkpt>
    <trkpt lat="50.9326136" lon="6.9873278">
      <time>2020-11-25T08:11:42Z</time>
    </trkpt>
    <trkpt lat="50.9324460" lon="6.9875157">
      <time>2020-11-25T08:11:47Z</time>
    </trkpt>
    <trkpt lat="50.9322305" lon="6.9878861">
      <time>2020-11-25T08:11:54Z</time>
    </trkpt>
    <trkpt lat="50.9320360" lon="6.9882008">
      <time>2020-11-25T08:11:59Z</time>
    </trkpt>
    <trkpt lat="50.9319747" lon="6.9883365">
      <time>2020-11-25T08:12:01Z</time>
    </trkpt>
    <trkpt lat="50.9318783" lon="6.9885263">
      <time>2020-11-25T08:12:04Z</time>
    </trkpt>
    <trkpt lat="50.9318581" lon="6.9886504">
      <time>2020-11-25T08:12:06Z</time>
    </trkpt>
    <trkpt lat="50.9318593" lon="6.9887035">
      <time>2020-11-25T08:12:07Z</time>
    </trkpt>
    <trkpt lat="50.9319086" lon="6.9887891">
      <time>2020-11-25T08:12:09Z</time>
    </trkpt>
    <trkpt lat="50.9320747" lon="6.9889781">
      <time>2020-11-25T08:12:14Z</time>
    </trkpt>
    <trkpt lat="50.9320984" lon="6.9890247">
      <time>2020-11-25T08:12:15Z</time>
    </trkpt>
    <trkpt lat="50.9321001" lon="6.9890783">
      <time>2020-11-25T08:12:16Z</time>
    </trkpt>
    <trkpt lat="50.9321020" lon="6.9891488">
      <time>2020-11-25T08:12:18Z</time>
    </trkpt>
    <trkpt lat="50.9321385" lon="6.9892636">
      <time>2020-11-25T08:12:23Z</time>
    </trkpt>
    <trkpt lat="50.9321521" lon="6.9892981">
      <time>2020-11-25T08:12:28Z</time>
    </trkpt>
    <trkpt lat="50.9321171" lon="6.9893483">
      <time>2020-11-25T08:12:51Z</time>
    </trkpt>
    <trkpt lat="50.9320439" lon="6.9895049">
      <time>2020-11-25T08:12:55Z</time>
    </trkpt>
    <trkpt lat="50.9320193" lon="6.9896033">
      <time>2020-11-25T08:12:57Z</time>
    </trkpt>
    <trkpt lat="50.9319593" lon="6.9897131">
      <time>2020-11-25T08:13:00Z</time>
    </trkpt>
    <trkpt lat="50.9317998" lon="6.9898029">
      <time>2020-11-25T08:13:05Z</time>
    </trkpt>
    <trkpt lat="50.9316777" lon="6.9899633">
      <time>2020-11-25T08:13:09Z</time>
    </trkpt>
    <trkpt lat="50.9316592" lon="6.9900034">
      <time>2020-11-25T08:13:10Z</time>
    </trkpt>
    <trkpt lat="50.9316341" lon="6.9900343">
      <time>2020-11-25T08:13:11Z</time>
    </trkpt>
    <trkpt lat="50.9315684" lon="6.9900810">
      <time>2020-11-25T08:13:13Z</time>
    </trkpt>
    <trkpt lat="50.9315350" lon="6.9902209">
      <time>2020-11-25T08:13:16Z</time>
    </trkpt>
    <trkpt lat="50.9315211" lon="6.9902954">
      <time>2020-11-25T08:13:17Z</time>
    </trkpt>
    <trkpt lat="50.9315320" lon="6.9904973">
      <time>2020-11-25T08:13:20Z</time>
    </trkpt>
    <trkpt lat="50.9315320" lon="6.9905687">
      <time>2020-11-25T08:13:21Z</time>
    </trkpt>
    <trkpt lat="50.9315117" lon="6.9906512">
      <time>2020-11-25T08:13:22Z</time>
    </trkpt>
    <trkpt lat="50.9314437" lon="6.9907723">
      <time>2020-11-25T08:13:24Z</time>
    </trkpt>
    <trkpt lat="50.9314189" lon="6.9908299">
      <time>2020-11-25T08:13:25Z</time>
    </trkpt>
    <trkpt lat="50.9313219" lon="6.9910866">
      <time>2020-11-25T08:13:28Z</time>
    </trkpt>
    <trkpt lat="50.9312643" lon="6.9912047">
      <time>2020-11-25T08:13:30Z</time>
    </trkpt>
    <trkpt lat="50.9312352" lon="6.9912708">
      <time>2020-11-25T08:13:31Z</time>
    </trkpt>
    <trkpt lat="50.9310762" lon="6.9916182">
      <time>2020-11-25T08:13:36Z</time>
    </trkpt>
    <trkpt lat="50.9310092" lon="6.9917458">
      <time>2020-11-25T08:13:38Z</time>
    </trkpt>
    <trkpt lat="50.9309824" lon="6.9917949">
      <time>2020-11-25T08:13:39Z</time>
    </trkpt>
    <trkpt lat="50.9309112" lon="6.9919327">
      <time>2020-11-25T08:13:41Z</time>
    </trkpt>
    <trkpt lat="50.9308815" lon="6.9919975">
      <time>2020-11-25T08:13:42Z</time>
    </trkpt>
    <trkpt lat="50.9308488" lon="6.9920605">
      <time>2020-11-25T08:13:43Z</time>
    </trkpt>
    <trkpt lat="50.9308223" lon="6.9921108">
      <time>2020-11-25T08:13:44Z</time>
    </trkpt>
    <trkpt lat="50.9307845" lon="6.9921721">
      <time>2020-11-25T08:13:45Z</time>
    </trkpt>
    <trkpt lat="50.9307096" lon="6.9923106">
      <time>2020-11-25T08:13:47Z</time>
    </trkpt>
    <trkpt lat="50.9306603" lon="6.9924642">
      <time>2020-11-25T08:13:49Z</time>
    </trkpt>
    <trkpt lat="50.9306402" lon="6.9925231">
      <time>2020-11-25T08:13:50Z</time>
    </trkpt>
    <trkpt lat="50.9304519" lon="6.9930435">
      <time>2020-11-25T08:13:57Z</time>
    </trkpt>
    <trkpt lat="50.9304335" lon="6.9931042">
      <time>2020-11-25T08:13:58Z</time>
    </trkpt>
    <trkpt lat="50.9304066" lon="6.9931729">
      <time>2020-11-25T08:13:59Z</time>
    </trkpt>
    <trkpt lat="50.9303366" lon="6.9934027">
      <time>2020-11-25T08:14:02Z</time>
    </trkpt>
    <trkpt lat="50.9303171" lon="6.9934593">
      <time>2020-11-25T08:14:03Z</time>
    </trkpt>
    <trkpt lat="50.9302849" lon="6.9935341">
      <time>2020-11-25T08:14:04Z</time>
    </trkpt>
    <trkpt lat="50.9301514" lon="6.9938622">
      <time>2020-11-25T08:14:09Z</time>
    </trkpt>
    <trkpt lat="50.9299935" lon="6.9941719">
      <time>2020-11-25T08:14:14Z</time>
    </trkpt>
    <trkpt lat="50.9299587" lon="6.9942518">
      <time>2020-11-25T08:14:15Z</time>
    </trkpt>
    <trkpt lat="50.9297030" lon="6.9949020">
      <time>2020-11-25T08:14:24Z</time>
    </trkpt>
    <trkpt lat="50.9295915" lon="6.9952375">
      <time>2020-11-25T08:14:29Z</time>
    </trkpt>
    <trkpt lat="50.9295440" lon="6.9953045">
      <time>2020-11-25T08:14:30Z</time>
    </trkpt>
    <trkpt lat="50.9295037" lon="6.9953419">
      <time>2020-11-25T08:14:31Z</time>
    </trkpt>
    <trkpt lat="50.9293907" lon="6.9954407">
      <time>2020-11-25T08:14:34Z</time>
    </trkpt>
    <trkpt lat="50.9293317" lon="6.9955917">
      <time>2020-11-25T08:14:36Z</time>
    </trkpt>
    <trkpt lat="50.9292906" lon="6.9957261">
      <time>2020-11-25T08:14:38Z</time>
    </trkpt>
    <trkpt lat="50.9292278" lon="6.9959022">
      <time>2020-11-25T08:14:40Z</time>
    </trkpt>
    <trkpt lat="50.9291498" lon="6.9960991">
      <time>2020-11-25T08:14:43Z</time>
    </trkpt>
    <trkpt lat="50.9290504" lon="6.9963340">
      <time>2020-11-25T08:14:47Z</time>
    </trkpt>
    <trkpt lat="50.9290285" lon="6.9963993">
      <time>2020-11-25T08:14:48Z</time>
    </trkpt>
    <trkpt lat="50.9290166" lon="6.9964747">
      <time>2020-11-25T08:14:49Z</time>
    </trkpt>
    <trkpt lat="50.9290033" lon="6.9965418">
      <time>2020-11-25T08:14:50Z</time>
    </trkpt>
    <trkpt lat="50.9289489" lon="6.9966603">
      <time>2020-11-25T08:14:52Z</time>
    </trkpt>
    <trkpt lat="50.9289057" lon="6.9966819">
      <time>2020-11-25T08:14:53Z</time>
    </trkpt>
    <trkpt lat="50.9288073" lon="6.9966785">
      <time>2020-11-25T08:14:55Z</time>
    </trkpt>
    <trkpt lat="50.9287294" lon="6.9966470">
      <time>2020-11-25T08:14:57Z</time>
    </trkpt>
    <trkpt lat="50.9286177" lon="6.9965826">
      <time>2020-11-25T08:14:59Z</time>
    </trkpt>
    <trkpt lat="50.9284511" lon="6.9964557">
      <time>2020-11-25T08:15:02Z</time>
    </trkpt>
    <trkpt lat="50.9283258" lon="6.9963783">
      <time>2020-11-25T08:15:04Z</time>
    </trkpt>
    <trkpt lat="50.9281231" lon="6.9962529">
      <time>2020-11-25T08:15:08Z</time>
    </trkpt>
    <trkpt lat="50.9280439" lon="6.9962431">
      <time>2020-11-25T08:15:11Z</time>
    </trkpt>
    <trkpt lat="50.9279948" lon="6.9962454">
      <time>2020-11-25T08:15:13Z</time>
    </trkpt>
    <trkpt lat="50.9279872" lon="6.9962698">
      <time>2020-11-25T08:15:15Z</time>
    </trkpt>
    <trkpt lat="50.9280021" lon="6.9962845">
      <time>2020-11-25T08:15:19Z</time>
    </trkpt>
    <trkpt lat="50.9280050" lon="6.9962842">
      <time>2020-11-25T08:15:21Z</time>
    </trkpt>
    <trkpt lat="50.9280050" lon="6.9962842">
      <time>2020-11-25T08:15:22Z</time>
    </trkpt>
    <trkpt lat="50.9279657" lon="6.9960813">
      <time>2020-11-25T08:17:15Z</time>
    </trkpt>
    <trkpt lat="50.9279610" lon="6.9960499">
      <time>2020-11-25T08:17:17Z</time>
    </trkpt>
    <trkpt lat="50.9291643" lon="6.9995908">
      <time>2020-11-25T12:03:45Z</time>
    </trkpt>
    <trkpt lat="50.9293974" lon="6.9997587">
      <time>2020-11-25T12:03:48Z</time>
    </trkpt>
    <trkpt lat="50.9293903" lon="6.9996704">
      <time>2020-11-25T12:03:55Z</time>
    </trkpt>
    <trkpt lat="50.9293686" lon="6.9997020">
      <time>2020-11-25T12:03:58Z</time>
    </trkpt>
    <trkpt lat="50.9293412" lon="6.9997521">
      <time>2020-11-25T12:04:00Z</time>
    </trkpt>
    <trkpt lat="50.9293302" lon="6.9997943">
      <time>2020-11-25T12:04:01Z</time>
    </trkpt>
    <trkpt lat="50.9293405" lon="6.9998905">
      <time>2020-11-25T12:04:03Z</time>
    </trkpt>
    <trkpt lat="50.9293156" lon="6.9999669">
      <time>2020-11-25T12:04:06Z</time>
    </trkpt>
    <trkpt lat="50.9293513" lon="6.9999789">
      <time>2020-11-25T12:04:07Z</time>
    </trkpt>
    <trkpt lat="50.9294140" lon="6.9999898">
      <time>2020-11-25T12:04:08Z</time>
    </trkpt>
    <trkpt lat="50.9294827" lon="7.0000004">
      <time>2020-11-25T12:04:09Z</time>
    </trkpt>
    <trkpt lat="50.9298657" lon="7.0000455">
      <time>2020-11-25T12:04:14Z</time>
    </trkpt>
    <trkpt lat="50.9299947" lon="7.0000742">
      <time>2020-11-25T12:04:16Z</time>
    </trkpt>
    <trkpt lat="50.9301921" lon="7.0001036">
      <time>2020-11-25T12:04:19Z</time>
    </trkpt>
    <trkpt lat="50.9302708" lon="7.0001158">
      <time>2020-11-25T12:04:21Z</time>
    </trkpt>
    <trkpt lat="50.9302871" lon="7.0001151">
      <time>2020-11-25T12:04:24Z</time>
    </trkpt>
    <trkpt lat="50.9303255" lon="7.0001139">
      <time>2020-11-25T12:04:28Z</time>
    </trkpt>
    <trkpt lat="50.9303416" lon="7.0001114">
      <time>2020-11-25T12:04:30Z</time>
    </trkpt>
    <trkpt lat="50.9304889" lon="7.0001754">
      <time>2020-11-25T12:04:35Z</time>
    </trkpt>
    <trkpt lat="50.9306137" lon="7.0002116">
      <time>2020-11-25T12:04:38Z</time>
    </trkpt>
    <trkpt lat="50.9306581" lon="7.0002185">
      <time>2020-11-25T12:04:39Z</time>
    </trkpt>
    <trkpt lat="50.9307069" lon="7.0002357">
      <time>2020-11-25T12:04:40Z</time>
    </trkpt>
    <trkpt lat="50.9308486" lon="7.0002067">
      <time>2020-11-25T12:04:43Z</time>
    </trkpt>
    <trkpt lat="50.9310243" lon="7.0002948">
      <time>2020-11-25T12:04:46Z</time>
    </trkpt>
    <trkpt lat="50.9311381" lon="7.0004012">
      <time>2020-11-25T12:04:48Z</time>
    </trkpt>
    <trkpt lat="50.9316223" lon="7.0006607">
      <time>2020-11-25T12:04:56Z</time>
    </trkpt>
    <trkpt lat="50.9319017" lon="7.0007730">
      <time>2020-11-25T12:05:02Z</time>
    </trkpt>
    <trkpt lat="50.9319398" lon="7.0007731">
      <time>2020-11-25T12:05:04Z</time>
    </trkpt>
    <trkpt lat="50.9319698" lon="7.0007550">
      <time>2020-11-25T12:05:06Z</time>
    </trkpt>
    <trkpt lat="50.9319882" lon="7.0007317">
      <time>2020-11-25T12:05:09Z</time>
    </trkpt>
    <trkpt lat="50.9320407" lon="7.0007451">
      <time>2020-11-25T12:05:12Z</time>
    </trkpt>
    <trkpt lat="50.9321289" lon="7.0008793">
      <time>2020-11-25T12:05:14Z</time>
    </trkpt>
    <trkpt lat="50.9322249" lon="7.0009209">
      <time>2020-11-25T12:05:16Z</time>
    </trkpt>
    <trkpt lat="50.9322673" lon="7.0009445">
      <time>2020-11-25T12:05:17Z</time>
    </trkpt>
    <trkpt lat="50.9323975" lon="7.0010118">
      <time>2020-11-25T12:05:19Z</time>
    </trkpt>
    <trkpt lat="50.9324585" lon="7.0010321">
      <time>2020-11-25T12:05:20Z</time>
    </trkpt>
    <trkpt lat="50.9325189" lon="7.0010463">
      <time>2020-11-25T12:05:21Z</time>
    </trkpt>
    <trkpt lat="50.9326361" lon="7.0010775">
      <time>2020-11-25T12:05:23Z</time>
    </trkpt>
    <trkpt lat="50.9327012" lon="7.0011031">
      <time>2020-11-25T12:05:24Z</time>
    </trkpt>
    <trkpt lat="50.9329150" lon="7.0012521">
      <time>2020-11-25T12:05:27Z</time>
    </trkpt>
    <trkpt lat="50.9330682" lon="7.0012785">
      <time>2020-11-25T12:05:29Z</time>
    </trkpt>
    <trkpt lat="50.9335805" lon="7.0012324">
      <time>2020-11-25T12:05:36Z</time>
    </trkpt>
    <trkpt lat="50.9337181" lon="7.0012220">
      <time>2020-11-25T12:05:38Z</time>
    </trkpt>
    <trkpt lat="50.9338174" lon="7.0011129">
      <time>2020-11-25T12:05:40Z</time>
    </trkpt>
    <trkpt lat="50.9338467" lon="7.0010395">
      <time>2020-11-25T12:05:41Z</time>
    </trkpt>
    <trkpt lat="50.9339224" lon="7.0009038">
      <time>2020-11-25T12:05:43Z</time>
    </trkpt>
    <trkpt lat="50.9340894" lon="7.0008767">
      <time>2020-11-25T12:05:45Z</time>
    </trkpt>
    <trkpt lat="50.9342326" lon="7.0009601">
      <time>2020-11-25T12:05:47Z</time>
    </trkpt>
    <trkpt lat="50.9344577" lon="7.0010012">
      <time>2020-11-25T12:05:50Z</time>
    </trkpt>
    <trkpt lat="50.9348966" lon="7.0010276">
      <time>2020-11-25T12:05:56Z</time>
    </trkpt>
    <trkpt lat="50.9350142" lon="7.0010360">
      <time>2020-11-25T12:05:59Z</time>
    </trkpt>
    <trkpt lat="50.9350877" lon="7.0010636">
      <time>2020-11-25T12:06:03Z</time>
    </trkpt>
    <trkpt lat="50.9351082" lon="7.0010710">
      <time>2020-11-25T12:06:04Z</time>
    </trkpt>
    <trkpt lat="50.9351265" lon="7.0010782">
      <time>2020-11-25T12:06:06Z</time>
    </trkpt>
    <trkpt lat="50.9351427" lon="7.0010989">
      <time>2020-11-25T12:06:09Z</time>
    </trkpt>
    <trkpt lat="50.9351438" lon="7.0010998">
      <time>2020-11-25T12:06:12Z</time>
    </trkpt>
    <trkpt lat="50.9351775" lon="7.0010869">
      <time>2020-11-25T12:06:27Z</time>
    </trkpt>
    <trkpt lat="50.9352142" lon="7.0010772">
      <time>2020-11-25T12:06:28Z</time>
    </trkpt>
    <trkpt lat="50.9353541" lon="7.0010683">
      <time>2020-11-25T12:06:31Z</time>
    </trkpt>
    <trkpt lat="50.9354024" lon="7.0010525">
      <time>2020-11-25T12:06:32Z</time>
    </trkpt>
    <trkpt lat="50.9356959" lon="7.0009714">
      <time>2020-11-25T12:06:37Z</time>
    </trkpt>
    <trkpt lat="50.9359154" lon="7.0009271">
      <time>2020-11-25T12:06:40Z</time>
    </trkpt>
    <trkpt lat="50.9359889" lon="7.0009142">
      <time>2020-11-25T12:06:41Z</time>
    </trkpt>
    <trkpt lat="50.9361560" lon="7.0008770">
      <time>2020-11-25T12:06:44Z</time>
    </trkpt>
    <trkpt lat="50.9363143" lon="7.0008278">
      <time>2020-11-25T12:06:47Z</time>
    </trkpt>
    <trkpt lat="50.9364338" lon="7.0007726">
      <time>2020-11-25T12:06:49Z</time>
    </trkpt>
    <trkpt lat="50.9367100" lon="7.0007141">
      <time>2020-11-25T12:06:53Z</time>
    </trkpt>
    <trkpt lat="50.9368417" lon="7.0006857">
      <time>2020-11-25T12:06:55Z</time>
    </trkpt>
    <trkpt lat="50.9369665" lon="7.0006431">
      <time>2020-11-25T12:06:57Z</time>
    </trkpt>
    <trkpt lat="50.9370864" lon="7.0005794">
      <time>2020-11-25T12:06:59Z</time>
    </trkpt>
    <trkpt lat="50.9372511" lon="7.0005043">
      <time>2020-11-25T12:07:03Z</time>
    </trkpt>
    <trkpt lat="50.9372954" lon="7.0005032">
      <time>2020-11-25T12:07:04Z</time>
    </trkpt>
    <trkpt lat="50.9373846" lon="7.0005005">
      <time>2020-11-25T12:07:06Z</time>
    </trkpt>
    <trkpt lat="50.9374443" lon="7.0004670">
      <time>2020-11-25T12:07:08Z</time>
    </trkpt>
    <trkpt lat="50.9374957" lon="7.0004130">
      <time>2020-11-25T12:07:11Z</time>
    </trkpt>
    <trkpt lat="50.9375044" lon="7.0004074">
      <time>2020-11-25T12:07:12Z</time>
    </trkpt>
    <trkpt lat="50.9375444" lon="7.0004503">
      <time>2020-11-25T12:07:16Z</time>
    </trkpt>
    <trkpt lat="50.9375444" lon="7.0004503">
      <time>2020-11-25T12:07:17Z</time>
    </trkpt>
    <trkpt lat="50.9375444" lon="7.0004503">
      <time>2020-11-25T12:07:18Z</time>
    </trkpt>
    <trkpt lat="50.9375863" lon="7.0004406">
      <time>2020-11-25T12:07:51Z</time>
    </trkpt>
    <trkpt lat="50.9376721" lon="7.0004165">
      <time>2020-11-25T12:07:53Z</time>
    </trkpt>
    <trkpt lat="50.9377792" lon="7.0004176">
      <time>2020-11-25T12:07:55Z</time>
    </trkpt>
    <trkpt lat="50.9378889" lon="7.0004380">
      <time>2020-11-25T12:07:57Z</time>
    </trkpt>
    <trkpt lat="50.9379489" lon="7.0004582">
      <time>2020-11-25T12:07:58Z</time>
    </trkpt>
    <trkpt lat="50.9381679" lon="7.0005381">
      <time>2020-11-25T12:08:01Z</time>
    </trkpt>
    <trkpt lat="50.9384910" lon="7.0006710">
      <time>2020-11-25T12:08:06Z</time>
    </trkpt>
    <trkpt lat="50.9387418" lon="7.0007637">
      <time>2020-11-25T12:08:09Z</time>
    </trkpt>
    <trkpt lat="50.9388161" lon="7.0007838">
      <time>2020-11-25T12:08:10Z</time>
    </trkpt>
    <trkpt lat="50.9391108" lon="7.0009061">
      <time>2020-11-25T12:08:14Z</time>
    </trkpt>
    <trkpt lat="50.9392601" lon="7.0009716">
      <time>2020-11-25T12:08:16Z</time>
    </trkpt>
    <trkpt lat="50.9393934" lon="7.0010311">
      <time>2020-11-25T12:08:18Z</time>
    </trkpt>
    <trkpt lat="50.9395270" lon="7.0010810">
      <time>2020-11-25T12:08:20Z</time>
    </trkpt>
    <trkpt lat="50.9396706" lon="7.0011312">
      <time>2020-11-25T12:08:22Z</time>
    </trkpt>
    <trkpt lat="50.9398077" lon="7.0011719">
      <time>2020-11-25T12:08:24Z</time>
    </trkpt>
    <trkpt lat="50.9399534" lon="7.0012227">
      <time>2020-11-25T12:08:26Z</time>
    </trkpt>
    <trkpt lat="50.9400946" lon="7.0012657">
      <time>2020-11-25T12:08:28Z</time>
    </trkpt>
    <trkpt lat="50.9401669" lon="7.0012953">
      <time>2020-11-25T12:08:29Z</time>
    </trkpt>
    <trkpt lat="50.9404708" lon="7.0015248">
      <time>2020-11-25T12:08:33Z</time>
    </trkpt>
    <trkpt lat="50.9408294" lon="7.0016345">
      <time>2020-11-25T12:08:38Z</time>
    </trkpt>
    <trkpt lat="50.9409939" lon="7.0016565">
      <time>2020-11-25T12:08:40Z</time>
    </trkpt>
    <trkpt lat="50.9415090" lon="7.0016404">
      <time>2020-11-25T12:08:47Z</time>
    </trkpt>
    <trkpt lat="50.9415670" lon="7.0016268">
      <time>2020-11-25T12:08:48Z</time>
    </trkpt>
    <trkpt lat="50.9416931" lon="7.0015918">
      <time>2020-11-25T12:08:50Z</time>
    </trkpt>
    <trkpt lat="50.9417670" lon="7.0015957">
      <time>2020-11-25T12:08:51Z</time>
    </trkpt>
    <trkpt lat="50.9421689" lon="7.0015522">
      <time>2020-11-25T12:08:57Z</time>
    </trkpt>
    <trkpt lat="50.9423239" lon="7.0015351">
      <time>2020-11-25T12:08:59Z</time>
    </trkpt>
    <trkpt lat="50.9423942" lon="7.0015244">
      <time>2020-11-25T12:09:00Z</time>
    </trkpt>
    <trkpt lat="50.9425345" lon="7.0014943">
      <time>2020-11-25T12:09:02Z</time>
    </trkpt>
    <trkpt lat="50.9429809" lon="7.0014213">
      <time>2020-11-25T12:09:08Z</time>
    </trkpt>
    <trkpt lat="50.9434644" lon="7.0013694">
      <time>2020-11-25T12:09:14Z</time>
    </trkpt>
    <trkpt lat="50.9435389" lon="7.0014212">
      <time>2020-11-25T12:09:15Z</time>
    </trkpt>
    <trkpt lat="50.9436681" lon="7.0014799">
      <time>2020-11-25T12:09:17Z</time>
    </trkpt>
    <trkpt lat="50.9440008" lon="7.0014815">
      <time>2020-11-25T12:09:22Z</time>
    </trkpt>
    <trkpt lat="50.9440650" lon="7.0014842">
      <time>2020-11-25T12:09:23Z</time>
    </trkpt>
    <trkpt lat="50.9445124" lon="7.0014901">
      <time>2020-11-25T12:09:29Z</time>
    </trkpt>
    <trkpt lat="50.9449740" lon="7.0015111">
      <time>2020-11-25T12:09:35Z</time>
    </trkpt>
    <trkpt lat="50.9450538" lon="7.0015077">
      <time>2020-11-25T12:09:36Z</time>
    </trkpt>
    <trkpt lat="50.9451996" lon="7.0015112">
      <time>2020-11-25T12:09:38Z</time>
    </trkpt>
    <trkpt lat="50.9454379" lon="7.0015187">
      <time>2020-11-25T12:09:41Z</time>
    </trkpt>
    <trkpt lat="50.9455929" lon="7.0015232">
      <time>2020-11-25T12:09:43Z</time>
    </trkpt>
    <trkpt lat="50.9462131" lon="7.0016202">
      <time>2020-11-25T12:09:51Z</time>
    </trkpt>
    <trkpt lat="50.9463814" lon="7.0016304">
      <time>2020-11-25T12:09:54Z</time>
    </trkpt>
    <trkpt lat="50.9464256" lon="7.0016330">
      <time>2020-11-25T12:09:55Z</time>
    </trkpt>
    <trkpt lat="50.9464751" lon="7.0016400">
      <time>2020-11-25T12:09:56Z</time>
    </trkpt>
    <trkpt lat="50.9465594" lon="7.0016558">
      <time>2020-11-25T12:09:58Z</time>
    </trkpt>
    <trkpt lat="50.9466369" lon="7.0016514">
      <time>2020-11-25T12:10:00Z</time>
    </trkpt>
    <trkpt lat="50.9467888" lon="7.0016503">
      <time>2020-11-25T12:10:03Z</time>
    </trkpt>
    <trkpt lat="50.9468869" lon="7.0016378">
      <time>2020-11-25T12:10:05Z</time>
    </trkpt>
    <trkpt lat="50.9472452" lon="7.0016508">
      <time>2020-11-25T12:10:11Z</time>
    </trkpt>
    <trkpt lat="50.9474558" lon="7.0016195">
      <time>2020-11-25T12:10:14Z</time>
    </trkpt>
    <trkpt lat="50.9478729" lon="7.0015603">
      <time>2020-11-25T12:10:19Z</time>
    </trkpt>
    <trkpt lat="50.9479386" lon="7.0015539">
      <time>2020-11-25T12:10:20Z</time>
    </trkpt>
    <trkpt lat="50.9480162" lon="7.0015389">
      <time>2020-11-25T12:10:21Z</time>
    </trkpt>
    <trkpt lat="50.9481323" lon="7.0014507">
      <time>2020-11-25T12:10:23Z</time>
    </trkpt>
    <trkpt lat="50.9481898" lon="7.0012949">
      <time>2020-11-25T12:10:25Z</time>
    </trkpt>
    <trkpt lat="50.9481993" lon="7.0011932">
      <time>2020-11-25T12:10:26Z</time>
    </trkpt>
    <trkpt lat="50.9483240" lon="7.0005614">
      <time>2020-11-25T12:10:32Z</time>
    </trkpt>
    <trkpt lat="50.9485014" lon="7.0000082">
      <time>2020-11-25T12:10:37Z</time>
    </trkpt>
    <trkpt lat="50.9485808" lon="6.9997709">
      <time>2020-11-25T12:10:39Z</time>
    </trkpt>
    <trkpt lat="50.9486612" lon="6.9994382">
      <time>2020-11-25T12:10:42Z</time>
    </trkpt>
    <trkpt lat="50.9488668" lon="6.9988534">
      <time>2020-11-25T12:10:48Z</time>
    </trkpt>
    <trkpt lat="50.9489066" lon="6.9987668">
      <time>2020-11-25T12:10:49Z</time>
    </trkpt>
    <trkpt lat="50.9489690" lon="6.9985880">
      <time>2020-11-25T12:10:51Z</time>
    </trkpt>
    <trkpt lat="50.9489773" lon="6.9984928">
      <time>2020-11-25T12:10:52Z</time>
    </trkpt>
    <trkpt lat="50.9489634" lon="6.9983951">
      <time>2020-11-25T12:10:53Z</time>
    </trkpt>
    <trkpt lat="50.9489261" lon="6.9980690">
      <time>2020-11-25T12:10:56Z</time>
    </trkpt>
    <trkpt lat="50.9489414" lon="6.9974918">
      <time>2020-11-25T12:11:01Z</time>
    </trkpt>
    <trkpt lat="50.9489560" lon="6.9973978">
      <time>2020-11-25T12:11:02Z</time>
    </trkpt>
    <trkpt lat="50.9489948" lon="6.9971427">
      <time>2020-11-25T12:11:04Z</time>
    </trkpt>
    <trkpt lat="50.9490834" lon="6.9968179">
      <time>2020-11-25T12:11:07Z</time>
    </trkpt>
    <trkpt lat="50.9492191" lon="6.9962846">
      <time>2020-11-25T12:11:12Z</time>
    </trkpt>
    <trkpt lat="50.9493095" lon="6.9959646">
      <time>2020-11-25T12:11:16Z</time>
    </trkpt>
    <trkpt lat="50.9493268" lon="6.9956849">
      <time>2020-11-25T12:11:19Z</time>
    </trkpt>
    <trkpt lat="50.9492994" lon="6.9955670">
      <time>2020-11-25T12:11:20Z</time>
    </trkpt>
    <trkpt lat="50.9492452" lon="6.9953247">
      <time>2020-11-25T12:11:22Z</time>
    </trkpt>
    <trkpt lat="50.9491880" lon="6.9950517">
      <time>2020-11-25T12:11:25Z</time>
    </trkpt>
    <trkpt lat="50.9491373" lon="6.9947145">
      <time>2020-11-25T12:11:29Z</time>
    </trkpt>
    <trkpt lat="50.9490829" lon="6.9945620">
      <time>2020-11-25T12:11:31Z</time>
    </trkpt>
    <trkpt lat="50.9490270" lon="6.9944654">
      <time>2020-11-25T12:11:33Z</time>
    </trkpt>
    <trkpt lat="50.9489719" lon="6.9944322">
      <time>2020-11-25T12:11:35Z</time>
    </trkpt>
    <trkpt lat="50.9489266" lon="6.9944208">
      <time>2020-11-25T12:11:39Z</time>
    </trkpt>
    <trkpt lat="50.9488232" lon="6.9943213">
      <time>2020-11-25T12:11:46Z</time>
    </trkpt>
    <trkpt lat="50.9487163" lon="6.9941893">
      <time>2020-11-25T12:11:52Z</time>
    </trkpt>
    <trkpt lat="50.9487028" lon="6.9941487">
      <time>2020-11-25T12:11:54Z</time>
    </trkpt>
    <trkpt lat="50.9487058" lon="6.9941374">
      <time>2020-11-25T12:11:56Z</time>
    </trkpt>
    <trkpt lat="50.9487433" lon="6.9940333">
      <time>2020-11-25T12:12:00Z</time>
    </trkpt>
    <trkpt lat="50.9487538" lon="6.9940048">
      <time>2020-11-25T12:12:01Z</time>
    </trkpt>
    <trkpt lat="50.9488486" lon="6.9938080">
      <time>2020-11-25T12:12:06Z</time>
    </trkpt>
    <trkpt lat="50.9489312" lon="6.9935785">
      <time>2020-11-25T12:12:11Z</time>
    </trkpt>
    <trkpt lat="50.9489969" lon="6.9935428">
      <time>2020-11-25T12:12:13Z</time>
    </trkpt>
    <trkpt lat="50.9490688" lon="6.9936068">
      <time>2020-11-25T12:12:15Z</time>
    </trkpt>
    <trkpt lat="50.9491324" lon="6.9937130">
      <time>2020-11-25T12:12:17Z</time>
    </trkpt>
    <trkpt lat="50.9492266" lon="6.9938227">
      <time>2020-11-25T12:12:19Z</time>
    </trkpt>
    <trkpt lat="50.9493573" lon="6.9939705">
      <time>2020-11-25T12:12:22Z</time>
    </trkpt>
    <trkpt lat="50.9493981" lon="6.9939806">
      <time>2020-11-25T12:12:23Z</time>
    </trkpt>
    <trkpt lat="50.9495081" lon="6.9938955">
      <time>2020-11-25T12:12:26Z</time>
    </trkpt>
    <trkpt lat="50.9496111" lon="6.9936228">
      <time>2020-11-25T12:12:30Z</time>
    </trkpt>
    <trkpt lat="50.9496329" lon="6.9935569">
      <time>2020-11-25T12:12:31Z</time>
    </trkpt>
    <trkpt lat="50.9497326" lon="6.9933613">
      <time>2020-11-25T12:12:35Z</time>
    </trkpt>
    <trkpt lat="50.9498640" lon="6.9933602">
      <time>2020-11-25T12:12:39Z</time>
    </trkpt>
    <trkpt lat="50.9500093" lon="6.9934982">
      <time>2020-11-25T12:12:43Z</time>
    </trkpt>
    <trkpt lat="50.9500993" lon="6.9935744">
      <time>2020-11-25T12:12:45Z</time>
    </trkpt>
    <trkpt lat="50.9503652" lon="6.9937997">
      <time>2020-11-25T12:12:50Z</time>
    </trkpt>
    <trkpt lat="50.9507146" lon="6.9940913">
      <time>2020-11-25T12:12:57Z</time>
    </trkpt>
    <trkpt lat="50.9508200" lon="6.9941701">
      <time>2020-11-25T12:12:59Z</time>
    </trkpt>
    <trkpt lat="50.9510280" lon="6.9943437">
      <time>2020-11-25T12:13:03Z</time>
    </trkpt>
    <trkpt lat="50.9513242" lon="6.9945943">
      <time>2020-11-25T12:13:09Z</time>
    </trkpt>
    <trkpt lat="50.9513719" lon="6.9946323">
      <time>2020-11-25T12:13:10Z</time>
    </trkpt>
    <trkpt lat="50.9515589" lon="6.9947774">
      <time>2020-11-25T12:13:14Z</time>
    </trkpt>
    <trkpt lat="50.9520253" lon="6.9951454">
      <time>2020-11-25T12:13:24Z</time>
    </trkpt>
    <trkpt lat="50.9521272" lon="6.9951724">
      <time>2020-11-25T12:13:26Z</time>
    </trkpt>
    <trkpt lat="50.9521822" lon="6.9951542">
      <time>2020-11-25T12:13:27Z</time>
    </trkpt>
    <trkpt lat="50.9522165" lon="6.9951132">
      <time>2020-11-25T12:13:28Z</time>
    </trkpt>
    <trkpt lat="50.9522372" lon="6.9949696">
      <time>2020-11-25T12:13:30Z</time>
    </trkpt>
    <trkpt lat="50.9521955" lon="6.9947067">
      <time>2020-11-25T12:13:33Z</time>
    </trkpt>
    <trkpt lat="50.9521993" lon="6.9944965">
      <time>2020-11-25T12:13:35Z</time>
    </trkpt>
    <trkpt lat="50.9522778" lon="6.9940478">
      <time>2020-11-25T12:13:39Z</time>
    </trkpt>
    <trkpt lat="50.9523917" lon="6.9934511">
      <time>2020-11-25T12:13:45Z</time>
    </trkpt>
    <trkpt lat="50.9524611" lon="6.9929627">
      <time>2020-11-25T12:13:51Z</time>
    </trkpt>
    <trkpt lat="50.9524680" lon="6.9928956">
      <time>2020-11-25T12:13:52Z</time>
    </trkpt>
    <trkpt lat="50.9524735" lon="6.9927248">
      <time>2020-11-25T12:13:56Z</time>
    </trkpt>
    <trkpt lat="50.9524595" lon="6.9926602">
      <time>2020-11-25T12:13:59Z</time>
    </trkpt>
    <trkpt lat="50.9524128" lon="6.9926375">
      <time>2020-11-25T12:14:01Z</time>
    </trkpt>
    <trkpt lat="50.9522111" lon="6.9926162">
      <time>2020-11-25T12:14:07Z</time>
    </trkpt>
    <trkpt lat="50.9521799" lon="6.9926273">
      <time>2020-11-25T12:14:08Z</time>
    </trkpt>
    <trkpt lat="50.9520959" lon="6.9926181">
      <time>2020-11-25T12:14:11Z</time>
    </trkpt>
    <trkpt lat="50.9520683" lon="6.9926169">
      <time>2020-11-25T12:14:15Z</time>
    </trkpt>
    <trkpt lat="50.9520828" lon="6.9926543">
      <time>2020-11-25T12:14:20Z</time>
    </trkpt>
    <trkpt lat="50.9520892" lon="6.9926567">
      <time>2020-11-25T12:14:26Z</time>
    </trkpt>
    <trkpt lat="50.9520880" lon="6.9926569">
      <time>2020-11-25T12:14:27Z</time>
    </trkpt>
    <trkpt lat="50.9520880" lon="6.9926569">
      <time>2020-11-25T12:14:29Z</time>
    </trkpt>
    <trkpt lat="50.9518705" lon="6.9915891">
      <time>2020-11-25T13:45:34Z</time>
    </trkpt>
    <trkpt lat="50.9517527" lon="6.9916780">
      <time>2020-11-25T13:45:36Z</time>
    </trkpt>
    <trkpt lat="50.9517796" lon="6.9915215">
      <time>2020-11-25T13:45:38Z</time>
    </trkpt>
    <trkpt lat="50.9518588" lon="6.9913371">
      <time>2020-11-25T13:45:40Z</time>
    </trkpt>
    <trkpt lat="50.9518795" lon="6.9912434">
      <time>2020-11-25T13:45:41Z</time>
    </trkpt>
    <trkpt lat="50.9518960" lon="6.9910373">
      <time>2020-11-25T13:45:43Z</time>
    </trkpt>
    <trkpt lat="50.9519218" lon="6.9908213">
      <time>2020-11-25T13:45:45Z</time>
    </trkpt>
    <trkpt lat="50.9519423" lon="6.9907195">
      <time>2020-11-25T13:45:46Z</time>
    </trkpt>
    <trkpt lat="50.9519779" lon="6.9905221">
      <time>2020-11-25T13:45:48Z</time>
    </trkpt>
    <trkpt lat="50.9519952" lon="6.9903306">
      <time>2020-11-25T13:45:50Z</time>
    </trkpt>
    <trkpt lat="50.9519877" lon="6.9902740">
      <time>2020-11-25T13:45:51Z</time>
    </trkpt>
    <trkpt lat="50.9519213" lon="6.9902327">
      <time>2020-11-25T13:45:52Z</time>
    </trkpt>
    <trkpt lat="50.9516267" lon="6.9900744">
      <time>2020-11-25T13:45:57Z</time>
    </trkpt>
    <trkpt lat="50.9515834" lon="6.9899252">
      <time>2020-11-25T13:45:59Z</time>
    </trkpt>
    <trkpt lat="50.9515905" lon="6.9898360">
      <time>2020-11-25T13:46:00Z</time>
    </trkpt>
    <trkpt lat="50.9516299" lon="6.9896893">
      <time>2020-11-25T13:46:02Z</time>
    </trkpt>
    <trkpt lat="50.9516590" lon="6.9896194">
      <time>2020-11-25T13:46:03Z</time>
    </trkpt>
    <trkpt lat="50.9517104" lon="6.9894999">
      <time>2020-11-25T13:46:05Z</time>
    </trkpt>
    <trkpt lat="50.9517251" lon="6.9894495">
      <time>2020-11-25T13:46:06Z</time>
    </trkpt>
    <trkpt lat="50.9517626" lon="6.9893538">
      <time>2020-11-25T13:46:10Z</time>
    </trkpt>
    <trkpt lat="50.9517626" lon="6.9893538">
      <time>2020-11-25T13:46:12Z</time>
    </trkpt>
    <trkpt lat="50.9517638" lon="6.9892914">
      <time>2020-11-25T13:46:21Z</time>
    </trkpt>
    <trkpt lat="50.9517513" lon="6.9892524">
      <time>2020-11-25T13:46:22Z</time>
    </trkpt>
    <trkpt lat="50.9517294" lon="6.9892159">
      <time>2020-11-25T13:46:23Z</time>
    </trkpt>
    <trkpt lat="50.9516460" lon="6.9891546">
      <time>2020-11-25T13:46:25Z</time>
    </trkpt>
    <trkpt lat="50.9514362" lon="6.9890579">
      <time>2020-11-25T13:46:29Z</time>
    </trkpt>
    <trkpt lat="50.9510981" lon="6.9887703">
      <time>2020-11-25T13:46:36Z</time>
    </trkpt>
    <trkpt lat="50.9510045" lon="6.9886709">
      <time>2020-11-25T13:46:38Z</time>
    </trkpt>
    <trkpt lat="50.9508109" lon="6.9885049">
      <time>2020-11-25T13:46:42Z</time>
    </trkpt>
    <trkpt lat="50.9504592" lon="6.9882145">
      <time>2020-11-25T13:46:49Z</time>
    </trkpt>
    <trkpt lat="50.9503025" lon="6.9880923">
      <time>2020-11-25T13:46:52Z</time>
    </trkpt>
    <trkpt lat="50.9500930" lon="6.9879119">
      <time>2020-11-25T13:46:56Z</time>
    </trkpt>
    <trkpt lat="50.9500395" lon="6.9878671">
      <time>2020-11-25T13:46:57Z</time>
    </trkpt>
    <trkpt lat="50.9498252" lon="6.9876836">
      <time>2020-11-25T13:47:01Z</time>
    </trkpt>
    <trkpt lat="50.9496673" lon="6.9875459">
      <time>2020-11-25T13:47:04Z</time>
    </trkpt>
    <trkpt lat="50.9492162" lon="6.9871072">
      <time>2020-11-25T13:47:13Z</time>
    </trkpt>
    <trkpt lat="50.9488477" lon="6.9868081">
      <time>2020-11-25T13:47:20Z</time>
    </trkpt>
    <trkpt lat="50.9483970" lon="6.9864733">
      <time>2020-11-25T13:47:28Z</time>
    </trkpt>
    <trkpt lat="50.9480764" lon="6.9862091">
      <time>2020-11-25T13:47:34Z</time>
    </trkpt>
    <trkpt lat="50.9480046" lon="6.9860910">
      <time>2020-11-25T13:47:36Z</time>
    </trkpt>
    <trkpt lat="50.9479082" lon="6.9859940">
      <time>2020-11-25T13:47:38Z</time>
    </trkpt>
    <trkpt lat="50.9477131" lon="6.9858063">
      <time>2020-11-25T13:47:42Z</time>
    </trkpt>
    <trkpt lat="50.9476337" lon="6.9856731">
      <time>2020-11-25T13:47:44Z</time>
    </trkpt>
    <trkpt lat="50.9474768" lon="6.9855582">
      <time>2020-11-25T13:47:47Z</time>
    </trkpt>
    <trkpt lat="50.9473760" lon="6.9854686">
      <time>2020-11-25T13:47:49Z</time>
    </trkpt>
    <trkpt lat="50.9472195" lon="6.9853542">
      <time>2020-11-25T13:47:52Z</time>
    </trkpt>
    <trkpt lat="50.9468576" lon="6.9849969">
      <time>2020-11-25T13:47:59Z</time>
    </trkpt>
    <trkpt lat="50.9467541" lon="6.9849068">
      <time>2020-11-25T13:48:01Z</time>
    </trkpt>
    <trkpt lat="50.9467021" lon="6.9848627">
      <time>2020-11-25T13:48:02Z</time>
    </trkpt>
    <trkpt lat="50.9464021" lon="6.9846362">
      <time>2020-11-25T13:48:08Z</time>
    </trkpt>
    <trkpt lat="50.9463474" lon="6.9846030">
      <time>2020-11-25T13:48:09Z</time>
    </trkpt>
    <trkpt lat="50.9462996" lon="6.9845583">
      <time>2020-11-25T13:48:10Z</time>
    </trkpt>
    <trkpt lat="50.9461544" lon="6.9844455">
      <time>2020-11-25T13:48:13Z</time>
    </trkpt>
    <trkpt lat="50.9458786" lon="6.9842596">
      <time>2020-11-25T13:48:18Z</time>
    </trkpt>
    <trkpt lat="50.9458297" lon="6.9842004">
      <time>2020-11-25T13:48:19Z</time>
    </trkpt>
    <trkpt lat="50.9457761" lon="6.9841456">
      <time>2020-11-25T13:48:20Z</time>
    </trkpt>
    <trkpt lat="50.9455681" lon="6.9839101">
      <time>2020-11-25T13:48:24Z</time>
    </trkpt>
    <trkpt lat="50.9452178" lon="6.9836065">
      <time>2020-11-25T13:48:30Z</time>
    </trkpt>
    <trkpt lat="50.9450489" lon="6.9834716">
      <time>2020-11-25T13:48:33Z</time>
    </trkpt>
    <trkpt lat="50.9449959" lon="6.9834157">
      <time>2020-11-25T13:48:34Z</time>
    </trkpt>
    <trkpt lat="50.9448965" lon="6.9832721">
      <time>2020-11-25T13:48:36Z</time>
    </trkpt>
    <trkpt lat="50.9447413" lon="6.9830631">
      <time>2020-11-25T13:48:39Z</time>
    </trkpt>
    <trkpt lat="50.9445965" lon="6.9828660">
      <time>2020-11-25T13:48:42Z</time>
    </trkpt>
    <trkpt lat="50.9441599" lon="6.9823822">
      <time>2020-11-25T13:48:50Z</time>
    </trkpt>
    <trkpt lat="50.9436696" lon="6.9819806">
      <time>2020-11-25T13:48:58Z</time>
    </trkpt>
    <trkpt lat="50.9434251" lon="6.9817887">
      <time>2020-11-25T13:49:02Z</time>
    </trkpt>
    <trkpt lat="50.9431972" lon="6.9815995">
      <time>2020-11-25T13:49:06Z</time>
    </trkpt>
    <trkpt lat="50.9430824" lon="6.9815009">
      <time>2020-11-25T13:49:08Z</time>
    </trkpt>
    <trkpt lat="50.9429642" lon="6.9814023">
      <time>2020-11-25T13:49:10Z</time>
    </trkpt>
    <trkpt lat="50.9428403" lon="6.9813180">
      <time>2020-11-25T13:49:12Z</time>
    </trkpt>
    <trkpt lat="50.9423814" lon="6.9809972">
      <time>2020-11-25T13:49:20Z</time>
    </trkpt>
    <trkpt lat="50.9420827" lon="6.9808208">
      <time>2020-11-25T13:49:25Z</time>
    </trkpt>
    <trkpt lat="50.9420312" lon="6.9807791">
      <time>2020-11-25T13:49:26Z</time>
    </trkpt>
    <trkpt lat="50.9417262" lon="6.9805478">
      <time>2020-11-25T13:49:32Z</time>
    </trkpt>
    <trkpt lat="50.9416831" lon="6.9805132">
      <time>2020-11-25T13:49:33Z</time>
    </trkpt>
    <trkpt lat="50.9415801" lon="6.9803919">
      <time>2020-11-25T13:49:37Z</time>
    </trkpt>
    <trkpt lat="50.9415412" lon="6.9803315">
      <time>2020-11-25T13:49:42Z</time>
    </trkpt>
    <trkpt lat="50.9415412" lon="6.9803315">
      <time>2020-11-25T13:49:44Z</time>
    </trkpt>
    <trkpt lat="50.9414945" lon="6.9802888">
      <time>2020-11-25T13:50:30Z</time>
    </trkpt>
    <trkpt lat="50.9414653" lon="6.9802517">
      <time>2020-11-25T13:50:31Z</time>
    </trkpt>
    <trkpt lat="50.9412469" lon="6.9800755">
      <time>2020-11-25T13:50:37Z</time>
    </trkpt>
    <trkpt lat="50.9410025" lon="6.9799020">
      <time>2020-11-25T13:50:43Z</time>
    </trkpt>
    <trkpt lat="50.9409539" lon="6.9798860">
      <time>2020-11-25T13:50:44Z</time>
    </trkpt>
    <trkpt lat="50.9408036" lon="6.9798169">
      <time>2020-11-25T13:50:47Z</time>
    </trkpt>
    <trkpt lat="50.9406614" lon="6.9797079">
      <time>2020-11-25T13:50:50Z</time>
    </trkpt>
    <trkpt lat="50.9406222" lon="6.9796710">
      <time>2020-11-25T13:50:51Z</time>
    </trkpt>
    <trkpt lat="50.9405543" lon="6.9795532">
      <time>2020-11-25T13:50:53Z</time>
    </trkpt>
    <trkpt lat="50.9404571" lon="6.9794939">
      <time>2020-11-25T13:50:55Z</time>
    </trkpt>
    <trkpt lat="50.9403715" lon="6.9794192">
      <time>2020-11-25T13:50:57Z</time>
    </trkpt>
    <trkpt lat="50.9403264" lon="6.9793793">
      <time>2020-11-25T13:50:58Z</time>
    </trkpt>
    <trkpt lat="50.9402948" lon="6.9793407">
      <time>2020-11-25T13:50:59Z</time>
    </trkpt>
    <trkpt lat="50.9402338" lon="6.9792472">
      <time>2020-11-25T13:51:01Z</time>
    </trkpt>
    <trkpt lat="50.9399622" lon="6.9790286">
      <time>2020-11-25T13:51:06Z</time>
    </trkpt>
    <trkpt lat="50.9399198" lon="6.9789749">
      <time>2020-11-25T13:51:07Z</time>
    </trkpt>
    <trkpt lat="50.9398260" lon="6.9788650">
      <time>2020-11-25T13:51:09Z</time>
    </trkpt>
    <trkpt lat="50.9397908" lon="6.9788049">
      <time>2020-11-25T13:51:10Z</time>
    </trkpt>
    <trkpt lat="50.9397627" lon="6.9787410">
      <time>2020-11-25T13:51:11Z</time>
    </trkpt>
    <trkpt lat="50.9396793" lon="6.9784350">
      <time>2020-11-25T13:51:15Z</time>
    </trkpt>
    <trkpt lat="50.9396722" lon="6.9783464">
      <time>2020-11-25T13:51:16Z</time>
    </trkpt>
    <trkpt lat="50.9396878" lon="6.9781897">
      <time>2020-11-25T13:51:18Z</time>
    </trkpt>
    <trkpt lat="50.9397025" lon="6.9780193">
      <time>2020-11-25T13:51:20Z</time>
    </trkpt>
    <trkpt lat="50.9397258" lon="6.9777568">
      <time>2020-11-25T13:51:23Z</time>
    </trkpt>
    <trkpt lat="50.9397579" lon="6.9773939">
      <time>2020-11-25T13:51:27Z</time>
    </trkpt>
    <trkpt lat="50.9397849" lon="6.9770211">
      <time>2020-11-25T13:51:31Z</time>
    </trkpt>
    <trkpt lat="50.9397873" lon="6.9767470">
      <time>2020-11-25T13:51:34Z</time>
    </trkpt>
    <trkpt lat="50.9398100" lon="6.9763694">
      <time>2020-11-25T13:51:38Z</time>
    </trkpt>
    <trkpt lat="50.9398566" lon="6.9759075">
      <time>2020-11-25T13:51:43Z</time>
    </trkpt>
    <trkpt lat="50.9399231" lon="6.9750333">
      <time>2020-11-25T13:51:52Z</time>
    </trkpt>
    <trkpt lat="50.9399320" lon="6.9744120">
      <time>2020-11-25T13:51:59Z</time>
    </trkpt>
    <trkpt lat="50.9399509" lon="6.9740837">
      <time>2020-11-25T13:52:03Z</time>
    </trkpt>
    <trkpt lat="50.9399555" lon="6.9738515">
      <time>2020-11-25T13:52:06Z</time>
    </trkpt>
    <trkpt lat="50.9399542" lon="6.9735697">
      <time>2020-11-25T13:52:11Z</time>
    </trkpt>
    <trkpt lat="50.9399919" lon="6.9734775">
      <time>2020-11-25T13:52:15Z</time>
    </trkpt>
    <trkpt lat="50.9399919" lon="6.9734775">
      <time>2020-11-25T13:52:17Z</time>
    </trkpt>
    <trkpt lat="50.9400121" lon="6.9734056">
      <time>2020-11-25T13:53:11Z</time>
    </trkpt>
    <trkpt lat="50.9400210" lon="6.9733570">
      <time>2020-11-25T13:53:12Z</time>
    </trkpt>
    <trkpt lat="50.9400350" lon="6.9731113">
      <time>2020-11-25T13:53:16Z</time>
    </trkpt>
    <trkpt lat="50.9400524" lon="6.9730583">
      <time>2020-11-25T13:53:17Z</time>
    </trkpt>
    <trkpt lat="50.9401765" lon="6.9729121">
      <time>2020-11-25T13:53:21Z</time>
    </trkpt>
    <trkpt lat="50.9402948" lon="6.9726799">
      <time>2020-11-25T13:53:25Z</time>
    </trkpt>
    <trkpt lat="50.9403235" lon="6.9726197">
      <time>2020-11-25T13:53:26Z</time>
    </trkpt>
    <trkpt lat="50.9403594" lon="6.9725619">
      <time>2020-11-25T13:53:27Z</time>
    </trkpt>
    <trkpt lat="50.9405097" lon="6.9723004">
      <time>2020-11-25T13:53:31Z</time>
    </trkpt>
    <trkpt lat="50.9405789" lon="6.9721537">
      <time>2020-11-25T13:53:33Z</time>
    </trkpt>
    <trkpt lat="50.9406625" lon="6.9719071">
      <time>2020-11-25T13:53:36Z</time>
    </trkpt>
    <trkpt lat="50.9408399" lon="6.9713377">
      <time>2020-11-25T13:53:43Z</time>
    </trkpt>
    <trkpt lat="50.9408791" lon="6.9711875">
      <time>2020-11-25T13:53:45Z</time>
    </trkpt>
    <trkpt lat="50.9409423" lon="6.9709397">
      <time>2020-11-25T13:53:48Z</time>
    </trkpt>
    <trkpt lat="50.9409877" lon="6.9707806">
      <time>2020-11-25T13:53:50Z</time>
    </trkpt>
    <trkpt lat="50.9410832" lon="6.9701935">
      <time>2020-11-25T13:53:57Z</time>
    </trkpt>
    <trkpt lat="50.9411305" lon="6.9698733">
      <time>2020-11-25T13:54:01Z</time>
    </trkpt>
    <trkpt lat="50.9411827" lon="6.9697257">
      <time>2020-11-25T13:54:03Z</time>
    </trkpt>
    <trkpt lat="50.9412066" lon="6.9696498">
      <time>2020-11-25T13:54:04Z</time>
    </trkpt>
    <trkpt lat="50.9412283" lon="6.9694910">
      <time>2020-11-25T13:54:06Z</time>
    </trkpt>
    <trkpt lat="50.9412321" lon="6.9694107">
      <time>2020-11-25T13:54:07Z</time>
    </trkpt>
    <trkpt lat="50.9412437" lon="6.9688978">
      <time>2020-11-25T13:54:14Z</time>
    </trkpt>
    <trkpt lat="50.9412416" lon="6.9688230">
      <time>2020-11-25T13:54:15Z</time>
    </trkpt>
    <trkpt lat="50.9412469" lon="6.9687528">
      <time>2020-11-25T13:54:16Z</time>
    </trkpt>
    <trkpt lat="50.9412628" lon="6.9686069">
      <time>2020-11-25T13:54:18Z</time>
    </trkpt>
    <trkpt lat="50.9412645" lon="6.9685306">
      <time>2020-11-25T13:54:19Z</time>
    </trkpt>
    <trkpt lat="50.9412630" lon="6.9684502">
      <time>2020-11-25T13:54:20Z</time>
    </trkpt>
    <trkpt lat="50.9412587" lon="6.9683055">
      <time>2020-11-25T13:54:22Z</time>
    </trkpt>
    <trkpt lat="50.9412542" lon="6.9681592">
      <time>2020-11-25T13:54:24Z</time>
    </trkpt>
    <trkpt lat="50.9412676" lon="6.9679215">
      <time>2020-11-25T13:54:27Z</time>
    </trkpt>
    <trkpt lat="50.9412697" lon="6.9677637">
      <time>2020-11-25T13:54:29Z</time>
    </trkpt>
    <trkpt lat="50.9412671" lon="6.9676000">
      <time>2020-11-25T13:54:31Z</time>
    </trkpt>
    <trkpt lat="50.9412631" lon="6.9673475">
      <time>2020-11-25T13:54:34Z</time>
    </trkpt>
    <trkpt lat="50.9412637" lon="6.9672687">
      <time>2020-11-25T13:54:35Z</time>
    </trkpt>
    <trkpt lat="50.9412462" lon="6.9668704">
      <time>2020-11-25T13:54:40Z</time>
    </trkpt>
    <trkpt lat="50.9412391" lon="6.9667209">
      <time>2020-11-25T13:54:42Z</time>
    </trkpt>
    <trkpt lat="50.9412381" lon="6.9666487">
      <time>2020-11-25T13:54:43Z</time>
    </trkpt>
    <trkpt lat="50.9412329" lon="6.9665781">
      <time>2020-11-25T13:54:44Z</time>
    </trkpt>
    <trkpt lat="50.9412381" lon="6.9662396">
      <time>2020-11-25T13:54:48Z</time>
    </trkpt>
    <trkpt lat="50.9412396" lon="6.9656436">
      <time>2020-11-25T13:54:54Z</time>
    </trkpt>
    <trkpt lat="50.9412422" lon="6.9650093">
      <time>2020-11-25T13:55:00Z</time>
    </trkpt>
    <trkpt lat="50.9412474" lon="6.9643853">
      <time>2020-11-25T13:55:06Z</time>
    </trkpt>
    <trkpt lat="50.9412532" lon="6.9642844">
      <time>2020-11-25T13:55:07Z</time>
    </trkpt>
    <trkpt lat="50.9412487" lon="6.9638819">
      <time>2020-11-25T13:55:11Z</time>
    </trkpt>
    <trkpt lat="50.9412574" lon="6.9637950">
      <time>2020-11-25T13:55:12Z</time>
    </trkpt>
    <trkpt lat="50.9412557" lon="6.9637005">
      <time>2020-11-25T13:55:13Z</time>
    </trkpt>
    <trkpt lat="50.9412434" lon="6.9634316">
      <time>2020-11-25T13:55:17Z</time>
    </trkpt>
    <trkpt lat="50.9412428" lon="6.9633890">
      <time>2020-11-25T13:55:18Z</time>
    </trkpt>
    <trkpt lat="50.9412532" lon="6.9632307">
      <time>2020-11-25T13:55:21Z</time>
    </trkpt>
    <trkpt lat="50.9412548" lon="6.9629996">
      <time>2020-11-25T13:55:24Z</time>
    </trkpt>
    <trkpt lat="50.9412536" lon="6.9629159">
      <time>2020-11-25T13:55:25Z</time>
    </trkpt>
    <trkpt lat="50.9412307" lon="6.9625456">
      <time>2020-11-25T13:55:29Z</time>
    </trkpt>
    <trkpt lat="50.9412283" lon="6.9624543">
      <time>2020-11-25T13:55:30Z</time>
    </trkpt>
    <trkpt lat="50.9412159" lon="6.9621677">
      <time>2020-11-25T13:55:33Z</time>
    </trkpt>
    <trkpt lat="50.9412182" lon="6.9618639">
      <time>2020-11-25T13:55:36Z</time>
    </trkpt>
    <trkpt lat="50.9412173" lon="6.9615759">
      <time>2020-11-25T13:55:39Z</time>
    </trkpt>
    <trkpt lat="50.9412082" lon="6.9614408">
      <time>2020-11-25T13:55:41Z</time>
    </trkpt>
    <trkpt lat="50.9412132" lon="6.9613634">
      <time>2020-11-25T13:55:44Z</time>
    </trkpt>
    <trkpt lat="50.9411767" lon="6.9612848">
      <time>2020-11-25T13:55:48Z</time>
    </trkpt>
    <trkpt lat="50.9411640" lon="6.9612563">
      <time>2020-11-25T13:55:49Z</time>
    </trkpt>
    <trkpt lat="50.9411469" lon="6.9611231">
      <time>2020-11-25T13:55:52Z</time>
    </trkpt>
    <trkpt lat="50.9411129" lon="6.9609392">
      <time>2020-11-25T13:55:55Z</time>
    </trkpt>
    <trkpt lat="50.9411147" lon="6.9608621">
      <time>2020-11-25T13:55:56Z</time>
    </trkpt>
    <trkpt lat="50.9411154" lon="6.9606873">
      <time>2020-11-25T13:55:58Z</time>
    </trkpt>
    <trkpt lat="50.9411079" lon="6.9605039">
      <time>2020-11-25T13:56:00Z</time>
    </trkpt>
    <trkpt lat="50.9411112" lon="6.9604070">
      <time>2020-11-25T13:56:01Z</time>
    </trkpt>
    <trkpt lat="50.9411153" lon="6.9603090">
      <time>2020-11-25T13:56:02Z</time>
    </trkpt>
    <trkpt lat="50.9411268" lon="6.9601194">
      <time>2020-11-25T13:56:04Z</time>
    </trkpt>
    <trkpt lat="50.9411267" lon="6.9600136">
      <time>2020-11-25T13:56:05Z</time>
    </trkpt>
    <trkpt lat="50.9411236" lon="6.9599087">
      <time>2020-11-25T13:56:06Z</time>
    </trkpt>
    <trkpt lat="50.9410793" lon="6.9597134">
      <time>2020-11-25T13:56:08Z</time>
    </trkpt>
    <trkpt lat="50.9410423" lon="6.9596260">
      <time>2020-11-25T13:56:09Z</time>
    </trkpt>
    <trkpt lat="50.9409979" lon="6.9595478">
      <time>2020-11-25T13:56:10Z</time>
    </trkpt>
    <trkpt lat="50.9408809" lon="6.9594578">
      <time>2020-11-25T13:56:12Z</time>
    </trkpt>
    <trkpt lat="50.9407284" lon="6.9592355">
      <time>2020-11-25T13:56:15Z</time>
    </trkpt>
    <trkpt lat="50.9407439" lon="6.9590386">
      <time>2020-11-25T13:56:17Z</time>
    </trkpt>
    <trkpt lat="50.9407583" lon="6.9589466">
      <time>2020-11-25T13:56:18Z</time>
    </trkpt>
    <trkpt lat="50.9407636" lon="6.9588628">
      <time>2020-11-25T13:56:19Z</time>
    </trkpt>
    <trkpt lat="50.9407857" lon="6.9586409">
      <time>2020-11-25T13:56:21Z</time>
    </trkpt>
    <trkpt lat="50.9407693" lon="6.9581047">
      <time>2020-11-25T13:56:26Z</time>
    </trkpt>
    <trkpt lat="50.9408563" lon="6.9575965">
      <time>2020-11-25T13:56:31Z</time>
    </trkpt>
    <trkpt lat="50.9408539" lon="6.9569839">
      <time>2020-11-25T13:56:37Z</time>
    </trkpt>
    <trkpt lat="50.9408315" lon="6.9565563">
      <time>2020-11-25T13:56:42Z</time>
    </trkpt>
    <trkpt lat="50.9408383" lon="6.9564634">
      <time>2020-11-25T13:56:43Z</time>
    </trkpt>
    <trkpt lat="50.9408217" lon="6.9562003">
      <time>2020-11-25T13:56:46Z</time>
    </trkpt>
    <trkpt lat="50.9408268" lon="6.9561415">
      <time>2020-11-25T13:56:47Z</time>
    </trkpt>
    <trkpt lat="50.9408436" lon="6.9561258">
      <time>2020-11-25T13:56:48Z</time>
    </trkpt>
    <trkpt lat="50.9408571" lon="6.9561245">
      <time>2020-11-25T13:56:49Z</time>
    </trkpt>
    <trkpt lat="50.9409949" lon="6.9561540">
      <time>2020-11-25T13:56:53Z</time>
    </trkpt>
    <trkpt lat="50.9411832" lon="6.9562053">
      <time>2020-11-25T13:56:57Z</time>
    </trkpt>
    <trkpt lat="50.9413816" lon="6.9563181">
      <time>2020-11-25T13:57:02Z</time>
    </trkpt>
    <trkpt lat="50.9414868" lon="6.9563600">
      <time>2020-11-25T13:57:06Z</time>
    </trkpt>
    <trkpt lat="50.9415634" lon="6.9563222">
      <time>2020-11-25T13:57:10Z</time>
    </trkpt>
    <trkpt lat="50.9415734" lon="6.9562818">
      <time>2020-11-25T13:57:11Z</time>
    </trkpt>
    <trkpt lat="50.9415834" lon="6.9562196">
      <time>2020-11-25T13:57:13Z</time>
    </trkpt>
    <trkpt lat="50.9416110" lon="6.9561494">
      <time>2020-11-25T13:57:15Z</time>
    </trkpt>
    <trkpt lat="50.9416542" lon="6.9559208">
      <time>2020-11-25T13:57:19Z</time>
    </trkpt>
    <trkpt lat="50.9415988" lon="6.9557449">
      <time>2020-11-25T13:57:22Z</time>
    </trkpt>
    <trkpt lat="50.9416141" lon="6.9556540">
      <time>2020-11-25T13:57:23Z</time>
    </trkpt>
    <trkpt lat="50.9416396" lon="6.9553871">
      <time>2020-11-25T13:57:26Z</time>
    </trkpt>
    <trkpt lat="50.9416233" lon="6.9552142">
      <time>2020-11-25T13:57:28Z</time>
    </trkpt>
    <trkpt lat="50.9416109" lon="6.9549437">
      <time>2020-11-25T13:57:31Z</time>
    </trkpt>
    <trkpt lat="50.9415750" lon="6.9545568">
      <time>2020-11-25T13:57:35Z</time>
    </trkpt>
    <trkpt lat="50.9415313" lon="6.9536479">
      <time>2020-11-25T13:57:45Z</time>
    </trkpt>
    <trkpt lat="50.9415244" lon="6.9535700">
      <time>2020-11-25T13:57:46Z</time>
    </trkpt>
    <trkpt lat="50.9415101" lon="6.9533426">
      <time>2020-11-25T13:57:49Z</time>
    </trkpt>
    <trkpt lat="50.9415116" lon="6.9532038">
      <time>2020-11-25T13:57:52Z</time>
    </trkpt>
    <trkpt lat="50.9415143" lon="6.9531827">
      <time>2020-11-25T13:57:53Z</time>
    </trkpt>
    <trkpt lat="50.9415138" lon="6.9531760">
      <time>2020-11-25T13:57:56Z</time>
    </trkpt>
    <trkpt lat="50.9415138" lon="6.9531760">
      <time>2020-11-25T13:57:57Z</time>
    </trkpt>
    <trkpt lat="50.9415144" lon="6.9531374">
      <time>2020-11-25T13:58:28Z</time>
    </trkpt>
    <trkpt lat="50.9415158" lon="6.9530929">
      <time>2020-11-25T13:58:29Z</time>
    </trkpt>
    <trkpt lat="50.9415156" lon="6.9530388">
      <time>2020-11-25T13:58:30Z</time>
    </trkpt>
    <trkpt lat="50.9414833" lon="6.9526880">
      <time>2020-11-25T13:58:35Z</time>
    </trkpt>
    <trkpt lat="50.9414556" lon="6.9521727">
      <time>2020-11-25T13:58:40Z</time>
    </trkpt>
    <trkpt lat="50.9414526" lon="6.9517693">
      <time>2020-11-25T13:58:43Z</time>
    </trkpt>
    <trkpt lat="50.9414593" lon="6.9516254">
      <time>2020-11-25T13:58:44Z</time>
    </trkpt>
    <trkpt lat="50.9414526" lon="6.9510340">
      <time>2020-11-25T13:58:48Z</time>
    </trkpt>
    <trkpt lat="50.9414549" lon="6.9507857">
      <time>2020-11-25T13:58:50Z</time>
    </trkpt>
    <trkpt lat="50.9414407" lon="6.9503481">
      <time>2020-11-25T13:58:53Z</time>
    </trkpt>
    <trkpt lat="50.9414191" lon="6.9499450">
      <time>2020-11-25T13:58:56Z</time>
    </trkpt>
    <trkpt lat="50.9413323" lon="6.9492125">
      <time>2020-11-25T13:59:02Z</time>
    </trkpt>
    <trkpt lat="50.9413137" lon="6.9490578">
      <time>2020-11-25T13:59:03Z</time>
    </trkpt>
    <trkpt lat="50.9412698" lon="6.9485110">
      <time>2020-11-25T13:59:07Z</time>
    </trkpt>
    <trkpt lat="50.9412136" lon="6.9479770">
      <time>2020-11-25T13:59:11Z</time>
    </trkpt>
    <trkpt lat="50.9411603" lon="6.9477439">
      <time>2020-11-25T13:59:13Z</time>
    </trkpt>
    <trkpt lat="50.9411089" lon="6.9474877">
      <time>2020-11-25T13:59:15Z</time>
    </trkpt>
    <trkpt lat="50.9411212" lon="6.9471988">
      <time>2020-11-25T13:59:17Z</time>
    </trkpt>
    <trkpt lat="50.9411381" lon="6.9469540">
      <time>2020-11-25T13:59:19Z</time>
    </trkpt>
    <trkpt lat="50.9411153" lon="6.9466836">
      <time>2020-11-25T13:59:21Z</time>
    </trkpt>
    <trkpt lat="50.9410086" lon="6.9461837">
      <time>2020-11-25T13:59:25Z</time>
    </trkpt>
    <trkpt lat="50.9409242" lon="6.9459568">
      <time>2020-11-25T13:59:27Z</time>
    </trkpt>
    <trkpt lat="50.9407032" lon="6.9455440">
      <time>2020-11-25T13:59:31Z</time>
    </trkpt>
    <trkpt lat="50.9406461" lon="6.9454521">
      <time>2020-11-25T13:59:32Z</time>
    </trkpt>
    <trkpt lat="50.9403597" lon="6.9448087">
      <time>2020-11-25T13:59:38Z</time>
    </trkpt>
    <trkpt lat="50.9403182" lon="6.9446925">
      <time>2020-11-25T13:59:39Z</time>
    </trkpt>
    <trkpt lat="50.9402603" lon="6.9444434">
      <time>2020-11-25T13:59:41Z</time>
    </trkpt>
    <trkpt lat="50.9402143" lon="6.9441976">
      <time>2020-11-25T13:59:43Z</time>
    </trkpt>
    <trkpt lat="50.9401881" lon="6.9440768">
      <time>2020-11-25T13:59:44Z</time>
    </trkpt>
    <trkpt lat="50.9401333" lon="6.9438446">
      <time>2020-11-25T13:59:46Z</time>
    </trkpt>
    <trkpt lat="50.9400892" lon="6.9436060">
      <time>2020-11-25T13:59:48Z</time>
    </trkpt>
    <trkpt lat="50.9400607" lon="6.9433445">
      <time>2020-11-25T13:59:50Z</time>
    </trkpt>
    <trkpt lat="50.9400533" lon="6.9430580">
      <time>2020-11-25T13:59:52Z</time>
    </trkpt>
    <trkpt lat="50.9400555" lon="6.9429240">
      <time>2020-11-25T13:59:53Z</time>
    </trkpt>
    <trkpt lat="50.9400578" lon="6.9426494">
      <time>2020-11-25T13:59:55Z</time>
    </trkpt>
    <trkpt lat="50.9400901" lon="6.9422259">
      <time>2020-11-25T13:59:58Z</time>
    </trkpt>
    <trkpt lat="50.9401370" lon="6.9419469">
      <time>2020-11-25T14:00:00Z</time>
    </trkpt>
    <trkpt lat="50.9401953" lon="6.9416790">
      <time>2020-11-25T14:00:02Z</time>
    </trkpt>
    <trkpt lat="50.9402818" lon="6.9412880">
      <time>2020-11-25T14:00:05Z</time>
    </trkpt>
    <trkpt lat="50.9404447" lon="6.9407178">
      <time>2020-11-25T14:00:10Z</time>
    </trkpt>
    <trkpt lat="50.9404957" lon="6.9405286">
      <time>2020-11-25T14:00:12Z</time>
    </trkpt>
    <trkpt lat="50.9405160" lon="6.9403747">
      <time>2020-11-25T14:00:14Z</time>
    </trkpt>
    <trkpt lat="50.9405326" lon="6.9402429">
      <time>2020-11-25T14:00:18Z</time>
    </trkpt>
    <trkpt lat="50.9405377" lon="6.9402417">
      <time>2020-11-25T14:00:22Z</time>
    </trkpt>
    <trkpt lat="50.9405377" lon="6.9402417">
      <time>2020-11-25T14:00:23Z</time>
    </trkpt>
    <trkpt lat="50.9405421" lon="6.9402057">
      <time>2020-11-25T14:01:11Z</time>
    </trkpt>
    <trkpt lat="50.9405465" lon="6.9401633">
      <time>2020-11-25T14:01:12Z</time>
    </trkpt>
    <trkpt lat="50.9405497" lon="6.9401111">
      <time>2020-11-25T14:01:13Z</time>
    </trkpt>
    <trkpt lat="50.9405762" lon="6.9397574">
      <time>2020-11-25T14:01:18Z</time>
    </trkpt>
    <trkpt lat="50.9405808" lon="6.9396669">
      <time>2020-11-25T14:01:19Z</time>
    </trkpt>
    <trkpt lat="50.9405978" lon="6.9392698">
      <time>2020-11-25T14:01:23Z</time>
    </trkpt>
    <trkpt lat="50.9406219" lon="6.9390561">
      <time>2020-11-25T14:01:25Z</time>
    </trkpt>
    <trkpt lat="50.9406756" lon="6.9387223">
      <time>2020-11-25T14:01:28Z</time>
    </trkpt>
    <trkpt lat="50.9407883" lon="6.9382794">
      <time>2020-11-25T14:01:32Z</time>
    </trkpt>
    <trkpt lat="50.9408318" lon="6.9381791">
      <time>2020-11-25T14:01:33Z</time>
    </trkpt>
    <trkpt lat="50.9409367" lon="6.9379840">
      <time>2020-11-25T14:01:35Z</time>
    </trkpt>
    <trkpt lat="50.9410364" lon="6.9378222">
      <time>2020-11-25T14:01:37Z</time>
    </trkpt>
    <trkpt lat="50.9412272" lon="6.9374805">
      <time>2020-11-25T14:01:41Z</time>
    </trkpt>
    <trkpt lat="50.9412754" lon="6.9373886">
      <time>2020-11-25T14:01:42Z</time>
    </trkpt>
    <trkpt lat="50.9415441" lon="6.9368381">
      <time>2020-11-25T14:01:48Z</time>
    </trkpt>
    <trkpt lat="50.9415887" lon="6.9367425">
      <time>2020-11-25T14:01:49Z</time>
    </trkpt>
    <trkpt lat="50.9417266" lon="6.9364503">
      <time>2020-11-25T14:01:52Z</time>
    </trkpt>
    <trkpt lat="50.9418983" lon="6.9361892">
      <time>2020-11-25T14:01:55Z</time>
    </trkpt>
    <trkpt lat="50.9420497" lon="6.9358858">
      <time>2020-11-25T14:01:58Z</time>
    </trkpt>
    <trkpt lat="50.9421550" lon="6.9356930">
      <time>2020-11-25T14:02:00Z</time>
    </trkpt>
    <trkpt lat="50.9423591" lon="6.9353471">
      <time>2020-11-25T14:02:04Z</time>
    </trkpt>
    <trkpt lat="50.9425125" lon="6.9350802">
      <time>2020-11-25T14:02:07Z</time>
    </trkpt>
    <trkpt lat="50.9428046" lon="6.9345404">
      <time>2020-11-25T14:02:13Z</time>
    </trkpt>
    <trkpt lat="50.9428542" lon="6.9344527">
      <time>2020-11-25T14:02:14Z</time>
    </trkpt>
    <trkpt lat="50.9430385" lon="6.9340205">
      <time>2020-11-25T14:02:19Z</time>
    </trkpt>
    <trkpt lat="50.9431428" lon="6.9335909">
      <time>2020-11-25T14:02:23Z</time>
    </trkpt>
    <trkpt lat="50.9431704" lon="6.9334997">
      <time>2020-11-25T14:02:24Z</time>
    </trkpt>
    <trkpt lat="50.9432186" lon="6.9333965">
      <time>2020-11-25T14:02:25Z</time>
    </trkpt>
    <trkpt lat="50.9433514" lon="6.9332601">
      <time>2020-11-25T14:02:27Z</time>
    </trkpt>
    <trkpt lat="50.9436132" lon="6.9328646">
      <time>2020-11-25T14:02:32Z</time>
    </trkpt>
    <trkpt lat="50.9438045" lon="6.9324432">
      <time>2020-11-25T14:02:37Z</time>
    </trkpt>
    <trkpt lat="50.9438345" lon="6.9323649">
      <time>2020-11-25T14:02:38Z</time>
    </trkpt>
    <trkpt lat="50.9438952" lon="6.9322062">
      <time>2020-11-25T14:02:40Z</time>
    </trkpt>
    <trkpt lat="50.9440198" lon="6.9318548">
      <time>2020-11-25T14:02:44Z</time>
    </trkpt>
    <trkpt lat="50.9441555" lon="6.9316355">
      <time>2020-11-25T14:02:47Z</time>
    </trkpt>
    <trkpt lat="50.9441930" lon="6.9315535">
      <time>2020-11-25T14:02:48Z</time>
    </trkpt>
    <trkpt lat="50.9442247" lon="6.9314613">
      <time>2020-11-25T14:02:49Z</time>
    </trkpt>
    <trkpt lat="50.9443181" lon="6.9311801">
      <time>2020-11-25T14:02:52Z</time>
    </trkpt>
    <trkpt lat="50.9443532" lon="6.9310995">
      <time>2020-11-25T14:02:53Z</time>
    </trkpt>
    <trkpt lat="50.9445965" lon="6.9304624">
      <time>2020-11-25T14:03:00Z</time>
    </trkpt>
    <trkpt lat="50.9448007" lon="6.9297741">
      <time>2020-11-25T14:03:07Z</time>
    </trkpt>
    <trkpt lat="50.9449823" lon="6.9292278">
      <time>2020-11-25T14:03:13Z</time>
    </trkpt>
    <trkpt lat="50.9450118" lon="6.9291329">
      <time>2020-11-25T14:03:14Z</time>
    </trkpt>
    <trkpt lat="50.9450931" lon="6.9288501">
      <time>2020-11-25T14:03:18Z</time>
    </trkpt>
    <trkpt lat="50.9451110" lon="6.9287926">
      <time>2020-11-25T14:03:20Z</time>
    </trkpt>
    <trkpt lat="50.9451140" lon="6.9287869">
      <time>2020-11-25T14:03:21Z</time>
    </trkpt>
    <trkpt lat="50.9451140" lon="6.9287869">
      <time>2020-11-25T14:03:23Z</time>
    </trkpt>
    <trkpt lat="50.9451080" lon="6.9287613">
      <time>2020-11-25T14:03:54Z</time>
    </trkpt>
    <trkpt lat="50.9450990" lon="6.9287405">
      <time>2020-11-25T14:03:55Z</time>
    </trkpt>
    <trkpt lat="50.9450709" lon="6.9286966">
      <time>2020-11-25T14:04:00Z</time>
    </trkpt>
    <trkpt lat="50.9450652" lon="6.9286007">
      <time>2020-11-25T14:04:44Z</time>
    </trkpt>
    <trkpt lat="50.9450698" lon="6.9285451">
      <time>2020-11-25T14:04:45Z</time>
    </trkpt>
    <trkpt lat="50.9451137" lon="6.9283491">
      <time>2020-11-25T14:04:48Z</time>
    </trkpt>
    <trkpt lat="50.9451653" lon="6.9281858">
      <time>2020-11-25T14:04:50Z</time>
    </trkpt>
    <trkpt lat="50.9452402" lon="6.9280067">
      <time>2020-11-25T14:04:52Z</time>
    </trkpt>
    <trkpt lat="50.9453890" lon="6.9275007">
      <time>2020-11-25T14:04:57Z</time>
    </trkpt>
    <trkpt lat="50.9454184" lon="6.9273958">
      <time>2020-11-25T14:04:58Z</time>
    </trkpt>
    <trkpt lat="50.9455568" lon="6.9270113">
      <time>2020-11-25T14:05:02Z</time>
    </trkpt>
    <trkpt lat="50.9455972" lon="6.9269088">
      <time>2020-11-25T14:05:03Z</time>
    </trkpt>
    <trkpt lat="50.9457537" lon="6.9264887">
      <time>2020-11-25T14:05:07Z</time>
    </trkpt>
    <trkpt lat="50.9458403" lon="6.9262636">
      <time>2020-11-25T14:05:09Z</time>
    </trkpt>
    <trkpt lat="50.9459697" lon="6.9258907">
      <time>2020-11-25T14:05:12Z</time>
    </trkpt>
    <trkpt lat="50.9460520" lon="6.9256405">
      <time>2020-11-25T14:05:14Z</time>
    </trkpt>
    <trkpt lat="50.9461557" lon="6.9254330">
      <time>2020-11-25T14:05:16Z</time>
    </trkpt>
    <trkpt lat="50.9462626" lon="6.9252138">
      <time>2020-11-25T14:05:18Z</time>
    </trkpt>
    <trkpt lat="50.9465270" lon="6.9245900">
      <time>2020-11-25T14:05:23Z</time>
    </trkpt>
    <trkpt lat="50.9466768" lon="6.9242319">
      <time>2020-11-25T14:05:26Z</time>
    </trkpt>
    <trkpt lat="50.9467746" lon="6.9239904">
      <time>2020-11-25T14:05:28Z</time>
    </trkpt>
    <trkpt lat="50.9470628" lon="6.9232664">
      <time>2020-11-25T14:05:34Z</time>
    </trkpt>
    <trkpt lat="50.9471479" lon="6.9230276">
      <time>2020-11-25T14:05:36Z</time>
    </trkpt>
    <trkpt lat="50.9473829" lon="6.9224449">
      <time>2020-11-25T14:05:41Z</time>
    </trkpt>
    <trkpt lat="50.9476733" lon="6.9217794">
      <time>2020-11-25T14:05:47Z</time>
    </trkpt>
    <trkpt lat="50.9479349" lon="6.9211575">
      <time>2020-11-25T14:05:53Z</time>
    </trkpt>
    <trkpt lat="50.9481458" lon="6.9206275">
      <time>2020-11-25T14:05:58Z</time>
    </trkpt>
    <trkpt lat="50.9482227" lon="6.9204272">
      <time>2020-11-25T14:06:00Z</time>
    </trkpt>
    <trkpt lat="50.9483412" lon="6.9201542">
      <time>2020-11-25T14:06:03Z</time>
    </trkpt>
    <trkpt lat="50.9483767" lon="6.9200548">
      <time>2020-11-25T14:06:04Z</time>
    </trkpt>
    <trkpt lat="50.9486413" lon="6.9194285">
      <time>2020-11-25T14:06:10Z</time>
    </trkpt>
    <trkpt lat="50.9488233" lon="6.9189819">
      <time>2020-11-25T14:06:14Z</time>
    </trkpt>
    <trkpt lat="50.9489114" lon="6.9187498">
      <time>2020-11-25T14:06:16Z</time>
    </trkpt>
    <trkpt lat="50.9491057" lon="6.9183081">
      <time>2020-11-25T14:06:20Z</time>
    </trkpt>
    <trkpt lat="50.9491608" lon="6.9182089">
      <time>2020-11-25T14:06:21Z</time>
    </trkpt>
    <trkpt lat="50.9492727" lon="6.9180169">
      <time>2020-11-25T14:06:23Z</time>
    </trkpt>
    <trkpt lat="50.9493869" lon="6.9178403">
      <time>2020-11-25T14:06:25Z</time>
    </trkpt>
    <trkpt lat="50.9494433" lon="6.9177614">
      <time>2020-11-25T14:06:26Z</time>
    </trkpt>
    <trkpt lat="50.9494945" lon="6.9176822">
      <time>2020-11-25T14:06:27Z</time>
    </trkpt>
    <trkpt lat="50.9496499" lon="6.9174680">
      <time>2020-11-25T14:06:30Z</time>
    </trkpt>
    <trkpt lat="50.9499370" lon="6.9169803">
      <time>2020-11-25T14:06:36Z</time>
    </trkpt>
    <trkpt lat="50.9500379" lon="6.9168421">
      <time>2020-11-25T14:06:38Z</time>
    </trkpt>
    <trkpt lat="50.9501629" lon="6.9166996">
      <time>2020-11-25T14:06:41Z</time>
    </trkpt>
    <trkpt lat="50.9503036" lon="6.9165486">
      <time>2020-11-25T14:06:45Z</time>
    </trkpt>
    <trkpt lat="50.9503981" lon="6.9164147">
      <time>2020-11-25T14:06:48Z</time>
    </trkpt>
    <trkpt lat="50.9504733" lon="6.9162917">
      <time>2020-11-25T14:06:50Z</time>
    </trkpt>
    <trkpt lat="50.9505638" lon="6.9161534">
      <time>2020-11-25T14:06:52Z</time>
    </trkpt>
    <trkpt lat="50.9506084" lon="6.9160771">
      <time>2020-11-25T14:06:53Z</time>
    </trkpt>
    <trkpt lat="50.9506932" lon="6.9159194">
      <time>2020-11-25T14:06:55Z</time>
    </trkpt>
    <trkpt lat="50.9507738" lon="6.9157936">
      <time>2020-11-25T14:06:57Z</time>
    </trkpt>
    <trkpt lat="50.9508781" lon="6.9156286">
      <time>2020-11-25T14:07:01Z</time>
    </trkpt>
    <trkpt lat="50.9509242" lon="6.9155605">
      <time>2020-11-25T14:07:05Z</time>
    </trkpt>
    <trkpt lat="50.9509266" lon="6.9155602">
      <time>2020-11-25T14:07:08Z</time>
    </trkpt>
    <trkpt lat="50.9509479" lon="6.9155116">
      <time>2020-11-25T14:07:15Z</time>
    </trkpt>
    <trkpt lat="50.9509674" lon="6.9154793">
      <time>2020-11-25T14:07:16Z</time>
    </trkpt>
    <trkpt lat="50.9510848" lon="6.9152746">
      <time>2020-11-25T14:07:20Z</time>
    </trkpt>
    <trkpt lat="50.9512072" lon="6.9150898">
      <time>2020-11-25T14:07:23Z</time>
    </trkpt>
    <trkpt lat="50.9512978" lon="6.9149750">
      <time>2020-11-25T14:07:25Z</time>
    </trkpt>
    <trkpt lat="50.9513428" lon="6.9149112">
      <time>2020-11-25T14:07:26Z</time>
    </trkpt>
    <trkpt lat="50.9514981" lon="6.9146395">
      <time>2020-11-25T14:07:29Z</time>
    </trkpt>
    <trkpt lat="50.9517068" lon="6.9143701">
      <time>2020-11-25T14:07:33Z</time>
    </trkpt>
    <trkpt lat="50.9518034" lon="6.9142197">
      <time>2020-11-25T14:07:35Z</time>
    </trkpt>
    <trkpt lat="50.9518977" lon="6.9140673">
      <time>2020-11-25T14:07:37Z</time>
    </trkpt>
    <trkpt lat="50.9522259" lon="6.9135350">
      <time>2020-11-25T14:07:44Z</time>
    </trkpt>
    <trkpt lat="50.9525114" lon="6.9130829">
      <time>2020-11-25T14:07:50Z</time>
    </trkpt>
    <trkpt lat="50.9528231" lon="6.9125962">
      <time>2020-11-25T14:07:56Z</time>
    </trkpt>
    <trkpt lat="50.9529800" lon="6.9123390">
      <time>2020-11-25T14:07:59Z</time>
    </trkpt>
    <trkpt lat="50.9531988" lon="6.9119991">
      <time>2020-11-25T14:08:03Z</time>
    </trkpt>
    <trkpt lat="50.9534667" lon="6.9115946">
      <time>2020-11-25T14:08:08Z</time>
    </trkpt>
    <trkpt lat="50.9536341" lon="6.9113317">
      <time>2020-11-25T14:08:11Z</time>
    </trkpt>
    <trkpt lat="50.9539221" lon="6.9108972">
      <time>2020-11-25T14:08:16Z</time>
    </trkpt>
    <trkpt lat="50.9539774" lon="6.9108134">
      <time>2020-11-25T14:08:17Z</time>
    </trkpt>
    <trkpt lat="50.9542294" lon="6.9104044">
      <time>2020-11-25T14:08:22Z</time>
    </trkpt>
    <trkpt lat="50.9543811" lon="6.9101354">
      <time>2020-11-25T14:08:26Z</time>
    </trkpt>
    <trkpt lat="50.9544747" lon="6.9098976">
      <time>2020-11-25T14:08:29Z</time>
    </trkpt>
    <trkpt lat="50.9545285" lon="6.9097465">
      <time>2020-11-25T14:08:31Z</time>
    </trkpt>
    <trkpt lat="50.9546310" lon="6.9094412">
      <time>2020-11-25T14:08:34Z</time>
    </trkpt>
    <trkpt lat="50.9546626" lon="6.9093629">
      <time>2020-11-25T14:08:35Z</time>
    </trkpt>
    <trkpt lat="50.9548322" lon="6.9088536">
      <time>2020-11-25T14:08:40Z</time>
    </trkpt>
    <trkpt lat="50.9548952" lon="6.9086497">
      <time>2020-11-25T14:08:42Z</time>
    </trkpt>
    <trkpt lat="50.9551309" lon="6.9079367">
      <time>2020-11-25T14:08:49Z</time>
    </trkpt>
    <trkpt lat="50.9553237" lon="6.9073136">
      <time>2020-11-25T14:08:55Z</time>
    </trkpt>
    <trkpt lat="50.9555141" lon="6.9067598">
      <time>2020-11-25T14:09:01Z</time>
    </trkpt>
    <trkpt lat="50.9555448" lon="6.9066935">
      <time>2020-11-25T14:09:02Z</time>
    </trkpt>
    <trkpt lat="50.9556110" lon="6.9065467">
      <time>2020-11-25T14:09:05Z</time>
    </trkpt>
    <trkpt lat="50.9556124" lon="6.9065111">
      <time>2020-11-25T14:09:06Z</time>
    </trkpt>
    <trkpt lat="50.9556779" lon="6.9063052">
      <time>2020-11-25T14:09:10Z</time>
    </trkpt>
    <trkpt lat="50.9557247" lon="6.9061748">
      <time>2020-11-25T14:09:12Z</time>
    </trkpt>
    <trkpt lat="50.9557900" lon="6.9059709">
      <time>2020-11-25T14:09:15Z</time>
    </trkpt>
    <trkpt lat="50.9558470" lon="6.9058245">
      <time>2020-11-25T14:09:17Z</time>
    </trkpt>
    <trkpt lat="50.9559517" lon="6.9056088">
      <time>2020-11-25T14:09:20Z</time>
    </trkpt>
    <trkpt lat="50.9560489" lon="6.9053909">
      <time>2020-11-25T14:09:23Z</time>
    </trkpt>
    <trkpt lat="50.9561038" lon="6.9052262">
      <time>2020-11-25T14:09:25Z</time>
    </trkpt>
    <trkpt lat="50.9561579" lon="6.9050496">
      <time>2020-11-25T14:09:27Z</time>
    </trkpt>
    <trkpt lat="50.9562564" lon="6.9046860">
      <time>2020-11-25T14:09:31Z</time>
    </trkpt>
    <trkpt lat="50.9565283" lon="6.9038475">
      <time>2020-11-25T14:09:41Z</time>
    </trkpt>
    <trkpt lat="50.9565792" lon="6.9036882">
      <time>2020-11-25T14:09:43Z</time>
    </trkpt>
    <trkpt lat="50.9566294" lon="6.9035611">
      <time>2020-11-25T14:09:45Z</time>
    </trkpt>
    <trkpt lat="50.9567729" lon="6.9031384">
      <time>2020-11-25T14:09:51Z</time>
    </trkpt>
    <trkpt lat="50.9569718" lon="6.9025128">
      <time>2020-11-25T14:10:00Z</time>
    </trkpt>
    <trkpt lat="50.9570003" lon="6.9023626">
      <time>2020-11-25T14:10:03Z</time>
    </trkpt>
    <trkpt lat="50.9570241" lon="6.9022627">
      <time>2020-11-25T14:10:05Z</time>
    </trkpt>
    <trkpt lat="50.9571167" lon="6.9018789">
      <time>2020-11-25T14:10:12Z</time>
    </trkpt>
    <trkpt lat="50.9571517" lon="6.9017330">
      <time>2020-11-25T14:10:14Z</time>
    </trkpt>
    <trkpt lat="50.9572254" lon="6.9015022">
      <time>2020-11-25T14:10:17Z</time>
    </trkpt>
    <trkpt lat="50.9573999" lon="6.9009797">
      <time>2020-11-25T14:10:24Z</time>
    </trkpt>
    <trkpt lat="50.9574372" lon="6.9008716">
      <time>2020-11-25T14:10:28Z</time>
    </trkpt>
    <trkpt lat="50.9574452" lon="6.9008365">
      <time>2020-11-25T14:10:31Z</time>
    </trkpt>
    <trkpt lat="50.9574736" lon="6.9007788">
      <time>2020-11-25T14:10:33Z</time>
    </trkpt>
    <trkpt lat="50.9575924" lon="6.9005557">
      <time>2020-11-25T14:10:38Z</time>
    </trkpt>
    <trkpt lat="50.9577445" lon="6.9002042">
      <time>2020-11-25T14:10:43Z</time>
    </trkpt>
    <trkpt lat="50.9578177" lon="6.9000425">
      <time>2020-11-25T14:10:45Z</time>
    </trkpt>
    <trkpt lat="50.9578971" lon="6.8998772">
      <time>2020-11-25T14:10:47Z</time>
    </trkpt>
    <trkpt lat="50.9579679" lon="6.8997026">
      <time>2020-11-25T14:10:49Z</time>
    </trkpt>
    <trkpt lat="50.9582009" lon="6.8992414">
      <time>2020-11-25T14:10:55Z</time>
    </trkpt>
    <trkpt lat="50.9585056" lon="6.8985832">
      <time>2020-11-25T14:11:03Z</time>
    </trkpt>
    <trkpt lat="50.9587830" lon="6.8979274">
      <time>2020-11-25T14:11:11Z</time>
    </trkpt>
    <trkpt lat="50.9589403" lon="6.8976118">
      <time>2020-11-25T14:11:15Z</time>
    </trkpt>
    <trkpt lat="50.9590953" lon="6.8973105">
      <time>2020-11-25T14:11:19Z</time>
    </trkpt>
    <trkpt lat="50.9593933" lon="6.8966499">
      <time>2020-11-25T14:11:27Z</time>
    </trkpt>
    <trkpt lat="50.9597420" lon="6.8959198">
      <time>2020-11-25T14:11:36Z</time>
    </trkpt>
    <trkpt lat="50.9599389" lon="6.8955092">
      <time>2020-11-25T14:11:41Z</time>
    </trkpt>
    <trkpt lat="50.9600564" lon="6.8952542">
      <time>2020-11-25T14:11:44Z</time>
    </trkpt>
    <trkpt lat="50.9604135" lon="6.8945471">
      <time>2020-11-25T14:11:53Z</time>
    </trkpt>
    <trkpt lat="50.9605687" lon="6.8942268">
      <time>2020-11-25T14:11:57Z</time>
    </trkpt>
    <trkpt lat="50.9606500" lon="6.8940470">
      <time>2020-11-25T14:11:59Z</time>
    </trkpt>
    <trkpt lat="50.9607047" lon="6.8938735">
      <time>2020-11-25T14:12:01Z</time>
    </trkpt>
    <trkpt lat="50.9607377" lon="6.8937937">
      <time>2020-11-25T14:12:02Z</time>
    </trkpt>
    <trkpt lat="50.9608603" lon="6.8935962">
      <time>2020-11-25T14:12:05Z</time>
    </trkpt>
    <trkpt lat="50.9609787" lon="6.8934916">
      <time>2020-11-25T14:12:07Z</time>
    </trkpt>
    <trkpt lat="50.9610591" lon="6.8933793">
      <time>2020-11-25T14:12:09Z</time>
    </trkpt>
    <trkpt lat="50.9612574" lon="6.8929711">
      <time>2020-11-25T14:12:15Z</time>
    </trkpt>
    <trkpt lat="50.9612580" lon="6.8929307">
      <time>2020-11-25T14:12:16Z</time>
    </trkpt>
    <trkpt lat="50.9611763" lon="6.8928433">
      <time>2020-11-25T14:12:19Z</time>
    </trkpt>
    <trkpt lat="50.9610706" lon="6.8927064">
      <time>2020-11-25T14:12:23Z</time>
    </trkpt>
    <trkpt lat="50.9610279" lon="6.8925445">
      <time>2020-11-25T14:12:27Z</time>
    </trkpt>
    <trkpt lat="50.9609172" lon="6.8923506">
      <time>2020-11-25T14:12:32Z</time>
    </trkpt>
    <trkpt lat="50.9608769" lon="6.8922688">
      <time>2020-11-25T14:12:34Z</time>
    </trkpt>
    <trkpt lat="50.9607077" lon="6.8919470">
      <time>2020-11-25T14:12:41Z</time>
    </trkpt>
    <trkpt lat="50.9606530" lon="6.8918161">
      <time>2020-11-25T14:12:43Z</time>
    </trkpt>
    <trkpt lat="50.9605535" lon="6.8916212">
      <time>2020-11-25T14:12:46Z</time>
    </trkpt>
    <trkpt lat="50.9603563" lon="6.8912136">
      <time>2020-11-25T14:12:52Z</time>
    </trkpt>
    <trkpt lat="50.9602128" lon="6.8909516">
      <time>2020-11-25T14:12:56Z</time>
    </trkpt>
    <trkpt lat="50.9601685" lon="6.8907820">
      <time>2020-11-25T14:12:58Z</time>
    </trkpt>
    <trkpt lat="50.9601276" lon="6.8905111">
      <time>2020-11-25T14:13:01Z</time>
    </trkpt>
    <trkpt lat="50.9601115" lon="6.8902158">
      <time>2020-11-25T14:13:04Z</time>
    </trkpt>
    <trkpt lat="50.9601188" lon="6.8901125">
      <time>2020-11-25T14:13:05Z</time>
    </trkpt>
    <trkpt lat="50.9601791" lon="6.8896774">
      <time>2020-11-25T14:13:09Z</time>
    </trkpt>
    <trkpt lat="50.9602247" lon="6.8893963">
      <time>2020-11-25T14:13:12Z</time>
    </trkpt>
    <trkpt lat="50.9602612" lon="6.8892050">
      <time>2020-11-25T14:13:16Z</time>
    </trkpt>
    <trkpt lat="50.9604070" lon="6.8883480">
      <time>2020-11-25T14:13:22Z</time>
    </trkpt>
    <trkpt lat="50.9604097" lon="6.8879767">
      <time>2020-11-25T14:13:26Z</time>
    </trkpt>
    <trkpt lat="50.9603941" lon="6.8879160">
      <time>2020-11-25T14:13:27Z</time>
    </trkpt>
    <trkpt lat="50.9603645" lon="6.8877536">
      <time>2020-11-25T14:13:29Z</time>
    </trkpt>
    <trkpt lat="50.9603214" lon="6.8874540">
      <time>2020-11-25T14:13:33Z</time>
    </trkpt>
    <trkpt lat="50.9602360" lon="6.8869690">
      <time>2020-11-25T14:13:39Z</time>
    </trkpt>
    <trkpt lat="50.9601257" lon="6.8865898">
      <time>2020-11-25T14:13:44Z</time>
    </trkpt>
    <trkpt lat="50.9600661" lon="6.8864193">
      <time>2020-11-25T14:13:46Z</time>
    </trkpt>
    <trkpt lat="50.9598877" lon="6.8860361">
      <time>2020-11-25T14:13:52Z</time>
    </trkpt>
    <trkpt lat="50.9598802" lon="6.8859878">
      <time>2020-11-25T14:13:53Z</time>
    </trkpt>
    <trkpt lat="50.9598902" lon="6.8859521">
      <time>2020-11-25T14:13:54Z</time>
    </trkpt>
    <trkpt lat="50.9599414" lon="6.8858946">
      <time>2020-11-25T14:13:56Z</time>
    </trkpt>
    <trkpt lat="50.9600784" lon="6.8858374">
      <time>2020-11-25T14:14:01Z</time>
    </trkpt>
    <trkpt lat="50.9602680" lon="6.8857620">
      <time>2020-11-25T14:14:07Z</time>
    </trkpt>
    <trkpt lat="50.9604604" lon="6.8857202">
      <time>2020-11-25T14:14:12Z</time>
    </trkpt>
    <trkpt lat="50.9607960" lon="6.8856553">
      <time>2020-11-25T14:14:18Z</time>
    </trkpt>
    <trkpt lat="50.9611632" lon="6.8855635">
      <time>2020-11-25T14:14:24Z</time>
    </trkpt>
    <trkpt lat="50.9612198" lon="6.8855296">
      <time>2020-11-25T14:14:25Z</time>
    </trkpt>
    <trkpt lat="50.9613746" lon="6.8854070">
      <time>2020-11-25T14:14:28Z</time>
    </trkpt>
    <trkpt lat="50.9615228" lon="6.8852548">
      <time>2020-11-25T14:14:31Z</time>
    </trkpt>
    <trkpt lat="50.9616829" lon="6.8851247">
      <time>2020-11-25T14:14:34Z</time>
    </trkpt>
    <trkpt lat="50.9617946" lon="6.8850642">
      <time>2020-11-25T14:14:36Z</time>
    </trkpt>
    <trkpt lat="50.9618489" lon="6.8850356">
      <time>2020-11-25T14:14:37Z</time>
    </trkpt>
    <trkpt lat="50.9619008" lon="6.8850052">
      <time>2020-11-25T14:14:38Z</time>
    </trkpt>
    <trkpt lat="50.9619428" lon="6.8849584">
      <time>2020-11-25T14:14:39Z</time>
    </trkpt>
    <trkpt lat="50.9619761" lon="6.8848921">
      <time>2020-11-25T14:14:40Z</time>
    </trkpt>
    <trkpt lat="50.9620127" lon="6.8847413">
      <time>2020-11-25T14:14:42Z</time>
    </trkpt>
    <trkpt lat="50.9620170" lon="6.8846574">
      <time>2020-11-25T14:14:43Z</time>
    </trkpt>
    <trkpt lat="50.9620332" lon="6.8844079">
      <time>2020-11-25T14:14:46Z</time>
    </trkpt>
    <trkpt lat="50.9620585" lon="6.8841473">
      <time>2020-11-25T14:14:49Z</time>
    </trkpt>
    <trkpt lat="50.9620659" lon="6.8840639">
      <time>2020-11-25T14:14:50Z</time>
    </trkpt>
    <trkpt lat="50.9621029" lon="6.8834652">
      <time>2020-11-25T14:14:56Z</time>
    </trkpt>
    <trkpt lat="50.9621529" lon="6.8830719">
      <time>2020-11-25T14:15:00Z</time>
    </trkpt>
    <trkpt lat="50.9621802" lon="6.8828815">
      <time>2020-11-25T14:15:02Z</time>
    </trkpt>
    <trkpt lat="50.9622305" lon="6.8825690">
      <time>2020-11-25T14:15:05Z</time>
    </trkpt>
    <trkpt lat="50.9622938" lon="6.8822929">
      <time>2020-11-25T14:15:08Z</time>
    </trkpt>
    <trkpt lat="50.9624420" lon="6.8814124">
      <time>2020-11-25T14:15:18Z</time>
    </trkpt>
    <trkpt lat="50.9624907" lon="6.8811095">
      <time>2020-11-25T14:15:22Z</time>
    </trkpt>
    <trkpt lat="50.9625177" lon="6.8809677">
      <time>2020-11-25T14:15:24Z</time>
    </trkpt>
    <trkpt lat="50.9625278" lon="6.8808990">
      <time>2020-11-25T14:15:25Z</time>
    </trkpt>
    <trkpt lat="50.9625512" lon="6.8807563">
      <time>2020-11-25T14:15:27Z</time>
    </trkpt>
    <trkpt lat="50.9625708" lon="6.8806957">
      <time>2020-11-25T14:15:28Z</time>
    </trkpt>
    <trkpt lat="50.9626195" lon="6.8804917">
      <time>2020-11-25T14:15:32Z</time>
    </trkpt>
    <trkpt lat="50.9626278" lon="6.8803887">
      <time>2020-11-25T14:15:34Z</time>
    </trkpt>
    <trkpt lat="50.9626511" lon="6.8802042">
      <time>2020-11-25T14:15:37Z</time>
    </trkpt>
    <trkpt lat="50.9627199" lon="6.8797339">
      <time>2020-11-25T14:15:43Z</time>
    </trkpt>
    <trkpt lat="50.9627982" lon="6.8791434">
      <time>2020-11-25T14:15:50Z</time>
    </trkpt>
    <trkpt lat="50.9628417" lon="6.8790008">
      <time>2020-11-25T14:15:52Z</time>
    </trkpt>
    <trkpt lat="50.9628973" lon="6.8788636">
      <time>2020-11-25T14:15:54Z</time>
    </trkpt>
    <trkpt lat="50.9629179" lon="6.8788209">
      <time>2020-11-25T14:15:55Z</time>
    </trkpt>
    <trkpt lat="50.9629469" lon="6.8787633">
      <time>2020-11-25T14:15:56Z</time>
    </trkpt>
    <trkpt lat="50.9629931" lon="6.8786864">
      <time>2020-11-25T14:15:58Z</time>
    </trkpt>
    <trkpt lat="50.9630476" lon="6.8786068">
      <time>2020-11-25T14:16:00Z</time>
    </trkpt>
    <trkpt lat="50.9630908" lon="6.8785315">
      <time>2020-11-25T14:16:02Z</time>
    </trkpt>
    <trkpt lat="50.9631375" lon="6.8784574">
      <time>2020-11-25T14:16:04Z</time>
    </trkpt>
    <trkpt lat="50.9631715" lon="6.8784332">
      <time>2020-11-25T14:16:05Z</time>
    </trkpt>
    <trkpt lat="50.9632061" lon="6.8784075">
      <time>2020-11-25T14:16:06Z</time>
    </trkpt>
    <trkpt lat="50.9632401" lon="6.8783735">
      <time>2020-11-25T14:16:07Z</time>
    </trkpt>
    <trkpt lat="50.9632815" lon="6.8783389">
      <time>2020-11-25T14:16:08Z</time>
    </trkpt>
    <trkpt lat="50.9633282" lon="6.8783083">
      <time>2020-11-25T14:16:09Z</time>
    </trkpt>
    <trkpt lat="50.9633783" lon="6.8782777">
      <time>2020-11-25T14:16:10Z</time>
    </trkpt>
    <trkpt lat="50.9634777" lon="6.8782132">
      <time>2020-11-25T14:16:12Z</time>
    </trkpt>
    <trkpt lat="50.9635706" lon="6.8781540">
      <time>2020-11-25T14:16:14Z</time>
    </trkpt>
    <trkpt lat="50.9636420" lon="6.8780871">
      <time>2020-11-25T14:16:16Z</time>
    </trkpt>
    <trkpt lat="50.9636901" lon="6.8780369">
      <time>2020-11-25T14:16:20Z</time>
    </trkpt>
    <trkpt lat="50.9637083" lon="6.8780299">
      <time>2020-11-25T14:16:22Z</time>
    </trkpt>
    <trkpt lat="50.9637214" lon="6.8779333">
      <time>2020-11-25T14:16:25Z</time>
    </trkpt>
    <trkpt lat="50.9636877" lon="6.8778855">
      <time>2020-11-25T14:16:27Z</time>
    </trkpt>
    <trkpt lat="50.9636615" lon="6.8778591">
      <time>2020-11-25T14:16:28Z</time>
    </trkpt>
    <trkpt lat="50.9635240" lon="6.8776908">
      <time>2020-11-25T14:16:33Z</time>
    </trkpt>
    <trkpt lat="50.9633345" lon="6.8773572">
      <time>2020-11-25T14:16:39Z</time>
    </trkpt>
    <trkpt lat="50.9632157" lon="6.8771126">
      <time>2020-11-25T14:16:43Z</time>
    </trkpt>
    <trkpt lat="50.9631863" lon="6.8770562">
      <time>2020-11-25T14:16:44Z</time>
    </trkpt>
    <trkpt lat="50.9631309" lon="6.8769558">
      <time>2020-11-25T14:16:46Z</time>
    </trkpt>
    <trkpt lat="50.9631032" lon="6.8768424">
      <time>2020-11-25T14:16:48Z</time>
    </trkpt>
    <trkpt lat="50.9631136" lon="6.8767056">
      <time>2020-11-25T14:16:50Z</time>
    </trkpt>
    <trkpt lat="50.9631360" lon="6.8765858">
      <time>2020-11-25T14:16:52Z</time>
    </trkpt>
    <trkpt lat="50.9631615" lon="6.8764696">
      <time>2020-11-25T14:16:54Z</time>
    </trkpt>
    <trkpt lat="50.9632169" lon="6.8763228">
      <time>2020-11-25T14:16:57Z</time>
    </trkpt>
    <trkpt lat="50.9632530" lon="6.8762827">
      <time>2020-11-25T14:16:59Z</time>
    </trkpt>
    <trkpt lat="50.9633017" lon="6.8762700">
      <time>2020-11-25T14:17:01Z</time>
    </trkpt>
    <trkpt lat="50.9633176" lon="6.8762468">
      <time>2020-11-25T14:17:02Z</time>
    </trkpt>
    <trkpt lat="50.9633394" lon="6.8761865">
      <time>2020-11-25T14:17:04Z</time>
    </trkpt>
    <trkpt lat="50.9633480" lon="6.8761814">
      <time>2020-11-25T14:17:05Z</time>
    </trkpt>
    <trkpt lat="50.9633480" lon="6.8761814">
      <time>2020-11-25T14:17:08Z</time>
    </trkpt>
  </trkseg></trk>
</gpx>
