<?xml version="1.0" encoding="UTF-8"?>
<gpx version="1.1" creator="Diary FIT converter" xmlns="http://www.topografix.com/GPX/1/1">
  <trk><name>Activity</name><trkseg>
    <trkpt lat="67.7991790" lon="24.8748302">
      <time>2025-03-20T10:11:51Z</time>
    </trkpt>
    <trkpt lat="67.7991751" lon="24.8748347">
      <time>2025-03-20T10:11:52Z</time>
    </trkpt>
    <trkpt lat="67.7991365" lon="24.8749626">
      <time>2025-03-20T10:11:58Z</time>
    </trkpt>
    <trkpt lat="67.7990953" lon="24.8750311">
      <time>2025-03-20T10:12:00Z</time>
    </trkpt>
    <trkpt lat="67.7990707" lon="24.8750669">
      <time>2025-03-20T10:12:01Z</time>
    </trkpt>
    <trkpt lat="67.7989741" lon="24.8753616">
      <time>2025-03-20T10:12:05Z</time>
    </trkpt>
    <trkpt lat="67.7989144" lon="24.8755402">
      <time>2025-03-20T10:12:07Z</time>
    </trkpt>
    <trkpt lat="67.7988823" lon="24.8756077">
      <time>2025-03-20T10:12:08Z</time>
    </trkpt>
    <trkpt lat="67.7988439" lon="24.8757088">
      <time>2025-03-20T10:12:09Z</time>
    </trkpt>
    <trkpt lat="67.7987325" lon="24.8759325">
      <time>2025-03-20T10:12:12Z</time>
    </trkpt>
    <trkpt lat="67.7986952" lon="24.8759627">
      <time>2025-03-20T10:12:13Z</time>
    </trkpt>
    <trkpt lat="67.7985865" lon="24.8759272">
      <time>2025-03-20T10:12:17Z</time>
    </trkpt>
    <trkpt lat="67.7985149" lon="24.8758287">
      <time>2025-03-20T10:12:20Z</time>
    </trkpt>
    <trkpt lat="67.7984765" lon="24.8757179">
      <time>2025-03-20T10:12:22Z</time>
    </trkpt>
    <trkpt lat="67.7984649" lon="24.8756580">
      <time>2025-03-20T10:12:23Z</time>
    </trkpt>
    <trkpt lat="67.7984792" lon="24.8753991">
      <time>2025-03-20T10:12:27Z</time>
    </trkpt>
    <trkpt lat="67.7984995" lon="24.8752571">
      <time>2025-03-20T10:12:29Z</time>
    </trkpt>
    <trkpt lat="67.7985948" lon="24.8749187">
      <time>2025-03-20T10:12:34Z</time>
    </trkpt>
    <trkpt lat="67.7986758" lon="24.8746290">
      <time>2025-03-20T10:12:38Z</time>
    </trkpt>
    <trkpt lat="67.7986942" lon="24.8745498">
      <time>2025-03-20T10:12:39Z</time>
    </trkpt>
    <trkpt lat="67.7987072" lon="24.8744667">
      <time>2025-03-20T10:12:40Z</time>
    </trkpt>
    <trkpt lat="67.7987236" lon="24.8743966">
      <time>2025-03-20T10:12:41Z</time>
    </trkpt>
    <trkpt lat="67.7987388" lon="24.8743219">
      <time>2025-03-20T10:12:42Z</time>
    </trkpt>
    <trkpt lat="67.7987701" lon="24.8741707">
      <time>2025-03-20T10:12:44Z</time>
    </trkpt>
    <trkpt lat="67.7988068" lon="24.8740269">
      <time>2025-03-20T10:12:46Z</time>
    </trkpt>
    <trkpt lat="67.7988340" lon="24.8738918">
      <time>2025-03-20T10:12:48Z</time>
    </trkpt>
    <trkpt lat="67.7989248" lon="24.8735275">
      <time>2025-03-20T10:12:54Z</time>
    </trkpt>
    <trkpt lat="67.7990667" lon="24.8733255">
      <time>2025-03-20T10:12:59Z</time>
    </trkpt>
    <trkpt lat="67.7992572" lon="24.8729452">
      <time>2025-03-20T10:13:06Z</time>
    </trkpt>
    <trkpt lat="67.7993214" lon="24.8725449">
      <time>2025-03-20T10:13:11Z</time>
    </trkpt>
    <trkpt lat="67.7993428" lon="24.8722325">
      <time>2025-03-20T10:13:15Z</time>
    </trkpt>
    <trkpt lat="67.7993488" lon="24.8720912">
      <time>2025-03-20T10:13:17Z</time>
    </trkpt>
    <trkpt lat="67.7993351" lon="24.8715655">
      <time>2025-03-20T10:13:24Z</time>
    </trkpt>
    <trkpt lat="67.7993296" lon="24.8714971">
      <time>2025-03-20T10:13:25Z</time>
    </trkpt>
    <trkpt lat="67.7992629" lon="24.8709725">
      <time>2025-03-20T10:13:33Z</time>
    </trkpt>
    <trkpt lat="67.7992240" lon="24.8707323">
      <time>2025-03-20T10:13:38Z</time>
    </trkpt>
    <trkpt lat="67.7991327" lon="24.8702301">
      <time>2025-03-20T10:13:47Z</time>
    </trkpt>
    <trkpt lat="67.7991176" lon="24.8700886">
      <time>2025-03-20T10:13:49Z</time>
    </trkpt>
    <trkpt lat="67.7991144" lon="24.8698443">
      <time>2025-03-20T10:13:53Z</time>
    </trkpt>
    <trkpt lat="67.7991163" lon="24.8698012">
      <time>2025-03-20T10:13:54Z</time>
    </trkpt>
    <trkpt lat="67.7991230" lon="24.8696584">
      <time>2025-03-20T10:13:57Z</time>
    </trkpt>
    <trkpt lat="67.7991416" lon="24.8695058">
      <time>2025-03-20T10:14:00Z</time>
    </trkpt>
    <trkpt lat="67.7991839" lon="24.8692544">
      <time>2025-03-20T10:14:05Z</time>
    </trkpt>
    <trkpt lat="67.7992064" lon="24.8691553">
      <time>2025-03-20T10:14:07Z</time>
    </trkpt>
    <trkpt lat="67.7993127" lon="24.8687117">
      <time>2025-03-20T10:14:16Z</time>
    </trkpt>
    <trkpt lat="67.7994263" lon="24.8682123">
      <time>2025-03-20T10:14:24Z</time>
    </trkpt>
    <trkpt lat="67.7995440" lon="24.8679482">
      <time>2025-03-20T10:14:29Z</time>
    </trkpt>
    <trkpt lat="67.7996499" lon="24.8674828">
      <time>2025-03-20T10:14:35Z</time>
    </trkpt>
    <trkpt lat="67.7997291" lon="24.8669094">
      <time>2025-03-20T10:14:42Z</time>
    </trkpt>
    <trkpt lat="67.7997564" lon="24.8665331">
      <time>2025-03-20T10:14:48Z</time>
    </trkpt>
    <trkpt lat="67.7997532" lon="24.8663049">
      <time>2025-03-20T10:14:52Z</time>
    </trkpt>
    <trkpt lat="67.7997519" lon="24.8662359">
      <time>2025-03-20T10:14:53Z</time>
    </trkpt>
    <trkpt lat="67.7997709" lon="24.8657172">
      <time>2025-03-20T10:14:59Z</time>
    </trkpt>
    <trkpt lat="67.7998121" lon="24.8648728">
      <time>2025-03-20T10:15:08Z</time>
    </trkpt>
    <trkpt lat="67.7998333" lon="24.8644227">
      <time>2025-03-20T10:15:15Z</time>
    </trkpt>
    <trkpt lat="67.7998508" lon="24.8639674">
      <time>2025-03-20T10:15:23Z</time>
    </trkpt>
    <trkpt lat="67.7998735" lon="24.8636306">
      <time>2025-03-20T10:15:29Z</time>
    </trkpt>
    <trkpt lat="67.7999585" lon="24.8632723">
      <time>2025-03-20T10:15:35Z</time>
    </trkpt>
    <trkpt lat="67.7999795" lon="24.8631874">
      <time>2025-03-20T10:15:36Z</time>
    </trkpt>
    <trkpt lat="67.8000750" lon="24.8628432">
      <time>2025-03-20T10:15:40Z</time>
    </trkpt>
    <trkpt lat="67.8001773" lon="24.8623556">
      <time>2025-03-20T10:15:45Z</time>
    </trkpt>
    <trkpt lat="67.8002513" lon="24.8619349">
      <time>2025-03-20T10:15:51Z</time>
    </trkpt>
    <trkpt lat="67.8002861" lon="24.8615214">
      <time>2025-03-20T10:15:58Z</time>
    </trkpt>
    <trkpt lat="67.8003080" lon="24.8611740">
      <time>2025-03-20T10:16:04Z</time>
    </trkpt>
    <trkpt lat="67.8003141" lon="24.8611515">
      <time>2025-03-20T10:16:05Z</time>
    </trkpt>
    <trkpt lat="67.8003911" lon="24.8607499">
      <time>2025-03-20T10:16:12Z</time>
    </trkpt>
    <trkpt lat="67.8005028" lon="24.8604874">
      <time>2025-03-20T10:16:18Z</time>
    </trkpt>
    <trkpt lat="67.8006977" lon="24.8603071">
      <time>2025-03-20T10:16:25Z</time>
    </trkpt>
    <trkpt lat="67.8008313" lon="24.8600206">
      <time>2025-03-20T10:16:32Z</time>
    </trkpt>
    <trkpt lat="67.8009143" lon="24.8596425">
      <time>2025-03-20T10:16:39Z</time>
    </trkpt>
    <trkpt lat="67.8009540" lon="24.8593347">
      <time>2025-03-20T10:16:45Z</time>
    </trkpt>
    <trkpt lat="67.8009843" lon="24.8590998">
      <time>2025-03-20T10:16:50Z</time>
    </trkpt>
    <trkpt lat="67.8010088" lon="24.8588488">
      <time>2025-03-20T10:16:55Z</time>
    </trkpt>
    <trkpt lat="67.8010125" lon="24.8587980">
      <time>2025-03-20T10:16:56Z</time>
    </trkpt>
    <trkpt lat="67.8010226" lon="24.8586831">
      <time>2025-03-20T10:16:58Z</time>
    </trkpt>
    <trkpt lat="67.8010561" lon="24.8584590">
      <time>2025-03-20T10:17:02Z</time>
    </trkpt>
    <trkpt lat="67.8010980" lon="24.8582561">
      <time>2025-03-20T10:17:06Z</time>
    </trkpt>
    <trkpt lat="67.8011602" lon="24.8580061">
      <time>2025-03-20T10:17:13Z</time>
    </trkpt>
    <trkpt lat="67.8012365" lon="24.8576969">
      <time>2025-03-20T10:17:21Z</time>
    </trkpt>
    <trkpt lat="67.8012610" lon="24.8576208">
      <time>2025-03-20T10:17:23Z</time>
    </trkpt>
    <trkpt lat="67.8012691" lon="24.8575910">
      <time>2025-03-20T10:17:24Z</time>
    </trkpt>
    <trkpt lat="67.8013003" lon="24.8574664">
      <time>2025-03-20T10:17:27Z</time>
    </trkpt>
    <trkpt lat="67.8013079" lon="24.8574372">
      <time>2025-03-20T10:17:29Z</time>
    </trkpt>
    <trkpt lat="67.8013141" lon="24.8574063">
      <time>2025-03-20T10:17:30Z</time>
    </trkpt>
    <trkpt lat="67.8013521" lon="24.8572793">
      <time>2025-03-20T10:17:34Z</time>
    </trkpt>
    <trkpt lat="67.8013754" lon="24.8572202">
      <time>2025-03-20T10:17:36Z</time>
    </trkpt>
    <trkpt lat="67.8013893" lon="24.8571992">
      <time>2025-03-20T10:17:37Z</time>
    </trkpt>
    <trkpt lat="67.8014475" lon="24.8570568">
      <time>2025-03-20T10:17:42Z</time>
    </trkpt>
    <trkpt lat="67.8014670" lon="24.8569845">
      <time>2025-03-20T10:17:44Z</time>
    </trkpt>
    <trkpt lat="67.8014784" lon="24.8569462">
      <time>2025-03-20T10:17:45Z</time>
    </trkpt>
    <trkpt lat="67.8015351" lon="24.8567915">
      <time>2025-03-20T10:17:49Z</time>
    </trkpt>
    <trkpt lat="67.8015485" lon="24.8567500">
      <time>2025-03-20T10:17:50Z</time>
    </trkpt>
    <trkpt lat="67.8016437" lon="24.8564844">
      <time>2025-03-20T10:17:58Z</time>
    </trkpt>
    <trkpt lat="67.8017133" lon="24.8562632">
      <time>2025-03-20T10:18:03Z</time>
    </trkpt>
    <trkpt lat="67.8017287" lon="24.8562043">
      <time>2025-03-20T10:18:04Z</time>
    </trkpt>
    <trkpt lat="67.8017861" lon="24.8559592">
      <time>2025-03-20T10:18:07Z</time>
    </trkpt>
    <trkpt lat="67.8017918" lon="24.8558943">
      <time>2025-03-20T10:18:09Z</time>
    </trkpt>
    <trkpt lat="67.8018348" lon="24.8555232">
      <time>2025-03-20T10:18:15Z</time>
    </trkpt>
    <trkpt lat="67.8018934" lon="24.8550673">
      <time>2025-03-20T10:18:22Z</time>
    </trkpt>
    <trkpt lat="67.8019406" lon="24.8547523">
      <time>2025-03-20T10:18:29Z</time>
    </trkpt>
    <trkpt lat="67.8019892" lon="24.8544455">
      <time>2025-03-20T10:18:36Z</time>
    </trkpt>
    <trkpt lat="67.8020012" lon="24.8543990">
      <time>2025-03-20T10:18:37Z</time>
    </trkpt>
    <trkpt lat="67.8020523" lon="24.8540427">
      <time>2025-03-20T10:18:43Z</time>
    </trkpt>
    <trkpt lat="67.8020755" lon="24.8537633">
      <time>2025-03-20T10:18:48Z</time>
    </trkpt>
    <trkpt lat="67.8020983" lon="24.8535398">
      <time>2025-03-20T10:18:54Z</time>
    </trkpt>
    <trkpt lat="67.8021047" lon="24.8533671">
      <time>2025-03-20T10:19:00Z</time>
    </trkpt>
    <trkpt lat="67.8021056" lon="24.8533422">
      <time>2025-03-20T10:19:01Z</time>
    </trkpt>
    <trkpt lat="67.8021063" lon="24.8532717">
      <time>2025-03-20T10:19:03Z</time>
    </trkpt>
    <trkpt lat="67.8021130" lon="24.8530868">
      <time>2025-03-20T10:19:08Z</time>
    </trkpt>
    <trkpt lat="67.8021244" lon="24.8529819">
      <time>2025-03-20T10:19:11Z</time>
    </trkpt>
    <trkpt lat="67.8021358" lon="24.8528633">
      <time>2025-03-20T10:19:14Z</time>
    </trkpt>
    <trkpt lat="67.8021456" lon="24.8527451">
      <time>2025-03-20T10:19:17Z</time>
    </trkpt>
    <trkpt lat="67.8021709" lon="24.8526006">
      <time>2025-03-20T10:19:21Z</time>
    </trkpt>
    <trkpt lat="67.8021860" lon="24.8524692">
      <time>2025-03-20T10:19:24Z</time>
    </trkpt>
    <trkpt lat="67.8022156" lon="24.8522953">
      <time>2025-03-20T10:19:28Z</time>
    </trkpt>
    <trkpt lat="67.8022570" lon="24.8520138">
      <time>2025-03-20T10:19:33Z</time>
    </trkpt>
    <trkpt lat="67.8022632" lon="24.8519604">
      <time>2025-03-20T10:19:34Z</time>
    </trkpt>
    <trkpt lat="67.8022649" lon="24.8519083">
      <time>2025-03-20T10:19:35Z</time>
    </trkpt>
    <trkpt lat="67.8022701" lon="24.8517541">
      <time>2025-03-20T10:19:39Z</time>
    </trkpt>
    <trkpt lat="67.8022700" lon="24.8517018">
      <time>2025-03-20T10:19:41Z</time>
    </trkpt>
    <trkpt lat="67.8022815" lon="24.8514513">
      <time>2025-03-20T10:19:49Z</time>
    </trkpt>
    <trkpt lat="67.8022701" lon="24.8512230">
      <time>2025-03-20T10:19:55Z</time>
    </trkpt>
    <trkpt lat="67.8022653" lon="24.8511637">
      <time>2025-03-20T10:19:57Z</time>
    </trkpt>
    <trkpt lat="67.8022574" lon="24.8510949">
      <time>2025-03-20T10:19:59Z</time>
    </trkpt>
    <trkpt lat="67.8022606" lon="24.8509379">
      <time>2025-03-20T10:20:04Z</time>
    </trkpt>
    <trkpt lat="67.8022692" lon="24.8508422">
      <time>2025-03-20T10:20:08Z</time>
    </trkpt>
    <trkpt lat="67.8022706" lon="24.8508329">
      <time>2025-03-20T10:20:09Z</time>
    </trkpt>
    <trkpt lat="67.8022710" lon="24.8508254">
      <time>2025-03-20T10:20:10Z</time>
    </trkpt>
    <trkpt lat="67.8022715" lon="24.8508233">
      <time>2025-03-20T10:20:11Z</time>
    </trkpt>
    <trkpt lat="67.8022933" lon="24.8506675">
      <time>2025-03-20T10:20:23Z</time>
    </trkpt>
    <trkpt lat="67.8022996" lon="24.8505902">
      <time>2025-03-20T10:20:25Z</time>
    </trkpt>
    <trkpt lat="67.8022988" lon="24.8505509">
      <time>2025-03-20T10:20:26Z</time>
    </trkpt>
    <trkpt lat="67.8023010" lon="24.8505094">
      <time>2025-03-20T10:20:27Z</time>
    </trkpt>
    <trkpt lat="67.8023111" lon="24.8502169">
      <time>2025-03-20T10:20:34Z</time>
    </trkpt>
    <trkpt lat="67.8023172" lon="24.8497992">
      <time>2025-03-20T10:20:41Z</time>
    </trkpt>
    <trkpt lat="67.8023662" lon="24.8493386">
      <time>2025-03-20T10:20:50Z</time>
    </trkpt>
    <trkpt lat="67.8024456" lon="24.8488962">
      <time>2025-03-20T10:20:58Z</time>
    </trkpt>
    <trkpt lat="67.8025119" lon="24.8485953">
      <time>2025-03-20T10:21:04Z</time>
    </trkpt>
    <trkpt lat="67.8025279" lon="24.8484763">
      <time>2025-03-20T10:21:06Z</time>
    </trkpt>
    <trkpt lat="67.8025497" lon="24.8483100">
      <time>2025-03-20T10:21:09Z</time>
    </trkpt>
    <trkpt lat="67.8025662" lon="24.8481963">
      <time>2025-03-20T10:21:11Z</time>
    </trkpt>
    <trkpt lat="67.8025750" lon="24.8481389">
      <time>2025-03-20T10:21:12Z</time>
    </trkpt>
    <trkpt lat="67.8025827" lon="24.8480188">
      <time>2025-03-20T10:21:14Z</time>
    </trkpt>
    <trkpt lat="67.8026486" lon="24.8475416">
      <time>2025-03-20T10:21:21Z</time>
    </trkpt>
    <trkpt lat="67.8026740" lon="24.8474086">
      <time>2025-03-20T10:21:23Z</time>
    </trkpt>
    <trkpt lat="67.8027185" lon="24.8469847">
      <time>2025-03-20T10:21:27Z</time>
    </trkpt>
    <trkpt lat="67.8027491" lon="24.8463299">
      <time>2025-03-20T10:21:33Z</time>
    </trkpt>
    <trkpt lat="67.8027611" lon="24.8460201">
      <time>2025-03-20T10:21:39Z</time>
    </trkpt>
    <trkpt lat="67.8027828" lon="24.8458344">
      <time>2025-03-20T10:21:44Z</time>
    </trkpt>
    <trkpt lat="67.8027909" lon="24.8457614">
      <time>2025-03-20T10:21:46Z</time>
    </trkpt>
    <trkpt lat="67.8028564" lon="24.8453919">
      <time>2025-03-20T10:21:56Z</time>
    </trkpt>
    <trkpt lat="67.8029616" lon="24.8450506">
      <time>2025-03-20T10:22:02Z</time>
    </trkpt>
    <trkpt lat="67.8029885" lon="24.8448504">
      <time>2025-03-20T10:22:04Z</time>
    </trkpt>
    <trkpt lat="67.8030251" lon="24.8446212">
      <time>2025-03-20T10:22:06Z</time>
    </trkpt>
    <trkpt lat="67.8030467" lon="24.8444964">
      <time>2025-03-20T10:22:07Z</time>
    </trkpt>
    <trkpt lat="67.8030904" lon="24.8441593">
      <time>2025-03-20T10:22:10Z</time>
    </trkpt>
    <trkpt lat="67.8031014" lon="24.8440173">
      <time>2025-03-20T10:22:12Z</time>
    </trkpt>
    <trkpt lat="67.8031243" lon="24.8438944">
      <time>2025-03-20T10:22:14Z</time>
    </trkpt>
    <trkpt lat="67.8031900" lon="24.8434425">
      <time>2025-03-20T10:22:19Z</time>
    </trkpt>
    <trkpt lat="67.8032403" lon="24.8428989">
      <time>2025-03-20T10:22:25Z</time>
    </trkpt>
    <trkpt lat="67.8032854" lon="24.8422809">
      <time>2025-03-20T10:22:31Z</time>
    </trkpt>
    <trkpt lat="67.8033094" lon="24.8421097">
      <time>2025-03-20T10:22:33Z</time>
    </trkpt>
    <trkpt lat="67.8033770" lon="24.8417556">
      <time>2025-03-20T10:22:38Z</time>
    </trkpt>
    <trkpt lat="67.8034795" lon="24.8413333">
      <time>2025-03-20T10:22:44Z</time>
    </trkpt>
    <trkpt lat="67.8035542" lon="24.8409634">
      <time>2025-03-20T10:22:50Z</time>
    </trkpt>
    <trkpt lat="67.8035759" lon="24.8408379">
      <time>2025-03-20T10:22:52Z</time>
    </trkpt>
    <trkpt lat="67.8036215" lon="24.8405493">
      <time>2025-03-20T10:22:56Z</time>
    </trkpt>
    <trkpt lat="67.8036366" lon="24.8401994">
      <time>2025-03-20T10:23:01Z</time>
    </trkpt>
    <trkpt lat="67.8036414" lon="24.8400647">
      <time>2025-03-20T10:23:03Z</time>
    </trkpt>
    <trkpt lat="67.8036430" lon="24.8399353">
      <time>2025-03-20T10:23:05Z</time>
    </trkpt>
    <trkpt lat="67.8036482" lon="24.8398795">
      <time>2025-03-20T10:23:06Z</time>
    </trkpt>
    <trkpt lat="67.8036401" lon="24.8396809">
      <time>2025-03-20T10:23:10Z</time>
    </trkpt>
    <trkpt lat="67.8036265" lon="24.8394817">
      <time>2025-03-20T10:23:15Z</time>
    </trkpt>
    <trkpt lat="67.8036247" lon="24.8394362">
      <time>2025-03-20T10:23:16Z</time>
    </trkpt>
    <trkpt lat="67.8036310" lon="24.8390365">
      <time>2025-03-20T10:23:23Z</time>
    </trkpt>
    <trkpt lat="67.8036305" lon="24.8389723">
      <time>2025-03-20T10:23:24Z</time>
    </trkpt>
    <trkpt lat="67.8036305" lon="24.8388505">
      <time>2025-03-20T10:23:26Z</time>
    </trkpt>
    <trkpt lat="67.8036293" lon="24.8387900">
      <time>2025-03-20T10:23:27Z</time>
    </trkpt>
    <trkpt lat="67.8036326" lon="24.8386853">
      <time>2025-03-20T10:23:29Z</time>
    </trkpt>
    <trkpt lat="67.8036414" lon="24.8386084">
      <time>2025-03-20T10:23:34Z</time>
    </trkpt>
    <trkpt lat="67.8036480" lon="24.8384933">
      <time>2025-03-20T10:23:39Z</time>
    </trkpt>
    <trkpt lat="67.8036575" lon="24.8383054">
      <time>2025-03-20T10:23:42Z</time>
    </trkpt>
    <trkpt lat="67.8036606" lon="24.8382092">
      <time>2025-03-20T10:23:43Z</time>
    </trkpt>
    <trkpt lat="67.8036909" lon="24.8379218">
      <time>2025-03-20T10:23:46Z</time>
    </trkpt>
    <trkpt lat="67.8036962" lon="24.8377262">
      <time>2025-03-20T10:23:48Z</time>
    </trkpt>
    <trkpt lat="67.8036891" lon="24.8374472">
      <time>2025-03-20T10:23:52Z</time>
    </trkpt>
    <trkpt lat="67.8036464" lon="24.8368972">
      <time>2025-03-20T10:24:00Z</time>
    </trkpt>
    <trkpt lat="67.8036499" lon="24.8364196">
      <time>2025-03-20T10:24:07Z</time>
    </trkpt>
    <trkpt lat="67.8036541" lon="24.8363372">
      <time>2025-03-20T10:24:09Z</time>
    </trkpt>
    <trkpt lat="67.8036571" lon="24.8362436">
      <time>2025-03-20T10:24:11Z</time>
    </trkpt>
    <trkpt lat="67.8036502" lon="24.8361590">
      <time>2025-03-20T10:24:13Z</time>
    </trkpt>
    <trkpt lat="67.8036370" lon="24.8359447">
      <time>2025-03-20T10:24:18Z</time>
    </trkpt>
    <trkpt lat="67.8036328" lon="24.8358931">
      <time>2025-03-20T10:24:19Z</time>
    </trkpt>
    <trkpt lat="67.8035833" lon="24.8354794">
      <time>2025-03-20T10:24:29Z</time>
    </trkpt>
    <trkpt lat="67.8035283" lon="24.8351221">
      <time>2025-03-20T10:24:37Z</time>
    </trkpt>
    <trkpt lat="67.8035225" lon="24.8350778">
      <time>2025-03-20T10:24:38Z</time>
    </trkpt>
    <trkpt lat="67.8035093" lon="24.8348785">
      <time>2025-03-20T10:24:42Z</time>
    </trkpt>
    <trkpt lat="67.8034977" lon="24.8347294">
      <time>2025-03-20T10:24:45Z</time>
    </trkpt>
    <trkpt lat="67.8034944" lon="24.8346841">
      <time>2025-03-20T10:24:46Z</time>
    </trkpt>
    <trkpt lat="67.8035002" lon="24.8345340">
      <time>2025-03-20T10:24:49Z</time>
    </trkpt>
    <trkpt lat="67.8035058" lon="24.8344385">
      <time>2025-03-20T10:24:51Z</time>
    </trkpt>
    <trkpt lat="67.8035123" lon="24.8343227">
      <time>2025-03-20T10:24:53Z</time>
    </trkpt>
    <trkpt lat="67.8035628" lon="24.8339197">
      <time>2025-03-20T10:24:59Z</time>
    </trkpt>
    <trkpt lat="67.8035691" lon="24.8335460">
      <time>2025-03-20T10:25:04Z</time>
    </trkpt>
    <trkpt lat="67.8036270" lon="24.8329706">
      <time>2025-03-20T10:25:09Z</time>
    </trkpt>
    <trkpt lat="67.8037411" lon="24.8323157">
      <time>2025-03-20T10:25:15Z</time>
    </trkpt>
    <trkpt lat="67.8037875" lon="24.8321291">
      <time>2025-03-20T10:25:17Z</time>
    </trkpt>
    <trkpt lat="67.8038967" lon="24.8317396">
      <time>2025-03-20T10:25:22Z</time>
    </trkpt>
    <trkpt lat="67.8040571" lon="24.8311681">
      <time>2025-03-20T10:25:29Z</time>
    </trkpt>
    <trkpt lat="67.8040735" lon="24.8310483">
      <time>2025-03-20T10:25:30Z</time>
    </trkpt>
    <trkpt lat="67.8041146" lon="24.8307691">
      <time>2025-03-20T10:25:32Z</time>
    </trkpt>
    <trkpt lat="67.8041363" lon="24.8306112">
      <time>2025-03-20T10:25:33Z</time>
    </trkpt>
    <trkpt lat="67.8041654" lon="24.8302818">
      <time>2025-03-20T10:25:35Z</time>
    </trkpt>
    <trkpt lat="67.8041742" lon="24.8299976">
      <time>2025-03-20T10:25:37Z</time>
    </trkpt>
    <trkpt lat="67.8041770" lon="24.8298617">
      <time>2025-03-20T10:25:38Z</time>
    </trkpt>
    <trkpt lat="67.8041908" lon="24.8294630">
      <time>2025-03-20T10:25:41Z</time>
    </trkpt>
    <trkpt lat="67.8041581" lon="24.8289829">
      <time>2025-03-20T10:25:45Z</time>
    </trkpt>
    <trkpt lat="67.8041010" lon="24.8282825">
      <time>2025-03-20T10:25:51Z</time>
    </trkpt>
    <trkpt lat="67.8040665" lon="24.8279132">
      <time>2025-03-20T10:25:54Z</time>
    </trkpt>
    <trkpt lat="67.8040308" lon="24.8273690">
      <time>2025-03-20T10:25:58Z</time>
    </trkpt>
    <trkpt lat="67.8040352" lon="24.8272511">
      <time>2025-03-20T10:25:59Z</time>
    </trkpt>
    <trkpt lat="67.8040487" lon="24.8271420">
      <time>2025-03-20T10:26:00Z</time>
    </trkpt>
    <trkpt lat="67.8041354" lon="24.8267561">
      <time>2025-03-20T10:26:03Z</time>
    </trkpt>
    <trkpt lat="67.8042288" lon="24.8262688">
      <time>2025-03-20T10:26:06Z</time>
    </trkpt>
    <trkpt lat="67.8042615" lon="24.8261266">
      <time>2025-03-20T10:26:07Z</time>
    </trkpt>
    <trkpt lat="67.8042875" lon="24.8259821">
      <time>2025-03-20T10:26:08Z</time>
    </trkpt>
    <trkpt lat="67.8043324" lon="24.8257259">
      <time>2025-03-20T10:26:10Z</time>
    </trkpt>
    <trkpt lat="67.8043551" lon="24.8256118">
      <time>2025-03-20T10:26:11Z</time>
    </trkpt>
    <trkpt lat="67.8043942" lon="24.8254451">
      <time>2025-03-20T10:26:13Z</time>
    </trkpt>
    <trkpt lat="67.8044694" lon="24.8252119">
      <time>2025-03-20T10:26:16Z</time>
    </trkpt>
    <trkpt lat="67.8045200" lon="24.8250236">
      <time>2025-03-20T10:26:18Z</time>
    </trkpt>
    <trkpt lat="67.8045447" lon="24.8249028">
      <time>2025-03-20T10:26:19Z</time>
    </trkpt>
    <trkpt lat="67.8045723" lon="24.8246644">
      <time>2025-03-20T10:26:21Z</time>
    </trkpt>
    <trkpt lat="67.8045774" lon="24.8245464">
      <time>2025-03-20T10:26:22Z</time>
    </trkpt>
    <trkpt lat="67.8045859" lon="24.8244288">
      <time>2025-03-20T10:26:23Z</time>
    </trkpt>
    <trkpt lat="67.8046157" lon="24.8240926">
      <time>2025-03-20T10:26:26Z</time>
    </trkpt>
    <trkpt lat="67.8046258" lon="24.8239894">
      <time>2025-03-20T10:26:27Z</time>
    </trkpt>
    <trkpt lat="67.8046414" lon="24.8238842">
      <time>2025-03-20T10:26:28Z</time>
    </trkpt>
    <trkpt lat="67.8047052" lon="24.8234609">
      <time>2025-03-20T10:26:32Z</time>
    </trkpt>
    <trkpt lat="67.8047834" lon="24.8228113">
      <time>2025-03-20T10:26:39Z</time>
    </trkpt>
    <trkpt lat="67.8048652" lon="24.8224927">
      <time>2025-03-20T10:26:43Z</time>
    </trkpt>
    <trkpt lat="67.8048983" lon="24.8224219">
      <time>2025-03-20T10:26:44Z</time>
    </trkpt>
    <trkpt lat="67.8049442" lon="24.8223786">
      <time>2025-03-20T10:26:45Z</time>
    </trkpt>
    <trkpt lat="67.8050384" lon="24.8223790">
      <time>2025-03-20T10:26:47Z</time>
    </trkpt>
    <trkpt lat="67.8050802" lon="24.8224118">
      <time>2025-03-20T10:26:48Z</time>
    </trkpt>
    <trkpt lat="67.8051638" lon="24.8224919">
      <time>2025-03-20T10:26:50Z</time>
    </trkpt>
    <trkpt lat="67.8052626" lon="24.8226412">
      <time>2025-03-20T10:26:53Z</time>
    </trkpt>
    <trkpt lat="67.8053424" lon="24.8226257">
      <time>2025-03-20T10:26:56Z</time>
    </trkpt>
    <trkpt lat="67.8053483" lon="24.8225869">
      <time>2025-03-20T10:26:57Z</time>
    </trkpt>
    <trkpt lat="67.8053521" lon="24.8225361">
      <time>2025-03-20T10:26:58Z</time>
    </trkpt>
    <trkpt lat="67.8053390" lon="24.8222572">
      <time>2025-03-20T10:27:01Z</time>
    </trkpt>
    <trkpt lat="67.8053312" lon="24.8218050">
      <time>2025-03-20T10:27:04Z</time>
    </trkpt>
    <trkpt lat="67.8053156" lon="24.8216427">
      <time>2025-03-20T10:27:05Z</time>
    </trkpt>
    <trkpt lat="67.8052901" lon="24.8211587">
      <time>2025-03-20T10:27:08Z</time>
    </trkpt>
    <trkpt lat="67.8052868" lon="24.8210352">
      <time>2025-03-20T10:27:09Z</time>
    </trkpt>
    <trkpt lat="67.8052827" lon="24.8209184">
      <time>2025-03-20T10:27:10Z</time>
    </trkpt>
    <trkpt lat="67.8052732" lon="24.8207178">
      <time>2025-03-20T10:27:12Z</time>
    </trkpt>
    <trkpt lat="67.8052361" lon="24.8204099">
      <time>2025-03-20T10:27:16Z</time>
    </trkpt>
    <trkpt lat="67.8052123" lon="24.8201021">
      <time>2025-03-20T10:27:21Z</time>
    </trkpt>
    <trkpt lat="67.8052098" lon="24.8200458">
      <time>2025-03-20T10:27:22Z</time>
    </trkpt>
    <trkpt lat="67.8052040" lon="24.8199151">
      <time>2025-03-20T10:27:24Z</time>
    </trkpt>
    <trkpt lat="67.8051951" lon="24.8196458">
      <time>2025-03-20T10:27:28Z</time>
    </trkpt>
    <trkpt lat="67.8051758" lon="24.8191276">
      <time>2025-03-20T10:27:36Z</time>
    </trkpt>
    <trkpt lat="67.8051827" lon="24.8185737">
      <time>2025-03-20T10:27:43Z</time>
    </trkpt>
    <trkpt lat="67.8051810" lon="24.8181770">
      <time>2025-03-20T10:27:48Z</time>
    </trkpt>
    <trkpt lat="67.8051806" lon="24.8181094">
      <time>2025-03-20T10:27:49Z</time>
    </trkpt>
    <trkpt lat="67.8051760" lon="24.8180380">
      <time>2025-03-20T10:27:50Z</time>
    </trkpt>
    <trkpt lat="67.8051367" lon="24.8178021">
      <time>2025-03-20T10:27:54Z</time>
    </trkpt>
    <trkpt lat="67.8050502" lon="24.8175789">
      <time>2025-03-20T10:27:59Z</time>
    </trkpt>
    <trkpt lat="67.8050075" lon="24.8175213">
      <time>2025-03-20T10:28:00Z</time>
    </trkpt>
    <trkpt lat="67.8049868" lon="24.8175031">
      <time>2025-03-20T10:28:02Z</time>
    </trkpt>
    <trkpt lat="67.8049205" lon="24.8174884">
      <time>2025-03-20T10:28:05Z</time>
    </trkpt>
    <trkpt lat="67.8048953" lon="24.8174853">
      <time>2025-03-20T10:28:06Z</time>
    </trkpt>
    <trkpt lat="67.8048714" lon="24.8174880">
      <time>2025-03-20T10:28:07Z</time>
    </trkpt>
    <trkpt lat="67.8047429" lon="24.8175838">
      <time>2025-03-20T10:28:12Z</time>
    </trkpt>
    <trkpt lat="67.8045958" lon="24.8178405">
      <time>2025-03-20T10:28:19Z</time>
    </trkpt>
    <trkpt lat="67.8045279" lon="24.8179757">
      <time>2025-03-20T10:28:24Z</time>
    </trkpt>
    <trkpt lat="67.8044964" lon="24.8179939">
      <time>2025-03-20T10:28:27Z</time>
    </trkpt>
    <trkpt lat="67.8044860" lon="24.8179808">
      <time>2025-03-20T10:28:29Z</time>
    </trkpt>
    <trkpt lat="67.8044765" lon="24.8179715">
      <time>2025-03-20T10:28:32Z</time>
    </trkpt>
    <trkpt lat="67.8037556" lon="24.8162286">
      <time>2025-03-20T10:30:36Z</time>
    </trkpt>
    <trkpt lat="67.8037531" lon="24.8162013">
      <time>2025-03-20T10:30:37Z</time>
    </trkpt>
    <trkpt lat="67.8037458" lon="24.8161510">
      <time>2025-03-20T10:30:39Z</time>
    </trkpt>
    <trkpt lat="67.8037396" lon="24.8158485">
      <time>2025-03-20T10:30:50Z</time>
    </trkpt>
    <trkpt lat="67.8037423" lon="24.8157910">
      <time>2025-03-20T10:30:52Z</time>
    </trkpt>
    <trkpt lat="67.8037384" lon="24.8156155">
      <time>2025-03-20T10:30:58Z</time>
    </trkpt>
    <trkpt lat="67.8037351" lon="24.8153852">
      <time>2025-03-20T10:31:07Z</time>
    </trkpt>
    <trkpt lat="67.8037385" lon="24.8151736">
      <time>2025-03-20T10:31:14Z</time>
    </trkpt>
    <trkpt lat="67.8037362" lon="24.8151154">
      <time>2025-03-20T10:31:16Z</time>
    </trkpt>
    <trkpt lat="67.8037435" lon="24.8148067">
      <time>2025-03-20T10:31:25Z</time>
    </trkpt>
    <trkpt lat="67.8037484" lon="24.8145642">
      <time>2025-03-20T10:31:32Z</time>
    </trkpt>
    <trkpt lat="67.8037577" lon="24.8145149">
      <time>2025-03-20T10:31:34Z</time>
    </trkpt>
    <trkpt lat="67.8037795" lon="24.8144372">
      <time>2025-03-20T10:31:37Z</time>
    </trkpt>
    <trkpt lat="67.8038321" lon="24.8142859">
      <time>2025-03-20T10:31:43Z</time>
    </trkpt>
    <trkpt lat="67.8038713" lon="24.8141883">
      <time>2025-03-20T10:31:51Z</time>
    </trkpt>
    <trkpt lat="67.8038983" lon="24.8141132">
      <time>2025-03-20T10:32:30Z</time>
    </trkpt>
    <trkpt lat="67.8039330" lon="24.8140161">
      <time>2025-03-20T10:32:32Z</time>
    </trkpt>
    <trkpt lat="67.8039547" lon="24.8139555">
      <time>2025-03-20T10:32:33Z</time>
    </trkpt>
    <trkpt lat="67.8039985" lon="24.8138276">
      <time>2025-03-20T10:32:35Z</time>
    </trkpt>
    <trkpt lat="67.8041105" lon="24.8134559">
      <time>2025-03-20T10:32:40Z</time>
    </trkpt>
    <trkpt lat="67.8042815" lon="24.8129221">
      <time>2025-03-20T10:32:47Z</time>
    </trkpt>
    <trkpt lat="67.8043907" lon="24.8123492">
      <time>2025-03-20T10:32:53Z</time>
    </trkpt>
    <trkpt lat="67.8044343" lon="24.8116815">
      <time>2025-03-20T10:32:59Z</time>
    </trkpt>
    <trkpt lat="67.8044069" lon="24.8110796">
      <time>2025-03-20T10:33:05Z</time>
    </trkpt>
    <trkpt lat="67.8044032" lon="24.8109897">
      <time>2025-03-20T10:33:06Z</time>
    </trkpt>
    <trkpt lat="67.8043327" lon="24.8105838">
      <time>2025-03-20T10:33:11Z</time>
    </trkpt>
    <trkpt lat="67.8041643" lon="24.8100839">
      <time>2025-03-20T10:33:19Z</time>
    </trkpt>
    <trkpt lat="67.8040328" lon="24.8098186">
      <time>2025-03-20T10:33:25Z</time>
    </trkpt>
    <trkpt lat="67.8039158" lon="24.8095797">
      <time>2025-03-20T10:33:32Z</time>
    </trkpt>
    <trkpt lat="67.8038527" lon="24.8094504">
      <time>2025-03-20T10:33:35Z</time>
    </trkpt>
    <trkpt lat="67.8038110" lon="24.8093365">
      <time>2025-03-20T10:33:37Z</time>
    </trkpt>
    <trkpt lat="67.8037670" lon="24.8091415">
      <time>2025-03-20T10:33:40Z</time>
    </trkpt>
    <trkpt lat="67.8037492" lon="24.8090676">
      <time>2025-03-20T10:33:41Z</time>
    </trkpt>
    <trkpt lat="67.8036377" lon="24.8085716">
      <time>2025-03-20T10:33:48Z</time>
    </trkpt>
    <trkpt lat="67.8035499" lon="24.8084597">
      <time>2025-03-20T10:33:52Z</time>
    </trkpt>
    <trkpt lat="67.8034384" lon="24.8082631">
      <time>2025-03-20T10:33:58Z</time>
    </trkpt>
    <trkpt lat="67.8033992" lon="24.8079445">
      <time>2025-03-20T10:34:04Z</time>
    </trkpt>
    <trkpt lat="67.8033283" lon="24.8075835">
      <time>2025-03-20T10:34:10Z</time>
    </trkpt>
    <trkpt lat="67.8032887" lon="24.8071043">
      <time>2025-03-20T10:34:17Z</time>
    </trkpt>
    <trkpt lat="67.8034112" lon="24.8065682">
      <time>2025-03-20T10:34:23Z</time>
    </trkpt>
    <trkpt lat="67.8035385" lon="24.8061989">
      <time>2025-03-20T10:34:30Z</time>
    </trkpt>
    <trkpt lat="67.8035984" lon="24.8058136">
      <time>2025-03-20T10:34:37Z</time>
    </trkpt>
    <trkpt lat="67.8036018" lon="24.8057807">
      <time>2025-03-20T10:34:39Z</time>
    </trkpt>
    <trkpt lat="67.8036039" lon="24.8057783">
      <time>2025-03-20T10:34:41Z</time>
    </trkpt>
    <trkpt lat="67.8036344" lon="24.8053938">
      <time>2025-03-20T10:34:57Z</time>
    </trkpt>
    <trkpt lat="67.8036406" lon="24.8053658">
      <time>2025-03-20T10:34:58Z</time>
    </trkpt>
    <trkpt lat="67.8036536" lon="24.8053068">
      <time>2025-03-20T10:35:00Z</time>
    </trkpt>
    <trkpt lat="67.8037462" lon="24.8051109">
      <time>2025-03-20T10:35:09Z</time>
    </trkpt>
    <trkpt lat="67.8037799" lon="24.8050219">
      <time>2025-03-20T10:35:13Z</time>
    </trkpt>
    <trkpt lat="67.8038700" lon="24.8048386">
      <time>2025-03-20T10:35:23Z</time>
    </trkpt>
    <trkpt lat="67.8039121" lon="24.8047551">
      <time>2025-03-20T10:35:28Z</time>
    </trkpt>
    <trkpt lat="67.8039665" lon="24.8045651">
      <time>2025-03-20T10:35:36Z</time>
    </trkpt>
    <trkpt lat="67.8040367" lon="24.8042615">
      <time>2025-03-20T10:35:48Z</time>
    </trkpt>
    <trkpt lat="67.8040546" lon="24.8041183">
      <time>2025-03-20T10:35:53Z</time>
    </trkpt>
    <trkpt lat="67.8040843" lon="24.8039312">
      <time>2025-03-20T10:36:00Z</time>
    </trkpt>
    <trkpt lat="67.8041493" lon="24.8035855">
      <time>2025-03-20T10:36:12Z</time>
    </trkpt>
    <trkpt lat="67.8041810" lon="24.8034185">
      <time>2025-03-20T10:36:18Z</time>
    </trkpt>
    <trkpt lat="67.8042190" lon="24.8032534">
      <time>2025-03-20T10:36:24Z</time>
    </trkpt>
    <trkpt lat="67.8043045" lon="24.8028651">
      <time>2025-03-20T10:36:38Z</time>
    </trkpt>
    <trkpt lat="67.8043635" lon="24.8025629">
      <time>2025-03-20T10:36:49Z</time>
    </trkpt>
    <trkpt lat="67.8044383" lon="24.8022492">
      <time>2025-03-20T10:37:01Z</time>
    </trkpt>
    <trkpt lat="67.8044686" lon="24.8021135">
      <time>2025-03-20T10:37:07Z</time>
    </trkpt>
    <trkpt lat="67.8044975" lon="24.8019676">
      <time>2025-03-20T10:37:13Z</time>
    </trkpt>
    <trkpt lat="67.8044824" lon="24.8017903">
      <time>2025-03-20T10:37:21Z</time>
    </trkpt>
    <trkpt lat="67.8044849" lon="24.8017029">
      <time>2025-03-20T10:37:24Z</time>
    </trkpt>
    <trkpt lat="67.8044976" lon="24.8016567">
      <time>2025-03-20T10:37:26Z</time>
    </trkpt>
    <trkpt lat="67.8045115" lon="24.8016052">
      <time>2025-03-20T10:37:28Z</time>
    </trkpt>
    <trkpt lat="67.8045476" lon="24.8013030">
      <time>2025-03-20T10:37:37Z</time>
    </trkpt>
    <trkpt lat="67.8045653" lon="24.8011753">
      <time>2025-03-20T10:37:41Z</time>
    </trkpt>
    <trkpt lat="67.8045809" lon="24.8010343">
      <time>2025-03-20T10:37:46Z</time>
    </trkpt>
    <trkpt lat="67.8045844" lon="24.8010265">
      <time>2025-03-20T10:37:47Z</time>
    </trkpt>
    <trkpt lat="67.8045906" lon="24.8010268">
      <time>2025-03-20T10:37:49Z</time>
    </trkpt>
    <trkpt lat="67.8045943" lon="24.8009462">
      <time>2025-03-20T10:38:32Z</time>
    </trkpt>
    <trkpt lat="67.8045986" lon="24.8008708">
      <time>2025-03-20T10:38:33Z</time>
    </trkpt>
    <trkpt lat="67.8046383" lon="24.8004511">
      <time>2025-03-20T10:38:39Z</time>
    </trkpt>
    <trkpt lat="67.8047203" lon="24.8000219">
      <time>2025-03-20T10:38:47Z</time>
    </trkpt>
    <trkpt lat="67.8048793" lon="24.7996905">
      <time>2025-03-20T10:38:54Z</time>
    </trkpt>
    <trkpt lat="67.8049883" lon="24.7995239">
      <time>2025-03-20T10:38:58Z</time>
    </trkpt>
    <trkpt lat="67.8050369" lon="24.7994169">
      <time>2025-03-20T10:39:01Z</time>
    </trkpt>
    <trkpt lat="67.8050926" lon="24.7992914">
      <time>2025-03-20T10:39:04Z</time>
    </trkpt>
    <trkpt lat="67.8051500" lon="24.7991172">
      <time>2025-03-20T10:39:08Z</time>
    </trkpt>
    <trkpt lat="67.8052107" lon="24.7988615">
      <time>2025-03-20T10:39:13Z</time>
    </trkpt>
    <trkpt lat="67.8052319" lon="24.7987148">
      <time>2025-03-20T10:39:15Z</time>
    </trkpt>
    <trkpt lat="67.8052515" lon="24.7984961">
      <time>2025-03-20T10:39:17Z</time>
    </trkpt>
    <trkpt lat="67.8052599" lon="24.7983652">
      <time>2025-03-20T10:39:18Z</time>
    </trkpt>
    <trkpt lat="67.8053381" lon="24.7977733">
      <time>2025-03-20T10:39:23Z</time>
    </trkpt>
    <trkpt lat="67.8054623" lon="24.7973405">
      <time>2025-03-20T10:39:29Z</time>
    </trkpt>
    <trkpt lat="67.8055562" lon="24.7971813">
      <time>2025-03-20T10:39:33Z</time>
    </trkpt>
    <trkpt lat="67.8057603" lon="24.7968919">
      <time>2025-03-20T10:39:40Z</time>
    </trkpt>
    <trkpt lat="67.8058944" lon="24.7966704">
      <time>2025-03-20T10:39:45Z</time>
    </trkpt>
    <trkpt lat="67.8059960" lon="24.7963032">
      <time>2025-03-20T10:39:51Z</time>
    </trkpt>
    <trkpt lat="67.8060207" lon="24.7960148">
      <time>2025-03-20T10:39:55Z</time>
    </trkpt>
    <trkpt lat="67.8061255" lon="24.7953240">
      <time>2025-03-20T10:40:03Z</time>
    </trkpt>
    <trkpt lat="67.8061554" lon="24.7952295">
      <time>2025-03-20T10:40:04Z</time>
    </trkpt>
    <trkpt lat="67.8062246" lon="24.7950562">
      <time>2025-03-20T10:40:06Z</time>
    </trkpt>
    <trkpt lat="67.8062531" lon="24.7949658">
      <time>2025-03-20T10:40:07Z</time>
    </trkpt>
    <trkpt lat="67.8062673" lon="24.7948685">
      <time>2025-03-20T10:40:08Z</time>
    </trkpt>
    <trkpt lat="67.8062721" lon="24.7946842">
      <time>2025-03-20T10:40:10Z</time>
    </trkpt>
    <trkpt lat="67.8062645" lon="24.7944075">
      <time>2025-03-20T10:40:13Z</time>
    </trkpt>
    <trkpt lat="67.8062256" lon="24.7941203">
      <time>2025-03-20T10:40:17Z</time>
    </trkpt>
    <trkpt lat="67.8061504" lon="24.7938316">
      <time>2025-03-20T10:40:23Z</time>
    </trkpt>
    <trkpt lat="67.8060388" lon="24.7934997">
      <time>2025-03-20T10:40:30Z</time>
    </trkpt>
    <trkpt lat="67.8059432" lon="24.7932647">
      <time>2025-03-20T10:40:35Z</time>
    </trkpt>
    <trkpt lat="67.8058536" lon="24.7931336">
      <time>2025-03-20T10:40:37Z</time>
    </trkpt>
    <trkpt lat="67.8057379" lon="24.7930392">
      <time>2025-03-20T10:40:39Z</time>
    </trkpt>
    <trkpt lat="67.8056786" lon="24.7930258">
      <time>2025-03-20T10:40:40Z</time>
    </trkpt>
    <trkpt lat="67.8056198" lon="24.7930379">
      <time>2025-03-20T10:40:41Z</time>
    </trkpt>
    <trkpt lat="67.8054495" lon="24.7931224">
      <time>2025-03-20T10:40:44Z</time>
    </trkpt>
    <trkpt lat="67.8054050" lon="24.7931642">
      <time>2025-03-20T10:40:45Z</time>
    </trkpt>
    <trkpt lat="67.8052981" lon="24.7933118">
      <time>2025-03-20T10:40:48Z</time>
    </trkpt>
    <trkpt lat="67.8051989" lon="24.7934641">
      <time>2025-03-20T10:40:53Z</time>
    </trkpt>
    <trkpt lat="67.8051056" lon="24.7935694">
      <time>2025-03-20T10:40:59Z</time>
    </trkpt>
    <trkpt lat="67.8050331" lon="24.7937003">
      <time>2025-03-20T10:41:03Z</time>
    </trkpt>
    <trkpt lat="67.8049955" lon="24.7937648">
      <time>2025-03-20T10:41:05Z</time>
    </trkpt>
    <trkpt lat="67.8049528" lon="24.7938138">
      <time>2025-03-20T10:41:07Z</time>
    </trkpt>
    <trkpt lat="67.8048767" lon="24.7939384">
      <time>2025-03-20T10:41:11Z</time>
    </trkpt>
    <trkpt lat="67.8047541" lon="24.7941586">
      <time>2025-03-20T10:41:18Z</time>
    </trkpt>
    <trkpt lat="67.8047336" lon="24.7941929">
      <time>2025-03-20T10:41:19Z</time>
    </trkpt>
    <trkpt lat="67.8046883" lon="24.7942618">
      <time>2025-03-20T10:41:21Z</time>
    </trkpt>
    <trkpt lat="67.8046393" lon="24.7943244">
      <time>2025-03-20T10:41:23Z</time>
    </trkpt>
    <trkpt lat="67.8045596" lon="24.7944066">
      <time>2025-03-20T10:41:26Z</time>
    </trkpt>
    <trkpt lat="67.8044409" lon="24.7945381">
      <time>2025-03-20T10:41:30Z</time>
    </trkpt>
    <trkpt lat="67.8043759" lon="24.7946157">
      <time>2025-03-20T10:41:32Z</time>
    </trkpt>
    <trkpt lat="67.8043440" lon="24.7946535">
      <time>2025-03-20T10:41:33Z</time>
    </trkpt>
    <trkpt lat="67.8042441" lon="24.7947808">
      <time>2025-03-20T10:41:36Z</time>
    </trkpt>
    <trkpt lat="67.8041772" lon="24.7948812">
      <time>2025-03-20T10:41:38Z</time>
    </trkpt>
    <trkpt lat="67.8041059" lon="24.7949761">
      <time>2025-03-20T10:41:40Z</time>
    </trkpt>
    <trkpt lat="67.8040099" lon="24.7951187">
      <time>2025-03-20T10:41:43Z</time>
    </trkpt>
    <trkpt lat="67.8039793" lon="24.7951548">
      <time>2025-03-20T10:41:44Z</time>
    </trkpt>
    <trkpt lat="67.8038140" lon="24.7951951">
      <time>2025-03-20T10:41:50Z</time>
    </trkpt>
    <trkpt lat="67.8036328" lon="24.7949786">
      <time>2025-03-20T10:41:56Z</time>
    </trkpt>
    <trkpt lat="67.8036105" lon="24.7949327">
      <time>2025-03-20T10:41:57Z</time>
    </trkpt>
    <trkpt lat="67.8034155" lon="24.7946157">
      <time>2025-03-20T10:42:04Z</time>
    </trkpt>
    <trkpt lat="67.8031534" lon="24.7942247">
      <time>2025-03-20T10:42:13Z</time>
    </trkpt>
    <trkpt lat="67.8030014" lon="24.7939787">
      <time>2025-03-20T10:42:17Z</time>
    </trkpt>
    <trkpt lat="67.8029320" lon="24.7938619">
      <time>2025-03-20T10:42:19Z</time>
    </trkpt>
    <trkpt lat="67.8027196" lon="24.7934931">
      <time>2025-03-20T10:42:25Z</time>
    </trkpt>
    <trkpt lat="67.8026300" lon="24.7932828">
      <time>2025-03-20T10:42:28Z</time>
    </trkpt>
    <trkpt lat="67.8024855" lon="24.7928605">
      <time>2025-03-20T10:42:34Z</time>
    </trkpt>
    <trkpt lat="67.8024596" lon="24.7927737">
      <time>2025-03-20T10:42:35Z</time>
    </trkpt>
    <trkpt lat="67.8023288" lon="24.7923307">
      <time>2025-03-20T10:42:42Z</time>
    </trkpt>
    <trkpt lat="67.8021709" lon="24.7918329">
      <time>2025-03-20T10:42:50Z</time>
    </trkpt>
    <trkpt lat="67.8020139" lon="24.7913743">
      <time>2025-03-20T10:42:57Z</time>
    </trkpt>
    <trkpt lat="67.8018640" lon="24.7909910">
      <time>2025-03-20T10:43:03Z</time>
    </trkpt>
    <trkpt lat="67.8018109" lon="24.7908523">
      <time>2025-03-20T10:43:05Z</time>
    </trkpt>
    <trkpt lat="67.8016708" lon="24.7903223">
      <time>2025-03-20T10:43:11Z</time>
    </trkpt>
    <trkpt lat="67.8015641" lon="24.7896541">
      <time>2025-03-20T10:43:18Z</time>
    </trkpt>
    <trkpt lat="67.8014768" lon="24.7890833">
      <time>2025-03-20T10:43:25Z</time>
    </trkpt>
    <trkpt lat="67.8013562" lon="24.7887751">
      <time>2025-03-20T10:43:30Z</time>
    </trkpt>
    <trkpt lat="67.8011895" lon="24.7886090">
      <time>2025-03-20T10:43:35Z</time>
    </trkpt>
    <trkpt lat="67.8009445" lon="24.7886059">
      <time>2025-03-20T10:43:42Z</time>
    </trkpt>
    <trkpt lat="67.8005754" lon="24.7886599">
      <time>2025-03-20T10:43:52Z</time>
    </trkpt>
    <trkpt lat="67.8003712" lon="24.7886918">
      <time>2025-03-20T10:43:58Z</time>
    </trkpt>
    <trkpt lat="67.8000837" lon="24.7887025">
      <time>2025-03-20T10:44:06Z</time>
    </trkpt>
    <trkpt lat="67.7997914" lon="24.7887257">
      <time>2025-03-20T10:44:14Z</time>
    </trkpt>
    <trkpt lat="67.7996181" lon="24.7887256">
      <time>2025-03-20T10:44:20Z</time>
    </trkpt>
    <trkpt lat="67.7994494" lon="24.7887222">
      <time>2025-03-20T10:44:27Z</time>
    </trkpt>
    <trkpt lat="67.7993419" lon="24.7887108">
      <time>2025-03-20T10:44:31Z</time>
    </trkpt>
    <trkpt lat="67.7992896" lon="24.7887097">
      <time>2025-03-20T10:44:33Z</time>
    </trkpt>
    <trkpt lat="67.7992013" lon="24.7887108">
      <time>2025-03-20T10:44:36Z</time>
    </trkpt>
    <trkpt lat="67.7989739" lon="24.7886985">
      <time>2025-03-20T10:44:44Z</time>
    </trkpt>
    <trkpt lat="67.7988515" lon="24.7887193">
      <time>2025-03-20T10:44:49Z</time>
    </trkpt>
    <trkpt lat="67.7988245" lon="24.7887211">
      <time>2025-03-20T10:44:50Z</time>
    </trkpt>
    <trkpt lat="67.7986430" lon="24.7887419">
      <time>2025-03-20T10:44:57Z</time>
    </trkpt>
    <trkpt lat="67.7983763" lon="24.7887552">
      <time>2025-03-20T10:45:06Z</time>
    </trkpt>
    <trkpt lat="67.7980595" lon="24.7887637">
      <time>2025-03-20T10:45:16Z</time>
    </trkpt>
    <trkpt lat="67.7978202" lon="24.7887924">
      <time>2025-03-20T10:45:23Z</time>
    </trkpt>
    <trkpt lat="67.7975860" lon="24.7888248">
      <time>2025-03-20T10:45:30Z</time>
    </trkpt>
    <trkpt lat="67.7974804" lon="24.7888272">
      <time>2025-03-20T10:45:33Z</time>
    </trkpt>
    <trkpt lat="67.7971963" lon="24.7888418">
      <time>2025-03-20T10:45:42Z</time>
    </trkpt>
    <trkpt lat="67.7969177" lon="24.7888716">
      <time>2025-03-20T10:45:51Z</time>
    </trkpt>
    <trkpt lat="67.7966782" lon="24.7889020">
      <time>2025-03-20T10:45:58Z</time>
    </trkpt>
    <trkpt lat="67.7964358" lon="24.7889230">
      <time>2025-03-20T10:46:05Z</time>
    </trkpt>
    <trkpt lat="67.7961405" lon="24.7889388">
      <time>2025-03-20T10:46:14Z</time>
    </trkpt>
    <trkpt lat="67.7959037" lon="24.7889550">
      <time>2025-03-20T10:46:22Z</time>
    </trkpt>
    <trkpt lat="67.7956896" lon="24.7889750">
      <time>2025-03-20T10:46:29Z</time>
    </trkpt>
    <trkpt lat="67.7954751" lon="24.7889738">
      <time>2025-03-20T10:46:36Z</time>
    </trkpt>
    <trkpt lat="67.7952029" lon="24.7889679">
      <time>2025-03-20T10:46:45Z</time>
    </trkpt>
    <trkpt lat="67.7949766" lon="24.7889491">
      <time>2025-03-20T10:46:53Z</time>
    </trkpt>
    <trkpt lat="67.7948093" lon="24.7889337">
      <time>2025-03-20T10:47:00Z</time>
    </trkpt>
    <trkpt lat="67.7945392" lon="24.7888802">
      <time>2025-03-20T10:47:09Z</time>
    </trkpt>
    <trkpt lat="67.7944006" lon="24.7888477">
      <time>2025-03-20T10:47:13Z</time>
    </trkpt>
    <trkpt lat="67.7942515" lon="24.7888315">
      <time>2025-03-20T10:47:17Z</time>
    </trkpt>
    <trkpt lat="67.7939094" lon="24.7887797">
      <time>2025-03-20T10:47:26Z</time>
    </trkpt>
    <trkpt lat="67.7936274" lon="24.7887192">
      <time>2025-03-20T10:47:33Z</time>
    </trkpt>
    <trkpt lat="67.7934013" lon="24.7886649">
      <time>2025-03-20T10:47:39Z</time>
    </trkpt>
    <trkpt lat="67.7931374" lon="24.7886018">
      <time>2025-03-20T10:47:46Z</time>
    </trkpt>
    <trkpt lat="67.7928916" lon="24.7885420">
      <time>2025-03-20T10:47:53Z</time>
    </trkpt>
    <trkpt lat="67.7926273" lon="24.7884809">
      <time>2025-03-20T10:48:01Z</time>
    </trkpt>
    <trkpt lat="67.7924030" lon="24.7883955">
      <time>2025-03-20T10:48:08Z</time>
    </trkpt>
    <trkpt lat="67.7921486" lon="24.7882731">
      <time>2025-03-20T10:48:16Z</time>
    </trkpt>
    <trkpt lat="67.7918543" lon="24.7880716">
      <time>2025-03-20T10:48:25Z</time>
    </trkpt>
    <trkpt lat="67.7915964" lon="24.7878946">
      <time>2025-03-20T10:48:33Z</time>
    </trkpt>
    <trkpt lat="67.7914330" lon="24.7877848">
      <time>2025-03-20T10:48:38Z</time>
    </trkpt>
    <trkpt lat="67.7913461" lon="24.7877231">
      <time>2025-03-20T10:48:41Z</time>
    </trkpt>
    <trkpt lat="67.7911873" lon="24.7876135">
      <time>2025-03-20T10:48:47Z</time>
    </trkpt>
    <trkpt lat="67.7909905" lon="24.7874668">
      <time>2025-03-20T10:48:54Z</time>
    </trkpt>
    <trkpt lat="67.7907158" lon="24.7873082">
      <time>2025-03-20T10:49:03Z</time>
    </trkpt>
    <trkpt lat="67.7904695" lon="24.7871672">
      <time>2025-03-20T10:49:10Z</time>
    </trkpt>
    <trkpt lat="67.7901873" lon="24.7870333">
      <time>2025-03-20T10:49:18Z</time>
    </trkpt>
    <trkpt lat="67.7899612" lon="24.7869185">
      <time>2025-03-20T10:49:25Z</time>
    </trkpt>
    <trkpt lat="67.7899229" lon="24.7869025">
      <time>2025-03-20T10:49:26Z</time>
    </trkpt>
    <trkpt lat="67.7897023" lon="24.7867180">
      <time>2025-03-20T10:49:33Z</time>
    </trkpt>
    <trkpt lat="67.7895632" lon="24.7864795">
      <time>2025-03-20T10:49:38Z</time>
    </trkpt>
    <trkpt lat="67.7894192" lon="24.7860632">
      <time>2025-03-20T10:49:47Z</time>
    </trkpt>
    <trkpt lat="67.7893559" lon="24.7858863">
      <time>2025-03-20T10:49:50Z</time>
    </trkpt>
    <trkpt lat="67.7892928" lon="24.7857193">
      <time>2025-03-20T10:49:53Z</time>
    </trkpt>
    <trkpt lat="67.7892018" lon="24.7854012">
      <time>2025-03-20T10:50:00Z</time>
    </trkpt>
    <trkpt lat="67.7891892" lon="24.7853425">
      <time>2025-03-20T10:50:05Z</time>
    </trkpt>
    <trkpt lat="67.7891273" lon="24.7851534">
      <time>2025-03-20T10:50:16Z</time>
    </trkpt>
    <trkpt lat="67.7891208" lon="24.7851013">
      <time>2025-03-20T10:50:17Z</time>
    </trkpt>
    <trkpt lat="67.7890703" lon="24.7848864">
      <time>2025-03-20T10:50:20Z</time>
    </trkpt>
    <trkpt lat="67.7889588" lon="24.7846220">
      <time>2025-03-20T10:50:26Z</time>
    </trkpt>
    <trkpt lat="67.7887953" lon="24.7843655">
      <time>2025-03-20T10:50:33Z</time>
    </trkpt>
    <trkpt lat="67.7886897" lon="24.7842616">
      <time>2025-03-20T10:50:37Z</time>
    </trkpt>
    <trkpt lat="67.7885999" lon="24.7841987">
      <time>2025-03-20T10:50:40Z</time>
    </trkpt>
    <trkpt lat="67.7884214" lon="24.7841000">
      <time>2025-03-20T10:50:46Z</time>
    </trkpt>
    <trkpt lat="67.7882226" lon="24.7838792">
      <time>2025-03-20T10:50:53Z</time>
    </trkpt>
    <trkpt lat="67.7880994" lon="24.7836368">
      <time>2025-03-20T10:50:59Z</time>
    </trkpt>
    <trkpt lat="67.7880174" lon="24.7833739">
      <time>2025-03-20T10:51:03Z</time>
    </trkpt>
    <trkpt lat="67.7879966" lon="24.7833294">
      <time>2025-03-20T10:51:04Z</time>
    </trkpt>
    <trkpt lat="67.7878061" lon="24.7829527">
      <time>2025-03-20T10:51:11Z</time>
    </trkpt>
    <trkpt lat="67.7876943" lon="24.7827164">
      <time>2025-03-20T10:51:15Z</time>
    </trkpt>
    <trkpt lat="67.7875928" lon="24.7825096">
      <time>2025-03-20T10:51:19Z</time>
    </trkpt>
    <trkpt lat="67.7874252" lon="24.7821698">
      <time>2025-03-20T10:51:26Z</time>
    </trkpt>
    <trkpt lat="67.7872668" lon="24.7818723">
      <time>2025-03-20T10:51:32Z</time>
    </trkpt>
    <trkpt lat="67.7870550" lon="24.7815545">
      <time>2025-03-20T10:51:39Z</time>
    </trkpt>
    <trkpt lat="67.7868411" lon="24.7812515">
      <time>2025-03-20T10:51:46Z</time>
    </trkpt>
    <trkpt lat="67.7866394" lon="24.7810788">
      <time>2025-03-20T10:51:55Z</time>
    </trkpt>
    <trkpt lat="67.7865690" lon="24.7810311">
      <time>2025-03-20T10:51:58Z</time>
    </trkpt>
    <trkpt lat="67.7864690" lon="24.7809930">
      <time>2025-03-20T10:52:03Z</time>
    </trkpt>
    <trkpt lat="67.7862273" lon="24.7809842">
      <time>2025-03-20T10:52:12Z</time>
    </trkpt>
    <trkpt lat="67.7859919" lon="24.7809655">
      <time>2025-03-20T10:52:20Z</time>
    </trkpt>
    <trkpt lat="67.7857884" lon="24.7809992">
      <time>2025-03-20T10:52:28Z</time>
    </trkpt>
    <trkpt lat="67.7855873" lon="24.7809837">
      <time>2025-03-20T10:52:35Z</time>
    </trkpt>
    <trkpt lat="67.7853559" lon="24.7808358">
      <time>2025-03-20T10:52:43Z</time>
    </trkpt>
    <trkpt lat="67.7851109" lon="24.7806730">
      <time>2025-03-20T10:52:52Z</time>
    </trkpt>
    <trkpt lat="67.7848755" lon="24.7805383">
      <time>2025-03-20T10:53:00Z</time>
    </trkpt>
    <trkpt lat="67.7847021" lon="24.7804683">
      <time>2025-03-20T10:53:06Z</time>
    </trkpt>
    <trkpt lat="67.7845656" lon="24.7804035">
      <time>2025-03-20T10:53:10Z</time>
    </trkpt>
    <trkpt lat="67.7843747" lon="24.7802652">
      <time>2025-03-20T10:53:16Z</time>
    </trkpt>
    <trkpt lat="67.7841203" lon="24.7801155">
      <time>2025-03-20T10:53:24Z</time>
    </trkpt>
    <trkpt lat="67.7839506" lon="24.7800532">
      <time>2025-03-20T10:53:30Z</time>
    </trkpt>
    <trkpt lat="67.7836927" lon="24.7799691">
      <time>2025-03-20T10:53:38Z</time>
    </trkpt>
    <trkpt lat="67.7834518" lon="24.7797809">
      <time>2025-03-20T10:53:45Z</time>
    </trkpt>
    <trkpt lat="67.7833184" lon="24.7795954">
      <time>2025-03-20T10:53:50Z</time>
    </trkpt>
    <trkpt lat="67.7832896" lon="24.7795526">
      <time>2025-03-20T10:53:51Z</time>
    </trkpt>
    <trkpt lat="67.7831323" lon="24.7793029">
      <time>2025-03-20T10:53:57Z</time>
    </trkpt>
    <trkpt lat="67.7829546" lon="24.7789909">
      <time>2025-03-20T10:54:04Z</time>
    </trkpt>
    <trkpt lat="67.7827690" lon="24.7786222">
      <time>2025-03-20T10:54:11Z</time>
    </trkpt>
    <trkpt lat="67.7825762" lon="24.7784448">
      <time>2025-03-20T10:54:18Z</time>
    </trkpt>
    <trkpt lat="67.7823605" lon="24.7783269">
      <time>2025-03-20T10:54:25Z</time>
    </trkpt>
    <trkpt lat="67.7821041" lon="24.7783161">
      <time>2025-03-20T10:54:32Z</time>
    </trkpt>
    <trkpt lat="67.7818759" lon="24.7783379">
      <time>2025-03-20T10:54:40Z</time>
    </trkpt>
    <trkpt lat="67.7818462" lon="24.7783395">
      <time>2025-03-20T10:54:41Z</time>
    </trkpt>
    <trkpt lat="67.7816708" lon="24.7784056">
      <time>2025-03-20T10:54:47Z</time>
    </trkpt>
    <trkpt lat="67.7815027" lon="24.7786545">
      <time>2025-03-20T10:54:54Z</time>
    </trkpt>
    <trkpt lat="67.7813167" lon="24.7791573">
      <time>2025-03-20T10:55:04Z</time>
    </trkpt>
    <trkpt lat="67.7811188" lon="24.7796816">
      <time>2025-03-20T10:55:13Z</time>
    </trkpt>
    <trkpt lat="67.7810508" lon="24.7801058">
      <time>2025-03-20T10:55:19Z</time>
    </trkpt>
    <trkpt lat="67.7810783" lon="24.7806300">
      <time>2025-03-20T10:55:26Z</time>
    </trkpt>
    <trkpt lat="67.7810444" lon="24.7811718">
      <time>2025-03-20T10:55:33Z</time>
    </trkpt>
    <trkpt lat="67.7809119" lon="24.7818327">
      <time>2025-03-20T10:55:42Z</time>
    </trkpt>
    <trkpt lat="67.7808001" lon="24.7824022">
      <time>2025-03-20T10:55:50Z</time>
    </trkpt>
    <trkpt lat="67.7807275" lon="24.7828910">
      <time>2025-03-20T10:55:57Z</time>
    </trkpt>
    <trkpt lat="67.7805988" lon="24.7834629">
      <time>2025-03-20T10:56:06Z</time>
    </trkpt>
    <trkpt lat="67.7804395" lon="24.7837854">
      <time>2025-03-20T10:56:13Z</time>
    </trkpt>
    <trkpt lat="67.7802549" lon="24.7838472">
      <time>2025-03-20T10:56:20Z</time>
    </trkpt>
    <trkpt lat="67.7800365" lon="24.7838164">
      <time>2025-03-20T10:56:27Z</time>
    </trkpt>
    <trkpt lat="67.7799244" lon="24.7838524">
      <time>2025-03-20T10:56:31Z</time>
    </trkpt>
    <trkpt lat="67.7798115" lon="24.7839294">
      <time>2025-03-20T10:56:35Z</time>
    </trkpt>
    <trkpt lat="67.7796078" lon="24.7840274">
      <time>2025-03-20T10:56:42Z</time>
    </trkpt>
    <trkpt lat="67.7794641" lon="24.7839672">
      <time>2025-03-20T10:56:47Z</time>
    </trkpt>
    <trkpt lat="67.7794043" lon="24.7839272">
      <time>2025-03-20T10:56:49Z</time>
    </trkpt>
    <trkpt lat="67.7792277" lon="24.7836453">
      <time>2025-03-20T10:56:56Z</time>
    </trkpt>
    <trkpt lat="67.7791089" lon="24.7833221">
      <time>2025-03-20T10:57:02Z</time>
    </trkpt>
    <trkpt lat="67.7790298" lon="24.7831255">
      <time>2025-03-20T10:57:06Z</time>
    </trkpt>
    <trkpt lat="67.7790087" lon="24.7830816">
      <time>2025-03-20T10:57:07Z</time>
    </trkpt>
    <trkpt lat="67.7787845" lon="24.7828248">
      <time>2025-03-20T10:57:16Z</time>
    </trkpt>
    <trkpt lat="67.7785420" lon="24.7828625">
      <time>2025-03-20T10:57:24Z</time>
    </trkpt>
    <trkpt lat="67.7783772" lon="24.7830834">
      <time>2025-03-20T10:57:30Z</time>
    </trkpt>
    <trkpt lat="67.7782603" lon="24.7833514">
      <time>2025-03-20T10:57:36Z</time>
    </trkpt>
    <trkpt lat="67.7781488" lon="24.7836699">
      <time>2025-03-20T10:57:43Z</time>
    </trkpt>
    <trkpt lat="67.7781277" lon="24.7841275">
      <time>2025-03-20T10:57:49Z</time>
    </trkpt>
    <trkpt lat="67.7781766" lon="24.7846215">
      <time>2025-03-20T10:57:56Z</time>
    </trkpt>
    <trkpt lat="67.7781491" lon="24.7850950">
      <time>2025-03-20T10:58:02Z</time>
    </trkpt>
    <trkpt lat="67.7780468" lon="24.7855640">
      <time>2025-03-20T10:58:09Z</time>
    </trkpt>
    <trkpt lat="67.7778949" lon="24.7858081">
      <time>2025-03-20T10:58:15Z</time>
    </trkpt>
    <trkpt lat="67.7776981" lon="24.7859439">
      <time>2025-03-20T10:58:22Z</time>
    </trkpt>
    <trkpt lat="67.7775274" lon="24.7861398">
      <time>2025-03-20T10:58:28Z</time>
    </trkpt>
    <trkpt lat="67.7774257" lon="24.7864249">
      <time>2025-03-20T10:58:33Z</time>
    </trkpt>
    <trkpt lat="67.7773669" lon="24.7868532">
      <time>2025-03-20T10:58:39Z</time>
    </trkpt>
    <trkpt lat="67.7773231" lon="24.7875161">
      <time>2025-03-20T10:58:48Z</time>
    </trkpt>
    <trkpt lat="67.7772865" lon="24.7880494">
      <time>2025-03-20T10:58:54Z</time>
    </trkpt>
    <trkpt lat="67.7771820" lon="24.7888474">
      <time>2025-03-20T10:59:03Z</time>
    </trkpt>
    <trkpt lat="67.7770723" lon="24.7893785">
      <time>2025-03-20T10:59:10Z</time>
    </trkpt>
    <trkpt lat="67.7769797" lon="24.7897157">
      <time>2025-03-20T10:59:17Z</time>
    </trkpt>
    <trkpt lat="67.7768723" lon="24.7900204">
      <time>2025-03-20T10:59:23Z</time>
    </trkpt>
    <trkpt lat="67.7768480" lon="24.7900582">
      <time>2025-03-20T10:59:24Z</time>
    </trkpt>
    <trkpt lat="67.7767205" lon="24.7901926">
      <time>2025-03-20T10:59:29Z</time>
    </trkpt>
    <trkpt lat="67.7765798" lon="24.7901527">
      <time>2025-03-20T10:59:35Z</time>
    </trkpt>
    <trkpt lat="67.7764544" lon="24.7900737">
      <time>2025-03-20T10:59:41Z</time>
    </trkpt>
    <trkpt lat="67.7762838" lon="24.7899360">
      <time>2025-03-20T10:59:48Z</time>
    </trkpt>
    <trkpt lat="67.7761989" lon="24.7899017">
      <time>2025-03-20T10:59:51Z</time>
    </trkpt>
    <trkpt lat="67.7760244" lon="24.7897879">
      <time>2025-03-20T10:59:57Z</time>
    </trkpt>
    <trkpt lat="67.7758390" lon="24.7896085">
      <time>2025-03-20T11:00:05Z</time>
    </trkpt>
    <trkpt lat="67.7756709" lon="24.7895101">
      <time>2025-03-20T11:00:12Z</time>
    </trkpt>
    <trkpt lat="67.7754747" lon="24.7893624">
      <time>2025-03-20T11:00:20Z</time>
    </trkpt>
    <trkpt lat="67.7752386" lon="24.7892068">
      <time>2025-03-20T11:00:29Z</time>
    </trkpt>
    <trkpt lat="67.7749973" lon="24.7890356">
      <time>2025-03-20T11:00:39Z</time>
    </trkpt>
    <trkpt lat="67.7748504" lon="24.7888776">
      <time>2025-03-20T11:00:46Z</time>
    </trkpt>
    <trkpt lat="67.7747027" lon="24.7887021">
      <time>2025-03-20T11:00:52Z</time>
    </trkpt>
    <trkpt lat="67.7744970" lon="24.7884927">
      <time>2025-03-20T11:01:00Z</time>
    </trkpt>
    <trkpt lat="67.7742937" lon="24.7883006">
      <time>2025-03-20T11:01:08Z</time>
    </trkpt>
    <trkpt lat="67.7741311" lon="24.7881253">
      <time>2025-03-20T11:01:14Z</time>
    </trkpt>
    <trkpt lat="67.7740232" lon="24.7880032">
      <time>2025-03-20T11:01:18Z</time>
    </trkpt>
    <trkpt lat="67.7738100" lon="24.7877484">
      <time>2025-03-20T11:01:26Z</time>
    </trkpt>
    <trkpt lat="67.7735910" lon="24.7873630">
      <time>2025-03-20T11:01:34Z</time>
    </trkpt>
    <trkpt lat="67.7733848" lon="24.7869587">
      <time>2025-03-20T11:01:42Z</time>
    </trkpt>
    <trkpt lat="67.7732542" lon="24.7867950">
      <time>2025-03-20T11:01:47Z</time>
    </trkpt>
    <trkpt lat="67.7730831" lon="24.7865967">
      <time>2025-03-20T11:01:55Z</time>
    </trkpt>
    <trkpt lat="67.7729466" lon="24.7864120">
      <time>2025-03-20T11:02:02Z</time>
    </trkpt>
    <trkpt lat="67.7728343" lon="24.7862701">
      <time>2025-03-20T11:02:07Z</time>
    </trkpt>
    <trkpt lat="67.7727895" lon="24.7862234">
      <time>2025-03-20T11:02:09Z</time>
    </trkpt>
    <trkpt lat="67.7726300" lon="24.7861249">
      <time>2025-03-20T11:02:16Z</time>
    </trkpt>
    <trkpt lat="67.7724720" lon="24.7860753">
      <time>2025-03-20T11:02:23Z</time>
    </trkpt>
    <trkpt lat="67.7722559" lon="24.7860199">
      <time>2025-03-20T11:02:32Z</time>
    </trkpt>
    <trkpt lat="67.7720663" lon="24.7859951">
      <time>2025-03-20T11:02:40Z</time>
    </trkpt>
    <trkpt lat="67.7719030" lon="24.7859257">
      <time>2025-03-20T11:02:47Z</time>
    </trkpt>
    <trkpt lat="67.7716904" lon="24.7858383">
      <time>2025-03-20T11:02:57Z</time>
    </trkpt>
    <trkpt lat="67.7715299" lon="24.7858857">
      <time>2025-03-20T11:03:04Z</time>
    </trkpt>
    <trkpt lat="67.7713546" lon="24.7858690">
      <time>2025-03-20T11:03:12Z</time>
    </trkpt>
    <trkpt lat="67.7711765" lon="24.7858398">
      <time>2025-03-20T11:03:21Z</time>
    </trkpt>
    <trkpt lat="67.7709431" lon="24.7857745">
      <time>2025-03-20T11:03:31Z</time>
    </trkpt>
    <trkpt lat="67.7707482" lon="24.7857028">
      <time>2025-03-20T11:03:39Z</time>
    </trkpt>
    <trkpt lat="67.7705879" lon="24.7856723">
      <time>2025-03-20T11:03:46Z</time>
    </trkpt>
    <trkpt lat="67.7704064" lon="24.7856432">
      <time>2025-03-20T11:03:54Z</time>
    </trkpt>
    <trkpt lat="67.7701879" lon="24.7855844">
      <time>2025-03-20T11:04:03Z</time>
    </trkpt>
    <trkpt lat="67.7699895" lon="24.7856028">
      <time>2025-03-20T11:04:10Z</time>
    </trkpt>
    <trkpt lat="67.7697846" lon="24.7857321">
      <time>2025-03-20T11:04:17Z</time>
    </trkpt>
    <trkpt lat="67.7697577" lon="24.7857315">
      <time>2025-03-20T11:04:18Z</time>
    </trkpt>
    <trkpt lat="67.7695828" lon="24.7856434">
      <time>2025-03-20T11:04:25Z</time>
    </trkpt>
    <trkpt lat="67.7693925" lon="24.7855759">
      <time>2025-03-20T11:04:32Z</time>
    </trkpt>
    <trkpt lat="67.7692010" lon="24.7855058">
      <time>2025-03-20T11:04:36Z</time>
    </trkpt>
    <trkpt lat="67.7688916" lon="24.7853621">
      <time>2025-03-20T11:04:43Z</time>
    </trkpt>
    <trkpt lat="67.7687727" lon="24.7852946">
      <time>2025-03-20T11:04:46Z</time>
    </trkpt>
    <trkpt lat="67.7687286" lon="24.7852740">
      <time>2025-03-20T11:04:47Z</time>
    </trkpt>
    <trkpt lat="67.7685832" lon="24.7852293">
      <time>2025-03-20T11:04:50Z</time>
    </trkpt>
    <trkpt lat="67.7685319" lon="24.7852115">
      <time>2025-03-20T11:04:51Z</time>
    </trkpt>
    <trkpt lat="67.7680989" lon="24.7850387">
      <time>2025-03-20T11:04:58Z</time>
    </trkpt>
    <trkpt lat="67.7676358" lon="24.7848407">
      <time>2025-03-20T11:05:04Z</time>
    </trkpt>
    <trkpt lat="67.7675724" lon="24.7848098">
      <time>2025-03-20T11:05:05Z</time>
    </trkpt>
    <trkpt lat="67.7671354" lon="24.7846137">
      <time>2025-03-20T11:05:11Z</time>
    </trkpt>
    <trkpt lat="67.7668880" lon="24.7844909">
      <time>2025-03-20T11:05:16Z</time>
    </trkpt>
    <trkpt lat="67.7666049" lon="24.7844051">
      <time>2025-03-20T11:05:23Z</time>
    </trkpt>
    <trkpt lat="67.7664232" lon="24.7843865">
      <time>2025-03-20T11:05:28Z</time>
    </trkpt>
    <trkpt lat="67.7663566" lon="24.7843652">
      <time>2025-03-20T11:05:30Z</time>
    </trkpt>
    <trkpt lat="67.7660989" lon="24.7842697">
      <time>2025-03-20T11:05:38Z</time>
    </trkpt>
    <trkpt lat="67.7658744" lon="24.7841364">
      <time>2025-03-20T11:05:45Z</time>
    </trkpt>
    <trkpt lat="67.7656903" lon="24.7840639">
      <time>2025-03-20T11:05:51Z</time>
    </trkpt>
    <trkpt lat="67.7656633" lon="24.7840543">
      <time>2025-03-20T11:05:52Z</time>
    </trkpt>
    <trkpt lat="67.7654193" lon="24.7840104">
      <time>2025-03-20T11:06:00Z</time>
    </trkpt>
    <trkpt lat="67.7652129" lon="24.7839349">
      <time>2025-03-20T11:06:06Z</time>
    </trkpt>
    <trkpt lat="67.7651786" lon="24.7839157">
      <time>2025-03-20T11:06:07Z</time>
    </trkpt>
    <trkpt lat="67.7650102" lon="24.7838338">
      <time>2025-03-20T11:06:12Z</time>
    </trkpt>
    <trkpt lat="67.7648380" lon="24.7837297">
      <time>2025-03-20T11:06:17Z</time>
    </trkpt>
    <trkpt lat="67.7646264" lon="24.7836293">
      <time>2025-03-20T11:06:23Z</time>
    </trkpt>
    <trkpt lat="67.7643367" lon="24.7834865">
      <time>2025-03-20T11:06:31Z</time>
    </trkpt>
    <trkpt lat="67.7640653" lon="24.7833738">
      <time>2025-03-20T11:06:39Z</time>
    </trkpt>
    <trkpt lat="67.7638382" lon="24.7833396">
      <time>2025-03-20T11:06:46Z</time>
    </trkpt>
    <trkpt lat="67.7636234" lon="24.7835822">
      <time>2025-03-20T11:06:53Z</time>
    </trkpt>
    <trkpt lat="67.7634370" lon="24.7839487">
      <time>2025-03-20T11:07:00Z</time>
    </trkpt>
    <trkpt lat="67.7632017" lon="24.7843572">
      <time>2025-03-20T11:07:08Z</time>
    </trkpt>
    <trkpt lat="67.7630840" lon="24.7845374">
      <time>2025-03-20T11:07:12Z</time>
    </trkpt>
    <trkpt lat="67.7629110" lon="24.7848001">
      <time>2025-03-20T11:07:18Z</time>
    </trkpt>
    <trkpt lat="67.7626436" lon="24.7851031">
      <time>2025-03-20T11:07:26Z</time>
    </trkpt>
    <trkpt lat="67.7624930" lon="24.7852506">
      <time>2025-03-20T11:07:30Z</time>
    </trkpt>
    <trkpt lat="67.7623613" lon="24.7854119">
      <time>2025-03-20T11:07:34Z</time>
    </trkpt>
    <trkpt lat="67.7621282" lon="24.7855980">
      <time>2025-03-20T11:07:41Z</time>
    </trkpt>
    <trkpt lat="67.7618477" lon="24.7856302">
      <time>2025-03-20T11:07:49Z</time>
    </trkpt>
    <trkpt lat="67.7616502" lon="24.7856509">
      <time>2025-03-20T11:07:55Z</time>
    </trkpt>
    <trkpt lat="67.7613948" lon="24.7855748">
      <time>2025-03-20T11:08:03Z</time>
    </trkpt>
    <trkpt lat="67.7611400" lon="24.7854441">
      <time>2025-03-20T11:08:11Z</time>
    </trkpt>
    <trkpt lat="67.7608779" lon="24.7851320">
      <time>2025-03-20T11:08:19Z</time>
    </trkpt>
    <trkpt lat="67.7607326" lon="24.7848184">
      <time>2025-03-20T11:08:25Z</time>
    </trkpt>
    <trkpt lat="67.7605582" lon="24.7844360">
      <time>2025-03-20T11:08:33Z</time>
    </trkpt>
    <trkpt lat="67.7603687" lon="24.7842414">
      <time>2025-03-20T11:08:40Z</time>
    </trkpt>
    <trkpt lat="67.7601713" lon="24.7839721">
      <time>2025-03-20T11:08:47Z</time>
    </trkpt>
    <trkpt lat="67.7599724" lon="24.7837830">
      <time>2025-03-20T11:08:54Z</time>
    </trkpt>
    <trkpt lat="67.7597607" lon="24.7839274">
      <time>2025-03-20T11:09:01Z</time>
    </trkpt>
    <trkpt lat="67.7595364" lon="24.7842393">
      <time>2025-03-20T11:09:09Z</time>
    </trkpt>
    <trkpt lat="67.7592964" lon="24.7845707">
      <time>2025-03-20T11:09:18Z</time>
    </trkpt>
    <trkpt lat="67.7591942" lon="24.7848823">
      <time>2025-03-20T11:09:23Z</time>
    </trkpt>
    <trkpt lat="67.7590745" lon="24.7851931">
      <time>2025-03-20T11:09:28Z</time>
    </trkpt>
    <trkpt lat="67.7588630" lon="24.7856952">
      <time>2025-03-20T11:09:37Z</time>
    </trkpt>
    <trkpt lat="67.7587291" lon="24.7860771">
      <time>2025-03-20T11:09:43Z</time>
    </trkpt>
    <trkpt lat="67.7585500" lon="24.7865667">
      <time>2025-03-20T11:09:51Z</time>
    </trkpt>
    <trkpt lat="67.7584595" lon="24.7867385">
      <time>2025-03-20T11:09:56Z</time>
    </trkpt>
    <trkpt lat="67.7584552" lon="24.7867519">
      <time>2025-03-20T11:09:57Z</time>
    </trkpt>
    <trkpt lat="67.7584542" lon="24.7867574">
      <time>2025-03-20T11:09:59Z</time>
    </trkpt>
    <trkpt lat="67.7584470" lon="24.7867307">
      <time>2025-03-20T11:11:08Z</time>
    </trkpt>
    <trkpt lat="67.7584251" lon="24.7866927">
      <time>2025-03-20T11:11:09Z</time>
    </trkpt>
    <trkpt lat="67.7583114" lon="24.7864373">
      <time>2025-03-20T11:11:14Z</time>
    </trkpt>
    <trkpt lat="67.7582489" lon="24.7862700">
      <time>2025-03-20T11:11:17Z</time>
    </trkpt>
    <trkpt lat="67.7581583" lon="24.7859799">
      <time>2025-03-20T11:11:22Z</time>
    </trkpt>
    <trkpt lat="67.7580796" lon="24.7856694">
      <time>2025-03-20T11:11:27Z</time>
    </trkpt>
    <trkpt lat="67.7580630" lon="24.7856089">
      <time>2025-03-20T11:11:28Z</time>
    </trkpt>
    <trkpt lat="67.7580138" lon="24.7854327">
      <time>2025-03-20T11:11:31Z</time>
    </trkpt>
    <trkpt lat="67.7579504" lon="24.7851754">
      <time>2025-03-20T11:11:35Z</time>
    </trkpt>
    <trkpt lat="67.7578566" lon="24.7848026">
      <time>2025-03-20T11:11:41Z</time>
    </trkpt>
    <trkpt lat="67.7577949" lon="24.7846171">
      <time>2025-03-20T11:11:44Z</time>
    </trkpt>
    <trkpt lat="67.7576958" lon="24.7843231">
      <time>2025-03-20T11:11:49Z</time>
    </trkpt>
    <trkpt lat="67.7576179" lon="24.7841022">
      <time>2025-03-20T11:11:52Z</time>
    </trkpt>
    <trkpt lat="67.7575341" lon="24.7838698">
      <time>2025-03-20T11:11:57Z</time>
    </trkpt>
    <trkpt lat="67.7574742" lon="24.7836846">
      <time>2025-03-20T11:12:00Z</time>
    </trkpt>
    <trkpt lat="67.7573824" lon="24.7831667">
      <time>2025-03-20T11:12:07Z</time>
    </trkpt>
    <trkpt lat="67.7573670" lon="24.7827246">
      <time>2025-03-20T11:12:13Z</time>
    </trkpt>
    <trkpt lat="67.7573682" lon="24.7822744">
      <time>2025-03-20T11:12:19Z</time>
    </trkpt>
    <trkpt lat="67.7573605" lon="24.7817087">
      <time>2025-03-20T11:12:26Z</time>
    </trkpt>
    <trkpt lat="67.7572766" lon="24.7811175">
      <time>2025-03-20T11:12:34Z</time>
    </trkpt>
    <trkpt lat="67.7571404" lon="24.7806344">
      <time>2025-03-20T11:12:42Z</time>
    </trkpt>
    <trkpt lat="67.7569610" lon="24.7804018">
      <time>2025-03-20T11:12:49Z</time>
    </trkpt>
    <trkpt lat="67.7566626" lon="24.7802440">
      <time>2025-03-20T11:12:58Z</time>
    </trkpt>
    <trkpt lat="67.7564780" lon="24.7801543">
      <time>2025-03-20T11:13:02Z</time>
    </trkpt>
    <trkpt lat="67.7564310" lon="24.7801189">
      <time>2025-03-20T11:13:03Z</time>
    </trkpt>
    <trkpt lat="67.7563004" lon="24.7799781">
      <time>2025-03-20T11:13:06Z</time>
    </trkpt>
    <trkpt lat="67.7561838" lon="24.7798150">
      <time>2025-03-20T11:13:09Z</time>
    </trkpt>
    <trkpt lat="67.7561164" lon="24.7797191">
      <time>2025-03-20T11:13:11Z</time>
    </trkpt>
    <trkpt lat="67.7560213" lon="24.7795816">
      <time>2025-03-20T11:13:14Z</time>
    </trkpt>
    <trkpt lat="67.7558857" lon="24.7793453">
      <time>2025-03-20T11:13:19Z</time>
    </trkpt>
    <trkpt lat="67.7556807" lon="24.7789044">
      <time>2025-03-20T11:13:27Z</time>
    </trkpt>
    <trkpt lat="67.7555361" lon="24.7785453">
      <time>2025-03-20T11:13:33Z</time>
    </trkpt>
    <trkpt lat="67.7554059" lon="24.7781594">
      <time>2025-03-20T11:13:39Z</time>
    </trkpt>
    <trkpt lat="67.7553014" lon="24.7777363">
      <time>2025-03-20T11:13:45Z</time>
    </trkpt>
    <trkpt lat="67.7552428" lon="24.7772525">
      <time>2025-03-20T11:13:52Z</time>
    </trkpt>
    <trkpt lat="67.7552495" lon="24.7770099">
      <time>2025-03-20T11:13:58Z</time>
    </trkpt>
    <trkpt lat="67.7552492" lon="24.7769675">
      <time>2025-03-20T11:14:02Z</time>
    </trkpt>
    <trkpt lat="67.7553981" lon="24.7763854">
      <time>2025-03-20T11:16:24Z</time>
    </trkpt>
    <trkpt lat="67.7553981" lon="24.7763853">
      <time>2025-03-20T11:16:25Z</time>
    </trkpt>
    <trkpt lat="67.7554571" lon="24.7768759">
      <time>2025-03-20T11:24:29Z</time>
    </trkpt>
    <trkpt lat="67.7554575" lon="24.7768795">
      <time>2025-03-20T11:24:30Z</time>
    </trkpt>
    <trkpt lat="67.7552843" lon="24.7772739">
      <time>2025-03-20T11:29:59Z</time>
    </trkpt>
    <trkpt lat="67.7552787" lon="24.7773542">
      <time>2025-03-20T11:30:00Z</time>
    </trkpt>
    <trkpt lat="67.7552762" lon="24.7776703">
      <time>2025-03-20T11:30:04Z</time>
    </trkpt>
    <trkpt lat="67.7552854" lon="24.7777425">
      <time>2025-03-20T11:30:05Z</time>
    </trkpt>
    <trkpt lat="67.7553920" lon="24.7782191">
      <time>2025-03-20T11:30:12Z</time>
    </trkpt>
    <trkpt lat="67.7555414" lon="24.7787202">
      <time>2025-03-20T11:30:20Z</time>
    </trkpt>
    <trkpt lat="67.7557101" lon="24.7791251">
      <time>2025-03-20T11:30:27Z</time>
    </trkpt>
    <trkpt lat="67.7557365" lon="24.7791829">
      <time>2025-03-20T11:30:28Z</time>
    </trkpt>
    <trkpt lat="67.7557646" lon="24.7792357">
      <time>2025-03-20T11:30:29Z</time>
    </trkpt>
    <trkpt lat="67.7559569" lon="24.7795726">
      <time>2025-03-20T11:30:36Z</time>
    </trkpt>
    <trkpt lat="67.7560662" lon="24.7797395">
      <time>2025-03-20T11:30:40Z</time>
    </trkpt>
    <trkpt lat="67.7561565" lon="24.7798649">
      <time>2025-03-20T11:30:43Z</time>
    </trkpt>
    <trkpt lat="67.7562349" lon="24.7799870">
      <time>2025-03-20T11:30:46Z</time>
    </trkpt>
    <trkpt lat="67.7564424" lon="24.7802046">
      <time>2025-03-20T11:30:54Z</time>
    </trkpt>
    <trkpt lat="67.7564707" lon="24.7802281">
      <time>2025-03-20T11:30:55Z</time>
    </trkpt>
    <trkpt lat="67.7565007" lon="24.7802450">
      <time>2025-03-20T11:30:56Z</time>
    </trkpt>
    <trkpt lat="67.7565996" lon="24.7802664">
      <time>2025-03-20T11:31:00Z</time>
    </trkpt>
    <trkpt lat="67.7566909" lon="24.7802961">
      <time>2025-03-20T11:31:07Z</time>
    </trkpt>
    <trkpt lat="67.7566925" lon="24.7802934">
      <time>2025-03-20T11:31:08Z</time>
    </trkpt>
    <trkpt lat="67.7567473" lon="24.7802847">
      <time>2025-03-20T11:31:24Z</time>
    </trkpt>
    <trkpt lat="67.7567647" lon="24.7802942">
      <time>2025-03-20T11:31:25Z</time>
    </trkpt>
    <trkpt lat="67.7568047" lon="24.7803160">
      <time>2025-03-20T11:31:27Z</time>
    </trkpt>
    <trkpt lat="67.7569343" lon="24.7803855">
      <time>2025-03-20T11:31:34Z</time>
    </trkpt>
    <trkpt lat="67.7569905" lon="24.7804393">
      <time>2025-03-20T11:31:37Z</time>
    </trkpt>
    <trkpt lat="67.7571303" lon="24.7805804">
      <time>2025-03-20T11:31:43Z</time>
    </trkpt>
    <trkpt lat="67.7572407" lon="24.7808620">
      <time>2025-03-20T11:31:50Z</time>
    </trkpt>
    <trkpt lat="67.7572861" lon="24.7811232">
      <time>2025-03-20T11:31:56Z</time>
    </trkpt>
    <trkpt lat="67.7572971" lon="24.7811748">
      <time>2025-03-20T11:31:57Z</time>
    </trkpt>
    <trkpt lat="67.7573597" lon="24.7815502">
      <time>2025-03-20T11:32:03Z</time>
    </trkpt>
    <trkpt lat="67.7573816" lon="24.7817450">
      <time>2025-03-20T11:32:06Z</time>
    </trkpt>
    <trkpt lat="67.7573881" lon="24.7819489">
      <time>2025-03-20T11:32:09Z</time>
    </trkpt>
    <trkpt lat="67.7573879" lon="24.7820209">
      <time>2025-03-20T11:32:10Z</time>
    </trkpt>
    <trkpt lat="67.7573761" lon="24.7828988">
      <time>2025-03-20T11:32:21Z</time>
    </trkpt>
    <trkpt lat="67.7573777" lon="24.7830546">
      <time>2025-03-20T11:32:23Z</time>
    </trkpt>
    <trkpt lat="67.7574160" lon="24.7834449">
      <time>2025-03-20T11:32:28Z</time>
    </trkpt>
    <trkpt lat="67.7574968" lon="24.7837802">
      <time>2025-03-20T11:32:33Z</time>
    </trkpt>
    <trkpt lat="67.7575172" lon="24.7838404">
      <time>2025-03-20T11:32:34Z</time>
    </trkpt>
    <trkpt lat="67.7577234" lon="24.7844601">
      <time>2025-03-20T11:32:43Z</time>
    </trkpt>
    <trkpt lat="67.7578900" lon="24.7849665">
      <time>2025-03-20T11:32:52Z</time>
    </trkpt>
    <trkpt lat="67.7579073" lon="24.7850232">
      <time>2025-03-20T11:32:53Z</time>
    </trkpt>
    <trkpt lat="67.7579916" lon="24.7853783">
      <time>2025-03-20T11:32:58Z</time>
    </trkpt>
    <trkpt lat="67.7580640" lon="24.7856335">
      <time>2025-03-20T11:33:02Z</time>
    </trkpt>
    <trkpt lat="67.7581927" lon="24.7861112">
      <time>2025-03-20T11:33:09Z</time>
    </trkpt>
    <trkpt lat="67.7582120" lon="24.7861747">
      <time>2025-03-20T11:33:10Z</time>
    </trkpt>
    <trkpt lat="67.7582520" lon="24.7862899">
      <time>2025-03-20T11:33:12Z</time>
    </trkpt>
    <trkpt lat="67.7584487" lon="24.7866745">
      <time>2025-03-20T11:33:20Z</time>
    </trkpt>
    <trkpt lat="67.7585094" lon="24.7868243">
      <time>2025-03-20T11:33:23Z</time>
    </trkpt>
    <trkpt lat="67.7585288" lon="24.7869731">
      <time>2025-03-20T11:33:25Z</time>
    </trkpt>
    <trkpt lat="67.7585330" lon="24.7870535">
      <time>2025-03-20T11:33:26Z</time>
    </trkpt>
    <trkpt lat="67.7585587" lon="24.7875227">
      <time>2025-03-20T11:33:31Z</time>
    </trkpt>
    <trkpt lat="67.7585648" lon="24.7876077">
      <time>2025-03-20T11:33:33Z</time>
    </trkpt>
    <trkpt lat="67.7585748" lon="24.7876986">
      <time>2025-03-20T11:33:34Z</time>
    </trkpt>
    <trkpt lat="67.7586110" lon="24.7880546">
      <time>2025-03-20T11:33:38Z</time>
    </trkpt>
    <trkpt lat="67.7586349" lon="24.7882402">
      <time>2025-03-20T11:33:40Z</time>
    </trkpt>
    <trkpt lat="67.7586814" lon="24.7888978">
      <time>2025-03-20T11:33:47Z</time>
    </trkpt>
    <trkpt lat="67.7586728" lon="24.7894408">
      <time>2025-03-20T11:33:53Z</time>
    </trkpt>
    <trkpt lat="67.7587393" lon="24.7899126">
      <time>2025-03-20T11:33:59Z</time>
    </trkpt>
    <trkpt lat="67.7588146" lon="24.7901924">
      <time>2025-03-20T11:34:03Z</time>
    </trkpt>
    <trkpt lat="67.7588343" lon="24.7902685">
      <time>2025-03-20T11:34:04Z</time>
    </trkpt>
    <trkpt lat="67.7589221" lon="24.7905337">
      <time>2025-03-20T11:34:08Z</time>
    </trkpt>
    <trkpt lat="67.7590944" lon="24.7909010">
      <time>2025-03-20T11:34:15Z</time>
    </trkpt>
    <trkpt lat="67.7592448" lon="24.7912623">
      <time>2025-03-20T11:34:22Z</time>
    </trkpt>
    <trkpt lat="67.7592823" lon="24.7913975">
      <time>2025-03-20T11:34:24Z</time>
    </trkpt>
    <trkpt lat="67.7593234" lon="24.7916005">
      <time>2025-03-20T11:34:27Z</time>
    </trkpt>
    <trkpt lat="67.7593502" lon="24.7917418">
      <time>2025-03-20T11:34:29Z</time>
    </trkpt>
    <trkpt lat="67.7593949" lon="24.7919620">
      <time>2025-03-20T11:34:32Z</time>
    </trkpt>
    <trkpt lat="67.7594268" lon="24.7921066">
      <time>2025-03-20T11:34:34Z</time>
    </trkpt>
    <trkpt lat="67.7594628" lon="24.7923233">
      <time>2025-03-20T11:34:37Z</time>
    </trkpt>
    <trkpt lat="67.7594898" lon="24.7924771">
      <time>2025-03-20T11:34:39Z</time>
    </trkpt>
    <trkpt lat="67.7595429" lon="24.7928659">
      <time>2025-03-20T11:34:44Z</time>
    </trkpt>
    <trkpt lat="67.7595415" lon="24.7932877">
      <time>2025-03-20T11:34:49Z</time>
    </trkpt>
    <trkpt lat="67.7595264" lon="24.7940463">
      <time>2025-03-20T11:34:58Z</time>
    </trkpt>
    <trkpt lat="67.7595368" lon="24.7947035">
      <time>2025-03-20T11:35:06Z</time>
    </trkpt>
    <trkpt lat="67.7595343" lon="24.7947906">
      <time>2025-03-20T11:35:07Z</time>
    </trkpt>
    <trkpt lat="67.7595305" lon="24.7948757">
      <time>2025-03-20T11:35:08Z</time>
    </trkpt>
    <trkpt lat="67.7595085" lon="24.7953612">
      <time>2025-03-20T11:35:14Z</time>
    </trkpt>
    <trkpt lat="67.7594727" lon="24.7960518">
      <time>2025-03-20T11:35:23Z</time>
    </trkpt>
    <trkpt lat="67.7594275" lon="24.7965963">
      <time>2025-03-20T11:35:30Z</time>
    </trkpt>
    <trkpt lat="67.7593751" lon="24.7970511">
      <time>2025-03-20T11:35:36Z</time>
    </trkpt>
    <trkpt lat="67.7593427" lon="24.7974749">
      <time>2025-03-20T11:35:42Z</time>
    </trkpt>
    <trkpt lat="67.7593450" lon="24.7978195">
      <time>2025-03-20T11:35:47Z</time>
    </trkpt>
    <trkpt lat="67.7593706" lon="24.7980740">
      <time>2025-03-20T11:35:51Z</time>
    </trkpt>
    <trkpt lat="67.7594782" lon="24.7985830">
      <time>2025-03-20T11:35:59Z</time>
    </trkpt>
    <trkpt lat="67.7595899" lon="24.7991547">
      <time>2025-03-20T11:36:07Z</time>
    </trkpt>
    <trkpt lat="67.7597159" lon="24.7997875">
      <time>2025-03-20T11:36:17Z</time>
    </trkpt>
    <trkpt lat="67.7598216" lon="24.8001973">
      <time>2025-03-20T11:36:24Z</time>
    </trkpt>
    <trkpt lat="67.7598373" lon="24.8002486">
      <time>2025-03-20T11:36:25Z</time>
    </trkpt>
    <trkpt lat="67.7598755" lon="24.8004298">
      <time>2025-03-20T11:36:28Z</time>
    </trkpt>
    <trkpt lat="67.7598970" lon="24.8005624">
      <time>2025-03-20T11:36:30Z</time>
    </trkpt>
    <trkpt lat="67.7599200" lon="24.8008340">
      <time>2025-03-20T11:36:34Z</time>
    </trkpt>
    <trkpt lat="67.7598959" lon="24.8012668">
      <time>2025-03-20T11:36:40Z</time>
    </trkpt>
    <trkpt lat="67.7598898" lon="24.8014088">
      <time>2025-03-20T11:36:42Z</time>
    </trkpt>
    <trkpt lat="67.7599059" lon="24.8017725">
      <time>2025-03-20T11:36:47Z</time>
    </trkpt>
    <trkpt lat="67.7599283" lon="24.8019886">
      <time>2025-03-20T11:36:50Z</time>
    </trkpt>
    <trkpt lat="67.7599532" lon="24.8021186">
      <time>2025-03-20T11:36:52Z</time>
    </trkpt>
    <trkpt lat="67.7599895" lon="24.8023193">
      <time>2025-03-20T11:36:55Z</time>
    </trkpt>
    <trkpt lat="67.7600180" lon="24.8025204">
      <time>2025-03-20T11:36:58Z</time>
    </trkpt>
    <trkpt lat="67.7600390" lon="24.8026471">
      <time>2025-03-20T11:37:00Z</time>
    </trkpt>
    <trkpt lat="67.7600581" lon="24.8029179">
      <time>2025-03-20T11:37:04Z</time>
    </trkpt>
    <trkpt lat="67.7600860" lon="24.8034284">
      <time>2025-03-20T11:37:11Z</time>
    </trkpt>
    <trkpt lat="67.7601338" lon="24.8038537">
      <time>2025-03-20T11:37:17Z</time>
    </trkpt>
    <trkpt lat="67.7602351" lon="24.8041348">
      <time>2025-03-20T11:37:22Z</time>
    </trkpt>
    <trkpt lat="67.7602627" lon="24.8041755">
      <time>2025-03-20T11:37:23Z</time>
    </trkpt>
    <trkpt lat="67.7603739" lon="24.8043361">
      <time>2025-03-20T11:37:27Z</time>
    </trkpt>
    <trkpt lat="67.7604272" lon="24.8043932">
      <time>2025-03-20T11:37:29Z</time>
    </trkpt>
    <trkpt lat="67.7604806" lon="24.8044435">
      <time>2025-03-20T11:37:31Z</time>
    </trkpt>
    <trkpt lat="67.7606341" lon="24.8045984">
      <time>2025-03-20T11:37:37Z</time>
    </trkpt>
    <trkpt lat="67.7607061" lon="24.8046872">
      <time>2025-03-20T11:37:40Z</time>
    </trkpt>
    <trkpt lat="67.7608275" lon="24.8048940">
      <time>2025-03-20T11:37:45Z</time>
    </trkpt>
    <trkpt lat="67.7609627" lon="24.8050674">
      <time>2025-03-20T11:37:50Z</time>
    </trkpt>
    <trkpt lat="67.7610323" lon="24.8051638">
      <time>2025-03-20T11:37:53Z</time>
    </trkpt>
    <trkpt lat="67.7611140" lon="24.8052913">
      <time>2025-03-20T11:37:57Z</time>
    </trkpt>
    <trkpt lat="67.7611365" lon="24.8053306">
      <time>2025-03-20T11:37:58Z</time>
    </trkpt>
    <trkpt lat="67.7612045" lon="24.8054317">
      <time>2025-03-20T11:38:01Z</time>
    </trkpt>
    <trkpt lat="67.7613467" lon="24.8056599">
      <time>2025-03-20T11:38:07Z</time>
    </trkpt>
    <trkpt lat="67.7613745" lon="24.8056969">
      <time>2025-03-20T11:38:08Z</time>
    </trkpt>
    <trkpt lat="67.7614750" lon="24.8058713">
      <time>2025-03-20T11:38:12Z</time>
    </trkpt>
    <trkpt lat="67.7615246" lon="24.8059554">
      <time>2025-03-20T11:38:14Z</time>
    </trkpt>
    <trkpt lat="67.7617340" lon="24.8062209">
      <time>2025-03-20T11:38:21Z</time>
    </trkpt>
    <trkpt lat="67.7619497" lon="24.8065604">
      <time>2025-03-20T11:38:29Z</time>
    </trkpt>
    <trkpt lat="67.7621912" lon="24.8069080">
      <time>2025-03-20T11:38:37Z</time>
    </trkpt>
    <trkpt lat="67.7623577" lon="24.8072935">
      <time>2025-03-20T11:38:43Z</time>
    </trkpt>
    <trkpt lat="67.7623842" lon="24.8073908">
      <time>2025-03-20T11:38:44Z</time>
    </trkpt>
    <trkpt lat="67.7624588" lon="24.8078481">
      <time>2025-03-20T11:38:48Z</time>
    </trkpt>
    <trkpt lat="67.7624743" lon="24.8080899">
      <time>2025-03-20T11:38:50Z</time>
    </trkpt>
    <trkpt lat="67.7624647" lon="24.8083238">
      <time>2025-03-20T11:38:52Z</time>
    </trkpt>
    <trkpt lat="67.7624557" lon="24.8084320">
      <time>2025-03-20T11:38:53Z</time>
    </trkpt>
    <trkpt lat="67.7624237" lon="24.8087669">
      <time>2025-03-20T11:38:56Z</time>
    </trkpt>
    <trkpt lat="67.7623956" lon="24.8090951">
      <time>2025-03-20T11:38:59Z</time>
    </trkpt>
    <trkpt lat="67.7623752" lon="24.8099125">
      <time>2025-03-20T11:39:07Z</time>
    </trkpt>
    <trkpt lat="67.7623632" lon="24.8101106">
      <time>2025-03-20T11:39:09Z</time>
    </trkpt>
    <trkpt lat="67.7623476" lon="24.8102786">
      <time>2025-03-20T11:39:11Z</time>
    </trkpt>
    <trkpt lat="67.7623412" lon="24.8104465">
      <time>2025-03-20T11:39:13Z</time>
    </trkpt>
    <trkpt lat="67.7623752" lon="24.8108340">
      <time>2025-03-20T11:39:18Z</time>
    </trkpt>
    <trkpt lat="67.7624030" lon="24.8110591">
      <time>2025-03-20T11:39:21Z</time>
    </trkpt>
    <trkpt lat="67.7624340" lon="24.8112961">
      <time>2025-03-20T11:39:23Z</time>
    </trkpt>
    <trkpt lat="67.7624438" lon="24.8114597">
      <time>2025-03-20T11:39:26Z</time>
    </trkpt>
    <trkpt lat="67.7624702" lon="24.8118234">
      <time>2025-03-20T11:39:31Z</time>
    </trkpt>
    <trkpt lat="67.7624834" lon="24.8121750">
      <time>2025-03-20T11:39:36Z</time>
    </trkpt>
    <trkpt lat="67.7624906" lon="24.8124907">
      <time>2025-03-20T11:39:40Z</time>
    </trkpt>
    <trkpt lat="67.7625072" lon="24.8126527">
      <time>2025-03-20T11:39:42Z</time>
    </trkpt>
    <trkpt lat="67.7625566" lon="24.8129299">
      <time>2025-03-20T11:39:46Z</time>
    </trkpt>
    <trkpt lat="67.7626698" lon="24.8133378">
      <time>2025-03-20T11:39:53Z</time>
    </trkpt>
    <trkpt lat="67.7628198" lon="24.8136847">
      <time>2025-03-20T11:40:01Z</time>
    </trkpt>
    <trkpt lat="67.7629911" lon="24.8139713">
      <time>2025-03-20T11:40:09Z</time>
    </trkpt>
    <trkpt lat="67.7631395" lon="24.8144066">
      <time>2025-03-20T11:40:16Z</time>
    </trkpt>
    <trkpt lat="67.7632843" lon="24.8148246">
      <time>2025-03-20T11:40:23Z</time>
    </trkpt>
    <trkpt lat="67.7633042" lon="24.8148850">
      <time>2025-03-20T11:40:24Z</time>
    </trkpt>
    <trkpt lat="67.7633531" lon="24.8149919">
      <time>2025-03-20T11:40:26Z</time>
    </trkpt>
    <trkpt lat="67.7633990" lon="24.8151050">
      <time>2025-03-20T11:40:28Z</time>
    </trkpt>
    <trkpt lat="67.7634209" lon="24.8151542">
      <time>2025-03-20T11:40:29Z</time>
    </trkpt>
    <trkpt lat="67.7635458" lon="24.8154309">
      <time>2025-03-20T11:40:34Z</time>
    </trkpt>
    <trkpt lat="67.7636390" lon="24.8158235">
      <time>2025-03-20T11:40:40Z</time>
    </trkpt>
    <trkpt lat="67.7636500" lon="24.8158948">
      <time>2025-03-20T11:40:41Z</time>
    </trkpt>
    <trkpt lat="67.7637223" lon="24.8163965">
      <time>2025-03-20T11:40:48Z</time>
    </trkpt>
    <trkpt lat="67.7637658" lon="24.8169085">
      <time>2025-03-20T11:40:54Z</time>
    </trkpt>
    <trkpt lat="67.7637599" lon="24.8170868">
      <time>2025-03-20T11:40:56Z</time>
    </trkpt>
    <trkpt lat="67.7637523" lon="24.8171803">
      <time>2025-03-20T11:40:57Z</time>
    </trkpt>
    <trkpt lat="67.7637176" lon="24.8174966">
      <time>2025-03-20T11:41:01Z</time>
    </trkpt>
    <trkpt lat="67.7636130" lon="24.8178905">
      <time>2025-03-20T11:41:07Z</time>
    </trkpt>
    <trkpt lat="67.7635881" lon="24.8179515">
      <time>2025-03-20T11:41:08Z</time>
    </trkpt>
    <trkpt lat="67.7635129" lon="24.8180880">
      <time>2025-03-20T11:41:11Z</time>
    </trkpt>
    <trkpt lat="67.7634400" lon="24.8181866">
      <time>2025-03-20T11:41:14Z</time>
    </trkpt>
    <trkpt lat="67.7633841" lon="24.8182628">
      <time>2025-03-20T11:41:16Z</time>
    </trkpt>
    <trkpt lat="67.7633280" lon="24.8183413">
      <time>2025-03-20T11:41:18Z</time>
    </trkpt>
    <trkpt lat="67.7632822" lon="24.8184354">
      <time>2025-03-20T11:41:20Z</time>
    </trkpt>
    <trkpt lat="67.7631859" lon="24.8187364">
      <time>2025-03-20T11:41:25Z</time>
    </trkpt>
    <trkpt lat="67.7630539" lon="24.8190274">
      <time>2025-03-20T11:41:31Z</time>
    </trkpt>
    <trkpt lat="67.7629215" lon="24.8191163">
      <time>2025-03-20T11:41:36Z</time>
    </trkpt>
    <trkpt lat="67.7627749" lon="24.8192213">
      <time>2025-03-20T11:41:42Z</time>
    </trkpt>
    <trkpt lat="67.7626541" lon="24.8194992">
      <time>2025-03-20T11:41:48Z</time>
    </trkpt>
    <trkpt lat="67.7625454" lon="24.8196815">
      <time>2025-03-20T11:41:53Z</time>
    </trkpt>
    <trkpt lat="67.7624109" lon="24.8200655">
      <time>2025-03-20T11:42:01Z</time>
    </trkpt>
    <trkpt lat="67.7623390" lon="24.8205069">
      <time>2025-03-20T11:42:07Z</time>
    </trkpt>
    <trkpt lat="67.7622643" lon="24.8209345">
      <time>2025-03-20T11:42:13Z</time>
    </trkpt>
    <trkpt lat="67.7621059" lon="24.8212393">
      <time>2025-03-20T11:42:20Z</time>
    </trkpt>
    <trkpt lat="67.7619198" lon="24.8213934">
      <time>2025-03-20T11:42:27Z</time>
    </trkpt>
    <trkpt lat="67.7617521" lon="24.8217662">
      <time>2025-03-20T11:42:35Z</time>
    </trkpt>
    <trkpt lat="67.7615879" lon="24.8222275">
      <time>2025-03-20T11:42:44Z</time>
    </trkpt>
    <trkpt lat="67.7614357" lon="24.8225227">
      <time>2025-03-20T11:42:51Z</time>
    </trkpt>
    <trkpt lat="67.7612957" lon="24.8228586">
      <time>2025-03-20T11:42:58Z</time>
    </trkpt>
    <trkpt lat="67.7612254" lon="24.8232405">
      <time>2025-03-20T11:43:04Z</time>
    </trkpt>
    <trkpt lat="67.7611648" lon="24.8237460">
      <time>2025-03-20T11:43:11Z</time>
    </trkpt>
    <trkpt lat="67.7610938" lon="24.8243727">
      <time>2025-03-20T11:43:20Z</time>
    </trkpt>
    <trkpt lat="67.7610260" lon="24.8249189">
      <time>2025-03-20T11:43:27Z</time>
    </trkpt>
    <trkpt lat="67.7609732" lon="24.8254096">
      <time>2025-03-20T11:43:33Z</time>
    </trkpt>
    <trkpt lat="67.7609158" lon="24.8260524">
      <time>2025-03-20T11:43:41Z</time>
    </trkpt>
    <trkpt lat="67.7608981" lon="24.8267240">
      <time>2025-03-20T11:43:50Z</time>
    </trkpt>
    <trkpt lat="67.7608960" lon="24.8267915">
      <time>2025-03-20T11:43:51Z</time>
    </trkpt>
    <trkpt lat="67.7608886" lon="24.8270703">
      <time>2025-03-20T11:43:55Z</time>
    </trkpt>
    <trkpt lat="67.7608849" lon="24.8273753">
      <time>2025-03-20T11:43:59Z</time>
    </trkpt>
    <trkpt lat="67.7608842" lon="24.8277610">
      <time>2025-03-20T11:44:07Z</time>
    </trkpt>
    <trkpt lat="67.7608860" lon="24.8277633">
      <time>2025-03-20T11:44:09Z</time>
    </trkpt>
    <trkpt lat="67.7608886" lon="24.8278434">
      <time>2025-03-20T11:45:15Z</time>
    </trkpt>
    <trkpt lat="67.7608865" lon="24.8279203">
      <time>2025-03-20T11:45:16Z</time>
    </trkpt>
    <trkpt lat="67.7608522" lon="24.8284200">
      <time>2025-03-20T11:45:22Z</time>
    </trkpt>
    <trkpt lat="67.7608457" lon="24.8285032">
      <time>2025-03-20T11:45:23Z</time>
    </trkpt>
    <trkpt lat="67.7607794" lon="24.8290951">
      <time>2025-03-20T11:45:31Z</time>
    </trkpt>
    <trkpt lat="67.7607246" lon="24.8296469">
      <time>2025-03-20T11:45:38Z</time>
    </trkpt>
    <trkpt lat="67.7606872" lon="24.8300201">
      <time>2025-03-20T11:45:44Z</time>
    </trkpt>
    <trkpt lat="67.7606788" lon="24.8301817">
      <time>2025-03-20T11:45:47Z</time>
    </trkpt>
    <trkpt lat="67.7606495" lon="24.8304125">
      <time>2025-03-20T11:45:51Z</time>
    </trkpt>
    <trkpt lat="67.7606069" lon="24.8308866">
      <time>2025-03-20T11:45:57Z</time>
    </trkpt>
    <trkpt lat="67.7605639" lon="24.8313529">
      <time>2025-03-20T11:46:03Z</time>
    </trkpt>
    <trkpt lat="67.7605208" lon="24.8318226">
      <time>2025-03-20T11:46:09Z</time>
    </trkpt>
    <trkpt lat="67.7604983" lon="24.8323386">
      <time>2025-03-20T11:46:15Z</time>
    </trkpt>
    <trkpt lat="67.7605263" lon="24.8328680">
      <time>2025-03-20T11:46:22Z</time>
    </trkpt>
    <trkpt lat="67.7605412" lon="24.8331322">
      <time>2025-03-20T11:46:26Z</time>
    </trkpt>
    <trkpt lat="67.7605687" lon="24.8335818">
      <time>2025-03-20T11:46:32Z</time>
    </trkpt>
    <trkpt lat="67.7605770" lon="24.8337393">
      <time>2025-03-20T11:46:34Z</time>
    </trkpt>
    <trkpt lat="67.7605935" lon="24.8339784">
      <time>2025-03-20T11:46:37Z</time>
    </trkpt>
    <trkpt lat="67.7605838" lon="24.8342857">
      <time>2025-03-20T11:46:41Z</time>
    </trkpt>
    <trkpt lat="67.7605646" lon="24.8346993">
      <time>2025-03-20T11:46:47Z</time>
    </trkpt>
    <trkpt lat="67.7605542" lon="24.8351374">
      <time>2025-03-20T11:46:54Z</time>
    </trkpt>
    <trkpt lat="67.7605503" lon="24.8352062">
      <time>2025-03-20T11:46:55Z</time>
    </trkpt>
    <trkpt lat="67.7605823" lon="24.8356205">
      <time>2025-03-20T11:47:01Z</time>
    </trkpt>
    <trkpt lat="67.7606051" lon="24.8360254">
      <time>2025-03-20T11:47:05Z</time>
    </trkpt>
    <trkpt lat="67.7606345" lon="24.8366592">
      <time>2025-03-20T11:47:12Z</time>
    </trkpt>
    <trkpt lat="67.7606325" lon="24.8371503">
      <time>2025-03-20T11:47:18Z</time>
    </trkpt>
    <trkpt lat="67.7606199" lon="24.8378156">
      <time>2025-03-20T11:47:26Z</time>
    </trkpt>
    <trkpt lat="67.7606054" lon="24.8382809">
      <time>2025-03-20T11:47:32Z</time>
    </trkpt>
    <trkpt lat="67.7605525" lon="24.8387457">
      <time>2025-03-20T11:47:39Z</time>
    </trkpt>
    <trkpt lat="67.7605251" lon="24.8392480">
      <time>2025-03-20T11:47:46Z</time>
    </trkpt>
    <trkpt lat="67.7605180" lon="24.8394902">
      <time>2025-03-20T11:47:49Z</time>
    </trkpt>
    <trkpt lat="67.7605039" lon="24.8398034">
      <time>2025-03-20T11:47:53Z</time>
    </trkpt>
    <trkpt lat="67.7604624" lon="24.8400849">
      <time>2025-03-20T11:47:57Z</time>
    </trkpt>
    <trkpt lat="67.7604381" lon="24.8403342">
      <time>2025-03-20T11:48:00Z</time>
    </trkpt>
    <trkpt lat="67.7603368" lon="24.8407949">
      <time>2025-03-20T11:48:06Z</time>
    </trkpt>
    <trkpt lat="67.7602866" lon="24.8409958">
      <time>2025-03-20T11:48:09Z</time>
    </trkpt>
    <trkpt lat="67.7602477" lon="24.8411313">
      <time>2025-03-20T11:48:11Z</time>
    </trkpt>
    <trkpt lat="67.7602116" lon="24.8412629">
      <time>2025-03-20T11:48:13Z</time>
    </trkpt>
    <trkpt lat="67.7601511" lon="24.8415544">
      <time>2025-03-20T11:48:17Z</time>
    </trkpt>
    <trkpt lat="67.7601262" lon="24.8416942">
      <time>2025-03-20T11:48:19Z</time>
    </trkpt>
    <trkpt lat="67.7600568" lon="24.8420405">
      <time>2025-03-20T11:48:24Z</time>
    </trkpt>
    <trkpt lat="67.7600080" lon="24.8422240">
      <time>2025-03-20T11:48:27Z</time>
    </trkpt>
    <trkpt lat="67.7599469" lon="24.8424544">
      <time>2025-03-20T11:48:31Z</time>
    </trkpt>
    <trkpt lat="67.7598320" lon="24.8429281">
      <time>2025-03-20T11:48:38Z</time>
    </trkpt>
    <trkpt lat="67.7598197" lon="24.8433057">
      <time>2025-03-20T11:48:44Z</time>
    </trkpt>
    <trkpt lat="67.7598524" lon="24.8436115">
      <time>2025-03-20T11:48:49Z</time>
    </trkpt>
    <trkpt lat="67.7598584" lon="24.8436609">
      <time>2025-03-20T11:48:50Z</time>
    </trkpt>
    <trkpt lat="67.7598757" lon="24.8439915">
      <time>2025-03-20T11:48:56Z</time>
    </trkpt>
    <trkpt lat="67.7598818" lon="24.8440500">
      <time>2025-03-20T11:48:57Z</time>
    </trkpt>
    <trkpt lat="67.7599017" lon="24.8443993">
      <time>2025-03-20T11:49:03Z</time>
    </trkpt>
    <trkpt lat="67.7599034" lon="24.8444654">
      <time>2025-03-20T11:49:04Z</time>
    </trkpt>
    <trkpt lat="67.7599214" lon="24.8446792">
      <time>2025-03-20T11:49:08Z</time>
    </trkpt>
    <trkpt lat="67.7599315" lon="24.8447735">
      <time>2025-03-20T11:49:10Z</time>
    </trkpt>
    <trkpt lat="67.7599522" lon="24.8449518">
      <time>2025-03-20T11:49:14Z</time>
    </trkpt>
    <trkpt lat="67.7599635" lon="24.8450576">
      <time>2025-03-20T11:49:16Z</time>
    </trkpt>
    <trkpt lat="67.7599816" lon="24.8451997">
      <time>2025-03-20T11:49:19Z</time>
    </trkpt>
    <trkpt lat="67.7599894" lon="24.8452382">
      <time>2025-03-20T11:49:20Z</time>
    </trkpt>
    <trkpt lat="67.7600073" lon="24.8453605">
      <time>2025-03-20T11:49:23Z</time>
    </trkpt>
    <trkpt lat="67.7600413" lon="24.8455659">
      <time>2025-03-20T11:49:28Z</time>
    </trkpt>
    <trkpt lat="67.7600602" lon="24.8457119">
      <time>2025-03-20T11:49:32Z</time>
    </trkpt>
    <trkpt lat="67.7601077" lon="24.8459033">
      <time>2025-03-20T11:49:39Z</time>
    </trkpt>
    <trkpt lat="67.7601712" lon="24.8460498">
      <time>2025-03-20T11:49:46Z</time>
    </trkpt>
    <trkpt lat="67.7601967" lon="24.8460955">
      <time>2025-03-20T11:49:49Z</time>
    </trkpt>
    <trkpt lat="67.7602449" lon="24.8461866">
      <time>2025-03-20T11:49:54Z</time>
    </trkpt>
    <trkpt lat="67.7602606" lon="24.8462276">
      <time>2025-03-20T11:49:56Z</time>
    </trkpt>
    <trkpt lat="67.7603021" lon="24.8463318">
      <time>2025-03-20T11:50:01Z</time>
    </trkpt>
    <trkpt lat="67.7603350" lon="24.8463969">
      <time>2025-03-20T11:50:04Z</time>
    </trkpt>
    <trkpt lat="67.7603680" lon="24.8464547">
      <time>2025-03-20T11:50:07Z</time>
    </trkpt>
    <trkpt lat="67.7603762" lon="24.8464676">
      <time>2025-03-20T11:50:08Z</time>
    </trkpt>
    <trkpt lat="67.7603905" lon="24.8464924">
      <time>2025-03-20T11:50:10Z</time>
    </trkpt>
    <trkpt lat="67.7604732" lon="24.8466159">
      <time>2025-03-20T11:50:17Z</time>
    </trkpt>
    <trkpt lat="67.7604831" lon="24.8466349">
      <time>2025-03-20T11:50:18Z</time>
    </trkpt>
    <trkpt lat="67.7605237" lon="24.8466764">
      <time>2025-03-20T11:50:21Z</time>
    </trkpt>
    <trkpt lat="67.7605386" lon="24.8466895">
      <time>2025-03-20T11:50:22Z</time>
    </trkpt>
    <trkpt lat="67.7605548" lon="24.8467065">
      <time>2025-03-20T11:50:23Z</time>
    </trkpt>
    <trkpt lat="67.7605793" lon="24.8467408">
      <time>2025-03-20T11:50:27Z</time>
    </trkpt>
    <trkpt lat="67.7606189" lon="24.8467613">
      <time>2025-03-20T11:50:59Z</time>
    </trkpt>
    <trkpt lat="67.7606413" lon="24.8467792">
      <time>2025-03-20T11:51:00Z</time>
    </trkpt>
    <trkpt lat="67.7606839" lon="24.8468124">
      <time>2025-03-20T11:51:02Z</time>
    </trkpt>
    <trkpt lat="67.7607051" lon="24.8468206">
      <time>2025-03-20T11:51:03Z</time>
    </trkpt>
    <trkpt lat="67.7607932" lon="24.8468947">
      <time>2025-03-20T11:51:07Z</time>
    </trkpt>
    <trkpt lat="67.7609003" lon="24.8470088">
      <time>2025-03-20T11:51:15Z</time>
    </trkpt>
    <trkpt lat="67.7610091" lon="24.8470960">
      <time>2025-03-20T11:51:22Z</time>
    </trkpt>
    <trkpt lat="67.7610403" lon="24.8471230">
      <time>2025-03-20T11:51:24Z</time>
    </trkpt>
    <trkpt lat="67.7610959" lon="24.8471548">
      <time>2025-03-20T11:51:27Z</time>
    </trkpt>
    <trkpt lat="67.7611467" lon="24.8471884">
      <time>2025-03-20T11:51:30Z</time>
    </trkpt>
    <trkpt lat="67.7611591" lon="24.8471913">
      <time>2025-03-20T11:51:31Z</time>
    </trkpt>
    <trkpt lat="67.7612032" lon="24.8471869">
      <time>2025-03-20T11:51:34Z</time>
    </trkpt>
    <trkpt lat="67.7612347" lon="24.8471908">
      <time>2025-03-20T11:51:36Z</time>
    </trkpt>
    <trkpt lat="67.7613392" lon="24.8472693">
      <time>2025-03-20T11:51:43Z</time>
    </trkpt>
    <trkpt lat="67.7613487" lon="24.8472833">
      <time>2025-03-20T11:51:45Z</time>
    </trkpt>
    <trkpt lat="67.7613484" lon="24.8472852">
      <time>2025-03-20T11:51:47Z</time>
    </trkpt>
    <trkpt lat="67.7613530" lon="24.8473433">
      <time>2025-03-20T11:52:17Z</time>
    </trkpt>
    <trkpt lat="67.7613950" lon="24.8476873">
      <time>2025-03-20T11:52:24Z</time>
    </trkpt>
    <trkpt lat="67.7614041" lon="24.8478002">
      <time>2025-03-20T11:52:27Z</time>
    </trkpt>
    <trkpt lat="67.7614074" lon="24.8478942">
      <time>2025-03-20T11:52:30Z</time>
    </trkpt>
    <trkpt lat="67.7614083" lon="24.8479156">
      <time>2025-03-20T11:52:31Z</time>
    </trkpt>
    <trkpt lat="67.7614108" lon="24.8479396">
      <time>2025-03-20T11:52:32Z</time>
    </trkpt>
    <trkpt lat="67.7614151" lon="24.8480427">
      <time>2025-03-20T11:52:36Z</time>
    </trkpt>
    <trkpt lat="67.7614207" lon="24.8480830">
      <time>2025-03-20T11:52:40Z</time>
    </trkpt>
    <trkpt lat="67.7614347" lon="24.8483270">
      <time>2025-03-20T11:52:48Z</time>
    </trkpt>
    <trkpt lat="67.7614486" lon="24.8487876">
      <time>2025-03-20T11:52:52Z</time>
    </trkpt>
    <trkpt lat="67.7614744" lon="24.8491994">
      <time>2025-03-20T11:52:57Z</time>
    </trkpt>
    <trkpt lat="67.7614891" lon="24.8495032">
      <time>2025-03-20T11:53:02Z</time>
    </trkpt>
    <trkpt lat="67.7615097" lon="24.8497268">
      <time>2025-03-20T11:53:09Z</time>
    </trkpt>
    <trkpt lat="67.7615896" lon="24.8499174">
      <time>2025-03-20T11:53:18Z</time>
    </trkpt>
    <trkpt lat="67.7616825" lon="24.8499157">
      <time>2025-03-20T11:53:25Z</time>
    </trkpt>
    <trkpt lat="67.7617993" lon="24.8498492">
      <time>2025-03-20T11:53:31Z</time>
    </trkpt>
    <trkpt lat="67.7620103" lon="24.8495931">
      <time>2025-03-20T11:53:38Z</time>
    </trkpt>
    <trkpt lat="67.7620851" lon="24.8494667">
      <time>2025-03-20T11:53:40Z</time>
    </trkpt>
    <trkpt lat="67.7621622" lon="24.8492599">
      <time>2025-03-20T11:53:42Z</time>
    </trkpt>
    <trkpt lat="67.7621976" lon="24.8491478">
      <time>2025-03-20T11:53:43Z</time>
    </trkpt>
    <trkpt lat="67.7622630" lon="24.8489590">
      <time>2025-03-20T11:53:45Z</time>
    </trkpt>
    <trkpt lat="67.7623420" lon="24.8488508">
      <time>2025-03-20T11:53:47Z</time>
    </trkpt>
    <trkpt lat="67.7624298" lon="24.8487866">
      <time>2025-03-20T11:53:49Z</time>
    </trkpt>
    <trkpt lat="67.7625107" lon="24.8487478">
      <time>2025-03-20T11:53:51Z</time>
    </trkpt>
    <trkpt lat="67.7625486" lon="24.8487376">
      <time>2025-03-20T11:53:52Z</time>
    </trkpt>
    <trkpt lat="67.7625824" lon="24.8487420">
      <time>2025-03-20T11:53:53Z</time>
    </trkpt>
    <trkpt lat="67.7626830" lon="24.8488150">
      <time>2025-03-20T11:53:56Z</time>
    </trkpt>
    <trkpt lat="67.7627446" lon="24.8489310">
      <time>2025-03-20T11:53:58Z</time>
    </trkpt>
    <trkpt lat="67.7628281" lon="24.8491647">
      <time>2025-03-20T11:54:01Z</time>
    </trkpt>
    <trkpt lat="67.7629167" lon="24.8494168">
      <time>2025-03-20T11:54:04Z</time>
    </trkpt>
    <trkpt lat="67.7630571" lon="24.8496840">
      <time>2025-03-20T11:54:08Z</time>
    </trkpt>
    <trkpt lat="67.7631638" lon="24.8498138">
      <time>2025-03-20T11:54:10Z</time>
    </trkpt>
    <trkpt lat="67.7633405" lon="24.8501029">
      <time>2025-03-20T11:54:13Z</time>
    </trkpt>
    <trkpt lat="67.7633958" lon="24.8502262">
      <time>2025-03-20T11:54:14Z</time>
    </trkpt>
    <trkpt lat="67.7635897" lon="24.8506239">
      <time>2025-03-20T11:54:17Z</time>
    </trkpt>
    <trkpt lat="67.7636508" lon="24.8507319">
      <time>2025-03-20T11:54:18Z</time>
    </trkpt>
    <trkpt lat="67.7637101" lon="24.8508233">
      <time>2025-03-20T11:54:19Z</time>
    </trkpt>
    <trkpt lat="67.7639849" lon="24.8511960">
      <time>2025-03-20T11:54:24Z</time>
    </trkpt>
    <trkpt lat="67.7643061" lon="24.8517591">
      <time>2025-03-20T11:54:30Z</time>
    </trkpt>
    <trkpt lat="67.7643783" lon="24.8518900">
      <time>2025-03-20T11:54:31Z</time>
    </trkpt>
    <trkpt lat="67.7646178" lon="24.8522824">
      <time>2025-03-20T11:54:34Z</time>
    </trkpt>
    <trkpt lat="67.7647460" lon="24.8525289">
      <time>2025-03-20T11:54:36Z</time>
    </trkpt>
    <trkpt lat="67.7648522" lon="24.8527748">
      <time>2025-03-20T11:54:38Z</time>
    </trkpt>
    <trkpt lat="67.7649291" lon="24.8530045">
      <time>2025-03-20T11:54:40Z</time>
    </trkpt>
    <trkpt lat="67.7650610" lon="24.8534486">
      <time>2025-03-20T11:54:45Z</time>
    </trkpt>
    <trkpt lat="67.7652069" lon="24.8538615">
      <time>2025-03-20T11:54:51Z</time>
    </trkpt>
    <trkpt lat="67.7653535" lon="24.8542802">
      <time>2025-03-20T11:54:57Z</time>
    </trkpt>
    <trkpt lat="67.7654221" lon="24.8544869">
      <time>2025-03-20T11:55:00Z</time>
    </trkpt>
    <trkpt lat="67.7655709" lon="24.8550831">
      <time>2025-03-20T11:55:08Z</time>
    </trkpt>
    <trkpt lat="67.7655583" lon="24.8552897">
      <time>2025-03-20T11:55:12Z</time>
    </trkpt>
    <trkpt lat="67.7654837" lon="24.8555704">
      <time>2025-03-20T11:55:19Z</time>
    </trkpt>
    <trkpt lat="67.7654698" lon="24.8556253">
      <time>2025-03-20T11:55:20Z</time>
    </trkpt>
    <trkpt lat="67.7653863" lon="24.8562066">
      <time>2025-03-20T11:55:29Z</time>
    </trkpt>
    <trkpt lat="67.7654180" lon="24.8566910">
      <time>2025-03-20T11:55:36Z</time>
    </trkpt>
    <trkpt lat="67.7654947" lon="24.8570082">
      <time>2025-03-20T11:55:42Z</time>
    </trkpt>
    <trkpt lat="67.7655277" lon="24.8571026">
      <time>2025-03-20T11:55:44Z</time>
    </trkpt>
    <trkpt lat="67.7656965" lon="24.8576149">
      <time>2025-03-20T11:55:53Z</time>
    </trkpt>
    <trkpt lat="67.7657934" lon="24.8581294">
      <time>2025-03-20T11:56:00Z</time>
    </trkpt>
    <trkpt lat="67.7657865" lon="24.8586220">
      <time>2025-03-20T11:56:06Z</time>
    </trkpt>
    <trkpt lat="67.7657652" lon="24.8590954">
      <time>2025-03-20T11:56:12Z</time>
    </trkpt>
    <trkpt lat="67.7657007" lon="24.8594829">
      <time>2025-03-20T11:56:17Z</time>
    </trkpt>
    <trkpt lat="67.7655727" lon="24.8595904">
      <time>2025-03-20T11:56:21Z</time>
    </trkpt>
    <trkpt lat="67.7654799" lon="24.8596135">
      <time>2025-03-20T11:56:24Z</time>
    </trkpt>
    <trkpt lat="67.7653521" lon="24.8596903">
      <time>2025-03-20T11:56:28Z</time>
    </trkpt>
    <trkpt lat="67.7651131" lon="24.8600031">
      <time>2025-03-20T11:56:36Z</time>
    </trkpt>
    <trkpt lat="67.7649997" lon="24.8601341">
      <time>2025-03-20T11:56:40Z</time>
    </trkpt>
    <trkpt lat="67.7649237" lon="24.8602287">
      <time>2025-03-20T11:56:43Z</time>
    </trkpt>
    <trkpt lat="67.7647877" lon="24.8604604">
      <time>2025-03-20T11:56:49Z</time>
    </trkpt>
    <trkpt lat="67.7646778" lon="24.8608030">
      <time>2025-03-20T11:56:56Z</time>
    </trkpt>
    <trkpt lat="67.7646170" lon="24.8611806">
      <time>2025-03-20T11:57:02Z</time>
    </trkpt>
    <trkpt lat="67.7645385" lon="24.8615767">
      <time>2025-03-20T11:57:08Z</time>
    </trkpt>
    <trkpt lat="67.7644682" lon="24.8618909">
      <time>2025-03-20T11:57:12Z</time>
    </trkpt>
    <trkpt lat="67.7644544" lon="24.8619721">
      <time>2025-03-20T11:57:13Z</time>
    </trkpt>
    <trkpt lat="67.7644331" lon="24.8622202">
      <time>2025-03-20T11:57:16Z</time>
    </trkpt>
    <trkpt lat="67.7644345" lon="24.8623713">
      <time>2025-03-20T11:57:18Z</time>
    </trkpt>
    <trkpt lat="67.7644744" lon="24.8629163">
      <time>2025-03-20T11:57:24Z</time>
    </trkpt>
    <trkpt lat="67.7645930" lon="24.8634178">
      <time>2025-03-20T11:57:30Z</time>
    </trkpt>
    <trkpt lat="67.7647324" lon="24.8639860">
      <time>2025-03-20T11:57:37Z</time>
    </trkpt>
    <trkpt lat="67.7648508" lon="24.8645579">
      <time>2025-03-20T11:57:44Z</time>
    </trkpt>
    <trkpt lat="67.7649395" lon="24.8650342">
      <time>2025-03-20T11:57:50Z</time>
    </trkpt>
    <trkpt lat="67.7649954" lon="24.8653509">
      <time>2025-03-20T11:57:54Z</time>
    </trkpt>
    <trkpt lat="67.7650800" lon="24.8657524">
      <time>2025-03-20T11:58:00Z</time>
    </trkpt>
    <trkpt lat="67.7650876" lon="24.8658855">
      <time>2025-03-20T11:58:02Z</time>
    </trkpt>
    <trkpt lat="67.7650653" lon="24.8660094">
      <time>2025-03-20T11:58:04Z</time>
    </trkpt>
    <trkpt lat="67.7650003" lon="24.8663020">
      <time>2025-03-20T11:58:08Z</time>
    </trkpt>
    <trkpt lat="67.7649972" lon="24.8663973">
      <time>2025-03-20T11:58:09Z</time>
    </trkpt>
    <trkpt lat="67.7649616" lon="24.8669433">
      <time>2025-03-20T11:58:15Z</time>
    </trkpt>
    <trkpt lat="67.7649313" lon="24.8672049">
      <time>2025-03-20T11:58:18Z</time>
    </trkpt>
    <trkpt lat="67.7648917" lon="24.8674352">
      <time>2025-03-20T11:58:21Z</time>
    </trkpt>
    <trkpt lat="67.7648824" lon="24.8677814">
      <time>2025-03-20T11:58:26Z</time>
    </trkpt>
    <trkpt lat="67.7649209" lon="24.8681819">
      <time>2025-03-20T11:58:32Z</time>
    </trkpt>
    <trkpt lat="67.7649108" lon="24.8686286">
      <time>2025-03-20T11:58:39Z</time>
    </trkpt>
    <trkpt lat="67.7648634" lon="24.8689507">
      <time>2025-03-20T11:58:44Z</time>
    </trkpt>
    <trkpt lat="67.7648059" lon="24.8694459">
      <time>2025-03-20T11:58:52Z</time>
    </trkpt>
    <trkpt lat="67.7647559" lon="24.8698485">
      <time>2025-03-20T11:58:58Z</time>
    </trkpt>
    <trkpt lat="67.7647439" lon="24.8699130">
      <time>2025-03-20T11:58:59Z</time>
    </trkpt>
    <trkpt lat="67.7646401" lon="24.8702045">
      <time>2025-03-20T11:59:05Z</time>
    </trkpt>
    <trkpt lat="67.7646179" lon="24.8702415">
      <time>2025-03-20T11:59:06Z</time>
    </trkpt>
    <trkpt lat="67.7645715" lon="24.8703504">
      <time>2025-03-20T11:59:09Z</time>
    </trkpt>
    <trkpt lat="67.7645448" lon="24.8704183">
      <time>2025-03-20T11:59:11Z</time>
    </trkpt>
    <trkpt lat="67.7644781" lon="24.8705407">
      <time>2025-03-20T11:59:15Z</time>
    </trkpt>
    <trkpt lat="67.7644596" lon="24.8705679">
      <time>2025-03-20T11:59:16Z</time>
    </trkpt>
    <trkpt lat="67.7643317" lon="24.8706854">
      <time>2025-03-20T11:59:22Z</time>
    </trkpt>
    <trkpt lat="67.7641727" lon="24.8707325">
      <time>2025-03-20T11:59:28Z</time>
    </trkpt>
    <trkpt lat="67.7640012" lon="24.8708527">
      <time>2025-03-20T11:59:35Z</time>
    </trkpt>
    <trkpt lat="67.7639001" lon="24.8709503">
      <time>2025-03-20T11:59:39Z</time>
    </trkpt>
    <trkpt lat="67.7638722" lon="24.8709731">
      <time>2025-03-20T11:59:40Z</time>
    </trkpt>
    <trkpt lat="67.7636550" lon="24.8712688">
      <time>2025-03-20T11:59:47Z</time>
    </trkpt>
    <trkpt lat="67.7636223" lon="24.8713373">
      <time>2025-03-20T11:59:48Z</time>
    </trkpt>
    <trkpt lat="67.7635518" lon="24.8715475">
      <time>2025-03-20T11:59:51Z</time>
    </trkpt>
    <trkpt lat="67.7635245" lon="24.8716739">
      <time>2025-03-20T11:59:53Z</time>
    </trkpt>
    <trkpt lat="67.7634591" lon="24.8719936">
      <time>2025-03-20T11:59:58Z</time>
    </trkpt>
    <trkpt lat="67.7633893" lon="24.8723153">
      <time>2025-03-20T12:00:03Z</time>
    </trkpt>
    <trkpt lat="67.7633451" lon="24.8724969">
      <time>2025-03-20T12:00:06Z</time>
    </trkpt>
    <trkpt lat="67.7632929" lon="24.8727000">
      <time>2025-03-20T12:00:09Z</time>
    </trkpt>
    <trkpt lat="67.7631558" lon="24.8731454">
      <time>2025-03-20T12:00:16Z</time>
    </trkpt>
    <trkpt lat="67.7630382" lon="24.8735707">
      <time>2025-03-20T12:00:23Z</time>
    </trkpt>
    <trkpt lat="67.7630052" lon="24.8736050">
      <time>2025-03-20T12:00:24Z</time>
    </trkpt>
    <trkpt lat="67.7629333" lon="24.8735563">
      <time>2025-03-20T12:00:27Z</time>
    </trkpt>
    <trkpt lat="67.7627813" lon="24.8731420">
      <time>2025-03-20T12:00:33Z</time>
    </trkpt>
    <trkpt lat="67.7626720" lon="24.8725721">
      <time>2025-03-20T12:00:39Z</time>
    </trkpt>
    <trkpt lat="67.7626417" lon="24.8724126">
      <time>2025-03-20T12:00:41Z</time>
    </trkpt>
    <trkpt lat="67.7625774" lon="24.8722328">
      <time>2025-03-20T12:00:44Z</time>
    </trkpt>
    <trkpt lat="67.7624433" lon="24.8718947">
      <time>2025-03-20T12:00:49Z</time>
    </trkpt>
    <trkpt lat="67.7624138" lon="24.8718069">
      <time>2025-03-20T12:00:50Z</time>
    </trkpt>
    <trkpt lat="67.7623898" lon="24.8717153">
      <time>2025-03-20T12:00:51Z</time>
    </trkpt>
    <trkpt lat="67.7623691" lon="24.8716189">
      <time>2025-03-20T12:00:52Z</time>
    </trkpt>
    <trkpt lat="67.7623122" lon="24.8712181">
      <time>2025-03-20T12:00:56Z</time>
    </trkpt>
    <trkpt lat="67.7622383" lon="24.8707739">
      <time>2025-03-20T12:01:01Z</time>
    </trkpt>
    <trkpt lat="67.7621506" lon="24.8702518">
      <time>2025-03-20T12:01:07Z</time>
    </trkpt>
    <trkpt lat="67.7620641" lon="24.8699391">
      <time>2025-03-20T12:01:12Z</time>
    </trkpt>
    <trkpt lat="67.7619434" lon="24.8696387">
      <time>2025-03-20T12:01:19Z</time>
    </trkpt>
    <trkpt lat="67.7618154" lon="24.8695538">
      <time>2025-03-20T12:01:24Z</time>
    </trkpt>
    <trkpt lat="67.7617901" lon="24.8695452">
      <time>2025-03-20T12:01:25Z</time>
    </trkpt>
    <trkpt lat="67.7616260" lon="24.8695064">
      <time>2025-03-20T12:01:31Z</time>
    </trkpt>
    <trkpt lat="67.7614418" lon="24.8695622">
      <time>2025-03-20T12:01:38Z</time>
    </trkpt>
    <trkpt lat="67.7613854" lon="24.8696183">
      <time>2025-03-20T12:01:40Z</time>
    </trkpt>
    <trkpt lat="67.7611885" lon="24.8697417">
      <time>2025-03-20T12:01:46Z</time>
    </trkpt>
    <trkpt lat="67.7610769" lon="24.8697835">
      <time>2025-03-20T12:01:51Z</time>
    </trkpt>
    <trkpt lat="67.7608659" lon="24.8700325">
      <time>2025-03-20T12:01:59Z</time>
    </trkpt>
    <trkpt lat="67.7606715" lon="24.8703807">
      <time>2025-03-20T12:02:06Z</time>
    </trkpt>
    <trkpt lat="67.7606106" lon="24.8705375">
      <time>2025-03-20T12:02:09Z</time>
    </trkpt>
    <trkpt lat="67.7605298" lon="24.8708576">
      <time>2025-03-20T12:02:14Z</time>
    </trkpt>
    <trkpt lat="67.7604649" lon="24.8713325">
      <time>2025-03-20T12:02:21Z</time>
    </trkpt>
    <trkpt lat="67.7604103" lon="24.8717996">
      <time>2025-03-20T12:02:27Z</time>
    </trkpt>
    <trkpt lat="67.7603277" lon="24.8722976">
      <time>2025-03-20T12:02:33Z</time>
    </trkpt>
    <trkpt lat="67.7602325" lon="24.8727904">
      <time>2025-03-20T12:02:40Z</time>
    </trkpt>
    <trkpt lat="67.7601353" lon="24.8732102">
      <time>2025-03-20T12:02:45Z</time>
    </trkpt>
    <trkpt lat="67.7601049" lon="24.8732984">
      <time>2025-03-20T12:02:46Z</time>
    </trkpt>
    <trkpt lat="67.7600727" lon="24.8733789">
      <time>2025-03-20T12:02:47Z</time>
    </trkpt>
    <trkpt lat="67.7599299" lon="24.8736769">
      <time>2025-03-20T12:02:52Z</time>
    </trkpt>
    <trkpt lat="67.7598014" lon="24.8739600">
      <time>2025-03-20T12:02:58Z</time>
    </trkpt>
    <trkpt lat="67.7596619" lon="24.8743109">
      <time>2025-03-20T12:03:04Z</time>
    </trkpt>
    <trkpt lat="67.7595333" lon="24.8748933">
      <time>2025-03-20T12:03:12Z</time>
    </trkpt>
    <trkpt lat="67.7594015" lon="24.8753329">
      <time>2025-03-20T12:03:19Z</time>
    </trkpt>
    <trkpt lat="67.7592378" lon="24.8755832">
      <time>2025-03-20T12:03:25Z</time>
    </trkpt>
    <trkpt lat="67.7590776" lon="24.8757760">
      <time>2025-03-20T12:03:30Z</time>
    </trkpt>
    <trkpt lat="67.7589084" lon="24.8760173">
      <time>2025-03-20T12:03:36Z</time>
    </trkpt>
    <trkpt lat="67.7587203" lon="24.8763830">
      <time>2025-03-20T12:03:43Z</time>
    </trkpt>
    <trkpt lat="67.7585324" lon="24.8768496">
      <time>2025-03-20T12:03:51Z</time>
    </trkpt>
    <trkpt lat="67.7584566" lon="24.8772399">
      <time>2025-03-20T12:03:57Z</time>
    </trkpt>
    <trkpt lat="67.7584465" lon="24.8776699">
      <time>2025-03-20T12:04:03Z</time>
    </trkpt>
    <trkpt lat="67.7584214" lon="24.8780455">
      <time>2025-03-20T12:04:08Z</time>
    </trkpt>
    <trkpt lat="67.7583339" lon="24.8785220">
      <time>2025-03-20T12:04:15Z</time>
    </trkpt>
    <trkpt lat="67.7582186" lon="24.8789531">
      <time>2025-03-20T12:04:22Z</time>
    </trkpt>
    <trkpt lat="67.7580656" lon="24.8795529">
      <time>2025-03-20T12:04:31Z</time>
    </trkpt>
    <trkpt lat="67.7580454" lon="24.8798770">
      <time>2025-03-20T12:04:36Z</time>
    </trkpt>
    <trkpt lat="67.7579921" lon="24.8801947">
      <time>2025-03-20T12:04:40Z</time>
    </trkpt>
    <trkpt lat="67.7578399" lon="24.8804923">
      <time>2025-03-20T12:04:46Z</time>
    </trkpt>
    <trkpt lat="67.7576912" lon="24.8807130">
      <time>2025-03-20T12:04:52Z</time>
    </trkpt>
    <trkpt lat="67.7576649" lon="24.8807514">
      <time>2025-03-20T12:04:53Z</time>
    </trkpt>
    <trkpt lat="67.7575445" lon="24.8809520">
      <time>2025-03-20T12:04:58Z</time>
    </trkpt>
    <trkpt lat="67.7574137" lon="24.8811667">
      <time>2025-03-20T12:05:04Z</time>
    </trkpt>
    <trkpt lat="67.7572684" lon="24.8814334">
      <time>2025-03-20T12:05:10Z</time>
    </trkpt>
    <trkpt lat="67.7571173" lon="24.8816761">
      <time>2025-03-20T12:05:17Z</time>
    </trkpt>
    <trkpt lat="67.7569461" lon="24.8819217">
      <time>2025-03-20T12:05:24Z</time>
    </trkpt>
    <trkpt lat="67.7567730" lon="24.8822525">
      <time>2025-03-20T12:05:31Z</time>
    </trkpt>
    <trkpt lat="67.7565617" lon="24.8825863">
      <time>2025-03-20T12:05:39Z</time>
    </trkpt>
    <trkpt lat="67.7563043" lon="24.8829526">
      <time>2025-03-20T12:05:48Z</time>
    </trkpt>
    <trkpt lat="67.7562577" lon="24.8830347">
      <time>2025-03-20T12:05:50Z</time>
    </trkpt>
    <trkpt lat="67.7561088" lon="24.8832892">
      <time>2025-03-20T12:05:56Z</time>
    </trkpt>
    <trkpt lat="67.7559342" lon="24.8835660">
      <time>2025-03-20T12:06:03Z</time>
    </trkpt>
    <trkpt lat="67.7557391" lon="24.8838738">
      <time>2025-03-20T12:06:11Z</time>
    </trkpt>
    <trkpt lat="67.7555396" lon="24.8841862">
      <time>2025-03-20T12:06:19Z</time>
    </trkpt>
    <trkpt lat="67.7552484" lon="24.8845240">
      <time>2025-03-20T12:06:29Z</time>
    </trkpt>
    <trkpt lat="67.7550980" lon="24.8847514">
      <time>2025-03-20T12:06:35Z</time>
    </trkpt>
    <trkpt lat="67.7549230" lon="24.8849668">
      <time>2025-03-20T12:06:41Z</time>
    </trkpt>
    <trkpt lat="67.7546942" lon="24.8852495">
      <time>2025-03-20T12:06:50Z</time>
    </trkpt>
    <trkpt lat="67.7544644" lon="24.8855247">
      <time>2025-03-20T12:06:59Z</time>
    </trkpt>
    <trkpt lat="67.7542588" lon="24.8859833">
      <time>2025-03-20T12:07:07Z</time>
    </trkpt>
    <trkpt lat="67.7541119" lon="24.8864852">
      <time>2025-03-20T12:07:13Z</time>
    </trkpt>
    <trkpt lat="67.7540345" lon="24.8867550">
      <time>2025-03-20T12:07:16Z</time>
    </trkpt>
    <trkpt lat="67.7538957" lon="24.8872297">
      <time>2025-03-20T12:07:21Z</time>
    </trkpt>
    <trkpt lat="67.7538271" lon="24.8873371">
      <time>2025-03-20T12:07:23Z</time>
    </trkpt>
    <trkpt lat="67.7537517" lon="24.8873860">
      <time>2025-03-20T12:07:25Z</time>
    </trkpt>
    <trkpt lat="67.7535956" lon="24.8874512">
      <time>2025-03-20T12:07:30Z</time>
    </trkpt>
    <trkpt lat="67.7533917" lon="24.8874912">
      <time>2025-03-20T12:07:37Z</time>
    </trkpt>
    <trkpt lat="67.7532591" lon="24.8875468">
      <time>2025-03-20T12:07:43Z</time>
    </trkpt>
    <trkpt lat="67.7532098" lon="24.8875434">
      <time>2025-03-20T12:07:45Z</time>
    </trkpt>
    <trkpt lat="67.7530864" lon="24.8875376">
      <time>2025-03-20T12:07:50Z</time>
    </trkpt>
    <trkpt lat="67.7530488" lon="24.8875586">
      <time>2025-03-20T12:07:52Z</time>
    </trkpt>
    <trkpt lat="67.7529289" lon="24.8876951">
      <time>2025-03-20T12:07:58Z</time>
    </trkpt>
    <trkpt lat="67.7527529" lon="24.8877243">
      <time>2025-03-20T12:08:06Z</time>
    </trkpt>
    <trkpt lat="67.7526358" lon="24.8876148">
      <time>2025-03-20T12:08:12Z</time>
    </trkpt>
    <trkpt lat="67.7525155" lon="24.8873627">
      <time>2025-03-20T12:08:19Z</time>
    </trkpt>
    <trkpt lat="67.7523445" lon="24.8872597">
      <time>2025-03-20T12:08:27Z</time>
    </trkpt>
    <trkpt lat="67.7521347" lon="24.8873743">
      <time>2025-03-20T12:08:34Z</time>
    </trkpt>
    <trkpt lat="67.7520082" lon="24.8876373">
      <time>2025-03-20T12:08:40Z</time>
    </trkpt>
    <trkpt lat="67.7518460" lon="24.8879533">
      <time>2025-03-20T12:08:46Z</time>
    </trkpt>
    <trkpt lat="67.7517894" lon="24.8880035">
      <time>2025-03-20T12:08:48Z</time>
    </trkpt>
    <trkpt lat="67.7516630" lon="24.8880571">
      <time>2025-03-20T12:08:52Z</time>
    </trkpt>
    <trkpt lat="67.7516390" lon="24.8880636">
      <time>2025-03-20T12:08:53Z</time>
    </trkpt>
    <trkpt lat="67.7515143" lon="24.8881387">
      <time>2025-03-20T12:08:58Z</time>
    </trkpt>
    <trkpt lat="67.7514884" lon="24.8881580">
      <time>2025-03-20T12:08:59Z</time>
    </trkpt>
    <trkpt lat="67.7514252" lon="24.8882128">
      <time>2025-03-20T12:09:01Z</time>
    </trkpt>
    <trkpt lat="67.7513089" lon="24.8883588">
      <time>2025-03-20T12:09:05Z</time>
    </trkpt>
    <trkpt lat="67.7511345" lon="24.8885743">
      <time>2025-03-20T12:09:12Z</time>
    </trkpt>
    <trkpt lat="67.7510150" lon="24.8885455">
      <time>2025-03-20T12:09:17Z</time>
    </trkpt>
    <trkpt lat="67.7510007" lon="24.8885215">
      <time>2025-03-20T12:09:18Z</time>
    </trkpt>
    <trkpt lat="67.7509367" lon="24.8883884">
      <time>2025-03-20T12:09:22Z</time>
    </trkpt>
    <trkpt lat="67.7508217" lon="24.8881981">
      <time>2025-03-20T12:09:29Z</time>
    </trkpt>
    <trkpt lat="67.7507932" lon="24.8881277">
      <time>2025-03-20T12:09:31Z</time>
    </trkpt>
    <trkpt lat="67.7506940" lon="24.8880311">
      <time>2025-03-20T12:09:36Z</time>
    </trkpt>
    <trkpt lat="67.7505272" lon="24.8879115">
      <time>2025-03-20T12:09:43Z</time>
    </trkpt>
    <trkpt lat="67.7503726" lon="24.8879439">
      <time>2025-03-20T12:09:51Z</time>
    </trkpt>
    <trkpt lat="67.7502654" lon="24.8880750">
      <time>2025-03-20T12:09:57Z</time>
    </trkpt>
    <trkpt lat="67.7502509" lon="24.8881081">
      <time>2025-03-20T12:09:58Z</time>
    </trkpt>
    <trkpt lat="67.7502144" lon="24.8883087">
      <time>2025-03-20T12:10:02Z</time>
    </trkpt>
    <trkpt lat="67.7502136" lon="24.8883754">
      <time>2025-03-20T12:10:03Z</time>
    </trkpt>
    <trkpt lat="67.7501988" lon="24.8887428">
      <time>2025-03-20T12:10:10Z</time>
    </trkpt>
    <trkpt lat="67.7501444" lon="24.8890986">
      <time>2025-03-20T12:10:16Z</time>
    </trkpt>
    <trkpt lat="67.7500896" lon="24.8892637">
      <time>2025-03-20T12:10:20Z</time>
    </trkpt>
    <trkpt lat="67.7500566" lon="24.8893462">
      <time>2025-03-20T12:10:22Z</time>
    </trkpt>
    <trkpt lat="67.7499780" lon="24.8896399">
      <time>2025-03-20T12:10:28Z</time>
    </trkpt>
    <trkpt lat="67.7499216" lon="24.8897947">
      <time>2025-03-20T12:10:33Z</time>
    </trkpt>
    <trkpt lat="67.7498542" lon="24.8899820">
      <time>2025-03-20T12:10:39Z</time>
    </trkpt>
    <trkpt lat="67.7498441" lon="24.8900184">
      <time>2025-03-20T12:10:40Z</time>
    </trkpt>
    <trkpt lat="67.7498135" lon="24.8902512">
      <time>2025-03-20T12:10:45Z</time>
    </trkpt>
    <trkpt lat="67.7498059" lon="24.8903778">
      <time>2025-03-20T12:10:48Z</time>
    </trkpt>
    <trkpt lat="67.7498028" lon="24.8904252">
      <time>2025-03-20T12:10:49Z</time>
    </trkpt>
    <trkpt lat="67.7498057" lon="24.8907465">
      <time>2025-03-20T12:10:55Z</time>
    </trkpt>
    <trkpt lat="67.7498289" lon="24.8909769">
      <time>2025-03-20T12:10:59Z</time>
    </trkpt>
    <trkpt lat="67.7498316" lon="24.8910891">
      <time>2025-03-20T12:11:01Z</time>
    </trkpt>
    <trkpt lat="67.7498347" lon="24.8911432">
      <time>2025-03-20T12:11:02Z</time>
    </trkpt>
    <trkpt lat="67.7498491" lon="24.8913597">
      <time>2025-03-20T12:11:06Z</time>
    </trkpt>
    <trkpt lat="67.7498577" lon="24.8914873">
      <time>2025-03-20T12:11:09Z</time>
    </trkpt>
    <trkpt lat="67.7498562" lon="24.8918156">
      <time>2025-03-20T12:11:16Z</time>
    </trkpt>
    <trkpt lat="67.7498509" lon="24.8921725">
      <time>2025-03-20T12:11:24Z</time>
    </trkpt>
    <trkpt lat="67.7498922" lon="24.8925475">
      <time>2025-03-20T12:11:31Z</time>
    </trkpt>
    <trkpt lat="67.7499313" lon="24.8929074">
      <time>2025-03-20T12:11:38Z</time>
    </trkpt>
    <trkpt lat="67.7499501" lon="24.8933196">
      <time>2025-03-20T12:11:45Z</time>
    </trkpt>
    <trkpt lat="67.7499996" lon="24.8939448">
      <time>2025-03-20T12:11:55Z</time>
    </trkpt>
    <trkpt lat="67.7500702" lon="24.8944140">
      <time>2025-03-20T12:12:00Z</time>
    </trkpt>
    <trkpt lat="67.7502116" lon="24.8952104">
      <time>2025-03-20T12:12:07Z</time>
    </trkpt>
    <trkpt lat="67.7502801" lon="24.8954836">
      <time>2025-03-20T12:12:10Z</time>
    </trkpt>
    <trkpt lat="67.7503142" lon="24.8957061">
      <time>2025-03-20T12:12:12Z</time>
    </trkpt>
    <trkpt lat="67.7503296" lon="24.8958026">
      <time>2025-03-20T12:12:13Z</time>
    </trkpt>
    <trkpt lat="67.7503462" lon="24.8959808">
      <time>2025-03-20T12:12:15Z</time>
    </trkpt>
    <trkpt lat="67.7503749" lon="24.8962372">
      <time>2025-03-20T12:12:18Z</time>
    </trkpt>
    <trkpt lat="67.7503822" lon="24.8963379">
      <time>2025-03-20T12:12:19Z</time>
    </trkpt>
    <trkpt lat="67.7504369" lon="24.8967496">
      <time>2025-03-20T12:12:23Z</time>
    </trkpt>
    <trkpt lat="67.7504554" lon="24.8969609">
      <time>2025-03-20T12:12:25Z</time>
    </trkpt>
    <trkpt lat="67.7505568" lon="24.8976665">
      <time>2025-03-20T12:12:31Z</time>
    </trkpt>
    <trkpt lat="67.7506197" lon="24.8981184">
      <time>2025-03-20T12:12:34Z</time>
    </trkpt>
    <trkpt lat="67.7506549" lon="24.8984217">
      <time>2025-03-20T12:12:36Z</time>
    </trkpt>
    <trkpt lat="67.7507135" lon="24.8991757">
      <time>2025-03-20T12:12:41Z</time>
    </trkpt>
    <trkpt lat="67.7507128" lon="24.8994251">
      <time>2025-03-20T12:12:43Z</time>
    </trkpt>
    <trkpt lat="67.7507075" lon="24.8995536">
      <time>2025-03-20T12:12:44Z</time>
    </trkpt>
    <trkpt lat="67.7506609" lon="24.9000238">
      <time>2025-03-20T12:12:48Z</time>
    </trkpt>
    <trkpt lat="67.7506481" lon="24.9002406">
      <time>2025-03-20T12:12:50Z</time>
    </trkpt>
    <trkpt lat="67.7506362" lon="24.9006251">
      <time>2025-03-20T12:12:54Z</time>
    </trkpt>
    <trkpt lat="67.7506484" lon="24.9010223">
      <time>2025-03-20T12:12:59Z</time>
    </trkpt>
    <trkpt lat="67.7506544" lon="24.9017619">
      <time>2025-03-20T12:13:07Z</time>
    </trkpt>
    <trkpt lat="67.7506454" lon="24.9024270">
      <time>2025-03-20T12:13:17Z</time>
    </trkpt>
    <trkpt lat="67.7506698" lon="24.9028233">
      <time>2025-03-20T12:13:23Z</time>
    </trkpt>
    <trkpt lat="67.7507330" lon="24.9032546">
      <time>2025-03-20T12:13:31Z</time>
    </trkpt>
    <trkpt lat="67.7508058" lon="24.9035415">
      <time>2025-03-20T12:13:38Z</time>
    </trkpt>
    <trkpt lat="67.7508694" lon="24.9037876">
      <time>2025-03-20T12:13:43Z</time>
    </trkpt>
    <trkpt lat="67.7509201" lon="24.9039803">
      <time>2025-03-20T12:13:47Z</time>
    </trkpt>
    <trkpt lat="67.7509792" lon="24.9043012">
      <time>2025-03-20T12:13:54Z</time>
    </trkpt>
    <trkpt lat="67.7509885" lon="24.9045739">
      <time>2025-03-20T12:13:59Z</time>
    </trkpt>
    <trkpt lat="67.7509901" lon="24.9046387">
      <time>2025-03-20T12:14:00Z</time>
    </trkpt>
    <trkpt lat="67.7510177" lon="24.9050837">
      <time>2025-03-20T12:14:07Z</time>
    </trkpt>
    <trkpt lat="67.7511100" lon="24.9056987">
      <time>2025-03-20T12:14:18Z</time>
    </trkpt>
    <trkpt lat="67.7512422" lon="24.9061867">
      <time>2025-03-20T12:14:27Z</time>
    </trkpt>
    <trkpt lat="67.7513118" lon="24.9066543">
      <time>2025-03-20T12:14:34Z</time>
    </trkpt>
    <trkpt lat="67.7513698" lon="24.9070608">
      <time>2025-03-20T12:14:40Z</time>
    </trkpt>
    <trkpt lat="67.7514482" lon="24.9076108">
      <time>2025-03-20T12:14:48Z</time>
    </trkpt>
    <trkpt lat="67.7515182" lon="24.9081653">
      <time>2025-03-20T12:14:55Z</time>
    </trkpt>
    <trkpt lat="67.7515735" lon="24.9087068">
      <time>2025-03-20T12:15:01Z</time>
    </trkpt>
    <trkpt lat="67.7515889" lon="24.9088773">
      <time>2025-03-20T12:15:03Z</time>
    </trkpt>
    <trkpt lat="67.7516685" lon="24.9092067">
      <time>2025-03-20T12:15:07Z</time>
    </trkpt>
    <trkpt lat="67.7517024" lon="24.9092561">
      <time>2025-03-20T12:15:08Z</time>
    </trkpt>
    <trkpt lat="67.7518754" lon="24.9095087">
      <time>2025-03-20T12:15:13Z</time>
    </trkpt>
    <trkpt lat="67.7519320" lon="24.9098924">
      <time>2025-03-20T12:15:17Z</time>
    </trkpt>
    <trkpt lat="67.7520635" lon="24.9105743">
      <time>2025-03-20T12:15:24Z</time>
    </trkpt>
    <trkpt lat="67.7522131" lon="24.9109840">
      <time>2025-03-20T12:15:29Z</time>
    </trkpt>
    <trkpt lat="67.7522862" lon="24.9112083">
      <time>2025-03-20T12:15:32Z</time>
    </trkpt>
    <trkpt lat="67.7524633" lon="24.9117320">
      <time>2025-03-20T12:15:40Z</time>
    </trkpt>
    <trkpt lat="67.7526047" lon="24.9120821">
      <time>2025-03-20T12:15:46Z</time>
    </trkpt>
    <trkpt lat="67.7527316" lon="24.9123072">
      <time>2025-03-20T12:15:51Z</time>
    </trkpt>
    <trkpt lat="67.7529202" lon="24.9125860">
      <time>2025-03-20T12:15:59Z</time>
    </trkpt>
    <trkpt lat="67.7530581" lon="24.9128008">
      <time>2025-03-20T12:16:05Z</time>
    </trkpt>
    <trkpt lat="67.7531122" lon="24.9128991">
      <time>2025-03-20T12:16:11Z</time>
    </trkpt>
    <trkpt lat="67.7531123" lon="24.9129004">
      <time>2025-03-20T12:16:12Z</time>
    </trkpt>
    <trkpt lat="67.7531534" lon="24.9129426">
      <time>2025-03-20T12:17:02Z</time>
    </trkpt>
    <trkpt lat="67.7532152" lon="24.9130106">
      <time>2025-03-20T12:17:05Z</time>
    </trkpt>
    <trkpt lat="67.7533287" lon="24.9131526">
      <time>2025-03-20T12:17:12Z</time>
    </trkpt>
    <trkpt lat="67.7534248" lon="24.9132948">
      <time>2025-03-20T12:17:19Z</time>
    </trkpt>
    <trkpt lat="67.7535579" lon="24.9135031">
      <time>2025-03-20T12:17:27Z</time>
    </trkpt>
    <trkpt lat="67.7536798" lon="24.9137392">
      <time>2025-03-20T12:17:35Z</time>
    </trkpt>
    <trkpt lat="67.7538179" lon="24.9140218">
      <time>2025-03-20T12:17:43Z</time>
    </trkpt>
    <trkpt lat="67.7539723" lon="24.9143232">
      <time>2025-03-20T12:17:52Z</time>
    </trkpt>
    <trkpt lat="67.7540800" lon="24.9145339">
      <time>2025-03-20T12:17:59Z</time>
    </trkpt>
    <trkpt lat="67.7541323" lon="24.9146283">
      <time>2025-03-20T12:18:02Z</time>
    </trkpt>
    <trkpt lat="67.7542055" lon="24.9148039">
      <time>2025-03-20T12:18:07Z</time>
    </trkpt>
    <trkpt lat="67.7542803" lon="24.9149949">
      <time>2025-03-20T12:18:13Z</time>
    </trkpt>
    <trkpt lat="67.7543355" lon="24.9151318">
      <time>2025-03-20T12:18:17Z</time>
    </trkpt>
    <trkpt lat="67.7543935" lon="24.9152627">
      <time>2025-03-20T12:18:21Z</time>
    </trkpt>
    <trkpt lat="67.7546054" lon="24.9156088">
      <time>2025-03-20T12:18:35Z</time>
    </trkpt>
    <trkpt lat="67.7547489" lon="24.9157444">
      <time>2025-03-20T12:18:43Z</time>
    </trkpt>
    <trkpt lat="67.7547655" lon="24.9157598">
      <time>2025-03-20T12:18:44Z</time>
    </trkpt>
    <trkpt lat="67.7548528" lon="24.9158400">
      <time>2025-03-20T12:18:50Z</time>
    </trkpt>
    <trkpt lat="67.7548668" lon="24.9158595">
      <time>2025-03-20T12:18:51Z</time>
    </trkpt>
    <trkpt lat="67.7549922" lon="24.9160233">
      <time>2025-03-20T12:19:01Z</time>
    </trkpt>
    <trkpt lat="67.7551290" lon="24.9162055">
      <time>2025-03-20T12:19:09Z</time>
    </trkpt>
    <trkpt lat="67.7552212" lon="24.9163187">
      <time>2025-03-20T12:19:15Z</time>
    </trkpt>
    <trkpt lat="67.7553048" lon="24.9164374">
      <time>2025-03-20T12:19:20Z</time>
    </trkpt>
    <trkpt lat="67.7553253" lon="24.9165207">
      <time>2025-03-20T12:19:22Z</time>
    </trkpt>
    <trkpt lat="67.7553536" lon="24.9167513">
      <time>2025-03-20T12:19:28Z</time>
    </trkpt>
    <trkpt lat="67.7554095" lon="24.9170742">
      <time>2025-03-20T12:19:37Z</time>
    </trkpt>
    <trkpt lat="67.7554916" lon="24.9174023">
      <time>2025-03-20T12:19:44Z</time>
    </trkpt>
    <trkpt lat="67.7556031" lon="24.9177078">
      <time>2025-03-20T12:19:52Z</time>
    </trkpt>
    <trkpt lat="67.7556753" lon="24.9178041">
      <time>2025-03-20T12:19:57Z</time>
    </trkpt>
    <trkpt lat="67.7557742" lon="24.9178817">
      <time>2025-03-20T12:20:03Z</time>
    </trkpt>
    <trkpt lat="67.7558880" lon="24.9181048">
      <time>2025-03-20T12:20:11Z</time>
    </trkpt>
    <trkpt lat="67.7559287" lon="24.9182042">
      <time>2025-03-20T12:20:14Z</time>
    </trkpt>
    <trkpt lat="67.7559680" lon="24.9183045">
      <time>2025-03-20T12:20:17Z</time>
    </trkpt>
    <trkpt lat="67.7560416" lon="24.9184989">
      <time>2025-03-20T12:20:22Z</time>
    </trkpt>
    <trkpt lat="67.7561178" lon="24.9186798">
      <time>2025-03-20T12:20:26Z</time>
    </trkpt>
    <trkpt lat="67.7562629" lon="24.9190300">
      <time>2025-03-20T12:20:34Z</time>
    </trkpt>
    <trkpt lat="67.7562807" lon="24.9190748">
      <time>2025-03-20T12:20:35Z</time>
    </trkpt>
    <trkpt lat="67.7562950" lon="24.9191184">
      <time>2025-03-20T12:20:36Z</time>
    </trkpt>
    <trkpt lat="67.7563392" lon="24.9192490">
      <time>2025-03-20T12:20:39Z</time>
    </trkpt>
    <trkpt lat="67.7563516" lon="24.9192965">
      <time>2025-03-20T12:20:40Z</time>
    </trkpt>
    <trkpt lat="67.7563600" lon="24.9193447">
      <time>2025-03-20T12:20:41Z</time>
    </trkpt>
    <trkpt lat="67.7564371" lon="24.9196644">
      <time>2025-03-20T12:20:48Z</time>
    </trkpt>
    <trkpt lat="67.7565696" lon="24.9201575">
      <time>2025-03-20T12:20:58Z</time>
    </trkpt>
    <trkpt lat="67.7566664" lon="24.9204076">
      <time>2025-03-20T12:21:04Z</time>
    </trkpt>
    <trkpt lat="67.7567765" lon="24.9206728">
      <time>2025-03-20T12:21:11Z</time>
    </trkpt>
    <trkpt lat="67.7568576" lon="24.9209613">
      <time>2025-03-20T12:21:17Z</time>
    </trkpt>
    <trkpt lat="67.7569357" lon="24.9212196">
      <time>2025-03-20T12:21:22Z</time>
    </trkpt>
    <trkpt lat="67.7569913" lon="24.9213648">
      <time>2025-03-20T12:21:25Z</time>
    </trkpt>
    <trkpt lat="67.7571328" lon="24.9216385">
      <time>2025-03-20T12:21:32Z</time>
    </trkpt>
    <trkpt lat="67.7572748" lon="24.9218996">
      <time>2025-03-20T12:21:39Z</time>
    </trkpt>
    <trkpt lat="67.7574647" lon="24.9221673">
      <time>2025-03-20T12:21:49Z</time>
    </trkpt>
    <trkpt lat="67.7575851" lon="24.9222548">
      <time>2025-03-20T12:21:56Z</time>
    </trkpt>
    <trkpt lat="67.7577589" lon="24.9224177">
      <time>2025-03-20T12:22:04Z</time>
    </trkpt>
    <trkpt lat="67.7578967" lon="24.9225958">
      <time>2025-03-20T12:22:10Z</time>
    </trkpt>
    <trkpt lat="67.7581168" lon="24.9229164">
      <time>2025-03-20T12:22:20Z</time>
    </trkpt>
    <trkpt lat="67.7582540" lon="24.9232298">
      <time>2025-03-20T12:22:27Z</time>
    </trkpt>
    <trkpt lat="67.7583427" lon="24.9235934">
      <time>2025-03-20T12:22:34Z</time>
    </trkpt>
    <trkpt lat="67.7583728" lon="24.9236971">
      <time>2025-03-20T12:22:36Z</time>
    </trkpt>
    <trkpt lat="67.7583831" lon="24.9237484">
      <time>2025-03-20T12:22:37Z</time>
    </trkpt>
    <trkpt lat="67.7583981" lon="24.9238451">
      <time>2025-03-20T12:22:39Z</time>
    </trkpt>
    <trkpt lat="67.7584136" lon="24.9239616">
      <time>2025-03-20T12:22:41Z</time>
    </trkpt>
    <trkpt lat="67.7584253" lon="24.9241684">
      <time>2025-03-20T12:22:44Z</time>
    </trkpt>
    <trkpt lat="67.7584355" lon="24.9243535">
      <time>2025-03-20T12:22:47Z</time>
    </trkpt>
    <trkpt lat="67.7584314" lon="24.9244285">
      <time>2025-03-20T12:22:48Z</time>
    </trkpt>
    <trkpt lat="67.7584337" lon="24.9246599">
      <time>2025-03-20T12:22:51Z</time>
    </trkpt>
    <trkpt lat="67.7584620" lon="24.9252470">
      <time>2025-03-20T12:23:00Z</time>
    </trkpt>
    <trkpt lat="67.7584469" lon="24.9255582">
      <time>2025-03-20T12:23:05Z</time>
    </trkpt>
    <trkpt lat="67.7584018" lon="24.9259908">
      <time>2025-03-20T12:23:12Z</time>
    </trkpt>
    <trkpt lat="67.7584237" lon="24.9262519">
      <time>2025-03-20T12:23:15Z</time>
    </trkpt>
    <trkpt lat="67.7584349" lon="24.9263163">
      <time>2025-03-20T12:23:17Z</time>
    </trkpt>
    <trkpt lat="67.7584744" lon="24.9267809">
      <time>2025-03-20T12:23:24Z</time>
    </trkpt>
    <trkpt lat="67.7585878" lon="24.9272273">
      <time>2025-03-20T12:23:31Z</time>
    </trkpt>
    <trkpt lat="67.7586974" lon="24.9275632">
      <time>2025-03-20T12:23:37Z</time>
    </trkpt>
    <trkpt lat="67.7588032" lon="24.9279764">
      <time>2025-03-20T12:23:43Z</time>
    </trkpt>
    <trkpt lat="67.7588999" lon="24.9284761">
      <time>2025-03-20T12:23:50Z</time>
    </trkpt>
    <trkpt lat="67.7589875" lon="24.9288863">
      <time>2025-03-20T12:23:57Z</time>
    </trkpt>
    <trkpt lat="67.7590555" lon="24.9292881">
      <time>2025-03-20T12:24:03Z</time>
    </trkpt>
    <trkpt lat="67.7591376" lon="24.9296104">
      <time>2025-03-20T12:24:08Z</time>
    </trkpt>
    <trkpt lat="67.7592586" lon="24.9299954">
      <time>2025-03-20T12:24:15Z</time>
    </trkpt>
    <trkpt lat="67.7593483" lon="24.9302866">
      <time>2025-03-20T12:24:21Z</time>
    </trkpt>
    <trkpt lat="67.7593464" lon="24.9304296">
      <time>2025-03-20T12:24:24Z</time>
    </trkpt>
    <trkpt lat="67.7593358" lon="24.9304661">
      <time>2025-03-20T12:24:25Z</time>
    </trkpt>
    <trkpt lat="67.7592066" lon="24.9308299">
      <time>2025-03-20T12:24:33Z</time>
    </trkpt>
    <trkpt lat="67.7590962" lon="24.9311155">
      <time>2025-03-20T12:24:39Z</time>
    </trkpt>
    <trkpt lat="67.7589716" lon="24.9313723">
      <time>2025-03-20T12:24:45Z</time>
    </trkpt>
    <trkpt lat="67.7587747" lon="24.9316061">
      <time>2025-03-20T12:24:53Z</time>
    </trkpt>
    <trkpt lat="67.7585378" lon="24.9316544">
      <time>2025-03-20T12:25:01Z</time>
    </trkpt>
    <trkpt lat="67.7583007" lon="24.9316806">
      <time>2025-03-20T12:25:09Z</time>
    </trkpt>
    <trkpt lat="67.7581842" lon="24.9318685">
      <time>2025-03-20T12:25:14Z</time>
    </trkpt>
    <trkpt lat="67.7580526" lon="24.9323642">
      <time>2025-03-20T12:25:21Z</time>
    </trkpt>
    <trkpt lat="67.7579294" lon="24.9326624">
      <time>2025-03-20T12:25:27Z</time>
    </trkpt>
    <trkpt lat="67.7577835" lon="24.9327868">
      <time>2025-03-20T12:25:33Z</time>
    </trkpt>
    <trkpt lat="67.7576368" lon="24.9327697">
      <time>2025-03-20T12:25:39Z</time>
    </trkpt>
    <trkpt lat="67.7574993" lon="24.9327052">
      <time>2025-03-20T12:25:45Z</time>
    </trkpt>
    <trkpt lat="67.7573958" lon="24.9326764">
      <time>2025-03-20T12:25:49Z</time>
    </trkpt>
    <trkpt lat="67.7573134" lon="24.9327133">
      <time>2025-03-20T12:25:52Z</time>
    </trkpt>
    <trkpt lat="67.7571984" lon="24.9328756">
      <time>2025-03-20T12:25:57Z</time>
    </trkpt>
    <trkpt lat="67.7570423" lon="24.9331800">
      <time>2025-03-20T12:26:04Z</time>
    </trkpt>
    <trkpt lat="67.7569081" lon="24.9334143">
      <time>2025-03-20T12:26:10Z</time>
    </trkpt>
    <trkpt lat="67.7567239" lon="24.9336822">
      <time>2025-03-20T12:26:18Z</time>
    </trkpt>
    <trkpt lat="67.7565411" lon="24.9340644">
      <time>2025-03-20T12:26:26Z</time>
    </trkpt>
    <trkpt lat="67.7564670" lon="24.9345273">
      <time>2025-03-20T12:26:33Z</time>
    </trkpt>
    <trkpt lat="67.7564466" lon="24.9349508">
      <time>2025-03-20T12:26:39Z</time>
    </trkpt>
    <trkpt lat="67.7564122" lon="24.9354666">
      <time>2025-03-20T12:26:46Z</time>
    </trkpt>
    <trkpt lat="67.7564048" lon="24.9355921">
      <time>2025-03-20T12:26:48Z</time>
    </trkpt>
    <trkpt lat="67.7564006" lon="24.9357229">
      <time>2025-03-20T12:26:50Z</time>
    </trkpt>
    <trkpt lat="67.7563661" lon="24.9362837">
      <time>2025-03-20T12:26:58Z</time>
    </trkpt>
    <trkpt lat="67.7563668" lon="24.9367400">
      <time>2025-03-20T12:27:05Z</time>
    </trkpt>
    <trkpt lat="67.7563966" lon="24.9371896">
      <time>2025-03-20T12:27:12Z</time>
    </trkpt>
    <trkpt lat="67.7564054" lon="24.9377174">
      <time>2025-03-20T12:27:20Z</time>
    </trkpt>
    <trkpt lat="67.7563644" lon="24.9382119">
      <time>2025-03-20T12:27:27Z</time>
    </trkpt>
    <trkpt lat="67.7562629" lon="24.9388228">
      <time>2025-03-20T12:27:35Z</time>
    </trkpt>
    <trkpt lat="67.7561810" lon="24.9393380">
      <time>2025-03-20T12:27:42Z</time>
    </trkpt>
    <trkpt lat="67.7561204" lon="24.9397614">
      <time>2025-03-20T12:27:47Z</time>
    </trkpt>
    <trkpt lat="67.7561085" lon="24.9402868">
      <time>2025-03-20T12:27:53Z</time>
    </trkpt>
    <trkpt lat="67.7560371" lon="24.9408250">
      <time>2025-03-20T12:28:00Z</time>
    </trkpt>
    <trkpt lat="67.7559303" lon="24.9411750">
      <time>2025-03-20T12:28:06Z</time>
    </trkpt>
    <trkpt lat="67.7557819" lon="24.9414906">
      <time>2025-03-20T12:28:12Z</time>
    </trkpt>
    <trkpt lat="67.7556140" lon="24.9419026">
      <time>2025-03-20T12:28:19Z</time>
    </trkpt>
    <trkpt lat="67.7555166" lon="24.9421749">
      <time>2025-03-20T12:28:24Z</time>
    </trkpt>
    <trkpt lat="67.7553170" lon="24.9426386">
      <time>2025-03-20T12:28:33Z</time>
    </trkpt>
    <trkpt lat="67.7552607" lon="24.9428900">
      <time>2025-03-20T12:28:37Z</time>
    </trkpt>
    <trkpt lat="67.7552437" lon="24.9430539">
      <time>2025-03-20T12:28:39Z</time>
    </trkpt>
    <trkpt lat="67.7552079" lon="24.9434804">
      <time>2025-03-20T12:28:46Z</time>
    </trkpt>
    <trkpt lat="67.7551559" lon="24.9439641">
      <time>2025-03-20T12:28:53Z</time>
    </trkpt>
    <trkpt lat="67.7550548" lon="24.9442881">
      <time>2025-03-20T12:28:59Z</time>
    </trkpt>
    <trkpt lat="67.7548964" lon="24.9447945">
      <time>2025-03-20T12:29:08Z</time>
    </trkpt>
    <trkpt lat="67.7548436" lon="24.9452460">
      <time>2025-03-20T12:29:15Z</time>
    </trkpt>
    <trkpt lat="67.7547726" lon="24.9456827">
      <time>2025-03-20T12:29:21Z</time>
    </trkpt>
    <trkpt lat="67.7547466" lon="24.9459579">
      <time>2025-03-20T12:29:25Z</time>
    </trkpt>
    <trkpt lat="67.7547488" lon="24.9460233">
      <time>2025-03-20T12:29:26Z</time>
    </trkpt>
    <trkpt lat="67.7547477" lon="24.9464384">
      <time>2025-03-20T12:29:32Z</time>
    </trkpt>
    <trkpt lat="67.7547356" lon="24.9469026">
      <time>2025-03-20T12:29:38Z</time>
    </trkpt>
    <trkpt lat="67.7546522" lon="24.9472746">
      <time>2025-03-20T12:29:44Z</time>
    </trkpt>
    <trkpt lat="67.7545207" lon="24.9474636">
      <time>2025-03-20T12:29:50Z</time>
    </trkpt>
    <trkpt lat="67.7543114" lon="24.9477731">
      <time>2025-03-20T12:29:58Z</time>
    </trkpt>
    <trkpt lat="67.7542790" lon="24.9478227">
      <time>2025-03-20T12:29:59Z</time>
    </trkpt>
    <trkpt lat="67.7541102" lon="24.9480877">
      <time>2025-03-20T12:30:06Z</time>
    </trkpt>
    <trkpt lat="67.7539770" lon="24.9482258">
      <time>2025-03-20T12:30:11Z</time>
    </trkpt>
    <trkpt lat="67.7538516" lon="24.9483586">
      <time>2025-03-20T12:30:16Z</time>
    </trkpt>
    <trkpt lat="67.7536701" lon="24.9485433">
      <time>2025-03-20T12:30:23Z</time>
    </trkpt>
    <trkpt lat="67.7535410" lon="24.9487212">
      <time>2025-03-20T12:30:28Z</time>
    </trkpt>
    <trkpt lat="67.7533841" lon="24.9489297">
      <time>2025-03-20T12:30:34Z</time>
    </trkpt>
    <trkpt lat="67.7531957" lon="24.9491972">
      <time>2025-03-20T12:30:42Z</time>
    </trkpt>
    <trkpt lat="67.7530709" lon="24.9493274">
      <time>2025-03-20T12:30:47Z</time>
    </trkpt>
    <trkpt lat="67.7528855" lon="24.9495183">
      <time>2025-03-20T12:30:54Z</time>
    </trkpt>
    <trkpt lat="67.7527135" lon="24.9497405">
      <time>2025-03-20T12:31:01Z</time>
    </trkpt>
    <trkpt lat="67.7526080" lon="24.9498712">
      <time>2025-03-20T12:31:07Z</time>
    </trkpt>
    <trkpt lat="67.7525351" lon="24.9499718">
      <time>2025-03-20T12:31:11Z</time>
    </trkpt>
    <trkpt lat="67.7525019" lon="24.9500614">
      <time>2025-03-20T12:31:13Z</time>
    </trkpt>
    <trkpt lat="67.7524789" lon="24.9503545">
      <time>2025-03-20T12:31:18Z</time>
    </trkpt>
    <trkpt lat="67.7525364" lon="24.9506205">
      <time>2025-03-20T12:31:24Z</time>
    </trkpt>
    <trkpt lat="67.7525648" lon="24.9507236">
      <time>2025-03-20T12:31:30Z</time>
    </trkpt>
    <trkpt lat="67.7526057" lon="24.9507589">
      <time>2025-03-20T12:33:54Z</time>
    </trkpt>
    <trkpt lat="67.7526160" lon="24.9508121">
      <time>2025-03-20T12:33:55Z</time>
    </trkpt>
    <trkpt lat="67.7526327" lon="24.9509479">
      <time>2025-03-20T12:33:57Z</time>
    </trkpt>
    <trkpt lat="67.7526675" lon="24.9514042">
      <time>2025-03-20T12:34:03Z</time>
    </trkpt>
    <trkpt lat="67.7526710" lon="24.9514815">
      <time>2025-03-20T12:34:04Z</time>
    </trkpt>
    <trkpt lat="67.7526715" lon="24.9515550">
      <time>2025-03-20T12:34:05Z</time>
    </trkpt>
    <trkpt lat="67.7526823" lon="24.9516907">
      <time>2025-03-20T12:34:07Z</time>
    </trkpt>
    <trkpt lat="67.7526863" lon="24.9517494">
      <time>2025-03-20T12:34:08Z</time>
    </trkpt>
    <trkpt lat="67.7527202" lon="24.9520141">
      <time>2025-03-20T12:34:13Z</time>
    </trkpt>
    <trkpt lat="67.7527742" lon="24.9524816">
      <time>2025-03-20T12:34:20Z</time>
    </trkpt>
    <trkpt lat="67.7527791" lon="24.9525466">
      <time>2025-03-20T12:34:21Z</time>
    </trkpt>
    <trkpt lat="67.7527807" lon="24.9526160">
      <time>2025-03-20T12:34:22Z</time>
    </trkpt>
    <trkpt lat="67.7528114" lon="24.9530345">
      <time>2025-03-20T12:34:28Z</time>
    </trkpt>
    <trkpt lat="67.7528528" lon="24.9534576">
      <time>2025-03-20T12:34:36Z</time>
    </trkpt>
    <trkpt lat="67.7529073" lon="24.9539083">
      <time>2025-03-20T12:34:44Z</time>
    </trkpt>
    <trkpt lat="67.7529504" lon="24.9541354">
      <time>2025-03-20T12:34:51Z</time>
    </trkpt>
    <trkpt lat="67.7529638" lon="24.9541947">
      <time>2025-03-20T12:34:55Z</time>
    </trkpt>
    <trkpt lat="67.7529798" lon="24.9543038">
      <time>2025-03-20T12:34:58Z</time>
    </trkpt>
    <trkpt lat="67.7530015" lon="24.9546538">
      <time>2025-03-20T12:35:04Z</time>
    </trkpt>
    <trkpt lat="67.7530068" lon="24.9547880">
      <time>2025-03-20T12:35:06Z</time>
    </trkpt>
    <trkpt lat="67.7530115" lon="24.9549781">
      <time>2025-03-20T12:35:09Z</time>
    </trkpt>
    <trkpt lat="67.7530145" lon="24.9551126">
      <time>2025-03-20T12:35:11Z</time>
    </trkpt>
    <trkpt lat="67.7530989" lon="24.9557981">
      <time>2025-03-20T12:35:20Z</time>
    </trkpt>
    <trkpt lat="67.7531835" lon="24.9564054">
      <time>2025-03-20T12:35:26Z</time>
    </trkpt>
    <trkpt lat="67.7532400" lon="24.9569353">
      <time>2025-03-20T12:35:31Z</time>
    </trkpt>
    <trkpt lat="67.7532547" lon="24.9570439">
      <time>2025-03-20T12:35:32Z</time>
    </trkpt>
    <trkpt lat="67.7532841" lon="24.9572712">
      <time>2025-03-20T12:35:34Z</time>
    </trkpt>
    <trkpt lat="67.7533687" lon="24.9580591">
      <time>2025-03-20T12:35:41Z</time>
    </trkpt>
    <trkpt lat="67.7534650" lon="24.9588580">
      <time>2025-03-20T12:35:49Z</time>
    </trkpt>
    <trkpt lat="67.7535213" lon="24.9589569">
      <time>2025-03-20T12:35:52Z</time>
    </trkpt>
    <trkpt lat="67.7535569" lon="24.9589498">
      <time>2025-03-20T12:35:55Z</time>
    </trkpt>
    <trkpt lat="67.7535807" lon="24.9589170">
      <time>2025-03-20T12:35:57Z</time>
    </trkpt>
    <trkpt lat="67.7537246" lon="24.9586669">
      <time>2025-03-20T12:36:02Z</time>
    </trkpt>
    <trkpt lat="67.7539412" lon="24.9582555">
      <time>2025-03-20T12:36:09Z</time>
    </trkpt>
    <trkpt lat="67.7540926" lon="24.9579310">
      <time>2025-03-20T12:36:15Z</time>
    </trkpt>
    <trkpt lat="67.7542168" lon="24.9575873">
      <time>2025-03-20T12:36:21Z</time>
    </trkpt>
    <trkpt lat="67.7543316" lon="24.9572532">
      <time>2025-03-20T12:36:27Z</time>
    </trkpt>
    <trkpt lat="67.7543471" lon="24.9571891">
      <time>2025-03-20T12:36:28Z</time>
    </trkpt>
    <trkpt lat="67.7544240" lon="24.9569706">
      <time>2025-03-20T12:36:32Z</time>
    </trkpt>
    <trkpt lat="67.7544510" lon="24.9568590">
      <time>2025-03-20T12:36:34Z</time>
    </trkpt>
    <trkpt lat="67.7545410" lon="24.9563491">
      <time>2025-03-20T12:36:42Z</time>
    </trkpt>
    <trkpt lat="67.7546313" lon="24.9560268">
      <time>2025-03-20T12:36:48Z</time>
    </trkpt>
    <trkpt lat="67.7546864" lon="24.9558812">
      <time>2025-03-20T12:36:51Z</time>
    </trkpt>
    <trkpt lat="67.7547465" lon="24.9556766">
      <time>2025-03-20T12:36:55Z</time>
    </trkpt>
    <trkpt lat="67.7547578" lon="24.9556271">
      <time>2025-03-20T12:36:56Z</time>
    </trkpt>
    <trkpt lat="67.7548069" lon="24.9552804">
      <time>2025-03-20T12:37:02Z</time>
    </trkpt>
    <trkpt lat="67.7548147" lon="24.9552164">
      <time>2025-03-20T12:37:03Z</time>
    </trkpt>
    <trkpt lat="67.7548530" lon="24.9549014">
      <time>2025-03-20T12:37:08Z</time>
    </trkpt>
    <trkpt lat="67.7548892" lon="24.9545049">
      <time>2025-03-20T12:37:14Z</time>
    </trkpt>
    <trkpt lat="67.7549068" lon="24.9541305">
      <time>2025-03-20T12:37:20Z</time>
    </trkpt>
    <trkpt lat="67.7548977" lon="24.9536499">
      <time>2025-03-20T12:37:27Z</time>
    </trkpt>
    <trkpt lat="67.7549482" lon="24.9532464">
      <time>2025-03-20T12:37:33Z</time>
    </trkpt>
    <trkpt lat="67.7549801" lon="24.9531345">
      <time>2025-03-20T12:37:35Z</time>
    </trkpt>
    <trkpt lat="67.7550565" lon="24.9529367">
      <time>2025-03-20T12:37:39Z</time>
    </trkpt>
    <trkpt lat="67.7550749" lon="24.9528829">
      <time>2025-03-20T12:37:40Z</time>
    </trkpt>
    <trkpt lat="67.7551587" lon="24.9524349">
      <time>2025-03-20T12:37:47Z</time>
    </trkpt>
    <trkpt lat="67.7552085" lon="24.9520295">
      <time>2025-03-20T12:37:53Z</time>
    </trkpt>
    <trkpt lat="67.7552321" lon="24.9518809">
      <time>2025-03-20T12:37:55Z</time>
    </trkpt>
    <trkpt lat="67.7552979" lon="24.9513768">
      <time>2025-03-20T12:38:02Z</time>
    </trkpt>
    <trkpt lat="67.7553662" lon="24.9508802">
      <time>2025-03-20T12:38:09Z</time>
    </trkpt>
    <trkpt lat="67.7553779" lon="24.9508110">
      <time>2025-03-20T12:38:10Z</time>
    </trkpt>
    <trkpt lat="67.7553905" lon="24.9507427">
      <time>2025-03-20T12:38:11Z</time>
    </trkpt>
    <trkpt lat="67.7554415" lon="24.9503118">
      <time>2025-03-20T12:38:17Z</time>
    </trkpt>
    <trkpt lat="67.7554614" lon="24.9501687">
      <time>2025-03-20T12:38:19Z</time>
    </trkpt>
    <trkpt lat="67.7555175" lon="24.9498941">
      <time>2025-03-20T12:38:23Z</time>
    </trkpt>
    <trkpt lat="67.7555730" lon="24.9496314">
      <time>2025-03-20T12:38:28Z</time>
    </trkpt>
    <trkpt lat="67.7556577" lon="24.9492302">
      <time>2025-03-20T12:38:35Z</time>
    </trkpt>
    <trkpt lat="67.7556852" lon="24.9490660">
      <time>2025-03-20T12:38:38Z</time>
    </trkpt>
    <trkpt lat="67.7557596" lon="24.9488282">
      <time>2025-03-20T12:38:43Z</time>
    </trkpt>
    <trkpt lat="67.7558634" lon="24.9486426">
      <time>2025-03-20T12:38:49Z</time>
    </trkpt>
    <trkpt lat="67.7559002" lon="24.9485974">
      <time>2025-03-20T12:38:51Z</time>
    </trkpt>
    <trkpt lat="67.7559761" lon="24.9485040">
      <time>2025-03-20T12:38:55Z</time>
    </trkpt>
    <trkpt lat="67.7560425" lon="24.9484242">
      <time>2025-03-20T12:38:58Z</time>
    </trkpt>
    <trkpt lat="67.7561571" lon="24.9482801">
      <time>2025-03-20T12:39:04Z</time>
    </trkpt>
    <trkpt lat="67.7561778" lon="24.9482566">
      <time>2025-03-20T12:39:05Z</time>
    </trkpt>
    <trkpt lat="67.7563167" lon="24.9480347">
      <time>2025-03-20T12:39:12Z</time>
    </trkpt>
    <trkpt lat="67.7563360" lon="24.9480089">
      <time>2025-03-20T12:39:13Z</time>
    </trkpt>
    <trkpt lat="67.7564898" lon="24.9477503">
      <time>2025-03-20T12:39:21Z</time>
    </trkpt>
    <trkpt lat="67.7565091" lon="24.9477090">
      <time>2025-03-20T12:39:22Z</time>
    </trkpt>
    <trkpt lat="67.7566644" lon="24.9473668">
      <time>2025-03-20T12:39:30Z</time>
    </trkpt>
    <trkpt lat="67.7568529" lon="24.9470629">
      <time>2025-03-20T12:39:39Z</time>
    </trkpt>
    <trkpt lat="67.7570296" lon="24.9468919">
      <time>2025-03-20T12:39:47Z</time>
    </trkpt>
    <trkpt lat="67.7571721" lon="24.9467304">
      <time>2025-03-20T12:39:54Z</time>
    </trkpt>
    <trkpt lat="67.7571890" lon="24.9466966">
      <time>2025-03-20T12:39:55Z</time>
    </trkpt>
    <trkpt lat="67.7572295" lon="24.9466170">
      <time>2025-03-20T12:39:57Z</time>
    </trkpt>
    <trkpt lat="67.7573180" lon="24.9464288">
      <time>2025-03-20T12:40:01Z</time>
    </trkpt>
    <trkpt lat="67.7574779" lon="24.9461472">
      <time>2025-03-20T12:40:08Z</time>
    </trkpt>
    <trkpt lat="67.7576578" lon="24.9458952">
      <time>2025-03-20T12:40:15Z</time>
    </trkpt>
    <trkpt lat="67.7579050" lon="24.9455844">
      <time>2025-03-20T12:40:24Z</time>
    </trkpt>
    <trkpt lat="67.7580408" lon="24.9454009">
      <time>2025-03-20T12:40:28Z</time>
    </trkpt>
    <trkpt lat="67.7581182" lon="24.9453075">
      <time>2025-03-20T12:40:30Z</time>
    </trkpt>
    <trkpt lat="67.7582956" lon="24.9450225">
      <time>2025-03-20T12:40:36Z</time>
    </trkpt>
    <trkpt lat="67.7584096" lon="24.9447805">
      <time>2025-03-20T12:40:41Z</time>
    </trkpt>
    <trkpt lat="67.7586595" lon="24.9443005">
      <time>2025-03-20T12:40:51Z</time>
    </trkpt>
    <trkpt lat="67.7587763" lon="24.9439426">
      <time>2025-03-20T12:40:57Z</time>
    </trkpt>
    <trkpt lat="67.7589073" lon="24.9434678">
      <time>2025-03-20T12:41:04Z</time>
    </trkpt>
    <trkpt lat="67.7590300" lon="24.9430073">
      <time>2025-03-20T12:41:11Z</time>
    </trkpt>
    <trkpt lat="67.7591178" lon="24.9427555">
      <time>2025-03-20T12:41:15Z</time>
    </trkpt>
    <trkpt lat="67.7591342" lon="24.9427119">
      <time>2025-03-20T12:41:16Z</time>
    </trkpt>
    <trkpt lat="67.7591981" lon="24.9425753">
      <time>2025-03-20T12:41:19Z</time>
    </trkpt>
    <trkpt lat="67.7593185" lon="24.9422837">
      <time>2025-03-20T12:41:25Z</time>
    </trkpt>
    <trkpt lat="67.7594295" lon="24.9419722">
      <time>2025-03-20T12:41:31Z</time>
    </trkpt>
    <trkpt lat="67.7595502" lon="24.9416095">
      <time>2025-03-20T12:41:38Z</time>
    </trkpt>
    <trkpt lat="67.7597109" lon="24.9411974">
      <time>2025-03-20T12:41:46Z</time>
    </trkpt>
    <trkpt lat="67.7598408" lon="24.9408959">
      <time>2025-03-20T12:41:53Z</time>
    </trkpt>
    <trkpt lat="67.7599917" lon="24.9407304">
      <time>2025-03-20T12:42:00Z</time>
    </trkpt>
    <trkpt lat="67.7602009" lon="24.9405296">
      <time>2025-03-20T12:42:10Z</time>
    </trkpt>
    <trkpt lat="67.7602205" lon="24.9405072">
      <time>2025-03-20T12:42:11Z</time>
    </trkpt>
    <trkpt lat="67.7602973" lon="24.9403812">
      <time>2025-03-20T12:42:15Z</time>
    </trkpt>
    <trkpt lat="67.7603315" lon="24.9403203">
      <time>2025-03-20T12:42:17Z</time>
    </trkpt>
    <trkpt lat="67.7603482" lon="24.9402899">
      <time>2025-03-20T12:42:18Z</time>
    </trkpt>
    <trkpt lat="67.7604869" lon="24.9400672">
      <time>2025-03-20T12:42:25Z</time>
    </trkpt>
    <trkpt lat="67.7607147" lon="24.9398274">
      <time>2025-03-20T12:42:34Z</time>
    </trkpt>
    <trkpt lat="67.7608884" lon="24.9395849">
      <time>2025-03-20T12:42:42Z</time>
    </trkpt>
    <trkpt lat="67.7610302" lon="24.9393955">
      <time>2025-03-20T12:42:49Z</time>
    </trkpt>
    <trkpt lat="67.7612050" lon="24.9391881">
      <time>2025-03-20T12:42:57Z</time>
    </trkpt>
    <trkpt lat="67.7613658" lon="24.9390252">
      <time>2025-03-20T12:43:04Z</time>
    </trkpt>
    <trkpt lat="67.7614250" lon="24.9389492">
      <time>2025-03-20T12:43:07Z</time>
    </trkpt>
    <trkpt lat="67.7615886" lon="24.9387683">
      <time>2025-03-20T12:43:15Z</time>
    </trkpt>
    <trkpt lat="67.7616455" lon="24.9387046">
      <time>2025-03-20T12:43:18Z</time>
    </trkpt>
    <trkpt lat="67.7617440" lon="24.9385473">
      <time>2025-03-20T12:43:23Z</time>
    </trkpt>
    <trkpt lat="67.7618563" lon="24.9383722">
      <time>2025-03-20T12:43:29Z</time>
    </trkpt>
    <trkpt lat="67.7618973" lon="24.9383353">
      <time>2025-03-20T12:43:31Z</time>
    </trkpt>
    <trkpt lat="67.7619898" lon="24.9382197">
      <time>2025-03-20T12:43:36Z</time>
    </trkpt>
    <trkpt lat="67.7621410" lon="24.9380632">
      <time>2025-03-20T12:43:45Z</time>
    </trkpt>
    <trkpt lat="67.7622713" lon="24.9379431">
      <time>2025-03-20T12:43:53Z</time>
    </trkpt>
    <trkpt lat="67.7623998" lon="24.9378285">
      <time>2025-03-20T12:44:00Z</time>
    </trkpt>
    <trkpt lat="67.7625308" lon="24.9376727">
      <time>2025-03-20T12:44:07Z</time>
    </trkpt>
    <trkpt lat="67.7626566" lon="24.9374808">
      <time>2025-03-20T12:44:13Z</time>
    </trkpt>
    <trkpt lat="67.7627844" lon="24.9372842">
      <time>2025-03-20T12:44:19Z</time>
    </trkpt>
    <trkpt lat="67.7628098" lon="24.9372476">
      <time>2025-03-20T12:44:20Z</time>
    </trkpt>
    <trkpt lat="67.7628359" lon="24.9372119">
      <time>2025-03-20T12:44:21Z</time>
    </trkpt>
    <trkpt lat="67.7629677" lon="24.9370243">
      <time>2025-03-20T12:44:26Z</time>
    </trkpt>
    <trkpt lat="67.7630372" lon="24.9367296">
      <time>2025-03-20T12:44:31Z</time>
    </trkpt>
    <trkpt lat="67.7630745" lon="24.9364736">
      <time>2025-03-20T12:44:37Z</time>
    </trkpt>
    <trkpt lat="67.7630768" lon="24.9364682">
      <time>2025-03-20T12:44:38Z</time>
    </trkpt>
    <trkpt lat="67.7630778" lon="24.9364763">
      <time>2025-03-20T12:44:40Z</time>
    </trkpt>
    <trkpt lat="67.7630903" lon="24.9361541">
      <time>2025-03-20T12:45:58Z</time>
    </trkpt>
    <trkpt lat="67.7630937" lon="24.9361016">
      <time>2025-03-20T12:45:59Z</time>
    </trkpt>
    <trkpt lat="67.7630994" lon="24.9359467">
      <time>2025-03-20T12:46:02Z</time>
    </trkpt>
    <trkpt lat="67.7631073" lon="24.9358026">
      <time>2025-03-20T12:46:05Z</time>
    </trkpt>
    <trkpt lat="67.7631173" lon="24.9357008">
      <time>2025-03-20T12:46:07Z</time>
    </trkpt>
    <trkpt lat="67.7631450" lon="24.9353563">
      <time>2025-03-20T12:46:13Z</time>
    </trkpt>
    <trkpt lat="67.7631384" lon="24.9348746">
      <time>2025-03-20T12:46:21Z</time>
    </trkpt>
    <trkpt lat="67.7631144" lon="24.9343799">
      <time>2025-03-20T12:46:30Z</time>
    </trkpt>
    <trkpt lat="67.7630916" lon="24.9339588">
      <time>2025-03-20T12:46:37Z</time>
    </trkpt>
    <trkpt lat="67.7630561" lon="24.9335690">
      <time>2025-03-20T12:46:43Z</time>
    </trkpt>
    <trkpt lat="67.7630134" lon="24.9333341">
      <time>2025-03-20T12:46:48Z</time>
    </trkpt>
    <trkpt lat="67.7629824" lon="24.9332139">
      <time>2025-03-20T12:46:50Z</time>
    </trkpt>
    <trkpt lat="67.7629669" lon="24.9331552">
      <time>2025-03-20T12:46:51Z</time>
    </trkpt>
    <trkpt lat="67.7628805" lon="24.9327975">
      <time>2025-03-20T12:46:57Z</time>
    </trkpt>
    <trkpt lat="67.7627942" lon="24.9324723">
      <time>2025-03-20T12:47:03Z</time>
    </trkpt>
    <trkpt lat="67.7627455" lon="24.9321364">
      <time>2025-03-20T12:47:09Z</time>
    </trkpt>
    <trkpt lat="67.7626815" lon="24.9316638">
      <time>2025-03-20T12:47:16Z</time>
    </trkpt>
    <trkpt lat="67.7625932" lon="24.9310993">
      <time>2025-03-20T12:47:25Z</time>
    </trkpt>
    <trkpt lat="67.7625312" lon="24.9305977">
      <time>2025-03-20T12:47:34Z</time>
    </trkpt>
    <trkpt lat="67.7625290" lon="24.9305555">
      <time>2025-03-20T12:47:38Z</time>
    </trkpt>
    <trkpt lat="67.7625763" lon="24.9305702">
      <time>2025-03-20T12:48:14Z</time>
    </trkpt>
    <trkpt lat="67.7625996" lon="24.9305835">
      <time>2025-03-20T12:48:15Z</time>
    </trkpt>
    <trkpt lat="67.7626268" lon="24.9305988">
      <time>2025-03-20T12:48:16Z</time>
    </trkpt>
    <trkpt lat="67.7627134" lon="24.9306505">
      <time>2025-03-20T12:48:19Z</time>
    </trkpt>
    <trkpt lat="67.7627432" lon="24.9306812">
      <time>2025-03-20T12:48:20Z</time>
    </trkpt>
    <trkpt lat="67.7628433" lon="24.9308451">
      <time>2025-03-20T12:48:24Z</time>
    </trkpt>
    <trkpt lat="67.7628670" lon="24.9308893">
      <time>2025-03-20T12:48:25Z</time>
    </trkpt>
    <trkpt lat="67.7630515" lon="24.9311279">
      <time>2025-03-20T12:48:32Z</time>
    </trkpt>
    <trkpt lat="67.7632410" lon="24.9312616">
      <time>2025-03-20T12:48:39Z</time>
    </trkpt>
    <trkpt lat="67.7634074" lon="24.9313962">
      <time>2025-03-20T12:48:45Z</time>
    </trkpt>
    <trkpt lat="67.7635433" lon="24.9315031">
      <time>2025-03-20T12:48:50Z</time>
    </trkpt>
    <trkpt lat="67.7636194" lon="24.9315865">
      <time>2025-03-20T12:48:53Z</time>
    </trkpt>
    <trkpt lat="67.7637450" lon="24.9318442">
      <time>2025-03-20T12:48:58Z</time>
    </trkpt>
    <trkpt lat="67.7638459" lon="24.9323012">
      <time>2025-03-20T12:49:05Z</time>
    </trkpt>
    <trkpt lat="67.7639675" lon="24.9327745">
      <time>2025-03-20T12:49:12Z</time>
    </trkpt>
    <trkpt lat="67.7640934" lon="24.9333153">
      <time>2025-03-20T12:49:20Z</time>
    </trkpt>
    <trkpt lat="67.7642115" lon="24.9337809">
      <time>2025-03-20T12:49:27Z</time>
    </trkpt>
    <trkpt lat="67.7643195" lon="24.9342322">
      <time>2025-03-20T12:49:34Z</time>
    </trkpt>
    <trkpt lat="67.7644081" lon="24.9345700">
      <time>2025-03-20T12:49:39Z</time>
    </trkpt>
    <trkpt lat="67.7644371" lon="24.9346354">
      <time>2025-03-20T12:49:40Z</time>
    </trkpt>
    <trkpt lat="67.7645546" lon="24.9348147">
      <time>2025-03-20T12:49:45Z</time>
    </trkpt>
    <trkpt lat="67.7647160" lon="24.9349282">
      <time>2025-03-20T12:49:51Z</time>
    </trkpt>
    <trkpt lat="67.7649106" lon="24.9350722">
      <time>2025-03-20T12:49:58Z</time>
    </trkpt>
    <trkpt lat="67.7649326" lon="24.9350986">
      <time>2025-03-20T12:49:59Z</time>
    </trkpt>
    <trkpt lat="67.7650468" lon="24.9351588">
      <time>2025-03-20T12:50:03Z</time>
    </trkpt>
    <trkpt lat="67.7652141" lon="24.9351615">
      <time>2025-03-20T12:50:09Z</time>
    </trkpt>
    <trkpt lat="67.7652398" lon="24.9351634">
      <time>2025-03-20T12:50:10Z</time>
    </trkpt>
    <trkpt lat="67.7654666" lon="24.9350928">
      <time>2025-03-20T12:50:18Z</time>
    </trkpt>
    <trkpt lat="67.7656586" lon="24.9350146">
      <time>2025-03-20T12:50:25Z</time>
    </trkpt>
    <trkpt lat="67.7658818" lon="24.9351423">
      <time>2025-03-20T12:50:33Z</time>
    </trkpt>
    <trkpt lat="67.7659627" lon="24.9351942">
      <time>2025-03-20T12:50:36Z</time>
    </trkpt>
    <trkpt lat="67.7660470" lon="24.9352243">
      <time>2025-03-20T12:50:39Z</time>
    </trkpt>
    <trkpt lat="67.7661752" lon="24.9352852">
      <time>2025-03-20T12:50:44Z</time>
    </trkpt>
    <trkpt lat="67.7663680" lon="24.9353254">
      <time>2025-03-20T12:50:51Z</time>
    </trkpt>
    <trkpt lat="67.7664802" lon="24.9353854">
      <time>2025-03-20T12:50:56Z</time>
    </trkpt>
    <trkpt lat="67.7665303" lon="24.9354113">
      <time>2025-03-20T12:50:58Z</time>
    </trkpt>
    <trkpt lat="67.7665548" lon="24.9354263">
      <time>2025-03-20T12:50:59Z</time>
    </trkpt>
    <trkpt lat="67.7667174" lon="24.9354579">
      <time>2025-03-20T12:51:05Z</time>
    </trkpt>
    <trkpt lat="67.7669561" lon="24.9355283">
      <time>2025-03-20T12:51:14Z</time>
    </trkpt>
    <trkpt lat="67.7669811" lon="24.9355418">
      <time>2025-03-20T12:51:15Z</time>
    </trkpt>
    <trkpt lat="67.7671691" lon="24.9357122">
      <time>2025-03-20T12:51:22Z</time>
    </trkpt>
    <trkpt lat="67.7672468" lon="24.9358221">
      <time>2025-03-20T12:51:25Z</time>
    </trkpt>
    <trkpt lat="67.7674387" lon="24.9361287">
      <time>2025-03-20T12:51:33Z</time>
    </trkpt>
    <trkpt lat="67.7676801" lon="24.9365737">
      <time>2025-03-20T12:51:43Z</time>
    </trkpt>
    <trkpt lat="67.7678679" lon="24.9368896">
      <time>2025-03-20T12:51:51Z</time>
    </trkpt>
    <trkpt lat="67.7680609" lon="24.9371279">
      <time>2025-03-20T12:51:59Z</time>
    </trkpt>
    <trkpt lat="67.7683142" lon="24.9373559">
      <time>2025-03-20T12:52:09Z</time>
    </trkpt>
    <trkpt lat="67.7684165" lon="24.9374967">
      <time>2025-03-20T12:52:12Z</time>
    </trkpt>
    <trkpt lat="67.7684930" lon="24.9376465">
      <time>2025-03-20T12:52:14Z</time>
    </trkpt>
    <trkpt lat="67.7686341" lon="24.9380096">
      <time>2025-03-20T12:52:18Z</time>
    </trkpt>
    <trkpt lat="67.7687328" lon="24.9383097">
      <time>2025-03-20T12:52:21Z</time>
    </trkpt>
    <trkpt lat="67.7688103" lon="24.9385316">
      <time>2025-03-20T12:52:25Z</time>
    </trkpt>
    <trkpt lat="67.7688281" lon="24.9385810">
      <time>2025-03-20T12:52:26Z</time>
    </trkpt>
    <trkpt lat="67.7689298" lon="24.9388031">
      <time>2025-03-20T12:52:31Z</time>
    </trkpt>
    <trkpt lat="67.7689508" lon="24.9388525">
      <time>2025-03-20T12:52:32Z</time>
    </trkpt>
    <trkpt lat="67.7689910" lon="24.9389456">
      <time>2025-03-20T12:52:34Z</time>
    </trkpt>
    <trkpt lat="67.7690979" lon="24.9391193">
      <time>2025-03-20T12:52:39Z</time>
    </trkpt>
    <trkpt lat="67.7692940" lon="24.9393627">
      <time>2025-03-20T12:52:47Z</time>
    </trkpt>
    <trkpt lat="67.7693978" lon="24.9394321">
      <time>2025-03-20T12:52:52Z</time>
    </trkpt>
    <trkpt lat="67.7694944" lon="24.9395189">
      <time>2025-03-20T12:52:56Z</time>
    </trkpt>
    <trkpt lat="67.7695156" lon="24.9395525">
      <time>2025-03-20T12:52:57Z</time>
    </trkpt>
    <trkpt lat="67.7695447" lon="24.9396196">
      <time>2025-03-20T12:52:59Z</time>
    </trkpt>
    <trkpt lat="67.7696785" lon="24.9397377">
      <time>2025-03-20T12:53:05Z</time>
    </trkpt>
    <trkpt lat="67.7697850" lon="24.9398313">
      <time>2025-03-20T12:53:10Z</time>
    </trkpt>
    <trkpt lat="67.7699602" lon="24.9398979">
      <time>2025-03-20T12:53:16Z</time>
    </trkpt>
    <trkpt lat="67.7700933" lon="24.9398592">
      <time>2025-03-20T12:53:22Z</time>
    </trkpt>
    <trkpt lat="67.7701570" lon="24.9398289">
      <time>2025-03-20T12:53:25Z</time>
    </trkpt>
    <trkpt lat="67.7701802" lon="24.9398224">
      <time>2025-03-20T12:53:26Z</time>
    </trkpt>
    <trkpt lat="67.7702833" lon="24.9397464">
      <time>2025-03-20T12:53:31Z</time>
    </trkpt>
    <trkpt lat="67.7704002" lon="24.9396682">
      <time>2025-03-20T12:53:37Z</time>
    </trkpt>
    <trkpt lat="67.7704194" lon="24.9396525">
      <time>2025-03-20T12:53:38Z</time>
    </trkpt>
    <trkpt lat="67.7706429" lon="24.9395536">
      <time>2025-03-20T12:53:48Z</time>
    </trkpt>
    <trkpt lat="67.7707498" lon="24.9394948">
      <time>2025-03-20T12:53:53Z</time>
    </trkpt>
    <trkpt lat="67.7708068" lon="24.9394753">
      <time>2025-03-20T12:53:56Z</time>
    </trkpt>
    <trkpt lat="67.7709605" lon="24.9394480">
      <time>2025-03-20T12:54:03Z</time>
    </trkpt>
    <trkpt lat="67.7709884" lon="24.9394435">
      <time>2025-03-20T12:54:04Z</time>
    </trkpt>
    <trkpt lat="67.7711571" lon="24.9393994">
      <time>2025-03-20T12:54:11Z</time>
    </trkpt>
    <trkpt lat="67.7712728" lon="24.9393814">
      <time>2025-03-20T12:54:16Z</time>
    </trkpt>
    <trkpt lat="67.7712967" lon="24.9393725">
      <time>2025-03-20T12:54:17Z</time>
    </trkpt>
    <trkpt lat="67.7714273" lon="24.9393254">
      <time>2025-03-20T12:54:23Z</time>
    </trkpt>
    <trkpt lat="67.7715879" lon="24.9392010">
      <time>2025-03-20T12:54:31Z</time>
    </trkpt>
    <trkpt lat="67.7717478" lon="24.9390496">
      <time>2025-03-20T12:54:39Z</time>
    </trkpt>
    <trkpt lat="67.7719177" lon="24.9389405">
      <time>2025-03-20T12:54:47Z</time>
    </trkpt>
    <trkpt lat="67.7720863" lon="24.9389564">
      <time>2025-03-20T12:54:55Z</time>
    </trkpt>
    <trkpt lat="67.7723174" lon="24.9389245">
      <time>2025-03-20T12:55:05Z</time>
    </trkpt>
    <trkpt lat="67.7724550" lon="24.9389710">
      <time>2025-03-20T12:55:11Z</time>
    </trkpt>
    <trkpt lat="67.7726408" lon="24.9391120">
      <time>2025-03-20T12:55:18Z</time>
    </trkpt>
    <trkpt lat="67.7727528" lon="24.9391706">
      <time>2025-03-20T12:55:21Z</time>
    </trkpt>
    <trkpt lat="67.7727894" lon="24.9391781">
      <time>2025-03-20T12:55:22Z</time>
    </trkpt>
    <trkpt lat="67.7728676" lon="24.9391592">
      <time>2025-03-20T12:55:24Z</time>
    </trkpt>
    <trkpt lat="67.7730805" lon="24.9391471">
      <time>2025-03-20T12:55:30Z</time>
    </trkpt>
    <trkpt lat="67.7732320" lon="24.9391439">
      <time>2025-03-20T12:55:36Z</time>
    </trkpt>
    <trkpt lat="67.7733391" lon="24.9391290">
      <time>2025-03-20T12:55:41Z</time>
    </trkpt>
    <trkpt lat="67.7733779" lon="24.9391184">
      <time>2025-03-20T12:55:43Z</time>
    </trkpt>
    <trkpt lat="67.7734762" lon="24.9391472">
      <time>2025-03-20T12:55:49Z</time>
    </trkpt>
    <trkpt lat="67.7735451" lon="24.9391762">
      <time>2025-03-20T12:55:55Z</time>
    </trkpt>
    <trkpt lat="67.7735471" lon="24.9391791">
      <time>2025-03-20T12:55:57Z</time>
    </trkpt>
    <trkpt lat="67.7736002" lon="24.9392071">
      <time>2025-03-20T12:56:32Z</time>
    </trkpt>
    <trkpt lat="67.7736281" lon="24.9392286">
      <time>2025-03-20T12:56:33Z</time>
    </trkpt>
    <trkpt lat="67.7736888" lon="24.9392795">
      <time>2025-03-20T12:56:35Z</time>
    </trkpt>
    <trkpt lat="67.7738240" lon="24.9393776">
      <time>2025-03-20T12:56:39Z</time>
    </trkpt>
    <trkpt lat="67.7739320" lon="24.9394668">
      <time>2025-03-20T12:56:43Z</time>
    </trkpt>
    <trkpt lat="67.7739621" lon="24.9394931">
      <time>2025-03-20T12:56:44Z</time>
    </trkpt>
    <trkpt lat="67.7742173" lon="24.9397255">
      <time>2025-03-20T12:56:53Z</time>
    </trkpt>
    <trkpt lat="67.7743636" lon="24.9398320">
      <time>2025-03-20T12:56:58Z</time>
    </trkpt>
    <trkpt lat="67.7743956" lon="24.9398449">
      <time>2025-03-20T12:56:59Z</time>
    </trkpt>
    <trkpt lat="67.7745857" lon="24.9399101">
      <time>2025-03-20T12:57:05Z</time>
    </trkpt>
    <trkpt lat="67.7746773" lon="24.9399273">
      <time>2025-03-20T12:57:08Z</time>
    </trkpt>
    <trkpt lat="67.7748726" lon="24.9399462">
      <time>2025-03-20T12:57:14Z</time>
    </trkpt>
    <trkpt lat="67.7748726" lon="24.9399462">
      <time>2025-03-20T12:57:15Z</time>
    </trkpt>
    <trkpt lat="67.7750522" lon="24.9399822">
      <time>2025-03-20T12:57:21Z</time>
    </trkpt>
    <trkpt lat="67.7751475" lon="24.9399697">
      <time>2025-03-20T12:57:25Z</time>
    </trkpt>
    <trkpt lat="67.7751689" lon="24.9399640">
      <time>2025-03-20T12:57:26Z</time>
    </trkpt>
    <trkpt lat="67.7752397" lon="24.9399625">
      <time>2025-03-20T12:57:29Z</time>
    </trkpt>
    <trkpt lat="67.7752640" lon="24.9399760">
      <time>2025-03-20T12:57:30Z</time>
    </trkpt>
    <trkpt lat="67.7752893" lon="24.9399900">
      <time>2025-03-20T12:57:31Z</time>
    </trkpt>
    <trkpt lat="67.7754029" lon="24.9401416">
      <time>2025-03-20T12:57:35Z</time>
    </trkpt>
    <trkpt lat="67.7755733" lon="24.9405302">
      <time>2025-03-20T12:57:40Z</time>
    </trkpt>
    <trkpt lat="67.7757894" lon="24.9407908">
      <time>2025-03-20T12:57:45Z</time>
    </trkpt>
    <trkpt lat="67.7760800" lon="24.9410958">
      <time>2025-03-20T12:57:51Z</time>
    </trkpt>
    <trkpt lat="67.7763663" lon="24.9413173">
      <time>2025-03-20T12:57:55Z</time>
    </trkpt>
    <trkpt lat="67.7764858" lon="24.9413757">
      <time>2025-03-20T12:57:58Z</time>
    </trkpt>
    <trkpt lat="67.7765954" lon="24.9413974">
      <time>2025-03-20T12:58:03Z</time>
    </trkpt>
    <trkpt lat="67.7767490" lon="24.9415062">
      <time>2025-03-20T12:58:09Z</time>
    </trkpt>
    <trkpt lat="67.7768530" lon="24.9415322">
      <time>2025-03-20T12:58:14Z</time>
    </trkpt>
    <trkpt lat="67.7768850" lon="24.9415216">
      <time>2025-03-20T12:58:16Z</time>
    </trkpt>
    <trkpt lat="67.7769144" lon="24.9415066">
      <time>2025-03-20T12:58:21Z</time>
    </trkpt>
    <trkpt lat="67.7769823" lon="24.9414793">
      <time>2025-03-20T12:58:29Z</time>
    </trkpt>
    <trkpt lat="67.7770564" lon="24.9415081">
      <time>2025-03-20T12:58:32Z</time>
    </trkpt>
    <trkpt lat="67.7770858" lon="24.9415424">
      <time>2025-03-20T12:58:33Z</time>
    </trkpt>
    <trkpt lat="67.7771186" lon="24.9415856">
      <time>2025-03-20T12:58:34Z</time>
    </trkpt>
    <trkpt lat="67.7774070" lon="24.9419027">
      <time>2025-03-20T12:58:40Z</time>
    </trkpt>
    <trkpt lat="67.7776852" lon="24.9420361">
      <time>2025-03-20T12:58:45Z</time>
    </trkpt>
    <trkpt lat="67.7777331" lon="24.9420334">
      <time>2025-03-20T12:58:46Z</time>
    </trkpt>
    <trkpt lat="67.7778608" lon="24.9420211">
      <time>2025-03-20T12:58:49Z</time>
    </trkpt>
    <trkpt lat="67.7778972" lon="24.9420236">
      <time>2025-03-20T12:58:50Z</time>
    </trkpt>
    <trkpt lat="67.7780633" lon="24.9420049">
      <time>2025-03-20T12:58:55Z</time>
    </trkpt>
    <trkpt lat="67.7782342" lon="24.9420294">
      <time>2025-03-20T12:59:01Z</time>
    </trkpt>
    <trkpt lat="67.7782562" lon="24.9420326">
      <time>2025-03-20T12:59:02Z</time>
    </trkpt>
    <trkpt lat="67.7783604" lon="24.9420656">
      <time>2025-03-20T12:59:09Z</time>
    </trkpt>
    <trkpt lat="67.7783633" lon="24.9420708">
      <time>2025-03-20T12:59:11Z</time>
    </trkpt>
    <trkpt lat="67.7783922" lon="24.9420069">
      <time>2025-03-20T13:02:33Z</time>
    </trkpt>
    <trkpt lat="67.7783941" lon="24.9419521">
      <time>2025-03-20T13:02:34Z</time>
    </trkpt>
    <trkpt lat="67.7784291" lon="24.9414833">
      <time>2025-03-20T13:02:42Z</time>
    </trkpt>
    <trkpt lat="67.7784383" lon="24.9414187">
      <time>2025-03-20T13:02:43Z</time>
    </trkpt>
    <trkpt lat="67.7784637" lon="24.9411591">
      <time>2025-03-20T13:02:48Z</time>
    </trkpt>
    <trkpt lat="67.7784707" lon="24.9411075">
      <time>2025-03-20T13:02:49Z</time>
    </trkpt>
    <trkpt lat="67.7785079" lon="24.9409050">
      <time>2025-03-20T13:02:54Z</time>
    </trkpt>
    <trkpt lat="67.7785488" lon="24.9408269">
      <time>2025-03-20T13:02:57Z</time>
    </trkpt>
    <trkpt lat="67.7785838" lon="24.9407841">
      <time>2025-03-20T13:02:59Z</time>
    </trkpt>
    <trkpt lat="67.7786647" lon="24.9407307">
      <time>2025-03-20T13:03:04Z</time>
    </trkpt>
    <trkpt lat="67.7788081" lon="24.9406655">
      <time>2025-03-20T13:03:12Z</time>
    </trkpt>
    <trkpt lat="67.7789695" lon="24.9406245">
      <time>2025-03-20T13:03:19Z</time>
    </trkpt>
    <trkpt lat="67.7790108" lon="24.9406089">
      <time>2025-03-20T13:03:21Z</time>
    </trkpt>
    <trkpt lat="67.7790290" lon="24.9406003">
      <time>2025-03-20T13:03:22Z</time>
    </trkpt>
    <trkpt lat="67.7791097" lon="24.9405843">
      <time>2025-03-20T13:03:26Z</time>
    </trkpt>
    <trkpt lat="67.7792532" lon="24.9405069">
      <time>2025-03-20T13:03:33Z</time>
    </trkpt>
    <trkpt lat="67.7793148" lon="24.9404326">
      <time>2025-03-20T13:03:37Z</time>
    </trkpt>
    <trkpt lat="67.7793377" lon="24.9403748">
      <time>2025-03-20T13:03:39Z</time>
    </trkpt>
    <trkpt lat="67.7793450" lon="24.9403438">
      <time>2025-03-20T13:03:40Z</time>
    </trkpt>
    <trkpt lat="67.7793682" lon="24.9402205">
      <time>2025-03-20T13:03:43Z</time>
    </trkpt>
    <trkpt lat="67.7794129" lon="24.9399594">
      <time>2025-03-20T13:03:49Z</time>
    </trkpt>
    <trkpt lat="67.7794250" lon="24.9399037">
      <time>2025-03-20T13:03:51Z</time>
    </trkpt>
    <trkpt lat="67.7794385" lon="24.9398471">
      <time>2025-03-20T13:03:53Z</time>
    </trkpt>
    <trkpt lat="67.7794645" lon="24.9397502">
      <time>2025-03-20T13:03:56Z</time>
    </trkpt>
    <trkpt lat="67.7794749" lon="24.9397177">
      <time>2025-03-20T13:03:57Z</time>
    </trkpt>
    <trkpt lat="67.7795342" lon="24.9395583">
      <time>2025-03-20T13:04:03Z</time>
    </trkpt>
    <trkpt lat="67.7795451" lon="24.9395396">
      <time>2025-03-20T13:04:04Z</time>
    </trkpt>
    <trkpt lat="67.7796284" lon="24.9394488">
      <time>2025-03-20T13:04:10Z</time>
    </trkpt>
    <trkpt lat="67.7797227" lon="24.9392725">
      <time>2025-03-20T13:04:17Z</time>
    </trkpt>
    <trkpt lat="67.7797282" lon="24.9392388">
      <time>2025-03-20T13:04:18Z</time>
    </trkpt>
    <trkpt lat="67.7797433" lon="24.9391630">
      <time>2025-03-20T13:04:21Z</time>
    </trkpt>
    <trkpt lat="67.7797549" lon="24.9390082">
      <time>2025-03-20T13:04:27Z</time>
    </trkpt>
    <trkpt lat="67.7797541" lon="24.9389757">
      <time>2025-03-20T13:04:28Z</time>
    </trkpt>
    <trkpt lat="67.7797582" lon="24.9387941">
      <time>2025-03-20T13:04:34Z</time>
    </trkpt>
    <trkpt lat="67.7797620" lon="24.9387073">
      <time>2025-03-20T13:04:38Z</time>
    </trkpt>
    <trkpt lat="67.7797656" lon="24.9386524">
      <time>2025-03-20T13:04:40Z</time>
    </trkpt>
    <trkpt lat="67.7797658" lon="24.9386308">
      <time>2025-03-20T13:04:41Z</time>
    </trkpt>
    <trkpt lat="67.7797681" lon="24.9385998">
      <time>2025-03-20T13:04:42Z</time>
    </trkpt>
    <trkpt lat="67.7797640" lon="24.9384219">
      <time>2025-03-20T13:04:48Z</time>
    </trkpt>
    <trkpt lat="67.7797649" lon="24.9383932">
      <time>2025-03-20T13:04:49Z</time>
    </trkpt>
    <trkpt lat="67.7797663" lon="24.9383182">
      <time>2025-03-20T13:04:51Z</time>
    </trkpt>
    <trkpt lat="67.7797846" lon="24.9382096">
      <time>2025-03-20T13:04:54Z</time>
    </trkpt>
    <trkpt lat="67.7797906" lon="24.9381694">
      <time>2025-03-20T13:04:55Z</time>
    </trkpt>
    <trkpt lat="67.7798184" lon="24.9379660">
      <time>2025-03-20T13:05:00Z</time>
    </trkpt>
    <trkpt lat="67.7798238" lon="24.9379329">
      <time>2025-03-20T13:05:01Z</time>
    </trkpt>
    <trkpt lat="67.7798298" lon="24.9378591">
      <time>2025-03-20T13:05:03Z</time>
    </trkpt>
    <trkpt lat="67.7798350" lon="24.9377954">
      <time>2025-03-20T13:05:05Z</time>
    </trkpt>
    <trkpt lat="67.7798371" lon="24.9377672">
      <time>2025-03-20T13:05:06Z</time>
    </trkpt>
    <trkpt lat="67.7798577" lon="24.9376241">
      <time>2025-03-20T13:05:12Z</time>
    </trkpt>
    <trkpt lat="67.7798779" lon="24.9374926">
      <time>2025-03-20T13:05:17Z</time>
    </trkpt>
    <trkpt lat="67.7798904" lon="24.9374016">
      <time>2025-03-20T13:05:20Z</time>
    </trkpt>
    <trkpt lat="67.7799079" lon="24.9373232">
      <time>2025-03-20T13:05:26Z</time>
    </trkpt>
    <trkpt lat="67.7799075" lon="24.9373245">
      <time>2025-03-20T13:05:27Z</time>
    </trkpt>
    <trkpt lat="67.7799154" lon="24.9371979">
      <time>2025-03-20T13:06:24Z</time>
    </trkpt>
    <trkpt lat="67.7799147" lon="24.9370503">
      <time>2025-03-20T13:06:27Z</time>
    </trkpt>
    <trkpt lat="67.7799032" lon="24.9369190">
      <time>2025-03-20T13:06:30Z</time>
    </trkpt>
    <trkpt lat="67.7798855" lon="24.9368520">
      <time>2025-03-20T13:06:32Z</time>
    </trkpt>
    <trkpt lat="67.7798436" lon="24.9367402">
      <time>2025-03-20T13:06:36Z</time>
    </trkpt>
    <trkpt lat="67.7797988" lon="24.9366648">
      <time>2025-03-20T13:06:39Z</time>
    </trkpt>
    <trkpt lat="67.7797220" lon="24.9364934">
      <time>2025-03-20T13:06:45Z</time>
    </trkpt>
    <trkpt lat="67.7796571" lon="24.9362290">
      <time>2025-03-20T13:06:52Z</time>
    </trkpt>
    <trkpt lat="67.7796556" lon="24.9359628">
      <time>2025-03-20T13:06:59Z</time>
    </trkpt>
    <trkpt lat="67.7796857" lon="24.9357479">
      <time>2025-03-20T13:07:06Z</time>
    </trkpt>
    <trkpt lat="67.7796927" lon="24.9357249">
      <time>2025-03-20T13:07:07Z</time>
    </trkpt>
    <trkpt lat="67.7797060" lon="24.9356495">
      <time>2025-03-20T13:07:10Z</time>
    </trkpt>
    <trkpt lat="67.7797060" lon="24.9355863">
      <time>2025-03-20T13:07:12Z</time>
    </trkpt>
    <trkpt lat="67.7797115" lon="24.9355663">
      <time>2025-03-20T13:07:13Z</time>
    </trkpt>
    <trkpt lat="67.7797137" lon="24.9355454">
      <time>2025-03-20T13:07:14Z</time>
    </trkpt>
    <trkpt lat="67.7797328" lon="24.9354890">
      <time>2025-03-20T13:07:17Z</time>
    </trkpt>
    <trkpt lat="67.7797391" lon="24.9354747">
      <time>2025-03-20T13:07:18Z</time>
    </trkpt>
    <trkpt lat="67.7797630" lon="24.9353491">
      <time>2025-03-20T13:07:25Z</time>
    </trkpt>
    <trkpt lat="67.7797795" lon="24.9352653">
      <time>2025-03-20T13:07:29Z</time>
    </trkpt>
    <trkpt lat="67.7797845" lon="24.9352480">
      <time>2025-03-20T13:07:32Z</time>
    </trkpt>
    <trkpt lat="67.7798717" lon="24.9348217">
      <time>2025-03-20T13:08:04Z</time>
    </trkpt>
    <trkpt lat="67.7798763" lon="24.9348180">
      <time>2025-03-20T13:08:05Z</time>
    </trkpt>
    <trkpt lat="67.7798794" lon="24.9348176">
      <time>2025-03-20T13:08:07Z</time>
    </trkpt>
    <trkpt lat="67.7800082" lon="24.9348416">
      <time>2025-03-20T13:11:06Z</time>
    </trkpt>
    <trkpt lat="67.7800313" lon="24.9349147">
      <time>2025-03-20T13:11:07Z</time>
    </trkpt>
    <trkpt lat="67.7801740" lon="24.9353316">
      <time>2025-03-20T13:11:12Z</time>
    </trkpt>
    <trkpt lat="67.7802462" lon="24.9354746">
      <time>2025-03-20T13:11:14Z</time>
    </trkpt>
    <trkpt lat="67.7803885" lon="24.9356309">
      <time>2025-03-20T13:11:18Z</time>
    </trkpt>
    <trkpt lat="67.7804553" lon="24.9356581">
      <time>2025-03-20T13:11:20Z</time>
    </trkpt>
    <trkpt lat="67.7805843" lon="24.9357344">
      <time>2025-03-20T13:11:24Z</time>
    </trkpt>
    <trkpt lat="67.7807697" lon="24.9358220">
      <time>2025-03-20T13:11:31Z</time>
    </trkpt>
    <trkpt lat="67.7809816" lon="24.9359312">
      <time>2025-03-20T13:11:39Z</time>
    </trkpt>
    <trkpt lat="67.7810331" lon="24.9360365">
      <time>2025-03-20T13:11:41Z</time>
    </trkpt>
    <trkpt lat="67.7811123" lon="24.9362462">
      <time>2025-03-20T13:11:44Z</time>
    </trkpt>
    <trkpt lat="67.7811412" lon="24.9363162">
      <time>2025-03-20T13:11:45Z</time>
    </trkpt>
    <trkpt lat="67.7811721" lon="24.9363889">
      <time>2025-03-20T13:11:46Z</time>
    </trkpt>
    <trkpt lat="67.7813687" lon="24.9368270">
      <time>2025-03-20T13:11:52Z</time>
    </trkpt>
    <trkpt lat="67.7814147" lon="24.9368742">
      <time>2025-03-20T13:11:53Z</time>
    </trkpt>
    <trkpt lat="67.7814621" lon="24.9369067">
      <time>2025-03-20T13:11:54Z</time>
    </trkpt>
    <trkpt lat="67.7816294" lon="24.9369745">
      <time>2025-03-20T13:11:58Z</time>
    </trkpt>
    <trkpt lat="67.7817957" lon="24.9370079">
      <time>2025-03-20T13:12:03Z</time>
    </trkpt>
    <trkpt lat="67.7819536" lon="24.9369406">
      <time>2025-03-20T13:12:09Z</time>
    </trkpt>
    <trkpt lat="67.7820634" lon="24.9368508">
      <time>2025-03-20T13:12:14Z</time>
    </trkpt>
    <trkpt lat="67.7821095" lon="24.9368598">
      <time>2025-03-20T13:12:16Z</time>
    </trkpt>
    <trkpt lat="67.7821548" lon="24.9368998">
      <time>2025-03-20T13:12:18Z</time>
    </trkpt>
    <trkpt lat="67.7822971" lon="24.9370991">
      <time>2025-03-20T13:12:23Z</time>
    </trkpt>
    <trkpt lat="67.7823402" lon="24.9371495">
      <time>2025-03-20T13:12:24Z</time>
    </trkpt>
    <trkpt lat="67.7824641" lon="24.9372611">
      <time>2025-03-20T13:12:27Z</time>
    </trkpt>
    <trkpt lat="67.7825562" lon="24.9372340">
      <time>2025-03-20T13:12:31Z</time>
    </trkpt>
    <trkpt lat="67.7826395" lon="24.9371393">
      <time>2025-03-20T13:12:36Z</time>
    </trkpt>
    <trkpt lat="67.7827345" lon="24.9370912">
      <time>2025-03-20T13:12:41Z</time>
    </trkpt>
    <trkpt lat="67.7827730" lon="24.9370981">
      <time>2025-03-20T13:12:43Z</time>
    </trkpt>
    <trkpt lat="67.7828619" lon="24.9370979">
      <time>2025-03-20T13:12:47Z</time>
    </trkpt>
    <trkpt lat="67.7829780" lon="24.9371059">
      <time>2025-03-20T13:12:52Z</time>
    </trkpt>
    <trkpt lat="67.7831230" lon="24.9371492">
      <time>2025-03-20T13:12:58Z</time>
    </trkpt>
    <trkpt lat="67.7832696" lon="24.9372210">
      <time>2025-03-20T13:13:05Z</time>
    </trkpt>
    <trkpt lat="67.7833425" lon="24.9372378">
      <time>2025-03-20T13:13:08Z</time>
    </trkpt>
    <trkpt lat="67.7835246" lon="24.9372877">
      <time>2025-03-20T13:13:17Z</time>
    </trkpt>
    <trkpt lat="67.7836066" lon="24.9373802">
      <time>2025-03-20T13:13:22Z</time>
    </trkpt>
    <trkpt lat="67.7837529" lon="24.9377419">
      <time>2025-03-20T13:13:29Z</time>
    </trkpt>
    <trkpt lat="67.7839039" lon="24.9380366">
      <time>2025-03-20T13:13:34Z</time>
    </trkpt>
    <trkpt lat="67.7840953" lon="24.9382304">
      <time>2025-03-20T13:13:40Z</time>
    </trkpt>
    <trkpt lat="67.7841966" lon="24.9383707">
      <time>2025-03-20T13:13:43Z</time>
    </trkpt>
    <trkpt lat="67.7843484" lon="24.9384862">
      <time>2025-03-20T13:13:47Z</time>
    </trkpt>
    <trkpt lat="67.7844989" lon="24.9385711">
      <time>2025-03-20T13:13:52Z</time>
    </trkpt>
    <trkpt lat="67.7846561" lon="24.9388913">
      <time>2025-03-20T13:13:57Z</time>
    </trkpt>
    <trkpt lat="67.7848549" lon="24.9392534">
      <time>2025-03-20T13:14:01Z</time>
    </trkpt>
    <trkpt lat="67.7849704" lon="24.9393302">
      <time>2025-03-20T13:14:03Z</time>
    </trkpt>
    <trkpt lat="67.7850726" lon="24.9393502">
      <time>2025-03-20T13:14:05Z</time>
    </trkpt>
    <trkpt lat="67.7851162" lon="24.9393659">
      <time>2025-03-20T13:14:06Z</time>
    </trkpt>
    <trkpt lat="67.7852120" lon="24.9394423">
      <time>2025-03-20T13:14:09Z</time>
    </trkpt>
    <trkpt lat="67.7854517" lon="24.9397706">
      <time>2025-03-20T13:14:15Z</time>
    </trkpt>
    <trkpt lat="67.7856976" lon="24.9400829">
      <time>2025-03-20T13:14:20Z</time>
    </trkpt>
    <trkpt lat="67.7857906" lon="24.9401401">
      <time>2025-03-20T13:14:22Z</time>
    </trkpt>
    <trkpt lat="67.7860441" lon="24.9401247">
      <time>2025-03-20T13:14:28Z</time>
    </trkpt>
    <trkpt lat="67.7861291" lon="24.9400927">
      <time>2025-03-20T13:14:32Z</time>
    </trkpt>
    <trkpt lat="67.7862895" lon="24.9403433">
      <time>2025-03-20T13:14:37Z</time>
    </trkpt>
    <trkpt lat="67.7863942" lon="24.9405113">
      <time>2025-03-20T13:14:39Z</time>
    </trkpt>
    <trkpt lat="67.7864402" lon="24.9405335">
      <time>2025-03-20T13:14:40Z</time>
    </trkpt>
    <trkpt lat="67.7864722" lon="24.9405258">
      <time>2025-03-20T13:14:41Z</time>
    </trkpt>
    <trkpt lat="67.7865707" lon="24.9405002">
      <time>2025-03-20T13:14:44Z</time>
    </trkpt>
    <trkpt lat="67.7866967" lon="24.9404886">
      <time>2025-03-20T13:14:47Z</time>
    </trkpt>
    <trkpt lat="67.7867359" lon="24.9404919">
      <time>2025-03-20T13:14:48Z</time>
    </trkpt>
    <trkpt lat="67.7867737" lon="24.9404984">
      <time>2025-03-20T13:14:49Z</time>
    </trkpt>
    <trkpt lat="67.7868377" lon="24.9405126">
      <time>2025-03-20T13:14:51Z</time>
    </trkpt>
    <trkpt lat="67.7868670" lon="24.9405176">
      <time>2025-03-20T13:14:52Z</time>
    </trkpt>
    <trkpt lat="67.7870529" lon="24.9406084">
      <time>2025-03-20T13:14:57Z</time>
    </trkpt>
    <trkpt lat="67.7872103" lon="24.9405072">
      <time>2025-03-20T13:15:01Z</time>
    </trkpt>
    <trkpt lat="67.7873267" lon="24.9403502">
      <time>2025-03-20T13:15:06Z</time>
    </trkpt>
    <trkpt lat="67.7875217" lon="24.9402845">
      <time>2025-03-20T13:15:13Z</time>
    </trkpt>
    <trkpt lat="67.7876952" lon="24.9402537">
      <time>2025-03-20T13:15:18Z</time>
    </trkpt>
    <trkpt lat="67.7879351" lon="24.9403210">
      <time>2025-03-20T13:15:24Z</time>
    </trkpt>
    <trkpt lat="67.7881379" lon="24.9403746">
      <time>2025-03-20T13:15:28Z</time>
    </trkpt>
    <trkpt lat="67.7882329" lon="24.9403549">
      <time>2025-03-20T13:15:30Z</time>
    </trkpt>
    <trkpt lat="67.7882761" lon="24.9403312">
      <time>2025-03-20T13:15:31Z</time>
    </trkpt>
    <trkpt lat="67.7884053" lon="24.9402044">
      <time>2025-03-20T13:15:35Z</time>
    </trkpt>
    <trkpt lat="67.7886148" lon="24.9400850">
      <time>2025-03-20T13:15:42Z</time>
    </trkpt>
    <trkpt lat="67.7887234" lon="24.9400842">
      <time>2025-03-20T13:15:44Z</time>
    </trkpt>
    <trkpt lat="67.7887938" lon="24.9400724">
      <time>2025-03-20T13:15:45Z</time>
    </trkpt>
    <trkpt lat="67.7888639" lon="24.9400552">
      <time>2025-03-20T13:15:46Z</time>
    </trkpt>
    <trkpt lat="67.7891180" lon="24.9398613">
      <time>2025-03-20T13:15:50Z</time>
    </trkpt>
    <trkpt lat="67.7892088" lon="24.9396747">
      <time>2025-03-20T13:15:53Z</time>
    </trkpt>
    <trkpt lat="67.7892840" lon="24.9394261">
      <time>2025-03-20T13:15:58Z</time>
    </trkpt>
    <trkpt lat="67.7892959" lon="24.9393971">
      <time>2025-03-20T13:15:59Z</time>
    </trkpt>
    <trkpt lat="67.7893612" lon="24.9392087">
      <time>2025-03-20T13:16:05Z</time>
    </trkpt>
    <trkpt lat="67.7893758" lon="24.9391773">
      <time>2025-03-20T13:16:06Z</time>
    </trkpt>
    <trkpt lat="67.7894806" lon="24.9389704">
      <time>2025-03-20T13:16:13Z</time>
    </trkpt>
    <trkpt lat="67.7894930" lon="24.9389434">
      <time>2025-03-20T13:16:14Z</time>
    </trkpt>
    <trkpt lat="67.7895044" lon="24.9389268">
      <time>2025-03-20T13:16:15Z</time>
    </trkpt>
    <trkpt lat="67.7895601" lon="24.9388426">
      <time>2025-03-20T13:16:19Z</time>
    </trkpt>
    <trkpt lat="67.7896486" lon="24.9387018">
      <time>2025-03-20T13:16:24Z</time>
    </trkpt>
    <trkpt lat="67.7896969" lon="24.9385746">
      <time>2025-03-20T13:16:27Z</time>
    </trkpt>
    <trkpt lat="67.7897329" lon="24.9384834">
      <time>2025-03-20T13:16:30Z</time>
    </trkpt>
    <trkpt lat="67.7897442" lon="24.9384515">
      <time>2025-03-20T13:16:31Z</time>
    </trkpt>
    <trkpt lat="67.7897692" lon="24.9383993">
      <time>2025-03-20T13:16:33Z</time>
    </trkpt>
    <trkpt lat="67.7899203" lon="24.9382106">
      <time>2025-03-20T13:16:39Z</time>
    </trkpt>
    <trkpt lat="67.7901254" lon="24.9378127">
      <time>2025-03-20T13:16:44Z</time>
    </trkpt>
    <trkpt lat="67.7902142" lon="24.9375656">
      <time>2025-03-20T13:16:47Z</time>
    </trkpt>
    <trkpt lat="67.7902776" lon="24.9373443">
      <time>2025-03-20T13:16:50Z</time>
    </trkpt>
    <trkpt lat="67.7903288" lon="24.9371636">
      <time>2025-03-20T13:16:53Z</time>
    </trkpt>
    <trkpt lat="67.7903630" lon="24.9370146">
      <time>2025-03-20T13:16:55Z</time>
    </trkpt>
    <trkpt lat="67.7904192" lon="24.9365792">
      <time>2025-03-20T13:17:01Z</time>
    </trkpt>
    <trkpt lat="67.7904934" lon="24.9363017">
      <time>2025-03-20T13:17:06Z</time>
    </trkpt>
    <trkpt lat="67.7905779" lon="24.9360144">
      <time>2025-03-20T13:17:11Z</time>
    </trkpt>
    <trkpt lat="67.7906087" lon="24.9359021">
      <time>2025-03-20T13:17:13Z</time>
    </trkpt>
    <trkpt lat="67.7907393" lon="24.9354508">
      <time>2025-03-20T13:17:21Z</time>
    </trkpt>
    <trkpt lat="67.7908355" lon="24.9350071">
      <time>2025-03-20T13:17:28Z</time>
    </trkpt>
    <trkpt lat="67.7908898" lon="24.9344505">
      <time>2025-03-20T13:17:36Z</time>
    </trkpt>
    <trkpt lat="67.7909092" lon="24.9342264">
      <time>2025-03-20T13:17:41Z</time>
    </trkpt>
    <trkpt lat="67.7909138" lon="24.9341293">
      <time>2025-03-20T13:17:43Z</time>
    </trkpt>
    <trkpt lat="67.7909223" lon="24.9340476">
      <time>2025-03-20T13:17:45Z</time>
    </trkpt>
    <trkpt lat="67.7909271" lon="24.9340002">
      <time>2025-03-20T13:17:46Z</time>
    </trkpt>
    <trkpt lat="67.7909403" lon="24.9339147">
      <time>2025-03-20T13:17:48Z</time>
    </trkpt>
    <trkpt lat="67.7909499" lon="24.9338398">
      <time>2025-03-20T13:17:51Z</time>
    </trkpt>
    <trkpt lat="67.7909517" lon="24.9338321">
      <time>2025-03-20T13:17:53Z</time>
    </trkpt>
    <trkpt lat="67.7909758" lon="24.9337271">
      <time>2025-03-20T13:19:25Z</time>
    </trkpt>
    <trkpt lat="67.7909805" lon="24.9336859">
      <time>2025-03-20T13:19:26Z</time>
    </trkpt>
    <trkpt lat="67.7909953" lon="24.9335934">
      <time>2025-03-20T13:19:28Z</time>
    </trkpt>
    <trkpt lat="67.7910047" lon="24.9335521">
      <time>2025-03-20T13:19:29Z</time>
    </trkpt>
    <trkpt lat="67.7910426" lon="24.9332692">
      <time>2025-03-20T13:19:35Z</time>
    </trkpt>
    <trkpt lat="67.7910763" lon="24.9330315">
      <time>2025-03-20T13:19:41Z</time>
    </trkpt>
    <trkpt lat="67.7910876" lon="24.9329263">
      <time>2025-03-20T13:19:44Z</time>
    </trkpt>
    <trkpt lat="67.7910969" lon="24.9328085">
      <time>2025-03-20T13:19:47Z</time>
    </trkpt>
    <trkpt lat="67.7911130" lon="24.9326917">
      <time>2025-03-20T13:19:50Z</time>
    </trkpt>
    <trkpt lat="67.7911214" lon="24.9325670">
      <time>2025-03-20T13:19:53Z</time>
    </trkpt>
    <trkpt lat="67.7911350" lon="24.9323635">
      <time>2025-03-20T13:19:59Z</time>
    </trkpt>
    <trkpt lat="67.7911403" lon="24.9323045">
      <time>2025-03-20T13:20:01Z</time>
    </trkpt>
    <trkpt lat="67.7911679" lon="24.9321353">
      <time>2025-03-20T13:20:06Z</time>
    </trkpt>
    <trkpt lat="67.7911791" lon="24.9320420">
      <time>2025-03-20T13:20:09Z</time>
    </trkpt>
    <trkpt lat="67.7911914" lon="24.9319429">
      <time>2025-03-20T13:20:12Z</time>
    </trkpt>
    <trkpt lat="67.7912041" lon="24.9319122">
      <time>2025-03-20T13:20:16Z</time>
    </trkpt>
    <trkpt lat="67.7912254" lon="24.9318540">
      <time>2025-03-20T13:21:08Z</time>
    </trkpt>
    <trkpt lat="67.7912424" lon="24.9318005">
      <time>2025-03-20T13:21:09Z</time>
    </trkpt>
    <trkpt lat="67.7912827" lon="24.9316757">
      <time>2025-03-20T13:21:11Z</time>
    </trkpt>
    <trkpt lat="67.7913313" lon="24.9315408">
      <time>2025-03-20T13:21:13Z</time>
    </trkpt>
    <trkpt lat="67.7913602" lon="24.9314733">
      <time>2025-03-20T13:21:14Z</time>
    </trkpt>
    <trkpt lat="67.7915319" lon="24.9310887">
      <time>2025-03-20T13:21:20Z</time>
    </trkpt>
    <trkpt lat="67.7916213" lon="24.9307106">
      <time>2025-03-20T13:21:25Z</time>
    </trkpt>
    <trkpt lat="67.7917359" lon="24.9303334">
      <time>2025-03-20T13:21:31Z</time>
    </trkpt>
    <trkpt lat="67.7918060" lon="24.9299877">
      <time>2025-03-20T13:21:36Z</time>
    </trkpt>
    <trkpt lat="67.7918502" lon="24.9296167">
      <time>2025-03-20T13:21:42Z</time>
    </trkpt>
    <trkpt lat="67.7918742" lon="24.9291831">
      <time>2025-03-20T13:21:49Z</time>
    </trkpt>
    <trkpt lat="67.7918747" lon="24.9290872">
      <time>2025-03-20T13:21:51Z</time>
    </trkpt>
    <trkpt lat="67.7918815" lon="24.9288568">
      <time>2025-03-20T13:21:56Z</time>
    </trkpt>
    <trkpt lat="67.7919129" lon="24.9284829">
      <time>2025-03-20T13:22:03Z</time>
    </trkpt>
    <trkpt lat="67.7919541" lon="24.9280645">
      <time>2025-03-20T13:22:11Z</time>
    </trkpt>
    <trkpt lat="67.7919971" lon="24.9277193">
      <time>2025-03-20T13:22:17Z</time>
    </trkpt>
    <trkpt lat="67.7920043" lon="24.9276504">
      <time>2025-03-20T13:22:18Z</time>
    </trkpt>
    <trkpt lat="67.7920634" lon="24.9271697">
      <time>2025-03-20T13:22:25Z</time>
    </trkpt>
    <trkpt lat="67.7921167" lon="24.9266022">
      <time>2025-03-20T13:22:32Z</time>
    </trkpt>
    <trkpt lat="67.7921224" lon="24.9261535">
      <time>2025-03-20T13:22:38Z</time>
    </trkpt>
    <trkpt lat="67.7921399" lon="24.9257537">
      <time>2025-03-20T13:22:44Z</time>
    </trkpt>
    <trkpt lat="67.7922212" lon="24.9252202">
      <time>2025-03-20T13:22:51Z</time>
    </trkpt>
    <trkpt lat="67.7923279" lon="24.9246900">
      <time>2025-03-20T13:22:57Z</time>
    </trkpt>
    <trkpt lat="67.7923550" lon="24.9244693">
      <time>2025-03-20T13:23:00Z</time>
    </trkpt>
    <trkpt lat="67.7923639" lon="24.9243121">
      <time>2025-03-20T13:23:03Z</time>
    </trkpt>
    <trkpt lat="67.7923656" lon="24.9242633">
      <time>2025-03-20T13:23:04Z</time>
    </trkpt>
    <trkpt lat="67.7923679" lon="24.9242146">
      <time>2025-03-20T13:23:05Z</time>
    </trkpt>
    <trkpt lat="67.7924085" lon="24.9238191">
      <time>2025-03-20T13:23:11Z</time>
    </trkpt>
    <trkpt lat="67.7925034" lon="24.9235638">
      <time>2025-03-20T13:23:15Z</time>
    </trkpt>
    <trkpt lat="67.7927378" lon="24.9231609">
      <time>2025-03-20T13:23:21Z</time>
    </trkpt>
    <trkpt lat="67.7928804" lon="24.9227100">
      <time>2025-03-20T13:23:26Z</time>
    </trkpt>
    <trkpt lat="67.7929563" lon="24.9223688">
      <time>2025-03-20T13:23:31Z</time>
    </trkpt>
    <trkpt lat="67.7930368" lon="24.9219553">
      <time>2025-03-20T13:23:37Z</time>
    </trkpt>
    <trkpt lat="67.7931331" lon="24.9215532">
      <time>2025-03-20T13:23:41Z</time>
    </trkpt>
    <trkpt lat="67.7933357" lon="24.9209671">
      <time>2025-03-20T13:23:46Z</time>
    </trkpt>
    <trkpt lat="67.7934281" lon="24.9207505">
      <time>2025-03-20T13:23:48Z</time>
    </trkpt>
    <trkpt lat="67.7937193" lon="24.9201616">
      <time>2025-03-20T13:23:54Z</time>
    </trkpt>
    <trkpt lat="67.7937850" lon="24.9200019">
      <time>2025-03-20T13:23:57Z</time>
    </trkpt>
    <trkpt lat="67.7938994" lon="24.9197679">
      <time>2025-03-20T13:24:02Z</time>
    </trkpt>
    <trkpt lat="67.7940780" lon="24.9193456">
      <time>2025-03-20T13:24:10Z</time>
    </trkpt>
    <trkpt lat="67.7941828" lon="24.9190478">
      <time>2025-03-20T13:24:15Z</time>
    </trkpt>
    <trkpt lat="67.7942525" lon="24.9187580">
      <time>2025-03-20T13:24:19Z</time>
    </trkpt>
    <trkpt lat="67.7943081" lon="24.9184062">
      <time>2025-03-20T13:24:23Z</time>
    </trkpt>
    <trkpt lat="67.7943428" lon="24.9181020">
      <time>2025-03-20T13:24:26Z</time>
    </trkpt>
    <trkpt lat="67.7944066" lon="24.9175335">
      <time>2025-03-20T13:24:31Z</time>
    </trkpt>
    <trkpt lat="67.7944257" lon="24.9174346">
      <time>2025-03-20T13:24:32Z</time>
    </trkpt>
    <trkpt lat="67.7945143" lon="24.9170811">
      <time>2025-03-20T13:24:37Z</time>
    </trkpt>
    <trkpt lat="67.7946622" lon="24.9166251">
      <time>2025-03-20T13:24:43Z</time>
    </trkpt>
    <trkpt lat="67.7947645" lon="24.9163401">
      <time>2025-03-20T13:24:46Z</time>
    </trkpt>
    <trkpt lat="67.7949408" lon="24.9158001">
      <time>2025-03-20T13:24:52Z</time>
    </trkpt>
    <trkpt lat="67.7950844" lon="24.9154075">
      <time>2025-03-20T13:24:58Z</time>
    </trkpt>
    <trkpt lat="67.7952021" lon="24.9148916">
      <time>2025-03-20T13:25:04Z</time>
    </trkpt>
    <trkpt lat="67.7952794" lon="24.9142099">
      <time>2025-03-20T13:25:12Z</time>
    </trkpt>
    <trkpt lat="67.7953550" lon="24.9135595">
      <time>2025-03-20T13:25:20Z</time>
    </trkpt>
    <trkpt lat="67.7953813" lon="24.9133104">
      <time>2025-03-20T13:25:24Z</time>
    </trkpt>
    <trkpt lat="67.7954059" lon="24.9131567">
      <time>2025-03-20T13:25:27Z</time>
    </trkpt>
    <trkpt lat="67.7954840" lon="24.9128131">
      <time>2025-03-20T13:25:34Z</time>
    </trkpt>
    <trkpt lat="67.7955442" lon="24.9125733">
      <time>2025-03-20T13:25:40Z</time>
    </trkpt>
    <trkpt lat="67.7955840" lon="24.9124121">
      <time>2025-03-20T13:25:44Z</time>
    </trkpt>
    <trkpt lat="67.7956724" lon="24.9120700">
      <time>2025-03-20T13:25:52Z</time>
    </trkpt>
    <trkpt lat="67.7956966" lon="24.9119719">
      <time>2025-03-20T13:25:54Z</time>
    </trkpt>
    <trkpt lat="67.7957096" lon="24.9119223">
      <time>2025-03-20T13:25:55Z</time>
    </trkpt>
    <trkpt lat="67.7958191" lon="24.9115553">
      <time>2025-03-20T13:26:02Z</time>
    </trkpt>
    <trkpt lat="67.7958784" lon="24.9111832">
      <time>2025-03-20T13:26:08Z</time>
    </trkpt>
    <trkpt lat="67.7959082" lon="24.9107246">
      <time>2025-03-20T13:26:15Z</time>
    </trkpt>
    <trkpt lat="67.7959601" lon="24.9104093">
      <time>2025-03-20T13:26:20Z</time>
    </trkpt>
    <trkpt lat="67.7959705" lon="24.9103434">
      <time>2025-03-20T13:26:21Z</time>
    </trkpt>
    <trkpt lat="67.7959938" lon="24.9102237">
      <time>2025-03-20T13:26:23Z</time>
    </trkpt>
    <trkpt lat="67.7960057" lon="24.9101651">
      <time>2025-03-20T13:26:24Z</time>
    </trkpt>
    <trkpt lat="67.7960333" lon="24.9100438">
      <time>2025-03-20T13:26:26Z</time>
    </trkpt>
    <trkpt lat="67.7960479" lon="24.9099824">
      <time>2025-03-20T13:26:27Z</time>
    </trkpt>
    <trkpt lat="67.7960776" lon="24.9098738">
      <time>2025-03-20T13:26:29Z</time>
    </trkpt>
    <trkpt lat="67.7961101" lon="24.9097844">
      <time>2025-03-20T13:26:31Z</time>
    </trkpt>
    <trkpt lat="67.7961571" lon="24.9096623">
      <time>2025-03-20T13:26:35Z</time>
    </trkpt>
    <trkpt lat="67.7961617" lon="24.9096309">
      <time>2025-03-20T13:26:38Z</time>
    </trkpt>
    <trkpt lat="67.7961620" lon="24.9096273">
      <time>2025-03-20T13:26:39Z</time>
    </trkpt>
    <trkpt lat="67.7962633" lon="24.9092545">
      <time>2025-03-20T13:27:42Z</time>
    </trkpt>
    <trkpt lat="67.7963633" lon="24.9089739">
      <time>2025-03-20T13:27:48Z</time>
    </trkpt>
    <trkpt lat="67.7964025" lon="24.9088908">
      <time>2025-03-20T13:27:50Z</time>
    </trkpt>
    <trkpt lat="67.7965441" lon="24.9085359">
      <time>2025-03-20T13:27:57Z</time>
    </trkpt>
    <trkpt lat="67.7965681" lon="24.9084011">
      <time>2025-03-20T13:27:59Z</time>
    </trkpt>
    <trkpt lat="67.7965724" lon="24.9082178">
      <time>2025-03-20T13:28:02Z</time>
    </trkpt>
    <trkpt lat="67.7965573" lon="24.9079699">
      <time>2025-03-20T13:28:07Z</time>
    </trkpt>
    <trkpt lat="67.7965446" lon="24.9078438">
      <time>2025-03-20T13:28:09Z</time>
    </trkpt>
    <trkpt lat="67.7965386" lon="24.9077747">
      <time>2025-03-20T13:28:10Z</time>
    </trkpt>
    <trkpt lat="67.7965243" lon="24.9075506">
      <time>2025-03-20T13:28:13Z</time>
    </trkpt>
    <trkpt lat="67.7965243" lon="24.9073403">
      <time>2025-03-20T13:28:16Z</time>
    </trkpt>
    <trkpt lat="67.7965235" lon="24.9072717">
      <time>2025-03-20T13:28:17Z</time>
    </trkpt>
    <trkpt lat="67.7965260" lon="24.9072106">
      <time>2025-03-20T13:28:18Z</time>
    </trkpt>
    <trkpt lat="67.7965335" lon="24.9070282">
      <time>2025-03-20T13:28:21Z</time>
    </trkpt>
    <trkpt lat="67.7965448" lon="24.9068939">
      <time>2025-03-20T13:28:23Z</time>
    </trkpt>
    <trkpt lat="67.7965570" lon="24.9065290">
      <time>2025-03-20T13:28:29Z</time>
    </trkpt>
    <trkpt lat="67.7965418" lon="24.9061328">
      <time>2025-03-20T13:28:36Z</time>
    </trkpt>
    <trkpt lat="67.7965650" lon="24.9056633">
      <time>2025-03-20T13:28:44Z</time>
    </trkpt>
    <trkpt lat="67.7966091" lon="24.9054697">
      <time>2025-03-20T13:28:48Z</time>
    </trkpt>
    <trkpt lat="67.7966412" lon="24.9053224">
      <time>2025-03-20T13:28:51Z</time>
    </trkpt>
    <trkpt lat="67.7967204" lon="24.9048549">
      <time>2025-03-20T13:28:58Z</time>
    </trkpt>
    <trkpt lat="67.7967745" lon="24.9043921">
      <time>2025-03-20T13:29:05Z</time>
    </trkpt>
    <trkpt lat="67.7967824" lon="24.9043154">
      <time>2025-03-20T13:29:06Z</time>
    </trkpt>
    <trkpt lat="67.7968682" lon="24.9037970">
      <time>2025-03-20T13:29:14Z</time>
    </trkpt>
    <trkpt lat="67.7969539" lon="24.9033508">
      <time>2025-03-20T13:29:21Z</time>
    </trkpt>
    <trkpt lat="67.7970535" lon="24.9029232">
      <time>2025-03-20T13:29:28Z</time>
    </trkpt>
    <trkpt lat="67.7971669" lon="24.9026443">
      <time>2025-03-20T13:29:34Z</time>
    </trkpt>
    <trkpt lat="67.7973028" lon="24.9024503">
      <time>2025-03-20T13:29:40Z</time>
    </trkpt>
    <trkpt lat="67.7973844" lon="24.9023588">
      <time>2025-03-20T13:29:43Z</time>
    </trkpt>
    <trkpt lat="67.7975905" lon="24.9021198">
      <time>2025-03-20T13:29:51Z</time>
    </trkpt>
    <trkpt lat="67.7977661" lon="24.9021134">
      <time>2025-03-20T13:29:57Z</time>
    </trkpt>
    <trkpt lat="67.7979689" lon="24.9021814">
      <time>2025-03-20T13:30:03Z</time>
    </trkpt>
    <trkpt lat="67.7981186" lon="24.9021824">
      <time>2025-03-20T13:30:07Z</time>
    </trkpt>
    <trkpt lat="67.7982269" lon="24.9021605">
      <time>2025-03-20T13:30:10Z</time>
    </trkpt>
    <trkpt lat="67.7983994" lon="24.9019941">
      <time>2025-03-20T13:30:15Z</time>
    </trkpt>
    <trkpt lat="67.7984861" lon="24.9018869">
      <time>2025-03-20T13:30:18Z</time>
    </trkpt>
    <trkpt lat="67.7985377" lon="24.9018219">
      <time>2025-03-20T13:30:20Z</time>
    </trkpt>
    <trkpt lat="67.7986096" lon="24.9017264">
      <time>2025-03-20T13:30:23Z</time>
    </trkpt>
    <trkpt lat="67.7986837" lon="24.9016120">
      <time>2025-03-20T13:30:25Z</time>
    </trkpt>
    <trkpt lat="67.7986837" lon="24.9016120">
      <time>2025-03-20T13:30:26Z</time>
    </trkpt>
    <trkpt lat="67.7988121" lon="24.9014254">
      <time>2025-03-20T13:30:31Z</time>
    </trkpt>
    <trkpt lat="67.7989462" lon="24.9011291">
      <time>2025-03-20T13:30:38Z</time>
    </trkpt>
    <trkpt lat="67.7990351" lon="24.9009600">
      <time>2025-03-20T13:30:42Z</time>
    </trkpt>
    <trkpt lat="67.7991104" lon="24.9008409">
      <time>2025-03-20T13:30:45Z</time>
    </trkpt>
    <trkpt lat="67.7992746" lon="24.9006112">
      <time>2025-03-20T13:30:52Z</time>
    </trkpt>
    <trkpt lat="67.7994359" lon="24.9003741">
      <time>2025-03-20T13:30:59Z</time>
    </trkpt>
    <trkpt lat="67.7995980" lon="24.9000697">
      <time>2025-03-20T13:31:06Z</time>
    </trkpt>
    <trkpt lat="67.7997219" lon="24.8996696">
      <time>2025-03-20T13:31:13Z</time>
    </trkpt>
    <trkpt lat="67.7997609" lon="24.8993510">
      <time>2025-03-20T13:31:19Z</time>
    </trkpt>
    <trkpt lat="67.7997742" lon="24.8990118">
      <time>2025-03-20T13:31:24Z</time>
    </trkpt>
    <trkpt lat="67.7997750" lon="24.8988745">
      <time>2025-03-20T13:31:26Z</time>
    </trkpt>
    <trkpt lat="67.7998027" lon="24.8985800">
      <time>2025-03-20T13:31:31Z</time>
    </trkpt>
    <trkpt lat="67.7998098" lon="24.8985265">
      <time>2025-03-20T13:31:32Z</time>
    </trkpt>
    <trkpt lat="67.7998480" lon="24.8981234">
      <time>2025-03-20T13:31:39Z</time>
    </trkpt>
    <trkpt lat="67.7998703" lon="24.8979412">
      <time>2025-03-20T13:31:42Z</time>
    </trkpt>
    <trkpt lat="67.7998889" lon="24.8976209">
      <time>2025-03-20T13:31:47Z</time>
    </trkpt>
    <trkpt lat="67.7999069" lon="24.8971938">
      <time>2025-03-20T13:31:54Z</time>
    </trkpt>
    <trkpt lat="67.7999135" lon="24.8971386">
      <time>2025-03-20T13:31:55Z</time>
    </trkpt>
    <trkpt lat="67.7999608" lon="24.8968827">
      <time>2025-03-20T13:32:01Z</time>
    </trkpt>
    <trkpt lat="67.7999832" lon="24.8967565">
      <time>2025-03-20T13:32:04Z</time>
    </trkpt>
    <trkpt lat="67.8000134" lon="24.8965394">
      <time>2025-03-20T13:32:08Z</time>
    </trkpt>
    <trkpt lat="67.8000249" lon="24.8961088">
      <time>2025-03-20T13:32:12Z</time>
    </trkpt>
    <trkpt lat="67.8000649" lon="24.8958326">
      <time>2025-03-20T13:32:16Z</time>
    </trkpt>
    <trkpt lat="67.8000270" lon="24.8955406">
      <time>2025-03-20T13:32:21Z</time>
    </trkpt>
    <trkpt lat="67.8000115" lon="24.8954333">
      <time>2025-03-20T13:32:23Z</time>
    </trkpt>
    <trkpt lat="67.7999637" lon="24.8951633">
      <time>2025-03-20T13:32:29Z</time>
    </trkpt>
    <trkpt lat="67.7999540" lon="24.8951019">
      <time>2025-03-20T13:32:30Z</time>
    </trkpt>
    <trkpt lat="67.7999355" lon="24.8949184">
      <time>2025-03-20T13:32:33Z</time>
    </trkpt>
    <trkpt lat="67.7999267" lon="24.8948599">
      <time>2025-03-20T13:32:34Z</time>
    </trkpt>
    <trkpt lat="67.7999180" lon="24.8948024">
      <time>2025-03-20T13:32:35Z</time>
    </trkpt>
    <trkpt lat="67.7999030" lon="24.8946955">
      <time>2025-03-20T13:32:37Z</time>
    </trkpt>
    <trkpt lat="67.7998856" lon="24.8945766">
      <time>2025-03-20T13:32:39Z</time>
    </trkpt>
    <trkpt lat="67.7998640" lon="24.8944617">
      <time>2025-03-20T13:32:41Z</time>
    </trkpt>
    <trkpt lat="67.7998403" lon="24.8943471">
      <time>2025-03-20T13:32:43Z</time>
    </trkpt>
    <trkpt lat="67.7998296" lon="24.8942928">
      <time>2025-03-20T13:32:44Z</time>
    </trkpt>
    <trkpt lat="67.7997426" lon="24.8938708">
      <time>2025-03-20T13:32:52Z</time>
    </trkpt>
    <trkpt lat="67.7997008" lon="24.8935982">
      <time>2025-03-20T13:32:58Z</time>
    </trkpt>
    <trkpt lat="67.7996214" lon="24.8932576">
      <time>2025-03-20T13:33:05Z</time>
    </trkpt>
    <trkpt lat="67.7994882" lon="24.8929505">
      <time>2025-03-20T13:33:13Z</time>
    </trkpt>
    <trkpt lat="67.7993318" lon="24.8926998">
      <time>2025-03-20T13:33:21Z</time>
    </trkpt>
    <trkpt lat="67.7991448" lon="24.8925895">
      <time>2025-03-20T13:33:28Z</time>
    </trkpt>
    <trkpt lat="67.7990877" lon="24.8925886">
      <time>2025-03-20T13:33:30Z</time>
    </trkpt>
    <trkpt lat="67.7990061" lon="24.8925807">
      <time>2025-03-20T13:33:33Z</time>
    </trkpt>
    <trkpt lat="67.7989769" lon="24.8925755">
      <time>2025-03-20T13:33:34Z</time>
    </trkpt>
    <trkpt lat="67.7988304" lon="24.8925713">
      <time>2025-03-20T13:33:40Z</time>
    </trkpt>
    <trkpt lat="67.7986641" lon="24.8927309">
      <time>2025-03-20T13:33:47Z</time>
    </trkpt>
    <trkpt lat="67.7984501" lon="24.8928616">
      <time>2025-03-20T13:33:54Z</time>
    </trkpt>
    <trkpt lat="67.7983787" lon="24.8928425">
      <time>2025-03-20T13:33:56Z</time>
    </trkpt>
    <trkpt lat="67.7983158" lon="24.8927697">
      <time>2025-03-20T13:33:59Z</time>
    </trkpt>
    <trkpt lat="67.7981873" lon="24.8925088">
      <time>2025-03-20T13:34:05Z</time>
    </trkpt>
    <trkpt lat="67.7981074" lon="24.8921962">
      <time>2025-03-20T13:34:12Z</time>
    </trkpt>
    <trkpt lat="67.7981039" lon="24.8920429">
      <time>2025-03-20T13:34:15Z</time>
    </trkpt>
    <trkpt lat="67.7981288" lon="24.8918840">
      <time>2025-03-20T13:34:18Z</time>
    </trkpt>
    <trkpt lat="67.7982098" lon="24.8916584">
      <time>2025-03-20T13:34:24Z</time>
    </trkpt>
    <trkpt lat="67.7982817" lon="24.8914219">
      <time>2025-03-20T13:34:30Z</time>
    </trkpt>
    <trkpt lat="67.7982916" lon="24.8913789">
      <time>2025-03-20T13:34:31Z</time>
    </trkpt>
    <trkpt lat="67.7983381" lon="24.8909904">
      <time>2025-03-20T13:34:39Z</time>
    </trkpt>
    <trkpt lat="67.7983403" lon="24.8909424">
      <time>2025-03-20T13:34:40Z</time>
    </trkpt>
    <trkpt lat="67.7983398" lon="24.8906177">
      <time>2025-03-20T13:34:46Z</time>
    </trkpt>
    <trkpt lat="67.7983071" lon="24.8902317">
      <time>2025-03-20T13:34:53Z</time>
    </trkpt>
    <trkpt lat="67.7982863" lon="24.8900027">
      <time>2025-03-20T13:35:01Z</time>
    </trkpt>
    <trkpt lat="67.7982778" lon="24.8899313">
      <time>2025-03-20T13:35:06Z</time>
    </trkpt>
    <trkpt lat="67.7982572" lon="24.8898185">
      <time>2025-03-20T13:35:41Z</time>
    </trkpt>
    <trkpt lat="67.7982466" lon="24.8897595">
      <time>2025-03-20T13:35:42Z</time>
    </trkpt>
    <trkpt lat="67.7981830" lon="24.8894407">
      <time>2025-03-20T13:35:48Z</time>
    </trkpt>
    <trkpt lat="67.7981635" lon="24.8890197">
      <time>2025-03-20T13:35:56Z</time>
    </trkpt>
    <trkpt lat="67.7982279" lon="24.8885901">
      <time>2025-03-20T13:36:03Z</time>
    </trkpt>
    <trkpt lat="67.7983137" lon="24.8882324">
      <time>2025-03-20T13:36:09Z</time>
    </trkpt>
    <trkpt lat="67.7983913" lon="24.8878930">
      <time>2025-03-20T13:36:15Z</time>
    </trkpt>
    <trkpt lat="67.7984056" lon="24.8877836">
      <time>2025-03-20T13:36:17Z</time>
    </trkpt>
    <trkpt lat="67.7984518" lon="24.8874282">
      <time>2025-03-20T13:36:23Z</time>
    </trkpt>
    <trkpt lat="67.7985895" lon="24.8870923">
      <time>2025-03-20T13:36:30Z</time>
    </trkpt>
    <trkpt lat="67.7987570" lon="24.8866595">
      <time>2025-03-20T13:36:38Z</time>
    </trkpt>
    <trkpt lat="67.7988512" lon="24.8862254">
      <time>2025-03-20T13:36:44Z</time>
    </trkpt>
    <trkpt lat="67.7989195" lon="24.8858384">
      <time>2025-03-20T13:36:50Z</time>
    </trkpt>
    <trkpt lat="67.7989491" lon="24.8855958">
      <time>2025-03-20T13:36:55Z</time>
    </trkpt>
    <trkpt lat="67.7989502" lon="24.8855371">
      <time>2025-03-20T13:36:56Z</time>
    </trkpt>
    <trkpt lat="67.7989156" lon="24.8851512">
      <time>2025-03-20T13:37:02Z</time>
    </trkpt>
    <trkpt lat="67.7988955" lon="24.8850335">
      <time>2025-03-20T13:37:04Z</time>
    </trkpt>
    <trkpt lat="67.7988629" lon="24.8848384">
      <time>2025-03-20T13:37:07Z</time>
    </trkpt>
    <trkpt lat="67.7988322" lon="24.8846199">
      <time>2025-03-20T13:37:10Z</time>
    </trkpt>
    <trkpt lat="67.7987672" lon="24.8841107">
      <time>2025-03-20T13:37:17Z</time>
    </trkpt>
    <trkpt lat="67.7987632" lon="24.8840495">
      <time>2025-03-20T13:37:18Z</time>
    </trkpt>
    <trkpt lat="67.7987581" lon="24.8839832">
      <time>2025-03-20T13:37:19Z</time>
    </trkpt>
    <trkpt lat="67.7987351" lon="24.8836764">
      <time>2025-03-20T13:37:24Z</time>
    </trkpt>
    <trkpt lat="67.7987071" lon="24.8831853">
      <time>2025-03-20T13:37:31Z</time>
    </trkpt>
    <trkpt lat="67.7986964" lon="24.8826266">
      <time>2025-03-20T13:37:39Z</time>
    </trkpt>
    <trkpt lat="67.7987304" lon="24.8822506">
      <time>2025-03-20T13:37:45Z</time>
    </trkpt>
    <trkpt lat="67.7987761" lon="24.8818970">
      <time>2025-03-20T13:37:51Z</time>
    </trkpt>
    <trkpt lat="67.7988403" lon="24.8815203">
      <time>2025-03-20T13:37:57Z</time>
    </trkpt>
    <trkpt lat="67.7988609" lon="24.8814044">
      <time>2025-03-20T13:37:59Z</time>
    </trkpt>
    <trkpt lat="67.7989061" lon="24.8811091">
      <time>2025-03-20T13:38:04Z</time>
    </trkpt>
    <trkpt lat="67.7989189" lon="24.8809903">
      <time>2025-03-20T13:38:06Z</time>
    </trkpt>
    <trkpt lat="67.7989502" lon="24.8806913">
      <time>2025-03-20T13:38:11Z</time>
    </trkpt>
    <trkpt lat="67.7989549" lon="24.8806348">
      <time>2025-03-20T13:38:12Z</time>
    </trkpt>
    <trkpt lat="67.7989553" lon="24.8805745">
      <time>2025-03-20T13:38:13Z</time>
    </trkpt>
    <trkpt lat="67.7989577" lon="24.8804620">
      <time>2025-03-20T13:38:15Z</time>
    </trkpt>
    <trkpt lat="67.7989870" lon="24.8801319">
      <time>2025-03-20T13:38:21Z</time>
    </trkpt>
    <trkpt lat="67.7990062" lon="24.8800355">
      <time>2025-03-20T13:38:23Z</time>
    </trkpt>
    <trkpt lat="67.7990562" lon="24.8799246">
      <time>2025-03-20T13:38:26Z</time>
    </trkpt>
    <trkpt lat="67.7990742" lon="24.8798956">
      <time>2025-03-20T13:38:27Z</time>
    </trkpt>
    <trkpt lat="67.7991840" lon="24.8798450">
      <time>2025-03-20T13:38:32Z</time>
    </trkpt>
    <trkpt lat="67.7992836" lon="24.8798465">
      <time>2025-03-20T13:38:37Z</time>
    </trkpt>
    <trkpt lat="67.7993261" lon="24.8798370">
      <time>2025-03-20T13:38:39Z</time>
    </trkpt>
    <trkpt lat="67.7993830" lon="24.8797755">
      <time>2025-03-20T13:38:42Z</time>
    </trkpt>
    <trkpt lat="67.7994256" lon="24.8796470">
      <time>2025-03-20T13:38:45Z</time>
    </trkpt>
    <trkpt lat="67.7994908" lon="24.8792157">
      <time>2025-03-20T13:38:53Z</time>
    </trkpt>
    <trkpt lat="67.7995322" lon="24.8788891">
      <time>2025-03-20T13:38:58Z</time>
    </trkpt>
    <trkpt lat="67.7995430" lon="24.8788275">
      <time>2025-03-20T13:38:59Z</time>
    </trkpt>
    <trkpt lat="67.7995853" lon="24.8785533">
      <time>2025-03-20T13:39:03Z</time>
    </trkpt>
    <trkpt lat="67.7996003" lon="24.8783385">
      <time>2025-03-20T13:39:06Z</time>
    </trkpt>
    <trkpt lat="67.7996475" lon="24.8778222">
      <time>2025-03-20T13:39:14Z</time>
    </trkpt>
    <trkpt lat="67.7996552" lon="24.8777563">
      <time>2025-03-20T13:39:15Z</time>
    </trkpt>
    <trkpt lat="67.7996446" lon="24.8773967">
      <time>2025-03-20T13:39:20Z</time>
    </trkpt>
    <trkpt lat="67.7996276" lon="24.8771997">
      <time>2025-03-20T13:39:23Z</time>
    </trkpt>
    <trkpt lat="67.7995789" lon="24.8768516">
      <time>2025-03-20T13:39:28Z</time>
    </trkpt>
    <trkpt lat="67.7995758" lon="24.8764576">
      <time>2025-03-20T13:39:33Z</time>
    </trkpt>
    <trkpt lat="67.7995870" lon="24.8763167">
      <time>2025-03-20T13:39:35Z</time>
    </trkpt>
    <trkpt lat="67.7995935" lon="24.8761991">
      <time>2025-03-20T13:39:37Z</time>
    </trkpt>
    <trkpt lat="67.7995971" lon="24.8760027">
      <time>2025-03-20T13:39:40Z</time>
    </trkpt>
    <trkpt lat="67.7995344" lon="24.8755977">
      <time>2025-03-20T13:39:46Z</time>
    </trkpt>
    <trkpt lat="67.7994005" lon="24.8753551">
      <time>2025-03-20T13:39:52Z</time>
    </trkpt>
    <trkpt lat="67.7992362" lon="24.8750947">
      <time>2025-03-20T13:40:00Z</time>
    </trkpt>
    <trkpt lat="67.7992303" lon="24.8750790">
      <time>2025-03-20T13:40:03Z</time>
    </trkpt>
  </trkseg></trk>
</gpx>
